[0.000000] (-) TimerEvent: {}
[0.000115] (guardros_msgs) JobQueued: {'identifier': 'guardros_msgs', 'dependencies': OrderedDict()}
[0.000245] (rb23_keyboard_teleop) JobQueued: {'identifier': 'rb23_keyboard_teleop', 'dependencies': OrderedDict()}
[0.000302] (rb23_ros_driver) JobQueued: {'identifier': 'rb23_ros_driver', 'dependencies': OrderedDict()}
[0.000338] (rb23_video_viewer) JobQueued: {'identifier': 'rb23_video_viewer', 'dependencies': OrderedDict()}
[0.000529] (rb23_audio) JobQueued: {'identifier': 'rb23_audio', 'dependencies': OrderedDict([('guardros_msgs', '/home/denis/DENIS/RollerBot23/guardros_ws/install/guardros_msgs')])}
[0.000563] (rb23_experiment_logger) JobQueued: {'identifier': 'rb23_experiment_logger', 'dependencies': OrderedDict([('guardros_msgs', '/home/denis/DENIS/RollerBot23/guardros_ws/install/guardros_msgs')])}
[0.000588] (rb23_telemetry_viewer) JobQueued: {'identifier': 'rb23_telemetry_viewer', 'dependencies': OrderedDict([('guardros_msgs', '/home/denis/DENIS/RollerBot23/guardros_ws/install/guardros_msgs')])}
[0.000633] (guardros_msgs) JobStarted: {'identifier': 'guardros_msgs'}
[0.009310] (rb23_keyboard_teleop) JobStarted: {'identifier': 'rb23_keyboard_teleop'}
[0.016482] (rb23_ros_driver) JobStarted: {'identifier': 'rb23_ros_driver'}
[0.022521] (rb23_video_viewer) JobStarted: {'identifier': 'rb23_video_viewer'}
[0.030490] (guardros_msgs) JobProgress: {'identifier': 'guardros_msgs', 'progress': 'cmake'}
[0.031231] (guardros_msgs) JobProgress: {'identifier': 'guardros_msgs', 'progress': 'build'}
[0.031939] (guardros_msgs) Command: {'cmd': ['/usr/bin/cmake', '--build', '/home/denis/DENIS/RollerBot23/guardros_ws/build/guardros_msgs', '--', '-j8', '-l8'], 'cwd': '/home/denis/DENIS/RollerBot23/guardros_ws/build/guardros_msgs', 'env': OrderedDict([('PYTHON_BASIC_REPL', '1'), ('LESSOPEN', '| /usr/bin/lesspipe %s'), ('LANGUAGE', 'pt_BR:pt:en'), ('USER', 'denis'), ('FONTCONFIG_PATH', '/etc/fonts'), ('GIO_MODULE_DIR', '/home/denis/snap/code/common/.cache/gio-modules'), ('XDG_SESSION_TYPE', 'wayland'), ('GIT_ASKPASS', '/snap/code/230/usr/share/code/resources/app/extensions/git/dist/askpass.sh'), ('GTK_EXE_PREFIX_VSCODE_SNAP_ORIG', ''), ('IGNITION_VERSION', 'citadel'), ('GDK_BACKEND_VSCODE_SNAP_ORIG', ''), ('SHLVL', '2'), ('LD_LIBRARY_PATH', '/opt/ros/humble/opt/rviz_ogre_vendor/lib:/opt/ros/humble/lib/x86_64-linux-gnu:/opt/ros/humble/lib'), ('HOME', '/home/denis'), ('CHROME_DESKTOP', 'code.desktop'), ('LOCPATH_VSCODE_SNAP_ORIG', ''), ('OLDPWD', '/home/denis/DENIS/RollerBot23/guardros_ws/src'), ('TERM_PROGRAM_VERSION', '1.112.0'), ('DESKTOP_SESSION', 'ubuntu'), ('GTK_PATH', '/snap/code/230/usr/lib/x86_64-linux-gnu/gtk-3.0'), ('XDG_DATA_HOME_VSCODE_SNAP_ORIG', ''), ('GTK_IM_MODULE_FILE', '/home/denis/snap/code/common/.cache/immodules/immodules.cache'), ('ROS_PYTHON_VERSION', '3'), ('GNOME_SHELL_SESSION_MODE', 'ubuntu'), ('GTK_MODULES', 'gail:atk-bridge'), ('GSETTINGS_SCHEMA_DIR_VSCODE_SNAP_ORIG', ''), ('VSCODE_GIT_ASKPASS_MAIN', '/snap/code/230/usr/share/code/resources/app/extensions/git/dist/askpass-main.js'), ('VSCODE_GIT_ASKPASS_NODE', '/snap/code/230/usr/share/code/code'), ('PYDEVD_DISABLE_FILE_VALIDATION', '1'), ('SYSTEMD_EXEC_PID', '1959'), ('BUNDLED_DEBUGPY_PATH', '/home/denis/.vscode/extensions/ms-python.debugpy-2025.18.0-linux-x64/bundled/libs/debugpy'), ('VSCODE_PYTHON_AUTOACTIVATE_GUARD', '1'), ('DBUS_SESSION_BUS_ADDRESS', 'unix:path=/run/user/1000/bus'), ('COLORTERM', 'truecolor'), ('IM_CONFIG_PHASE', '1'), ('WAYLAND_DISPLAY', 'wayland-0'), ('ROS_DISTRO', 'humble'), ('LOGNAME', 'denis'), ('_', '/usr/bin/colcon'), ('ROS_VERSION', '2'), ('XDG_CONFIG_DIRS_VSCODE_SNAP_ORIG', '/etc/xdg/xdg-ubuntu:/etc/xdg'), ('XDG_SESSION_CLASS', 'user'), ('XDG_DATA_DIRS_VSCODE_SNAP_ORIG', '/usr/share/ubuntu:/usr/local/share/:/usr/share/:/var/lib/snapd/desktop'), ('USERNAME', 'denis'), ('TERM', 'xterm-256color'), ('GNOME_DESKTOP_SESSION_ID', 'this-is-deprecated'), ('FC_FONTATIONS', '1'), ('ROS_LOCALHOST_ONLY', '0'), ('PATH', '/opt/ros/humble/bin:/usr/local/sbin:/usr/local/bin:/usr/sbin:/usr/bin:/sbin:/bin:/usr/games:/usr/local/games:/snap/bin:/snap/bin:/home/denis/.vscode/extensions/ms-python.debugpy-2025.18.0-linux-x64/bundled/scripts/noConfigScripts'), ('SESSION_MANAGER', 'local/denis-Aspire-A515-54G:@/tmp/.ICE-unix/1731,unix/denis-Aspire-A515-54G:/tmp/.ICE-unix/1731'), ('GTK_EXE_PREFIX', '/snap/code/230/usr'), ('XDG_MENU_PREFIX', 'gnome-'), ('GNOME_TERMINAL_SCREEN', '/org/gnome/Terminal/screen/4a8434a4_f508_4cba_8540_e13adf077492'), ('GNOME_SETUP_DISPLAY', ':1'), ('XDG_RUNTIME_DIR', '/run/user/1000'), ('GDK_BACKEND', 'x11'), ('DISPLAY', ':0'), ('LOCPATH', '/snap/code/230/usr/lib/locale'), ('VSCODE_DEBUGPY_ADAPTER_ENDPOINTS', '/home/denis/.vscode/extensions/ms-python.debugpy-2025.18.0-linux-x64/.noConfigDebugAdapterEndpoints/endpoint-34710e7746cf2fe7.txt'), ('LANG', 'pt_BR.UTF-8'), ('XDG_CURRENT_DESKTOP', 'ubuntu:GNOME'), ('PYTHONSTARTUP', '/home/denis/.config/Code/User/workspaceStorage/df2967002095e09e96d32d7293e245d6/ms-python.python/pythonrc.py'), ('GIO_MODULE_DIR_VSCODE_SNAP_ORIG', ''), ('XDG_DATA_HOME', '/home/denis/snap/code/230/.local/share'), ('XMODIFIERS', '@im=ibus'), ('XDG_SESSION_DESKTOP', 'ubuntu'), ('XAUTHORITY', '/run/user/1000/.mutter-Xwaylandauth.RZ2LO3'), ('LS_COLORS', 'rs=0:di=01;34:ln=01;36:mh=00:pi=40;33:so=01;35:do=01;35:bd=40;33;01:cd=40;33;01:or=40;31;01:mi=00:su=37;41:sg=30;43:ca=30;41:tw=30;42:ow=34;42:st=37;44:ex=01;32:*.tar=01;31:*.tgz=01;31:*.arc=01;31:*.arj=01;31:*.taz=01;31:*.lha=01;31:*.lz4=01;31:*.lzh=01;31:*.lzma=01;31:*.tlz=01;31:*.txz=01;31:*.tzo=01;31:*.t7z=01;31:*.zip=01;31:*.z=01;31:*.dz=01;31:*.gz=01;31:*.lrz=01;31:*.lz=01;31:*.lzo=01;31:*.xz=01;31:*.zst=01;31:*.tzst=01;31:*.bz2=01;31:*.bz=01;31:*.tbz=01;31:*.tbz2=01;31:*.tz=01;31:*.deb=01;31:*.rpm=01;31:*.jar=01;31:*.war=01;31:*.ear=01;31:*.sar=01;31:*.rar=01;31:*.alz=01;31:*.ace=01;31:*.zoo=01;31:*.cpio=01;31:*.7z=01;31:*.rz=01;31:*.cab=01;31:*.wim=01;31:*.swm=01;31:*.dwm=01;31:*.esd=01;31:*.jpg=01;35:*.jpeg=01;35:*.mjpg=01;35:*.mjpeg=01;35:*.gif=01;35:*.bmp=01;35:*.pbm=01;35:*.pgm=01;35:*.ppm=01;35:*.tga=01;35:*.xbm=01;35:*.xpm=01;35:*.tif=01;35:*.tiff=01;35:*.png=01;35:*.svg=01;35:*.svgz=01;35:*.mng=01;35:*.pcx=01;35:*.mov=01;35:*.mpg=01;35:*.mpeg=01;35:*.m2v=01;35:*.mkv=01;35:*.webm=01;35:*.webp=01;35:*.ogm=01;35:*.mp4=01;35:*.m4v=01;35:*.mp4v=01;35:*.vob=01;35:*.qt=01;35:*.nuv=01;35:*.wmv=01;35:*.asf=01;35:*.rm=01;35:*.rmvb=01;35:*.flc=01;35:*.avi=01;35:*.fli=01;35:*.flv=01;35:*.gl=01;35:*.dl=01;35:*.xcf=01;35:*.xwd=01;35:*.yuv=01;35:*.cgm=01;35:*.emf=01;35:*.ogv=01;35:*.ogx=01;35:*.aac=00;36:*.au=00;36:*.flac=00;36:*.m4a=00;36:*.mid=00;36:*.midi=00;36:*.mka=00;36:*.mp3=00;36:*.mpc=00;36:*.ogg=00;36:*.ra=00;36:*.wav=00;36:*.oga=00;36:*.opus=00;36:*.spx=00;36:*.xspf=00;36:'), ('VSCODE_GIT_IPC_HANDLE', '/run/user/1000/vscode-git-13d6c4deeb.sock'), ('GNOME_TERMINAL_SERVICE', ':1.135'), ('TERM_PROGRAM', 'vscode'), ('SSH_AGENT_LAUNCHER', 'gnome-keyring'), ('SSH_AUTH_SOCK', '/run/user/1000/keyring/ssh'), ('GSETTINGS_SCHEMA_DIR', '/home/denis/snap/code/230/.local/share/glib-2.0/schemas'), ('AMENT_PREFIX_PATH', '/opt/ros/humble'), ('SHELL', '/bin/bash'), ('QT_ACCESSIBILITY', '1'), ('GDMSESSION', 'ubuntu'), ('LESSCLOSE', '/usr/bin/lesspipe %s %s'), ('GTK_PATH_VSCODE_SNAP_ORIG', ''), ('FONTCONFIG_FILE', '/etc/fonts/fonts.conf'), ('GTK_IM_MODULE_FILE_VSCODE_SNAP_ORIG', ''), ('VSCODE_GIT_ASKPASS_EXTRA_ARGS', ''), ('QT_IM_MODULE', 'ibus'), ('PWD', '/home/denis/DENIS/RollerBot23/guardros_ws/build/guardros_msgs'), ('XDG_CONFIG_DIRS', '/etc/xdg/xdg-ubuntu:/etc/xdg'), ('XDG_DATA_DIRS', '/home/denis/snap/code/230/.local/share:/home/denis/snap/code/230:/snap/code/230/usr/share:/usr/share/ubuntu:/usr/local/share/:/usr/share/:/var/lib/snapd/desktop'), ('PYTHONPATH', '/opt/ros/humble/lib/python3.10/site-packages:/opt/ros/humble/local/lib/python3.10/dist-packages'), ('COLCON', '1'), ('VTE_VERSION', '6800'), ('CMAKE_PREFIX_PATH', '/opt/ros/humble')]), 'shell': False}
[0.099298] (-) TimerEvent: {}
[0.199617] (-) TimerEvent: {}
[0.299940] (-) TimerEvent: {}
[0.400217] (-) TimerEvent: {}
[0.500481] (-) TimerEvent: {}
[0.600745] (-) TimerEvent: {}
[0.627925] (guardros_msgs) StdoutLine: {'line': b'[  1%] Built target guardros_msgs__cpp\n'}
[0.628459] (guardros_msgs) StdoutLine: {'line': b'[ 12%] Built target guardros_msgs__rosidl_generator_c\n'}
[0.628910] (guardros_msgs) StdoutLine: {'line': b'[ 12%] Built target ament_cmake_python_symlink_guardros_msgs\n'}
[0.629003] (guardros_msgs) StdoutLine: {'line': b'[ 26%] Built target guardros_msgs__rosidl_typesupport_introspection_c\n'}
[0.629077] (guardros_msgs) StdoutLine: {'line': b'[ 35%] Built target guardros_msgs__rosidl_typesupport_fastrtps_cpp\n'}
[0.629145] (guardros_msgs) StdoutLine: {'line': b'[ 58%] Built target guardros_msgs__rosidl_typesupport_cpp\n'}
[0.629212] (guardros_msgs) StdoutLine: {'line': b'[ 58%] Built target guardros_msgs__rosidl_typesupport_fastrtps_c\n'}
[0.629286] (guardros_msgs) StdoutLine: {'line': b'[ 70%] Built target guardros_msgs__rosidl_typesupport_introspection_cpp\n'}
[0.629659] (guardros_msgs) StdoutLine: {'line': b'[ 81%] Built target guardros_msgs__rosidl_typesupport_c\n'}
[0.629731] (guardros_msgs) StdoutLine: {'line': b'[ 81%] Built target guardros_msgs\n'}
[0.629798] (guardros_msgs) StdoutLine: {'line': b'[ 82%] Built target guardros_msgs__py\n'}
[0.629863] (guardros_msgs) StdoutLine: {'line': b'[ 93%] Built target guardros_msgs__rosidl_generator_py\n'}
[0.629929] (guardros_msgs) StdoutLine: {'line': b'[ 95%] Built target guardros_msgs__rosidl_typesupport_introspection_c__pyext\n'}
[0.629995] (guardros_msgs) StdoutLine: {'line': b'[ 97%] Built target guardros_msgs__rosidl_typesupport_c__pyext\n'}
[0.630063] (guardros_msgs) StdoutLine: {'line': b'[100%] Built target guardros_msgs__rosidl_typesupport_fastrtps_c__pyext\n'}
[0.630141] (guardros_msgs) StdoutLine: {'line': b'running egg_info\n'}
[0.630210] (guardros_msgs) StdoutLine: {'line': b'writing guardros_msgs.egg-info/PKG-INFO\n'}
[0.630274] (guardros_msgs) StdoutLine: {'line': b'writing dependency_links to guardros_msgs.egg-info/dependency_links.txt\n'}
[0.630428] (guardros_msgs) StdoutLine: {'line': b'writing top-level names to guardros_msgs.egg-info/top_level.txt\n'}
[0.630499] (guardros_msgs) StdoutLine: {'line': b"reading manifest file 'guardros_msgs.egg-info/SOURCES.txt'\n"}
[0.630563] (guardros_msgs) StdoutLine: {'line': b"writing manifest file 'guardros_msgs.egg-info/SOURCES.txt'\n"}
[0.630626] (guardros_msgs) StdoutLine: {'line': b'[100%] Built target ament_cmake_python_build_guardros_msgs_egg\n'}
[0.700871] (-) TimerEvent: {}
[0.801139] (-) TimerEvent: {}
[0.894612] (guardros_msgs) CommandEnded: {'returncode': 0}
[0.895155] (guardros_msgs) JobProgress: {'identifier': 'guardros_msgs', 'progress': 'install'}
[0.901250] (-) TimerEvent: {}
[0.903066] (guardros_msgs) Command: {'cmd': ['/usr/bin/cmake', '--install', '/home/denis/DENIS/RollerBot23/guardros_ws/build/guardros_msgs'], 'cwd': '/home/denis/DENIS/RollerBot23/guardros_ws/build/guardros_msgs', 'env': OrderedDict([('PYTHON_BASIC_REPL', '1'), ('LESSOPEN', '| /usr/bin/lesspipe %s'), ('LANGUAGE', 'pt_BR:pt:en'), ('USER', 'denis'), ('FONTCONFIG_PATH', '/etc/fonts'), ('GIO_MODULE_DIR', '/home/denis/snap/code/common/.cache/gio-modules'), ('XDG_SESSION_TYPE', 'wayland'), ('GIT_ASKPASS', '/snap/code/230/usr/share/code/resources/app/extensions/git/dist/askpass.sh'), ('GTK_EXE_PREFIX_VSCODE_SNAP_ORIG', ''), ('IGNITION_VERSION', 'citadel'), ('GDK_BACKEND_VSCODE_SNAP_ORIG', ''), ('SHLVL', '2'), ('LD_LIBRARY_PATH', '/opt/ros/humble/opt/rviz_ogre_vendor/lib:/opt/ros/humble/lib/x86_64-linux-gnu:/opt/ros/humble/lib'), ('HOME', '/home/denis'), ('CHROME_DESKTOP', 'code.desktop'), ('LOCPATH_VSCODE_SNAP_ORIG', ''), ('OLDPWD', '/home/denis/DENIS/RollerBot23/guardros_ws/src'), ('TERM_PROGRAM_VERSION', '1.112.0'), ('DESKTOP_SESSION', 'ubuntu'), ('GTK_PATH', '/snap/code/230/usr/lib/x86_64-linux-gnu/gtk-3.0'), ('XDG_DATA_HOME_VSCODE_SNAP_ORIG', ''), ('GTK_IM_MODULE_FILE', '/home/denis/snap/code/common/.cache/immodules/immodules.cache'), ('ROS_PYTHON_VERSION', '3'), ('GNOME_SHELL_SESSION_MODE', 'ubuntu'), ('GTK_MODULES', 'gail:atk-bridge'), ('GSETTINGS_SCHEMA_DIR_VSCODE_SNAP_ORIG', ''), ('VSCODE_GIT_ASKPASS_MAIN', '/snap/code/230/usr/share/code/resources/app/extensions/git/dist/askpass-main.js'), ('VSCODE_GIT_ASKPASS_NODE', '/snap/code/230/usr/share/code/code'), ('PYDEVD_DISABLE_FILE_VALIDATION', '1'), ('SYSTEMD_EXEC_PID', '1959'), ('BUNDLED_DEBUGPY_PATH', '/home/denis/.vscode/extensions/ms-python.debugpy-2025.18.0-linux-x64/bundled/libs/debugpy'), ('VSCODE_PYTHON_AUTOACTIVATE_GUARD', '1'), ('DBUS_SESSION_BUS_ADDRESS', 'unix:path=/run/user/1000/bus'), ('COLORTERM', 'truecolor'), ('IM_CONFIG_PHASE', '1'), ('WAYLAND_DISPLAY', 'wayland-0'), ('ROS_DISTRO', 'humble'), ('LOGNAME', 'denis'), ('_', '/usr/bin/colcon'), ('ROS_VERSION', '2'), ('XDG_CONFIG_DIRS_VSCODE_SNAP_ORIG', '/etc/xdg/xdg-ubuntu:/etc/xdg'), ('XDG_SESSION_CLASS', 'user'), ('XDG_DATA_DIRS_VSCODE_SNAP_ORIG', '/usr/share/ubuntu:/usr/local/share/:/usr/share/:/var/lib/snapd/desktop'), ('USERNAME', 'denis'), ('TERM', 'xterm-256color'), ('GNOME_DESKTOP_SESSION_ID', 'this-is-deprecated'), ('FC_FONTATIONS', '1'), ('ROS_LOCALHOST_ONLY', '0'), ('PATH', '/opt/ros/humble/bin:/usr/local/sbin:/usr/local/bin:/usr/sbin:/usr/bin:/sbin:/bin:/usr/games:/usr/local/games:/snap/bin:/snap/bin:/home/denis/.vscode/extensions/ms-python.debugpy-2025.18.0-linux-x64/bundled/scripts/noConfigScripts'), ('SESSION_MANAGER', 'local/denis-Aspire-A515-54G:@/tmp/.ICE-unix/1731,unix/denis-Aspire-A515-54G:/tmp/.ICE-unix/1731'), ('GTK_EXE_PREFIX', '/snap/code/230/usr'), ('XDG_MENU_PREFIX', 'gnome-'), ('GNOME_TERMINAL_SCREEN', '/org/gnome/Terminal/screen/4a8434a4_f508_4cba_8540_e13adf077492'), ('GNOME_SETUP_DISPLAY', ':1'), ('XDG_RUNTIME_DIR', '/run/user/1000'), ('GDK_BACKEND', 'x11'), ('DISPLAY', ':0'), ('LOCPATH', '/snap/code/230/usr/lib/locale'), ('VSCODE_DEBUGPY_ADAPTER_ENDPOINTS', '/home/denis/.vscode/extensions/ms-python.debugpy-2025.18.0-linux-x64/.noConfigDebugAdapterEndpoints/endpoint-34710e7746cf2fe7.txt'), ('LANG', 'pt_BR.UTF-8'), ('XDG_CURRENT_DESKTOP', 'ubuntu:GNOME'), ('PYTHONSTARTUP', '/home/denis/.config/Code/User/workspaceStorage/df2967002095e09e96d32d7293e245d6/ms-python.python/pythonrc.py'), ('GIO_MODULE_DIR_VSCODE_SNAP_ORIG', ''), ('XDG_DATA_HOME', '/home/denis/snap/code/230/.local/share'), ('XMODIFIERS', '@im=ibus'), ('XDG_SESSION_DESKTOP', 'ubuntu'), ('XAUTHORITY', '/run/user/1000/.mutter-Xwaylandauth.RZ2LO3'), ('LS_COLORS', 'rs=0:di=01;34:ln=01;36:mh=00:pi=40;33:so=01;35:do=01;35:bd=40;33;01:cd=40;33;01:or=40;31;01:mi=00:su=37;41:sg=30;43:ca=30;41:tw=30;42:ow=34;42:st=37;44:ex=01;32:*.tar=01;31:*.tgz=01;31:*.arc=01;31:*.arj=01;31:*.taz=01;31:*.lha=01;31:*.lz4=01;31:*.lzh=01;31:*.lzma=01;31:*.tlz=01;31:*.txz=01;31:*.tzo=01;31:*.t7z=01;31:*.zip=01;31:*.z=01;31:*.dz=01;31:*.gz=01;31:*.lrz=01;31:*.lz=01;31:*.lzo=01;31:*.xz=01;31:*.zst=01;31:*.tzst=01;31:*.bz2=01;31:*.bz=01;31:*.tbz=01;31:*.tbz2=01;31:*.tz=01;31:*.deb=01;31:*.rpm=01;31:*.jar=01;31:*.war=01;31:*.ear=01;31:*.sar=01;31:*.rar=01;31:*.alz=01;31:*.ace=01;31:*.zoo=01;31:*.cpio=01;31:*.7z=01;31:*.rz=01;31:*.cab=01;31:*.wim=01;31:*.swm=01;31:*.dwm=01;31:*.esd=01;31:*.jpg=01;35:*.jpeg=01;35:*.mjpg=01;35:*.mjpeg=01;35:*.gif=01;35:*.bmp=01;35:*.pbm=01;35:*.pgm=01;35:*.ppm=01;35:*.tga=01;35:*.xbm=01;35:*.xpm=01;35:*.tif=01;35:*.tiff=01;35:*.png=01;35:*.svg=01;35:*.svgz=01;35:*.mng=01;35:*.pcx=01;35:*.mov=01;35:*.mpg=01;35:*.mpeg=01;35:*.m2v=01;35:*.mkv=01;35:*.webm=01;35:*.webp=01;35:*.ogm=01;35:*.mp4=01;35:*.m4v=01;35:*.mp4v=01;35:*.vob=01;35:*.qt=01;35:*.nuv=01;35:*.wmv=01;35:*.asf=01;35:*.rm=01;35:*.rmvb=01;35:*.flc=01;35:*.avi=01;35:*.fli=01;35:*.flv=01;35:*.gl=01;35:*.dl=01;35:*.xcf=01;35:*.xwd=01;35:*.yuv=01;35:*.cgm=01;35:*.emf=01;35:*.ogv=01;35:*.ogx=01;35:*.aac=00;36:*.au=00;36:*.flac=00;36:*.m4a=00;36:*.mid=00;36:*.midi=00;36:*.mka=00;36:*.mp3=00;36:*.mpc=00;36:*.ogg=00;36:*.ra=00;36:*.wav=00;36:*.oga=00;36:*.opus=00;36:*.spx=00;36:*.xspf=00;36:'), ('VSCODE_GIT_IPC_HANDLE', '/run/user/1000/vscode-git-13d6c4deeb.sock'), ('GNOME_TERMINAL_SERVICE', ':1.135'), ('TERM_PROGRAM', 'vscode'), ('SSH_AGENT_LAUNCHER', 'gnome-keyring'), ('SSH_AUTH_SOCK', '/run/user/1000/keyring/ssh'), ('GSETTINGS_SCHEMA_DIR', '/home/denis/snap/code/230/.local/share/glib-2.0/schemas'), ('AMENT_PREFIX_PATH', '/opt/ros/humble'), ('SHELL', '/bin/bash'), ('QT_ACCESSIBILITY', '1'), ('GDMSESSION', 'ubuntu'), ('LESSCLOSE', '/usr/bin/lesspipe %s %s'), ('GTK_PATH_VSCODE_SNAP_ORIG', ''), ('FONTCONFIG_FILE', '/etc/fonts/fonts.conf'), ('GTK_IM_MODULE_FILE_VSCODE_SNAP_ORIG', ''), ('VSCODE_GIT_ASKPASS_EXTRA_ARGS', ''), ('QT_IM_MODULE', 'ibus'), ('PWD', '/home/denis/DENIS/RollerBot23/guardros_ws/build/guardros_msgs'), ('XDG_CONFIG_DIRS', '/etc/xdg/xdg-ubuntu:/etc/xdg'), ('XDG_DATA_DIRS', '/home/denis/snap/code/230/.local/share:/home/denis/snap/code/230:/snap/code/230/usr/share:/usr/share/ubuntu:/usr/local/share/:/usr/share/:/var/lib/snapd/desktop'), ('PYTHONPATH', '/opt/ros/humble/lib/python3.10/site-packages:/opt/ros/humble/local/lib/python3.10/dist-packages'), ('COLCON', '1'), ('VTE_VERSION', '6800'), ('CMAKE_PREFIX_PATH', '/opt/ros/humble')]), 'shell': False}
[0.913970] (guardros_msgs) StdoutLine: {'line': b'-- Install configuration: ""\n'}
[0.914171] (guardros_msgs) StdoutLine: {'line': b'-- Execute custom install script\n'}
[0.914340] (guardros_msgs) StdoutLine: {'line': b'-- Up-to-date symlink: /home/denis/DENIS/RollerBot23/guardros_ws/install/guardros_msgs/share/ament_index/resource_index/rosidl_interfaces/guardros_msgs\n'}
[0.914469] (guardros_msgs) StdoutLine: {'line': b'-- Up-to-date symlink: /home/denis/DENIS/RollerBot23/guardros_ws/install/guardros_msgs/include/guardros_msgs/guardros_msgs/msg/audio_frame.h\n'}
[0.914645] (guardros_msgs) StdoutLine: {'line': b'-- Up-to-date symlink: /home/denis/DENIS/RollerBot23/guardros_ws/install/guardros_msgs/include/guardros_msgs/guardros_msgs/msg/audio_mode.h\n'}
[0.914772] (guardros_msgs) StdoutLine: {'line': b'-- Up-to-date symlink: /home/denis/DENIS/RollerBot23/guardros_ws/install/guardros_msgs/include/guardros_msgs/guardros_msgs/msg/battery.h\n'}
[0.914933] (guardros_msgs) StdoutLine: {'line': b'-- Up-to-date symlink: /home/denis/DENIS/RollerBot23/guardros_ws/install/guardros_msgs/include/guardros_msgs/guardros_msgs/msg/command_state.h\n'}
[0.915088] (guardros_msgs) StdoutLine: {'line': b'-- Up-to-date symlink: /home/denis/DENIS/RollerBot23/guardros_ws/install/guardros_msgs/include/guardros_msgs/guardros_msgs/msg/connection_status.h\n'}
[0.915240] (guardros_msgs) StdoutLine: {'line': b'-- Up-to-date symlink: /home/denis/DENIS/RollerBot23/guardros_ws/install/guardros_msgs/include/guardros_msgs/guardros_msgs/msg/detail/audio_frame__functions.h\n'}
[0.915405] (guardros_msgs) StdoutLine: {'line': b'-- Up-to-date symlink: /home/denis/DENIS/RollerBot23/guardros_ws/install/guardros_msgs/include/guardros_msgs/guardros_msgs/msg/detail/audio_frame__struct.h\n'}
[0.915514] (guardros_msgs) StdoutLine: {'line': b'-- Up-to-date symlink: /home/denis/DENIS/RollerBot23/guardros_ws/install/guardros_msgs/include/guardros_msgs/guardros_msgs/msg/detail/audio_frame__type_support.h\n'}
[0.915661] (guardros_msgs) StdoutLine: {'line': b'-- Up-to-date symlink: /home/denis/DENIS/RollerBot23/guardros_ws/install/guardros_msgs/include/guardros_msgs/guardros_msgs/msg/detail/audio_mode__functions.h\n'}
[0.915803] (guardros_msgs) StdoutLine: {'line': b'-- Up-to-date symlink: /home/denis/DENIS/RollerBot23/guardros_ws/install/guardros_msgs/include/guardros_msgs/guardros_msgs/msg/detail/audio_mode__struct.h\n'}
[0.915950] (guardros_msgs) StdoutLine: {'line': b'-- Up-to-date symlink: /home/denis/DENIS/RollerBot23/guardros_ws/install/guardros_msgs/include/guardros_msgs/guardros_msgs/msg/detail/audio_mode__type_support.h\n'}
[0.916135] (guardros_msgs) StdoutLine: {'line': b'-- Up-to-date symlink: /home/denis/DENIS/RollerBot23/guardros_ws/install/guardros_msgs/include/guardros_msgs/guardros_msgs/msg/detail/battery__functions.h\n'}
[0.916337] (guardros_msgs) StdoutLine: {'line': b'-- Up-to-date symlink: /home/denis/DENIS/RollerBot23/guardros_ws/install/guardros_msgs/include/guardros_msgs/guardros_msgs/msg/detail/battery__struct.h\n'}
[0.916536] (guardros_msgs) StdoutLine: {'line': b'-- Up-to-date symlink: /home/denis/DENIS/RollerBot23/guardros_ws/install/guardros_msgs/include/guardros_msgs/guardros_msgs/msg/detail/battery__type_support.h\n'}
[0.916728] (guardros_msgs) StdoutLine: {'line': b'-- Up-to-date symlink: /home/denis/DENIS/RollerBot23/guardros_ws/install/guardros_msgs/include/guardros_msgs/guardros_msgs/msg/detail/command_state__functions.h\n'}
[0.916922] (guardros_msgs) StdoutLine: {'line': b'-- Up-to-date symlink: /home/denis/DENIS/RollerBot23/guardros_ws/install/guardros_msgs/include/guardros_msgs/guardros_msgs/msg/detail/command_state__struct.h\n'}
[0.917110] (guardros_msgs) StdoutLine: {'line': b'-- Up-to-date symlink: /home/denis/DENIS/RollerBot23/guardros_ws/install/guardros_msgs/include/guardros_msgs/guardros_msgs/msg/detail/command_state__type_support.h\n'}
[0.917308] (guardros_msgs) StdoutLine: {'line': b'-- Up-to-date symlink: /home/denis/DENIS/RollerBot23/guardros_ws/install/guardros_msgs/include/guardros_msgs/guardros_msgs/msg/detail/connection_status__functions.h\n'}
[0.917639] (guardros_msgs) StdoutLine: {'line': b'-- Up-to-date symlink: /home/denis/DENIS/RollerBot23/guardros_ws/install/guardros_msgs/include/guardros_msgs/guardros_msgs/msg/detail/connection_status__struct.h\n'}
[0.918359] (guardros_msgs) StdoutLine: {'line': b'-- Up-to-date symlink: /home/denis/DENIS/RollerBot23/guardros_ws/install/guardros_msgs/include/guardros_msgs/guardros_msgs/msg/detail/connection_status__type_support.h\n'}
[0.918506] (guardros_msgs) StdoutLine: {'line': b'-- Up-to-date symlink: /home/denis/DENIS/RollerBot23/guardros_ws/install/guardros_msgs/include/guardros_msgs/guardros_msgs/msg/detail/drive_status__functions.h\n'}
[0.918622] (guardros_msgs) StdoutLine: {'line': b'-- Up-to-date symlink: /home/denis/DENIS/RollerBot23/guardros_ws/install/guardros_msgs/include/guardros_msgs/guardros_msgs/msg/detail/drive_status__struct.h\n'}
[0.918788] (guardros_msgs) StdoutLine: {'line': b'-- Up-to-date symlink: /home/denis/DENIS/RollerBot23/guardros_ws/install/guardros_msgs/include/guardros_msgs/guardros_msgs/msg/detail/drive_status__type_support.h\n'}
[0.918901] (guardros_msgs) StdoutLine: {'line': b'-- Up-to-date symlink: /home/denis/DENIS/RollerBot23/guardros_ws/install/guardros_msgs/include/guardros_msgs/guardros_msgs/msg/detail/magnetometer__functions.h\n'}
[0.919061] (guardros_msgs) StdoutLine: {'line': b'-- Up-to-date symlink: /home/denis/DENIS/RollerBot23/guardros_ws/install/guardros_msgs/include/guardros_msgs/guardros_msgs/msg/detail/magnetometer__struct.h\n'}
[0.919221] (guardros_msgs) StdoutLine: {'line': b'-- Up-to-date symlink: /home/denis/DENIS/RollerBot23/guardros_ws/install/guardros_msgs/include/guardros_msgs/guardros_msgs/msg/detail/magnetometer__type_support.h\n'}
[0.919350] (guardros_msgs) StdoutLine: {'line': b'-- Up-to-date symlink: /home/denis/DENIS/RollerBot23/guardros_ws/install/guardros_msgs/include/guardros_msgs/guardros_msgs/msg/detail/temperatures__functions.h\n'}
[0.919519] (guardros_msgs) StdoutLine: {'line': b'-- Up-to-date symlink: /home/denis/DENIS/RollerBot23/guardros_ws/install/guardros_msgs/include/guardros_msgs/guardros_msgs/msg/detail/temperatures__struct.h\n'}
[0.919667] (guardros_msgs) StdoutLine: {'line': b'-- Up-to-date symlink: /home/denis/DENIS/RollerBot23/guardros_ws/install/guardros_msgs/include/guardros_msgs/guardros_msgs/msg/detail/temperatures__type_support.h\n'}
[0.919841] (guardros_msgs) StdoutLine: {'line': b'-- Up-to-date symlink: /home/denis/DENIS/RollerBot23/guardros_ws/install/guardros_msgs/include/guardros_msgs/guardros_msgs/msg/drive_status.h\n'}
[0.920023] (guardros_msgs) StdoutLine: {'line': b'-- Up-to-date symlink: /home/denis/DENIS/RollerBot23/guardros_ws/install/guardros_msgs/include/guardros_msgs/guardros_msgs/msg/magnetometer.h\n'}
[0.920211] (guardros_msgs) StdoutLine: {'line': b'-- Up-to-date symlink: /home/denis/DENIS/RollerBot23/guardros_ws/install/guardros_msgs/include/guardros_msgs/guardros_msgs/msg/rosidl_generator_c__visibility_control.h\n'}
[0.920504] (guardros_msgs) StdoutLine: {'line': b'-- Up-to-date symlink: /home/denis/DENIS/RollerBot23/guardros_ws/install/guardros_msgs/include/guardros_msgs/guardros_msgs/msg/temperatures.h\n'}
[0.920779] (guardros_msgs) StdoutLine: {'line': b'-- Up-to-date symlink: /home/denis/DENIS/RollerBot23/guardros_ws/install/guardros_msgs/share/guardros_msgs/environment/library_path.sh\n'}
[0.921058] (guardros_msgs) StdoutLine: {'line': b'-- Up-to-date symlink: /home/denis/DENIS/RollerBot23/guardros_ws/install/guardros_msgs/share/guardros_msgs/environment/library_path.dsv\n'}
[0.922281] (guardros_msgs) StdoutLine: {'line': b'-- Up-to-date symlink: /home/denis/DENIS/RollerBot23/guardros_ws/install/guardros_msgs/include/guardros_msgs/guardros_msgs/msg/detail/audio_frame__rosidl_typesupport_fastrtps_c.h\n'}
[0.922541] (guardros_msgs) StdoutLine: {'line': b'-- Up-to-date symlink: /home/denis/DENIS/RollerBot23/guardros_ws/install/guardros_msgs/include/guardros_msgs/guardros_msgs/msg/detail/audio_mode__rosidl_typesupport_fastrtps_c.h\n'}
[0.922719] (guardros_msgs) StdoutLine: {'line': b'-- Up-to-date symlink: /home/denis/DENIS/RollerBot23/guardros_ws/install/guardros_msgs/include/guardros_msgs/guardros_msgs/msg/detail/battery__rosidl_typesupport_fastrtps_c.h\n'}
[0.922883] (guardros_msgs) StdoutLine: {'line': b'-- Up-to-date symlink: /home/denis/DENIS/RollerBot23/guardros_ws/install/guardros_msgs/include/guardros_msgs/guardros_msgs/msg/detail/command_state__rosidl_typesupport_fastrtps_c.h\n'}
[0.923063] (guardros_msgs) StdoutLine: {'line': b'-- Up-to-date symlink: /home/denis/DENIS/RollerBot23/guardros_ws/install/guardros_msgs/include/guardros_msgs/guardros_msgs/msg/detail/connection_status__rosidl_typesupport_fastrtps_c.h\n'}
[0.923248] (guardros_msgs) StdoutLine: {'line': b'-- Up-to-date symlink: /home/denis/DENIS/RollerBot23/guardros_ws/install/guardros_msgs/include/guardros_msgs/guardros_msgs/msg/detail/drive_status__rosidl_typesupport_fastrtps_c.h\n'}
[0.923452] (guardros_msgs) StdoutLine: {'line': b'-- Up-to-date symlink: /home/denis/DENIS/RollerBot23/guardros_ws/install/guardros_msgs/include/guardros_msgs/guardros_msgs/msg/detail/magnetometer__rosidl_typesupport_fastrtps_c.h\n'}
[0.923630] (guardros_msgs) StdoutLine: {'line': b'-- Up-to-date symlink: /home/denis/DENIS/RollerBot23/guardros_ws/install/guardros_msgs/include/guardros_msgs/guardros_msgs/msg/detail/temperatures__rosidl_typesupport_fastrtps_c.h\n'}
[0.923820] (guardros_msgs) StdoutLine: {'line': b'-- Up-to-date symlink: /home/denis/DENIS/RollerBot23/guardros_ws/install/guardros_msgs/include/guardros_msgs/guardros_msgs/msg/rosidl_typesupport_fastrtps_c__visibility_control.h\n'}
[0.924656] (guardros_msgs) StdoutLine: {'line': b'-- Up-to-date symlink: /home/denis/DENIS/RollerBot23/guardros_ws/install/guardros_msgs/include/guardros_msgs/guardros_msgs/msg/detail/audio_frame__rosidl_typesupport_introspection_c.h\n'}
[0.924873] (guardros_msgs) StdoutLine: {'line': b'-- Up-to-date symlink: /home/denis/DENIS/RollerBot23/guardros_ws/install/guardros_msgs/include/guardros_msgs/guardros_msgs/msg/detail/audio_mode__rosidl_typesupport_introspection_c.h\n'}
[0.925041] (guardros_msgs) StdoutLine: {'line': b'-- Up-to-date symlink: /home/denis/DENIS/RollerBot23/guardros_ws/install/guardros_msgs/include/guardros_msgs/guardros_msgs/msg/detail/battery__rosidl_typesupport_introspection_c.h\n'}
[0.925230] (guardros_msgs) StdoutLine: {'line': b'-- Up-to-date symlink: /home/denis/DENIS/RollerBot23/guardros_ws/install/guardros_msgs/include/guardros_msgs/guardros_msgs/msg/detail/command_state__rosidl_typesupport_introspection_c.h\n'}
[0.925437] (guardros_msgs) StdoutLine: {'line': b'-- Up-to-date symlink: /home/denis/DENIS/RollerBot23/guardros_ws/install/guardros_msgs/include/guardros_msgs/guardros_msgs/msg/detail/connection_status__rosidl_typesupport_introspection_c.h\n'}
[0.925635] (guardros_msgs) StdoutLine: {'line': b'-- Up-to-date symlink: /home/denis/DENIS/RollerBot23/guardros_ws/install/guardros_msgs/include/guardros_msgs/guardros_msgs/msg/detail/drive_status__rosidl_typesupport_introspection_c.h\n'}
[0.925822] (guardros_msgs) StdoutLine: {'line': b'-- Up-to-date symlink: /home/denis/DENIS/RollerBot23/guardros_ws/install/guardros_msgs/include/guardros_msgs/guardros_msgs/msg/detail/magnetometer__rosidl_typesupport_introspection_c.h\n'}
[0.926012] (guardros_msgs) StdoutLine: {'line': b'-- Up-to-date symlink: /home/denis/DENIS/RollerBot23/guardros_ws/install/guardros_msgs/include/guardros_msgs/guardros_msgs/msg/detail/temperatures__rosidl_typesupport_introspection_c.h\n'}
[0.926201] (guardros_msgs) StdoutLine: {'line': b'-- Up-to-date symlink: /home/denis/DENIS/RollerBot23/guardros_ws/install/guardros_msgs/include/guardros_msgs/guardros_msgs/msg/rosidl_typesupport_introspection_c__visibility_control.h\n'}
[0.927587] (guardros_msgs) StdoutLine: {'line': b'-- Up-to-date symlink: /home/denis/DENIS/RollerBot23/guardros_ws/install/guardros_msgs/include/guardros_msgs/guardros_msgs/msg/audio_frame.hpp\n'}
[0.928286] (guardros_msgs) StdoutLine: {'line': b'-- Up-to-date symlink: /home/denis/DENIS/RollerBot23/guardros_ws/install/guardros_msgs/include/guardros_msgs/guardros_msgs/msg/audio_mode.hpp\n'}
[0.928518] (guardros_msgs) StdoutLine: {'line': b'-- Up-to-date symlink: /home/denis/DENIS/RollerBot23/guardros_ws/install/guardros_msgs/include/guardros_msgs/guardros_msgs/msg/battery.hpp\n'}
[0.928653] (guardros_msgs) StdoutLine: {'line': b'-- Up-to-date symlink: /home/denis/DENIS/RollerBot23/guardros_ws/install/guardros_msgs/include/guardros_msgs/guardros_msgs/msg/command_state.hpp\n'}
[0.928814] (guardros_msgs) StdoutLine: {'line': b'-- Up-to-date symlink: /home/denis/DENIS/RollerBot23/guardros_ws/install/guardros_msgs/include/guardros_msgs/guardros_msgs/msg/connection_status.hpp\n'}
[0.928963] (guardros_msgs) StdoutLine: {'line': b'-- Up-to-date symlink: /home/denis/DENIS/RollerBot23/guardros_ws/install/guardros_msgs/include/guardros_msgs/guardros_msgs/msg/detail/audio_frame__builder.hpp\n'}
[0.929081] (guardros_msgs) StdoutLine: {'line': b'-- Up-to-date symlink: /home/denis/DENIS/RollerBot23/guardros_ws/install/guardros_msgs/include/guardros_msgs/guardros_msgs/msg/detail/audio_frame__struct.hpp\n'}
[0.929202] (guardros_msgs) StdoutLine: {'line': b'-- Up-to-date symlink: /home/denis/DENIS/RollerBot23/guardros_ws/install/guardros_msgs/include/guardros_msgs/guardros_msgs/msg/detail/audio_frame__traits.hpp\n'}
[0.929369] (guardros_msgs) StdoutLine: {'line': b'-- Up-to-date symlink: /home/denis/DENIS/RollerBot23/guardros_ws/install/guardros_msgs/include/guardros_msgs/guardros_msgs/msg/detail/audio_frame__type_support.hpp\n'}
[0.929495] (guardros_msgs) StdoutLine: {'line': b'-- Up-to-date symlink: /home/denis/DENIS/RollerBot23/guardros_ws/install/guardros_msgs/include/guardros_msgs/guardros_msgs/msg/detail/audio_mode__builder.hpp\n'}
[0.929649] (guardros_msgs) StdoutLine: {'line': b'-- Up-to-date symlink: /home/denis/DENIS/RollerBot23/guardros_ws/install/guardros_msgs/include/guardros_msgs/guardros_msgs/msg/detail/audio_mode__struct.hpp\n'}
[0.929801] (guardros_msgs) StdoutLine: {'line': b'-- Up-to-date symlink: /home/denis/DENIS/RollerBot23/guardros_ws/install/guardros_msgs/include/guardros_msgs/guardros_msgs/msg/detail/audio_mode__traits.hpp\n'}
[0.929944] (guardros_msgs) StdoutLine: {'line': b'-- Up-to-date symlink: /home/denis/DENIS/RollerBot23/guardros_ws/install/guardros_msgs/include/guardros_msgs/guardros_msgs/msg/detail/audio_mode__type_support.hpp\n'}
[0.930107] (guardros_msgs) StdoutLine: {'line': b'-- Up-to-date symlink: /home/denis/DENIS/RollerBot23/guardros_ws/install/guardros_msgs/include/guardros_msgs/guardros_msgs/msg/detail/battery__builder.hpp\n'}
[0.930314] (guardros_msgs) StdoutLine: {'line': b'-- Up-to-date symlink: /home/denis/DENIS/RollerBot23/guardros_ws/install/guardros_msgs/include/guardros_msgs/guardros_msgs/msg/detail/battery__struct.hpp\n'}
[0.930510] (guardros_msgs) StdoutLine: {'line': b'-- Up-to-date symlink: /home/denis/DENIS/RollerBot23/guardros_ws/install/guardros_msgs/include/guardros_msgs/guardros_msgs/msg/detail/battery__traits.hpp\n'}
[0.930702] (guardros_msgs) StdoutLine: {'line': b'-- Up-to-date symlink: /home/denis/DENIS/RollerBot23/guardros_ws/install/guardros_msgs/include/guardros_msgs/guardros_msgs/msg/detail/battery__type_support.hpp\n'}
[0.930895] (guardros_msgs) StdoutLine: {'line': b'-- Up-to-date symlink: /home/denis/DENIS/RollerBot23/guardros_ws/install/guardros_msgs/include/guardros_msgs/guardros_msgs/msg/detail/command_state__builder.hpp\n'}
[0.931083] (guardros_msgs) StdoutLine: {'line': b'-- Up-to-date symlink: /home/denis/DENIS/RollerBot23/guardros_ws/install/guardros_msgs/include/guardros_msgs/guardros_msgs/msg/detail/command_state__struct.hpp\n'}
[0.931272] (guardros_msgs) StdoutLine: {'line': b'-- Up-to-date symlink: /home/denis/DENIS/RollerBot23/guardros_ws/install/guardros_msgs/include/guardros_msgs/guardros_msgs/msg/detail/command_state__traits.hpp\n'}
[0.931474] (guardros_msgs) StdoutLine: {'line': b'-- Up-to-date symlink: /home/denis/DENIS/RollerBot23/guardros_ws/install/guardros_msgs/include/guardros_msgs/guardros_msgs/msg/detail/command_state__type_support.hpp\n'}
[0.931658] (guardros_msgs) StdoutLine: {'line': b'-- Up-to-date symlink: /home/denis/DENIS/RollerBot23/guardros_ws/install/guardros_msgs/include/guardros_msgs/guardros_msgs/msg/detail/connection_status__builder.hpp\n'}
[0.931849] (guardros_msgs) StdoutLine: {'line': b'-- Up-to-date symlink: /home/denis/DENIS/RollerBot23/guardros_ws/install/guardros_msgs/include/guardros_msgs/guardros_msgs/msg/detail/connection_status__struct.hpp\n'}
[0.932038] (guardros_msgs) StdoutLine: {'line': b'-- Up-to-date symlink: /home/denis/DENIS/RollerBot23/guardros_ws/install/guardros_msgs/include/guardros_msgs/guardros_msgs/msg/detail/connection_status__traits.hpp\n'}
[0.932227] (guardros_msgs) StdoutLine: {'line': b'-- Up-to-date symlink: /home/denis/DENIS/RollerBot23/guardros_ws/install/guardros_msgs/include/guardros_msgs/guardros_msgs/msg/detail/connection_status__type_support.hpp\n'}
[0.932398] (guardros_msgs) StdoutLine: {'line': b'-- Up-to-date symlink: /home/denis/DENIS/RollerBot23/guardros_ws/install/guardros_msgs/include/guardros_msgs/guardros_msgs/msg/detail/drive_status__builder.hpp\n'}
[0.932607] (guardros_msgs) StdoutLine: {'line': b'-- Up-to-date symlink: /home/denis/DENIS/RollerBot23/guardros_ws/install/guardros_msgs/include/guardros_msgs/guardros_msgs/msg/detail/drive_status__struct.hpp\n'}
[0.932802] (guardros_msgs) StdoutLine: {'line': b'-- Up-to-date symlink: /home/denis/DENIS/RollerBot23/guardros_ws/install/guardros_msgs/include/guardros_msgs/guardros_msgs/msg/detail/drive_status__traits.hpp\n'}
[0.932993] (guardros_msgs) StdoutLine: {'line': b'-- Up-to-date symlink: /home/denis/DENIS/RollerBot23/guardros_ws/install/guardros_msgs/include/guardros_msgs/guardros_msgs/msg/detail/drive_status__type_support.hpp\n'}
[0.933181] (guardros_msgs) StdoutLine: {'line': b'-- Up-to-date symlink: /home/denis/DENIS/RollerBot23/guardros_ws/install/guardros_msgs/include/guardros_msgs/guardros_msgs/msg/detail/magnetometer__builder.hpp\n'}
[0.933385] (guardros_msgs) StdoutLine: {'line': b'-- Up-to-date symlink: /home/denis/DENIS/RollerBot23/guardros_ws/install/guardros_msgs/include/guardros_msgs/guardros_msgs/msg/detail/magnetometer__struct.hpp\n'}
[0.933578] (guardros_msgs) StdoutLine: {'line': b'-- Up-to-date symlink: /home/denis/DENIS/RollerBot23/guardros_ws/install/guardros_msgs/include/guardros_msgs/guardros_msgs/msg/detail/magnetometer__traits.hpp\n'}
[0.933769] (guardros_msgs) StdoutLine: {'line': b'-- Up-to-date symlink: /home/denis/DENIS/RollerBot23/guardros_ws/install/guardros_msgs/include/guardros_msgs/guardros_msgs/msg/detail/magnetometer__type_support.hpp\n'}
[0.933960] (guardros_msgs) StdoutLine: {'line': b'-- Up-to-date symlink: /home/denis/DENIS/RollerBot23/guardros_ws/install/guardros_msgs/include/guardros_msgs/guardros_msgs/msg/detail/temperatures__builder.hpp\n'}
[0.934164] (guardros_msgs) StdoutLine: {'line': b'-- Up-to-date symlink: /home/denis/DENIS/RollerBot23/guardros_ws/install/guardros_msgs/include/guardros_msgs/guardros_msgs/msg/detail/temperatures__struct.hpp\n'}
[0.934368] (guardros_msgs) StdoutLine: {'line': b'-- Up-to-date symlink: /home/denis/DENIS/RollerBot23/guardros_ws/install/guardros_msgs/include/guardros_msgs/guardros_msgs/msg/detail/temperatures__traits.hpp\n'}
[0.934562] (guardros_msgs) StdoutLine: {'line': b'-- Up-to-date symlink: /home/denis/DENIS/RollerBot23/guardros_ws/install/guardros_msgs/include/guardros_msgs/guardros_msgs/msg/detail/temperatures__type_support.hpp\n'}
[0.934743] (guardros_msgs) StdoutLine: {'line': b'-- Up-to-date symlink: /home/denis/DENIS/RollerBot23/guardros_ws/install/guardros_msgs/include/guardros_msgs/guardros_msgs/msg/drive_status.hpp\n'}
[0.934929] (guardros_msgs) StdoutLine: {'line': b'-- Up-to-date symlink: /home/denis/DENIS/RollerBot23/guardros_ws/install/guardros_msgs/include/guardros_msgs/guardros_msgs/msg/magnetometer.hpp\n'}
[0.935115] (guardros_msgs) StdoutLine: {'line': b'-- Up-to-date symlink: /home/denis/DENIS/RollerBot23/guardros_ws/install/guardros_msgs/include/guardros_msgs/guardros_msgs/msg/rosidl_generator_cpp__visibility_control.hpp\n'}
[0.935310] (guardros_msgs) StdoutLine: {'line': b'-- Up-to-date symlink: /home/denis/DENIS/RollerBot23/guardros_ws/install/guardros_msgs/include/guardros_msgs/guardros_msgs/msg/temperatures.hpp\n'}
[0.937039] (guardros_msgs) StdoutLine: {'line': b'-- Up-to-date symlink: /home/denis/DENIS/RollerBot23/guardros_ws/install/guardros_msgs/include/guardros_msgs/guardros_msgs/msg/detail/audio_frame__rosidl_typesupport_fastrtps_cpp.hpp\n'}
[0.937248] (guardros_msgs) StdoutLine: {'line': b'-- Up-to-date symlink: /home/denis/DENIS/RollerBot23/guardros_ws/install/guardros_msgs/include/guardros_msgs/guardros_msgs/msg/detail/audio_mode__rosidl_typesupport_fastrtps_cpp.hpp\n'}
[0.937437] (guardros_msgs) StdoutLine: {'line': b'-- Up-to-date symlink: /home/denis/DENIS/RollerBot23/guardros_ws/install/guardros_msgs/include/guardros_msgs/guardros_msgs/msg/detail/battery__rosidl_typesupport_fastrtps_cpp.hpp\n'}
[0.937563] (guardros_msgs) StdoutLine: {'line': b'-- Up-to-date symlink: /home/denis/DENIS/RollerBot23/guardros_ws/install/guardros_msgs/include/guardros_msgs/guardros_msgs/msg/detail/command_state__rosidl_typesupport_fastrtps_cpp.hpp\n'}
[0.937681] (guardros_msgs) StdoutLine: {'line': b'-- Up-to-date symlink: /home/denis/DENIS/RollerBot23/guardros_ws/install/guardros_msgs/include/guardros_msgs/guardros_msgs/msg/detail/connection_status__rosidl_typesupport_fastrtps_cpp.hpp\n'}
[0.937838] (guardros_msgs) StdoutLine: {'line': b'-- Up-to-date symlink: /home/denis/DENIS/RollerBot23/guardros_ws/install/guardros_msgs/include/guardros_msgs/guardros_msgs/msg/detail/drive_status__rosidl_typesupport_fastrtps_cpp.hpp\n'}
[0.937991] (guardros_msgs) StdoutLine: {'line': b'-- Up-to-date symlink: /home/denis/DENIS/RollerBot23/guardros_ws/install/guardros_msgs/include/guardros_msgs/guardros_msgs/msg/detail/magnetometer__rosidl_typesupport_fastrtps_cpp.hpp\n'}
[0.938145] (guardros_msgs) StdoutLine: {'line': b'-- Up-to-date symlink: /home/denis/DENIS/RollerBot23/guardros_ws/install/guardros_msgs/include/guardros_msgs/guardros_msgs/msg/detail/temperatures__rosidl_typesupport_fastrtps_cpp.hpp\n'}
[0.938290] (guardros_msgs) StdoutLine: {'line': b'-- Up-to-date symlink: /home/denis/DENIS/RollerBot23/guardros_ws/install/guardros_msgs/include/guardros_msgs/guardros_msgs/msg/rosidl_typesupport_fastrtps_cpp__visibility_control.h\n'}
[0.938925] (guardros_msgs) StdoutLine: {'line': b'-- Up-to-date symlink: /home/denis/DENIS/RollerBot23/guardros_ws/install/guardros_msgs/include/guardros_msgs/guardros_msgs/msg/detail/audio_frame__rosidl_typesupport_introspection_cpp.hpp\n'}
[0.939115] (guardros_msgs) StdoutLine: {'line': b'-- Up-to-date symlink: /home/denis/DENIS/RollerBot23/guardros_ws/install/guardros_msgs/include/guardros_msgs/guardros_msgs/msg/detail/audio_mode__rosidl_typesupport_introspection_cpp.hpp\n'}
[0.939317] (guardros_msgs) StdoutLine: {'line': b'-- Up-to-date symlink: /home/denis/DENIS/RollerBot23/guardros_ws/install/guardros_msgs/include/guardros_msgs/guardros_msgs/msg/detail/battery__rosidl_typesupport_introspection_cpp.hpp\n'}
[0.939494] (guardros_msgs) StdoutLine: {'line': b'-- Up-to-date symlink: /home/denis/DENIS/RollerBot23/guardros_ws/install/guardros_msgs/include/guardros_msgs/guardros_msgs/msg/detail/command_state__rosidl_typesupport_introspection_cpp.hpp\n'}
[0.939690] (guardros_msgs) StdoutLine: {'line': b'-- Up-to-date symlink: /home/denis/DENIS/RollerBot23/guardros_ws/install/guardros_msgs/include/guardros_msgs/guardros_msgs/msg/detail/connection_status__rosidl_typesupport_introspection_cpp.hpp\n'}
[0.939882] (guardros_msgs) StdoutLine: {'line': b'-- Up-to-date symlink: /home/denis/DENIS/RollerBot23/guardros_ws/install/guardros_msgs/include/guardros_msgs/guardros_msgs/msg/detail/drive_status__rosidl_typesupport_introspection_cpp.hpp\n'}
[0.940077] (guardros_msgs) StdoutLine: {'line': b'-- Up-to-date symlink: /home/denis/DENIS/RollerBot23/guardros_ws/install/guardros_msgs/include/guardros_msgs/guardros_msgs/msg/detail/magnetometer__rosidl_typesupport_introspection_cpp.hpp\n'}
[0.940267] (guardros_msgs) StdoutLine: {'line': b'-- Up-to-date symlink: /home/denis/DENIS/RollerBot23/guardros_ws/install/guardros_msgs/include/guardros_msgs/guardros_msgs/msg/detail/temperatures__rosidl_typesupport_introspection_cpp.hpp\n'}
[0.940548] (guardros_msgs) StdoutLine: {'line': b'-- Up-to-date symlink: /home/denis/DENIS/RollerBot23/guardros_ws/install/guardros_msgs/share/guardros_msgs/environment/pythonpath.sh\n'}
[0.940796] (guardros_msgs) StdoutLine: {'line': b'-- Up-to-date symlink: /home/denis/DENIS/RollerBot23/guardros_ws/install/guardros_msgs/share/guardros_msgs/environment/pythonpath.dsv\n'}
[0.941318] (guardros_msgs) StdoutLine: {'line': b'-- Up-to-date symlink: /home/denis/DENIS/RollerBot23/guardros_ws/install/guardros_msgs/local/lib/python3.10/dist-packages/guardros_msgs-0.0.0-py3.10.egg-info/PKG-INFO\n'}
[0.941524] (guardros_msgs) StdoutLine: {'line': b'-- Up-to-date symlink: /home/denis/DENIS/RollerBot23/guardros_ws/install/guardros_msgs/local/lib/python3.10/dist-packages/guardros_msgs-0.0.0-py3.10.egg-info/SOURCES.txt\n'}
[0.941713] (guardros_msgs) StdoutLine: {'line': b'-- Up-to-date symlink: /home/denis/DENIS/RollerBot23/guardros_ws/install/guardros_msgs/local/lib/python3.10/dist-packages/guardros_msgs-0.0.0-py3.10.egg-info/dependency_links.txt\n'}
[0.941903] (guardros_msgs) StdoutLine: {'line': b'-- Up-to-date symlink: /home/denis/DENIS/RollerBot23/guardros_ws/install/guardros_msgs/local/lib/python3.10/dist-packages/guardros_msgs-0.0.0-py3.10.egg-info/top_level.txt\n'}
[0.943484] (guardros_msgs) StdoutLine: {'line': b'-- Up-to-date symlink: /home/denis/DENIS/RollerBot23/guardros_ws/install/guardros_msgs/local/lib/python3.10/dist-packages/guardros_msgs/__init__.py\n'}
[0.943711] (guardros_msgs) StdoutLine: {'line': b'-- Up-to-date symlink: /home/denis/DENIS/RollerBot23/guardros_ws/install/guardros_msgs/local/lib/python3.10/dist-packages/guardros_msgs/_guardros_msgs_s.ep.rosidl_typesupport_c.c\n'}
[0.943885] (guardros_msgs) StdoutLine: {'line': b'-- Up-to-date symlink: /home/denis/DENIS/RollerBot23/guardros_ws/install/guardros_msgs/local/lib/python3.10/dist-packages/guardros_msgs/_guardros_msgs_s.ep.rosidl_typesupport_fastrtps_c.c\n'}
[0.944051] (guardros_msgs) StdoutLine: {'line': b'-- Up-to-date symlink: /home/denis/DENIS/RollerBot23/guardros_ws/install/guardros_msgs/local/lib/python3.10/dist-packages/guardros_msgs/_guardros_msgs_s.ep.rosidl_typesupport_introspection_c.c\n'}
[0.944222] (guardros_msgs) StdoutLine: {'line': b'-- Up-to-date symlink: /home/denis/DENIS/RollerBot23/guardros_ws/install/guardros_msgs/local/lib/python3.10/dist-packages/guardros_msgs/guardros_msgs_s__rosidl_typesupport_c.cpython-310-x86_64-linux-gnu.so\n'}
[0.944421] (guardros_msgs) StdoutLine: {'line': b'-- Up-to-date symlink: /home/denis/DENIS/RollerBot23/guardros_ws/install/guardros_msgs/local/lib/python3.10/dist-packages/guardros_msgs/guardros_msgs_s__rosidl_typesupport_fastrtps_c.cpython-310-x86_64-linux-gnu.so\n'}
[0.944607] (guardros_msgs) StdoutLine: {'line': b'-- Up-to-date symlink: /home/denis/DENIS/RollerBot23/guardros_ws/install/guardros_msgs/local/lib/python3.10/dist-packages/guardros_msgs/guardros_msgs_s__rosidl_typesupport_introspection_c.cpython-310-x86_64-linux-gnu.so\n'}
[0.944789] (guardros_msgs) StdoutLine: {'line': b'-- Up-to-date symlink: /home/denis/DENIS/RollerBot23/guardros_ws/install/guardros_msgs/local/lib/python3.10/dist-packages/guardros_msgs/libguardros_msgs__rosidl_generator_py.so\n'}
[0.944984] (guardros_msgs) StdoutLine: {'line': b'-- Up-to-date symlink: /home/denis/DENIS/RollerBot23/guardros_ws/install/guardros_msgs/local/lib/python3.10/dist-packages/guardros_msgs/msg/__init__.py\n'}
[0.945174] (guardros_msgs) StdoutLine: {'line': b'-- Up-to-date symlink: /home/denis/DENIS/RollerBot23/guardros_ws/install/guardros_msgs/local/lib/python3.10/dist-packages/guardros_msgs/msg/_audio_frame.py\n'}
[0.945373] (guardros_msgs) StdoutLine: {'line': b'-- Up-to-date symlink: /home/denis/DENIS/RollerBot23/guardros_ws/install/guardros_msgs/local/lib/python3.10/dist-packages/guardros_msgs/msg/_audio_frame_s.c\n'}
[0.945562] (guardros_msgs) StdoutLine: {'line': b'-- Up-to-date symlink: /home/denis/DENIS/RollerBot23/guardros_ws/install/guardros_msgs/local/lib/python3.10/dist-packages/guardros_msgs/msg/_audio_mode.py\n'}
[0.945751] (guardros_msgs) StdoutLine: {'line': b'-- Up-to-date symlink: /home/denis/DENIS/RollerBot23/guardros_ws/install/guardros_msgs/local/lib/python3.10/dist-packages/guardros_msgs/msg/_audio_mode_s.c\n'}
[0.945939] (guardros_msgs) StdoutLine: {'line': b'-- Up-to-date symlink: /home/denis/DENIS/RollerBot23/guardros_ws/install/guardros_msgs/local/lib/python3.10/dist-packages/guardros_msgs/msg/_battery.py\n'}
[0.946128] (guardros_msgs) StdoutLine: {'line': b'-- Up-to-date symlink: /home/denis/DENIS/RollerBot23/guardros_ws/install/guardros_msgs/local/lib/python3.10/dist-packages/guardros_msgs/msg/_battery_s.c\n'}
[0.946322] (guardros_msgs) StdoutLine: {'line': b'-- Up-to-date symlink: /home/denis/DENIS/RollerBot23/guardros_ws/install/guardros_msgs/local/lib/python3.10/dist-packages/guardros_msgs/msg/_command_state.py\n'}
[0.946514] (guardros_msgs) StdoutLine: {'line': b'-- Up-to-date symlink: /home/denis/DENIS/RollerBot23/guardros_ws/install/guardros_msgs/local/lib/python3.10/dist-packages/guardros_msgs/msg/_command_state_s.c\n'}
[0.946704] (guardros_msgs) StdoutLine: {'line': b'-- Up-to-date symlink: /home/denis/DENIS/RollerBot23/guardros_ws/install/guardros_msgs/local/lib/python3.10/dist-packages/guardros_msgs/msg/_connection_status.py\n'}
[0.946894] (guardros_msgs) StdoutLine: {'line': b'-- Up-to-date symlink: /home/denis/DENIS/RollerBot23/guardros_ws/install/guardros_msgs/local/lib/python3.10/dist-packages/guardros_msgs/msg/_connection_status_s.c\n'}
[0.947079] (guardros_msgs) StdoutLine: {'line': b'-- Up-to-date symlink: /home/denis/DENIS/RollerBot23/guardros_ws/install/guardros_msgs/local/lib/python3.10/dist-packages/guardros_msgs/msg/_drive_status.py\n'}
[0.947265] (guardros_msgs) StdoutLine: {'line': b'-- Up-to-date symlink: /home/denis/DENIS/RollerBot23/guardros_ws/install/guardros_msgs/local/lib/python3.10/dist-packages/guardros_msgs/msg/_drive_status_s.c\n'}
[0.947460] (guardros_msgs) StdoutLine: {'line': b'-- Up-to-date symlink: /home/denis/DENIS/RollerBot23/guardros_ws/install/guardros_msgs/local/lib/python3.10/dist-packages/guardros_msgs/msg/_magnetometer.py\n'}
[0.947654] (guardros_msgs) StdoutLine: {'line': b'-- Up-to-date symlink: /home/denis/DENIS/RollerBot23/guardros_ws/install/guardros_msgs/local/lib/python3.10/dist-packages/guardros_msgs/msg/_magnetometer_s.c\n'}
[0.947831] (guardros_msgs) StdoutLine: {'line': b'-- Up-to-date symlink: /home/denis/DENIS/RollerBot23/guardros_ws/install/guardros_msgs/local/lib/python3.10/dist-packages/guardros_msgs/msg/_temperatures.py\n'}
[0.948021] (guardros_msgs) StdoutLine: {'line': b'-- Up-to-date symlink: /home/denis/DENIS/RollerBot23/guardros_ws/install/guardros_msgs/local/lib/python3.10/dist-packages/guardros_msgs/msg/_temperatures_s.c\n'}
[0.948486] (guardros_msgs) StdoutLine: {'line': b'-- Up-to-date symlink: /home/denis/DENIS/RollerBot23/guardros_ws/install/guardros_msgs/local/lib/python3.10/dist-packages/guardros_msgs/guardros_msgs_s__rosidl_typesupport_fastrtps_c.cpython-310-x86_64-linux-gnu.so\n'}
[0.948888] (guardros_msgs) StdoutLine: {'line': b'-- Up-to-date symlink: /home/denis/DENIS/RollerBot23/guardros_ws/install/guardros_msgs/local/lib/python3.10/dist-packages/guardros_msgs/guardros_msgs_s__rosidl_typesupport_introspection_c.cpython-310-x86_64-linux-gnu.so\n'}
[0.949302] (guardros_msgs) StdoutLine: {'line': b'-- Up-to-date symlink: /home/denis/DENIS/RollerBot23/guardros_ws/install/guardros_msgs/local/lib/python3.10/dist-packages/guardros_msgs/guardros_msgs_s__rosidl_typesupport_c.cpython-310-x86_64-linux-gnu.so\n'}
[0.949590] (guardros_msgs) StdoutLine: {'line': b'-- Up-to-date symlink: /home/denis/DENIS/RollerBot23/guardros_ws/install/guardros_msgs/share/guardros_msgs/msg/Battery.idl\n'}
[0.949852] (guardros_msgs) StdoutLine: {'line': b'-- Up-to-date symlink: /home/denis/DENIS/RollerBot23/guardros_ws/install/guardros_msgs/share/guardros_msgs/msg/Temperatures.idl\n'}
[0.950111] (guardros_msgs) StdoutLine: {'line': b'-- Up-to-date symlink: /home/denis/DENIS/RollerBot23/guardros_ws/install/guardros_msgs/share/guardros_msgs/msg/DriveStatus.idl\n'}
[0.950371] (guardros_msgs) StdoutLine: {'line': b'-- Up-to-date symlink: /home/denis/DENIS/RollerBot23/guardros_ws/install/guardros_msgs/share/guardros_msgs/msg/Magnetometer.idl\n'}
[0.950637] (guardros_msgs) StdoutLine: {'line': b'-- Up-to-date symlink: /home/denis/DENIS/RollerBot23/guardros_ws/install/guardros_msgs/share/guardros_msgs/msg/ConnectionStatus.idl\n'}
[0.950893] (guardros_msgs) StdoutLine: {'line': b'-- Up-to-date symlink: /home/denis/DENIS/RollerBot23/guardros_ws/install/guardros_msgs/share/guardros_msgs/msg/CommandState.idl\n'}
[0.951139] (guardros_msgs) StdoutLine: {'line': b'-- Up-to-date symlink: /home/denis/DENIS/RollerBot23/guardros_ws/install/guardros_msgs/share/guardros_msgs/msg/AudioFrame.idl\n'}
[0.951401] (guardros_msgs) StdoutLine: {'line': b'-- Up-to-date symlink: /home/denis/DENIS/RollerBot23/guardros_ws/install/guardros_msgs/share/guardros_msgs/msg/AudioMode.idl\n'}
[0.951652] (guardros_msgs) StdoutLine: {'line': b'-- Up-to-date symlink: /home/denis/DENIS/RollerBot23/guardros_ws/install/guardros_msgs/share/guardros_msgs/msg/Battery.msg\n'}
[0.951931] (guardros_msgs) StdoutLine: {'line': b'-- Up-to-date symlink: /home/denis/DENIS/RollerBot23/guardros_ws/install/guardros_msgs/share/guardros_msgs/msg/Temperatures.msg\n'}
[0.952169] (guardros_msgs) StdoutLine: {'line': b'-- Up-to-date symlink: /home/denis/DENIS/RollerBot23/guardros_ws/install/guardros_msgs/share/guardros_msgs/msg/DriveStatus.msg\n'}
[0.952436] (guardros_msgs) StdoutLine: {'line': b'-- Up-to-date symlink: /home/denis/DENIS/RollerBot23/guardros_ws/install/guardros_msgs/share/guardros_msgs/msg/Magnetometer.msg\n'}
[0.952677] (guardros_msgs) StdoutLine: {'line': b'-- Up-to-date symlink: /home/denis/DENIS/RollerBot23/guardros_ws/install/guardros_msgs/share/guardros_msgs/msg/ConnectionStatus.msg\n'}
[0.952923] (guardros_msgs) StdoutLine: {'line': b'-- Up-to-date symlink: /home/denis/DENIS/RollerBot23/guardros_ws/install/guardros_msgs/share/guardros_msgs/msg/CommandState.msg\n'}
[0.953171] (guardros_msgs) StdoutLine: {'line': b'-- Up-to-date symlink: /home/denis/DENIS/RollerBot23/guardros_ws/install/guardros_msgs/share/guardros_msgs/msg/AudioFrame.msg\n'}
[0.953451] (guardros_msgs) StdoutLine: {'line': b'-- Up-to-date symlink: /home/denis/DENIS/RollerBot23/guardros_ws/install/guardros_msgs/share/guardros_msgs/msg/AudioMode.msg\n'}
[0.953731] (guardros_msgs) StdoutLine: {'line': b'-- Up-to-date symlink: /home/denis/DENIS/RollerBot23/guardros_ws/install/guardros_msgs/share/ament_index/resource_index/package_run_dependencies/guardros_msgs\n'}
[0.954003] (guardros_msgs) StdoutLine: {'line': b'-- Up-to-date symlink: /home/denis/DENIS/RollerBot23/guardros_ws/install/guardros_msgs/share/ament_index/resource_index/parent_prefix_path/guardros_msgs\n'}
[0.954255] (guardros_msgs) StdoutLine: {'line': b'-- Up-to-date symlink: /home/denis/DENIS/RollerBot23/guardros_ws/install/guardros_msgs/share/guardros_msgs/environment/ament_prefix_path.sh\n'}
[0.954520] (guardros_msgs) StdoutLine: {'line': b'-- Up-to-date symlink: /home/denis/DENIS/RollerBot23/guardros_ws/install/guardros_msgs/share/guardros_msgs/environment/ament_prefix_path.dsv\n'}
[0.954770] (guardros_msgs) StdoutLine: {'line': b'-- Up-to-date symlink: /home/denis/DENIS/RollerBot23/guardros_ws/install/guardros_msgs/share/guardros_msgs/environment/path.sh\n'}
[0.955023] (guardros_msgs) StdoutLine: {'line': b'-- Up-to-date symlink: /home/denis/DENIS/RollerBot23/guardros_ws/install/guardros_msgs/share/guardros_msgs/environment/path.dsv\n'}
[0.955266] (guardros_msgs) StdoutLine: {'line': b'-- Up-to-date symlink: /home/denis/DENIS/RollerBot23/guardros_ws/install/guardros_msgs/share/guardros_msgs/local_setup.bash\n'}
[0.955523] (guardros_msgs) StdoutLine: {'line': b'-- Up-to-date symlink: /home/denis/DENIS/RollerBot23/guardros_ws/install/guardros_msgs/share/guardros_msgs/local_setup.sh\n'}
[0.955766] (guardros_msgs) StdoutLine: {'line': b'-- Up-to-date symlink: /home/denis/DENIS/RollerBot23/guardros_ws/install/guardros_msgs/share/guardros_msgs/local_setup.zsh\n'}
[0.956011] (guardros_msgs) StdoutLine: {'line': b'-- Up-to-date symlink: /home/denis/DENIS/RollerBot23/guardros_ws/install/guardros_msgs/share/guardros_msgs/local_setup.dsv\n'}
[0.956186] (guardros_msgs) StdoutLine: {'line': b'-- Symlinking: /home/denis/DENIS/RollerBot23/guardros_ws/install/guardros_msgs/share/guardros_msgs/package.dsv\n'}
[0.968054] (guardros_msgs) StdoutLine: {'line': b'-- Up-to-date symlink: /home/denis/DENIS/RollerBot23/guardros_ws/install/guardros_msgs/share/ament_index/resource_index/packages/guardros_msgs\n'}
[0.968464] (guardros_msgs) StdoutLine: {'line': b'-- Up-to-date symlink: /home/denis/DENIS/RollerBot23/guardros_ws/install/guardros_msgs/share/guardros_msgs/cmake/rosidl_cmake-extras.cmake\n'}
[0.968646] (guardros_msgs) StdoutLine: {'line': b'-- Up-to-date symlink: /home/denis/DENIS/RollerBot23/guardros_ws/install/guardros_msgs/share/guardros_msgs/cmake/ament_cmake_export_include_directories-extras.cmake\n'}
[0.968804] (guardros_msgs) StdoutLine: {'line': b'-- Up-to-date symlink: /home/denis/DENIS/RollerBot23/guardros_ws/install/guardros_msgs/share/guardros_msgs/cmake/ament_cmake_export_libraries-extras.cmake\n'}
[0.969058] (guardros_msgs) StdoutLine: {'line': b'-- Up-to-date symlink: /home/denis/DENIS/RollerBot23/guardros_ws/install/guardros_msgs/share/guardros_msgs/cmake/ament_cmake_export_targets-extras.cmake\n'}
[0.969312] (guardros_msgs) StdoutLine: {'line': b'-- Up-to-date symlink: /home/denis/DENIS/RollerBot23/guardros_ws/install/guardros_msgs/share/guardros_msgs/cmake/rosidl_cmake_export_typesupport_targets-extras.cmake\n'}
[0.969582] (guardros_msgs) StdoutLine: {'line': b'-- Up-to-date symlink: /home/denis/DENIS/RollerBot23/guardros_ws/install/guardros_msgs/share/guardros_msgs/cmake/ament_cmake_export_dependencies-extras.cmake\n'}
[0.969835] (guardros_msgs) StdoutLine: {'line': b'-- Up-to-date symlink: /home/denis/DENIS/RollerBot23/guardros_ws/install/guardros_msgs/share/guardros_msgs/cmake/rosidl_cmake_export_typesupport_libraries-extras.cmake\n'}
[0.970097] (guardros_msgs) StdoutLine: {'line': b'-- Up-to-date symlink: /home/denis/DENIS/RollerBot23/guardros_ws/install/guardros_msgs/share/guardros_msgs/cmake/guardros_msgsConfig.cmake\n'}
[0.970273] (guardros_msgs) StdoutLine: {'line': b'-- Up-to-date symlink: /home/denis/DENIS/RollerBot23/guardros_ws/install/guardros_msgs/share/guardros_msgs/cmake/guardros_msgsConfig-version.cmake\n'}
[0.970532] (guardros_msgs) StdoutLine: {'line': b'-- Up-to-date symlink: /home/denis/DENIS/RollerBot23/guardros_ws/install/guardros_msgs/share/guardros_msgs/package.xml\n'}
[0.970865] (guardros_msgs) StdoutLine: {'line': b'-- Up-to-date: /home/denis/DENIS/RollerBot23/guardros_ws/install/guardros_msgs/lib/libguardros_msgs__rosidl_generator_c.so\n'}
[0.971294] (guardros_msgs) StdoutLine: {'line': b'-- Up-to-date: /home/denis/DENIS/RollerBot23/guardros_ws/install/guardros_msgs/lib/libguardros_msgs__rosidl_typesupport_fastrtps_c.so\n'}
[0.971708] (guardros_msgs) StdoutLine: {'line': b'-- Up-to-date: /home/denis/DENIS/RollerBot23/guardros_ws/install/guardros_msgs/lib/libguardros_msgs__rosidl_typesupport_introspection_c.so\n'}
[0.972078] (guardros_msgs) StdoutLine: {'line': b'-- Up-to-date: /home/denis/DENIS/RollerBot23/guardros_ws/install/guardros_msgs/lib/libguardros_msgs__rosidl_typesupport_c.so\n'}
[0.972475] (guardros_msgs) StdoutLine: {'line': b'-- Up-to-date: /home/denis/DENIS/RollerBot23/guardros_ws/install/guardros_msgs/lib/libguardros_msgs__rosidl_typesupport_fastrtps_cpp.so\n'}
[0.972890] (guardros_msgs) StdoutLine: {'line': b'-- Up-to-date: /home/denis/DENIS/RollerBot23/guardros_ws/install/guardros_msgs/lib/libguardros_msgs__rosidl_typesupport_introspection_cpp.so\n'}
[0.973285] (guardros_msgs) StdoutLine: {'line': b'-- Up-to-date: /home/denis/DENIS/RollerBot23/guardros_ws/install/guardros_msgs/lib/libguardros_msgs__rosidl_typesupport_cpp.so\n'}
[1.001339] (-) TimerEvent: {}
[1.022390] (guardros_msgs) StdoutLine: {'line': b"Listing '/home/denis/DENIS/RollerBot23/guardros_ws/install/guardros_msgs/local/lib/python3.10/dist-packages/guardros_msgs'...\n"}
[1.022616] (guardros_msgs) StdoutLine: {'line': b"Listing '/home/denis/DENIS/RollerBot23/guardros_ws/install/guardros_msgs/local/lib/python3.10/dist-packages/guardros_msgs/msg'...\n"}
[1.028868] (guardros_msgs) StdoutLine: {'line': b'-- Up-to-date: /home/denis/DENIS/RollerBot23/guardros_ws/install/guardros_msgs/lib/libguardros_msgs__rosidl_generator_py.so\n'}
[1.029186] (guardros_msgs) StdoutLine: {'line': b'-- Up-to-date: /home/denis/DENIS/RollerBot23/guardros_ws/install/guardros_msgs/share/guardros_msgs/cmake/export_guardros_msgs__rosidl_generator_cExport.cmake\n'}
[1.029403] (guardros_msgs) StdoutLine: {'line': b'-- Up-to-date: /home/denis/DENIS/RollerBot23/guardros_ws/install/guardros_msgs/share/guardros_msgs/cmake/export_guardros_msgs__rosidl_generator_cExport-noconfig.cmake\n'}
[1.029581] (guardros_msgs) StdoutLine: {'line': b'-- Up-to-date: /home/denis/DENIS/RollerBot23/guardros_ws/install/guardros_msgs/share/guardros_msgs/cmake/export_guardros_msgs__rosidl_typesupport_fastrtps_cExport.cmake\n'}
[1.029747] (guardros_msgs) StdoutLine: {'line': b'-- Up-to-date: /home/denis/DENIS/RollerBot23/guardros_ws/install/guardros_msgs/share/guardros_msgs/cmake/export_guardros_msgs__rosidl_typesupport_fastrtps_cExport-noconfig.cmake\n'}
[1.029906] (guardros_msgs) StdoutLine: {'line': b'-- Up-to-date: /home/denis/DENIS/RollerBot23/guardros_ws/install/guardros_msgs/share/guardros_msgs/cmake/guardros_msgs__rosidl_typesupport_introspection_cExport.cmake\n'}
[1.030086] (guardros_msgs) StdoutLine: {'line': b'-- Up-to-date: /home/denis/DENIS/RollerBot23/guardros_ws/install/guardros_msgs/share/guardros_msgs/cmake/guardros_msgs__rosidl_typesupport_introspection_cExport-noconfig.cmake\n'}
[1.030198] (guardros_msgs) StdoutLine: {'line': b'-- Up-to-date: /home/denis/DENIS/RollerBot23/guardros_ws/install/guardros_msgs/share/guardros_msgs/cmake/guardros_msgs__rosidl_typesupport_cExport.cmake\n'}
[1.030335] (guardros_msgs) StdoutLine: {'line': b'-- Up-to-date: /home/denis/DENIS/RollerBot23/guardros_ws/install/guardros_msgs/share/guardros_msgs/cmake/guardros_msgs__rosidl_typesupport_cExport-noconfig.cmake\n'}
[1.030497] (guardros_msgs) StdoutLine: {'line': b'-- Up-to-date: /home/denis/DENIS/RollerBot23/guardros_ws/install/guardros_msgs/share/guardros_msgs/cmake/export_guardros_msgs__rosidl_generator_cppExport.cmake\n'}
[1.030707] (guardros_msgs) StdoutLine: {'line': b'-- Up-to-date: /home/denis/DENIS/RollerBot23/guardros_ws/install/guardros_msgs/share/guardros_msgs/cmake/export_guardros_msgs__rosidl_typesupport_fastrtps_cppExport.cmake\n'}
[1.030834] (guardros_msgs) StdoutLine: {'line': b'-- Up-to-date: /home/denis/DENIS/RollerBot23/guardros_ws/install/guardros_msgs/share/guardros_msgs/cmake/export_guardros_msgs__rosidl_typesupport_fastrtps_cppExport-noconfig.cmake\n'}
[1.030960] (guardros_msgs) StdoutLine: {'line': b'-- Up-to-date: /home/denis/DENIS/RollerBot23/guardros_ws/install/guardros_msgs/share/guardros_msgs/cmake/guardros_msgs__rosidl_typesupport_introspection_cppExport.cmake\n'}
[1.031132] (guardros_msgs) StdoutLine: {'line': b'-- Up-to-date: /home/denis/DENIS/RollerBot23/guardros_ws/install/guardros_msgs/share/guardros_msgs/cmake/guardros_msgs__rosidl_typesupport_introspection_cppExport-noconfig.cmake\n'}
[1.031287] (guardros_msgs) StdoutLine: {'line': b'-- Up-to-date: /home/denis/DENIS/RollerBot23/guardros_ws/install/guardros_msgs/share/guardros_msgs/cmake/guardros_msgs__rosidl_typesupport_cppExport.cmake\n'}
[1.031417] (guardros_msgs) StdoutLine: {'line': b'-- Up-to-date: /home/denis/DENIS/RollerBot23/guardros_ws/install/guardros_msgs/share/guardros_msgs/cmake/guardros_msgs__rosidl_typesupport_cppExport-noconfig.cmake\n'}
[1.031532] (guardros_msgs) StdoutLine: {'line': b'-- Up-to-date: /home/denis/DENIS/RollerBot23/guardros_ws/install/guardros_msgs/share/guardros_msgs/cmake/export_guardros_msgs__rosidl_generator_pyExport.cmake\n'}
[1.031647] (guardros_msgs) StdoutLine: {'line': b'-- Up-to-date: /home/denis/DENIS/RollerBot23/guardros_ws/install/guardros_msgs/share/guardros_msgs/cmake/export_guardros_msgs__rosidl_generator_pyExport-noconfig.cmake\n'}
[1.033753] (guardros_msgs) CommandEnded: {'returncode': 0}
[1.062365] (guardros_msgs) JobEnded: {'identifier': 'guardros_msgs', 'rc': 0}
[1.064159] (rb23_audio) JobStarted: {'identifier': 'rb23_audio'}
[1.073402] (rb23_experiment_logger) JobStarted: {'identifier': 'rb23_experiment_logger'}
[1.079283] (rb23_telemetry_viewer) JobStarted: {'identifier': 'rb23_telemetry_viewer'}
[1.101434] (-) TimerEvent: {}
[1.201762] (-) TimerEvent: {}
[1.302128] (-) TimerEvent: {}
[1.402439] (-) TimerEvent: {}
[1.502711] (-) TimerEvent: {}
[1.602994] (-) TimerEvent: {}
[1.703311] (-) TimerEvent: {}
[1.803621] (-) TimerEvent: {}
[1.903907] (-) TimerEvent: {}
[1.939799] (rb23_keyboard_teleop) Command: {'cmd': ['/usr/bin/python3', '-W', 'ignore:setup.py install is deprecated', '-W', 'ignore:easy_install command is deprecated', 'setup.py', 'egg_info', '--egg-base', '../../build/rb23_keyboard_teleop', 'build', '--build-base', '/home/denis/DENIS/RollerBot23/guardros_ws/build/rb23_keyboard_teleop/build', 'install', '--record', '/home/denis/DENIS/RollerBot23/guardros_ws/build/rb23_keyboard_teleop/install.log', '--single-version-externally-managed', 'install_data'], 'cwd': '/home/denis/DENIS/RollerBot23/guardros_ws/src/rb23_keyboard_teleop', 'env': {'PYTHON_BASIC_REPL': '1', 'LESSOPEN': '| /usr/bin/lesspipe %s', 'LANGUAGE': 'pt_BR:pt:en', 'USER': 'denis', 'FONTCONFIG_PATH': '/etc/fonts', 'GIO_MODULE_DIR': '/home/denis/snap/code/common/.cache/gio-modules', 'XDG_SESSION_TYPE': 'wayland', 'GIT_ASKPASS': '/snap/code/230/usr/share/code/resources/app/extensions/git/dist/askpass.sh', 'GTK_EXE_PREFIX_VSCODE_SNAP_ORIG': '', 'IGNITION_VERSION': 'citadel', 'GDK_BACKEND_VSCODE_SNAP_ORIG': '', 'SHLVL': '2', 'LD_LIBRARY_PATH': '/opt/ros/humble/opt/rviz_ogre_vendor/lib:/opt/ros/humble/lib/x86_64-linux-gnu:/opt/ros/humble/lib', 'HOME': '/home/denis', 'CHROME_DESKTOP': 'code.desktop', 'LOCPATH_VSCODE_SNAP_ORIG': '', 'OLDPWD': '/home/denis/DENIS/RollerBot23/guardros_ws/src', 'TERM_PROGRAM_VERSION': '1.112.0', 'DESKTOP_SESSION': 'ubuntu', 'GTK_PATH': '/snap/code/230/usr/lib/x86_64-linux-gnu/gtk-3.0', 'XDG_DATA_HOME_VSCODE_SNAP_ORIG': '', 'GTK_IM_MODULE_FILE': '/home/denis/snap/code/common/.cache/immodules/immodules.cache', 'ROS_PYTHON_VERSION': '3', 'GNOME_SHELL_SESSION_MODE': 'ubuntu', 'GTK_MODULES': 'gail:atk-bridge', 'GSETTINGS_SCHEMA_DIR_VSCODE_SNAP_ORIG': '', 'VSCODE_GIT_ASKPASS_MAIN': '/snap/code/230/usr/share/code/resources/app/extensions/git/dist/askpass-main.js', 'VSCODE_GIT_ASKPASS_NODE': '/snap/code/230/usr/share/code/code', 'PYDEVD_DISABLE_FILE_VALIDATION': '1', 'SYSTEMD_EXEC_PID': '1959', 'BUNDLED_DEBUGPY_PATH': '/home/denis/.vscode/extensions/ms-python.debugpy-2025.18.0-linux-x64/bundled/libs/debugpy', 'VSCODE_PYTHON_AUTOACTIVATE_GUARD': '1', 'DBUS_SESSION_BUS_ADDRESS': 'unix:path=/run/user/1000/bus', 'COLORTERM': 'truecolor', 'IM_CONFIG_PHASE': '1', 'WAYLAND_DISPLAY': 'wayland-0', 'ROS_DISTRO': 'humble', 'LOGNAME': 'denis', '_': '/usr/bin/colcon', 'ROS_VERSION': '2', 'XDG_CONFIG_DIRS_VSCODE_SNAP_ORIG': '/etc/xdg/xdg-ubuntu:/etc/xdg', 'XDG_SESSION_CLASS': 'user', 'XDG_DATA_DIRS_VSCODE_SNAP_ORIG': '/usr/share/ubuntu:/usr/local/share/:/usr/share/:/var/lib/snapd/desktop', 'USERNAME': 'denis', 'TERM': 'xterm-256color', 'GNOME_DESKTOP_SESSION_ID': 'this-is-deprecated', 'FC_FONTATIONS': '1', 'ROS_LOCALHOST_ONLY': '0', 'PATH': '/opt/ros/humble/bin:/usr/local/sbin:/usr/local/bin:/usr/sbin:/usr/bin:/sbin:/bin:/usr/games:/usr/local/games:/snap/bin:/snap/bin:/home/denis/.vscode/extensions/ms-python.debugpy-2025.18.0-linux-x64/bundled/scripts/noConfigScripts', 'SESSION_MANAGER': 'local/denis-Aspire-A515-54G:@/tmp/.ICE-unix/1731,unix/denis-Aspire-A515-54G:/tmp/.ICE-unix/1731', 'GTK_EXE_PREFIX': '/snap/code/230/usr', 'XDG_MENU_PREFIX': 'gnome-', 'GNOME_TERMINAL_SCREEN': '/org/gnome/Terminal/screen/4a8434a4_f508_4cba_8540_e13adf077492', 'GNOME_SETUP_DISPLAY': ':1', 'XDG_RUNTIME_DIR': '/run/user/1000', 'GDK_BACKEND': 'x11', 'DISPLAY': ':0', 'LOCPATH': '/snap/code/230/usr/lib/locale', 'VSCODE_DEBUGPY_ADAPTER_ENDPOINTS': '/home/denis/.vscode/extensions/ms-python.debugpy-2025.18.0-linux-x64/.noConfigDebugAdapterEndpoints/endpoint-34710e7746cf2fe7.txt', 'LANG': 'pt_BR.UTF-8', 'XDG_CURRENT_DESKTOP': 'ubuntu:GNOME', 'PYTHONSTARTUP': '/home/denis/.config/Code/User/workspaceStorage/df2967002095e09e96d32d7293e245d6/ms-python.python/pythonrc.py', 'GIO_MODULE_DIR_VSCODE_SNAP_ORIG': '', 'XDG_DATA_HOME': '/home/denis/snap/code/230/.local/share', 'XMODIFIERS': '@im=ibus', 'XDG_SESSION_DESKTOP': 'ubuntu', 'XAUTHORITY': '/run/user/1000/.mutter-Xwaylandauth.RZ2LO3', 'LS_COLORS': 'rs=0:di=01;34:ln=01;36:mh=00:pi=40;33:so=01;35:do=01;35:bd=40;33;01:cd=40;33;01:or=40;31;01:mi=00:su=37;41:sg=30;43:ca=30;41:tw=30;42:ow=34;42:st=37;44:ex=01;32:*.tar=01;31:*.tgz=01;31:*.arc=01;31:*.arj=01;31:*.taz=01;31:*.lha=01;31:*.lz4=01;31:*.lzh=01;31:*.lzma=01;31:*.tlz=01;31:*.txz=01;31:*.tzo=01;31:*.t7z=01;31:*.zip=01;31:*.z=01;31:*.dz=01;31:*.gz=01;31:*.lrz=01;31:*.lz=01;31:*.lzo=01;31:*.xz=01;31:*.zst=01;31:*.tzst=01;31:*.bz2=01;31:*.bz=01;31:*.tbz=01;31:*.tbz2=01;31:*.tz=01;31:*.deb=01;31:*.rpm=01;31:*.jar=01;31:*.war=01;31:*.ear=01;31:*.sar=01;31:*.rar=01;31:*.alz=01;31:*.ace=01;31:*.zoo=01;31:*.cpio=01;31:*.7z=01;31:*.rz=01;31:*.cab=01;31:*.wim=01;31:*.swm=01;31:*.dwm=01;31:*.esd=01;31:*.jpg=01;35:*.jpeg=01;35:*.mjpg=01;35:*.mjpeg=01;35:*.gif=01;35:*.bmp=01;35:*.pbm=01;35:*.pgm=01;35:*.ppm=01;35:*.tga=01;35:*.xbm=01;35:*.xpm=01;35:*.tif=01;35:*.tiff=01;35:*.png=01;35:*.svg=01;35:*.svgz=01;35:*.mng=01;35:*.pcx=01;35:*.mov=01;35:*.mpg=01;35:*.mpeg=01;35:*.m2v=01;35:*.mkv=01;35:*.webm=01;35:*.webp=01;35:*.ogm=01;35:*.mp4=01;35:*.m4v=01;35:*.mp4v=01;35:*.vob=01;35:*.qt=01;35:*.nuv=01;35:*.wmv=01;35:*.asf=01;35:*.rm=01;35:*.rmvb=01;35:*.flc=01;35:*.avi=01;35:*.fli=01;35:*.flv=01;35:*.gl=01;35:*.dl=01;35:*.xcf=01;35:*.xwd=01;35:*.yuv=01;35:*.cgm=01;35:*.emf=01;35:*.ogv=01;35:*.ogx=01;35:*.aac=00;36:*.au=00;36:*.flac=00;36:*.m4a=00;36:*.mid=00;36:*.midi=00;36:*.mka=00;36:*.mp3=00;36:*.mpc=00;36:*.ogg=00;36:*.ra=00;36:*.wav=00;36:*.oga=00;36:*.opus=00;36:*.spx=00;36:*.xspf=00;36:', 'VSCODE_GIT_IPC_HANDLE': '/run/user/1000/vscode-git-13d6c4deeb.sock', 'GNOME_TERMINAL_SERVICE': ':1.135', 'TERM_PROGRAM': 'vscode', 'SSH_AGENT_LAUNCHER': 'gnome-keyring', 'SSH_AUTH_SOCK': '/run/user/1000/keyring/ssh', 'GSETTINGS_SCHEMA_DIR': '/home/denis/snap/code/230/.local/share/glib-2.0/schemas', 'AMENT_PREFIX_PATH': '/opt/ros/humble', 'SHELL': '/bin/bash', 'QT_ACCESSIBILITY': '1', 'GDMSESSION': 'ubuntu', 'LESSCLOSE': '/usr/bin/lesspipe %s %s', 'GTK_PATH_VSCODE_SNAP_ORIG': '', 'FONTCONFIG_FILE': '/etc/fonts/fonts.conf', 'GTK_IM_MODULE_FILE_VSCODE_SNAP_ORIG': '', 'VSCODE_GIT_ASKPASS_EXTRA_ARGS': '', 'QT_IM_MODULE': 'ibus', 'PWD': '/home/denis/DENIS/RollerBot23/guardros_ws/build/rb23_keyboard_teleop', 'XDG_CONFIG_DIRS': '/etc/xdg/xdg-ubuntu:/etc/xdg', 'XDG_DATA_DIRS': '/home/denis/snap/code/230/.local/share:/home/denis/snap/code/230:/snap/code/230/usr/share:/usr/share/ubuntu:/usr/local/share/:/usr/share/:/var/lib/snapd/desktop', 'PYTHONPATH': '/home/denis/DENIS/RollerBot23/guardros_ws/build/rb23_keyboard_teleop/prefix_override:/usr/lib/python3/dist-packages/colcon_core/task/python/colcon_distutils_commands:/home/denis/DENIS/RollerBot23/guardros_ws/install/rb23_keyboard_teleop/lib/python3.10/site-packages:/opt/ros/humble/lib/python3.10/site-packages:/opt/ros/humble/local/lib/python3.10/dist-packages', 'COLCON': '1', 'VTE_VERSION': '6800'}, 'shell': False}
[1.942604] (rb23_ros_driver) Command: {'cmd': ['/usr/bin/python3', '-W', 'ignore:setup.py install is deprecated', '-W', 'ignore:easy_install command is deprecated', 'setup.py', 'egg_info', '--egg-base', '../../build/rb23_ros_driver', 'build', '--build-base', '/home/denis/DENIS/RollerBot23/guardros_ws/build/rb23_ros_driver/build', 'install', '--record', '/home/denis/DENIS/RollerBot23/guardros_ws/build/rb23_ros_driver/install.log', '--single-version-externally-managed', 'install_data'], 'cwd': '/home/denis/DENIS/RollerBot23/guardros_ws/src/rb23_ros_driver', 'env': {'PYTHON_BASIC_REPL': '1', 'LESSOPEN': '| /usr/bin/lesspipe %s', 'LANGUAGE': 'pt_BR:pt:en', 'USER': 'denis', 'FONTCONFIG_PATH': '/etc/fonts', 'GIO_MODULE_DIR': '/home/denis/snap/code/common/.cache/gio-modules', 'XDG_SESSION_TYPE': 'wayland', 'GIT_ASKPASS': '/snap/code/230/usr/share/code/resources/app/extensions/git/dist/askpass.sh', 'GTK_EXE_PREFIX_VSCODE_SNAP_ORIG': '', 'IGNITION_VERSION': 'citadel', 'GDK_BACKEND_VSCODE_SNAP_ORIG': '', 'SHLVL': '2', 'LD_LIBRARY_PATH': '/opt/ros/humble/opt/rviz_ogre_vendor/lib:/opt/ros/humble/lib/x86_64-linux-gnu:/opt/ros/humble/lib', 'HOME': '/home/denis', 'CHROME_DESKTOP': 'code.desktop', 'LOCPATH_VSCODE_SNAP_ORIG': '', 'OLDPWD': '/home/denis/DENIS/RollerBot23/guardros_ws/src', 'TERM_PROGRAM_VERSION': '1.112.0', 'DESKTOP_SESSION': 'ubuntu', 'GTK_PATH': '/snap/code/230/usr/lib/x86_64-linux-gnu/gtk-3.0', 'XDG_DATA_HOME_VSCODE_SNAP_ORIG': '', 'GTK_IM_MODULE_FILE': '/home/denis/snap/code/common/.cache/immodules/immodules.cache', 'ROS_PYTHON_VERSION': '3', 'GNOME_SHELL_SESSION_MODE': 'ubuntu', 'GTK_MODULES': 'gail:atk-bridge', 'GSETTINGS_SCHEMA_DIR_VSCODE_SNAP_ORIG': '', 'VSCODE_GIT_ASKPASS_MAIN': '/snap/code/230/usr/share/code/resources/app/extensions/git/dist/askpass-main.js', 'VSCODE_GIT_ASKPASS_NODE': '/snap/code/230/usr/share/code/code', 'PYDEVD_DISABLE_FILE_VALIDATION': '1', 'SYSTEMD_EXEC_PID': '1959', 'BUNDLED_DEBUGPY_PATH': '/home/denis/.vscode/extensions/ms-python.debugpy-2025.18.0-linux-x64/bundled/libs/debugpy', 'VSCODE_PYTHON_AUTOACTIVATE_GUARD': '1', 'DBUS_SESSION_BUS_ADDRESS': 'unix:path=/run/user/1000/bus', 'COLORTERM': 'truecolor', 'IM_CONFIG_PHASE': '1', 'WAYLAND_DISPLAY': 'wayland-0', 'ROS_DISTRO': 'humble', 'LOGNAME': 'denis', '_': '/usr/bin/colcon', 'ROS_VERSION': '2', 'XDG_CONFIG_DIRS_VSCODE_SNAP_ORIG': '/etc/xdg/xdg-ubuntu:/etc/xdg', 'XDG_SESSION_CLASS': 'user', 'XDG_DATA_DIRS_VSCODE_SNAP_ORIG': '/usr/share/ubuntu:/usr/local/share/:/usr/share/:/var/lib/snapd/desktop', 'USERNAME': 'denis', 'TERM': 'xterm-256color', 'GNOME_DESKTOP_SESSION_ID': 'this-is-deprecated', 'FC_FONTATIONS': '1', 'ROS_LOCALHOST_ONLY': '0', 'PATH': '/opt/ros/humble/bin:/usr/local/sbin:/usr/local/bin:/usr/sbin:/usr/bin:/sbin:/bin:/usr/games:/usr/local/games:/snap/bin:/snap/bin:/home/denis/.vscode/extensions/ms-python.debugpy-2025.18.0-linux-x64/bundled/scripts/noConfigScripts', 'SESSION_MANAGER': 'local/denis-Aspire-A515-54G:@/tmp/.ICE-unix/1731,unix/denis-Aspire-A515-54G:/tmp/.ICE-unix/1731', 'GTK_EXE_PREFIX': '/snap/code/230/usr', 'XDG_MENU_PREFIX': 'gnome-', 'GNOME_TERMINAL_SCREEN': '/org/gnome/Terminal/screen/4a8434a4_f508_4cba_8540_e13adf077492', 'GNOME_SETUP_DISPLAY': ':1', 'XDG_RUNTIME_DIR': '/run/user/1000', 'GDK_BACKEND': 'x11', 'DISPLAY': ':0', 'LOCPATH': '/snap/code/230/usr/lib/locale', 'VSCODE_DEBUGPY_ADAPTER_ENDPOINTS': '/home/denis/.vscode/extensions/ms-python.debugpy-2025.18.0-linux-x64/.noConfigDebugAdapterEndpoints/endpoint-34710e7746cf2fe7.txt', 'LANG': 'pt_BR.UTF-8', 'XDG_CURRENT_DESKTOP': 'ubuntu:GNOME', 'PYTHONSTARTUP': '/home/denis/.config/Code/User/workspaceStorage/df2967002095e09e96d32d7293e245d6/ms-python.python/pythonrc.py', 'GIO_MODULE_DIR_VSCODE_SNAP_ORIG': '', 'XDG_DATA_HOME': '/home/denis/snap/code/230/.local/share', 'XMODIFIERS': '@im=ibus', 'XDG_SESSION_DESKTOP': 'ubuntu', 'XAUTHORITY': '/run/user/1000/.mutter-Xwaylandauth.RZ2LO3', 'LS_COLORS': 'rs=0:di=01;34:ln=01;36:mh=00:pi=40;33:so=01;35:do=01;35:bd=40;33;01:cd=40;33;01:or=40;31;01:mi=00:su=37;41:sg=30;43:ca=30;41:tw=30;42:ow=34;42:st=37;44:ex=01;32:*.tar=01;31:*.tgz=01;31:*.arc=01;31:*.arj=01;31:*.taz=01;31:*.lha=01;31:*.lz4=01;31:*.lzh=01;31:*.lzma=01;31:*.tlz=01;31:*.txz=01;31:*.tzo=01;31:*.t7z=01;31:*.zip=01;31:*.z=01;31:*.dz=01;31:*.gz=01;31:*.lrz=01;31:*.lz=01;31:*.lzo=01;31:*.xz=01;31:*.zst=01;31:*.tzst=01;31:*.bz2=01;31:*.bz=01;31:*.tbz=01;31:*.tbz2=01;31:*.tz=01;31:*.deb=01;31:*.rpm=01;31:*.jar=01;31:*.war=01;31:*.ear=01;31:*.sar=01;31:*.rar=01;31:*.alz=01;31:*.ace=01;31:*.zoo=01;31:*.cpio=01;31:*.7z=01;31:*.rz=01;31:*.cab=01;31:*.wim=01;31:*.swm=01;31:*.dwm=01;31:*.esd=01;31:*.jpg=01;35:*.jpeg=01;35:*.mjpg=01;35:*.mjpeg=01;35:*.gif=01;35:*.bmp=01;35:*.pbm=01;35:*.pgm=01;35:*.ppm=01;35:*.tga=01;35:*.xbm=01;35:*.xpm=01;35:*.tif=01;35:*.tiff=01;35:*.png=01;35:*.svg=01;35:*.svgz=01;35:*.mng=01;35:*.pcx=01;35:*.mov=01;35:*.mpg=01;35:*.mpeg=01;35:*.m2v=01;35:*.mkv=01;35:*.webm=01;35:*.webp=01;35:*.ogm=01;35:*.mp4=01;35:*.m4v=01;35:*.mp4v=01;35:*.vob=01;35:*.qt=01;35:*.nuv=01;35:*.wmv=01;35:*.asf=01;35:*.rm=01;35:*.rmvb=01;35:*.flc=01;35:*.avi=01;35:*.fli=01;35:*.flv=01;35:*.gl=01;35:*.dl=01;35:*.xcf=01;35:*.xwd=01;35:*.yuv=01;35:*.cgm=01;35:*.emf=01;35:*.ogv=01;35:*.ogx=01;35:*.aac=00;36:*.au=00;36:*.flac=00;36:*.m4a=00;36:*.mid=00;36:*.midi=00;36:*.mka=00;36:*.mp3=00;36:*.mpc=00;36:*.ogg=00;36:*.ra=00;36:*.wav=00;36:*.oga=00;36:*.opus=00;36:*.spx=00;36:*.xspf=00;36:', 'VSCODE_GIT_IPC_HANDLE': '/run/user/1000/vscode-git-13d6c4deeb.sock', 'GNOME_TERMINAL_SERVICE': ':1.135', 'TERM_PROGRAM': 'vscode', 'SSH_AGENT_LAUNCHER': 'gnome-keyring', 'SSH_AUTH_SOCK': '/run/user/1000/keyring/ssh', 'GSETTINGS_SCHEMA_DIR': '/home/denis/snap/code/230/.local/share/glib-2.0/schemas', 'AMENT_PREFIX_PATH': '/opt/ros/humble', 'SHELL': '/bin/bash', 'QT_ACCESSIBILITY': '1', 'GDMSESSION': 'ubuntu', 'LESSCLOSE': '/usr/bin/lesspipe %s %s', 'GTK_PATH_VSCODE_SNAP_ORIG': '', 'FONTCONFIG_FILE': '/etc/fonts/fonts.conf', 'GTK_IM_MODULE_FILE_VSCODE_SNAP_ORIG': '', 'VSCODE_GIT_ASKPASS_EXTRA_ARGS': '', 'QT_IM_MODULE': 'ibus', 'PWD': '/home/denis/DENIS/RollerBot23/guardros_ws/build/rb23_ros_driver', 'XDG_CONFIG_DIRS': '/etc/xdg/xdg-ubuntu:/etc/xdg', 'XDG_DATA_DIRS': '/home/denis/snap/code/230/.local/share:/home/denis/snap/code/230:/snap/code/230/usr/share:/usr/share/ubuntu:/usr/local/share/:/usr/share/:/var/lib/snapd/desktop', 'PYTHONPATH': '/home/denis/DENIS/RollerBot23/guardros_ws/build/rb23_ros_driver/prefix_override:/usr/lib/python3/dist-packages/colcon_core/task/python/colcon_distutils_commands:/home/denis/DENIS/RollerBot23/guardros_ws/install/rb23_ros_driver/lib/python3.10/site-packages:/opt/ros/humble/lib/python3.10/site-packages:/opt/ros/humble/local/lib/python3.10/dist-packages', 'COLCON': '1', 'VTE_VERSION': '6800'}, 'shell': False}
[1.945645] (rb23_video_viewer) Command: {'cmd': ['/usr/bin/python3', '-W', 'ignore:setup.py install is deprecated', '-W', 'ignore:easy_install command is deprecated', 'setup.py', 'egg_info', '--egg-base', '../../build/rb23_video_viewer', 'build', '--build-base', '/home/denis/DENIS/RollerBot23/guardros_ws/build/rb23_video_viewer/build', 'install', '--record', '/home/denis/DENIS/RollerBot23/guardros_ws/build/rb23_video_viewer/install.log', '--single-version-externally-managed', 'install_data'], 'cwd': '/home/denis/DENIS/RollerBot23/guardros_ws/src/rb23_video_viewer', 'env': {'PYTHON_BASIC_REPL': '1', 'LESSOPEN': '| /usr/bin/lesspipe %s', 'LANGUAGE': 'pt_BR:pt:en', 'USER': 'denis', 'FONTCONFIG_PATH': '/etc/fonts', 'GIO_MODULE_DIR': '/home/denis/snap/code/common/.cache/gio-modules', 'XDG_SESSION_TYPE': 'wayland', 'GIT_ASKPASS': '/snap/code/230/usr/share/code/resources/app/extensions/git/dist/askpass.sh', 'GTK_EXE_PREFIX_VSCODE_SNAP_ORIG': '', 'IGNITION_VERSION': 'citadel', 'GDK_BACKEND_VSCODE_SNAP_ORIG': '', 'SHLVL': '2', 'LD_LIBRARY_PATH': '/opt/ros/humble/opt/rviz_ogre_vendor/lib:/opt/ros/humble/lib/x86_64-linux-gnu:/opt/ros/humble/lib', 'HOME': '/home/denis', 'CHROME_DESKTOP': 'code.desktop', 'LOCPATH_VSCODE_SNAP_ORIG': '', 'OLDPWD': '/home/denis/DENIS/RollerBot23/guardros_ws/src', 'TERM_PROGRAM_VERSION': '1.112.0', 'DESKTOP_SESSION': 'ubuntu', 'GTK_PATH': '/snap/code/230/usr/lib/x86_64-linux-gnu/gtk-3.0', 'XDG_DATA_HOME_VSCODE_SNAP_ORIG': '', 'GTK_IM_MODULE_FILE': '/home/denis/snap/code/common/.cache/immodules/immodules.cache', 'ROS_PYTHON_VERSION': '3', 'GNOME_SHELL_SESSION_MODE': 'ubuntu', 'GTK_MODULES': 'gail:atk-bridge', 'GSETTINGS_SCHEMA_DIR_VSCODE_SNAP_ORIG': '', 'VSCODE_GIT_ASKPASS_MAIN': '/snap/code/230/usr/share/code/resources/app/extensions/git/dist/askpass-main.js', 'VSCODE_GIT_ASKPASS_NODE': '/snap/code/230/usr/share/code/code', 'PYDEVD_DISABLE_FILE_VALIDATION': '1', 'SYSTEMD_EXEC_PID': '1959', 'BUNDLED_DEBUGPY_PATH': '/home/denis/.vscode/extensions/ms-python.debugpy-2025.18.0-linux-x64/bundled/libs/debugpy', 'VSCODE_PYTHON_AUTOACTIVATE_GUARD': '1', 'DBUS_SESSION_BUS_ADDRESS': 'unix:path=/run/user/1000/bus', 'COLORTERM': 'truecolor', 'IM_CONFIG_PHASE': '1', 'WAYLAND_DISPLAY': 'wayland-0', 'ROS_DISTRO': 'humble', 'LOGNAME': 'denis', '_': '/usr/bin/colcon', 'ROS_VERSION': '2', 'XDG_CONFIG_DIRS_VSCODE_SNAP_ORIG': '/etc/xdg/xdg-ubuntu:/etc/xdg', 'XDG_SESSION_CLASS': 'user', 'XDG_DATA_DIRS_VSCODE_SNAP_ORIG': '/usr/share/ubuntu:/usr/local/share/:/usr/share/:/var/lib/snapd/desktop', 'USERNAME': 'denis', 'TERM': 'xterm-256color', 'GNOME_DESKTOP_SESSION_ID': 'this-is-deprecated', 'FC_FONTATIONS': '1', 'ROS_LOCALHOST_ONLY': '0', 'PATH': '/opt/ros/humble/bin:/usr/local/sbin:/usr/local/bin:/usr/sbin:/usr/bin:/sbin:/bin:/usr/games:/usr/local/games:/snap/bin:/snap/bin:/home/denis/.vscode/extensions/ms-python.debugpy-2025.18.0-linux-x64/bundled/scripts/noConfigScripts', 'SESSION_MANAGER': 'local/denis-Aspire-A515-54G:@/tmp/.ICE-unix/1731,unix/denis-Aspire-A515-54G:/tmp/.ICE-unix/1731', 'GTK_EXE_PREFIX': '/snap/code/230/usr', 'XDG_MENU_PREFIX': 'gnome-', 'GNOME_TERMINAL_SCREEN': '/org/gnome/Terminal/screen/4a8434a4_f508_4cba_8540_e13adf077492', 'GNOME_SETUP_DISPLAY': ':1', 'XDG_RUNTIME_DIR': '/run/user/1000', 'GDK_BACKEND': 'x11', 'DISPLAY': ':0', 'LOCPATH': '/snap/code/230/usr/lib/locale', 'VSCODE_DEBUGPY_ADAPTER_ENDPOINTS': '/home/denis/.vscode/extensions/ms-python.debugpy-2025.18.0-linux-x64/.noConfigDebugAdapterEndpoints/endpoint-34710e7746cf2fe7.txt', 'LANG': 'pt_BR.UTF-8', 'XDG_CURRENT_DESKTOP': 'ubuntu:GNOME', 'PYTHONSTARTUP': '/home/denis/.config/Code/User/workspaceStorage/df2967002095e09e96d32d7293e245d6/ms-python.python/pythonrc.py', 'GIO_MODULE_DIR_VSCODE_SNAP_ORIG': '', 'XDG_DATA_HOME': '/home/denis/snap/code/230/.local/share', 'XMODIFIERS': '@im=ibus', 'XDG_SESSION_DESKTOP': 'ubuntu', 'XAUTHORITY': '/run/user/1000/.mutter-Xwaylandauth.RZ2LO3', 'LS_COLORS': 'rs=0:di=01;34:ln=01;36:mh=00:pi=40;33:so=01;35:do=01;35:bd=40;33;01:cd=40;33;01:or=40;31;01:mi=00:su=37;41:sg=30;43:ca=30;41:tw=30;42:ow=34;42:st=37;44:ex=01;32:*.tar=01;31:*.tgz=01;31:*.arc=01;31:*.arj=01;31:*.taz=01;31:*.lha=01;31:*.lz4=01;31:*.lzh=01;31:*.lzma=01;31:*.tlz=01;31:*.txz=01;31:*.tzo=01;31:*.t7z=01;31:*.zip=01;31:*.z=01;31:*.dz=01;31:*.gz=01;31:*.lrz=01;31:*.lz=01;31:*.lzo=01;31:*.xz=01;31:*.zst=01;31:*.tzst=01;31:*.bz2=01;31:*.bz=01;31:*.tbz=01;31:*.tbz2=01;31:*.tz=01;31:*.deb=01;31:*.rpm=01;31:*.jar=01;31:*.war=01;31:*.ear=01;31:*.sar=01;31:*.rar=01;31:*.alz=01;31:*.ace=01;31:*.zoo=01;31:*.cpio=01;31:*.7z=01;31:*.rz=01;31:*.cab=01;31:*.wim=01;31:*.swm=01;31:*.dwm=01;31:*.esd=01;31:*.jpg=01;35:*.jpeg=01;35:*.mjpg=01;35:*.mjpeg=01;35:*.gif=01;35:*.bmp=01;35:*.pbm=01;35:*.pgm=01;35:*.ppm=01;35:*.tga=01;35:*.xbm=01;35:*.xpm=01;35:*.tif=01;35:*.tiff=01;35:*.png=01;35:*.svg=01;35:*.svgz=01;35:*.mng=01;35:*.pcx=01;35:*.mov=01;35:*.mpg=01;35:*.mpeg=01;35:*.m2v=01;35:*.mkv=01;35:*.webm=01;35:*.webp=01;35:*.ogm=01;35:*.mp4=01;35:*.m4v=01;35:*.mp4v=01;35:*.vob=01;35:*.qt=01;35:*.nuv=01;35:*.wmv=01;35:*.asf=01;35:*.rm=01;35:*.rmvb=01;35:*.flc=01;35:*.avi=01;35:*.fli=01;35:*.flv=01;35:*.gl=01;35:*.dl=01;35:*.xcf=01;35:*.xwd=01;35:*.yuv=01;35:*.cgm=01;35:*.emf=01;35:*.ogv=01;35:*.ogx=01;35:*.aac=00;36:*.au=00;36:*.flac=00;36:*.m4a=00;36:*.mid=00;36:*.midi=00;36:*.mka=00;36:*.mp3=00;36:*.mpc=00;36:*.ogg=00;36:*.ra=00;36:*.wav=00;36:*.oga=00;36:*.opus=00;36:*.spx=00;36:*.xspf=00;36:', 'VSCODE_GIT_IPC_HANDLE': '/run/user/1000/vscode-git-13d6c4deeb.sock', 'GNOME_TERMINAL_SERVICE': ':1.135', 'TERM_PROGRAM': 'vscode', 'SSH_AGENT_LAUNCHER': 'gnome-keyring', 'SSH_AUTH_SOCK': '/run/user/1000/keyring/ssh', 'GSETTINGS_SCHEMA_DIR': '/home/denis/snap/code/230/.local/share/glib-2.0/schemas', 'AMENT_PREFIX_PATH': '/opt/ros/humble', 'SHELL': '/bin/bash', 'QT_ACCESSIBILITY': '1', 'GDMSESSION': 'ubuntu', 'LESSCLOSE': '/usr/bin/lesspipe %s %s', 'GTK_PATH_VSCODE_SNAP_ORIG': '', 'FONTCONFIG_FILE': '/etc/fonts/fonts.conf', 'GTK_IM_MODULE_FILE_VSCODE_SNAP_ORIG': '', 'VSCODE_GIT_ASKPASS_EXTRA_ARGS': '', 'QT_IM_MODULE': 'ibus', 'PWD': '/home/denis/DENIS/RollerBot23/guardros_ws/build/rb23_video_viewer', 'XDG_CONFIG_DIRS': '/etc/xdg/xdg-ubuntu:/etc/xdg', 'XDG_DATA_DIRS': '/home/denis/snap/code/230/.local/share:/home/denis/snap/code/230:/snap/code/230/usr/share:/usr/share/ubuntu:/usr/local/share/:/usr/share/:/var/lib/snapd/desktop', 'PYTHONPATH': '/home/denis/DENIS/RollerBot23/guardros_ws/build/rb23_video_viewer/prefix_override:/usr/lib/python3/dist-packages/colcon_core/task/python/colcon_distutils_commands:/home/denis/DENIS/RollerBot23/guardros_ws/install/rb23_video_viewer/lib/python3.10/site-packages:/opt/ros/humble/lib/python3.10/site-packages:/opt/ros/humble/local/lib/python3.10/dist-packages', 'COLCON': '1', 'VTE_VERSION': '6800'}, 'shell': False}
[2.004112] (-) TimerEvent: {}
[2.104662] (-) TimerEvent: {}
[2.204978] (-) TimerEvent: {}
[2.248357] (rb23_ros_driver) StdoutLine: {'line': b'running egg_info\n'}
[2.248842] (rb23_ros_driver) StdoutLine: {'line': b'writing ../../build/rb23_ros_driver/rb23_ros_driver.egg-info/PKG-INFO\n'}
[2.249113] (rb23_ros_driver) StdoutLine: {'line': b'writing dependency_links to ../../build/rb23_ros_driver/rb23_ros_driver.egg-info/dependency_links.txt\n'}
[2.249320] (rb23_ros_driver) StdoutLine: {'line': b'writing entry points to ../../build/rb23_ros_driver/rb23_ros_driver.egg-info/entry_points.txt\n'}
[2.249500] (rb23_ros_driver) StdoutLine: {'line': b'writing requirements to ../../build/rb23_ros_driver/rb23_ros_driver.egg-info/requires.txt\n'}
[2.249669] (rb23_ros_driver) StdoutLine: {'line': b'writing top-level names to ../../build/rb23_ros_driver/rb23_ros_driver.egg-info/top_level.txt\n'}
[2.254411] (rb23_ros_driver) StdoutLine: {'line': b"reading manifest file '../../build/rb23_ros_driver/rb23_ros_driver.egg-info/SOURCES.txt'\n"}
[2.254616] (rb23_ros_driver) StdoutLine: {'line': b"adding license file 'LICENSE'\n"}
[2.254725] (rb23_ros_driver) StdoutLine: {'line': b"writing manifest file '../../build/rb23_ros_driver/rb23_ros_driver.egg-info/SOURCES.txt'\n"}
[2.254824] (rb23_ros_driver) StdoutLine: {'line': b'running build\n'}
[2.254920] (rb23_ros_driver) StdoutLine: {'line': b'running build_py\n'}
[2.255015] (rb23_ros_driver) StdoutLine: {'line': b'running install\n'}
[2.255111] (rb23_ros_driver) StdoutLine: {'line': b'running install_lib\n'}
[2.258359] (rb23_ros_driver) StdoutLine: {'line': b'running install_data\n'}
[2.258554] (rb23_ros_driver) StdoutLine: {'line': b'running install_egg_info\n'}
[2.260512] (rb23_ros_driver) StdoutLine: {'line': b"removing '/home/denis/DENIS/RollerBot23/guardros_ws/install/rb23_ros_driver/lib/python3.10/site-packages/rb23_ros_driver-0.0.0-py3.10.egg-info' (and everything under it)\n"}
[2.260715] (rb23_ros_driver) StdoutLine: {'line': b'Copying ../../build/rb23_ros_driver/rb23_ros_driver.egg-info to /home/denis/DENIS/RollerBot23/guardros_ws/install/rb23_ros_driver/lib/python3.10/site-packages/rb23_ros_driver-0.0.0-py3.10.egg-info\n'}
[2.261261] (rb23_ros_driver) StdoutLine: {'line': b'running install_scripts\n'}
[2.284913] (rb23_ros_driver) StdoutLine: {'line': b'Installing rb23_driver_node script to /home/denis/DENIS/RollerBot23/guardros_ws/install/rb23_ros_driver/lib/rb23_ros_driver\n'}
[2.285400] (rb23_ros_driver) StdoutLine: {'line': b"writing list of installed files to '/home/denis/DENIS/RollerBot23/guardros_ws/build/rb23_ros_driver/install.log'\n"}
[2.296813] (rb23_keyboard_teleop) StdoutLine: {'line': b'running egg_info\n'}
[2.298381] (rb23_keyboard_teleop) StdoutLine: {'line': b'writing ../../build/rb23_keyboard_teleop/rb23_keyboard_teleop.egg-info/PKG-INFO\n'}
[2.298682] (rb23_keyboard_teleop) StdoutLine: {'line': b'writing dependency_links to ../../build/rb23_keyboard_teleop/rb23_keyboard_teleop.egg-info/dependency_links.txt\n'}
[2.298932] (rb23_keyboard_teleop) StdoutLine: {'line': b'writing entry points to ../../build/rb23_keyboard_teleop/rb23_keyboard_teleop.egg-info/entry_points.txt\n'}
[2.299172] (rb23_keyboard_teleop) StdoutLine: {'line': b'writing requirements to ../../build/rb23_keyboard_teleop/rb23_keyboard_teleop.egg-info/requires.txt\n'}
[2.299367] (rb23_keyboard_teleop) StdoutLine: {'line': b'writing top-level names to ../../build/rb23_keyboard_teleop/rb23_keyboard_teleop.egg-info/top_level.txt\n'}
[2.302308] (rb23_keyboard_teleop) StdoutLine: {'line': b"reading manifest file '../../build/rb23_keyboard_teleop/rb23_keyboard_teleop.egg-info/SOURCES.txt'\n"}
[2.303912] (rb23_keyboard_teleop) StdoutLine: {'line': b"writing manifest file '../../build/rb23_keyboard_teleop/rb23_keyboard_teleop.egg-info/SOURCES.txt'\n"}
[2.304187] (rb23_keyboard_teleop) StdoutLine: {'line': b'running build\n'}
[2.304335] (rb23_keyboard_teleop) StdoutLine: {'line': b'running build_py\n'}
[2.304744] (rb23_keyboard_teleop) StdoutLine: {'line': b'running install\n'}
[2.305043] (-) TimerEvent: {}
[2.305559] (rb23_keyboard_teleop) StdoutLine: {'line': b'running install_lib\n'}
[2.307387] (rb23_keyboard_teleop) StdoutLine: {'line': b'running install_data\n'}
[2.307676] (rb23_keyboard_teleop) StdoutLine: {'line': b'running install_egg_info\n'}
[2.310690] (rb23_keyboard_teleop) StdoutLine: {'line': b"removing '/home/denis/DENIS/RollerBot23/guardros_ws/install/rb23_keyboard_teleop/lib/python3.10/site-packages/rb23_keyboard_teleop-0.0.0-py3.10.egg-info' (and everything under it)\n"}
[2.311566] (rb23_keyboard_teleop) StdoutLine: {'line': b'Copying ../../build/rb23_keyboard_teleop/rb23_keyboard_teleop.egg-info to /home/denis/DENIS/RollerBot23/guardros_ws/install/rb23_keyboard_teleop/lib/python3.10/site-packages/rb23_keyboard_teleop-0.0.0-py3.10.egg-info\n'}
[2.313809] (rb23_keyboard_teleop) StdoutLine: {'line': b'running install_scripts\n'}
[2.324890] (rb23_video_viewer) StdoutLine: {'line': b'running egg_info\n'}
[2.327163] (rb23_video_viewer) StdoutLine: {'line': b'writing ../../build/rb23_video_viewer/rb23_video_viewer.egg-info/PKG-INFO\n'}
[2.327933] (rb23_video_viewer) StdoutLine: {'line': b'writing dependency_links to ../../build/rb23_video_viewer/rb23_video_viewer.egg-info/dependency_links.txt\n'}
[2.328099] (rb23_video_viewer) StdoutLine: {'line': b'writing entry points to ../../build/rb23_video_viewer/rb23_video_viewer.egg-info/entry_points.txt\n'}
[2.328237] (rb23_video_viewer) StdoutLine: {'line': b'writing requirements to ../../build/rb23_video_viewer/rb23_video_viewer.egg-info/requires.txt\n'}
[2.328445] (rb23_video_viewer) StdoutLine: {'line': b'writing top-level names to ../../build/rb23_video_viewer/rb23_video_viewer.egg-info/top_level.txt\n'}
[2.329334] (rb23_ros_driver) CommandEnded: {'returncode': 0}
[2.333947] (rb23_video_viewer) StdoutLine: {'line': b"reading manifest file '../../build/rb23_video_viewer/rb23_video_viewer.egg-info/SOURCES.txt'\n"}
[2.335170] (rb23_video_viewer) StdoutLine: {'line': b"writing manifest file '../../build/rb23_video_viewer/rb23_video_viewer.egg-info/SOURCES.txt'\n"}
[2.335453] (rb23_video_viewer) StdoutLine: {'line': b'running build\n'}
[2.335592] (rb23_video_viewer) StdoutLine: {'line': b'running build_py\n'}
[2.335917] (rb23_video_viewer) StdoutLine: {'line': b'running install\n'}
[2.338585] (rb23_ros_driver) JobEnded: {'identifier': 'rb23_ros_driver', 'rc': 0}
[2.339091] (rb23_video_viewer) StdoutLine: {'line': b'running install_lib\n'}
[2.339237] (rb23_video_viewer) StdoutLine: {'line': b'running install_data\n'}
[2.339371] (rb23_video_viewer) StdoutLine: {'line': b'running install_egg_info\n'}
[2.340666] (rb23_video_viewer) StdoutLine: {'line': b"removing '/home/denis/DENIS/RollerBot23/guardros_ws/install/rb23_video_viewer/lib/python3.10/site-packages/rb23_video_viewer-0.0.0-py3.10.egg-info' (and everything under it)\n"}
[2.341000] (rb23_video_viewer) StdoutLine: {'line': b'Copying ../../build/rb23_video_viewer/rb23_video_viewer.egg-info to /home/denis/DENIS/RollerBot23/guardros_ws/install/rb23_video_viewer/lib/python3.10/site-packages/rb23_video_viewer-0.0.0-py3.10.egg-info\n'}
[2.342036] (rb23_video_viewer) StdoutLine: {'line': b'running install_scripts\n'}
[2.361720] (rb23_keyboard_teleop) StdoutLine: {'line': b'Installing keyboard_teleop_node script to /home/denis/DENIS/RollerBot23/guardros_ws/install/rb23_keyboard_teleop/lib/rb23_keyboard_teleop\n'}
[2.363022] (rb23_keyboard_teleop) StdoutLine: {'line': b"writing list of installed files to '/home/denis/DENIS/RollerBot23/guardros_ws/build/rb23_keyboard_teleop/install.log'\n"}
[2.372422] (rb23_video_viewer) StdoutLine: {'line': b'Installing rb23_video_viewer_node script to /home/denis/DENIS/RollerBot23/guardros_ws/install/rb23_video_viewer/lib/rb23_video_viewer\n'}
[2.372675] (rb23_video_viewer) StdoutLine: {'line': b"writing list of installed files to '/home/denis/DENIS/RollerBot23/guardros_ws/build/rb23_video_viewer/install.log'\n"}
[2.405161] (-) TimerEvent: {}
[2.410505] (rb23_keyboard_teleop) CommandEnded: {'returncode': 0}
[2.419896] (rb23_keyboard_teleop) JobEnded: {'identifier': 'rb23_keyboard_teleop', 'rc': 0}
[2.421635] (rb23_video_viewer) CommandEnded: {'returncode': 0}
[2.434282] (rb23_video_viewer) JobEnded: {'identifier': 'rb23_video_viewer', 'rc': 0}
[2.481615] (rb23_audio) Command: {'cmd': ['/usr/bin/python3', '-W', 'ignore:setup.py install is deprecated', '-W', 'ignore:easy_install command is deprecated', 'setup.py', 'egg_info', '--egg-base', '../../build/rb23_audio', 'build', '--build-base', '/home/denis/DENIS/RollerBot23/guardros_ws/build/rb23_audio/build', 'install', '--record', '/home/denis/DENIS/RollerBot23/guardros_ws/build/rb23_audio/install.log', '--single-version-externally-managed', 'install_data'], 'cwd': '/home/denis/DENIS/RollerBot23/guardros_ws/src/rb23_audio', 'env': {'PYTHON_BASIC_REPL': '1', 'LESSOPEN': '| /usr/bin/lesspipe %s', 'LANGUAGE': 'pt_BR:pt:en', 'USER': 'denis', 'FONTCONFIG_PATH': '/etc/fonts', 'GIO_MODULE_DIR': '/home/denis/snap/code/common/.cache/gio-modules', 'XDG_SESSION_TYPE': 'wayland', 'GIT_ASKPASS': '/snap/code/230/usr/share/code/resources/app/extensions/git/dist/askpass.sh', 'GTK_EXE_PREFIX_VSCODE_SNAP_ORIG': '', 'IGNITION_VERSION': 'citadel', 'GDK_BACKEND_VSCODE_SNAP_ORIG': '', 'SHLVL': '2', 'LD_LIBRARY_PATH': '/home/denis/DENIS/RollerBot23/guardros_ws/install/guardros_msgs/lib:/opt/ros/humble/opt/rviz_ogre_vendor/lib:/opt/ros/humble/lib/x86_64-linux-gnu:/opt/ros/humble/lib', 'HOME': '/home/denis', 'CHROME_DESKTOP': 'code.desktop', 'LOCPATH_VSCODE_SNAP_ORIG': '', 'OLDPWD': '/home/denis/DENIS/RollerBot23/guardros_ws/src', 'TERM_PROGRAM_VERSION': '1.112.0', 'DESKTOP_SESSION': 'ubuntu', 'GTK_PATH': '/snap/code/230/usr/lib/x86_64-linux-gnu/gtk-3.0', 'XDG_DATA_HOME_VSCODE_SNAP_ORIG': '', 'GTK_IM_MODULE_FILE': '/home/denis/snap/code/common/.cache/immodules/immodules.cache', 'ROS_PYTHON_VERSION': '3', 'GNOME_SHELL_SESSION_MODE': 'ubuntu', 'GTK_MODULES': 'gail:atk-bridge', 'GSETTINGS_SCHEMA_DIR_VSCODE_SNAP_ORIG': '', 'VSCODE_GIT_ASKPASS_MAIN': '/snap/code/230/usr/share/code/resources/app/extensions/git/dist/askpass-main.js', 'VSCODE_GIT_ASKPASS_NODE': '/snap/code/230/usr/share/code/code', 'PYDEVD_DISABLE_FILE_VALIDATION': '1', 'SYSTEMD_EXEC_PID': '1959', 'BUNDLED_DEBUGPY_PATH': '/home/denis/.vscode/extensions/ms-python.debugpy-2025.18.0-linux-x64/bundled/libs/debugpy', 'VSCODE_PYTHON_AUTOACTIVATE_GUARD': '1', 'DBUS_SESSION_BUS_ADDRESS': 'unix:path=/run/user/1000/bus', 'COLORTERM': 'truecolor', 'IM_CONFIG_PHASE': '1', 'WAYLAND_DISPLAY': 'wayland-0', 'ROS_DISTRO': 'humble', 'LOGNAME': 'denis', '_': '/usr/bin/colcon', 'ROS_VERSION': '2', 'XDG_CONFIG_DIRS_VSCODE_SNAP_ORIG': '/etc/xdg/xdg-ubuntu:/etc/xdg', 'XDG_SESSION_CLASS': 'user', 'XDG_DATA_DIRS_VSCODE_SNAP_ORIG': '/usr/share/ubuntu:/usr/local/share/:/usr/share/:/var/lib/snapd/desktop', 'USERNAME': 'denis', 'TERM': 'xterm-256color', 'GNOME_DESKTOP_SESSION_ID': 'this-is-deprecated', 'FC_FONTATIONS': '1', 'ROS_LOCALHOST_ONLY': '0', 'PATH': '/opt/ros/humble/bin:/usr/local/sbin:/usr/local/bin:/usr/sbin:/usr/bin:/sbin:/bin:/usr/games:/usr/local/games:/snap/bin:/snap/bin:/home/denis/.vscode/extensions/ms-python.debugpy-2025.18.0-linux-x64/bundled/scripts/noConfigScripts', 'SESSION_MANAGER': 'local/denis-Aspire-A515-54G:@/tmp/.ICE-unix/1731,unix/denis-Aspire-A515-54G:/tmp/.ICE-unix/1731', 'GTK_EXE_PREFIX': '/snap/code/230/usr', 'XDG_MENU_PREFIX': 'gnome-', 'GNOME_TERMINAL_SCREEN': '/org/gnome/Terminal/screen/4a8434a4_f508_4cba_8540_e13adf077492', 'GNOME_SETUP_DISPLAY': ':1', 'XDG_RUNTIME_DIR': '/run/user/1000', 'GDK_BACKEND': 'x11', 'DISPLAY': ':0', 'LOCPATH': '/snap/code/230/usr/lib/locale', 'VSCODE_DEBUGPY_ADAPTER_ENDPOINTS': '/home/denis/.vscode/extensions/ms-python.debugpy-2025.18.0-linux-x64/.noConfigDebugAdapterEndpoints/endpoint-34710e7746cf2fe7.txt', 'LANG': 'pt_BR.UTF-8', 'XDG_CURRENT_DESKTOP': 'ubuntu:GNOME', 'PYTHONSTARTUP': '/home/denis/.config/Code/User/workspaceStorage/df2967002095e09e96d32d7293e245d6/ms-python.python/pythonrc.py', 'GIO_MODULE_DIR_VSCODE_SNAP_ORIG': '', 'XDG_DATA_HOME': '/home/denis/snap/code/230/.local/share', 'XMODIFIERS': '@im=ibus', 'XDG_SESSION_DESKTOP': 'ubuntu', 'XAUTHORITY': '/run/user/1000/.mutter-Xwaylandauth.RZ2LO3', 'LS_COLORS': 'rs=0:di=01;34:ln=01;36:mh=00:pi=40;33:so=01;35:do=01;35:bd=40;33;01:cd=40;33;01:or=40;31;01:mi=00:su=37;41:sg=30;43:ca=30;41:tw=30;42:ow=34;42:st=37;44:ex=01;32:*.tar=01;31:*.tgz=01;31:*.arc=01;31:*.arj=01;31:*.taz=01;31:*.lha=01;31:*.lz4=01;31:*.lzh=01;31:*.lzma=01;31:*.tlz=01;31:*.txz=01;31:*.tzo=01;31:*.t7z=01;31:*.zip=01;31:*.z=01;31:*.dz=01;31:*.gz=01;31:*.lrz=01;31:*.lz=01;31:*.lzo=01;31:*.xz=01;31:*.zst=01;31:*.tzst=01;31:*.bz2=01;31:*.bz=01;31:*.tbz=01;31:*.tbz2=01;31:*.tz=01;31:*.deb=01;31:*.rpm=01;31:*.jar=01;31:*.war=01;31:*.ear=01;31:*.sar=01;31:*.rar=01;31:*.alz=01;31:*.ace=01;31:*.zoo=01;31:*.cpio=01;31:*.7z=01;31:*.rz=01;31:*.cab=01;31:*.wim=01;31:*.swm=01;31:*.dwm=01;31:*.esd=01;31:*.jpg=01;35:*.jpeg=01;35:*.mjpg=01;35:*.mjpeg=01;35:*.gif=01;35:*.bmp=01;35:*.pbm=01;35:*.pgm=01;35:*.ppm=01;35:*.tga=01;35:*.xbm=01;35:*.xpm=01;35:*.tif=01;35:*.tiff=01;35:*.png=01;35:*.svg=01;35:*.svgz=01;35:*.mng=01;35:*.pcx=01;35:*.mov=01;35:*.mpg=01;35:*.mpeg=01;35:*.m2v=01;35:*.mkv=01;35:*.webm=01;35:*.webp=01;35:*.ogm=01;35:*.mp4=01;35:*.m4v=01;35:*.mp4v=01;35:*.vob=01;35:*.qt=01;35:*.nuv=01;35:*.wmv=01;35:*.asf=01;35:*.rm=01;35:*.rmvb=01;35:*.flc=01;35:*.avi=01;35:*.fli=01;35:*.flv=01;35:*.gl=01;35:*.dl=01;35:*.xcf=01;35:*.xwd=01;35:*.yuv=01;35:*.cgm=01;35:*.emf=01;35:*.ogv=01;35:*.ogx=01;35:*.aac=00;36:*.au=00;36:*.flac=00;36:*.m4a=00;36:*.mid=00;36:*.midi=00;36:*.mka=00;36:*.mp3=00;36:*.mpc=00;36:*.ogg=00;36:*.ra=00;36:*.wav=00;36:*.oga=00;36:*.opus=00;36:*.spx=00;36:*.xspf=00;36:', 'VSCODE_GIT_IPC_HANDLE': '/run/user/1000/vscode-git-13d6c4deeb.sock', 'GNOME_TERMINAL_SERVICE': ':1.135', 'TERM_PROGRAM': 'vscode', 'SSH_AGENT_LAUNCHER': 'gnome-keyring', 'SSH_AUTH_SOCK': '/run/user/1000/keyring/ssh', 'GSETTINGS_SCHEMA_DIR': '/home/denis/snap/code/230/.local/share/glib-2.0/schemas', 'AMENT_PREFIX_PATH': '/home/denis/DENIS/RollerBot23/guardros_ws/install/guardros_msgs:/opt/ros/humble', 'SHELL': '/bin/bash', 'QT_ACCESSIBILITY': '1', 'GDMSESSION': 'ubuntu', 'LESSCLOSE': '/usr/bin/lesspipe %s %s', 'GTK_PATH_VSCODE_SNAP_ORIG': '', 'FONTCONFIG_FILE': '/etc/fonts/fonts.conf', 'GTK_IM_MODULE_FILE_VSCODE_SNAP_ORIG': '', 'VSCODE_GIT_ASKPASS_EXTRA_ARGS': '', 'QT_IM_MODULE': 'ibus', 'PWD': '/home/denis/DENIS/RollerBot23/guardros_ws/build/rb23_audio', 'XDG_CONFIG_DIRS': '/etc/xdg/xdg-ubuntu:/etc/xdg', 'XDG_DATA_DIRS': '/home/denis/snap/code/230/.local/share:/home/denis/snap/code/230:/snap/code/230/usr/share:/usr/share/ubuntu:/usr/local/share/:/usr/share/:/var/lib/snapd/desktop', 'PYTHONPATH': '/home/denis/DENIS/RollerBot23/guardros_ws/build/rb23_audio/prefix_override:/usr/lib/python3/dist-packages/colcon_core/task/python/colcon_distutils_commands:/home/denis/DENIS/RollerBot23/guardros_ws/install/rb23_audio/lib/python3.10/site-packages:/home/denis/DENIS/RollerBot23/guardros_ws/install/guardros_msgs/local/lib/python3.10/dist-packages:/opt/ros/humble/lib/python3.10/site-packages:/opt/ros/humble/local/lib/python3.10/dist-packages', 'COLCON': '1', 'VTE_VERSION': '6800', 'CMAKE_PREFIX_PATH': '/home/denis/DENIS/RollerBot23/guardros_ws/install/guardros_msgs'}, 'shell': False}
[2.504532] (rb23_experiment_logger) Command: {'cmd': ['/usr/bin/python3', '-W', 'ignore:setup.py install is deprecated', '-W', 'ignore:easy_install command is deprecated', 'setup.py', 'egg_info', '--egg-base', '../../build/rb23_experiment_logger', 'build', '--build-base', '/home/denis/DENIS/RollerBot23/guardros_ws/build/rb23_experiment_logger/build', 'install', '--record', '/home/denis/DENIS/RollerBot23/guardros_ws/build/rb23_experiment_logger/install.log', '--single-version-externally-managed', 'install_data'], 'cwd': '/home/denis/DENIS/RollerBot23/guardros_ws/src/rb23_experiment_logger', 'env': {'PYTHON_BASIC_REPL': '1', 'LESSOPEN': '| /usr/bin/lesspipe %s', 'LANGUAGE': 'pt_BR:pt:en', 'USER': 'denis', 'FONTCONFIG_PATH': '/etc/fonts', 'GIO_MODULE_DIR': '/home/denis/snap/code/common/.cache/gio-modules', 'XDG_SESSION_TYPE': 'wayland', 'GIT_ASKPASS': '/snap/code/230/usr/share/code/resources/app/extensions/git/dist/askpass.sh', 'GTK_EXE_PREFIX_VSCODE_SNAP_ORIG': '', 'IGNITION_VERSION': 'citadel', 'GDK_BACKEND_VSCODE_SNAP_ORIG': '', 'SHLVL': '2', 'LD_LIBRARY_PATH': '/home/denis/DENIS/RollerBot23/guardros_ws/install/guardros_msgs/lib:/opt/ros/humble/opt/rviz_ogre_vendor/lib:/opt/ros/humble/lib/x86_64-linux-gnu:/opt/ros/humble/lib', 'HOME': '/home/denis', 'CHROME_DESKTOP': 'code.desktop', 'LOCPATH_VSCODE_SNAP_ORIG': '', 'OLDPWD': '/home/denis/DENIS/RollerBot23/guardros_ws/src', 'TERM_PROGRAM_VERSION': '1.112.0', 'DESKTOP_SESSION': 'ubuntu', 'GTK_PATH': '/snap/code/230/usr/lib/x86_64-linux-gnu/gtk-3.0', 'XDG_DATA_HOME_VSCODE_SNAP_ORIG': '', 'GTK_IM_MODULE_FILE': '/home/denis/snap/code/common/.cache/immodules/immodules.cache', 'ROS_PYTHON_VERSION': '3', 'GNOME_SHELL_SESSION_MODE': 'ubuntu', 'GTK_MODULES': 'gail:atk-bridge', 'GSETTINGS_SCHEMA_DIR_VSCODE_SNAP_ORIG': '', 'VSCODE_GIT_ASKPASS_MAIN': '/snap/code/230/usr/share/code/resources/app/extensions/git/dist/askpass-main.js', 'VSCODE_GIT_ASKPASS_NODE': '/snap/code/230/usr/share/code/code', 'PYDEVD_DISABLE_FILE_VALIDATION': '1', 'SYSTEMD_EXEC_PID': '1959', 'BUNDLED_DEBUGPY_PATH': '/home/denis/.vscode/extensions/ms-python.debugpy-2025.18.0-linux-x64/bundled/libs/debugpy', 'VSCODE_PYTHON_AUTOACTIVATE_GUARD': '1', 'DBUS_SESSION_BUS_ADDRESS': 'unix:path=/run/user/1000/bus', 'COLORTERM': 'truecolor', 'IM_CONFIG_PHASE': '1', 'WAYLAND_DISPLAY': 'wayland-0', 'ROS_DISTRO': 'humble', 'LOGNAME': 'denis', '_': '/usr/bin/colcon', 'ROS_VERSION': '2', 'XDG_CONFIG_DIRS_VSCODE_SNAP_ORIG': '/etc/xdg/xdg-ubuntu:/etc/xdg', 'XDG_SESSION_CLASS': 'user', 'XDG_DATA_DIRS_VSCODE_SNAP_ORIG': '/usr/share/ubuntu:/usr/local/share/:/usr/share/:/var/lib/snapd/desktop', 'USERNAME': 'denis', 'TERM': 'xterm-256color', 'GNOME_DESKTOP_SESSION_ID': 'this-is-deprecated', 'FC_FONTATIONS': '1', 'ROS_LOCALHOST_ONLY': '0', 'PATH': '/opt/ros/humble/bin:/usr/local/sbin:/usr/local/bin:/usr/sbin:/usr/bin:/sbin:/bin:/usr/games:/usr/local/games:/snap/bin:/snap/bin:/home/denis/.vscode/extensions/ms-python.debugpy-2025.18.0-linux-x64/bundled/scripts/noConfigScripts', 'SESSION_MANAGER': 'local/denis-Aspire-A515-54G:@/tmp/.ICE-unix/1731,unix/denis-Aspire-A515-54G:/tmp/.ICE-unix/1731', 'GTK_EXE_PREFIX': '/snap/code/230/usr', 'XDG_MENU_PREFIX': 'gnome-', 'GNOME_TERMINAL_SCREEN': '/org/gnome/Terminal/screen/4a8434a4_f508_4cba_8540_e13adf077492', 'GNOME_SETUP_DISPLAY': ':1', 'XDG_RUNTIME_DIR': '/run/user/1000', 'GDK_BACKEND': 'x11', 'DISPLAY': ':0', 'LOCPATH': '/snap/code/230/usr/lib/locale', 'VSCODE_DEBUGPY_ADAPTER_ENDPOINTS': '/home/denis/.vscode/extensions/ms-python.debugpy-2025.18.0-linux-x64/.noConfigDebugAdapterEndpoints/endpoint-34710e7746cf2fe7.txt', 'LANG': 'pt_BR.UTF-8', 'XDG_CURRENT_DESKTOP': 'ubuntu:GNOME', 'PYTHONSTARTUP': '/home/denis/.config/Code/User/workspaceStorage/df2967002095e09e96d32d7293e245d6/ms-python.python/pythonrc.py', 'GIO_MODULE_DIR_VSCODE_SNAP_ORIG': '', 'XDG_DATA_HOME': '/home/denis/snap/code/230/.local/share', 'XMODIFIERS': '@im=ibus', 'XDG_SESSION_DESKTOP': 'ubuntu', 'XAUTHORITY': '/run/user/1000/.mutter-Xwaylandauth.RZ2LO3', 'LS_COLORS': 'rs=0:di=01;34:ln=01;36:mh=00:pi=40;33:so=01;35:do=01;35:bd=40;33;01:cd=40;33;01:or=40;31;01:mi=00:su=37;41:sg=30;43:ca=30;41:tw=30;42:ow=34;42:st=37;44:ex=01;32:*.tar=01;31:*.tgz=01;31:*.arc=01;31:*.arj=01;31:*.taz=01;31:*.lha=01;31:*.lz4=01;31:*.lzh=01;31:*.lzma=01;31:*.tlz=01;31:*.txz=01;31:*.tzo=01;31:*.t7z=01;31:*.zip=01;31:*.z=01;31:*.dz=01;31:*.gz=01;31:*.lrz=01;31:*.lz=01;31:*.lzo=01;31:*.xz=01;31:*.zst=01;31:*.tzst=01;31:*.bz2=01;31:*.bz=01;31:*.tbz=01;31:*.tbz2=01;31:*.tz=01;31:*.deb=01;31:*.rpm=01;31:*.jar=01;31:*.war=01;31:*.ear=01;31:*.sar=01;31:*.rar=01;31:*.alz=01;31:*.ace=01;31:*.zoo=01;31:*.cpio=01;31:*.7z=01;31:*.rz=01;31:*.cab=01;31:*.wim=01;31:*.swm=01;31:*.dwm=01;31:*.esd=01;31:*.jpg=01;35:*.jpeg=01;35:*.mjpg=01;35:*.mjpeg=01;35:*.gif=01;35:*.bmp=01;35:*.pbm=01;35:*.pgm=01;35:*.ppm=01;35:*.tga=01;35:*.xbm=01;35:*.xpm=01;35:*.tif=01;35:*.tiff=01;35:*.png=01;35:*.svg=01;35:*.svgz=01;35:*.mng=01;35:*.pcx=01;35:*.mov=01;35:*.mpg=01;35:*.mpeg=01;35:*.m2v=01;35:*.mkv=01;35:*.webm=01;35:*.webp=01;35:*.ogm=01;35:*.mp4=01;35:*.m4v=01;35:*.mp4v=01;35:*.vob=01;35:*.qt=01;35:*.nuv=01;35:*.wmv=01;35:*.asf=01;35:*.rm=01;35:*.rmvb=01;35:*.flc=01;35:*.avi=01;35:*.fli=01;35:*.flv=01;35:*.gl=01;35:*.dl=01;35:*.xcf=01;35:*.xwd=01;35:*.yuv=01;35:*.cgm=01;35:*.emf=01;35:*.ogv=01;35:*.ogx=01;35:*.aac=00;36:*.au=00;36:*.flac=00;36:*.m4a=00;36:*.mid=00;36:*.midi=00;36:*.mka=00;36:*.mp3=00;36:*.mpc=00;36:*.ogg=00;36:*.ra=00;36:*.wav=00;36:*.oga=00;36:*.opus=00;36:*.spx=00;36:*.xspf=00;36:', 'VSCODE_GIT_IPC_HANDLE': '/run/user/1000/vscode-git-13d6c4deeb.sock', 'GNOME_TERMINAL_SERVICE': ':1.135', 'TERM_PROGRAM': 'vscode', 'SSH_AGENT_LAUNCHER': 'gnome-keyring', 'SSH_AUTH_SOCK': '/run/user/1000/keyring/ssh', 'GSETTINGS_SCHEMA_DIR': '/home/denis/snap/code/230/.local/share/glib-2.0/schemas', 'AMENT_PREFIX_PATH': '/home/denis/DENIS/RollerBot23/guardros_ws/install/guardros_msgs:/opt/ros/humble', 'SHELL': '/bin/bash', 'QT_ACCESSIBILITY': '1', 'GDMSESSION': 'ubuntu', 'LESSCLOSE': '/usr/bin/lesspipe %s %s', 'GTK_PATH_VSCODE_SNAP_ORIG': '', 'FONTCONFIG_FILE': '/etc/fonts/fonts.conf', 'GTK_IM_MODULE_FILE_VSCODE_SNAP_ORIG': '', 'VSCODE_GIT_ASKPASS_EXTRA_ARGS': '', 'QT_IM_MODULE': 'ibus', 'PWD': '/home/denis/DENIS/RollerBot23/guardros_ws/build/rb23_experiment_logger', 'XDG_CONFIG_DIRS': '/etc/xdg/xdg-ubuntu:/etc/xdg', 'XDG_DATA_DIRS': '/home/denis/snap/code/230/.local/share:/home/denis/snap/code/230:/snap/code/230/usr/share:/usr/share/ubuntu:/usr/local/share/:/usr/share/:/var/lib/snapd/desktop', 'PYTHONPATH': '/home/denis/DENIS/RollerBot23/guardros_ws/build/rb23_experiment_logger/prefix_override:/usr/lib/python3/dist-packages/colcon_core/task/python/colcon_distutils_commands:/home/denis/DENIS/RollerBot23/guardros_ws/install/rb23_experiment_logger/lib/python3.10/site-packages:/home/denis/DENIS/RollerBot23/guardros_ws/install/guardros_msgs/local/lib/python3.10/dist-packages:/opt/ros/humble/lib/python3.10/site-packages:/opt/ros/humble/local/lib/python3.10/dist-packages', 'COLCON': '1', 'VTE_VERSION': '6800', 'CMAKE_PREFIX_PATH': '/home/denis/DENIS/RollerBot23/guardros_ws/install/guardros_msgs'}, 'shell': False}
[2.507213] (-) TimerEvent: {}
[2.526503] (rb23_telemetry_viewer) Command: {'cmd': ['/usr/bin/python3', '-W', 'ignore:setup.py install is deprecated', '-W', 'ignore:easy_install command is deprecated', 'setup.py', 'egg_info', '--egg-base', '../../build/rb23_telemetry_viewer', 'build', '--build-base', '/home/denis/DENIS/RollerBot23/guardros_ws/build/rb23_telemetry_viewer/build', 'install', '--record', '/home/denis/DENIS/RollerBot23/guardros_ws/build/rb23_telemetry_viewer/install.log', '--single-version-externally-managed', 'install_data'], 'cwd': '/home/denis/DENIS/RollerBot23/guardros_ws/src/rb23_telemetry_viewer', 'env': {'PYTHON_BASIC_REPL': '1', 'LESSOPEN': '| /usr/bin/lesspipe %s', 'LANGUAGE': 'pt_BR:pt:en', 'USER': 'denis', 'FONTCONFIG_PATH': '/etc/fonts', 'GIO_MODULE_DIR': '/home/denis/snap/code/common/.cache/gio-modules', 'XDG_SESSION_TYPE': 'wayland', 'GIT_ASKPASS': '/snap/code/230/usr/share/code/resources/app/extensions/git/dist/askpass.sh', 'GTK_EXE_PREFIX_VSCODE_SNAP_ORIG': '', 'IGNITION_VERSION': 'citadel', 'GDK_BACKEND_VSCODE_SNAP_ORIG': '', 'SHLVL': '2', 'LD_LIBRARY_PATH': '/home/denis/DENIS/RollerBot23/guardros_ws/install/guardros_msgs/lib:/opt/ros/humble/opt/rviz_ogre_vendor/lib:/opt/ros/humble/lib/x86_64-linux-gnu:/opt/ros/humble/lib', 'HOME': '/home/denis', 'CHROME_DESKTOP': 'code.desktop', 'LOCPATH_VSCODE_SNAP_ORIG': '', 'OLDPWD': '/home/denis/DENIS/RollerBot23/guardros_ws/src', 'TERM_PROGRAM_VERSION': '1.112.0', 'DESKTOP_SESSION': 'ubuntu', 'GTK_PATH': '/snap/code/230/usr/lib/x86_64-linux-gnu/gtk-3.0', 'XDG_DATA_HOME_VSCODE_SNAP_ORIG': '', 'GTK_IM_MODULE_FILE': '/home/denis/snap/code/common/.cache/immodules/immodules.cache', 'ROS_PYTHON_VERSION': '3', 'GNOME_SHELL_SESSION_MODE': 'ubuntu', 'GTK_MODULES': 'gail:atk-bridge', 'GSETTINGS_SCHEMA_DIR_VSCODE_SNAP_ORIG': '', 'VSCODE_GIT_ASKPASS_MAIN': '/snap/code/230/usr/share/code/resources/app/extensions/git/dist/askpass-main.js', 'VSCODE_GIT_ASKPASS_NODE': '/snap/code/230/usr/share/code/code', 'PYDEVD_DISABLE_FILE_VALIDATION': '1', 'SYSTEMD_EXEC_PID': '1959', 'BUNDLED_DEBUGPY_PATH': '/home/denis/.vscode/extensions/ms-python.debugpy-2025.18.0-linux-x64/bundled/libs/debugpy', 'VSCODE_PYTHON_AUTOACTIVATE_GUARD': '1', 'DBUS_SESSION_BUS_ADDRESS': 'unix:path=/run/user/1000/bus', 'COLORTERM': 'truecolor', 'IM_CONFIG_PHASE': '1', 'WAYLAND_DISPLAY': 'wayland-0', 'ROS_DISTRO': 'humble', 'LOGNAME': 'denis', '_': '/usr/bin/colcon', 'ROS_VERSION': '2', 'XDG_CONFIG_DIRS_VSCODE_SNAP_ORIG': '/etc/xdg/xdg-ubuntu:/etc/xdg', 'XDG_SESSION_CLASS': 'user', 'XDG_DATA_DIRS_VSCODE_SNAP_ORIG': '/usr/share/ubuntu:/usr/local/share/:/usr/share/:/var/lib/snapd/desktop', 'USERNAME': 'denis', 'TERM': 'xterm-256color', 'GNOME_DESKTOP_SESSION_ID': 'this-is-deprecated', 'FC_FONTATIONS': '1', 'ROS_LOCALHOST_ONLY': '0', 'PATH': '/opt/ros/humble/bin:/usr/local/sbin:/usr/local/bin:/usr/sbin:/usr/bin:/sbin:/bin:/usr/games:/usr/local/games:/snap/bin:/snap/bin:/home/denis/.vscode/extensions/ms-python.debugpy-2025.18.0-linux-x64/bundled/scripts/noConfigScripts', 'SESSION_MANAGER': 'local/denis-Aspire-A515-54G:@/tmp/.ICE-unix/1731,unix/denis-Aspire-A515-54G:/tmp/.ICE-unix/1731', 'GTK_EXE_PREFIX': '/snap/code/230/usr', 'XDG_MENU_PREFIX': 'gnome-', 'GNOME_TERMINAL_SCREEN': '/org/gnome/Terminal/screen/4a8434a4_f508_4cba_8540_e13adf077492', 'GNOME_SETUP_DISPLAY': ':1', 'XDG_RUNTIME_DIR': '/run/user/1000', 'GDK_BACKEND': 'x11', 'DISPLAY': ':0', 'LOCPATH': '/snap/code/230/usr/lib/locale', 'VSCODE_DEBUGPY_ADAPTER_ENDPOINTS': '/home/denis/.vscode/extensions/ms-python.debugpy-2025.18.0-linux-x64/.noConfigDebugAdapterEndpoints/endpoint-34710e7746cf2fe7.txt', 'LANG': 'pt_BR.UTF-8', 'XDG_CURRENT_DESKTOP': 'ubuntu:GNOME', 'PYTHONSTARTUP': '/home/denis/.config/Code/User/workspaceStorage/df2967002095e09e96d32d7293e245d6/ms-python.python/pythonrc.py', 'GIO_MODULE_DIR_VSCODE_SNAP_ORIG': '', 'XDG_DATA_HOME': '/home/denis/snap/code/230/.local/share', 'XMODIFIERS': '@im=ibus', 'XDG_SESSION_DESKTOP': 'ubuntu', 'XAUTHORITY': '/run/user/1000/.mutter-Xwaylandauth.RZ2LO3', 'LS_COLORS': 'rs=0:di=01;34:ln=01;36:mh=00:pi=40;33:so=01;35:do=01;35:bd=40;33;01:cd=40;33;01:or=40;31;01:mi=00:su=37;41:sg=30;43:ca=30;41:tw=30;42:ow=34;42:st=37;44:ex=01;32:*.tar=01;31:*.tgz=01;31:*.arc=01;31:*.arj=01;31:*.taz=01;31:*.lha=01;31:*.lz4=01;31:*.lzh=01;31:*.lzma=01;31:*.tlz=01;31:*.txz=01;31:*.tzo=01;31:*.t7z=01;31:*.zip=01;31:*.z=01;31:*.dz=01;31:*.gz=01;31:*.lrz=01;31:*.lz=01;31:*.lzo=01;31:*.xz=01;31:*.zst=01;31:*.tzst=01;31:*.bz2=01;31:*.bz=01;31:*.tbz=01;31:*.tbz2=01;31:*.tz=01;31:*.deb=01;31:*.rpm=01;31:*.jar=01;31:*.war=01;31:*.ear=01;31:*.sar=01;31:*.rar=01;31:*.alz=01;31:*.ace=01;31:*.zoo=01;31:*.cpio=01;31:*.7z=01;31:*.rz=01;31:*.cab=01;31:*.wim=01;31:*.swm=01;31:*.dwm=01;31:*.esd=01;31:*.jpg=01;35:*.jpeg=01;35:*.mjpg=01;35:*.mjpeg=01;35:*.gif=01;35:*.bmp=01;35:*.pbm=01;35:*.pgm=01;35:*.ppm=01;35:*.tga=01;35:*.xbm=01;35:*.xpm=01;35:*.tif=01;35:*.tiff=01;35:*.png=01;35:*.svg=01;35:*.svgz=01;35:*.mng=01;35:*.pcx=01;35:*.mov=01;35:*.mpg=01;35:*.mpeg=01;35:*.m2v=01;35:*.mkv=01;35:*.webm=01;35:*.webp=01;35:*.ogm=01;35:*.mp4=01;35:*.m4v=01;35:*.mp4v=01;35:*.vob=01;35:*.qt=01;35:*.nuv=01;35:*.wmv=01;35:*.asf=01;35:*.rm=01;35:*.rmvb=01;35:*.flc=01;35:*.avi=01;35:*.fli=01;35:*.flv=01;35:*.gl=01;35:*.dl=01;35:*.xcf=01;35:*.xwd=01;35:*.yuv=01;35:*.cgm=01;35:*.emf=01;35:*.ogv=01;35:*.ogx=01;35:*.aac=00;36:*.au=00;36:*.flac=00;36:*.m4a=00;36:*.mid=00;36:*.midi=00;36:*.mka=00;36:*.mp3=00;36:*.mpc=00;36:*.ogg=00;36:*.ra=00;36:*.wav=00;36:*.oga=00;36:*.opus=00;36:*.spx=00;36:*.xspf=00;36:', 'VSCODE_GIT_IPC_HANDLE': '/run/user/1000/vscode-git-13d6c4deeb.sock', 'GNOME_TERMINAL_SERVICE': ':1.135', 'TERM_PROGRAM': 'vscode', 'SSH_AGENT_LAUNCHER': 'gnome-keyring', 'SSH_AUTH_SOCK': '/run/user/1000/keyring/ssh', 'GSETTINGS_SCHEMA_DIR': '/home/denis/snap/code/230/.local/share/glib-2.0/schemas', 'AMENT_PREFIX_PATH': '/home/denis/DENIS/RollerBot23/guardros_ws/install/guardros_msgs:/opt/ros/humble', 'SHELL': '/bin/bash', 'QT_ACCESSIBILITY': '1', 'GDMSESSION': 'ubuntu', 'LESSCLOSE': '/usr/bin/lesspipe %s %s', 'GTK_PATH_VSCODE_SNAP_ORIG': '', 'FONTCONFIG_FILE': '/etc/fonts/fonts.conf', 'GTK_IM_MODULE_FILE_VSCODE_SNAP_ORIG': '', 'VSCODE_GIT_ASKPASS_EXTRA_ARGS': '', 'QT_IM_MODULE': 'ibus', 'PWD': '/home/denis/DENIS/RollerBot23/guardros_ws/build/rb23_telemetry_viewer', 'XDG_CONFIG_DIRS': '/etc/xdg/xdg-ubuntu:/etc/xdg', 'XDG_DATA_DIRS': '/home/denis/snap/code/230/.local/share:/home/denis/snap/code/230:/snap/code/230/usr/share:/usr/share/ubuntu:/usr/local/share/:/usr/share/:/var/lib/snapd/desktop', 'PYTHONPATH': '/home/denis/DENIS/RollerBot23/guardros_ws/build/rb23_telemetry_viewer/prefix_override:/usr/lib/python3/dist-packages/colcon_core/task/python/colcon_distutils_commands:/home/denis/DENIS/RollerBot23/guardros_ws/install/rb23_telemetry_viewer/lib/python3.10/site-packages:/home/denis/DENIS/RollerBot23/guardros_ws/install/guardros_msgs/local/lib/python3.10/dist-packages:/opt/ros/humble/lib/python3.10/site-packages:/opt/ros/humble/local/lib/python3.10/dist-packages', 'COLCON': '1', 'VTE_VERSION': '6800', 'CMAKE_PREFIX_PATH': '/home/denis/DENIS/RollerBot23/guardros_ws/install/guardros_msgs'}, 'shell': False}
[2.607346] (-) TimerEvent: {}
[2.707640] (-) TimerEvent: {}
[2.766535] (rb23_audio) StdoutLine: {'line': b'running egg_info\n'}
[2.767632] (rb23_audio) StdoutLine: {'line': b'writing ../../build/rb23_audio/rb23_audio.egg-info/PKG-INFO\n'}
[2.767923] (rb23_audio) StdoutLine: {'line': b'writing dependency_links to ../../build/rb23_audio/rb23_audio.egg-info/dependency_links.txt\n'}
[2.768117] (rb23_audio) StdoutLine: {'line': b'writing entry points to ../../build/rb23_audio/rb23_audio.egg-info/entry_points.txt\n'}
[2.768265] (rb23_audio) StdoutLine: {'line': b'writing requirements to ../../build/rb23_audio/rb23_audio.egg-info/requires.txt\n'}
[2.768450] (rb23_audio) StdoutLine: {'line': b'writing top-level names to ../../build/rb23_audio/rb23_audio.egg-info/top_level.txt\n'}
[2.770973] (rb23_audio) StdoutLine: {'line': b"reading manifest file '../../build/rb23_audio/rb23_audio.egg-info/SOURCES.txt'\n"}
[2.772058] (rb23_audio) StdoutLine: {'line': b"writing manifest file '../../build/rb23_audio/rb23_audio.egg-info/SOURCES.txt'\n"}
[2.772241] (rb23_audio) StdoutLine: {'line': b'running build\n'}
[2.772375] (rb23_audio) StdoutLine: {'line': b'running build_py\n'}
[2.772760] (rb23_audio) StdoutLine: {'line': b'running install\n'}
[2.773216] (rb23_audio) StdoutLine: {'line': b'running install_lib\n'}
[2.774932] (rb23_audio) StdoutLine: {'line': b'running install_data\n'}
[2.775136] (rb23_audio) StdoutLine: {'line': b'running install_egg_info\n'}
[2.777004] (rb23_audio) StdoutLine: {'line': b"removing '/home/denis/DENIS/RollerBot23/guardros_ws/install/rb23_audio/lib/python3.10/site-packages/rb23_audio-0.0.0-py3.10.egg-info' (and everything under it)\n"}
[2.777297] (rb23_audio) StdoutLine: {'line': b'Copying ../../build/rb23_audio/rb23_audio.egg-info to /home/denis/DENIS/RollerBot23/guardros_ws/install/rb23_audio/lib/python3.10/site-packages/rb23_audio-0.0.0-py3.10.egg-info\n'}
[2.778142] (rb23_audio) StdoutLine: {'line': b'running install_scripts\n'}
[2.799179] (rb23_audio) StdoutLine: {'line': b'Installing rb23_audio_node script to /home/denis/DENIS/RollerBot23/guardros_ws/install/rb23_audio/lib/rb23_audio\n'}
[2.799494] (rb23_audio) StdoutLine: {'line': b"writing list of installed files to '/home/denis/DENIS/RollerBot23/guardros_ws/build/rb23_audio/install.log'\n"}
[2.799694] (rb23_telemetry_viewer) StdoutLine: {'line': b'running egg_info\n'}
[2.800565] (rb23_telemetry_viewer) StdoutLine: {'line': b'writing ../../build/rb23_telemetry_viewer/rb23_telemetry_viewer.egg-info/PKG-INFO\n'}
[2.800776] (rb23_telemetry_viewer) StdoutLine: {'line': b'writing dependency_links to ../../build/rb23_telemetry_viewer/rb23_telemetry_viewer.egg-info/dependency_links.txt\n'}
[2.800964] (rb23_telemetry_viewer) StdoutLine: {'line': b'writing entry points to ../../build/rb23_telemetry_viewer/rb23_telemetry_viewer.egg-info/entry_points.txt\n'}
[2.801134] (rb23_telemetry_viewer) StdoutLine: {'line': b'writing requirements to ../../build/rb23_telemetry_viewer/rb23_telemetry_viewer.egg-info/requires.txt\n'}
[2.801273] (rb23_telemetry_viewer) StdoutLine: {'line': b'writing top-level names to ../../build/rb23_telemetry_viewer/rb23_telemetry_viewer.egg-info/top_level.txt\n'}
[2.803127] (rb23_telemetry_viewer) StdoutLine: {'line': b"reading manifest file '../../build/rb23_telemetry_viewer/rb23_telemetry_viewer.egg-info/SOURCES.txt'\n"}
[2.804092] (rb23_telemetry_viewer) StdoutLine: {'line': b"writing manifest file '../../build/rb23_telemetry_viewer/rb23_telemetry_viewer.egg-info/SOURCES.txt'\n"}
[2.804305] (rb23_telemetry_viewer) StdoutLine: {'line': b'running build\n'}
[2.804433] (rb23_telemetry_viewer) StdoutLine: {'line': b'running build_py\n'}
[2.804593] (rb23_telemetry_viewer) StdoutLine: {'line': b'running install\n'}
[2.804926] (rb23_telemetry_viewer) StdoutLine: {'line': b'running install_lib\n'}
[2.806252] (rb23_telemetry_viewer) StdoutLine: {'line': b'running install_data\n'}
[2.806462] (rb23_telemetry_viewer) StdoutLine: {'line': b'running install_egg_info\n'}
[2.807715] (-) TimerEvent: {}
[2.808378] (rb23_telemetry_viewer) StdoutLine: {'line': b"removing '/home/denis/DENIS/RollerBot23/guardros_ws/install/rb23_telemetry_viewer/lib/python3.10/site-packages/rb23_telemetry_viewer-0.0.1-py3.10.egg-info' (and everything under it)\n"}
[2.808850] (rb23_telemetry_viewer) StdoutLine: {'line': b'Copying ../../build/rb23_telemetry_viewer/rb23_telemetry_viewer.egg-info to /home/denis/DENIS/RollerBot23/guardros_ws/install/rb23_telemetry_viewer/lib/python3.10/site-packages/rb23_telemetry_viewer-0.0.1-py3.10.egg-info\n'}
[2.809820] (rb23_telemetry_viewer) StdoutLine: {'line': b'running install_scripts\n'}
[2.830992] (rb23_experiment_logger) StdoutLine: {'line': b'running egg_info\n'}
[2.832014] (rb23_audio) CommandEnded: {'returncode': 0}
[2.832828] (rb23_experiment_logger) StdoutLine: {'line': b'writing ../../build/rb23_experiment_logger/rb23_experiment_logger.egg-info/PKG-INFO\n'}
[2.833176] (rb23_experiment_logger) StdoutLine: {'line': b'writing dependency_links to ../../build/rb23_experiment_logger/rb23_experiment_logger.egg-info/dependency_links.txt\n'}
[2.833375] (rb23_experiment_logger) StdoutLine: {'line': b'writing entry points to ../../build/rb23_experiment_logger/rb23_experiment_logger.egg-info/entry_points.txt\n'}
[2.833508] (rb23_experiment_logger) StdoutLine: {'line': b'writing requirements to ../../build/rb23_experiment_logger/rb23_experiment_logger.egg-info/requires.txt\n'}
[2.833623] (rb23_experiment_logger) StdoutLine: {'line': b'writing top-level names to ../../build/rb23_experiment_logger/rb23_experiment_logger.egg-info/top_level.txt\n'}
[2.835299] (rb23_experiment_logger) StdoutLine: {'line': b"reading manifest file '../../build/rb23_experiment_logger/rb23_experiment_logger.egg-info/SOURCES.txt'\n"}
[2.836667] (rb23_experiment_logger) StdoutLine: {'line': b"writing manifest file '../../build/rb23_experiment_logger/rb23_experiment_logger.egg-info/SOURCES.txt'\n"}
[2.836934] (rb23_experiment_logger) StdoutLine: {'line': b'running build\n'}
[2.837214] (rb23_experiment_logger) StdoutLine: {'line': b'running build_py\n'}
[2.837581] (rb23_experiment_logger) StdoutLine: {'line': b'copying rb23_experiment_logger/rb23_experiment_logger_node_bkp.py -> /home/denis/DENIS/RollerBot23/guardros_ws/build/rb23_experiment_logger/build/lib/rb23_experiment_logger\n'}
[2.837817] (rb23_experiment_logger) StdoutLine: {'line': b'copying rb23_experiment_logger/rb23_experiment_logger_node.py -> /home/denis/DENIS/RollerBot23/guardros_ws/build/rb23_experiment_logger/build/lib/rb23_experiment_logger\n'}
[2.837909] (rb23_experiment_logger) StdoutLine: {'line': b'running install\n'}
[2.838128] (rb23_experiment_logger) StdoutLine: {'line': b'running install_lib\n'}
[2.840242] (rb23_experiment_logger) StdoutLine: {'line': b'copying /home/denis/DENIS/RollerBot23/guardros_ws/build/rb23_experiment_logger/build/lib/rb23_experiment_logger/rb23_experiment_logger_node_bkp.py -> /home/denis/DENIS/RollerBot23/guardros_ws/install/rb23_experiment_logger/lib/python3.10/site-packages/rb23_experiment_logger\n'}
[2.840584] (rb23_experiment_logger) StdoutLine: {'line': b'copying /home/denis/DENIS/RollerBot23/guardros_ws/build/rb23_experiment_logger/build/lib/rb23_experiment_logger/rb23_experiment_logger_node.py -> /home/denis/DENIS/RollerBot23/guardros_ws/install/rb23_experiment_logger/lib/python3.10/site-packages/rb23_experiment_logger\n'}
[2.840695] (rb23_telemetry_viewer) StdoutLine: {'line': b'Installing rb23_telemetry_viewer_node script to /home/denis/DENIS/RollerBot23/guardros_ws/install/rb23_telemetry_viewer/lib/rb23_telemetry_viewer\n'}
[2.841230] (rb23_telemetry_viewer) StdoutLine: {'line': b"writing list of installed files to '/home/denis/DENIS/RollerBot23/guardros_ws/build/rb23_telemetry_viewer/install.log'\n"}
[2.841332] (rb23_experiment_logger) StdoutLine: {'line': b'byte-compiling /home/denis/DENIS/RollerBot23/guardros_ws/install/rb23_experiment_logger/lib/python3.10/site-packages/rb23_experiment_logger/rb23_experiment_logger_node_bkp.py to rb23_experiment_logger_node_bkp.cpython-310.pyc\n'}
[2.844850] (rb23_audio) JobEnded: {'identifier': 'rb23_audio', 'rc': 0}
[2.845773] (rb23_experiment_logger) StdoutLine: {'line': b'byte-compiling /home/denis/DENIS/RollerBot23/guardros_ws/install/rb23_experiment_logger/lib/python3.10/site-packages/rb23_experiment_logger/rb23_experiment_logger_node.py to rb23_experiment_logger_node.cpython-310.pyc\n'}
[2.848993] (rb23_experiment_logger) StdoutLine: {'line': b'running install_data\n'}
[2.849196] (rb23_experiment_logger) StdoutLine: {'line': b'copying package.xml -> /home/denis/DENIS/RollerBot23/guardros_ws/install/rb23_experiment_logger/share/rb23_experiment_logger\n'}
[2.849340] (rb23_experiment_logger) StdoutLine: {'line': b'running install_egg_info\n'}
[2.852403] (rb23_experiment_logger) StdoutLine: {'line': b"removing '/home/denis/DENIS/RollerBot23/guardros_ws/install/rb23_experiment_logger/lib/python3.10/site-packages/rb23_experiment_logger-0.0.1-py3.10.egg-info' (and everything under it)\n"}
[2.852692] (rb23_experiment_logger) StdoutLine: {'line': b'Copying ../../build/rb23_experiment_logger/rb23_experiment_logger.egg-info to /home/denis/DENIS/RollerBot23/guardros_ws/install/rb23_experiment_logger/lib/python3.10/site-packages/rb23_experiment_logger-0.0.1-py3.10.egg-info\n'}
[2.853629] (rb23_experiment_logger) StdoutLine: {'line': b'running install_scripts\n'}
[2.873128] (rb23_telemetry_viewer) CommandEnded: {'returncode': 0}
[2.882175] (rb23_telemetry_viewer) JobEnded: {'identifier': 'rb23_telemetry_viewer', 'rc': 0}
[2.882621] (rb23_experiment_logger) StdoutLine: {'line': b'Installing rb23_experiment_logger_node script to /home/denis/DENIS/RollerBot23/guardros_ws/install/rb23_experiment_logger/lib/rb23_experiment_logger\n'}
[2.882734] (rb23_experiment_logger) StdoutLine: {'line': b"writing list of installed files to '/home/denis/DENIS/RollerBot23/guardros_ws/build/rb23_experiment_logger/install.log'\n"}
[2.908244] (-) TimerEvent: {}
[2.912981] (rb23_experiment_logger) CommandEnded: {'returncode': 0}
[2.918116] (rb23_experiment_logger) JobEnded: {'identifier': 'rb23_experiment_logger', 'rc': 0}
[2.918917] (-) EventReactorShutdown: {}
