timestamp,elapsed_sec,seq,direction,payload_size_bytes,sample_rate,channels,encoding,samples_per_channel,dt_since_previous_sec
1778635753.2880874,0.06564545631408691,1,rx,2730,16000,1,pcm_u8,2730,
1778635753.453716,0.23127412796020508,2,rx,2730,16000,1,pcm_u8,2730,0.16562867164611816
1778635753.6307518,0.4083099365234375,3,rx,2730,16000,1,pcm_u8,2730,0.17703580856323242
1778635753.7940087,0.5715668201446533,4,rx,2730,16000,1,pcm_u8,2730,0.16325688362121582
1778635753.9707048,0.748262882232666,5,rx,2730,16000,1,pcm_u8,2730,0.1766960620880127
1778635754.1380894,0.9156475067138672,6,rx,2730,16000,1,pcm_u8,2730,0.16738462448120117
1778635754.3109424,1.0885004997253418,7,rx,2730,16000,1,pcm_u8,2730,0.1728529930114746
1778635754.4881961,1.265754222869873,8,rx,2730,16000,1,pcm_u8,2730,0.17725372314453125
1778635754.6522965,1.4298546314239502,9,rx,2730,16000,1,pcm_u8,2730,0.16410040855407715
1778635754.8249238,1.6024818420410156,10,rx,2730,16000,1,pcm_u8,2730,0.17262721061706543
1778635754.9954646,1.7730226516723633,11,rx,2730,16000,1,pcm_u8,2730,0.17054080963134766
1778635755.1645584,1.9421164989471436,12,rx,2730,16000,1,pcm_u8,2730,0.16909384727478027
1778635755.3335042,2.1110622882843018,13,rx,2730,16000,1,pcm_u8,2730,0.1689457893371582
1778635755.5064616,2.284019708633423,14,rx,2730,16000,1,pcm_u8,2730,0.1729574203491211
1778635755.6752217,2.452779769897461,15,rx,2730,16000,1,pcm_u8,2730,0.16876006126403809
1778635755.845522,2.623080015182495,16,rx,2730,16000,1,pcm_u8,2730,0.17030024528503418
1778635756.0182633,2.79582142829895,17,rx,2730,16000,1,pcm_u8,2730,0.17274141311645508
1778635756.1860206,2.963578701019287,18,rx,2730,16000,1,pcm_u8,2730,0.16775727272033691
1778635756.357762,3.1353201866149902,19,rx,2730,16000,1,pcm_u8,2730,0.17174148559570312
1778635756.535594,3.3131520748138428,20,rx,2730,16000,1,pcm_u8,2730,0.17783188819885254
1778635756.69858,3.476138114929199,21,rx,2730,16000,1,pcm_u8,2730,0.16298604011535645
1778635756.8691623,3.6467204093933105,22,rx,2730,16000,1,pcm_u8,2730,0.17058229446411133
1778635757.0449364,3.8224945068359375,23,rx,2730,16000,1,pcm_u8,2730,0.17577409744262695
1778635757.2099278,3.987485885620117,24,rx,2730,16000,1,pcm_u8,2730,0.1649913787841797
1778635757.381474,4.159032106399536,25,rx,2730,16000,1,pcm_u8,2730,0.17154622077941895
1778635757.5543723,4.33193039894104,26,rx,2730,16000,1,pcm_u8,2730,0.1728982925415039
1778635757.7239141,4.501472234725952,27,rx,2730,16000,1,pcm_u8,2730,0.1695418357849121
1778635757.8948348,4.672392845153809,28,rx,2730,16000,1,pcm_u8,2730,0.17092061042785645
1778635758.066454,4.844012022018433,29,rx,2730,16000,1,pcm_u8,2730,0.17161917686462402
1778635758.2358165,5.01337456703186,30,rx,2730,16000,1,pcm_u8,2730,0.16936254501342773
1778635758.405632,5.183190107345581,31,rx,2730,16000,1,pcm_u8,2730,0.1698155403137207
1778635758.5838327,5.361390829086304,32,rx,2730,16000,1,pcm_u8,2730,0.17820072174072266
1778635758.746707,5.5242650508880615,33,rx,2730,16000,1,pcm_u8,2730,0.1628742218017578
1778635758.9172919,5.694849967956543,34,rx,2730,16000,1,pcm_u8,2730,0.17058491706848145
1778635759.0911045,5.868662595748901,35,rx,2730,16000,1,pcm_u8,2730,0.1738126277923584
1778635759.2589426,6.036500692367554,36,rx,2730,16000,1,pcm_u8,2730,0.16783809661865234
1778635759.4356058,6.21316385269165,37,rx,2730,16000,1,pcm_u8,2730,0.17666316032409668
1778635759.602955,6.3805131912231445,38,rx,2730,16000,1,pcm_u8,2730,0.16734933853149414
1778635759.7716613,6.549219369888306,39,rx,2730,16000,1,pcm_u8,2730,0.16870617866516113
1778635759.9435163,6.721074342727661,40,rx,2730,16000,1,pcm_u8,2730,0.17185497283935547
1778635760.1151083,6.892666339874268,41,rx,2730,16000,1,pcm_u8,2730,0.17159199714660645
1778635760.2840548,7.061612844467163,42,rx,2730,16000,1,pcm_u8,2730,0.1689465045928955
1778635760.4539754,7.231533527374268,43,rx,2730,16000,1,pcm_u8,2730,0.1699206829071045
1778635760.626739,7.404297113418579,44,rx,2730,16000,1,pcm_u8,2730,0.17276358604431152
1778635760.7953541,7.572912216186523,45,rx,2730,16000,1,pcm_u8,2730,0.16861510276794434
1778635760.96666,7.744218111038208,46,rx,2730,16000,1,pcm_u8,2730,0.17130589485168457
1778635761.1320853,7.9096434116363525,47,rx,2730,16000,1,pcm_u8,2730,0.16542530059814453
1778635761.302699,8.080257177352905,48,rx,2730,16000,1,pcm_u8,2730,0.17061376571655273
1778635761.477798,8.255356073379517,49,rx,2730,16000,1,pcm_u8,2730,0.17509889602661133
1778635761.64423,8.421787977218628,50,rx,2730,16000,1,pcm_u8,2730,0.16643190383911133
1778635761.8190546,8.596612691879272,51,rx,2730,16000,1,pcm_u8,2730,0.17482471466064453
1778635761.9863362,8.763894319534302,52,rx,2730,16000,1,pcm_u8,2730,0.1672816276550293
1778635762.156799,8.934357166290283,53,rx,2730,16000,1,pcm_u8,2730,0.17046284675598145
1778635762.3274045,9.104962587356567,54,rx,2730,16000,1,pcm_u8,2730,0.17060542106628418
1778635762.497524,9.275082111358643,55,rx,2730,16000,1,pcm_u8,2730,0.1701195240020752
1778635762.668718,9.446276187896729,56,rx,2730,16000,1,pcm_u8,2730,0.17119407653808594
1778635762.8394604,9.617018461227417,57,rx,2730,16000,1,pcm_u8,2730,0.17074227333068848
1778635763.0100574,9.787615537643433,58,rx,2730,16000,1,pcm_u8,2730,0.17059707641601562
1778635763.1827998,9.960357904434204,59,rx,2730,16000,1,pcm_u8,2730,0.17274236679077148
1778635763.3505394,10.128097534179688,60,rx,2730,16000,1,pcm_u8,2730,0.1677396297454834
1778635763.5225854,10.300143480300903,61,rx,2730,16000,1,pcm_u8,2730,0.17204594612121582
1778635763.698688,10.476246118545532,62,rx,2730,16000,1,pcm_u8,2730,0.1761026382446289
1778635763.863547,10.64110517501831,63,rx,2730,16000,1,pcm_u8,2730,0.16485905647277832
1778635764.033876,10.811434030532837,64,rx,2730,16000,1,pcm_u8,2730,0.17032885551452637
1778635764.2048128,10.982370853424072,65,rx,2730,16000,1,pcm_u8,2730,0.17093682289123535
1778635764.3782008,11.15575885772705,66,rx,2730,16000,1,pcm_u8,2730,0.17338800430297852
1778635764.547746,11.32530403137207,67,rx,2730,16000,1,pcm_u8,2730,0.16954517364501953
1778635764.7231553,11.500713348388672,68,rx,2730,16000,1,pcm_u8,2730,0.17540931701660156
1778635764.894991,11.67254900932312,69,rx,2730,16000,1,pcm_u8,2730,0.17183566093444824
1778635765.0586557,11.836213827133179,70,rx,2730,16000,1,pcm_u8,2730,0.1636648178100586
1778635765.228884,12.006442070007324,71,rx,2730,16000,1,pcm_u8,2730,0.1702282428741455
1778635765.4019256,12.179483652114868,72,rx,2730,16000,1,pcm_u8,2730,0.17304158210754395
1778635765.575506,12.353064060211182,73,rx,2730,16000,1,pcm_u8,2730,0.17358040809631348
1778635765.7418513,12.519409418106079,74,rx,2730,16000,1,pcm_u8,2730,0.16634535789489746
1778635765.9115472,12.68910527229309,75,rx,2730,16000,1,pcm_u8,2730,0.16969585418701172
1778635766.0872283,12.864786386489868,76,rx,2730,16000,1,pcm_u8,2730,0.17568111419677734
1778635766.2586052,13.036163330078125,77,rx,2730,16000,1,pcm_u8,2730,0.17137694358825684
1778635766.4291046,13.206662654876709,78,rx,2730,16000,1,pcm_u8,2730,0.17049932479858398
1778635766.5985253,13.376083374023438,79,rx,2730,16000,1,pcm_u8,2730,0.16942071914672852
1778635766.7706847,13.548242807388306,80,rx,2730,16000,1,pcm_u8,2730,0.17215943336486816
1778635766.941093,13.718651056289673,81,rx,2730,16000,1,pcm_u8,2730,0.1704082489013672
1778635767.109241,13.886799097061157,82,rx,2730,16000,1,pcm_u8,2730,0.16814804077148438
1778635767.2830198,14.060577869415283,83,rx,2730,16000,1,pcm_u8,2730,0.17377877235412598
1778635767.4504316,14.227989673614502,84,rx,2730,16000,1,pcm_u8,2730,0.16741180419921875
1778635767.6232746,14.400832653045654,85,rx,2730,16000,1,pcm_u8,2730,0.17284297943115234
1778635767.7947586,14.572316646575928,86,rx,2730,16000,1,pcm_u8,2730,0.17148399353027344
1778635767.9641526,14.741710662841797,87,rx,2730,16000,1,pcm_u8,2730,0.16939401626586914
1778635768.1357896,14.913347721099854,88,rx,2730,16000,1,pcm_u8,2730,0.17163705825805664
1778635768.3081782,15.085736274719238,89,rx,2730,16000,1,pcm_u8,2730,0.17238855361938477
1778635768.477509,15.255067110061646,90,rx,2730,16000,1,pcm_u8,2730,0.16933083534240723
1778635768.647035,15.424592971801758,91,rx,2730,16000,1,pcm_u8,2730,0.1695258617401123
1778635768.8189635,15.596521615982056,92,rx,2730,16000,1,pcm_u8,2730,0.17192864418029785
1778635768.989745,15.767302989959717,93,rx,2730,16000,1,pcm_u8,2730,0.17078137397766113
1778635769.1574185,15.934976577758789,94,rx,2730,16000,1,pcm_u8,2730,0.16767358779907227
1778635769.3306527,16.108210802078247,95,rx,2730,16000,1,pcm_u8,2730,0.173234224319458
1778635769.503128,16.280686140060425,96,rx,2730,16000,1,pcm_u8,2730,0.17247533798217773
1778635769.6803365,16.457894563674927,97,rx,2730,16000,1,pcm_u8,2730,0.17720842361450195
1778635769.8425927,16.620150804519653,98,rx,2730,16000,1,pcm_u8,2730,0.16225624084472656
1778635770.0139978,16.791555881500244,99,rx,2730,16000,1,pcm_u8,2730,0.17140507698059082
1778635770.18218,16.95973801612854,100,rx,2730,16000,1,pcm_u8,2730,0.1681821346282959
1778635770.3548083,17.1323664188385,101,rx,2730,16000,1,pcm_u8,2730,0.17262840270996094
1778635770.5271745,17.30473256111145,102,rx,2730,16000,1,pcm_u8,2730,0.17236614227294922
1778635770.6941245,17.47168254852295,103,rx,2730,16000,1,pcm_u8,2730,0.16694998741149902
1778635770.9152644,17.692822456359863,104,rx,2730,16000,1,pcm_u8,2730,0.22113990783691406
1778635771.0361793,17.813737392425537,105,rx,2730,16000,1,pcm_u8,2730,0.12091493606567383
1778635771.206107,17.983664989471436,106,rx,2730,16000,1,pcm_u8,2730,0.16992759704589844
1778635771.3797739,18.157331943511963,107,rx,2730,16000,1,pcm_u8,2730,0.17366695404052734
1778635771.5478742,18.325432300567627,108,rx,2730,16000,1,pcm_u8,2730,0.16810035705566406
1778635771.7149775,18.49253559112549,109,rx,2730,16000,1,pcm_u8,2730,0.16710329055786133
1778635771.8856027,18.663160800933838,110,rx,2730,16000,1,pcm_u8,2730,0.1706252098083496
1778635772.0556357,18.8331937789917,111,rx,2730,16000,1,pcm_u8,2730,0.17003297805786133
1778635772.227309,19.00486707687378,112,rx,2730,16000,1,pcm_u8,2730,0.17167329788208008
1778635772.3964672,19.174025297164917,113,rx,2730,16000,1,pcm_u8,2730,0.1691582202911377
1778635772.5682526,19.345810651779175,114,rx,2730,16000,1,pcm_u8,2730,0.1717853546142578
1778635772.7383676,19.515925645828247,115,rx,2730,16000,1,pcm_u8,2730,0.17011499404907227
1778635772.9142275,19.69178557395935,116,rx,2730,16000,1,pcm_u8,2730,0.17585992813110352
1778635773.0844152,19.86197328567505,117,rx,2730,16000,1,pcm_u8,2730,0.17018771171569824
1778635773.251174,20.02873206138611,118,rx,2730,16000,1,pcm_u8,2730,0.16675877571105957
1778635773.4220161,20.19957423210144,119,rx,2730,16000,1,pcm_u8,2730,0.17084217071533203
1778635773.5918825,20.36944055557251,120,rx,2730,16000,1,pcm_u8,2730,0.16986632347106934
1778635773.7627108,20.540268898010254,121,rx,2730,16000,1,pcm_u8,2730,0.17082834243774414
1778635773.933947,20.71150517463684,122,rx,2730,16000,1,pcm_u8,2730,0.17123627662658691
1778635774.1048331,20.882391214370728,123,rx,2730,16000,1,pcm_u8,2730,0.17088603973388672
1778635774.2771838,21.054741859436035,124,rx,2730,16000,1,pcm_u8,2730,0.17235064506530762
1778635774.4448183,21.222376346588135,125,rx,2730,16000,1,pcm_u8,2730,0.1676344871520996
1778635774.6165688,21.394126892089844,126,rx,2730,16000,1,pcm_u8,2730,0.17175054550170898
1778635774.786732,21.564290046691895,127,rx,2730,16000,1,pcm_u8,2730,0.17016315460205078
1778635774.963209,21.740767002105713,128,rx,2730,16000,1,pcm_u8,2730,0.17647695541381836
1778635775.12821,21.905768156051636,129,rx,2730,16000,1,pcm_u8,2730,0.16500115394592285
1778635775.2986212,22.076179265975952,130,rx,2730,16000,1,pcm_u8,2730,0.1704111099243164
1778635775.4792585,22.256816625595093,131,rx,2730,16000,1,pcm_u8,2730,0.18063735961914062
1778635775.6403704,22.417928457260132,132,rx,2730,16000,1,pcm_u8,2730,0.16111183166503906
1778635775.810899,22.588457107543945,133,rx,2730,16000,1,pcm_u8,2730,0.17052865028381348
1778635775.9813023,22.75886034965515,134,rx,2730,16000,1,pcm_u8,2730,0.17040324211120605
1778635776.152529,22.930087089538574,135,rx,2730,16000,1,pcm_u8,2730,0.17122673988342285
1778635776.3250396,23.10259771347046,136,rx,2730,16000,1,pcm_u8,2730,0.17251062393188477
1778635776.4936535,23.271211624145508,137,rx,2730,16000,1,pcm_u8,2730,0.16861391067504883
1778635776.670636,23.44819402694702,138,rx,2730,16000,1,pcm_u8,2730,0.17698240280151367
1778635776.8403008,23.61785888671875,139,rx,2730,16000,1,pcm_u8,2730,0.16966485977172852
1778635777.0105152,23.788073301315308,140,rx,2730,16000,1,pcm_u8,2730,0.17021441459655762
1778635777.1823874,23.95994544029236,141,rx,2730,16000,1,pcm_u8,2730,0.17187213897705078
1778635777.3508973,24.12845540046692,142,rx,2730,16000,1,pcm_u8,2730,0.16850996017456055
1778635777.524929,24.30248713493347,143,rx,2730,16000,1,pcm_u8,2730,0.17403173446655273
1778635777.6918647,24.469422817230225,144,rx,2730,16000,1,pcm_u8,2730,0.16693568229675293
1778635777.8636224,24.641180515289307,145,rx,2730,16000,1,pcm_u8,2730,0.17175769805908203
1778635778.034747,24.812304973602295,146,rx,2730,16000,1,pcm_u8,2730,0.17112445831298828
1778635778.2053602,24.98291826248169,147,rx,2730,16000,1,pcm_u8,2730,0.17061328887939453
1778635778.3829255,25.160483598709106,148,rx,2730,16000,1,pcm_u8,2730,0.177565336227417
1778635778.5468872,25.324445247650146,149,rx,2730,16000,1,pcm_u8,2730,0.16396164894104004
1778635778.7206423,25.49820041656494,150,rx,2730,16000,1,pcm_u8,2730,0.17375516891479492
1778635778.8864484,25.66400647163391,151,rx,2730,16000,1,pcm_u8,2730,0.16580605506896973
1778635779.0589228,25.836480855941772,152,rx,2730,16000,1,pcm_u8,2730,0.17247438430786133
1778635779.2330754,26.01063346862793,153,rx,2730,16000,1,pcm_u8,2730,0.17415261268615723
1778635779.3995397,26.1770977973938,154,rx,2730,16000,1,pcm_u8,2730,0.16646432876586914
1778635779.5753968,26.352954864501953,155,rx,2730,16000,1,pcm_u8,2730,0.1758570671081543
1778635779.7415087,26.51906681060791,156,rx,2730,16000,1,pcm_u8,2730,0.16611194610595703
1778635779.9104767,26.688034772872925,157,rx,2730,16000,1,pcm_u8,2730,0.16896796226501465
1778635780.0833051,26.860863208770752,158,rx,2730,16000,1,pcm_u8,2730,0.17282843589782715
1778635780.2526207,27.030178785324097,159,rx,2730,16000,1,pcm_u8,2730,0.16931557655334473
1778635780.435853,27.21341109275818,160,rx,2730,16000,1,pcm_u8,2730,0.18323230743408203
1778635780.5988703,27.376428365707397,161,rx,2730,16000,1,pcm_u8,2730,0.16301727294921875
1778635780.7631097,27.54066777229309,162,rx,2730,16000,1,pcm_u8,2730,0.16423940658569336
1778635780.935838,27.713396072387695,163,rx,2730,16000,1,pcm_u8,2730,0.1727283000946045
1778635781.1072173,27.884775400161743,164,rx,2730,16000,1,pcm_u8,2730,0.17137932777404785
1778635781.273244,28.050801992416382,165,rx,2730,16000,1,pcm_u8,2730,0.16602659225463867
1778635781.4444537,28.22201180458069,166,rx,2730,16000,1,pcm_u8,2730,0.17120981216430664
1778635781.6211982,28.39875626564026,167,rx,2730,16000,1,pcm_u8,2730,0.1767444610595703
1778635781.784213,28.561771154403687,168,rx,2730,16000,1,pcm_u8,2730,0.16301488876342773
1778635781.9548962,28.732454299926758,169,rx,2730,16000,1,pcm_u8,2730,0.1706831455230713
1778635782.126663,28.904221057891846,170,rx,2730,16000,1,pcm_u8,2730,0.1717667579650879
1778635782.2964776,29.07403564453125,171,rx,2730,16000,1,pcm_u8,2730,0.1698145866394043
1778635782.4820507,29.25960874557495,172,rx,2730,16000,1,pcm_u8,2730,0.18557310104370117
1778635782.6380672,29.41562533378601,173,rx,2730,16000,1,pcm_u8,2730,0.15601658821105957
1778635782.8085608,29.586118936538696,174,rx,2730,16000,1,pcm_u8,2730,0.17049360275268555
1778635782.982212,29.759770154953003,175,rx,2730,16000,1,pcm_u8,2730,0.17365121841430664
1778635783.1554282,29.93298625946045,176,rx,2730,16000,1,pcm_u8,2730,0.1732161045074463
1778635783.3259888,30.103546857833862,177,rx,2730,16000,1,pcm_u8,2730,0.17056059837341309
1778635783.491817,30.26937508583069,178,rx,2730,16000,1,pcm_u8,2730,0.16582822799682617
1778635783.6645231,30.442081212997437,179,rx,2730,16000,1,pcm_u8,2730,0.17270612716674805
1778635783.9388971,30.716455221176147,180,rx,2730,16000,1,pcm_u8,2730,0.27437400817871094
1778635784.0032742,30.780832290649414,181,rx,2730,16000,1,pcm_u8,2730,0.0643770694732666
1778635784.1760788,30.95363688468933,182,rx,2730,16000,1,pcm_u8,2730,0.172804594039917
1778635784.3453705,31.122928619384766,183,rx,2730,16000,1,pcm_u8,2730,0.16929173469543457
1778635784.5152962,31.29285430908203,184,rx,2730,16000,1,pcm_u8,2730,0.16992568969726562
1778635784.6862147,31.463772773742676,185,rx,2730,16000,1,pcm_u8,2730,0.17091846466064453
1778635784.8580053,31.635563373565674,186,rx,2730,16000,1,pcm_u8,2730,0.17179059982299805
1778635785.0279863,31.80554437637329,187,rx,2730,16000,1,pcm_u8,2730,0.1699810028076172
1778635785.1984644,31.976022481918335,188,rx,2730,16000,1,pcm_u8,2730,0.17047810554504395
1778635785.3762918,32.153849840164185,189,rx,2730,16000,1,pcm_u8,2730,0.1778273582458496
1778635785.5393853,32.316943407058716,190,rx,2730,16000,1,pcm_u8,2730,0.16309356689453125
1778635785.710169,32.48772716522217,191,rx,2730,16000,1,pcm_u8,2730,0.17078375816345215
1778635785.881652,32.659210205078125,192,rx,2730,16000,1,pcm_u8,2730,0.17148303985595703
1778635786.0547876,32.832345724105835,193,rx,2730,16000,1,pcm_u8,2730,0.17313551902770996
1778635786.227015,33.00457310676575,194,rx,2730,16000,1,pcm_u8,2730,0.1722273826599121
1778635786.3926337,33.17019176483154,195,rx,2730,16000,1,pcm_u8,2730,0.1656186580657959
1778635786.5708132,33.348371267318726,196,rx,2730,16000,1,pcm_u8,2730,0.17817950248718262
1778635786.7341232,33.51168131828308,197,rx,2730,16000,1,pcm_u8,2730,0.16331005096435547
1778635786.9054592,33.68301725387573,198,rx,2730,16000,1,pcm_u8,2730,0.17133593559265137
1778635787.0748692,33.8524272441864,199,rx,2730,16000,1,pcm_u8,2730,0.16940999031066895
1778635787.2461529,34.02371096611023,200,rx,2730,16000,1,pcm_u8,2730,0.17128372192382812
1778635787.422052,34.199609994888306,201,rx,2730,16000,1,pcm_u8,2730,0.17589902877807617
1778635787.5871067,34.364664793014526,202,rx,2730,16000,1,pcm_u8,2730,0.1650547981262207
1778635787.7629783,34.540536403656006,203,rx,2730,16000,1,pcm_u8,2730,0.1758716106414795
1778635787.9302104,34.70776844024658,204,rx,2730,16000,1,pcm_u8,2730,0.16723203659057617
1778635788.0991688,34.87672686576843,205,rx,2730,16000,1,pcm_u8,2730,0.16895842552185059
1778635788.2754068,35.05296492576599,206,rx,2730,16000,1,pcm_u8,2730,0.1762380599975586
1778635788.440126,35.21768403053284,207,rx,2730,16000,1,pcm_u8,2730,0.1647191047668457
1778635788.6135218,35.391079902648926,208,rx,2730,16000,1,pcm_u8,2730,0.17339587211608887
1778635788.781486,35.55904412269592,209,rx,2730,16000,1,pcm_u8,2730,0.16796422004699707
1778635788.9527125,35.73027062416077,210,rx,2730,16000,1,pcm_u8,2730,0.17122650146484375
1778635789.1248937,35.90245175361633,211,rx,2730,16000,1,pcm_u8,2730,0.1721811294555664
1778635789.2943947,36.07195281982422,212,rx,2730,16000,1,pcm_u8,2730,0.16950106620788574
1778635789.4765325,36.254090547561646,213,rx,2730,16000,1,pcm_u8,2730,0.18213772773742676
1778635789.6371298,36.41468787193298,214,rx,2730,16000,1,pcm_u8,2730,0.1605973243713379
1778635789.8065877,36.58414578437805,215,rx,2730,16000,1,pcm_u8,2730,0.16945791244506836
1778635789.9768276,36.75438570976257,216,rx,2730,16000,1,pcm_u8,2730,0.17023992538452148
1778635790.1477354,36.92529344558716,217,rx,2730,16000,1,pcm_u8,2730,0.17090773582458496
1778635790.323833,37.101391077041626,218,rx,2730,16000,1,pcm_u8,2730,0.17609763145446777
1778635790.489261,37.26681900024414,219,rx,2730,16000,1,pcm_u8,2730,0.16542792320251465
1778635790.6594481,37.43700623512268,220,rx,2730,16000,1,pcm_u8,2730,0.17018723487854004
1778635790.8304977,37.60805583000183,221,rx,2730,16000,1,pcm_u8,2730,0.1710495948791504
1778635791.0036414,37.78119945526123,222,rx,2730,16000,1,pcm_u8,2730,0.17314362525939941
1778635791.171621,37.94917917251587,223,rx,2730,16000,1,pcm_u8,2730,0.16797971725463867
1778635791.3424354,38.119993448257446,224,rx,2730,16000,1,pcm_u8,2730,0.17081427574157715
1778635791.5227368,38.30029487609863,225,rx,2730,16000,1,pcm_u8,2730,0.18030142784118652
1778635791.689018,38.46657609939575,226,rx,2730,16000,1,pcm_u8,2730,0.16628122329711914
1778635791.8586807,38.63623881340027,227,rx,2730,16000,1,pcm_u8,2730,0.1696627140045166
1778635792.0307658,38.80832386016846,228,rx,2730,16000,1,pcm_u8,2730,0.17208504676818848
1778635792.198509,38.97606706619263,229,rx,2730,16000,1,pcm_u8,2730,0.16774320602416992
1778635792.3770635,39.154621601104736,230,rx,2730,16000,1,pcm_u8,2730,0.17855453491210938
1778635792.5399508,39.317508935928345,231,rx,2730,16000,1,pcm_u8,2730,0.1628873348236084
1778635792.7107065,39.48826456069946,232,rx,2730,16000,1,pcm_u8,2730,0.17075562477111816
1778635792.8833516,39.66090965270996,233,rx,2730,16000,1,pcm_u8,2730,0.17264509201049805
1778635793.0519936,39.829551696777344,234,rx,2730,16000,1,pcm_u8,2730,0.1686420440673828
1778635793.2248917,40.00244975090027,235,rx,2730,16000,1,pcm_u8,2730,0.1728980541229248
1778635793.3948336,40.17239165306091,236,rx,2730,16000,1,pcm_u8,2730,0.16994190216064453
1778635793.5777082,40.35526633262634,237,rx,2730,16000,1,pcm_u8,2730,0.1828746795654297
1778635793.734532,40.51209020614624,238,rx,2730,16000,1,pcm_u8,2730,0.15682387351989746
1778635793.906912,40.68447017669678,239,rx,2730,16000,1,pcm_u8,2730,0.1723799705505371
1778635794.0778165,40.855374574661255,240,rx,2730,16000,1,pcm_u8,2730,0.17090439796447754
1778635794.257029,41.034587144851685,241,rx,2730,16000,1,pcm_u8,2730,0.1792125701904297
1778635794.42323,41.20078802108765,242,rx,2730,16000,1,pcm_u8,2730,0.16620087623596191
1778635794.5897443,41.36730241775513,243,rx,2730,16000,1,pcm_u8,2730,0.16651439666748047
1778635794.764514,41.542072057724,244,rx,2730,16000,1,pcm_u8,2730,0.17476963996887207
1778635794.930804,41.708362102508545,245,rx,2730,16000,1,pcm_u8,2730,0.1662900447845459
1778635795.10191,41.87946820259094,246,rx,2730,16000,1,pcm_u8,2730,0.17110610008239746
1778635795.2730207,42.05057883262634,247,rx,2730,16000,1,pcm_u8,2730,0.1711106300354004
1778635795.4433024,42.22086048126221,248,rx,2730,16000,1,pcm_u8,2730,0.17028164863586426
1778635795.6153083,42.392866373062134,249,rx,2730,16000,1,pcm_u8,2730,0.17200589179992676
1778635795.785619,42.56317710876465,250,rx,2730,16000,1,pcm_u8,2730,0.17031073570251465
1778635795.955169,42.73272705078125,251,rx,2730,16000,1,pcm_u8,2730,0.16954994201660156
1778635796.1259673,42.90352535247803,252,rx,2730,16000,1,pcm_u8,2730,0.17079830169677734
1778635796.296319,43.07387709617615,253,rx,2730,16000,1,pcm_u8,2730,0.17035174369812012
1778635796.4667158,43.24427390098572,254,rx,2730,16000,1,pcm_u8,2730,0.1703968048095703
1778635796.6391296,43.41668772697449,255,rx,2730,16000,1,pcm_u8,2730,0.17241382598876953
1778635796.812135,43.58969306945801,256,rx,2730,16000,1,pcm_u8,2730,0.1730053424835205
1778635796.9789453,43.75650334358215,257,rx,2730,16000,1,pcm_u8,2730,0.1668102741241455
1778635797.14893,43.926488161087036,258,rx,2730,16000,1,pcm_u8,2730,0.1699848175048828
1778635797.4947557,44.272313833236694,259,rx,2730,16000,1,pcm_u8,2730,0.3458256721496582
1778635797.5147576,44.29231572151184,260,rx,2730,16000,1,pcm_u8,2730,0.020001888275146484
1778635797.6615229,44.43908095359802,261,rx,2730,16000,1,pcm_u8,2730,0.14676523208618164
1778635797.8415241,44.61908221244812,262,rx,2730,16000,1,pcm_u8,2730,0.18000125885009766
1778635798.0028813,44.780439376831055,263,rx,2730,16000,1,pcm_u8,2730,0.16135716438293457
1778635798.1745448,44.95210289955139,264,rx,2730,16000,1,pcm_u8,2730,0.17166352272033691
1778635798.3447018,45.122259855270386,265,rx,2730,16000,1,pcm_u8,2730,0.17015695571899414
1778635798.5146947,45.29225277900696,266,rx,2730,16000,1,pcm_u8,2730,0.16999292373657227
1778635798.6843379,45.46189594268799,267,rx,2730,16000,1,pcm_u8,2730,0.16964316368103027
1778635798.8566158,45.63417387008667,268,rx,2730,16000,1,pcm_u8,2730,0.17227792739868164
1778635799.029808,45.807366132736206,269,rx,2730,16000,1,pcm_u8,2730,0.17319226264953613
1778635799.1930292,45.97058725357056,270,rx,2730,16000,1,pcm_u8,2730,0.16322112083435059
1778635799.3643324,46.14189052581787,271,rx,2730,16000,1,pcm_u8,2730,0.17130327224731445
1778635799.5343387,46.31189680099487,272,rx,2730,16000,1,pcm_u8,2730,0.17000627517700195
1778635799.7049482,46.482506275177,273,rx,2730,16000,1,pcm_u8,2730,0.1706094741821289
1778635799.8767676,46.65432572364807,274,rx,2730,16000,1,pcm_u8,2730,0.17181944847106934
1778635800.046482,46.82404017448425,275,rx,2730,16000,1,pcm_u8,2730,0.16971445083618164
1778635800.2272975,47.00485563278198,276,rx,2730,16000,1,pcm_u8,2730,0.1808154582977295
1778635800.3886883,47.16624641418457,277,rx,2730,16000,1,pcm_u8,2730,0.1613907814025879
1778635800.5596,47.337158203125,278,rx,2730,16000,1,pcm_u8,2730,0.1709117889404297
1778635800.7289393,47.506497383117676,279,rx,2730,16000,1,pcm_u8,2730,0.16933917999267578
1778635800.9020674,47.679625511169434,280,rx,2730,16000,1,pcm_u8,2730,0.1731281280517578
1778635801.0732808,47.85083889961243,281,rx,2730,16000,1,pcm_u8,2730,0.17121338844299316
1778635801.2415354,48.01909351348877,282,rx,2730,16000,1,pcm_u8,2730,0.16825461387634277
1778635801.4143324,48.191890478134155,283,rx,2730,16000,1,pcm_u8,2730,0.17279696464538574
1778635801.5832062,48.360764265060425,284,rx,2730,16000,1,pcm_u8,2730,0.16887378692626953
1778635801.7545497,48.53210783004761,285,rx,2730,16000,1,pcm_u8,2730,0.17134356498718262
1778635801.9235415,48.70109963417053,286,rx,2730,16000,1,pcm_u8,2730,0.1689918041229248
1778635802.0944192,48.87197732925415,287,rx,2730,16000,1,pcm_u8,2730,0.17087769508361816
1778635802.2669215,49.04447960853577,288,rx,2730,16000,1,pcm_u8,2730,0.1725022792816162
1778635802.4358127,49.21337080001831,289,rx,2730,16000,1,pcm_u8,2730,0.16889119148254395
1778635802.6068554,49.38441348075867,290,rx,2730,16000,1,pcm_u8,2730,0.17104268074035645
1778635802.7780042,49.555562257766724,291,rx,2730,16000,1,pcm_u8,2730,0.17114877700805664
1778635802.948001,49.72555899620056,292,rx,2730,16000,1,pcm_u8,2730,0.1699967384338379
1778635803.1190114,49.89656949043274,293,rx,2730,16000,1,pcm_u8,2730,0.17101049423217773
1778635803.2903228,50.06788086891174,294,rx,2730,16000,1,pcm_u8,2730,0.1713113784790039
1778635803.464908,50.24246597290039,295,rx,2730,16000,1,pcm_u8,2730,0.17458510398864746
1778635803.630677,50.4082350730896,296,rx,2730,16000,1,pcm_u8,2730,0.16576910018920898
1778635803.804381,50.58193898200989,297,rx,2730,16000,1,pcm_u8,2730,0.17370390892028809
1778635803.9725256,50.750083684921265,298,rx,2730,16000,1,pcm_u8,2730,0.16814470291137695
1778635804.1478267,50.925384759902954,299,rx,2730,16000,1,pcm_u8,2730,0.17530107498168945
1778635804.318304,51.09586215019226,300,rx,2730,16000,1,pcm_u8,2730,0.17047739028930664
1778635804.4887667,51.26632475852966,301,rx,2730,16000,1,pcm_u8,2730,0.17046260833740234
1778635804.6553688,51.43292689323425,302,rx,2730,16000,1,pcm_u8,2730,0.16660213470458984
1778635804.8253145,51.60287261009216,303,rx,2730,16000,1,pcm_u8,2730,0.16994571685791016
1778635804.9971693,51.77472734451294,304,rx,2730,16000,1,pcm_u8,2730,0.17185473442077637
1778635805.1690905,51.946648597717285,305,rx,2730,16000,1,pcm_u8,2730,0.1719212532043457
1778635805.3372214,52.114779472351074,306,rx,2730,16000,1,pcm_u8,2730,0.16813087463378906
1778635805.5081625,52.28572058677673,307,rx,2730,16000,1,pcm_u8,2730,0.17094111442565918
1778635805.6785595,52.45611763000488,308,rx,2730,16000,1,pcm_u8,2730,0.17039704322814941
1778635805.84959,52.627148151397705,309,rx,2730,16000,1,pcm_u8,2730,0.17103052139282227
1778635806.0203235,52.79788160324097,310,rx,2730,16000,1,pcm_u8,2730,0.17073345184326172
1778635806.1911948,52.96875286102295,311,rx,2730,16000,1,pcm_u8,2730,0.17087125778198242
1778635806.3630927,53.14065074920654,312,rx,2730,16000,1,pcm_u8,2730,0.17189788818359375
1778635806.5332189,53.31077694892883,313,rx,2730,16000,1,pcm_u8,2730,0.17012619972229004
1778635806.7027135,53.48027157783508,314,rx,2730,16000,1,pcm_u8,2730,0.16949462890625
1778635806.8728344,53.65039253234863,315,rx,2730,16000,1,pcm_u8,2730,0.1701209545135498
1778635807.044631,53.82218909263611,316,rx,2730,16000,1,pcm_u8,2730,0.17179656028747559
1778635807.219996,53.997554063797,317,rx,2730,16000,1,pcm_u8,2730,0.17536497116088867
1778635807.385191,54.16274905204773,318,rx,2730,16000,1,pcm_u8,2730,0.16519498825073242
1778635807.5584514,54.33600950241089,319,rx,2730,16000,1,pcm_u8,2730,0.17326045036315918
1778635807.7273698,54.50492787361145,320,rx,2730,16000,1,pcm_u8,2730,0.16891837120056152
1778635807.8981514,54.67570948600769,321,rx,2730,16000,1,pcm_u8,2730,0.17078161239624023
1778635808.0685213,54.84607934951782,322,rx,2730,16000,1,pcm_u8,2730,0.17036986351013184
1778635808.2387877,55.016345739364624,323,rx,2730,16000,1,pcm_u8,2730,0.17026638984680176
1778635808.4124475,55.19000554084778,324,rx,2730,16000,1,pcm_u8,2730,0.1736598014831543
1778635808.579748,55.35730600357056,325,rx,2730,16000,1,pcm_u8,2730,0.16730046272277832
1778635808.7514715,55.52902960777283,326,rx,2730,16000,1,pcm_u8,2730,0.1717236042022705
1778635808.922354,55.69991207122803,327,rx,2730,16000,1,pcm_u8,2730,0.1708824634552002
1778635809.0917568,55.86931490898132,328,rx,2730,16000,1,pcm_u8,2730,0.1694028377532959
1778635809.2654057,56.04296374320984,329,rx,2730,16000,1,pcm_u8,2730,0.17364883422851562
1778635809.4335964,56.21115446090698,330,rx,2730,16000,1,pcm_u8,2730,0.16819071769714355
1778635809.6085942,56.386152267456055,331,rx,2730,16000,1,pcm_u8,2730,0.17499780654907227
1778635809.7791955,56.556753635406494,332,rx,2730,16000,1,pcm_u8,2730,0.17060136795043945
1778635809.950749,56.728307008743286,333,rx,2730,16000,1,pcm_u8,2730,0.171553373336792
1778635810.124768,56.90232610702515,334,rx,2730,16000,1,pcm_u8,2730,0.17401909828186035
1778635810.294222,57.07178020477295,335,rx,2730,16000,1,pcm_u8,2730,0.16945409774780273
1778635810.4590335,57.23659157752991,336,rx,2730,16000,1,pcm_u8,2730,0.164811372756958
1778635810.6279898,57.405547857284546,337,rx,2730,16000,1,pcm_u8,2730,0.16895627975463867
1778635810.7988212,57.57637929916382,338,rx,2730,16000,1,pcm_u8,2730,0.17083144187927246
1778635810.9695272,57.74708533287048,339,rx,2730,16000,1,pcm_u8,2730,0.17070603370666504
1778635811.1413174,57.91887545585632,340,rx,2730,16000,1,pcm_u8,2730,0.17179012298583984
1778635811.315086,58.09264397621155,341,rx,2730,16000,1,pcm_u8,2730,0.1737685203552246
1778635811.4818468,58.25940489768982,342,rx,2730,16000,1,pcm_u8,2730,0.16676092147827148
1778635811.6528409,58.43039894104004,343,rx,2730,16000,1,pcm_u8,2730,0.17099404335021973
1778635811.8233461,58.6009042263031,344,rx,2730,16000,1,pcm_u8,2730,0.17050528526306152
1778635811.9931512,58.77070927619934,345,rx,2730,16000,1,pcm_u8,2730,0.16980504989624023
1778635812.1690643,58.946622371673584,346,rx,2730,16000,1,pcm_u8,2730,0.17591309547424316
1778635812.3352036,59.11276173591614,347,rx,2730,16000,1,pcm_u8,2730,0.1661393642425537
1778635812.506346,59.28390407562256,348,rx,2730,16000,1,pcm_u8,2730,0.1711423397064209
1778635812.6765492,59.4541072845459,349,rx,2730,16000,1,pcm_u8,2730,0.17020320892333984
1778635812.8472192,59.62477731704712,350,rx,2730,16000,1,pcm_u8,2730,0.1706700325012207
1778635813.0181296,59.795687675476074,351,rx,2730,16000,1,pcm_u8,2730,0.17091035842895508
1778635813.1889148,59.966472864151,352,rx,2730,16000,1,pcm_u8,2730,0.17078518867492676
1778635813.3689122,60.14647030830383,353,rx,2730,16000,1,pcm_u8,2730,0.17999744415283203
1778635813.530082,60.307640075683594,354,rx,2730,16000,1,pcm_u8,2730,0.16116976737976074
1778635813.7005916,60.47814965248108,355,rx,2730,16000,1,pcm_u8,2730,0.17050957679748535
1778635813.8751729,60.65273094177246,356,rx,2730,16000,1,pcm_u8,2730,0.17458128929138184
1778635814.0420141,60.81957221031189,357,rx,2730,16000,1,pcm_u8,2730,0.1668412685394287
1778635814.2272558,61.00481390953064,358,rx,2730,16000,1,pcm_u8,2730,0.18524169921875
1778635814.383404,61.16096210479736,359,rx,2730,16000,1,pcm_u8,2730,0.15614819526672363
1778635814.553971,61.33152914047241,360,rx,2730,16000,1,pcm_u8,2730,0.17056703567504883
1778635814.7245574,61.50211548805237,361,rx,2730,16000,1,pcm_u8,2730,0.17058634757995605
1778635814.8958914,61.67344951629639,362,rx,2730,16000,1,pcm_u8,2730,0.17133402824401855
1778635815.0728345,61.85039258003235,363,rx,2730,16000,1,pcm_u8,2730,0.17694306373596191
1778635815.236446,62.01400399208069,364,rx,2730,16000,1,pcm_u8,2730,0.16361141204833984
1778635815.4170706,62.19462871551514,365,rx,2730,16000,1,pcm_u8,2730,0.18062472343444824
1778635815.5844853,62.362043380737305,366,rx,2730,16000,1,pcm_u8,2730,0.16741466522216797
1778635815.752372,62.529930114746094,367,rx,2730,16000,1,pcm_u8,2730,0.16788673400878906
1778635815.923673,62.70123100280762,368,rx,2730,16000,1,pcm_u8,2730,0.17130088806152344
1778635816.0963876,62.87394571304321,369,rx,2730,16000,1,pcm_u8,2730,0.1727147102355957
1778635816.2764919,63.05404996871948,370,rx,2730,16000,1,pcm_u8,2730,0.18010425567626953
1778635816.4367616,63.214319705963135,371,rx,2730,16000,1,pcm_u8,2730,0.16026973724365234
1778635816.6059768,63.38353490829468,372,rx,2730,16000,1,pcm_u8,2730,0.16921520233154297
1778635816.7801294,63.557687520980835,373,rx,2730,16000,1,pcm_u8,2730,0.17415261268615723
1778635816.9471288,63.72468686103821,374,rx,2730,16000,1,pcm_u8,2730,0.16699934005737305
1778635817.1178153,63.89537334442139,375,rx,2730,16000,1,pcm_u8,2730,0.1706864833831787
1778635817.2891304,64.06668853759766,376,rx,2730,16000,1,pcm_u8,2730,0.17131519317626953
1778635817.462955,64.24051308631897,377,rx,2730,16000,1,pcm_u8,2730,0.17382454872131348
1778635817.6301913,64.40774941444397,378,rx,2730,16000,1,pcm_u8,2730,0.167236328125
1778635817.8044395,64.58199763298035,379,rx,2730,16000,1,pcm_u8,2730,0.17424821853637695
1778635817.9726405,64.75019860267639,380,rx,2730,16000,1,pcm_u8,2730,0.16820096969604492
1778635818.1421514,64.91970944404602,381,rx,2730,16000,1,pcm_u8,2730,0.1695108413696289
1778635818.3209147,65.09847283363342,382,rx,2730,16000,1,pcm_u8,2730,0.17876338958740234
1778635818.483405,65.26096320152283,383,rx,2730,16000,1,pcm_u8,2730,0.1624903678894043
1778635818.6545298,65.4320878982544,384,rx,2730,16000,1,pcm_u8,2730,0.17112469673156738
1778635818.8284662,65.6060242652893,385,rx,2730,16000,1,pcm_u8,2730,0.1739363670349121
1778635818.9953208,65.77287888526917,386,rx,2730,16000,1,pcm_u8,2730,0.1668546199798584
1778635819.164481,65.94203901290894,387,rx,2730,16000,1,pcm_u8,2730,0.1691601276397705
1778635819.3327157,66.11027383804321,388,rx,2730,16000,1,pcm_u8,2730,0.16823482513427734
1778635819.5073714,66.28492951393127,389,rx,2730,16000,1,pcm_u8,2730,0.17465567588806152
1778635819.6738877,66.45144581794739,390,rx,2730,16000,1,pcm_u8,2730,0.16651630401611328
1778635819.8460436,66.62360167503357,391,rx,2730,16000,1,pcm_u8,2730,0.17215585708618164
1778635820.0189655,66.7965235710144,392,rx,2730,16000,1,pcm_u8,2730,0.17292189598083496
1778635820.1889691,66.96652722358704,393,rx,2730,16000,1,pcm_u8,2730,0.17000365257263184
1778635820.3576689,67.13522696495056,394,rx,2730,16000,1,pcm_u8,2730,0.1686997413635254
1778635820.5270684,67.30462646484375,395,rx,2730,16000,1,pcm_u8,2730,0.16939949989318848
1778635820.7012277,67.47878575325012,396,rx,2730,16000,1,pcm_u8,2730,0.17415928840637207
1778635820.8690598,67.6466178894043,397,rx,2730,16000,1,pcm_u8,2730,0.1678321361541748
1778635821.0406473,67.8182053565979,398,rx,2730,16000,1,pcm_u8,2730,0.17158746719360352
1778635821.2125344,67.99009251594543,399,rx,2730,16000,1,pcm_u8,2730,0.17188715934753418
1778635821.3809462,68.1585042476654,400,rx,2730,16000,1,pcm_u8,2730,0.1684117317199707
1778635821.5561585,68.33371663093567,401,rx,2730,16000,1,pcm_u8,2730,0.17521238327026367
1778635821.7248912,68.50244927406311,402,rx,2730,16000,1,pcm_u8,2730,0.1687326431274414
1778635821.8926916,68.67024970054626,403,rx,2730,16000,1,pcm_u8,2730,0.1678004264831543
1778635822.067461,68.84501910209656,404,rx,2730,16000,1,pcm_u8,2730,0.17476940155029297
1778635822.234597,69.01215505599976,405,rx,2730,16000,1,pcm_u8,2730,0.16713595390319824
1778635822.405549,69.18310713768005,406,rx,2730,16000,1,pcm_u8,2730,0.17095208168029785
1778635822.5794456,69.35700368881226,407,rx,2730,16000,1,pcm_u8,2730,0.17389655113220215
1778635822.7464595,69.52401757240295,408,rx,2730,16000,1,pcm_u8,2730,0.16701388359069824
1778635822.9173677,69.6949257850647,409,rx,2730,16000,1,pcm_u8,2730,0.17090821266174316
1778635823.0875278,69.86508584022522,410,rx,2730,16000,1,pcm_u8,2730,0.17016005516052246
1778635823.2636504,70.0412085056305,411,rx,2730,16000,1,pcm_u8,2730,0.17612266540527344
1778635823.4291646,70.20672273635864,412,rx,2730,16000,1,pcm_u8,2730,0.16551423072814941
1778635823.6033487,70.38090682029724,413,rx,2730,16000,1,pcm_u8,2730,0.17418408393859863
1778635823.770906,70.54846405982971,414,rx,2730,16000,1,pcm_u8,2730,0.1675572395324707
1778635823.9422405,70.71979856491089,415,rx,2730,16000,1,pcm_u8,2730,0.17133450508117676
1778635824.1163464,70.89390444755554,416,rx,2730,16000,1,pcm_u8,2730,0.17410588264465332
1778635824.2866697,71.06422781944275,417,rx,2730,16000,1,pcm_u8,2730,0.17032337188720703
1778635824.46786,71.24541807174683,418,rx,2730,16000,1,pcm_u8,2730,0.18119025230407715
1778635824.6322045,71.4097626209259,419,rx,2730,16000,1,pcm_u8,2730,0.16434454917907715
1778635824.7951784,71.57273650169373,420,rx,2730,16000,1,pcm_u8,2730,0.16297388076782227
1778635824.9677842,71.74534225463867,421,rx,2730,16000,1,pcm_u8,2730,0.1726057529449463
1778635825.139518,71.91707611083984,422,rx,2730,16000,1,pcm_u8,2730,0.17173385620117188
1778635825.3077214,72.08527946472168,423,rx,2730,16000,1,pcm_u8,2730,0.16820335388183594
1778635825.4771764,72.2547345161438,424,rx,2730,16000,1,pcm_u8,2730,0.16945505142211914
1778635825.6483815,72.42593955993652,425,rx,2730,16000,1,pcm_u8,2730,0.1712050437927246
1778635825.8218899,72.59944796562195,426,rx,2730,16000,1,pcm_u8,2730,0.1735084056854248
1778635825.9913237,72.76888179779053,427,rx,2730,16000,1,pcm_u8,2730,0.1694338321685791
1778635826.169701,72.94725918769836,428,rx,2730,16000,1,pcm_u8,2730,0.17837738990783691
1778635826.3314128,73.10897088050842,429,rx,2730,16000,1,pcm_u8,2730,0.1617116928100586
1778635826.5100634,73.28762149810791,430,rx,2730,16000,1,pcm_u8,2730,0.1786506175994873
1778635826.6719544,73.44951248168945,431,rx,2730,16000,1,pcm_u8,2730,0.16189098358154297
1778635826.8427517,73.62030982971191,432,rx,2730,16000,1,pcm_u8,2730,0.17079734802246094
1778635827.0287483,73.8063063621521,433,rx,2730,16000,1,pcm_u8,2730,0.18599653244018555
1778635827.1870322,73.96459031105042,434,rx,2730,16000,1,pcm_u8,2730,0.15828394889831543
1778635827.3643665,74.14192461967468,435,rx,2730,16000,1,pcm_u8,2730,0.17733430862426758
1778635827.5259335,74.30349159240723,436,rx,2730,16000,1,pcm_u8,2730,0.16156697273254395
1778635827.699144,74.47670197486877,437,rx,2730,16000,1,pcm_u8,2730,0.17321038246154785
1778635827.8672862,74.64484429359436,438,rx,2730,16000,1,pcm_u8,2730,0.16814231872558594
1778635828.037412,74.81497001647949,439,rx,2730,16000,1,pcm_u8,2730,0.17012572288513184
1778635828.2119198,74.98947787284851,440,rx,2730,16000,1,pcm_u8,2730,0.17450785636901855
1778635828.3786302,75.15618824958801,441,rx,2730,16000,1,pcm_u8,2730,0.16671037673950195
1778635828.5507143,75.32827234268188,442,rx,2730,16000,1,pcm_u8,2730,0.17208409309387207
1778635828.7241774,75.50173544883728,443,rx,2730,16000,1,pcm_u8,2730,0.1734631061553955
1778635828.8906167,75.66817474365234,444,rx,2730,16000,1,pcm_u8,2730,0.16643929481506348
1778635829.0678911,75.84544920921326,445,rx,2730,16000,1,pcm_u8,2730,0.17727446556091309
1778635829.2352595,76.01281762123108,446,rx,2730,16000,1,pcm_u8,2730,0.16736841201782227
1778635829.4213624,76.19892048835754,447,rx,2730,16000,1,pcm_u8,2730,0.18610286712646484
1778635829.5730493,76.35060739517212,448,rx,2730,16000,1,pcm_u8,2730,0.1516869068145752
1778635829.753795,76.53135299682617,449,rx,2730,16000,1,pcm_u8,2730,0.18074560165405273
1778635829.9212737,76.69883179664612,450,rx,2730,16000,1,pcm_u8,2730,0.1674787998199463
1778635830.092558,76.8701159954071,451,rx,2730,16000,1,pcm_u8,2730,0.17128419876098633
1778635830.268453,77.04601097106934,452,rx,2730,16000,1,pcm_u8,2730,0.17589497566223145
1778635830.4315588,77.20911693572998,453,rx,2730,16000,1,pcm_u8,2730,0.16310596466064453
1778635830.6048923,77.38245034217834,454,rx,2730,16000,1,pcm_u8,2730,0.17333340644836426
1778635830.7722225,77.54978060722351,455,rx,2730,16000,1,pcm_u8,2730,0.16733026504516602
1778635830.9452019,77.72275996208191,456,rx,2730,16000,1,pcm_u8,2730,0.17297935485839844
1778635831.1214275,77.89898562431335,457,rx,2730,16000,1,pcm_u8,2730,0.1762256622314453
1778635831.2839966,78.06155467033386,458,rx,2730,16000,1,pcm_u8,2730,0.1625690460205078
1778635831.455808,78.23336601257324,459,rx,2730,16000,1,pcm_u8,2730,0.17181134223937988
1778635831.6216507,78.3992087841034,460,rx,2730,16000,1,pcm_u8,2730,0.16584277153015137
1778635831.796815,78.57437300682068,461,rx,2730,16000,1,pcm_u8,2730,0.17516422271728516
1778635831.9657288,78.74328684806824,462,rx,2730,16000,1,pcm_u8,2730,0.1689138412475586
1778635832.1339734,78.91153144836426,463,rx,2730,16000,1,pcm_u8,2730,0.1682446002960205
1778635832.3079956,79.08555364608765,464,rx,2730,16000,1,pcm_u8,2730,0.17402219772338867
1778635832.4760525,79.25361061096191,465,rx,2730,16000,1,pcm_u8,2730,0.16805696487426758
1778635832.6459758,79.42353391647339,466,rx,2730,16000,1,pcm_u8,2730,0.1699233055114746
1778635832.8156936,79.59325170516968,467,rx,2730,16000,1,pcm_u8,2730,0.16971778869628906
1778635832.9897754,79.76733350753784,468,rx,2730,16000,1,pcm_u8,2730,0.17408180236816406
1778635833.1596723,79.93723034858704,469,rx,2730,16000,1,pcm_u8,2730,0.16989684104919434
1778635833.3314865,80.10904455184937,470,rx,2730,16000,1,pcm_u8,2730,0.1718142032623291
1778635833.4996068,80.27716493606567,471,rx,2730,16000,1,pcm_u8,2730,0.1681203842163086
1778635833.6692476,80.44680571556091,472,rx,2730,16000,1,pcm_u8,2730,0.16964077949523926
1778635833.8435085,80.62106657028198,473,rx,2730,16000,1,pcm_u8,2730,0.17426085472106934
1778635834.012068,80.789626121521,474,rx,2730,16000,1,pcm_u8,2730,0.16855955123901367
1778635834.1817243,80.95928239822388,475,rx,2730,16000,1,pcm_u8,2730,0.16965627670288086
1778635834.3556454,81.13320350646973,476,rx,2730,16000,1,pcm_u8,2730,0.1739211082458496
1778635834.5249364,81.30249452590942,477,rx,2730,16000,1,pcm_u8,2730,0.16929101943969727
1778635834.7014618,81.4790198802948,478,rx,2730,16000,1,pcm_u8,2730,0.17652535438537598
1778635834.867435,81.64499306678772,479,rx,2730,16000,1,pcm_u8,2730,0.16597318649291992
1778635835.0349097,81.81246781349182,480,rx,2730,16000,1,pcm_u8,2730,0.16747474670410156
1778635835.20627,81.98382806777954,481,rx,2730,16000,1,pcm_u8,2730,0.17136025428771973
1778635835.3790836,82.15664172172546,482,rx,2730,16000,1,pcm_u8,2730,0.17281365394592285
1778635835.5524297,82.32998776435852,483,rx,2730,16000,1,pcm_u8,2730,0.17334604263305664
1778635835.7177393,82.4952974319458,484,rx,2730,16000,1,pcm_u8,2730,0.16530966758728027
1778635835.891435,82.66899299621582,485,rx,2730,16000,1,pcm_u8,2730,0.17369556427001953
1778635836.0622795,82.83983755111694,486,rx,2730,16000,1,pcm_u8,2730,0.17084455490112305
1778635836.2294366,83.00699472427368,487,rx,2730,16000,1,pcm_u8,2730,0.16715717315673828
1778635836.4040043,83.18156242370605,488,rx,2730,16000,1,pcm_u8,2730,0.17456769943237305
1778635836.5757558,83.35331392288208,489,rx,2730,16000,1,pcm_u8,2730,0.1717514991760254
1778635836.7483258,83.52588391304016,490,rx,2730,16000,1,pcm_u8,2730,0.17256999015808105
1778635836.9161122,83.69367027282715,491,rx,2730,16000,1,pcm_u8,2730,0.1677863597869873
1778635837.0869339,83.86449193954468,492,rx,2730,16000,1,pcm_u8,2730,0.1708216667175293
1778635837.2612214,84.0387794971466,493,rx,2730,16000,1,pcm_u8,2730,0.1742875576019287
1778635837.4273126,84.20487070083618,494,rx,2730,16000,1,pcm_u8,2730,0.1660912036895752
1778635837.5953524,84.37291049957275,495,rx,2730,16000,1,pcm_u8,2730,0.16803979873657227
1778635837.7656589,84.54321694374084,496,rx,2730,16000,1,pcm_u8,2730,0.17030644416809082
1778635837.9394739,84.717031955719,497,rx,2730,16000,1,pcm_u8,2730,0.17381501197814941
1778635838.1090093,84.88656735420227,498,rx,2730,16000,1,pcm_u8,2730,0.16953539848327637
1778635838.277751,85.05530905723572,499,rx,2730,16000,1,pcm_u8,2730,0.16874170303344727
1778635838.45156,85.22911810874939,500,rx,2730,16000,1,pcm_u8,2730,0.17380905151367188
1778635838.6205227,85.39808082580566,501,rx,2730,16000,1,pcm_u8,2730,0.16896271705627441
1778635838.789976,85.56753396987915,502,rx,2730,16000,1,pcm_u8,2730,0.16945314407348633
1778635838.9648075,85.74236559867859,503,rx,2730,16000,1,pcm_u8,2730,0.17483162879943848
1778635839.1317406,85.90929865837097,504,rx,2730,16000,1,pcm_u8,2730,0.1669330596923828
1778635839.3085496,86.08610773086548,505,rx,2730,16000,1,pcm_u8,2730,0.17680907249450684
1778635839.475597,86.25315499305725,506,rx,2730,16000,1,pcm_u8,2730,0.16704726219177246
1778635839.6439521,86.42151021957397,507,rx,2730,16000,1,pcm_u8,2730,0.16835522651672363
1778635839.813917,86.59147500991821,508,rx,2730,16000,1,pcm_u8,2730,0.16996479034423828
1778635839.98761,86.76516819000244,509,rx,2730,16000,1,pcm_u8,2730,0.17369318008422852
1778635840.1897728,86.96733093261719,510,rx,2730,16000,1,pcm_u8,2730,0.2021627426147461
1778635840.3261187,87.10367679595947,511,rx,2730,16000,1,pcm_u8,2730,0.13634586334228516
1778635840.5108547,87.28841280937195,512,rx,2730,16000,1,pcm_u8,2730,0.18473601341247559
1778635840.7021902,87.47974824905396,513,rx,2730,16000,1,pcm_u8,2730,0.19133543968200684
1778635840.8382292,87.61578726768494,514,rx,2730,16000,1,pcm_u8,2730,0.13603901863098145
1778635841.0754082,87.85296630859375,515,rx,2730,16000,1,pcm_u8,2730,0.23717904090881348
1778635841.276868,88.0544261932373,516,rx,2730,16000,1,pcm_u8,2730,0.2014598846435547
1778635841.471721,88.2492790222168,517,rx,2730,16000,1,pcm_u8,2730,0.1948528289794922
1778635841.5232642,88.3008222579956,518,rx,2730,16000,1,pcm_u8,2730,0.051543235778808594
1778635841.7069817,88.48453974723816,519,rx,2730,16000,1,pcm_u8,2730,0.1837174892425537
1778635841.9121885,88.68974661827087,520,rx,2730,16000,1,pcm_u8,2730,0.20520687103271484
1778635842.1132858,88.89084386825562,521,rx,2730,16000,1,pcm_u8,2730,0.2010972499847412
1778635842.3267908,89.10434889793396,522,rx,2730,16000,1,pcm_u8,2730,0.21350502967834473
1778635842.5216744,89.29923248291016,523,rx,2730,16000,1,pcm_u8,2730,0.1948835849761963
1778635842.5484765,89.32603454589844,524,rx,2730,16000,1,pcm_u8,2730,0.02680206298828125
1778635842.7349231,89.51248121261597,525,rx,2730,16000,1,pcm_u8,2730,0.1864466667175293
1778635842.9398675,89.71742558479309,526,rx,2730,16000,1,pcm_u8,2730,0.20494437217712402
1778635843.1469114,89.92446947097778,527,rx,2730,16000,1,pcm_u8,2730,0.20704388618469238
1778635843.34863,90.12618803977966,528,rx,2730,16000,1,pcm_u8,2730,0.20171856880187988
1778635843.5450125,90.32257056236267,529,rx,2730,16000,1,pcm_u8,2730,0.1963825225830078
1778635843.581634,90.35919213294983,530,rx,2730,16000,1,pcm_u8,2730,0.0366215705871582
1778635843.773303,90.550861120224,531,rx,2730,16000,1,pcm_u8,2730,0.19166898727416992
1778635843.9752142,90.7527723312378,532,rx,2730,16000,1,pcm_u8,2730,0.20191121101379395
1778635844.178445,90.95600318908691,533,rx,2730,16000,1,pcm_u8,2730,0.2032308578491211
1778635844.3682315,91.1457896232605,534,rx,2730,16000,1,pcm_u8,2730,0.18978643417358398
1778635844.5723817,91.34993982315063,535,rx,2730,16000,1,pcm_u8,2730,0.20415019989013672
1778635844.5964248,91.37398290634155,536,rx,2730,16000,1,pcm_u8,2730,0.02404308319091797
1778635844.804328,91.58188605308533,537,rx,2730,16000,1,pcm_u8,2730,0.20790314674377441
1778635845.0038912,91.78144931793213,538,rx,2730,16000,1,pcm_u8,2730,0.19956326484680176
1778635845.2043998,91.98195791244507,539,rx,2730,16000,1,pcm_u8,2730,0.20050859451293945
1778635845.4066846,92.18424272537231,540,rx,2730,16000,1,pcm_u8,2730,0.2022848129272461
1778635845.601132,92.37869000434875,541,rx,2730,16000,1,pcm_u8,2730,0.19444727897644043
1778635845.6201253,92.3976833820343,542,rx,2730,16000,1,pcm_u8,2730,0.018993377685546875
1778635845.8249774,92.60253548622131,543,rx,2730,16000,1,pcm_u8,2730,0.20485210418701172
1778635846.0282998,92.80585789680481,544,rx,2730,16000,1,pcm_u8,2730,0.2033224105834961
1778635846.1322503,92.90980839729309,545,rx,2730,16000,1,pcm_u8,2730,0.10395050048828125
1778635846.3096018,93.08715987205505,546,rx,2730,16000,1,pcm_u8,2730,0.1773514747619629
1778635846.4730706,93.25062870979309,547,rx,2730,16000,1,pcm_u8,2730,0.1634688377380371
1778635846.6459339,93.42349195480347,548,rx,2730,16000,1,pcm_u8,2730,0.17286324501037598
1778635846.8154235,93.59298157691956,549,rx,2730,16000,1,pcm_u8,2730,0.16948962211608887
1778635846.9880683,93.76562643051147,550,rx,2730,16000,1,pcm_u8,2730,0.17264485359191895
1778635847.162641,93.94019913673401,551,rx,2730,16000,1,pcm_u8,2730,0.17457270622253418
1778635847.327119,94.10467720031738,552,rx,2730,16000,1,pcm_u8,2730,0.16447806358337402
1778635847.5002556,94.27781367301941,553,rx,2730,16000,1,pcm_u8,2730,0.17313647270202637
1778635847.6692474,94.44680547714233,554,rx,2730,16000,1,pcm_u8,2730,0.1689918041229248
1778635847.8397913,94.61734938621521,555,rx,2730,16000,1,pcm_u8,2730,0.17054390907287598
1778635848.0126505,94.79020857810974,556,rx,2730,16000,1,pcm_u8,2730,0.17285919189453125
1778635848.1812654,94.9588234424591,557,rx,2730,16000,1,pcm_u8,2730,0.16861486434936523
1778635848.3584409,95.13599896430969,558,rx,2730,16000,1,pcm_u8,2730,0.17717552185058594
1778635848.5265408,95.3040988445282,559,rx,2730,16000,1,pcm_u8,2730,0.16809988021850586
1778635848.694397,95.47195506095886,560,rx,2730,16000,1,pcm_u8,2730,0.16785621643066406
1778635848.86358,95.64113807678223,561,rx,2730,16000,1,pcm_u8,2730,0.16918301582336426
1778635849.0364668,95.81402492523193,562,rx,2730,16000,1,pcm_u8,2730,0.17288684844970703
1778635849.209609,95.98716711997986,563,rx,2730,16000,1,pcm_u8,2730,0.1731421947479248
1778635849.3756537,96.15321183204651,564,rx,2730,16000,1,pcm_u8,2730,0.1660447120666504
1778635849.5482457,96.32580375671387,565,rx,2730,16000,1,pcm_u8,2730,0.1725919246673584
1778635849.716352,96.49391007423401,566,rx,2730,16000,1,pcm_u8,2730,0.1681063175201416
1778635849.8887851,96.66634321212769,567,rx,2730,16000,1,pcm_u8,2730,0.17243313789367676
1778635850.062222,96.83978009223938,568,rx,2730,16000,1,pcm_u8,2730,0.17343688011169434
1778635850.2339551,97.01151323318481,569,rx,2730,16000,1,pcm_u8,2730,0.17173314094543457
1778635850.4038367,97.18139481544495,570,rx,2730,16000,1,pcm_u8,2730,0.16988158226013184
1778635850.572731,97.35028910636902,571,rx,2730,16000,1,pcm_u8,2730,0.16889429092407227
1778635850.7433054,97.52086353302002,572,rx,2730,16000,1,pcm_u8,2730,0.17057442665100098
1778635850.9144797,97.69203782081604,573,rx,2730,16000,1,pcm_u8,2730,0.1711742877960205
1778635851.0854704,97.86302852630615,574,rx,2730,16000,1,pcm_u8,2730,0.1709907054901123
1778635851.257169,98.03472709655762,575,rx,2730,16000,1,pcm_u8,2730,0.17169857025146484
1778635851.4235952,98.20115327835083,576,rx,2730,16000,1,pcm_u8,2730,0.1664261817932129
1778635851.5966265,98.37418460845947,577,rx,2730,16000,1,pcm_u8,2730,0.17303133010864258
1778635851.765836,98.54339408874512,578,rx,2730,16000,1,pcm_u8,2730,0.16920948028564453
1778635851.9393816,98.71693968772888,579,rx,2730,16000,1,pcm_u8,2730,0.17354559898376465
1778635852.1102736,98.88783168792725,580,rx,2730,16000,1,pcm_u8,2730,0.17089200019836426
1778635852.27841,99.05596804618835,581,rx,2730,16000,1,pcm_u8,2730,0.1681363582611084
1778635852.448365,99.22592306137085,582,rx,2730,16000,1,pcm_u8,2730,0.16995501518249512
1778635852.620435,99.39799308776855,583,rx,2730,16000,1,pcm_u8,2730,0.17207002639770508
1778635852.7883172,99.56587529182434,584,rx,2730,16000,1,pcm_u8,2730,0.16788220405578613
1778635852.9652574,99.74281549453735,585,rx,2730,16000,1,pcm_u8,2730,0.1769402027130127
1778635853.1326103,99.91016840934753,586,rx,2730,16000,1,pcm_u8,2730,0.16735291481018066
1778635853.3091986,100.0867567062378,587,rx,2730,16000,1,pcm_u8,2730,0.1765882968902588
1778635853.4813774,100.25893545150757,588,rx,2730,16000,1,pcm_u8,2730,0.1721787452697754
1778635853.6447444,100.42230248451233,589,rx,2730,16000,1,pcm_u8,2730,0.16336703300476074
1778635853.8131292,100.59068727493286,590,rx,2730,16000,1,pcm_u8,2730,0.16838479042053223
1778635853.984348,100.76190614700317,591,rx,2730,16000,1,pcm_u8,2730,0.1712188720703125
1778635854.1554048,100.9329628944397,592,rx,2730,16000,1,pcm_u8,2730,0.17105674743652344
1778635854.3241227,101.10168075561523,593,rx,2730,16000,1,pcm_u8,2730,0.1687178611755371
1778635854.4943995,101.27195763587952,594,rx,2730,16000,1,pcm_u8,2730,0.17027688026428223
1778635854.6642127,101.44177079200745,595,rx,2730,16000,1,pcm_u8,2730,0.1698131561279297
1778635854.835901,101.61345911026001,596,rx,2730,16000,1,pcm_u8,2730,0.17168831825256348
1778635855.011394,101.78895211219788,597,rx,2730,16000,1,pcm_u8,2730,0.1754930019378662
1778635855.175334,101.95289206504822,598,rx,2730,16000,1,pcm_u8,2730,0.1639399528503418
1778635855.347884,102.12544202804565,599,rx,2730,16000,1,pcm_u8,2730,0.17254996299743652
1778635855.5167778,102.29433584213257,600,rx,2730,16000,1,pcm_u8,2730,0.16889381408691406
1778635855.688082,102.4656400680542,601,rx,2730,16000,1,pcm_u8,2730,0.17130422592163086
1778635855.86628,102.64383816719055,602,rx,2730,16000,1,pcm_u8,2730,0.17819809913635254
1778635856.029949,102.80750703811646,603,rx,2730,16000,1,pcm_u8,2730,0.16366887092590332
1778635856.2006376,102.97819566726685,604,rx,2730,16000,1,pcm_u8,2730,0.17068862915039062
1778635856.37201,103.1495680809021,605,rx,2730,16000,1,pcm_u8,2730,0.1713724136352539
1778635856.5413504,103.31890845298767,606,rx,2730,16000,1,pcm_u8,2730,0.1693403720855713
1778635856.7107906,103.48834872245789,607,rx,2730,16000,1,pcm_u8,2730,0.16944026947021484
1778635856.8852243,103.6627824306488,608,rx,2730,16000,1,pcm_u8,2730,0.17443370819091797
1778635857.0566704,103.834228515625,609,rx,2730,16000,1,pcm_u8,2730,0.1714460849761963
1778635857.223388,104.00094604492188,610,rx,2730,16000,1,pcm_u8,2730,0.166717529296875
1778635857.3954875,104.17304563522339,611,rx,2730,16000,1,pcm_u8,2730,0.17209959030151367
1778635857.56432,104.34187817573547,612,rx,2730,16000,1,pcm_u8,2730,0.16883254051208496
1778635857.735261,104.51281905174255,613,rx,2730,16000,1,pcm_u8,2730,0.17094087600708008
1778635857.9103298,104.6878879070282,614,rx,2730,16000,1,pcm_u8,2730,0.17506885528564453
1778635858.0773647,104.85492277145386,615,rx,2730,16000,1,pcm_u8,2730,0.16703486442565918
1778635858.255595,105.03315305709839,616,rx,2730,16000,1,pcm_u8,2730,0.17823028564453125
1778635858.4200532,105.1976113319397,617,rx,2730,16000,1,pcm_u8,2730,0.1644582748413086
1778635858.5888398,105.36639785766602,618,rx,2730,16000,1,pcm_u8,2730,0.16878652572631836
1778635858.7601075,105.53766560554504,619,rx,2730,16000,1,pcm_u8,2730,0.17126774787902832
1778635858.940502,105.71806001663208,620,rx,2730,16000,1,pcm_u8,2730,0.18039441108703613
1778635859.1197135,105.8972716331482,621,rx,2730,16000,1,pcm_u8,2730,0.17921161651611328
1778635859.2703812,106.04793930053711,622,rx,2730,16000,1,pcm_u8,2730,0.15066766738891602
1778635859.4452076,106.22276568412781,623,rx,2730,16000,1,pcm_u8,2730,0.17482638359069824
1778635859.613158,106.39071607589722,624,rx,2730,16000,1,pcm_u8,2730,0.16795039176940918
1778635859.7893536,106.5669116973877,625,rx,2730,16000,1,pcm_u8,2730,0.17619562149047852
1778635859.957075,106.73463320732117,626,rx,2730,16000,1,pcm_u8,2730,0.16772150993347168
1778635860.1242774,106.90183544158936,627,rx,2730,16000,1,pcm_u8,2730,0.16720223426818848
1778635860.300701,107.07825899124146,628,rx,2730,16000,1,pcm_u8,2730,0.1764235496520996
1778635860.4678917,107.24544978141785,629,rx,2730,16000,1,pcm_u8,2730,0.1671907901763916
1778635860.6372256,107.41478371620178,630,rx,2730,16000,1,pcm_u8,2730,0.16933393478393555
1778635860.8100245,107.5875825881958,631,rx,2730,16000,1,pcm_u8,2730,0.17279887199401855
1778635860.9797602,107.75731825828552,632,rx,2730,16000,1,pcm_u8,2730,0.16973567008972168
1778635861.1491885,107.92674660682678,633,rx,2730,16000,1,pcm_u8,2730,0.16942834854125977
1778635861.3187144,108.0962724685669,634,rx,2730,16000,1,pcm_u8,2730,0.1695258617401123
1778635861.492027,108.26958513259888,635,rx,2730,16000,1,pcm_u8,2730,0.17331266403198242
1778635861.6635098,108.44106793403625,636,rx,2730,16000,1,pcm_u8,2730,0.17148280143737793
1778635861.8316317,108.60918974876404,637,rx,2730,16000,1,pcm_u8,2730,0.1681218147277832
1778635862.00972,108.787278175354,638,rx,2730,16000,1,pcm_u8,2730,0.17808842658996582
1778635862.1765513,108.95410943031311,639,rx,2730,16000,1,pcm_u8,2730,0.16683125495910645
1778635862.345398,109.12295603752136,640,rx,2730,16000,1,pcm_u8,2730,0.16884660720825195
1778635862.516021,109.2935791015625,641,rx,2730,16000,1,pcm_u8,2730,0.1706230640411377
1778635862.6865022,109.46406030654907,642,rx,2730,16000,1,pcm_u8,2730,0.17048120498657227
1778635862.8557272,109.63328528404236,643,rx,2730,16000,1,pcm_u8,2730,0.16922497749328613
1778635863.028008,109.80556607246399,644,rx,2730,16000,1,pcm_u8,2730,0.17228078842163086
1778635863.203012,109.98057007789612,645,rx,2730,16000,1,pcm_u8,2730,0.1750040054321289
1778635863.368187,110.1457450389862,646,rx,2730,16000,1,pcm_u8,2730,0.1651749610900879
1778635863.540102,110.3176600933075,647,rx,2730,16000,1,pcm_u8,2730,0.17191505432128906
1778635863.7095342,110.48709225654602,648,rx,2730,16000,1,pcm_u8,2730,0.1694321632385254
1778635863.8856673,110.66322541236877,649,rx,2730,16000,1,pcm_u8,2730,0.1761331558227539
1778635864.0639496,110.84150767326355,650,rx,2730,16000,1,pcm_u8,2730,0.1782822608947754
1778635864.2258868,111.00344491004944,651,rx,2730,16000,1,pcm_u8,2730,0.16193723678588867
1778635864.396798,111.17435598373413,652,rx,2730,16000,1,pcm_u8,2730,0.17091107368469238
1778635864.564258,111.34181618690491,653,rx,2730,16000,1,pcm_u8,2730,0.16746020317077637
1778635864.733308,111.51086616516113,654,rx,2730,16000,1,pcm_u8,2730,0.16904997825622559
1778635864.9080575,111.68561553955078,655,rx,2730,16000,1,pcm_u8,2730,0.17474937438964844
1778635865.0768442,111.85440230369568,656,rx,2730,16000,1,pcm_u8,2730,0.16878676414489746
1778635865.2578557,112.03541374206543,657,rx,2730,16000,1,pcm_u8,2730,0.18101143836975098
1778635865.414939,112.19249701499939,658,rx,2730,16000,1,pcm_u8,2730,0.15708327293395996
1778635865.5882876,112.36584568023682,659,rx,2730,16000,1,pcm_u8,2730,0.17334866523742676
1778635865.758098,112.5356559753418,660,rx,2730,16000,1,pcm_u8,2730,0.16981029510498047
1778635865.932535,112.71009302139282,661,rx,2730,16000,1,pcm_u8,2730,0.1744370460510254
1778635866.1079926,112.88555073738098,662,rx,2730,16000,1,pcm_u8,2730,0.17545771598815918
1778635866.2683687,113.04592680931091,663,rx,2730,16000,1,pcm_u8,2730,0.16037607192993164
1778635866.4399736,113.21753168106079,664,rx,2730,16000,1,pcm_u8,2730,0.17160487174987793
1778635866.6131644,113.39072251319885,665,rx,2730,16000,1,pcm_u8,2730,0.17319083213806152
1778635866.78086,113.5584180355072,666,rx,2730,16000,1,pcm_u8,2730,0.1676955223083496
1778635866.952672,113.73023009300232,667,rx,2730,16000,1,pcm_u8,2730,0.1718120574951172
1778635867.1243384,113.9018964767456,668,rx,2730,16000,1,pcm_u8,2730,0.17166638374328613
1778635867.2980309,114.0755889415741,669,rx,2730,16000,1,pcm_u8,2730,0.1736924648284912
1778635867.46339,114.24094820022583,670,rx,2730,16000,1,pcm_u8,2730,0.1653592586517334
1778635867.6364453,114.41400337219238,671,rx,2730,16000,1,pcm_u8,2730,0.17305517196655273
1778635867.8050928,114.58265089988708,672,rx,2730,16000,1,pcm_u8,2730,0.16864752769470215
1778635867.980893,114.75845098495483,673,rx,2730,16000,1,pcm_u8,2730,0.17580008506774902
1778635868.1500888,114.92764687538147,674,rx,2730,16000,1,pcm_u8,2730,0.16919589042663574
1778635868.3180475,115.09560561180115,675,rx,2730,16000,1,pcm_u8,2730,0.16795873641967773
1778635868.4927678,115.27032589912415,676,rx,2730,16000,1,pcm_u8,2730,0.17472028732299805
1778635868.662452,115.44001007080078,677,rx,2730,16000,1,pcm_u8,2730,0.16968417167663574
1778635868.828883,115.60644102096558,678,rx,2730,16000,1,pcm_u8,2730,0.16643095016479492
1778635869.0098157,115.78737378120422,679,rx,2730,16000,1,pcm_u8,2730,0.18093276023864746
1778635869.172055,115.94961309432983,680,rx,2730,16000,1,pcm_u8,2730,0.16223931312561035
1778635869.353704,116.1312620639801,681,rx,2730,16000,1,pcm_u8,2730,0.18164896965026855
1778635869.5254948,116.30305290222168,682,rx,2730,16000,1,pcm_u8,2730,0.17179083824157715
1778635869.6872933,116.46485137939453,683,rx,2730,16000,1,pcm_u8,2730,0.16179847717285156
1778635869.8597312,116.63728928565979,684,rx,2730,16000,1,pcm_u8,2730,0.1724379062652588
1778635870.0287578,116.80631589889526,685,rx,2730,16000,1,pcm_u8,2730,0.16902661323547363
1778635870.2066326,116.98419070243835,686,rx,2730,16000,1,pcm_u8,2730,0.17787480354309082
1778635870.3678706,117.14542865753174,687,rx,2730,16000,1,pcm_u8,2730,0.1612379550933838
1778635870.541023,117.31858110427856,688,rx,2730,16000,1,pcm_u8,2730,0.17315244674682617
1778635870.7174423,117.49500036239624,689,rx,2730,16000,1,pcm_u8,2730,0.17641925811767578
1778635870.8808422,117.65840029716492,690,rx,2730,16000,1,pcm_u8,2730,0.16339993476867676
1778635871.0588095,117.8363676071167,691,rx,2730,16000,1,pcm_u8,2730,0.17796730995178223
1778635871.221287,117.99884510040283,692,rx,2730,16000,1,pcm_u8,2730,0.1624774932861328
1778635871.393196,118.17075419425964,693,rx,2730,16000,1,pcm_u8,2730,0.17190909385681152
1778635871.5656335,118.34319162368774,694,rx,2730,16000,1,pcm_u8,2730,0.17243742942810059
1778635871.7353833,118.51294136047363,695,rx,2730,16000,1,pcm_u8,2730,0.16974973678588867
1778635871.9066846,118.68424272537231,696,rx,2730,16000,1,pcm_u8,2730,0.17130136489868164
1778635872.0777342,118.85529232025146,697,rx,2730,16000,1,pcm_u8,2730,0.1710495948791504
1778635872.25247,119.0300281047821,698,rx,2730,16000,1,pcm_u8,2730,0.17473578453063965
1778635872.4178793,119.19543743133545,699,rx,2730,16000,1,pcm_u8,2730,0.16540932655334473
1778635872.588811,119.36636900901794,700,rx,2730,16000,1,pcm_u8,2730,0.17093157768249512
1778635872.7632542,119.54081225395203,701,rx,2730,16000,1,pcm_u8,2730,0.17444324493408203
1778635872.9307346,119.70829272270203,702,rx,2730,16000,1,pcm_u8,2730,0.16748046875
1778635873.1064186,119.88397669792175,703,rx,2730,16000,1,pcm_u8,2730,0.17568397521972656
1778635873.2701225,120.04768061637878,704,rx,2730,16000,1,pcm_u8,2730,0.16370391845703125
1778635873.446514,120.2240719795227,705,rx,2730,16000,1,pcm_u8,2730,0.1763913631439209
1778635873.6135316,120.39108967781067,706,rx,2730,16000,1,pcm_u8,2730,0.16701769828796387
1778635873.7847717,120.56232976913452,707,rx,2730,16000,1,pcm_u8,2730,0.17124009132385254
1778635873.9530947,120.73065280914307,708,rx,2730,16000,1,pcm_u8,2730,0.16832304000854492
1778635874.1243737,120.90193176269531,709,rx,2730,16000,1,pcm_u8,2730,0.1712789535522461
1778635874.3017392,121.07929730415344,710,rx,2730,16000,1,pcm_u8,2730,0.17736554145812988
1778635874.4650218,121.2425799369812,711,rx,2730,16000,1,pcm_u8,2730,0.1632826328277588
1778635874.636804,121.41436219215393,712,rx,2730,16000,1,pcm_u8,2730,0.1717822551727295
1778635874.8089683,121.58652639389038,713,rx,2730,16000,1,pcm_u8,2730,0.1721642017364502
1778635874.9791617,121.75671982765198,714,rx,2730,16000,1,pcm_u8,2730,0.17019343376159668
1778635875.1511264,121.92868447303772,715,rx,2730,16000,1,pcm_u8,2730,0.1719646453857422
1778635875.319469,122.09702706336975,716,rx,2730,16000,1,pcm_u8,2730,0.16834259033203125
1778635875.4854994,122.26305747032166,717,rx,2730,16000,1,pcm_u8,2730,0.1660304069519043
1778635875.6558442,122.43340229988098,718,rx,2730,16000,1,pcm_u8,2730,0.17034482955932617
1778635875.8280227,122.60558080673218,719,rx,2730,16000,1,pcm_u8,2730,0.1721785068511963
1778635875.9986818,122.77623987197876,720,rx,2730,16000,1,pcm_u8,2730,0.17065906524658203
1778635876.1673977,122.94495582580566,721,rx,2730,16000,1,pcm_u8,2730,0.1687159538269043
1778635876.3407867,123.11834478378296,722,rx,2730,16000,1,pcm_u8,2730,0.17338895797729492
1778635876.5091543,123.2867124080658,723,rx,2730,16000,1,pcm_u8,2730,0.16836762428283691
1778635876.6799269,123.45748496055603,724,rx,2730,16000,1,pcm_u8,2730,0.17077255249023438
1778635876.8538148,123.63137292861938,725,rx,2730,16000,1,pcm_u8,2730,0.1738879680633545
1778635877.0216827,123.79924082756042,726,rx,2730,16000,1,pcm_u8,2730,0.16786789894104004
1778635877.200514,123.97807216644287,727,rx,2730,16000,1,pcm_u8,2730,0.1788313388824463
1778635877.364415,124.14197301864624,728,rx,2730,16000,1,pcm_u8,2730,0.16390085220336914
1778635877.5336866,124.31124472618103,729,rx,2730,16000,1,pcm_u8,2730,0.16927170753479004
1778635877.7038047,124.48136281967163,730,rx,2730,16000,1,pcm_u8,2730,0.17011809349060059
1778635877.8762708,124.65382885932922,731,rx,2730,16000,1,pcm_u8,2730,0.17246603965759277
1778635878.0500193,124.8275773525238,732,rx,2730,16000,1,pcm_u8,2730,0.17374849319458008
1778635878.2165105,124.99406862258911,733,rx,2730,16000,1,pcm_u8,2730,0.16649127006530762
1778635878.388346,125.16590404510498,734,rx,2730,16000,1,pcm_u8,2730,0.17183542251586914
1778635878.5573092,125.33486723899841,735,rx,2730,16000,1,pcm_u8,2730,0.16896319389343262
1778635878.7285042,125.50606226921082,736,rx,2730,16000,1,pcm_u8,2730,0.17119503021240234
1778635878.8997717,125.67732977867126,737,rx,2730,16000,1,pcm_u8,2730,0.17126750946044922
1778635879.0698102,125.84736824035645,738,rx,2730,16000,1,pcm_u8,2730,0.17003846168518066
1778635879.2583482,126.03590631484985,739,rx,2730,16000,1,pcm_u8,2730,0.1885380744934082
1778635879.4122553,126.18981337547302,740,rx,2730,16000,1,pcm_u8,2730,0.15390706062316895
1778635879.5813494,126.35890746116638,741,rx,2730,16000,1,pcm_u8,2730,0.16909408569335938
1778635879.752511,126.53006911277771,742,rx,2730,16000,1,pcm_u8,2730,0.17116165161132812
1778635879.92421,126.70176815986633,743,rx,2730,16000,1,pcm_u8,2730,0.17169904708862305
1778635880.0985277,126.87608575820923,744,rx,2730,16000,1,pcm_u8,2730,0.1743175983428955
1778635880.2644384,127.04199647903442,745,rx,2730,16000,1,pcm_u8,2730,0.1659107208251953
1778635880.4449162,127.22247433662415,746,rx,2730,16000,1,pcm_u8,2730,0.18047785758972168
1778635880.611709,127.38926720619202,747,rx,2730,16000,1,pcm_u8,2730,0.1667928695678711
1778635880.7809637,127.55852174758911,748,rx,2730,16000,1,pcm_u8,2730,0.16925454139709473
1778635880.9570503,127.73460841178894,749,rx,2730,16000,1,pcm_u8,2730,0.1760866641998291
1778635881.118505,127.89606308937073,750,rx,2730,16000,1,pcm_u8,2730,0.1614546775817871
1778635881.2884326,128.06599068641663,751,rx,2730,16000,1,pcm_u8,2730,0.16992759704589844
1778635881.4601903,128.2377483844757,752,rx,2730,16000,1,pcm_u8,2730,0.17175769805908203
1778635881.6330032,128.4105613231659,753,rx,2730,16000,1,pcm_u8,2730,0.17281293869018555
1778635881.805779,128.58333706855774,754,rx,2730,16000,1,pcm_u8,2730,0.1727757453918457
1778635881.9745874,128.75214552879333,755,rx,2730,16000,1,pcm_u8,2730,0.1688084602355957
1778635882.1440673,128.92162537574768,756,rx,2730,16000,1,pcm_u8,2730,0.1694798469543457
1778635882.3121917,129.08974981307983,757,rx,2730,16000,1,pcm_u8,2730,0.16812443733215332
1778635882.4861703,129.26372838020325,758,rx,2730,16000,1,pcm_u8,2730,0.17397856712341309
1778635882.6545846,129.4321427345276,759,rx,2730,16000,1,pcm_u8,2730,0.16841435432434082
1778635882.8244798,129.60203790664673,760,rx,2730,16000,1,pcm_u8,2730,0.16989517211914062
1778635883.0019832,129.77954125404358,761,rx,2730,16000,1,pcm_u8,2730,0.17750334739685059
1778635883.1650329,129.94259095191956,762,rx,2730,16000,1,pcm_u8,2730,0.16304969787597656
1778635883.3407571,130.11831521987915,763,rx,2730,16000,1,pcm_u8,2730,0.17572426795959473
1778635883.5084755,130.2860336303711,764,rx,2730,16000,1,pcm_u8,2730,0.16771841049194336
1778635883.67732,130.45487809181213,765,rx,2730,16000,1,pcm_u8,2730,0.16884446144104004
1778635883.8528092,130.63036727905273,766,rx,2730,16000,1,pcm_u8,2730,0.17548918724060059
1778635884.0202546,130.7978127002716,767,rx,2730,16000,1,pcm_u8,2730,0.16744542121887207
1778635884.1964703,130.97402834892273,768,rx,2730,16000,1,pcm_u8,2730,0.17621564865112305
1778635884.3626344,131.1401925086975,769,rx,2730,16000,1,pcm_u8,2730,0.16616415977478027
1778635884.5346913,131.31224942207336,770,rx,2730,16000,1,pcm_u8,2730,0.1720569133758545
1778635884.7044868,131.48204493522644,771,rx,2730,16000,1,pcm_u8,2730,0.16979551315307617
1778635884.872574,131.65013217926025,772,rx,2730,16000,1,pcm_u8,2730,0.16808724403381348
1778635885.0446668,131.82222485542297,773,rx,2730,16000,1,pcm_u8,2730,0.17209267616271973
1778635885.2139766,131.99153470993042,774,rx,2730,16000,1,pcm_u8,2730,0.1693098545074463
1778635885.3853757,132.16293382644653,775,rx,2730,16000,1,pcm_u8,2730,0.17139911651611328
1778635885.5564344,132.3339924812317,776,rx,2730,16000,1,pcm_u8,2730,0.17105865478515625
1778635885.7278044,132.50536251068115,777,rx,2730,16000,1,pcm_u8,2730,0.1713700294494629
1778635885.9071066,132.68466472625732,778,rx,2730,16000,1,pcm_u8,2730,0.17930221557617188
1778635886.0726116,132.8501696586609,779,rx,2730,16000,1,pcm_u8,2730,0.16550493240356445
1778635886.246358,133.02391600608826,780,rx,2730,16000,1,pcm_u8,2730,0.17374634742736816
1778635886.4088044,133.1863625049591,781,rx,2730,16000,1,pcm_u8,2730,0.1624464988708496
1778635886.5804083,133.35796642303467,782,rx,2730,16000,1,pcm_u8,2730,0.17160391807556152
1778635886.75175,133.52930808067322,783,rx,2730,16000,1,pcm_u8,2730,0.1713416576385498
1778635886.9204893,133.69804739952087,784,rx,2730,16000,1,pcm_u8,2730,0.16873931884765625
1778635887.09764,133.87519812583923,785,rx,2730,16000,1,pcm_u8,2730,0.17715072631835938
1778635887.2622986,134.039856672287,786,rx,2730,16000,1,pcm_u8,2730,0.1646585464477539
1778635887.4332368,134.2107949256897,787,rx,2730,16000,1,pcm_u8,2730,0.17093825340270996
1778635887.6045818,134.38213992118835,788,rx,2730,16000,1,pcm_u8,2730,0.17134499549865723
1778635887.7745507,134.55210876464844,789,rx,2730,16000,1,pcm_u8,2730,0.169968843460083
1778635887.953102,134.73066020011902,790,rx,2730,16000,1,pcm_u8,2730,0.17855143547058105
1778635888.1158953,134.89345335960388,791,rx,2730,16000,1,pcm_u8,2730,0.16279315948486328
1778635888.288945,135.06650304794312,792,rx,2730,16000,1,pcm_u8,2730,0.1730496883392334
1778635888.4575832,135.23514127731323,793,rx,2730,16000,1,pcm_u8,2730,0.1686382293701172
1778635888.6283178,135.4058759212494,794,rx,2730,16000,1,pcm_u8,2730,0.17073464393615723
1778635888.799325,135.57688307762146,795,rx,2730,16000,1,pcm_u8,2730,0.1710071563720703
1778635888.9695847,135.74714279174805,796,rx,2730,16000,1,pcm_u8,2730,0.17025971412658691
1778635889.1425703,135.9201283454895,797,rx,2730,16000,1,pcm_u8,2730,0.17298555374145508
1778635889.3104916,136.08804965019226,798,rx,2730,16000,1,pcm_u8,2730,0.1679213047027588
1778635889.4807322,136.25829029083252,799,rx,2730,16000,1,pcm_u8,2730,0.1702406406402588
1778635889.6528118,136.4303698539734,800,rx,2730,16000,1,pcm_u8,2730,0.17207956314086914
1778635889.8219156,136.5994737148285,801,rx,2730,16000,1,pcm_u8,2730,0.16910386085510254
1778635889.9969256,136.7744836807251,802,rx,2730,16000,1,pcm_u8,2730,0.17500996589660645
1778635890.1648114,136.94236946105957,803,rx,2730,16000,1,pcm_u8,2730,0.16788578033447266
1778635890.3346477,137.11220574378967,804,rx,2730,16000,1,pcm_u8,2730,0.16983628273010254
1778635890.504339,137.28189706802368,805,rx,2730,16000,1,pcm_u8,2730,0.1696913242340088
1778635890.6764822,137.45404028892517,806,rx,2730,16000,1,pcm_u8,2730,0.17214322090148926
1778635890.8510804,137.62863850593567,807,rx,2730,16000,1,pcm_u8,2730,0.17459821701049805
1778635891.0175285,137.79508662223816,808,rx,2730,16000,1,pcm_u8,2730,0.16644811630249023
1778635891.207225,137.98478317260742,809,rx,2730,16000,1,pcm_u8,2730,0.1896965503692627
1778635891.36213,138.13968801498413,810,rx,2730,16000,1,pcm_u8,2730,0.15490484237670898
1778635891.5345705,138.31212854385376,811,rx,2730,16000,1,pcm_u8,2730,0.1724405288696289
1778635891.7033174,138.48087549209595,812,rx,2730,16000,1,pcm_u8,2730,0.1687469482421875
1778635891.8752718,138.6528298854828,813,rx,2730,16000,1,pcm_u8,2730,0.17195439338684082
1778635892.0452282,138.82278633117676,814,rx,2730,16000,1,pcm_u8,2730,0.16995644569396973
1778635892.2151573,138.99271535873413,815,rx,2730,16000,1,pcm_u8,2730,0.16992902755737305
1778635892.3882146,139.1657726764679,816,rx,2730,16000,1,pcm_u8,2730,0.17305731773376465
1778635892.5569477,139.3345057964325,817,rx,2730,16000,1,pcm_u8,2730,0.1687331199645996
1778635892.7280684,139.50562644004822,818,rx,2730,16000,1,pcm_u8,2730,0.17112064361572266
1778635892.903123,139.68068099021912,819,rx,2730,16000,1,pcm_u8,2730,0.17505455017089844
1778635893.0698383,139.84739637374878,820,rx,2730,16000,1,pcm_u8,2730,0.16671538352966309
1778635893.2467322,140.02429032325745,821,rx,2730,16000,1,pcm_u8,2730,0.176893949508667
1778635893.411958,140.18951606750488,822,rx,2730,16000,1,pcm_u8,2730,0.16522574424743652
1778635893.5775506,140.35510873794556,823,rx,2730,16000,1,pcm_u8,2730,0.16559267044067383
1778635893.74931,140.5268681049347,824,rx,2730,16000,1,pcm_u8,2730,0.17175936698913574
1778635893.9184828,140.69604086875916,825,rx,2730,16000,1,pcm_u8,2730,0.1691727638244629
1778635894.094588,140.87214612960815,826,rx,2730,16000,1,pcm_u8,2730,0.17610526084899902
1778635894.2607594,141.0383174419403,827,rx,2730,16000,1,pcm_u8,2730,0.16617131233215332
1778635894.4303706,141.20792865753174,828,rx,2730,16000,1,pcm_u8,2730,0.16961121559143066
1778635894.6006303,141.37818837165833,829,rx,2730,16000,1,pcm_u8,2730,0.17025971412658691
1778635894.7724335,141.54999160766602,830,rx,2730,16000,1,pcm_u8,2730,0.17180323600769043
1778635894.9484928,141.72605085372925,831,rx,2730,16000,1,pcm_u8,2730,0.17605924606323242
1778635895.1123102,141.88986825942993,832,rx,2730,16000,1,pcm_u8,2730,0.1638174057006836
1778635895.2869737,142.0645318031311,833,rx,2730,16000,1,pcm_u8,2730,0.17466354370117188
1778635895.4582355,142.23579359054565,834,rx,2730,16000,1,pcm_u8,2730,0.17126178741455078
1778635895.6253147,142.40287280082703,835,rx,2730,16000,1,pcm_u8,2730,0.16707921028137207
1778635895.8041523,142.58171033859253,836,rx,2730,16000,1,pcm_u8,2730,0.17883753776550293
1778635895.9662457,142.74380373954773,837,rx,2730,16000,1,pcm_u8,2730,0.1620934009552002
1778635896.1486676,142.92622566223145,838,rx,2730,16000,1,pcm_u8,2730,0.18242192268371582
1778635896.3084712,143.08602929115295,839,rx,2730,16000,1,pcm_u8,2730,0.1598036289215088
1778635896.4816158,143.25917387008667,840,rx,2730,16000,1,pcm_u8,2730,0.17314457893371582
1778635896.6527247,143.43028283119202,841,rx,2730,16000,1,pcm_u8,2730,0.17110896110534668
1778635896.8208642,143.59842228889465,842,rx,2730,16000,1,pcm_u8,2730,0.16813945770263672
1778635896.9934938,143.7710518836975,843,rx,2730,16000,1,pcm_u8,2730,0.17262959480285645
1778635897.1629531,143.94051122665405,844,rx,2730,16000,1,pcm_u8,2730,0.16945934295654297
1778635897.333057,144.1106150150299,845,rx,2730,16000,1,pcm_u8,2730,0.1701037883758545
1778635897.5038419,144.28139996528625,846,rx,2730,16000,1,pcm_u8,2730,0.17078495025634766
1778635897.6821315,144.45968961715698,847,rx,2730,16000,1,pcm_u8,2730,0.17828965187072754
1778635897.8473444,144.62490248680115,848,rx,2730,16000,1,pcm_u8,2730,0.16521286964416504
1778635898.0152295,144.79278755187988,849,rx,2730,16000,1,pcm_u8,2730,0.16788506507873535
1778635898.1897824,144.96734046936035,850,rx,2730,16000,1,pcm_u8,2730,0.17455291748046875
1778635898.3567984,145.13435649871826,851,rx,2730,16000,1,pcm_u8,2730,0.16701602935791016
1778635898.530822,145.30838012695312,852,rx,2730,16000,1,pcm_u8,2730,0.17402362823486328
1778635898.7009022,145.47846031188965,853,rx,2730,16000,1,pcm_u8,2730,0.17008018493652344
1778635898.872264,145.64982199668884,854,rx,2730,16000,1,pcm_u8,2730,0.17136168479919434
1778635899.047489,145.8250470161438,855,rx,2730,16000,1,pcm_u8,2730,0.17522501945495605
1778635899.2130566,145.99061465263367,856,rx,2730,16000,1,pcm_u8,2730,0.16556763648986816
1778635899.380381,146.15793919563293,857,rx,2730,16000,1,pcm_u8,2730,0.16732454299926758
1778635899.550845,146.32840299606323,858,rx,2730,16000,1,pcm_u8,2730,0.17046380043029785
1778635899.7219253,146.4994833469391,859,rx,2730,16000,1,pcm_u8,2730,0.1710803508758545
1778635899.8991947,146.67675280570984,860,rx,2730,16000,1,pcm_u8,2730,0.17726945877075195
1778635900.0634744,146.8410325050354,861,rx,2730,16000,1,pcm_u8,2730,0.16427969932556152
1778635900.2400544,147.0176124572754,862,rx,2730,16000,1,pcm_u8,2730,0.17657995223999023
1778635900.4055185,147.18307662010193,863,rx,2730,16000,1,pcm_u8,2730,0.16546416282653809
1778635900.5748172,147.35237526893616,864,rx,2730,16000,1,pcm_u8,2730,0.16929864883422852
1778635900.7446172,147.52217531204224,865,rx,2730,16000,1,pcm_u8,2730,0.1698000431060791
1778635900.9165888,147.69414687156677,866,rx,2730,16000,1,pcm_u8,2730,0.17197155952453613
1778635901.092171,147.86972904205322,867,rx,2730,16000,1,pcm_u8,2730,0.1755821704864502
1778635901.2563725,148.03393054008484,868,rx,2730,16000,1,pcm_u8,2730,0.1642014980316162
1778635901.4287426,148.20630073547363,869,rx,2730,16000,1,pcm_u8,2730,0.17237019538879395
1778635901.5997024,148.37726044654846,870,rx,2730,16000,1,pcm_u8,2730,0.1709597110748291
1778635901.7692957,148.54685378074646,871,rx,2730,16000,1,pcm_u8,2730,0.16959333419799805
1778635901.9460669,148.7236249446869,872,rx,2730,16000,1,pcm_u8,2730,0.1767711639404297
1778635902.110424,148.88798213005066,873,rx,2730,16000,1,pcm_u8,2730,0.16435718536376953
1778635902.2850528,149.06261086463928,874,rx,2730,16000,1,pcm_u8,2730,0.17462873458862305
1778635902.4525099,149.23006796836853,875,rx,2730,16000,1,pcm_u8,2730,0.16745710372924805
1778635902.623089,149.4006471633911,876,rx,2730,16000,1,pcm_u8,2730,0.170579195022583
1778635902.7969081,149.5744662284851,877,rx,2730,16000,1,pcm_u8,2730,0.17381906509399414
1778635902.9644666,149.74202466011047,878,rx,2730,16000,1,pcm_u8,2730,0.1675584316253662
1778635903.1380785,149.91563653945923,879,rx,2730,16000,1,pcm_u8,2730,0.17361187934875488
1778635903.3053496,150.08290767669678,880,rx,2730,16000,1,pcm_u8,2730,0.16727113723754883
1778635903.4763408,150.25389885902405,881,rx,2730,16000,1,pcm_u8,2730,0.1709911823272705
1778635903.6470208,150.4245789051056,882,rx,2730,16000,1,pcm_u8,2730,0.17068004608154297
1778635903.8179388,150.59549689292908,883,rx,2730,16000,1,pcm_u8,2730,0.17091798782348633
1778635903.9952307,150.77278876304626,884,rx,2730,16000,1,pcm_u8,2730,0.1772918701171875
1778635904.158933,150.93649101257324,885,rx,2730,16000,1,pcm_u8,2730,0.16370224952697754
1778635904.343983,151.1215410232544,886,rx,2730,16000,1,pcm_u8,2730,0.18505001068115234
1778635904.5019324,151.27949047088623,887,rx,2730,16000,1,pcm_u8,2730,0.15794944763183594
1778635904.6722162,151.4497742652893,888,rx,2730,16000,1,pcm_u8,2730,0.17028379440307617
1778635904.8455288,151.6230869293213,889,rx,2730,16000,1,pcm_u8,2730,0.17331266403198242
1778635905.012759,151.79031705856323,890,rx,2730,16000,1,pcm_u8,2730,0.16723012924194336
1778635905.184485,151.9620430469513,891,rx,2730,16000,1,pcm_u8,2730,0.17172598838806152
1778635905.353622,152.1311800479889,892,rx,2730,16000,1,pcm_u8,2730,0.16913700103759766
1778635905.5265403,152.30409836769104,893,rx,2730,16000,1,pcm_u8,2730,0.17291831970214844
1778635905.6958377,152.47339582443237,894,rx,2730,16000,1,pcm_u8,2730,0.169297456741333
1778635905.8691301,152.64668822288513,895,rx,2730,16000,1,pcm_u8,2730,0.1732923984527588
1778635906.0470917,152.82464981079102,896,rx,2730,16000,1,pcm_u8,2730,0.1779615879058838
1778635906.2069206,152.9844787120819,897,rx,2730,16000,1,pcm_u8,2730,0.15982890129089355
1778635906.3780065,153.15556454658508,898,rx,2730,16000,1,pcm_u8,2730,0.17108583450317383
1778635906.551811,153.32936906814575,899,rx,2730,16000,1,pcm_u8,2730,0.17380452156066895
1778635906.718945,153.49650311470032,900,rx,2730,16000,1,pcm_u8,2730,0.16713404655456543
1778635906.8929734,153.67053151130676,901,rx,2730,16000,1,pcm_u8,2730,0.1740283966064453
1778635907.0625024,153.8400604724884,902,rx,2730,16000,1,pcm_u8,2730,0.16952896118164062
1778635907.232133,154.00969099998474,903,rx,2730,16000,1,pcm_u8,2730,0.1696305274963379
1778635907.4020422,154.17960023880005,904,rx,2730,16000,1,pcm_u8,2730,0.16990923881530762
1778635907.572844,154.3504021167755,905,rx,2730,16000,1,pcm_u8,2730,0.17080187797546387
1778635907.7487526,154.52631068229675,906,rx,2730,16000,1,pcm_u8,2730,0.17590856552124023
1778635907.913612,154.6911699771881,907,rx,2730,16000,1,pcm_u8,2730,0.16485929489135742
1778635908.0888994,154.8664574623108,908,rx,2730,16000,1,pcm_u8,2730,0.17528748512268066
1778635908.2558744,155.0334324836731,909,rx,2730,16000,1,pcm_u8,2730,0.1669750213623047
1778635908.4255774,155.20313549041748,910,rx,2730,16000,1,pcm_u8,2730,0.16970300674438477
1778635908.5985568,155.37611484527588,911,rx,2730,16000,1,pcm_u8,2730,0.17297935485839844
1778635908.7671614,155.54471945762634,912,rx,2730,16000,1,pcm_u8,2730,0.16860461235046387
1778635908.9506774,155.72823548316956,913,rx,2730,16000,1,pcm_u8,2730,0.1835160255432129
1778635909.1088312,155.88638925552368,914,rx,2730,16000,1,pcm_u8,2730,0.15815377235412598
1778635909.2824686,156.0600266456604,915,rx,2730,16000,1,pcm_u8,2730,0.17363739013671875
1778635909.458679,156.23623704910278,916,rx,2730,16000,1,pcm_u8,2730,0.1762104034423828
1778635909.6234608,156.40101885795593,917,rx,2730,16000,1,pcm_u8,2730,0.16478180885314941
1778635909.7966201,156.57417821884155,918,rx,2730,16000,1,pcm_u8,2730,0.17315936088562012
1778635909.9664962,156.74405431747437,919,rx,2730,16000,1,pcm_u8,2730,0.1698760986328125
1778635910.144636,156.92219400405884,920,rx,2730,16000,1,pcm_u8,2730,0.17813968658447266
1778635910.3068266,157.0843846797943,921,rx,2730,16000,1,pcm_u8,2730,0.16219067573547363
1778635910.4790628,157.25662088394165,922,rx,2730,16000,1,pcm_u8,2730,0.17223620414733887
1778635910.648373,157.42593097686768,923,rx,2730,16000,1,pcm_u8,2730,0.1693100929260254
1778635910.8220692,157.59962725639343,924,rx,2730,16000,1,pcm_u8,2730,0.17369627952575684
1778635910.9895928,157.76715087890625,925,rx,2730,16000,1,pcm_u8,2730,0.16752362251281738
1778635911.156759,157.934317111969,926,rx,2730,16000,1,pcm_u8,2730,0.16716623306274414
1778635911.3283226,158.1058807373047,927,rx,2730,16000,1,pcm_u8,2730,0.17156362533569336
1778635911.502264,158.27982211112976,928,rx,2730,16000,1,pcm_u8,2730,0.17394137382507324
1778635911.6688216,158.44637966156006,929,rx,2730,16000,1,pcm_u8,2730,0.16655755043029785
1778635911.8454208,158.62297892570496,930,rx,2730,16000,1,pcm_u8,2730,0.17659926414489746
1778635912.010207,158.78776502609253,931,rx,2730,16000,1,pcm_u8,2730,0.16478610038757324
1778635912.1824617,158.96001982688904,932,rx,2730,16000,1,pcm_u8,2730,0.1722548007965088
1778635912.3514173,159.12897539138794,933,rx,2730,16000,1,pcm_u8,2730,0.16895556449890137
1778635912.5253808,159.30293893814087,934,rx,2730,16000,1,pcm_u8,2730,0.1739635467529297
1778635912.6964905,159.47404861450195,935,rx,2730,16000,1,pcm_u8,2730,0.17110967636108398
1778635912.863666,159.64122414588928,936,rx,2730,16000,1,pcm_u8,2730,0.1671755313873291
1778635913.0396392,159.81719732284546,937,rx,2730,16000,1,pcm_u8,2730,0.17597317695617676
1778635913.204732,159.98229002952576,938,rx,2730,16000,1,pcm_u8,2730,0.16509270668029785
1778635913.3792264,160.15678453445435,939,rx,2730,16000,1,pcm_u8,2730,0.17449450492858887
1778635913.545603,160.3231611251831,940,rx,2730,16000,1,pcm_u8,2730,0.16637659072875977
1778635913.7203536,160.49791169166565,941,rx,2730,16000,1,pcm_u8,2730,0.17475056648254395
1778635913.8925865,160.67014455795288,942,rx,2730,16000,1,pcm_u8,2730,0.17223286628723145
1778635914.0579743,160.8355324268341,943,rx,2730,16000,1,pcm_u8,2730,0.16538786888122559
1778635914.2347953,161.01235342025757,944,rx,2730,16000,1,pcm_u8,2730,0.17682099342346191
1778635914.3993268,161.17688488960266,945,rx,2730,16000,1,pcm_u8,2730,0.16453146934509277
1778635914.5699794,161.3475375175476,946,rx,2730,16000,1,pcm_u8,2730,0.1706526279449463
1778635914.7494528,161.52701091766357,947,rx,2730,16000,1,pcm_u8,2730,0.1794734001159668
1778635914.9157112,161.6932692527771,948,rx,2730,16000,1,pcm_u8,2730,0.1662583351135254
1778635915.0868819,161.86443996429443,949,rx,2730,16000,1,pcm_u8,2730,0.17117071151733398
1778635915.2532659,162.03082394599915,950,rx,2730,16000,1,pcm_u8,2730,0.16638398170471191
1778635915.4256914,162.2032494544983,951,rx,2730,16000,1,pcm_u8,2730,0.1724255084991455
1778635915.5985482,162.37610626220703,952,rx,2730,16000,1,pcm_u8,2730,0.17285680770874023
1778635915.7650213,162.54257941246033,953,rx,2730,16000,1,pcm_u8,2730,0.1664731502532959
1778635915.9427304,162.72028851509094,954,rx,2730,16000,1,pcm_u8,2730,0.17770910263061523
1778635916.1097577,162.88731575012207,955,rx,2730,16000,1,pcm_u8,2730,0.16702723503112793
1778635916.2808511,163.05840921401978,956,rx,2730,16000,1,pcm_u8,2730,0.17109346389770508
1778635916.4550567,163.2326147556305,957,rx,2730,16000,1,pcm_u8,2730,0.17420554161071777
1778635916.6224527,163.4000108242035,958,rx,2730,16000,1,pcm_u8,2730,0.16739606857299805
1778635916.7949808,163.57253885269165,959,rx,2730,16000,1,pcm_u8,2730,0.17252802848815918
1778635916.960362,163.73792004585266,960,rx,2730,16000,1,pcm_u8,2730,0.16538119316101074
1778635917.1367104,163.91426849365234,961,rx,2730,16000,1,pcm_u8,2730,0.17634844779968262
1778635917.3013244,164.0788824558258,962,rx,2730,16000,1,pcm_u8,2730,0.16461396217346191
1778635917.4723182,164.24987626075745,963,rx,2730,16000,1,pcm_u8,2730,0.17099380493164062
1778635917.6451323,164.42269039154053,964,rx,2730,16000,1,pcm_u8,2730,0.17281413078308105
1778635917.8128479,164.59040594100952,965,rx,2730,16000,1,pcm_u8,2730,0.16771554946899414
1778635917.988024,164.76558208465576,966,rx,2730,16000,1,pcm_u8,2730,0.17517614364624023
1778635918.1539714,164.93152952194214,967,rx,2730,16000,1,pcm_u8,2730,0.16594743728637695
1778635918.3279495,165.1055076122284,968,rx,2730,16000,1,pcm_u8,2730,0.17397809028625488
1778635918.4958274,165.27338552474976,969,rx,2730,16000,1,pcm_u8,2730,0.1678779125213623
1778635918.6694157,165.44697380065918,970,rx,2730,16000,1,pcm_u8,2730,0.17358827590942383
1778635918.8439515,165.62150955200195,971,rx,2730,16000,1,pcm_u8,2730,0.17453575134277344
1778635919.0078783,165.78543639183044,972,rx,2730,16000,1,pcm_u8,2730,0.1639268398284912
1778635919.1812596,165.9588177204132,973,rx,2730,16000,1,pcm_u8,2730,0.17338132858276367
1778635919.3485622,166.1261203289032,974,rx,2730,16000,1,pcm_u8,2730,0.16730260848999023
1778635919.519576,166.29713416099548,975,rx,2730,16000,1,pcm_u8,2730,0.17101383209228516
1778635919.693155,166.47071313858032,976,rx,2730,16000,1,pcm_u8,2730,0.17357897758483887
1778635919.862777,166.6403350830078,977,rx,2730,16000,1,pcm_u8,2730,0.16962194442749023
1778635920.0365176,166.81407570838928,978,rx,2730,16000,1,pcm_u8,2730,0.17374062538146973
1778635920.2053897,166.9829478263855,979,rx,2730,16000,1,pcm_u8,2730,0.16887211799621582
1778635920.3743336,167.15189170837402,980,rx,2730,16000,1,pcm_u8,2730,0.1689438819885254
1778635920.54329,167.32084798812866,981,rx,2730,16000,1,pcm_u8,2730,0.16895627975463867
1778635920.7166154,167.49417352676392,982,rx,2730,16000,1,pcm_u8,2730,0.1733255386352539
1778635920.8895974,167.66715550422668,983,rx,2730,16000,1,pcm_u8,2730,0.17298197746276855
1778635921.0555081,167.83306622505188,984,rx,2730,16000,1,pcm_u8,2730,0.1659107208251953
1778635921.2295032,168.00706124305725,985,rx,2730,16000,1,pcm_u8,2730,0.1739950180053711
1778635921.3986375,168.17619562149048,986,rx,2730,16000,1,pcm_u8,2730,0.16913437843322754
1778635921.5673046,168.34486269950867,987,rx,2730,16000,1,pcm_u8,2730,0.16866707801818848
1778635921.7429817,168.5205397605896,988,rx,2730,16000,1,pcm_u8,2730,0.17567706108093262
1778635921.9131165,168.69067454338074,989,rx,2730,16000,1,pcm_u8,2730,0.1701347827911377
1778635922.085919,168.86347699165344,990,rx,2730,16000,1,pcm_u8,2730,0.17280244827270508
1778635922.2565134,169.0340714454651,991,rx,2730,16000,1,pcm_u8,2730,0.1705944538116455
1778635922.4300914,169.2076494693756,992,rx,2730,16000,1,pcm_u8,2730,0.17357802391052246
1778635922.5974174,169.37497544288635,993,rx,2730,16000,1,pcm_u8,2730,0.1673259735107422
1778635922.7673864,169.54494452476501,994,rx,2730,16000,1,pcm_u8,2730,0.1699690818786621
1778635922.942479,169.72003698349,995,rx,2730,16000,1,pcm_u8,2730,0.17509245872497559
1778635923.106813,169.8843710422516,996,rx,2730,16000,1,pcm_u8,2730,0.16433405876159668
1778635923.2776544,170.05521249771118,997,rx,2730,16000,1,pcm_u8,2730,0.17084145545959473
1778635923.4492264,170.22678446769714,998,rx,2730,16000,1,pcm_u8,2730,0.17157196998596191
1778635923.6225991,170.40015721321106,999,rx,2730,16000,1,pcm_u8,2730,0.17337274551391602
1778635923.7988474,170.57640552520752,1000,rx,2730,16000,1,pcm_u8,2730,0.17624831199645996
1778635923.9637017,170.74125981330872,1001,rx,2730,16000,1,pcm_u8,2730,0.1648542881011963
1778635924.1377423,170.9153003692627,1002,rx,2730,16000,1,pcm_u8,2730,0.1740405559539795
1778635924.302806,171.08036398887634,1003,rx,2730,16000,1,pcm_u8,2730,0.16506361961364746
1778635924.4782865,171.2558445930481,1004,rx,2730,16000,1,pcm_u8,2730,0.17548060417175293
1778635924.645083,171.42264103889465,1005,rx,2730,16000,1,pcm_u8,2730,0.16679644584655762
1778635924.8173318,171.59488987922668,1006,rx,2730,16000,1,pcm_u8,2730,0.17224884033203125
1778635925.008886,171.7864441871643,1007,rx,2730,16000,1,pcm_u8,2730,0.19155430793762207
1778635925.1556597,171.93321776390076,1008,rx,2730,16000,1,pcm_u8,2730,0.1467735767364502
1778635925.325407,172.10296511650085,1009,rx,2730,16000,1,pcm_u8,2730,0.16974735260009766
1778635925.4946399,172.27219796180725,1010,rx,2730,16000,1,pcm_u8,2730,0.16923284530639648
1778635925.6637177,172.44127583503723,1011,rx,2730,16000,1,pcm_u8,2730,0.16907787322998047
1778635925.8381524,172.61571049690247,1012,rx,2730,16000,1,pcm_u8,2730,0.17443466186523438
1778635926.0047665,172.782324552536,1013,rx,2730,16000,1,pcm_u8,2730,0.16661405563354492
1778635926.1766315,172.9541895389557,1014,rx,2730,16000,1,pcm_u8,2730,0.17186498641967773
1778635926.349172,173.12673020362854,1015,rx,2730,16000,1,pcm_u8,2730,0.17254066467285156
1778635926.5198822,173.29744029045105,1016,rx,2730,16000,1,pcm_u8,2730,0.17071008682250977
1778635926.687726,173.4652841091156,1017,rx,2730,16000,1,pcm_u8,2730,0.16784381866455078
1778635926.861627,173.6391851902008,1018,rx,2730,16000,1,pcm_u8,2730,0.17390108108520508
1778635927.0355701,173.81312823295593,1019,rx,2730,16000,1,pcm_u8,2730,0.17394304275512695
1778635927.19997,173.97752809524536,1020,rx,2730,16000,1,pcm_u8,2730,0.1643998622894287
1778635927.3734498,174.1510078907013,1021,rx,2730,16000,1,pcm_u8,2730,0.17347979545593262
1778635927.5437477,174.32130575180054,1022,rx,2730,16000,1,pcm_u8,2730,0.17029786109924316
1778635927.7123332,174.48989129066467,1023,rx,2730,16000,1,pcm_u8,2730,0.16858553886413574
1778635927.8917704,174.66932845115662,1024,rx,2730,16000,1,pcm_u8,2730,0.17943716049194336
1778635928.0545526,174.83211064338684,1025,rx,2730,16000,1,pcm_u8,2730,0.1627821922302246
1778635928.2245483,175.00210642814636,1026,rx,2730,16000,1,pcm_u8,2730,0.16999578475952148
1778635928.3972833,175.17484140396118,1027,rx,2730,16000,1,pcm_u8,2730,0.17273497581481934
1778635928.5656574,175.34321546554565,1028,rx,2730,16000,1,pcm_u8,2730,0.16837406158447266
1778635928.7408137,175.51837182044983,1029,rx,2730,16000,1,pcm_u8,2730,0.1751563549041748
1778635928.910285,175.68784308433533,1030,rx,2730,16000,1,pcm_u8,2730,0.16947126388549805
1778635929.0810823,175.8586404323578,1031,rx,2730,16000,1,pcm_u8,2730,0.17079734802246094
1778635929.2483287,176.0258867740631,1032,rx,2730,16000,1,pcm_u8,2730,0.16724634170532227
1778635929.4212883,176.19884634017944,1033,rx,2730,16000,1,pcm_u8,2730,0.172959566116333
1778635929.5907981,176.36835622787476,1034,rx,2730,16000,1,pcm_u8,2730,0.1695098876953125
1778635929.7602642,176.5378222465515,1035,rx,2730,16000,1,pcm_u8,2730,0.1694660186767578
1778635929.9350114,176.71256947517395,1036,rx,2730,16000,1,pcm_u8,2730,0.17474722862243652
1778635930.1101525,176.88771057128906,1037,rx,2730,16000,1,pcm_u8,2730,0.1751410961151123
1778635930.2753158,177.05287384986877,1038,rx,2730,16000,1,pcm_u8,2730,0.16516327857971191
1778635930.4504864,177.2280445098877,1039,rx,2730,16000,1,pcm_u8,2730,0.1751706600189209
1778635930.6219597,177.3995177745819,1040,rx,2730,16000,1,pcm_u8,2730,0.17147326469421387
1778635930.790101,177.56765913963318,1041,rx,2730,16000,1,pcm_u8,2730,0.16814136505126953
1778635930.957944,177.7355020046234,1042,rx,2730,16000,1,pcm_u8,2730,0.16784286499023438
1778635931.130916,177.90847420692444,1043,rx,2730,16000,1,pcm_u8,2730,0.1729722023010254
1778635931.3026876,178.0802457332611,1044,rx,2730,16000,1,pcm_u8,2730,0.17177152633666992
1778635931.4764066,178.25396466255188,1045,rx,2730,16000,1,pcm_u8,2730,0.17371892929077148
1778635931.6415575,178.41911554336548,1046,rx,2730,16000,1,pcm_u8,2730,0.16515088081359863
1778635931.8112335,178.58879160881042,1047,rx,2730,16000,1,pcm_u8,2730,0.1696760654449463
1778635931.9968157,178.77437376976013,1048,rx,2730,16000,1,pcm_u8,2730,0.18558216094970703
1778635932.152733,178.93029117584229,1049,rx,2730,16000,1,pcm_u8,2730,0.15591740608215332
1778635932.3257856,179.10334372520447,1050,rx,2730,16000,1,pcm_u8,2730,0.17305254936218262
1778635932.499039,179.27659702301025,1051,rx,2730,16000,1,pcm_u8,2730,0.17325329780578613
1778635932.664558,179.44211602210999,1052,rx,2730,16000,1,pcm_u8,2730,0.16551899909973145
1778635932.8410916,179.61864972114563,1053,rx,2730,16000,1,pcm_u8,2730,0.17653369903564453
1778635933.0060334,179.78359150886536,1054,rx,2730,16000,1,pcm_u8,2730,0.16494178771972656
1778635933.1781137,179.95567178726196,1055,rx,2730,16000,1,pcm_u8,2730,0.17208027839660645
1778635933.3473806,180.12493872642517,1056,rx,2730,16000,1,pcm_u8,2730,0.169266939163208
1778635933.5194802,180.29703831672668,1057,rx,2730,16000,1,pcm_u8,2730,0.17209959030151367
1778635933.6948655,180.4724235534668,1058,rx,2730,16000,1,pcm_u8,2730,0.1753852367401123
1778635933.860499,180.6380569934845,1059,rx,2730,16000,1,pcm_u8,2730,0.1656334400177002
1778635934.0366874,180.8142454624176,1060,rx,2730,16000,1,pcm_u8,2730,0.17618846893310547
1778635934.200795,180.97835302352905,1061,rx,2730,16000,1,pcm_u8,2730,0.1641075611114502
1778635934.3731842,181.15074229240417,1062,rx,2730,16000,1,pcm_u8,2730,0.17238926887512207
1778635934.5467148,181.32427287101746,1063,rx,2730,16000,1,pcm_u8,2730,0.17353057861328125
1778635934.7130725,181.49063062667847,1064,rx,2730,16000,1,pcm_u8,2730,0.16635775566101074
1778635934.9033027,181.68086075782776,1065,rx,2730,16000,1,pcm_u8,2730,0.190230131149292
1778635935.0550234,181.83258152008057,1066,rx,2730,16000,1,pcm_u8,2730,0.15172076225280762
1778635935.2308688,182.00842690467834,1067,rx,2730,16000,1,pcm_u8,2730,0.17584538459777832
1778635935.3970249,182.17458295822144,1068,rx,2730,16000,1,pcm_u8,2730,0.16615605354309082
1778635935.5671585,182.34471654891968,1069,rx,2730,16000,1,pcm_u8,2730,0.1701335906982422
1778635935.739274,182.516832113266,1070,rx,2730,16000,1,pcm_u8,2730,0.17211556434631348
1778635935.909392,182.6869502067566,1071,rx,2730,16000,1,pcm_u8,2730,0.17011809349060059
1778635936.0889115,182.86646962165833,1072,rx,2730,16000,1,pcm_u8,2730,0.1795194149017334
1778635936.257574,183.0351321697235,1073,rx,2730,16000,1,pcm_u8,2730,0.16866254806518555
1778635936.4229167,183.2004747390747,1074,rx,2730,16000,1,pcm_u8,2730,0.1653425693511963
1778635936.5946736,183.37223172187805,1075,rx,2730,16000,1,pcm_u8,2730,0.17175698280334473
1778635936.7621686,183.53972673416138,1076,rx,2730,16000,1,pcm_u8,2730,0.1674950122833252
1778635936.9322753,183.70983338356018,1077,rx,2730,16000,1,pcm_u8,2730,0.1701066493988037
1778635937.1032612,183.8808193206787,1078,rx,2730,16000,1,pcm_u8,2730,0.17098593711853027
1778635937.273289,184.05084705352783,1079,rx,2730,16000,1,pcm_u8,2730,0.1700277328491211
1778635937.441567,184.21912503242493,1080,rx,2730,16000,1,pcm_u8,2730,0.16827797889709473
1778635937.6137712,184.39132928848267,1081,rx,2730,16000,1,pcm_u8,2730,0.17220425605773926
1778635937.7856135,184.56317162513733,1082,rx,2730,16000,1,pcm_u8,2730,0.17184233665466309
1778635937.9532654,184.7308235168457,1083,rx,2730,16000,1,pcm_u8,2730,0.16765189170837402
1778635938.1259487,184.90350675582886,1084,rx,2730,16000,1,pcm_u8,2730,0.1726832389831543
1778635938.2946877,185.07224583625793,1085,rx,2730,16000,1,pcm_u8,2730,0.16873908042907715
1778635938.4652913,185.2428493499756,1086,rx,2730,16000,1,pcm_u8,2730,0.17060351371765137
1778635938.6377487,185.41530680656433,1087,rx,2730,16000,1,pcm_u8,2730,0.17245745658874512
1778635938.8070939,185.58465194702148,1088,rx,2730,16000,1,pcm_u8,2730,0.16934514045715332
1778635938.9793596,185.75691771507263,1089,rx,2730,16000,1,pcm_u8,2730,0.17226576805114746
1778635939.149663,185.9272210597992,1090,rx,2730,16000,1,pcm_u8,2730,0.1703033447265625
1778635939.3200357,186.09759378433228,1091,rx,2730,16000,1,pcm_u8,2730,0.17037272453308105
1778635939.4916255,186.26918363571167,1092,rx,2730,16000,1,pcm_u8,2730,0.17158985137939453
1778635939.6628213,186.4403793811798,1093,rx,2730,16000,1,pcm_u8,2730,0.17119574546813965
1778635939.8347907,186.61234879493713,1094,rx,2730,16000,1,pcm_u8,2730,0.17196941375732422
1778635940.0010672,186.77862524986267,1095,rx,2730,16000,1,pcm_u8,2730,0.1662764549255371
1778635940.1755674,186.95312547683716,1096,rx,2730,16000,1,pcm_u8,2730,0.1745002269744873
1778635940.3424275,187.11998558044434,1097,rx,2730,16000,1,pcm_u8,2730,0.16686010360717773
1778635940.5143325,187.2918906211853,1098,rx,2730,16000,1,pcm_u8,2730,0.1719050407409668
1778635940.6870594,187.46461749076843,1099,rx,2730,16000,1,pcm_u8,2730,0.17272686958312988
1778635940.8549843,187.63254237174988,1100,rx,2730,16000,1,pcm_u8,2730,0.1679248809814453
1778635941.030403,187.80796098709106,1101,rx,2730,16000,1,pcm_u8,2730,0.17541861534118652
1778635941.1975615,187.97511959075928,1102,rx,2730,16000,1,pcm_u8,2730,0.1671586036682129
1778635941.3665564,188.14411449432373,1103,rx,2730,16000,1,pcm_u8,2730,0.16899490356445312
1778635941.5379856,188.3155436515808,1104,rx,2730,16000,1,pcm_u8,2730,0.17142915725708008
1778635941.7100995,188.48765754699707,1105,rx,2730,16000,1,pcm_u8,2730,0.17211389541625977
1778635941.8830824,188.66064047813416,1106,rx,2730,16000,1,pcm_u8,2730,0.17298293113708496
1778635942.0486667,188.82622480392456,1107,rx,2730,16000,1,pcm_u8,2730,0.16558432579040527
1778635942.2229002,189.00045824050903,1108,rx,2730,16000,1,pcm_u8,2730,0.17423343658447266
1778635942.39781,189.17536807060242,1109,rx,2730,16000,1,pcm_u8,2730,0.1749098300933838
1778635942.5662563,189.34381437301636,1110,rx,2730,16000,1,pcm_u8,2730,0.16844630241394043
1778635942.738248,189.51580619812012,1111,rx,2730,16000,1,pcm_u8,2730,0.17199182510375977
1778635942.9052136,189.68277168273926,1112,rx,2730,16000,1,pcm_u8,2730,0.16696548461914062
1778635943.0769687,189.85452675819397,1113,rx,2730,16000,1,pcm_u8,2730,0.17175507545471191
1778635943.2457721,190.0233302116394,1114,rx,2730,16000,1,pcm_u8,2730,0.16880345344543457
1778635943.4145675,190.19212555885315,1115,rx,2730,16000,1,pcm_u8,2730,0.16879534721374512
1778635943.5865119,190.36406993865967,1116,rx,2730,16000,1,pcm_u8,2730,0.17194437980651855
1778635943.757379,190.5349371433258,1117,rx,2730,16000,1,pcm_u8,2730,0.1708672046661377
1778635943.9316225,190.7091805934906,1118,rx,2730,16000,1,pcm_u8,2730,0.17424345016479492
1778635944.0973494,190.8749074935913,1119,rx,2730,16000,1,pcm_u8,2730,0.165726900100708
1778635944.2697897,191.04734778404236,1120,rx,2730,16000,1,pcm_u8,2730,0.1724402904510498
1778635944.4395823,191.21714043617249,1121,rx,2730,16000,1,pcm_u8,2730,0.16979265213012695
1778635944.609175,191.38673305511475,1122,rx,2730,16000,1,pcm_u8,2730,0.16959261894226074
1778635944.7874057,191.56496381759644,1123,rx,2730,16000,1,pcm_u8,2730,0.17823076248168945
1778635944.9510446,191.72860264778137,1124,rx,2730,16000,1,pcm_u8,2730,0.16363883018493652
1778635945.1285195,191.9060776233673,1125,rx,2730,16000,1,pcm_u8,2730,0.1774749755859375
1778635945.2946901,192.07224822044373,1126,rx,2730,16000,1,pcm_u8,2730,0.16617059707641602
1778635945.4622612,192.23981928825378,1127,rx,2730,16000,1,pcm_u8,2730,0.1675710678100586
1778635945.6369538,192.4145119190216,1128,rx,2730,16000,1,pcm_u8,2730,0.17469263076782227
1778635945.806096,192.58365416526794,1129,rx,2730,16000,1,pcm_u8,2730,0.1691422462463379
1778635945.9863048,192.76386284828186,1130,rx,2730,16000,1,pcm_u8,2730,0.18020868301391602
1778635946.145644,192.92320203781128,1131,rx,2730,16000,1,pcm_u8,2730,0.15933918952941895
1778635946.3179007,193.09545874595642,1132,rx,2730,16000,1,pcm_u8,2730,0.1722567081451416
1778635946.4872997,193.26485776901245,1133,rx,2730,16000,1,pcm_u8,2730,0.16939902305603027
1778635946.6569848,193.4345428943634,1134,rx,2730,16000,1,pcm_u8,2730,0.16968512535095215
1778635946.8336208,193.61117887496948,1135,rx,2730,16000,1,pcm_u8,2730,0.1766359806060791
1778635946.9981875,193.77574563026428,1136,rx,2730,16000,1,pcm_u8,2730,0.1645667552947998
1778635947.1692932,193.94685125350952,1137,rx,2730,16000,1,pcm_u8,2730,0.17110562324523926
1778635947.341458,194.1190161705017,1138,rx,2730,16000,1,pcm_u8,2730,0.1721649169921875
1778635947.5124712,194.29002928733826,1139,rx,2730,16000,1,pcm_u8,2730,0.17101311683654785
1778635947.6816328,194.4591908454895,1140,rx,2730,16000,1,pcm_u8,2730,0.16916155815124512
1778635947.854366,194.63192415237427,1141,rx,2730,16000,1,pcm_u8,2730,0.17273330688476562
1778635948.033638,194.8111960887909,1142,rx,2730,16000,1,pcm_u8,2730,0.17927193641662598
1778635948.1970189,194.97457695007324,1143,rx,2730,16000,1,pcm_u8,2730,0.16338086128234863
1778635948.3715036,195.1490616798401,1144,rx,2730,16000,1,pcm_u8,2730,0.1744847297668457
1778635948.5446167,195.32217478752136,1145,rx,2730,16000,1,pcm_u8,2730,0.17311310768127441
1778635948.7081578,195.48571586608887,1146,rx,2730,16000,1,pcm_u8,2730,0.16354107856750488
1778635948.885129,195.66268706321716,1147,rx,2730,16000,1,pcm_u8,2730,0.1769711971282959
1778635949.0467508,195.8243088722229,1148,rx,2730,16000,1,pcm_u8,2730,0.1616218090057373
1778635949.2178676,195.99542570114136,1149,rx,2730,16000,1,pcm_u8,2730,0.17111682891845703
1778635949.3897007,196.16725873947144,1150,rx,2730,16000,1,pcm_u8,2730,0.17183303833007812
1778635949.560005,196.33756303787231,1151,rx,2730,16000,1,pcm_u8,2730,0.1703042984008789
1778635949.7343104,196.51186847686768,1152,rx,2730,16000,1,pcm_u8,2730,0.17430543899536133
1778635949.9014366,196.67899465560913,1153,rx,2730,16000,1,pcm_u8,2730,0.16712617874145508
1778635950.0712042,196.84876227378845,1154,rx,2730,16000,1,pcm_u8,2730,0.1697676181793213
1778635950.241445,197.0190031528473,1155,rx,2730,16000,1,pcm_u8,2730,0.1702408790588379
1778635950.4135437,197.1911017894745,1156,rx,2730,16000,1,pcm_u8,2730,0.17209863662719727
1778635950.5846498,197.36220788955688,1157,rx,2730,16000,1,pcm_u8,2730,0.17110610008239746
1778635950.754129,197.5316870212555,1158,rx,2730,16000,1,pcm_u8,2730,0.1694791316986084
1778635950.9351203,197.7126784324646,1159,rx,2730,16000,1,pcm_u8,2730,0.18099141120910645
1778635951.0963123,197.87387037277222,1160,rx,2730,16000,1,pcm_u8,2730,0.1611919403076172
1778635951.2654743,198.04303240776062,1161,rx,2730,16000,1,pcm_u8,2730,0.16916203498840332
1778635951.4373727,198.21493077278137,1162,rx,2730,16000,1,pcm_u8,2730,0.17189836502075195
1778635951.6066194,198.38417744636536,1163,rx,2730,16000,1,pcm_u8,2730,0.16924667358398438
1778635951.7846944,198.5622525215149,1164,rx,2730,16000,1,pcm_u8,2730,0.17807507514953613
1778635951.9494624,198.72702050209045,1165,rx,2730,16000,1,pcm_u8,2730,0.16476798057556152
1778635952.1192002,198.8967583179474,1166,rx,2730,16000,1,pcm_u8,2730,0.1697378158569336
1778635952.2899215,199.06747961044312,1167,rx,2730,16000,1,pcm_u8,2730,0.17072129249572754
1778635952.4614334,199.23899149894714,1168,rx,2730,16000,1,pcm_u8,2730,0.17151188850402832
1778635952.633884,199.4114420413971,1169,rx,2730,16000,1,pcm_u8,2730,0.17245054244995117
1778635952.8012557,199.57881379127502,1170,rx,2730,16000,1,pcm_u8,2730,0.1673717498779297
1778635952.981913,199.7594711780548,1171,rx,2730,16000,1,pcm_u8,2730,0.18065738677978516
1778635953.1438994,199.921457529068,1172,rx,2730,16000,1,pcm_u8,2730,0.1619863510131836
1778635953.315417,200.09297513961792,1173,rx,2730,16000,1,pcm_u8,2730,0.17151761054992676
1778635953.4853303,200.26288843154907,1174,rx,2730,16000,1,pcm_u8,2730,0.16991329193115234
1778635953.6552498,200.43280792236328,1175,rx,2730,16000,1,pcm_u8,2730,0.16991949081420898
1778635953.8259313,200.6034893989563,1176,rx,2730,16000,1,pcm_u8,2730,0.17068147659301758
1778635954.003889,200.78144717216492,1177,rx,2730,16000,1,pcm_u8,2730,0.17795777320861816
1778635954.1702452,200.94780325889587,1178,rx,2730,16000,1,pcm_u8,2730,0.16635608673095703
1778635954.3403542,201.11791229248047,1179,rx,2730,16000,1,pcm_u8,2730,0.17010903358459473
1778635954.5096574,201.2872154712677,1180,rx,2730,16000,1,pcm_u8,2730,0.16930317878723145
1778635954.6831472,201.46070528030396,1181,rx,2730,16000,1,pcm_u8,2730,0.17348980903625488
1778635954.849762,201.62732005119324,1182,rx,2730,16000,1,pcm_u8,2730,0.16661477088928223
1778635955.025146,201.80270409584045,1183,rx,2730,16000,1,pcm_u8,2730,0.1753840446472168
1778635955.192002,201.9695601463318,1184,rx,2730,16000,1,pcm_u8,2730,0.166856050491333
1778635955.3631203,202.14067840576172,1185,rx,2730,16000,1,pcm_u8,2730,0.17111825942993164
1778635955.5338004,202.31135845184326,1186,rx,2730,16000,1,pcm_u8,2730,0.17068004608154297
1778635955.7034328,202.48099088668823,1187,rx,2730,16000,1,pcm_u8,2730,0.1696324348449707
1778635955.8784597,202.65601778030396,1188,rx,2730,16000,1,pcm_u8,2730,0.17502689361572266
1778635956.045638,202.82319617271423,1189,rx,2730,16000,1,pcm_u8,2730,0.16717839241027832
1778635956.2151883,202.9927463531494,1190,rx,2730,16000,1,pcm_u8,2730,0.16955018043518066
1778635956.386632,203.16419005393982,1191,rx,2730,16000,1,pcm_u8,2730,0.17144370079040527
1778635956.557773,203.33533120155334,1192,rx,2730,16000,1,pcm_u8,2730,0.1711411476135254
1778635956.727583,203.50514101982117,1193,rx,2730,16000,1,pcm_u8,2730,0.16980981826782227
1778635956.8974507,203.6750087738037,1194,rx,2730,16000,1,pcm_u8,2730,0.16986775398254395
1778635957.0696142,203.84717226028442,1195,rx,2730,16000,1,pcm_u8,2730,0.1721634864807129
1778635957.2396843,204.01724243164062,1196,rx,2730,16000,1,pcm_u8,2730,0.17007017135620117
1778635957.412988,204.1905460357666,1197,rx,2730,16000,1,pcm_u8,2730,0.17330360412597656
1778635957.5860012,204.36355924606323,1198,rx,2730,16000,1,pcm_u8,2730,0.17301321029663086
1778635957.7534246,204.53098273277283,1199,rx,2730,16000,1,pcm_u8,2730,0.16742348670959473
1778635957.9246752,204.70223331451416,1200,rx,2730,16000,1,pcm_u8,2730,0.171250581741333
1778635958.0937135,204.87127161026,1201,rx,2730,16000,1,pcm_u8,2730,0.1690382957458496
1778635958.2666655,205.0442235469818,1202,rx,2730,16000,1,pcm_u8,2730,0.17295193672180176
1778635958.4347527,205.21231079101562,1203,rx,2730,16000,1,pcm_u8,2730,0.16808724403381348
1778635958.605826,205.3833839893341,1204,rx,2730,16000,1,pcm_u8,2730,0.17107319831848145
1778635958.7811208,205.55867886543274,1205,rx,2730,16000,1,pcm_u8,2730,0.1752948760986328
1778635958.9457836,205.72334170341492,1206,rx,2730,16000,1,pcm_u8,2730,0.16466283798217773
1778635959.1176558,205.89521384239197,1207,rx,2730,16000,1,pcm_u8,2730,0.17187213897705078
1778635959.2877192,206.06527733802795,1208,rx,2730,16000,1,pcm_u8,2730,0.17006349563598633
1778635959.463532,206.2410900592804,1209,rx,2730,16000,1,pcm_u8,2730,0.1758127212524414
1778635959.6359196,206.41347765922546,1210,rx,2730,16000,1,pcm_u8,2730,0.17238759994506836
1778635959.8033955,206.58095359802246,1211,rx,2730,16000,1,pcm_u8,2730,0.16747593879699707
1778635959.9769475,206.75450563430786,1212,rx,2730,16000,1,pcm_u8,2730,0.1735520362854004
1778635960.14171,206.9192681312561,1213,rx,2730,16000,1,pcm_u8,2730,0.1647624969482422
1778635960.3594475,207.13700556755066,1214,rx,2730,16000,1,pcm_u8,2730,0.21773743629455566
1778635960.4903836,207.26794171333313,1215,rx,2730,16000,1,pcm_u8,2730,0.1309361457824707
1778635960.653481,207.43103909492493,1216,rx,2730,16000,1,pcm_u8,2730,0.16309738159179688
1778635960.830495,207.60805320739746,1217,rx,2730,16000,1,pcm_u8,2730,0.17701411247253418
1778635960.9947574,207.77231550216675,1218,rx,2730,16000,1,pcm_u8,2730,0.1642622947692871
1778635961.168892,207.9464499950409,1219,rx,2730,16000,1,pcm_u8,2730,0.1741344928741455
1778635961.3362088,208.11376690864563,1220,rx,2730,16000,1,pcm_u8,2730,0.16731691360473633
1778635961.5065434,208.28410148620605,1221,rx,2730,16000,1,pcm_u8,2730,0.1703345775604248
1778635961.678377,208.4559350013733,1222,rx,2730,16000,1,pcm_u8,2730,0.17183351516723633
1778635961.8476884,208.6252465248108,1223,rx,2730,16000,1,pcm_u8,2730,0.1693115234375
1778635962.0242891,208.80184721946716,1224,rx,2730,16000,1,pcm_u8,2730,0.17660069465637207
1778635962.190279,208.96783709526062,1225,rx,2730,16000,1,pcm_u8,2730,0.16598987579345703
1778635962.359642,209.1372001171112,1226,rx,2730,16000,1,pcm_u8,2730,0.16936302185058594
1778635962.530936,209.30849409103394,1227,rx,2730,16000,1,pcm_u8,2730,0.1712939739227295
1778635962.7018921,209.47945022583008,1228,rx,2730,16000,1,pcm_u8,2730,0.17095613479614258
1778635962.883104,209.66066217422485,1229,rx,2730,16000,1,pcm_u8,2730,0.1812119483947754
1778635963.0431676,209.82072567939758,1230,rx,2730,16000,1,pcm_u8,2730,0.1600635051727295
1778635963.2146397,209.9921977519989,1231,rx,2730,16000,1,pcm_u8,2730,0.17147207260131836
1778635963.3882751,210.165833234787,1232,rx,2730,16000,1,pcm_u8,2730,0.17363548278808594
1778635963.5548377,210.33239579200745,1233,rx,2730,16000,1,pcm_u8,2730,0.16656255722045898
1778635963.7357614,210.5133194923401,1234,rx,2730,16000,1,pcm_u8,2730,0.1809237003326416
1778635963.8954942,210.6730523109436,1235,rx,2730,16000,1,pcm_u8,2730,0.15973281860351562
1778635964.0669792,210.8445372581482,1236,rx,2730,16000,1,pcm_u8,2730,0.17148494720458984
1778635964.238514,211.01607203483582,1237,rx,2730,16000,1,pcm_u8,2730,0.17153477668762207
1778635964.4092681,211.18682622909546,1238,rx,2730,16000,1,pcm_u8,2730,0.17075419425964355
1778635964.585327,211.36288499832153,1239,rx,2730,16000,1,pcm_u8,2730,0.17605876922607422
1778635964.7499254,211.52748346328735,1240,rx,2730,16000,1,pcm_u8,2730,0.1645984649658203
1778635964.923563,211.70112109184265,1241,rx,2730,16000,1,pcm_u8,2730,0.17363762855529785
1778635965.0910616,211.86861968040466,1242,rx,2730,16000,1,pcm_u8,2730,0.16749858856201172
1778635965.2678456,212.04540371894836,1243,rx,2730,16000,1,pcm_u8,2730,0.17678403854370117
1778635965.4394653,212.21702337265015,1244,rx,2730,16000,1,pcm_u8,2730,0.17161965370178223
1778635965.60658,212.3841381072998,1245,rx,2730,16000,1,pcm_u8,2730,0.1671147346496582
1778635965.780586,212.55814409255981,1246,rx,2730,16000,1,pcm_u8,2730,0.17400598526000977
1778635965.9506207,212.72817873954773,1247,rx,2730,16000,1,pcm_u8,2730,0.17003464698791504
1778635966.117854,212.89541220664978,1248,rx,2730,16000,1,pcm_u8,2730,0.16723346710205078
1778635966.291699,213.06925702095032,1249,rx,2730,16000,1,pcm_u8,2730,0.1738448143005371
1778635966.4654694,213.24302744865417,1250,rx,2730,16000,1,pcm_u8,2730,0.17377042770385742
1778635966.6352942,213.41285228729248,1251,rx,2730,16000,1,pcm_u8,2730,0.16982483863830566
1778635966.8032932,213.58085131645203,1252,rx,2730,16000,1,pcm_u8,2730,0.1679990291595459
1778635966.9763625,213.75392055511475,1253,rx,2730,16000,1,pcm_u8,2730,0.17306923866271973
1778635967.1444721,213.922030210495,1254,rx,2730,16000,1,pcm_u8,2730,0.16810965538024902
1778635967.3180237,214.09558176994324,1255,rx,2730,16000,1,pcm_u8,2730,0.1735515594482422
1778635967.4849186,214.26247668266296,1256,rx,2730,16000,1,pcm_u8,2730,0.16689491271972656
1778635967.6548033,214.43236136436462,1257,rx,2730,16000,1,pcm_u8,2730,0.16988468170166016
1778635967.8296487,214.60720682144165,1258,rx,2730,16000,1,pcm_u8,2730,0.17484545707702637
1778635967.9956787,214.7732367515564,1259,rx,2730,16000,1,pcm_u8,2730,0.1660299301147461
1778635968.1714942,214.9490523338318,1260,rx,2730,16000,1,pcm_u8,2730,0.17581558227539062
1778635968.3614233,215.13898134231567,1261,rx,2730,16000,1,pcm_u8,2730,0.18992900848388672
1778635968.510816,215.28837418556213,1262,rx,2730,16000,1,pcm_u8,2730,0.14939284324645996
1778635968.6803558,215.45791387557983,1263,rx,2730,16000,1,pcm_u8,2730,0.1695396900177002
1778635968.851439,215.62899708747864,1264,rx,2730,16000,1,pcm_u8,2730,0.1710832118988037
1778635969.0307643,215.80832242965698,1265,rx,2730,16000,1,pcm_u8,2730,0.17932534217834473
1778635969.1905856,215.96814370155334,1266,rx,2730,16000,1,pcm_u8,2730,0.1598212718963623
1778635969.363669,216.14122700691223,1267,rx,2730,16000,1,pcm_u8,2730,0.17308330535888672
1778635969.534749,216.3123071193695,1268,rx,2730,16000,1,pcm_u8,2730,0.1710801124572754
1778635969.7030046,216.48056268692017,1269,rx,2730,16000,1,pcm_u8,2730,0.16825556755065918
1778635969.8845084,216.66206645965576,1270,rx,2730,16000,1,pcm_u8,2730,0.1815037727355957
1778635970.0406582,216.81821632385254,1271,rx,2730,16000,1,pcm_u8,2730,0.15614986419677734
1778635970.2103422,216.9879002571106,1272,rx,2730,16000,1,pcm_u8,2730,0.16968393325805664
1778635970.3818727,217.1594307422638,1273,rx,2730,16000,1,pcm_u8,2730,0.17153048515319824
1778635970.554291,217.33184909820557,1274,rx,2730,16000,1,pcm_u8,2730,0.17241835594177246
1778635970.7265632,217.50412130355835,1275,rx,2730,16000,1,pcm_u8,2730,0.1722722053527832
1778635970.8968077,217.67436575889587,1276,rx,2730,16000,1,pcm_u8,2730,0.17024445533752441
1778635971.0649145,217.84247255325317,1277,rx,2730,16000,1,pcm_u8,2730,0.1681067943572998
1778635971.234876,218.0124340057373,1278,rx,2730,16000,1,pcm_u8,2730,0.16996145248413086
1778635971.4074934,218.18505144119263,1279,rx,2730,16000,1,pcm_u8,2730,0.17261743545532227
1778635971.5796275,218.3571856021881,1280,rx,2730,16000,1,pcm_u8,2730,0.1721341609954834
1778635971.7493837,218.52694177627563,1281,rx,2730,16000,1,pcm_u8,2730,0.16975617408752441
1778635971.9257503,218.70330834388733,1282,rx,2730,16000,1,pcm_u8,2730,0.17636656761169434
1778635972.0886712,218.8662292957306,1283,rx,2730,16000,1,pcm_u8,2730,0.16292095184326172
1778635972.2589707,219.0365288257599,1284,rx,2730,16000,1,pcm_u8,2730,0.17029953002929688
1778635972.4301624,219.20772051811218,1285,rx,2730,16000,1,pcm_u8,2730,0.17119169235229492
1778635972.600125,219.3776831626892,1286,rx,2730,16000,1,pcm_u8,2730,0.16996264457702637
1778635972.7729049,219.5504629611969,1287,rx,2730,16000,1,pcm_u8,2730,0.17277979850769043
1778635972.942376,219.71993398666382,1288,rx,2730,16000,1,pcm_u8,2730,0.16947102546691895
1778635973.113414,219.89097213745117,1289,rx,2730,16000,1,pcm_u8,2730,0.17103815078735352
1778635973.2828858,220.06044387817383,1290,rx,2730,16000,1,pcm_u8,2730,0.16947174072265625
1778635973.454017,220.23157501220703,1291,rx,2730,16000,1,pcm_u8,2730,0.17113113403320312
1778635973.6292098,220.4067678451538,1292,rx,2730,16000,1,pcm_u8,2730,0.17519283294677734
1778635973.7952058,220.57276391983032,1293,rx,2730,16000,1,pcm_u8,2730,0.16599607467651367
1778635973.9761636,220.75372171401978,1294,rx,2730,16000,1,pcm_u8,2730,0.18095779418945312
1778635974.1357913,220.9133493900299,1295,rx,2730,16000,1,pcm_u8,2730,0.15962767601013184
1778635974.3077886,221.085346698761,1296,rx,2730,16000,1,pcm_u8,2730,0.1719973087310791
1778635974.4789836,221.2565417289734,1297,rx,2730,16000,1,pcm_u8,2730,0.17119503021240234
1778635974.6483512,221.42590928077698,1298,rx,2730,16000,1,pcm_u8,2730,0.16936755180358887
1778635974.8214028,221.59896087646484,1299,rx,2730,16000,1,pcm_u8,2730,0.1730515956878662
1778635974.9901752,221.767733335495,1300,rx,2730,16000,1,pcm_u8,2730,0.16877245903015137
1778635975.1668227,221.94438076019287,1301,rx,2730,16000,1,pcm_u8,2730,0.17664742469787598
1778635975.3366375,222.11419558525085,1302,rx,2730,16000,1,pcm_u8,2730,0.1698148250579834
1778635975.5079436,222.28550171852112,1303,rx,2730,16000,1,pcm_u8,2730,0.17130613327026367
1778635975.6872528,222.46481084823608,1304,rx,2730,16000,1,pcm_u8,2730,0.17930912971496582
1778635975.846426,222.62398409843445,1305,rx,2730,16000,1,pcm_u8,2730,0.15917325019836426
1778635976.0240283,222.80158638954163,1306,rx,2730,16000,1,pcm_u8,2730,0.17760229110717773
1778635976.1908116,222.96836972236633,1307,rx,2730,16000,1,pcm_u8,2730,0.16678333282470703
1778635976.3588955,223.13645362854004,1308,rx,2730,16000,1,pcm_u8,2730,0.16808390617370605
1778635976.5332901,223.31084823608398,1309,rx,2730,16000,1,pcm_u8,2730,0.1743946075439453
1778635976.700338,223.47789597511292,1310,rx,2730,16000,1,pcm_u8,2730,0.16704773902893066
1778635976.874082,223.65164017677307,1311,rx,2730,16000,1,pcm_u8,2730,0.17374420166015625
1778635977.0377028,223.815260887146,1312,rx,2730,16000,1,pcm_u8,2730,0.1636207103729248
1778635977.2084606,223.98601865768433,1313,rx,2730,16000,1,pcm_u8,2730,0.17075777053833008
1778635977.378836,224.15639400482178,1314,rx,2730,16000,1,pcm_u8,2730,0.17037534713745117
1778635977.5569463,224.33450436592102,1315,rx,2730,16000,1,pcm_u8,2730,0.17811036109924316
1778635977.7201903,224.49774837493896,1316,rx,2730,16000,1,pcm_u8,2730,0.16324400901794434
1778635977.8916507,224.6692087650299,1317,rx,2730,16000,1,pcm_u8,2730,0.17146039009094238
1778635978.0625947,224.84015274047852,1318,rx,2730,16000,1,pcm_u8,2730,0.1709439754486084
1778635978.2322927,225.00985074043274,1319,rx,2730,16000,1,pcm_u8,2730,0.16969799995422363
1778635978.402757,225.1803150177002,1320,rx,2730,16000,1,pcm_u8,2730,0.17046427726745605
1778635978.5797834,225.35734152793884,1321,rx,2730,16000,1,pcm_u8,2730,0.17702651023864746
1778635978.745531,225.52308917045593,1322,rx,2730,16000,1,pcm_u8,2730,0.16574764251708984
1778635978.9185817,225.69613981246948,1323,rx,2730,16000,1,pcm_u8,2730,0.1730506420135498
1778635979.088716,225.86627411842346,1324,rx,2730,16000,1,pcm_u8,2730,0.1701343059539795
1778635979.2565348,226.0340929031372,1325,rx,2730,16000,1,pcm_u8,2730,0.16781878471374512
1778635979.428326,226.20588397979736,1326,rx,2730,16000,1,pcm_u8,2730,0.17179107666015625
1778635979.59801,226.375568151474,1327,rx,2730,16000,1,pcm_u8,2730,0.16968417167663574
1778635979.7785857,226.55614376068115,1328,rx,2730,16000,1,pcm_u8,2730,0.18057560920715332
1778635979.9391534,226.71671152114868,1329,rx,2730,16000,1,pcm_u8,2730,0.1605677604675293
1778635980.1105907,226.88814878463745,1330,rx,2730,16000,1,pcm_u8,2730,0.17143726348876953
1778635980.282246,227.0598042011261,1331,rx,2730,16000,1,pcm_u8,2730,0.17165541648864746
1778635980.4519148,227.2294728755951,1332,rx,2730,16000,1,pcm_u8,2730,0.16966867446899414
1778635980.630414,227.40797209739685,1333,rx,2730,16000,1,pcm_u8,2730,0.1784992218017578
1778635980.796024,227.5735821723938,1334,rx,2730,16000,1,pcm_u8,2730,0.16561007499694824
1778635980.965336,227.74289417266846,1335,rx,2730,16000,1,pcm_u8,2730,0.1693120002746582
1778635981.1336617,227.91121983528137,1336,rx,2730,16000,1,pcm_u8,2730,0.16832566261291504
1778635981.3067954,228.08435344696045,1337,rx,2730,16000,1,pcm_u8,2730,0.17313361167907715
1778635981.4780831,228.25564122200012,1338,rx,2730,16000,1,pcm_u8,2730,0.17128777503967285
1778635981.6464455,228.42400360107422,1339,rx,2730,16000,1,pcm_u8,2730,0.16836237907409668
1778635981.8173828,228.5949409008026,1340,rx,2730,16000,1,pcm_u8,2730,0.17093729972839355
1778635981.9933867,228.7709448337555,1341,rx,2730,16000,1,pcm_u8,2730,0.17600393295288086
1778635982.163263,228.94082117080688,1342,rx,2730,16000,1,pcm_u8,2730,0.1698763370513916
1778635982.3360314,229.11358952522278,1343,rx,2730,16000,1,pcm_u8,2730,0.17276835441589355
1778635982.5031369,229.28069496154785,1344,rx,2730,16000,1,pcm_u8,2730,0.16710543632507324
1778635982.6796772,229.4572353363037,1345,rx,2730,16000,1,pcm_u8,2730,0.17654037475585938
1778635982.844808,229.62236618995667,1346,rx,2730,16000,1,pcm_u8,2730,0.1651308536529541
1778635983.017921,229.79547905921936,1347,rx,2730,16000,1,pcm_u8,2730,0.1731128692626953
1778635983.187758,229.9653160572052,1348,rx,2730,16000,1,pcm_u8,2730,0.16983699798583984
1778635983.3590093,230.13656735420227,1349,rx,2730,16000,1,pcm_u8,2730,0.1712512969970703
1778635983.5327058,230.3102638721466,1350,rx,2730,16000,1,pcm_u8,2730,0.17369651794433594
1778635983.7020063,230.47956442832947,1351,rx,2730,16000,1,pcm_u8,2730,0.16930055618286133
1778635983.876444,230.65400218963623,1352,rx,2730,16000,1,pcm_u8,2730,0.1744377613067627
1778635984.0479243,230.82548236846924,1353,rx,2730,16000,1,pcm_u8,2730,0.1714801788330078
1778635984.2120204,230.9895784854889,1354,rx,2730,16000,1,pcm_u8,2730,0.16409611701965332
1778635984.3925304,231.1700885295868,1355,rx,2730,16000,1,pcm_u8,2730,0.1805100440979004
1778635984.5511937,231.32875180244446,1356,rx,2730,16000,1,pcm_u8,2730,0.15866327285766602
1778635984.726562,231.50412011146545,1357,rx,2730,16000,1,pcm_u8,2730,0.1753683090209961
1778635984.894994,231.67255210876465,1358,rx,2730,16000,1,pcm_u8,2730,0.16843199729919434
1778635985.0659287,231.84348678588867,1359,rx,2730,16000,1,pcm_u8,2730,0.17093467712402344
1778635985.2411885,232.01874661445618,1360,rx,2730,16000,1,pcm_u8,2730,0.17525982856750488
1778635985.4071836,232.18474173545837,1361,rx,2730,16000,1,pcm_u8,2730,0.16599512100219727
1778635985.5770657,232.35462379455566,1362,rx,2730,16000,1,pcm_u8,2730,0.16988205909729004
1778635985.748657,232.52621507644653,1363,rx,2730,16000,1,pcm_u8,2730,0.17159128189086914
1778635985.9223108,232.6998689174652,1364,rx,2730,16000,1,pcm_u8,2730,0.17365384101867676
1778635986.0880497,232.86560773849487,1365,rx,2730,16000,1,pcm_u8,2730,0.16573882102966309
1778635986.2620497,233.0396077632904,1366,rx,2730,16000,1,pcm_u8,2730,0.17400002479553223
1778635986.4380763,233.2156343460083,1367,rx,2730,16000,1,pcm_u8,2730,0.1760265827178955
1778635986.5991483,233.37670636177063,1368,rx,2730,16000,1,pcm_u8,2730,0.1610720157623291
1778635986.783273,233.5608310699463,1369,rx,2730,16000,1,pcm_u8,2730,0.18412470817565918
1778635986.9653375,233.74289560317993,1370,rx,2730,16000,1,pcm_u8,2730,0.18206453323364258
1778635987.1152062,233.89276432991028,1371,rx,2730,16000,1,pcm_u8,2730,0.14986872673034668
1778635987.3182127,234.09577083587646,1372,rx,2730,16000,1,pcm_u8,2730,0.20300650596618652
1778635987.567742,234.34530019760132,1373,rx,2730,16000,1,pcm_u8,2730,0.24952936172485352
1778635987.650208,234.42776608467102,1374,rx,2730,16000,1,pcm_u8,2730,0.08246588706970215
1778635987.8014324,234.57899045944214,1375,rx,2730,16000,1,pcm_u8,2730,0.15122437477111816
1778635987.96837,234.74592804908752,1376,rx,2730,16000,1,pcm_u8,2730,0.16693758964538574
1778635988.1504023,234.927960395813,1377,rx,2730,16000,1,pcm_u8,2730,0.18203234672546387
1778635988.3103123,235.08787035942078,1378,rx,2730,16000,1,pcm_u8,2730,0.15990996360778809
1778635988.4785013,235.25605940818787,1379,rx,2730,16000,1,pcm_u8,2730,0.16818904876708984
1778635988.6461575,235.42371559143066,1380,rx,2730,16000,1,pcm_u8,2730,0.16765618324279785
1778635988.8286629,235.60622096061707,1381,rx,2730,16000,1,pcm_u8,2730,0.18250536918640137
1778635988.9854105,235.76296854019165,1382,rx,2730,16000,1,pcm_u8,2730,0.15674757957458496
1778635989.1593049,235.93686294555664,1383,rx,2730,16000,1,pcm_u8,2730,0.17389440536499023
1778635989.3267891,236.1043472290039,1384,rx,2730,16000,1,pcm_u8,2730,0.16748428344726562
1778635989.4983556,236.27591371536255,1385,rx,2730,16000,1,pcm_u8,2730,0.17156648635864258
1778635989.679263,236.4568212032318,1386,rx,2730,16000,1,pcm_u8,2730,0.1809074878692627
1778635989.83825,236.61580801010132,1387,rx,2730,16000,1,pcm_u8,2730,0.15898680686950684
1778635990.0096083,236.7871663570404,1388,rx,2730,16000,1,pcm_u8,2730,0.17135834693908691
1778635990.1888328,236.9663908481598,1389,rx,2730,16000,1,pcm_u8,2730,0.17922449111938477
1778635990.3516169,237.12917494773865,1390,rx,2730,16000,1,pcm_u8,2730,0.16278409957885742
1778635990.533303,237.31086111068726,1391,rx,2730,16000,1,pcm_u8,2730,0.1816861629486084
1778635990.691973,237.46953105926514,1392,rx,2730,16000,1,pcm_u8,2730,0.15866994857788086
1778635990.8697472,237.64730525016785,1393,rx,2730,16000,1,pcm_u8,2730,0.17777419090270996
1778635991.0336287,237.8111867904663,1394,rx,2730,16000,1,pcm_u8,2730,0.16388154029846191
1778635991.2062464,237.9838044643402,1395,rx,2730,16000,1,pcm_u8,2730,0.17261767387390137
1778635991.3779774,238.15553545951843,1396,rx,2730,16000,1,pcm_u8,2730,0.17173099517822266
1778635991.5636387,238.3411967754364,1397,rx,2730,16000,1,pcm_u8,2730,0.18566131591796875
1778635991.718591,238.49614906311035,1398,rx,2730,16000,1,pcm_u8,2730,0.1549522876739502
1778635991.8867028,238.6642608642578,1399,rx,2730,16000,1,pcm_u8,2730,0.16811180114746094
1778635992.063089,238.840646982193,1400,rx,2730,16000,1,pcm_u8,2730,0.17638611793518066
1778635992.2320662,239.0096242427826,1401,rx,2730,16000,1,pcm_u8,2730,0.1689772605895996
1778635992.406055,239.1836130619049,1402,rx,2730,16000,1,pcm_u8,2730,0.17398881912231445
1778635992.5747063,239.35226440429688,1403,rx,2730,16000,1,pcm_u8,2730,0.16865134239196777
1778635992.7519705,239.5295286178589,1404,rx,2730,16000,1,pcm_u8,2730,0.17726421356201172
1778635992.9368653,239.71442341804504,1405,rx,2730,16000,1,pcm_u8,2730,0.18489480018615723
1778635993.093359,239.87091708183289,1406,rx,2730,16000,1,pcm_u8,2730,0.1564936637878418
1778635993.257382,240.03494000434875,1407,rx,2730,16000,1,pcm_u8,2730,0.16402292251586914
1778635993.4284995,240.20605754852295,1408,rx,2730,16000,1,pcm_u8,2730,0.17111754417419434
1778635993.5973728,240.37493085861206,1409,rx,2730,16000,1,pcm_u8,2730,0.16887331008911133
1778635993.790987,240.56854510307312,1410,rx,2730,16000,1,pcm_u8,2730,0.19361424446105957
1778635993.9380448,240.71560287475586,1411,rx,2730,16000,1,pcm_u8,2730,0.14705777168273926
1778635994.113694,240.89125204086304,1412,rx,2730,16000,1,pcm_u8,2730,0.17564916610717773
1778635994.2785048,241.05606293678284,1413,rx,2730,16000,1,pcm_u8,2730,0.1648108959197998
1778635994.4463708,241.22392892837524,1414,rx,2730,16000,1,pcm_u8,2730,0.16786599159240723
1778635994.6212912,241.3988492488861,1415,rx,2730,16000,1,pcm_u8,2730,0.17492032051086426
1778635994.7899518,241.56750988960266,1416,rx,2730,16000,1,pcm_u8,2730,0.16866064071655273
1778635994.9594257,241.73698377609253,1417,rx,2730,16000,1,pcm_u8,2730,0.16947388648986816
1778635995.1304402,241.90799832344055,1418,rx,2730,16000,1,pcm_u8,2730,0.17101454734802246
1778635995.301011,242.07856917381287,1419,rx,2730,16000,1,pcm_u8,2730,0.17057085037231445
1778635995.48021,242.2577681541443,1420,rx,2730,16000,1,pcm_u8,2730,0.1791989803314209
1778635995.6416435,242.41920161247253,1421,rx,2730,16000,1,pcm_u8,2730,0.16143345832824707
1778635995.8144612,242.5920193195343,1422,rx,2730,16000,1,pcm_u8,2730,0.17281770706176758
1778635995.9827802,242.760338306427,1423,rx,2730,16000,1,pcm_u8,2730,0.1683189868927002
1778635996.1543427,242.9319007396698,1424,rx,2730,16000,1,pcm_u8,2730,0.17156243324279785
1778635996.3405654,243.11812353134155,1425,rx,2730,16000,1,pcm_u8,2730,0.18622279167175293
1778635996.5006745,243.2782325744629,1426,rx,2730,16000,1,pcm_u8,2730,0.1601090431213379
1778635996.6823645,243.45992255210876,1427,rx,2730,16000,1,pcm_u8,2730,0.18168997764587402
1778635996.8796725,243.65723061561584,1428,rx,2730,16000,1,pcm_u8,2730,0.19730806350708008
1778635997.0073845,243.78494262695312,1429,rx,2730,16000,1,pcm_u8,2730,0.12771201133728027
1778635997.177445,243.95500302314758,1430,rx,2730,16000,1,pcm_u8,2730,0.170060396194458
1778635997.34888,244.12643814086914,1431,rx,2730,16000,1,pcm_u8,2730,0.17143511772155762
1778635997.5350833,244.3126413822174,1432,rx,2730,16000,1,pcm_u8,2730,0.1862032413482666
1778635997.6912491,244.46880722045898,1433,rx,2730,16000,1,pcm_u8,2730,0.15616583824157715
1778635997.8636687,244.64122676849365,1434,rx,2730,16000,1,pcm_u8,2730,0.17241954803466797
1778635998.0319746,244.8095326423645,1435,rx,2730,16000,1,pcm_u8,2730,0.1683058738708496
1778635998.207812,244.98537015914917,1436,rx,2730,16000,1,pcm_u8,2730,0.17583751678466797
1778635998.3757358,245.15329384803772,1437,rx,2730,16000,1,pcm_u8,2730,0.1679236888885498
1778635998.5491867,245.32674479484558,1438,rx,2730,16000,1,pcm_u8,2730,0.17345094680786133
1778635998.7340117,245.51156973838806,1439,rx,2730,16000,1,pcm_u8,2730,0.18482494354248047
1778635998.8887837,245.6663417816162,1440,rx,2730,16000,1,pcm_u8,2730,0.15477204322814941
1778635999.0644128,245.84197092056274,1441,rx,2730,16000,1,pcm_u8,2730,0.1756291389465332
1778635999.2313075,246.0088655948639,1442,rx,2730,16000,1,pcm_u8,2730,0.16689467430114746
1778635999.4009902,246.17854833602905,1443,rx,2730,16000,1,pcm_u8,2730,0.16968274116516113
1778635999.573509,246.35106706619263,1444,rx,2730,16000,1,pcm_u8,2730,0.17251873016357422
1778635999.7437253,246.52128338813782,1445,rx,2730,16000,1,pcm_u8,2730,0.17021632194519043
1778635999.9091694,246.6867275238037,1446,rx,2730,16000,1,pcm_u8,2730,0.16544413566589355
1778636000.0866091,246.86416721343994,1447,rx,2730,16000,1,pcm_u8,2730,0.17743968963623047
1778636000.250762,247.02832007408142,1448,rx,2730,16000,1,pcm_u8,2730,0.1641528606414795
1778636000.4214048,247.19896292686462,1449,rx,2730,16000,1,pcm_u8,2730,0.17064285278320312
1778636000.5908728,247.36843085289001,1450,rx,2730,16000,1,pcm_u8,2730,0.16946792602539062
1778636000.7753081,247.55286622047424,1451,rx,2730,16000,1,pcm_u8,2730,0.18443536758422852
1778636000.9328415,247.71039962768555,1452,rx,2730,16000,1,pcm_u8,2730,0.1575334072113037
1778636001.1064937,247.88405179977417,1453,rx,2730,16000,1,pcm_u8,2730,0.17365217208862305
1778636001.2740269,248.05158495903015,1454,rx,2730,16000,1,pcm_u8,2730,0.16753315925598145
1778636001.445102,248.22266006469727,1455,rx,2730,16000,1,pcm_u8,2730,0.17107510566711426
1778636001.6201196,248.3976776599884,1456,rx,2730,16000,1,pcm_u8,2730,0.1750175952911377
1778636001.7860682,248.56362628936768,1457,rx,2730,16000,1,pcm_u8,2730,0.16594862937927246
1778636001.9574554,248.73501348495483,1458,rx,2730,16000,1,pcm_u8,2730,0.1713871955871582
1778636002.1276011,248.9051592350006,1459,rx,2730,16000,1,pcm_u8,2730,0.17014575004577637
1778636002.2985413,249.07609939575195,1460,rx,2730,16000,1,pcm_u8,2730,0.17094016075134277
1778636002.4740362,249.25159430503845,1461,rx,2730,16000,1,pcm_u8,2730,0.17549490928649902
1778636002.6401544,249.41771245002747,1462,rx,2730,16000,1,pcm_u8,2730,0.16611814498901367
1778636002.815549,249.59310698509216,1463,rx,2730,16000,1,pcm_u8,2730,0.17539453506469727
1778636002.9811134,249.7586715221405,1464,rx,2730,16000,1,pcm_u8,2730,0.16556453704833984
1778636003.1571038,249.93466186523438,1465,rx,2730,16000,1,pcm_u8,2730,0.17599034309387207
1778636003.3226347,250.10019278526306,1466,rx,2730,16000,1,pcm_u8,2730,0.16553092002868652
1778636003.4928906,250.27044868469238,1467,rx,2730,16000,1,pcm_u8,2730,0.1702558994293213
1778636003.6687107,250.44626879692078,1468,rx,2730,16000,1,pcm_u8,2730,0.17582011222839355
1778636003.8345916,250.61214971542358,1469,rx,2730,16000,1,pcm_u8,2730,0.16588091850280762
1778636004.0093184,250.78687644004822,1470,rx,2730,16000,1,pcm_u8,2730,0.1747267246246338
1778636004.1755044,250.95306253433228,1471,rx,2730,16000,1,pcm_u8,2730,0.16618609428405762
1778636004.3466637,251.1242218017578,1472,rx,2730,16000,1,pcm_u8,2730,0.1711592674255371
1778636004.5245948,251.30215287208557,1473,rx,2730,16000,1,pcm_u8,2730,0.1779310703277588
1778636004.6873806,251.46493864059448,1474,rx,2730,16000,1,pcm_u8,2730,0.16278576850891113
1778636004.8700547,251.6476128101349,1475,rx,2730,16000,1,pcm_u8,2730,0.18267416954040527
1778636005.032898,251.81045603752136,1476,rx,2730,16000,1,pcm_u8,2730,0.1628432273864746
1778636005.204743,251.9823009967804,1477,rx,2730,16000,1,pcm_u8,2730,0.1718449592590332
1778636005.3757088,252.15326690673828,1478,rx,2730,16000,1,pcm_u8,2730,0.17096590995788574
1778636005.544781,252.32233905792236,1479,rx,2730,16000,1,pcm_u8,2730,0.16907215118408203
1778636005.7258286,252.50338673591614,1480,rx,2730,16000,1,pcm_u8,2730,0.18104767799377441
1778636005.8823407,252.65989875793457,1481,rx,2730,16000,1,pcm_u8,2730,0.15651202201843262
1778636006.0533617,252.83091974258423,1482,rx,2730,16000,1,pcm_u8,2730,0.1710209846496582
1778636006.2232647,253.00082278251648,1483,rx,2730,16000,1,pcm_u8,2730,0.16990303993225098
1778636006.3940253,253.17158341407776,1484,rx,2730,16000,1,pcm_u8,2730,0.1707606315612793
1778636006.5699537,253.34751176834106,1485,rx,2730,16000,1,pcm_u8,2730,0.17592835426330566
1778636006.735863,253.51342105865479,1486,rx,2730,16000,1,pcm_u8,2730,0.1659092903137207
1778636006.9123971,253.6899552345276,1487,rx,2730,16000,1,pcm_u8,2730,0.17653417587280273
1778636007.076688,253.85424613952637,1488,rx,2730,16000,1,pcm_u8,2730,0.1642909049987793
1778636007.2473738,254.0249319076538,1489,rx,2730,16000,1,pcm_u8,2730,0.1706857681274414
1778636007.42413,254.20168805122375,1490,rx,2730,16000,1,pcm_u8,2730,0.1767561435699463
1778636007.5898824,254.36744046211243,1491,rx,2730,16000,1,pcm_u8,2730,0.16575241088867188
1778636007.768274,254.545832157135,1492,rx,2730,16000,1,pcm_u8,2730,0.178391695022583
1778636007.9309413,254.7084994316101,1493,rx,2730,16000,1,pcm_u8,2730,0.16266727447509766
1778636008.1023238,254.87988185882568,1494,rx,2730,16000,1,pcm_u8,2730,0.17138242721557617
1778636008.2718298,255.04938793182373,1495,rx,2730,16000,1,pcm_u8,2730,0.16950607299804688
1778636008.4422977,255.21985578536987,1496,rx,2730,16000,1,pcm_u8,2730,0.17046785354614258
1778636008.6199956,255.39755368232727,1497,rx,2730,16000,1,pcm_u8,2730,0.17769789695739746
1778636008.7866096,255.56416773796082,1498,rx,2730,16000,1,pcm_u8,2730,0.16661405563354492
1778636008.9596553,255.7372133731842,1499,rx,2730,16000,1,pcm_u8,2730,0.17304563522338867
1778636009.1465914,255.92414951324463,1500,rx,2730,16000,1,pcm_u8,2730,0.1869361400604248
1778636009.2966943,256.07425236701965,1501,rx,2730,16000,1,pcm_u8,2730,0.15010285377502441
1778636009.4893498,256.26690793037415,1502,rx,2730,16000,1,pcm_u8,2730,0.1926555633544922
1778636009.6372635,256.41482162475586,1503,rx,2730,16000,1,pcm_u8,2730,0.14791369438171387
1778636009.81631,256.59386801719666,1504,rx,2730,16000,1,pcm_u8,2730,0.1790463924407959
1778636009.9783359,256.75589394569397,1505,rx,2730,16000,1,pcm_u8,2730,0.16202592849731445
1778636010.1491697,256.92672777175903,1506,rx,2730,16000,1,pcm_u8,2730,0.17083382606506348
1778636010.3243413,257.10189938545227,1507,rx,2730,16000,1,pcm_u8,2730,0.1751716136932373
1778636010.4903617,257.26791977882385,1508,rx,2730,16000,1,pcm_u8,2730,0.16602039337158203
1778636010.6682878,257.44584584236145,1509,rx,2730,16000,1,pcm_u8,2730,0.17792606353759766
1778636010.8316886,257.60924673080444,1510,rx,2730,16000,1,pcm_u8,2730,0.16340088844299316
1778636011.0091698,257.78672790527344,1511,rx,2730,16000,1,pcm_u8,2730,0.17748117446899414
1778636011.2052429,257.98280096054077,1512,rx,2730,16000,1,pcm_u8,2730,0.19607305526733398
1778636011.3583322,258.1358902454376,1513,rx,2730,16000,1,pcm_u8,2730,0.15308928489685059
1778636011.5240536,258.301611661911,1514,rx,2730,16000,1,pcm_u8,2730,0.16572141647338867
1778636011.6895876,258.4671456813812,1515,rx,2730,16000,1,pcm_u8,2730,0.16553401947021484
1778636011.8753362,258.65289425849915,1516,rx,2730,16000,1,pcm_u8,2730,0.18574857711791992
1778636012.0353408,258.81289887428284,1517,rx,2730,16000,1,pcm_u8,2730,0.1600046157836914
1778636012.2015026,258.9790606498718,1518,rx,2730,16000,1,pcm_u8,2730,0.16616177558898926
1778636012.3726459,259.15020394325256,1519,rx,2730,16000,1,pcm_u8,2730,0.1711432933807373
1778636012.5450394,259.3225975036621,1520,rx,2730,16000,1,pcm_u8,2730,0.1723935604095459
1778636012.7171912,259.49474930763245,1521,rx,2730,16000,1,pcm_u8,2730,0.17215180397033691
1778636012.8845742,259.6621322631836,1522,rx,2730,16000,1,pcm_u8,2730,0.16738295555114746
1778636013.0560932,259.833651304245,1523,rx,2730,16000,1,pcm_u8,2730,0.17151904106140137
1778636013.2810907,260.0586488246918,1524,rx,2730,16000,1,pcm_u8,2730,0.22499752044677734
1778636013.3991277,260.1766858100891,1525,rx,2730,16000,1,pcm_u8,2730,0.11803698539733887
1778636013.5687947,260.34635281562805,1526,rx,2730,16000,1,pcm_u8,2730,0.16966700553894043
1778636013.734624,260.5121819972992,1527,rx,2730,16000,1,pcm_u8,2730,0.16582918167114258
1778636013.9048963,260.6824543476105,1528,rx,2730,16000,1,pcm_u8,2730,0.1702723503112793
1778636014.075039,260.8525969982147,1529,rx,2730,16000,1,pcm_u8,2730,0.17014265060424805
1778636014.2448246,261.02238273620605,1530,rx,2730,16000,1,pcm_u8,2730,0.169785737991333
1778636014.421769,261.1993269920349,1531,rx,2730,16000,1,pcm_u8,2730,0.17694425582885742
1778636014.5867136,261.3642716407776,1532,rx,2730,16000,1,pcm_u8,2730,0.16494464874267578
1778636014.7616217,261.5391798019409,1533,rx,2730,16000,1,pcm_u8,2730,0.17490816116333008
1778636014.9284632,261.7060213088989,1534,rx,2730,16000,1,pcm_u8,2730,0.1668415069580078
1778636015.10383,261.88138818740845,1535,rx,2730,16000,1,pcm_u8,2730,0.17536687850952148
1778636015.2707255,262.04828357696533,1536,rx,2730,16000,1,pcm_u8,2730,0.16689538955688477
1778636015.4405513,262.21810936927795,1537,rx,2730,16000,1,pcm_u8,2730,0.16982579231262207
1778636015.6204865,262.39804458618164,1538,rx,2730,16000,1,pcm_u8,2730,0.17993521690368652
1778636015.7810807,262.55863881111145,1539,rx,2730,16000,1,pcm_u8,2730,0.16059422492980957
1778636015.956643,262.73420119285583,1540,rx,2730,16000,1,pcm_u8,2730,0.17556238174438477
1778636016.1234143,262.900972366333,1541,rx,2730,16000,1,pcm_u8,2730,0.16677117347717285
1778636016.2939389,263.071496963501,1542,rx,2730,16000,1,pcm_u8,2730,0.17052459716796875
1778636016.4674168,263.2449748516083,1543,rx,2730,16000,1,pcm_u8,2730,0.1734778881072998
1778636016.6351833,263.4127414226532,1544,rx,2730,16000,1,pcm_u8,2730,0.16776657104492188
1778636016.8150597,263.59261775016785,1545,rx,2730,16000,1,pcm_u8,2730,0.17987632751464844
1778636016.9769433,263.75450134277344,1546,rx,2730,16000,1,pcm_u8,2730,0.16188359260559082
1778636017.1472247,263.9247827529907,1547,rx,2730,16000,1,pcm_u8,2730,0.17028141021728516
1778636017.317704,264.09526205062866,1548,rx,2730,16000,1,pcm_u8,2730,0.17047929763793945
1778636017.492677,264.2702350616455,1549,rx,2730,16000,1,pcm_u8,2730,0.1749730110168457
1778636017.6693113,264.44686937332153,1550,rx,2730,16000,1,pcm_u8,2730,0.1766343116760254
1778636017.830068,264.6076261997223,1551,rx,2730,16000,1,pcm_u8,2730,0.16075682640075684
1778636018.0053582,264.78291630744934,1552,rx,2730,16000,1,pcm_u8,2730,0.17529010772705078
1778636018.1710756,264.9486336708069,1553,rx,2730,16000,1,pcm_u8,2730,0.16571736335754395
1778636018.3415983,265.1191563606262,1554,rx,2730,16000,1,pcm_u8,2730,0.17052268981933594
1778636018.516669,265.2942271232605,1555,rx,2730,16000,1,pcm_u8,2730,0.17507076263427734
1778636018.6869211,265.46447920799255,1556,rx,2730,16000,1,pcm_u8,2730,0.17025208473205566
1778636018.8590581,265.636616230011,1557,rx,2730,16000,1,pcm_u8,2730,0.17213702201843262
1778636019.0379992,265.8155572414398,1558,rx,2730,16000,1,pcm_u8,2730,0.178941011428833
1778636019.1981635,265.9757215976715,1559,rx,2730,16000,1,pcm_u8,2730,0.16016435623168945
1778636019.3700628,266.1476209163666,1560,rx,2730,16000,1,pcm_u8,2730,0.17189931869506836
1778636019.5422065,266.3197646141052,1561,rx,2730,16000,1,pcm_u8,2730,0.17214369773864746
1778636019.7120361,266.4895942211151,1562,rx,2730,16000,1,pcm_u8,2730,0.1698296070098877
1778636019.8845794,266.66213750839233,1563,rx,2730,16000,1,pcm_u8,2730,0.17254328727722168
1778636020.0489736,266.82653164863586,1564,rx,2730,16000,1,pcm_u8,2730,0.16439414024353027
1778636020.2234623,267.00102043151855,1565,rx,2730,16000,1,pcm_u8,2730,0.17448878288269043
1778636020.390215,267.16777300834656,1566,rx,2730,16000,1,pcm_u8,2730,0.16675257682800293
1778636020.569993,267.3475511074066,1567,rx,2730,16000,1,pcm_u8,2730,0.1797780990600586
1778636020.7321165,267.5096745491028,1568,rx,2730,16000,1,pcm_u8,2730,0.162123441696167
1778636020.9076939,267.68525195121765,1569,rx,2730,16000,1,pcm_u8,2730,0.17557740211486816
1778636021.0726404,267.85019850730896,1570,rx,2730,16000,1,pcm_u8,2730,0.1649465560913086
1778636021.243339,268.0208971500397,1571,rx,2730,16000,1,pcm_u8,2730,0.1706986427307129
1778636021.417272,268.1948301792145,1572,rx,2730,16000,1,pcm_u8,2730,0.1739330291748047
1778636021.5846477,268.3622057437897,1573,rx,2730,16000,1,pcm_u8,2730,0.1673755645751953
1778636021.7604723,268.53803038597107,1574,rx,2730,16000,1,pcm_u8,2730,0.17582464218139648
1778636021.9260254,268.7035834789276,1575,rx,2730,16000,1,pcm_u8,2730,0.16555309295654297
1778636022.095951,268.8735091686249,1576,rx,2730,16000,1,pcm_u8,2730,0.16992568969726562
1778636022.2694657,269.04702377319336,1577,rx,2730,16000,1,pcm_u8,2730,0.17351460456848145
1778636022.4382458,269.21580386161804,1578,rx,2730,16000,1,pcm_u8,2730,0.16878008842468262
1778636022.6167035,269.39426159858704,1579,rx,2730,16000,1,pcm_u8,2730,0.17845773696899414
1778636022.7792845,269.5568425655365,1580,rx,2730,16000,1,pcm_u8,2730,0.1625809669494629
1778636022.9533262,269.7308843135834,1581,rx,2730,16000,1,pcm_u8,2730,0.174041748046875
1778636023.1206148,269.8981728553772,1582,rx,2730,16000,1,pcm_u8,2730,0.16728854179382324
1778636023.2913506,270.06890869140625,1583,rx,2730,16000,1,pcm_u8,2730,0.17073583602905273
1778636023.466407,270.2439651489258,1584,rx,2730,16000,1,pcm_u8,2730,0.17505645751953125
1778636023.632388,270.4099462032318,1585,rx,2730,16000,1,pcm_u8,2730,0.16598105430603027
1778636023.8081737,270.58573174476624,1586,rx,2730,16000,1,pcm_u8,2730,0.17578554153442383
1778636023.975806,270.7533640861511,1587,rx,2730,16000,1,pcm_u8,2730,0.1676323413848877
1778636024.1487336,270.92629170417786,1588,rx,2730,16000,1,pcm_u8,2730,0.1729276180267334
1778636024.3187819,271.0963399410248,1589,rx,2730,16000,1,pcm_u8,2730,0.17004823684692383
1778636024.4858985,271.26345658302307,1590,rx,2730,16000,1,pcm_u8,2730,0.16711664199829102
1778636024.6565857,271.434143781662,1591,rx,2730,16000,1,pcm_u8,2730,0.17068719863891602
1778636024.8277266,271.60528469085693,1592,rx,2730,16000,1,pcm_u8,2730,0.1711409091949463
1778636025.0072436,271.7848017215729,1593,rx,2730,16000,1,pcm_u8,2730,0.17951703071594238
1778636025.172784,271.9503421783447,1594,rx,2730,16000,1,pcm_u8,2730,0.16554045677185059
1778636025.345889,272.1234471797943,1595,rx,2730,16000,1,pcm_u8,2730,0.17310500144958496
1778636025.5152588,272.2928168773651,1596,rx,2730,16000,1,pcm_u8,2730,0.16936969757080078
1778636025.6849716,272.46252965927124,1597,rx,2730,16000,1,pcm_u8,2730,0.16971278190612793
1778636025.8663073,272.64386534690857,1598,rx,2730,16000,1,pcm_u8,2730,0.1813356876373291
1778636026.025702,272.8032600879669,1599,rx,2730,16000,1,pcm_u8,2730,0.1593947410583496
1778636026.1930995,272.9706575870514,1600,rx,2730,16000,1,pcm_u8,2730,0.16739749908447266
1778636026.3689423,273.1465003490448,1601,rx,2730,16000,1,pcm_u8,2730,0.1758427619934082
1778636026.534455,273.3120131492615,1602,rx,2730,16000,1,pcm_u8,2730,0.1655128002166748
1778636026.7119813,273.4895393848419,1603,rx,2730,16000,1,pcm_u8,2730,0.17752623558044434
1778636026.8775587,273.65511679649353,1604,rx,2730,16000,1,pcm_u8,2730,0.16557741165161133
1778636027.0462122,273.8237702846527,1605,rx,2730,16000,1,pcm_u8,2730,0.1686534881591797
1778636027.2168698,273.9944279193878,1606,rx,2730,16000,1,pcm_u8,2730,0.17065763473510742
1778636027.3878267,274.1653847694397,1607,rx,2730,16000,1,pcm_u8,2730,0.17095685005187988
1778636027.564352,274.3419101238251,1608,rx,2730,16000,1,pcm_u8,2730,0.17652535438537598
1778636027.7287374,274.5062954425812,1609,rx,2730,16000,1,pcm_u8,2730,0.16438531875610352
1778636027.8999333,274.6774914264679,1610,rx,2730,16000,1,pcm_u8,2730,0.17119598388671875
1778636028.0703266,274.8478846549988,1611,rx,2730,16000,1,pcm_u8,2730,0.1703932285308838
1778636028.242454,275.02001214027405,1612,rx,2730,16000,1,pcm_u8,2730,0.17212748527526855
1778636028.417921,275.1954791545868,1613,rx,2730,16000,1,pcm_u8,2730,0.17546701431274414
1778636028.5830176,275.36057567596436,1614,rx,2730,16000,1,pcm_u8,2730,0.16509652137756348
1778636028.772095,275.5496530532837,1615,rx,2730,16000,1,pcm_u8,2730,0.18907737731933594
1778636028.9238067,275.7013647556305,1616,rx,2730,16000,1,pcm_u8,2730,0.15171170234680176
1778636029.0948274,275.8723855018616,1617,rx,2730,16000,1,pcm_u8,2730,0.1710207462310791
1778636029.265491,276.04304909706116,1618,rx,2730,16000,1,pcm_u8,2730,0.17066359519958496
1778636029.4353962,276.2129542827606,1619,rx,2730,16000,1,pcm_u8,2730,0.1699051856994629
1778636029.6071355,276.3846936225891,1620,rx,2730,16000,1,pcm_u8,2730,0.1717393398284912
1778636029.7773085,276.5548665523529,1621,rx,2730,16000,1,pcm_u8,2730,0.17017292976379395
1778636029.9477017,276.7252597808838,1622,rx,2730,16000,1,pcm_u8,2730,0.1703932285308838
1778636030.1188767,276.89643478393555,1623,rx,2730,16000,1,pcm_u8,2730,0.1711750030517578
1778636030.2928474,277.07040548324585,1624,rx,2730,16000,1,pcm_u8,2730,0.17397069931030273
1778636030.4649189,277.24247694015503,1625,rx,2730,16000,1,pcm_u8,2730,0.1720714569091797
1778636030.6307356,277.40829372406006,1626,rx,2730,16000,1,pcm_u8,2730,0.1658167839050293
1778636030.8053179,277.58287596702576,1627,rx,2730,16000,1,pcm_u8,2730,0.17458224296569824
1778636030.9714577,277.74901580810547,1628,rx,2730,16000,1,pcm_u8,2730,0.16613984107971191
1778636031.1505752,277.92813324928284,1629,rx,2730,16000,1,pcm_u8,2730,0.17911744117736816
1778636031.3212078,278.09876585006714,1630,rx,2730,16000,1,pcm_u8,2730,0.17063260078430176
1778636031.4870439,278.2646019458771,1631,rx,2730,16000,1,pcm_u8,2730,0.16583609580993652
1778636031.6685207,278.44607877731323,1632,rx,2730,16000,1,pcm_u8,2730,0.18147683143615723
1778636031.8291688,278.6067268848419,1633,rx,2730,16000,1,pcm_u8,2730,0.16064810752868652
1778636032.0006187,278.7781767845154,1634,rx,2730,16000,1,pcm_u8,2730,0.17144989967346191
1778636032.1718097,278.94936776161194,1635,rx,2730,16000,1,pcm_u8,2730,0.17119097709655762
1778636032.341033,279.11859107017517,1636,rx,2730,16000,1,pcm_u8,2730,0.16922330856323242
1778636032.5153606,279.2929186820984,1637,rx,2730,16000,1,pcm_u8,2730,0.17432761192321777
1778636032.678302,279.45586013793945,1638,rx,2730,16000,1,pcm_u8,2730,0.16294145584106445
1778636032.8497674,279.62732553482056,1639,rx,2730,16000,1,pcm_u8,2730,0.17146539688110352
1778636033.0194986,279.7970566749573,1640,rx,2730,16000,1,pcm_u8,2730,0.16973114013671875
1778636033.1901653,279.9677233695984,1641,rx,2730,16000,1,pcm_u8,2730,0.17066669464111328
1778636033.364446,280.1420040130615,1642,rx,2730,16000,1,pcm_u8,2730,0.17428064346313477
1778636033.53216,280.30971813201904,1643,rx,2730,16000,1,pcm_u8,2730,0.16771411895751953
1778636033.7124505,280.4900085926056,1644,rx,2730,16000,1,pcm_u8,2730,0.18029046058654785
1778636033.8733182,280.65087628364563,1645,rx,2730,16000,1,pcm_u8,2730,0.16086769104003906
1778636034.0463302,280.82388830184937,1646,rx,2730,16000,1,pcm_u8,2730,0.17301201820373535
1778636034.215561,280.99311900138855,1647,rx,2730,16000,1,pcm_u8,2730,0.16923069953918457
1778636034.388549,281.1661071777344,1648,rx,2730,16000,1,pcm_u8,2730,0.1729881763458252
1778636034.5594196,281.3369777202606,1649,rx,2730,16000,1,pcm_u8,2730,0.17087054252624512
1778636034.7263033,281.50386142730713,1650,rx,2730,16000,1,pcm_u8,2730,0.1668837070465088
1778636034.9011602,281.67871832847595,1651,rx,2730,16000,1,pcm_u8,2730,0.17485690116882324
1778636035.067803,281.845360994339,1652,rx,2730,16000,1,pcm_u8,2730,0.1666426658630371
1778636035.2392607,282.01681876182556,1653,rx,2730,16000,1,pcm_u8,2730,0.17145776748657227
1778636035.4107006,282.1882586479187,1654,rx,2730,16000,1,pcm_u8,2730,0.17143988609313965
1778636035.5801866,282.3577446937561,1655,rx,2730,16000,1,pcm_u8,2730,0.16948604583740234
1778636035.7512858,282.5288438796997,1656,rx,2730,16000,1,pcm_u8,2730,0.17109918594360352
1778636035.9216042,282.69916224479675,1657,rx,2730,16000,1,pcm_u8,2730,0.1703183650970459
1778636036.091952,282.8695101737976,1658,rx,2730,16000,1,pcm_u8,2730,0.1703479290008545
1778636036.2697644,283.047322511673,1659,rx,2730,16000,1,pcm_u8,2730,0.1778123378753662
1778636036.4335217,283.2110798358917,1660,rx,2730,16000,1,pcm_u8,2730,0.16375732421875
1778636036.6093209,283.38687896728516,1661,rx,2730,16000,1,pcm_u8,2730,0.17579913139343262
1778636036.7748852,283.5524432659149,1662,rx,2730,16000,1,pcm_u8,2730,0.16556429862976074
1778636036.9453633,283.72292137145996,1663,rx,2730,16000,1,pcm_u8,2730,0.17047810554504395
1778636037.1156313,283.8931894302368,1664,rx,2730,16000,1,pcm_u8,2730,0.17026805877685547
1778636037.2879622,284.06552028656006,1665,rx,2730,16000,1,pcm_u8,2730,0.1723308563232422
1778636037.4647431,284.24230122566223,1666,rx,2730,16000,1,pcm_u8,2730,0.17678093910217285
1778636037.6295528,284.40711092948914,1667,rx,2730,16000,1,pcm_u8,2730,0.1648097038269043
1778636037.8000822,284.5776402950287,1668,rx,2730,16000,1,pcm_u8,2730,0.17052936553955078
1778636037.973602,284.7511601448059,1669,rx,2730,16000,1,pcm_u8,2730,0.17351984977722168
1778636038.1400425,284.91760063171387,1670,rx,2730,16000,1,pcm_u8,2730,0.16644048690795898
1778636038.311197,285.0887551307678,1671,rx,2730,16000,1,pcm_u8,2730,0.17115449905395508
1778636038.4835489,285.261106967926,1672,rx,2730,16000,1,pcm_u8,2730,0.17235183715820312
1778636038.6581051,285.4356632232666,1673,rx,2730,16000,1,pcm_u8,2730,0.17455625534057617
1778636038.8236158,285.60117387771606,1674,rx,2730,16000,1,pcm_u8,2730,0.1655106544494629
1778636038.9973884,285.77494645118713,1675,rx,2730,16000,1,pcm_u8,2730,0.17377257347106934
1778636039.1641555,285.94171357154846,1676,rx,2730,16000,1,pcm_u8,2730,0.16676712036132812
1778636039.3346033,286.11216139793396,1677,rx,2730,16000,1,pcm_u8,2730,0.17044782638549805
1778636039.5102925,286.2878506183624,1678,rx,2730,16000,1,pcm_u8,2730,0.1756892204284668
1778636039.6757915,286.4533495903015,1679,rx,2730,16000,1,pcm_u8,2730,0.16549897193908691
1778636039.847176,286.6247341632843,1680,rx,2730,16000,1,pcm_u8,2730,0.17138457298278809
1778636040.0216472,286.79920530319214,1681,rx,2730,16000,1,pcm_u8,2730,0.17447113990783691
1778636040.1935637,286.9711217880249,1682,rx,2730,16000,1,pcm_u8,2730,0.17191648483276367
1778636040.3587067,287.1362648010254,1683,rx,2730,16000,1,pcm_u8,2730,0.16514301300048828
1778636040.5302587,287.3078167438507,1684,rx,2730,16000,1,pcm_u8,2730,0.17155194282531738
1778636040.704827,287.4823851585388,1685,rx,2730,16000,1,pcm_u8,2730,0.17456841468811035
1778636040.871257,287.6488151550293,1686,rx,2730,16000,1,pcm_u8,2730,0.16642999649047852
1778636041.0455856,287.82314372062683,1687,rx,2730,16000,1,pcm_u8,2730,0.17432856559753418
1778636041.2157881,287.99334621429443,1688,rx,2730,16000,1,pcm_u8,2730,0.17020249366760254
1778636041.3828645,288.16042256355286,1689,rx,2730,16000,1,pcm_u8,2730,0.16707634925842285
1778636041.557715,288.33527302742004,1690,rx,2730,16000,1,pcm_u8,2730,0.1748504638671875
1778636041.724226,288.5017840862274,1691,rx,2730,16000,1,pcm_u8,2730,0.16651105880737305
1778636041.8954992,288.67305731773376,1692,rx,2730,16000,1,pcm_u8,2730,0.17127323150634766
1778636042.0650933,288.8426513671875,1693,rx,2730,16000,1,pcm_u8,2730,0.16959404945373535
1778636042.2402246,289.01778268814087,1694,rx,2730,16000,1,pcm_u8,2730,0.17513132095336914
1778636042.4145303,289.1920883655548,1695,rx,2730,16000,1,pcm_u8,2730,0.17430567741394043
1778636042.5830245,289.36058259010315,1696,rx,2730,16000,1,pcm_u8,2730,0.16849422454833984
1778636042.75251,289.5300681591034,1697,rx,2730,16000,1,pcm_u8,2730,0.16948556900024414
1778636042.9234624,289.70102047920227,1698,rx,2730,16000,1,pcm_u8,2730,0.17095232009887695
1778636043.093586,289.8711440563202,1699,rx,2730,16000,1,pcm_u8,2730,0.17012357711791992
1778636043.2641842,290.0417423248291,1700,rx,2730,16000,1,pcm_u8,2730,0.17059826850891113
1778636043.4373233,290.2148814201355,1701,rx,2730,16000,1,pcm_u8,2730,0.17313909530639648
1778636043.6318305,290.4093885421753,1702,rx,2730,16000,1,pcm_u8,2730,0.19450712203979492
1778636043.779326,290.55688405036926,1703,rx,2730,16000,1,pcm_u8,2730,0.14749550819396973
1778636043.9520364,290.72959446907043,1704,rx,2730,16000,1,pcm_u8,2730,0.17271041870117188
1778636044.117606,290.89516401290894,1705,rx,2730,16000,1,pcm_u8,2730,0.16556954383850098
1778636044.2884014,291.06595945358276,1706,rx,2730,16000,1,pcm_u8,2730,0.17079544067382812
1778636044.460043,291.2376010417938,1707,rx,2730,16000,1,pcm_u8,2730,0.17164158821105957
1778636044.6312215,291.40877962112427,1708,rx,2730,16000,1,pcm_u8,2730,0.17117857933044434
1778636044.7997882,291.57734632492065,1709,rx,2730,16000,1,pcm_u8,2730,0.16856670379638672
1778636044.9682324,291.7457904815674,1710,rx,2730,16000,1,pcm_u8,2730,0.16844415664672852
1778636045.1380956,291.9156537055969,1711,rx,2730,16000,1,pcm_u8,2730,0.16986322402954102
1778636045.308994,292.0865521430969,1712,rx,2730,16000,1,pcm_u8,2730,0.1708984375
1778636045.479927,292.2574851512909,1713,rx,2730,16000,1,pcm_u8,2730,0.17093300819396973
1778636045.6555731,292.43313121795654,1714,rx,2730,16000,1,pcm_u8,2730,0.17564606666564941
1778636045.8205545,292.5981125831604,1715,rx,2730,16000,1,pcm_u8,2730,0.16498136520385742
1778636045.992729,292.77028703689575,1716,rx,2730,16000,1,pcm_u8,2730,0.17217445373535156
1778636046.1650312,292.9425892829895,1717,rx,2730,16000,1,pcm_u8,2730,0.17230224609375
1778636046.3324554,293.11001348495483,1718,rx,2730,16000,1,pcm_u8,2730,0.16742420196533203
1778636046.5030994,293.28065752983093,1719,rx,2730,16000,1,pcm_u8,2730,0.17064404487609863
1778636046.6753292,293.45288729667664,1720,rx,2730,16000,1,pcm_u8,2730,0.17222976684570312
1778636046.844983,293.6225411891937,1721,rx,2730,16000,1,pcm_u8,2730,0.16965389251708984
1778636047.015244,293.7928020954132,1722,rx,2730,16000,1,pcm_u8,2730,0.17026090621948242
1778636047.189358,293.96691608428955,1723,rx,2730,16000,1,pcm_u8,2730,0.17411398887634277
1778636047.359628,294.13718605041504,1724,rx,2730,16000,1,pcm_u8,2730,0.17026996612548828
1778636047.5271795,294.3047375679016,1725,rx,2730,16000,1,pcm_u8,2730,0.16755151748657227
1778636047.7051778,294.4827358722687,1726,rx,2730,16000,1,pcm_u8,2730,0.17799830436706543
1778636047.868356,294.6459140777588,1727,rx,2730,16000,1,pcm_u8,2730,0.1631782054901123
1778636048.0392575,294.8168156147003,1728,rx,2730,16000,1,pcm_u8,2730,0.17090153694152832
1778636048.2132144,294.99077248573303,1729,rx,2730,16000,1,pcm_u8,2730,0.17395687103271484
1778636048.3845532,295.16211128234863,1730,rx,2730,16000,1,pcm_u8,2730,0.17133879661560059
1778636048.5534115,295.33096957206726,1731,rx,2730,16000,1,pcm_u8,2730,0.16885828971862793
1778636048.725479,295.5030369758606,1732,rx,2730,16000,1,pcm_u8,2730,0.17206740379333496
1778636048.8978043,295.6753623485565,1733,rx,2730,16000,1,pcm_u8,2730,0.17232537269592285
1778636049.062577,295.84013509750366,1734,rx,2730,16000,1,pcm_u8,2730,0.16477274894714355
1778636049.2337186,296.01127672195435,1735,rx,2730,16000,1,pcm_u8,2730,0.1711416244506836
1778636049.40756,296.1851181983948,1736,rx,2730,16000,1,pcm_u8,2730,0.1738414764404297
1778636049.5751615,296.3527195453644,1737,rx,2730,16000,1,pcm_u8,2730,0.1676013469696045
1778636049.7571332,296.53469133377075,1738,rx,2730,16000,1,pcm_u8,2730,0.18197178840637207
1778636049.9202273,296.69778537750244,1739,rx,2730,16000,1,pcm_u8,2730,0.16309404373168945
1778636050.0925882,296.87014627456665,1740,rx,2730,16000,1,pcm_u8,2730,0.17236089706420898
1778636050.2642424,297.0418004989624,1741,rx,2730,16000,1,pcm_u8,2730,0.17165422439575195
1778636050.4328861,297.21044421195984,1742,rx,2730,16000,1,pcm_u8,2730,0.16864371299743652
1778636050.6042023,297.3817603588104,1743,rx,2730,16000,1,pcm_u8,2730,0.17131614685058594
1778636050.772983,297.55054116249084,1744,rx,2730,16000,1,pcm_u8,2730,0.16878080368041992
1778636050.9460201,297.7235782146454,1745,rx,2730,16000,1,pcm_u8,2730,0.17303705215454102
1778636051.1167824,297.8943405151367,1746,rx,2730,16000,1,pcm_u8,2730,0.170762300491333
1778636051.2871602,298.06471824645996,1747,rx,2730,16000,1,pcm_u8,2730,0.1703777313232422
1778636051.4634435,298.24100160598755,1748,rx,2730,16000,1,pcm_u8,2730,0.1762833595275879
1778636051.6283915,298.40594959259033,1749,rx,2730,16000,1,pcm_u8,2730,0.1649479866027832
1778636051.809676,298.58723402023315,1750,rx,2730,16000,1,pcm_u8,2730,0.18128442764282227
1778636051.990516,298.76807403564453,1751,rx,2730,16000,1,pcm_u8,2730,0.18084001541137695
1778636052.1695795,298.947137594223,1752,rx,2730,16000,1,pcm_u8,2730,0.1790635585784912
1778636052.3134892,299.0910472869873,1753,rx,2730,16000,1,pcm_u8,2730,0.14390969276428223
1778636052.4767585,299.25431656837463,1754,rx,2730,16000,1,pcm_u8,2730,0.1632692813873291
1778636052.6528497,299.43040776252747,1755,rx,2730,16000,1,pcm_u8,2730,0.17609119415283203
1778636052.8181667,299.5957248210907,1756,rx,2730,16000,1,pcm_u8,2730,0.16531705856323242
1778636052.9927883,299.77034640312195,1757,rx,2730,16000,1,pcm_u8,2730,0.17462158203125
1778636053.1594675,299.9370255470276,1758,rx,2730,16000,1,pcm_u8,2730,0.16667914390563965
1778636053.337334,300.1148920059204,1759,rx,2730,16000,1,pcm_u8,2730,0.17786645889282227
1778636053.5096266,300.287184715271,1760,rx,2730,16000,1,pcm_u8,2730,0.17229270935058594
1778636053.6718233,300.44938135147095,1761,rx,2730,16000,1,pcm_u8,2730,0.16219663619995117
1778636053.846525,300.6240830421448,1762,rx,2730,16000,1,pcm_u8,2730,0.17470169067382812
1778636054.0161912,300.793749332428,1763,rx,2730,16000,1,pcm_u8,2730,0.16966629028320312
1778636054.185972,300.96353006362915,1764,rx,2730,16000,1,pcm_u8,2730,0.16978073120117188
1778636054.3589985,301.1365566253662,1765,rx,2730,16000,1,pcm_u8,2730,0.17302656173706055
1778636054.5284727,301.30603075027466,1766,rx,2730,16000,1,pcm_u8,2730,0.16947412490844727
1778636054.6996133,301.477171421051,1767,rx,2730,16000,1,pcm_u8,2730,0.1711406707763672
1778636054.8896198,301.6671779155731,1768,rx,2730,16000,1,pcm_u8,2730,0.19000649452209473
1778636055.0365632,301.8141212463379,1769,rx,2730,16000,1,pcm_u8,2730,0.1469433307647705
1778636055.2079096,301.985467672348,1770,rx,2730,16000,1,pcm_u8,2730,0.17134642601013184
1778636055.381369,302.15892720222473,1771,rx,2730,16000,1,pcm_u8,2730,0.17345952987670898
1778636055.553677,302.3312351703644,1772,rx,2730,16000,1,pcm_u8,2730,0.17230796813964844
1778636055.719648,302.4972059726715,1773,rx,2730,16000,1,pcm_u8,2730,0.1659708023071289
1778636055.89352,302.67107820510864,1774,rx,2730,16000,1,pcm_u8,2730,0.1738722324371338
1778636056.0664582,302.84401631355286,1775,rx,2730,16000,1,pcm_u8,2730,0.17293810844421387
1778636056.247449,303.0250070095062,1776,rx,2730,16000,1,pcm_u8,2730,0.18099069595336914
1778636056.4049556,303.18251371383667,1777,rx,2730,16000,1,pcm_u8,2730,0.15750670433044434
1778636056.5763736,303.35393166542053,1778,rx,2730,16000,1,pcm_u8,2730,0.1714179515838623
1778636056.7816749,303.55923295021057,1779,rx,2730,16000,1,pcm_u8,2730,0.20530128479003906
1778636056.9171984,303.69475650787354,1780,rx,2730,16000,1,pcm_u8,2730,0.13552355766296387
1778636057.0923743,303.8699324131012,1781,rx,2730,16000,1,pcm_u8,2730,0.17517590522766113
1778636057.2722032,304.0497612953186,1782,rx,2730,16000,1,pcm_u8,2730,0.17982888221740723
1778636057.4303405,304.20789861679077,1783,rx,2730,16000,1,pcm_u8,2730,0.15813732147216797
1778636057.6079319,304.3854899406433,1784,rx,2730,16000,1,pcm_u8,2730,0.17759132385253906
1778636057.7715096,304.549067735672,1785,rx,2730,16000,1,pcm_u8,2730,0.16357779502868652
1778636057.9451287,304.7226867675781,1786,rx,2730,16000,1,pcm_u8,2730,0.17361903190612793
1778636058.1127467,304.89030480384827,1787,rx,2730,16000,1,pcm_u8,2730,0.1676180362701416
1778636058.2855554,305.063113451004,1788,rx,2730,16000,1,pcm_u8,2730,0.17280864715576172
1778636058.4581718,305.23572993278503,1789,rx,2730,16000,1,pcm_u8,2730,0.17261648178100586
1778636058.6247227,305.4022808074951,1790,rx,2730,16000,1,pcm_u8,2730,0.166550874710083
1778636058.7981284,305.57568645477295,1791,rx,2730,16000,1,pcm_u8,2730,0.17340564727783203
1778636058.9662266,305.7437846660614,1792,rx,2730,16000,1,pcm_u8,2730,0.16809821128845215
1778636059.1331177,305.91067576408386,1793,rx,2730,16000,1,pcm_u8,2730,0.16689109802246094
1778636059.3062134,306.08377146720886,1794,rx,2730,16000,1,pcm_u8,2730,0.173095703125
1778636059.4774468,306.2550048828125,1795,rx,2730,16000,1,pcm_u8,2730,0.1712334156036377
1778636059.6482422,306.4258003234863,1796,rx,2730,16000,1,pcm_u8,2730,0.17079544067382812
1778636059.816082,306.59364008903503,1797,rx,2730,16000,1,pcm_u8,2730,0.16783976554870605
1778636059.9900854,306.7676434516907,1798,rx,2730,16000,1,pcm_u8,2730,0.17400336265563965
1778636060.1580863,306.93564438819885,1799,rx,2730,16000,1,pcm_u8,2730,0.1680009365081787
1778636060.3276596,307.1052176952362,1800,rx,2730,16000,1,pcm_u8,2730,0.16957330703735352
1778636060.4025586,307.1801166534424,1,tx,2048,48000,1,pcm_s16le,1024,
1778636060.432221,307.20977902412415,2,tx,2048,48000,1,pcm_s16le,1024,0.029662370681762695
1778636060.4329264,307.2104845046997,3,tx,2048,48000,1,pcm_s16le,1024,0.0007054805755615234
1778636060.4615328,307.23909091949463,4,tx,2048,48000,1,pcm_s16le,1024,0.028606414794921875
1778636060.4911213,307.26867938041687,5,tx,2048,48000,1,pcm_s16le,1024,0.02958846092224121
1778636060.4918282,307.2693862915039,6,tx,2048,48000,1,pcm_s16le,1024,0.0007069110870361328
1778636060.5043025,307.2818605899811,1801,rx,2730,16000,1,pcm_u8,2730,0.17664289474487305
1778636060.5204928,307.29805088043213,7,tx,2048,48000,1,pcm_s16le,1024,0.028664588928222656
1778636060.5502417,307.3277997970581,8,tx,2048,48000,1,pcm_s16le,1024,0.029748916625976562
1778636060.5799708,307.357528924942,9,tx,2048,48000,1,pcm_s16le,1024,0.029729127883911133
1778636060.580558,307.35811614990234,10,tx,2048,48000,1,pcm_s16le,1024,0.0005872249603271484
1778636060.6092336,307.3867917060852,11,tx,2048,48000,1,pcm_s16le,1024,0.028675556182861328
1778636060.6396122,307.4171702861786,12,tx,2048,48000,1,pcm_s16le,1024,0.03037858009338379
1778636060.640199,307.41775703430176,13,tx,2048,48000,1,pcm_s16le,1024,0.0005867481231689453
1778636060.669903,307.44746112823486,1802,rx,2730,16000,1,pcm_u8,2730,0.16560053825378418
1778636060.6701183,307.4476764202118,14,tx,2048,48000,1,pcm_s16le,1024,0.02991938591003418
1778636060.6987116,307.47626972198486,15,tx,2048,48000,1,pcm_s16le,1024,0.02859330177307129
1778636060.7285802,307.50613832473755,16,tx,2048,48000,1,pcm_s16le,1024,0.029868602752685547
1778636060.729187,307.50674510002136,17,tx,2048,48000,1,pcm_s16le,1024,0.0006067752838134766
1778636060.7581742,307.5357322692871,18,tx,2048,48000,1,pcm_s16le,1024,0.02898716926574707
1778636060.7882445,307.5658025741577,19,tx,2048,48000,1,pcm_s16le,1024,0.03007030487060547
1778636060.8179867,307.5955448150635,20,tx,2048,48000,1,pcm_s16le,1024,0.02974224090576172
1778636060.8189886,307.59654664993286,21,tx,2048,48000,1,pcm_s16le,1024,0.0010018348693847656
1778636060.8477159,307.6252739429474,22,tx,2048,48000,1,pcm_s16le,1024,0.028727293014526367
1778636060.8543375,307.6318955421448,1803,rx,2730,16000,1,pcm_u8,2730,0.1844344139099121
1778636060.8802586,307.6578166484833,23,tx,2048,48000,1,pcm_s16le,1024,0.03254270553588867
1778636060.8810956,307.6586537361145,24,tx,2048,48000,1,pcm_s16le,1024,0.0008370876312255859
1778636060.907206,307.6847641468048,25,tx,2048,48000,1,pcm_s16le,1024,0.026110410690307617
1778636060.9363048,307.7138628959656,26,tx,2048,48000,1,pcm_s16le,1024,0.0290987491607666
1778636060.9659204,307.74347853660583,27,tx,2048,48000,1,pcm_s16le,1024,0.02961564064025879
1778636060.9663832,307.74394130706787,28,tx,2048,48000,1,pcm_s16le,1024,0.0004627704620361328
1778636060.9961672,307.773725271225,29,tx,2048,48000,1,pcm_s16le,1024,0.029783964157104492
1778636061.0170186,307.79457664489746,1804,rx,2730,16000,1,pcm_u8,2730,0.16268110275268555
1778636061.0261896,307.8037476539612,30,tx,2048,48000,1,pcm_s16le,1024,0.030022382736206055
1778636061.0269713,307.80452942848206,31,tx,2048,48000,1,pcm_s16le,1024,0.0007817745208740234
1778636061.055375,307.83293318748474,32,tx,2048,48000,1,pcm_s16le,1024,0.028403759002685547
1778636061.0858507,307.8634088039398,33,tx,2048,48000,1,pcm_s16le,1024,0.030475616455078125
1778636061.115204,307.89276218414307,34,tx,2048,48000,1,pcm_s16le,1024,0.02935338020324707
1778636061.1159232,307.89348125457764,35,tx,2048,48000,1,pcm_s16le,1024,0.0007190704345703125
1778636061.144521,307.9220790863037,36,tx,2048,48000,1,pcm_s16le,1024,0.02859783172607422
1778636061.1743064,307.9518644809723,37,tx,2048,48000,1,pcm_s16le,1024,0.0297853946685791
1778636061.1753986,307.95295667648315,38,tx,2048,48000,1,pcm_s16le,1024,0.0010921955108642578
1778636061.2044992,307.98205733299255,39,tx,2048,48000,1,pcm_s16le,1024,0.029100656509399414
1778636061.2058392,307.9833972454071,1805,rx,2730,16000,1,pcm_u8,2730,0.18882060050964355
1778636061.2328584,308.01041650772095,40,tx,2048,48000,1,pcm_s16le,1024,0.028359174728393555
1778636061.2628944,308.04045248031616,41,tx,2048,48000,1,pcm_s16le,1024,0.030035972595214844
1778636061.2638743,308.04143238067627,42,tx,2048,48000,1,pcm_s16le,1024,0.0009799003601074219
1778636061.292496,308.07005405426025,43,tx,2048,48000,1,pcm_s16le,1024,0.028621673583984375
1778636061.3229415,308.10049962997437,44,tx,2048,48000,1,pcm_s16le,1024,0.030445575714111328
1778636061.351596,308.12915420532227,45,tx,2048,48000,1,pcm_s16le,1024,0.02865457534790039
1778636061.3528614,308.13041949272156,46,tx,2048,48000,1,pcm_s16le,1024,0.0012652873992919922
1778636061.3570154,308.13457345962524,1806,rx,2730,16000,1,pcm_u8,2730,0.15117621421813965
1778636061.3800774,308.15763545036316,47,tx,2048,48000,1,pcm_s16le,1024,0.027215957641601562
1778636061.4099848,308.18754291534424,48,tx,2048,48000,1,pcm_s16le,1024,0.0299074649810791
1778636061.4106975,308.1882555484772,49,tx,2048,48000,1,pcm_s16le,1024,0.0007126331329345703
1778636061.4397721,308.21733021736145,50,tx,2048,48000,1,pcm_s16le,1024,0.029074668884277344
1778636061.4691226,308.24668073654175,51,tx,2048,48000,1,pcm_s16le,1024,0.02935051918029785
1778636061.4988558,308.2764139175415,52,tx,2048,48000,1,pcm_s16le,1024,0.02973318099975586
1778636061.4998035,308.27736163139343,53,tx,2048,48000,1,pcm_s16le,1024,0.0009477138519287109
1778636061.5267613,308.30431938171387,1807,rx,2730,16000,1,pcm_u8,2730,0.16974592208862305
1778636061.5283625,308.3059206008911,54,tx,2048,48000,1,pcm_s16le,1024,0.028558969497680664
1778636061.557284,308.3348422050476,55,tx,2048,48000,1,pcm_s16le,1024,0.02892160415649414
1778636061.5582247,308.33578276634216,56,tx,2048,48000,1,pcm_s16le,1024,0.0009405612945556641
1778636061.5876586,308.36521673202515,57,tx,2048,48000,1,pcm_s16le,1024,0.0294339656829834
1778636061.6165683,308.3941264152527,58,tx,2048,48000,1,pcm_s16le,1024,0.028909683227539062
1778636061.6461282,308.42368626594543,59,tx,2048,48000,1,pcm_s16le,1024,0.029559850692749023
1778636061.64737,308.424928188324,60,tx,2048,48000,1,pcm_s16le,1024,0.001241922378540039
1778636061.6754153,308.4529733657837,61,tx,2048,48000,1,pcm_s16le,1024,0.028045177459716797
1778636061.6965373,308.47409534454346,1808,rx,2730,16000,1,pcm_u8,2730,0.16977596282958984
1778636061.7059982,308.48355627059937,62,tx,2048,48000,1,pcm_s16le,1024,0.030582904815673828
1778636061.7349248,308.512482881546,63,tx,2048,48000,1,pcm_s16le,1024,0.028926610946655273
1778636061.7368128,308.5143709182739,64,tx,2048,48000,1,pcm_s16le,1024,0.0018880367279052734
1778636061.7644608,308.54201889038086,65,tx,2048,48000,1,pcm_s16le,1024,0.027647972106933594
1778636061.794932,308.57248997688293,66,tx,2048,48000,1,pcm_s16le,1024,0.030471086502075195
1778636061.7968051,308.57436323165894,67,tx,2048,48000,1,pcm_s16le,1024,0.0018732547760009766
1778636061.824912,308.60247015953064,68,tx,2048,48000,1,pcm_s16le,1024,0.0281069278717041
1778636061.8546498,308.6322078704834,69,tx,2048,48000,1,pcm_s16le,1024,0.02973771095275879
1778636061.8644872,308.6420452594757,1809,rx,2730,16000,1,pcm_u8,2730,0.16794991493225098
1778636061.8825257,308.66008377075195,70,tx,2048,48000,1,pcm_s16le,1024,0.027875900268554688
1778636061.8836985,308.66125655174255,71,tx,2048,48000,1,pcm_s16le,1024,0.001172780990600586
1778636061.9121037,308.6896617412567,72,tx,2048,48000,1,pcm_s16le,1024,0.028405189514160156
1778636061.9411216,308.71867966651917,73,tx,2048,48000,1,pcm_s16le,1024,0.029017925262451172
1778636061.941924,308.7194821834564,74,tx,2048,48000,1,pcm_s16le,1024,0.0008025169372558594
1778636061.9708116,308.7483696937561,75,tx,2048,48000,1,pcm_s16le,1024,0.028887510299682617
1778636061.999537,308.777095079422,76,tx,2048,48000,1,pcm_s16le,1024,0.028725385665893555
1778636062.029572,308.8071300983429,77,tx,2048,48000,1,pcm_s16le,1024,0.030035018920898438
1778636062.030397,308.8079550266266,78,tx,2048,48000,1,pcm_s16le,1024,0.0008249282836914062
1778636062.0376432,308.8152012825012,1810,rx,2730,16000,1,pcm_u8,2730,0.1731560230255127
1778636062.0589323,308.83649039268494,79,tx,2048,48000,1,pcm_s16le,1024,0.02853536605834961
1778636062.0886219,308.8661799430847,80,tx,2048,48000,1,pcm_s16le,1024,0.029689550399780273
1778636062.118033,308.8955910205841,81,tx,2048,48000,1,pcm_s16le,1024,0.02941107749938965
1778636062.119377,308.8969349861145,82,tx,2048,48000,1,pcm_s16le,1024,0.0013439655303955078
1778636062.1477644,308.9253225326538,83,tx,2048,48000,1,pcm_s16le,1024,0.02838754653930664
1778636062.1772833,308.95484137535095,84,tx,2048,48000,1,pcm_s16le,1024,0.029518842697143555
1778636062.1779518,308.95550990104675,85,tx,2048,48000,1,pcm_s16le,1024,0.0006685256958007812
1778636062.2062738,308.9838318824768,86,tx,2048,48000,1,pcm_s16le,1024,0.02832198143005371
1778636062.2092743,308.9868323802948,1811,rx,2730,16000,1,pcm_u8,2730,0.1716310977935791
1778636062.2368937,309.01445174217224,87,tx,2048,48000,1,pcm_s16le,1024,0.03061985969543457
1778636062.2665563,309.0441143512726,88,tx,2048,48000,1,pcm_s16le,1024,0.029662609100341797
1778636062.2672596,309.04481768608093,89,tx,2048,48000,1,pcm_s16le,1024,0.0007033348083496094
1778636062.2954726,309.07303071022034,90,tx,2048,48000,1,pcm_s16le,1024,0.028213024139404297
1778636062.3250785,309.10263657569885,91,tx,2048,48000,1,pcm_s16le,1024,0.029605865478515625
1778636062.3257687,309.10332679748535,92,tx,2048,48000,1,pcm_s16le,1024,0.0006902217864990234
1778636062.3549151,309.13247323036194,93,tx,2048,48000,1,pcm_s16le,1024,0.029146432876586914
1778636062.3756776,309.1532356739044,1812,rx,2730,16000,1,pcm_u8,2730,0.16640329360961914
1778636062.3842466,309.1618046760559,94,tx,2048,48000,1,pcm_s16le,1024,0.029331445693969727
1778636062.413403,309.1909611225128,95,tx,2048,48000,1,pcm_s16le,1024,0.02915644645690918
1778636062.4143796,309.1919376850128,96,tx,2048,48000,1,pcm_s16le,1024,0.0009765625
1778636062.442624,309.22018218040466,97,tx,2048,48000,1,pcm_s16le,1024,0.028244495391845703
1778636062.4723644,309.2499225139618,98,tx,2048,48000,1,pcm_s16le,1024,0.029740333557128906
1778636062.5017405,309.27929854393005,99,tx,2048,48000,1,pcm_s16le,1024,0.02937602996826172
1778636062.5034914,309.281049489975,100,tx,2048,48000,1,pcm_s16le,1024,0.001750946044921875
1778636062.5312335,309.30879163742065,101,tx,2048,48000,1,pcm_s16le,1024,0.02774214744567871
1778636062.5559347,309.3334927558899,1813,rx,2730,16000,1,pcm_u8,2730,0.18025708198547363
1778636062.56206,309.33961820602417,102,tx,2048,48000,1,pcm_s16le,1024,0.030826568603515625
1778636062.5629606,309.34051871299744,103,tx,2048,48000,1,pcm_s16le,1024,0.0009005069732666016
1778636062.5901613,309.36771941185,104,tx,2048,48000,1,pcm_s16le,1024,0.027200698852539062
1778636062.6194108,309.39696884155273,105,tx,2048,48000,1,pcm_s16le,1024,0.02924942970275879
1778636062.6497664,309.4273245334625,106,tx,2048,48000,1,pcm_s16le,1024,0.03035569190979004
1778636062.6508722,309.4284303188324,107,tx,2048,48000,1,pcm_s16le,1024,0.0011057853698730469
1778636062.6789224,309.4564805030823,108,tx,2048,48000,1,pcm_s16le,1024,0.02805018424987793
1778636062.7080956,309.4856536388397,109,tx,2048,48000,1,pcm_s16le,1024,0.02917313575744629
1778636062.7207196,309.49827766418457,1814,rx,2730,16000,1,pcm_u8,2730,0.16478490829467773
1778636062.7381678,309.51572585105896,110,tx,2048,48000,1,pcm_s16le,1024,0.03007221221923828
1778636062.7388465,309.51640462875366,111,tx,2048,48000,1,pcm_s16le,1024,0.0006787776947021484
1778636062.7679396,309.54549765586853,112,tx,2048,48000,1,pcm_s16le,1024,0.029093027114868164
1778636062.7977476,309.5753057003021,113,tx,2048,48000,1,pcm_s16le,1024,0.02980804443359375
1778636062.7988608,309.57641887664795,114,tx,2048,48000,1,pcm_s16le,1024,0.0011131763458251953
1778636062.8268917,309.6044497489929,115,tx,2048,48000,1,pcm_s16le,1024,0.028030872344970703
1778636062.856417,309.6339750289917,116,tx,2048,48000,1,pcm_s16le,1024,0.029525279998779297
1778636062.8863068,309.6638648509979,117,tx,2048,48000,1,pcm_s16le,1024,0.029889822006225586
1778636062.8869364,309.66449451446533,118,tx,2048,48000,1,pcm_s16le,1024,0.0006296634674072266
1778636062.8877418,309.66529989242554,1815,rx,2730,16000,1,pcm_u8,2730,0.1670222282409668
1778636062.916484,309.69404220581055,119,tx,2048,48000,1,pcm_s16le,1024,0.029547691345214844
1778636062.946063,309.7236211299896,120,tx,2048,48000,1,pcm_s16le,1024,0.02957892417907715
1778636062.9466572,309.72421526908875,121,tx,2048,48000,1,pcm_s16le,1024,0.0005941390991210938
1778636062.9756498,309.7532079219818,122,tx,2048,48000,1,pcm_s16le,1024,0.028992652893066406
1778636063.005749,309.7833070755005,123,tx,2048,48000,1,pcm_s16le,1024,0.030099153518676758
1778636063.0348513,309.81240940093994,124,tx,2048,48000,1,pcm_s16le,1024,0.029102325439453125
1778636063.035824,309.8133821487427,125,tx,2048,48000,1,pcm_s16le,1024,0.000972747802734375
1778636063.0611868,309.8387448787689,1816,rx,2730,16000,1,pcm_u8,2730,0.1734449863433838
1778636063.0647433,309.8423013687134,126,tx,2048,48000,1,pcm_s16le,1024,0.028919219970703125
1778636063.0933263,309.87088441848755,127,tx,2048,48000,1,pcm_s16le,1024,0.028583049774169922
1778636063.094319,309.8718771934509,128,tx,2048,48000,1,pcm_s16le,1024,0.0009927749633789062
1778636063.122204,309.8997621536255,129,tx,2048,48000,1,pcm_s16le,1024,0.027884960174560547
1778636063.1520004,309.9295585155487,130,tx,2048,48000,1,pcm_s16le,1024,0.029796361923217773
1778636063.1811347,309.95869278907776,131,tx,2048,48000,1,pcm_s16le,1024,0.029134273529052734
1778636063.1818104,309.95936846733093,132,tx,2048,48000,1,pcm_s16le,1024,0.0006756782531738281
1778636063.210583,309.9881410598755,133,tx,2048,48000,1,pcm_s16le,1024,0.028772592544555664
1778636063.2303793,310.00793743133545,1817,rx,2730,16000,1,pcm_u8,2730,0.16919255256652832
1778636063.239749,310.01730704307556,134,tx,2048,48000,1,pcm_s16le,1024,0.029165983200073242
1778636063.2694967,310.04705476760864,135,tx,2048,48000,1,pcm_s16le,1024,0.029747724533081055
1778636063.2700999,310.04765796661377,136,tx,2048,48000,1,pcm_s16le,1024,0.0006031990051269531
1778636063.2985826,310.07614064216614,137,tx,2048,48000,1,pcm_s16le,1024,0.028482675552368164
1778636063.3286924,310.1062505245209,138,tx,2048,48000,1,pcm_s16le,1024,0.030109882354736328
1778636063.3293207,310.1068787574768,139,tx,2048,48000,1,pcm_s16le,1024,0.0006282329559326172
1778636063.3585324,310.13609051704407,140,tx,2048,48000,1,pcm_s16le,1024,0.029211759567260742
1778636063.388131,310.16568899154663,141,tx,2048,48000,1,pcm_s16le,1024,0.029598474502563477
1778636063.4121482,310.189706325531,1818,rx,2730,16000,1,pcm_u8,2730,0.18176889419555664
1778636063.4177704,310.1953284740448,142,tx,2048,48000,1,pcm_s16le,1024,0.029639482498168945
1778636063.419376,310.19693398475647,143,tx,2048,48000,1,pcm_s16le,1024,0.0016055107116699219
1778636063.4478824,310.22544050216675,144,tx,2048,48000,1,pcm_s16le,1024,0.02850651741027832
1778636063.4775176,310.2550756931305,145,tx,2048,48000,1,pcm_s16le,1024,0.029635190963745117
1778636063.478844,310.25640201568604,146,tx,2048,48000,1,pcm_s16le,1024,0.0013263225555419922
1778636063.506555,310.28411316871643,147,tx,2048,48000,1,pcm_s16le,1024,0.027711153030395508
1778636063.537533,310.3150911331177,148,tx,2048,48000,1,pcm_s16le,1024,0.030977964401245117
1778636063.5665083,310.34406638145447,149,tx,2048,48000,1,pcm_s16le,1024,0.028975248336791992
1778636063.5675454,310.34510350227356,150,tx,2048,48000,1,pcm_s16le,1024,0.0010371208190917969
1778636063.574691,310.3522491455078,1819,rx,2730,16000,1,pcm_u8,2730,0.16254281997680664
1778636063.59556,310.37311816215515,151,tx,2048,48000,1,pcm_s16le,1024,0.028014659881591797
1778636063.6250198,310.4025778770447,152,tx,2048,48000,1,pcm_s16le,1024,0.029459714889526367
1778636063.6556447,310.4332027435303,153,tx,2048,48000,1,pcm_s16le,1024,0.030624866485595703
1778636063.6568851,310.43444323539734,154,tx,2048,48000,1,pcm_s16le,1024,0.0012404918670654297
1778636063.6865697,310.46412777900696,155,tx,2048,48000,1,pcm_s16le,1024,0.02968454360961914
1778636063.7151754,310.49273347854614,156,tx,2048,48000,1,pcm_s16le,1024,0.02860569953918457
1778636063.7176545,310.49521255493164,157,tx,2048,48000,1,pcm_s16le,1024,0.002479076385498047
1778636063.7443607,310.5219187736511,158,tx,2048,48000,1,pcm_s16le,1024,0.026706218719482422
1778636063.7464237,310.5239818096161,1820,rx,2730,16000,1,pcm_u8,2730,0.17173266410827637
1778636063.7768364,310.5543944835663,159,tx,2048,48000,1,pcm_s16le,1024,0.03247570991516113
1778636063.8058777,310.5834357738495,160,tx,2048,48000,1,pcm_s16le,1024,0.029041290283203125
1778636063.806644,310.5842020511627,161,tx,2048,48000,1,pcm_s16le,1024,0.0007662773132324219
1778636063.8341308,310.6116888523102,162,tx,2048,48000,1,pcm_s16le,1024,0.027486801147460938
1778636063.863026,310.6405839920044,163,tx,2048,48000,1,pcm_s16le,1024,0.028895139694213867
1778636063.8641,310.64165806770325,164,tx,2048,48000,1,pcm_s16le,1024,0.001074075698852539
1778636063.8928127,310.67037081718445,165,tx,2048,48000,1,pcm_s16le,1024,0.028712749481201172
1778636063.917961,310.6955189704895,1821,rx,2730,16000,1,pcm_u8,2730,0.17153716087341309
1778636063.9216363,310.69919443130493,166,tx,2048,48000,1,pcm_s16le,1024,0.0288236141204834
1778636063.9512641,310.7288222312927,167,tx,2048,48000,1,pcm_s16le,1024,0.02962779998779297
1778636063.9547093,310.73226737976074,168,tx,2048,48000,1,pcm_s16le,1024,0.003445148468017578
1778636063.981176,310.7587339878082,169,tx,2048,48000,1,pcm_s16le,1024,0.02646660804748535
1778636064.0100443,310.7876024246216,170,tx,2048,48000,1,pcm_s16le,1024,0.028868436813354492
1778636064.0111313,310.7886893749237,171,tx,2048,48000,1,pcm_s16le,1024,0.0010869503021240234
1778636064.0403488,310.81790685653687,172,tx,2048,48000,1,pcm_s16le,1024,0.02921748161315918
1778636064.06974,310.8472981452942,173,tx,2048,48000,1,pcm_s16le,1024,0.02939128875732422
1778636064.085545,310.8631031513214,1822,rx,2730,16000,1,pcm_u8,2730,0.16758418083190918
1778636064.0993018,310.87685990333557,174,tx,2048,48000,1,pcm_s16le,1024,0.029561758041381836
1778636064.1001484,310.87770652770996,175,tx,2048,48000,1,pcm_s16le,1024,0.0008466243743896484
1778636064.1291797,310.90673780441284,176,tx,2048,48000,1,pcm_s16le,1024,0.02903127670288086
1778636064.159265,310.93682312965393,177,tx,2048,48000,1,pcm_s16le,1024,0.030085325241088867
1778636064.1887162,310.9662742614746,178,tx,2048,48000,1,pcm_s16le,1024,0.02945113182067871
1778636064.1893382,310.9668962955475,179,tx,2048,48000,1,pcm_s16le,1024,0.0006220340728759766
1778636064.2179196,310.9954776763916,180,tx,2048,48000,1,pcm_s16le,1024,0.02858138084411621
1778636064.2483375,311.02589559555054,181,tx,2048,48000,1,pcm_s16le,1024,0.030417919158935547
1778636064.2488844,311.026442527771,182,tx,2048,48000,1,pcm_s16le,1024,0.0005469322204589844
1778636064.2579298,311.03548789024353,1823,rx,2730,16000,1,pcm_u8,2730,0.17238473892211914
1778636064.277066,311.05462408065796,183,tx,2048,48000,1,pcm_s16le,1024,0.02818155288696289
1778636064.306543,311.08410120010376,184,tx,2048,48000,1,pcm_s16le,1024,0.02947711944580078
1778636064.3356435,311.1132016181946,185,tx,2048,48000,1,pcm_s16le,1024,0.029100418090820312
1778636064.3366299,311.1141879558563,186,tx,2048,48000,1,pcm_s16le,1024,0.000986337661743164
1778636064.3645787,311.1421368122101,187,tx,2048,48000,1,pcm_s16le,1024,0.027948856353759766
1778636064.3939805,311.1715385913849,188,tx,2048,48000,1,pcm_s16le,1024,0.029401779174804688
1778636064.3945704,311.1721284389496,189,tx,2048,48000,1,pcm_s16le,1024,0.0005898475646972656
1778636064.423695,311.2012531757355,190,tx,2048,48000,1,pcm_s16le,1024,0.029124736785888672
1778636064.4284236,311.2059817314148,1824,rx,2730,16000,1,pcm_u8,2730,0.17049384117126465
1778636064.4526448,311.2302029132843,191,tx,2048,48000,1,pcm_s16le,1024,0.028949737548828125
1778636064.4821632,311.2597212791443,192,tx,2048,48000,1,pcm_s16le,1024,0.02951836585998535
1778636064.4829962,311.26055431365967,193,tx,2048,48000,1,pcm_s16le,1024,0.0008330345153808594
1778636064.5115683,311.2891263961792,194,tx,2048,48000,1,pcm_s16le,1024,0.02857208251953125
1778636064.5414007,311.31895875930786,195,tx,2048,48000,1,pcm_s16le,1024,0.02983236312866211
1778636064.5706832,311.3482413291931,196,tx,2048,48000,1,pcm_s16le,1024,0.029282569885253906
1778636064.5713522,311.3489103317261,197,tx,2048,48000,1,pcm_s16le,1024,0.0006690025329589844
1778636064.5977468,311.37530493736267,198,tx,2048,48000,1,pcm_s16le,1024,0.02639460563659668
1778636064.6024327,311.37999081611633,1825,rx,2730,16000,1,pcm_u8,2730,0.17400908470153809
1778636064.6272726,311.4048306941986,199,tx,2048,48000,1,pcm_s16le,1024,0.0295257568359375
1778636064.6563547,311.43391275405884,200,tx,2048,48000,1,pcm_s16le,1024,0.029082059860229492
1778636064.6569786,311.43453669548035,201,tx,2048,48000,1,pcm_s16le,1024,0.0006239414215087891
1778636064.6857991,311.4633572101593,202,tx,2048,48000,1,pcm_s16le,1024,0.028820514678955078
1778636064.7144551,311.4920132160187,203,tx,2048,48000,1,pcm_s16le,1024,0.028656005859375
1778636064.7150328,311.49259090423584,204,tx,2048,48000,1,pcm_s16le,1024,0.0005776882171630859
1778636064.7443118,311.5218698978424,205,tx,2048,48000,1,pcm_s16le,1024,0.029278993606567383
1778636064.7706137,311.54817175865173,1826,rx,2730,16000,1,pcm_u8,2730,0.1681809425354004
1778636064.7729328,311.55049085617065,206,tx,2048,48000,1,pcm_s16le,1024,0.02862095832824707
1778636064.8027792,311.5803372859955,207,tx,2048,48000,1,pcm_s16le,1024,0.0298464298248291
1778636064.8039937,311.5815517902374,208,tx,2048,48000,1,pcm_s16le,1024,0.0012145042419433594
1778636064.8314161,311.60897421836853,209,tx,2048,48000,1,pcm_s16le,1024,0.027422428131103516
1778636064.860719,311.638277053833,210,tx,2048,48000,1,pcm_s16le,1024,0.02930283546447754
1778636064.8898852,311.66744327545166,211,tx,2048,48000,1,pcm_s16le,1024,0.029166221618652344
1778636064.8906152,311.66817331314087,212,tx,2048,48000,1,pcm_s16le,1024,0.0007300376892089844
1778636064.9199607,311.697518825531,213,tx,2048,48000,1,pcm_s16le,1024,0.02934551239013672
1778636064.940963,311.71852111816406,1827,rx,2730,16000,1,pcm_u8,2730,0.1703493595123291
1778636064.9494238,311.72698187828064,214,tx,2048,48000,1,pcm_s16le,1024,0.02946305274963379
1778636064.9509635,311.7285215854645,215,tx,2048,48000,1,pcm_s16le,1024,0.0015397071838378906
1778636064.9785264,311.7560844421387,216,tx,2048,48000,1,pcm_s16le,1024,0.027562856674194336
1778636065.0087445,311.7863025665283,217,tx,2048,48000,1,pcm_s16le,1024,0.030218124389648438
1778636065.0383995,311.81595754623413,218,tx,2048,48000,1,pcm_s16le,1024,0.029654979705810547
1778636065.0397978,311.81735587120056,219,tx,2048,48000,1,pcm_s16le,1024,0.001398324966430664
1778636065.0677485,311.84530663490295,220,tx,2048,48000,1,pcm_s16le,1024,0.027950763702392578
1778636065.0971906,311.8747487068176,221,tx,2048,48000,1,pcm_s16le,1024,0.02944207191467285
1778636065.1118011,311.88935923576355,1828,rx,2730,16000,1,pcm_u8,2730,0.1708381175994873
1778636065.126919,311.9044771194458,222,tx,2048,48000,1,pcm_s16le,1024,0.029728412628173828
1778636065.1276622,311.90522027015686,223,tx,2048,48000,1,pcm_s16le,1024,0.0007431507110595703
1778636065.1572142,311.9347722530365,224,tx,2048,48000,1,pcm_s16le,1024,0.029551982879638672
1778636065.1888404,311.9663984775543,225,tx,2048,48000,1,pcm_s16le,1024,0.031626224517822266
1778636065.1904728,311.96803092956543,226,tx,2048,48000,1,pcm_s16le,1024,0.0016324520111083984
1778636065.2161984,311.99375653266907,227,tx,2048,48000,1,pcm_s16le,1024,0.025725603103637695
1778636065.2453673,312.0229253768921,228,tx,2048,48000,1,pcm_s16le,1024,0.02916884422302246
1778636065.2765858,312.05414390563965,229,tx,2048,48000,1,pcm_s16le,1024,0.031218528747558594
1778636065.2773485,312.0549066066742,230,tx,2048,48000,1,pcm_s16le,1024,0.0007627010345458984
1778636065.2812357,312.05879378318787,1829,rx,2730,16000,1,pcm_u8,2730,0.1694345474243164
1778636065.3049123,312.0824704170227,231,tx,2048,48000,1,pcm_s16le,1024,0.027563810348510742
1778636065.3346074,312.1121654510498,232,tx,2048,48000,1,pcm_s16le,1024,0.02969503402709961
1778636065.3622465,312.1398046016693,233,tx,2048,48000,1,pcm_s16le,1024,0.027639150619506836
1778636065.3634207,312.1409788131714,234,tx,2048,48000,1,pcm_s16le,1024,0.0011742115020751953
1778636065.3917265,312.16928458213806,235,tx,2048,48000,1,pcm_s16le,1024,0.028305768966674805
1778636065.4217563,312.1993143558502,236,tx,2048,48000,1,pcm_s16le,1024,0.030029773712158203
1778636065.4234097,312.2009677886963,237,tx,2048,48000,1,pcm_s16le,1024,0.001653432846069336
1778636065.4514892,312.2290472984314,238,tx,2048,48000,1,pcm_s16le,1024,0.028079509735107422
1778636065.456165,312.23372316360474,1830,rx,2730,16000,1,pcm_u8,2730,0.17492938041687012
1778636065.4813964,312.2589545249939,239,tx,2048,48000,1,pcm_s16le,1024,0.0299072265625
1778636065.5114245,312.288982629776,240,tx,2048,48000,1,pcm_s16le,1024,0.030028104782104492
1778636065.5154612,312.29301929473877,241,tx,2048,48000,1,pcm_s16le,1024,0.004036664962768555
1778636065.540112,312.3176701068878,242,tx,2048,48000,1,pcm_s16le,1024,0.02465081214904785
1778636065.5697799,312.3473379611969,243,tx,2048,48000,1,pcm_s16le,1024,0.02966785430908203
1778636065.5703237,312.34788179397583,244,tx,2048,48000,1,pcm_s16le,1024,0.0005438327789306641
1778636065.5997193,312.3772773742676,245,tx,2048,48000,1,pcm_s16le,1024,0.029395580291748047
1778636065.6284032,312.4059612751007,1831,rx,2730,16000,1,pcm_u8,2730,0.17223811149597168
1778636065.6298857,312.40744376182556,246,tx,2048,48000,1,pcm_s16le,1024,0.0301663875579834
1778636065.6593683,312.4369263648987,247,tx,2048,48000,1,pcm_s16le,1024,0.029482603073120117
1778636065.661155,312.43871307373047,248,tx,2048,48000,1,pcm_s16le,1024,0.0017867088317871094
1778636065.6890929,312.4666509628296,249,tx,2048,48000,1,pcm_s16le,1024,0.027937889099121094
1778636065.7179532,312.49551129341125,250,tx,2048,48000,1,pcm_s16le,1024,0.02886033058166504
1778636065.7185967,312.49615478515625,251,tx,2048,48000,1,pcm_s16le,1024,0.0006434917449951172
1778636065.7472434,312.52480149269104,252,tx,2048,48000,1,pcm_s16le,1024,0.02864670753479004
1778636065.7767704,312.5543284416199,253,tx,2048,48000,1,pcm_s16le,1024,0.029526948928833008
1778636065.7971559,312.5747139453888,1832,rx,2730,16000,1,pcm_u8,2730,0.16875267028808594
1778636065.8055823,312.58314037323,254,tx,2048,48000,1,pcm_s16le,1024,0.028811931610107422
1778636065.8068113,312.58436942100525,255,tx,2048,48000,1,pcm_s16le,1024,0.0012290477752685547
1778636065.8351314,312.61268949508667,256,tx,2048,48000,1,pcm_s16le,1024,0.0283200740814209
1778636065.8650334,312.64259147644043,257,tx,2048,48000,1,pcm_s16le,1024,0.029901981353759766
1778636065.9051008,312.68265891075134,258,tx,2048,48000,1,pcm_s16le,1024,0.040067434310913086
1778636065.90611,312.6836681365967,259,tx,2048,48000,1,pcm_s16le,1024,0.001009225845336914
1778636065.9242597,312.7018177509308,260,tx,2048,48000,1,pcm_s16le,1024,0.018149614334106445
1778636065.9533746,312.73093271255493,261,tx,2048,48000,1,pcm_s16le,1024,0.029114961624145508
1778636065.9540386,312.73159670829773,262,tx,2048,48000,1,pcm_s16le,1024,0.0006639957427978516
1778636065.9655802,312.74313831329346,1833,rx,2730,16000,1,pcm_u8,2730,0.16842436790466309
1778636065.982464,312.7600221633911,263,tx,2048,48000,1,pcm_s16le,1024,0.02842545509338379
1778636066.012366,312.7899241447449,264,tx,2048,48000,1,pcm_s16le,1024,0.029901981353759766
1778636066.0421748,312.8197329044342,265,tx,2048,48000,1,pcm_s16le,1024,0.029808759689331055
1778636066.0428243,312.8203823566437,266,tx,2048,48000,1,pcm_s16le,1024,0.0006494522094726562
1778636066.0713456,312.84890365600586,267,tx,2048,48000,1,pcm_s16le,1024,0.028521299362182617
1778636066.0983264,312.87588453292847,268,tx,2048,48000,1,pcm_s16le,1024,0.026980876922607422
1778636066.1283371,312.9058952331543,269,tx,2048,48000,1,pcm_s16le,1024,0.030010700225830078
1778636066.1293035,312.9068615436554,270,tx,2048,48000,1,pcm_s16le,1024,0.0009663105010986328
1778636066.1331542,312.91071224212646,1834,rx,2730,16000,1,pcm_u8,2730,0.1675739288330078
1778636066.1587305,312.9362885951996,271,tx,2048,48000,1,pcm_s16le,1024,0.029427051544189453
1778636066.1880522,312.9656102657318,272,tx,2048,48000,1,pcm_s16le,1024,0.029321670532226562
1778636066.18867,312.96622800827026,273,tx,2048,48000,1,pcm_s16le,1024,0.0006177425384521484
1778636066.2165327,312.99409079551697,274,tx,2048,48000,1,pcm_s16le,1024,0.0278627872467041
1778636066.2457862,313.02334427833557,275,tx,2048,48000,1,pcm_s16le,1024,0.029253482818603516
1778636066.275542,313.05310010910034,276,tx,2048,48000,1,pcm_s16le,1024,0.029755830764770508
1778636066.2762396,313.0537977218628,277,tx,2048,48000,1,pcm_s16le,1024,0.0006976127624511719
1778636066.3052313,313.08278942108154,1835,rx,2730,16000,1,pcm_u8,2730,0.17207717895507812
1778636066.3059046,313.0834627151489,278,tx,2048,48000,1,pcm_s16le,1024,0.029664993286132812
1778636066.3338091,313.111367225647,279,tx,2048,48000,1,pcm_s16le,1024,0.027904510498046875
1778636066.363678,313.14123606681824,280,tx,2048,48000,1,pcm_s16le,1024,0.02986884117126465
1778636066.3646374,313.14219546318054,281,tx,2048,48000,1,pcm_s16le,1024,0.0009593963623046875
1778636066.3921247,313.16968274116516,282,tx,2048,48000,1,pcm_s16le,1024,0.02748727798461914
1778636066.4214358,313.1989939212799,283,tx,2048,48000,1,pcm_s16le,1024,0.029311180114746094
1778636066.4225185,313.2000765800476,284,tx,2048,48000,1,pcm_s16le,1024,0.0010826587677001953
1778636066.4506605,313.22821855545044,285,tx,2048,48000,1,pcm_s16le,1024,0.02814197540283203
1778636066.4726856,313.25024366378784,1836,rx,2730,16000,1,pcm_u8,2730,0.16745424270629883
1778636066.4805205,313.2580785751343,286,tx,2048,48000,1,pcm_s16le,1024,0.02986001968383789
1778636066.5100024,313.28756046295166,287,tx,2048,48000,1,pcm_s16le,1024,0.029481887817382812
1778636066.5115469,313.2891049385071,288,tx,2048,48000,1,pcm_s16le,1024,0.0015444755554199219
1778636066.5390234,313.31658148765564,289,tx,2048,48000,1,pcm_s16le,1024,0.02747654914855957
1778636066.568519,313.3460772037506,290,tx,2048,48000,1,pcm_s16le,1024,0.029495716094970703
1778636066.59848,313.3760380744934,291,tx,2048,48000,1,pcm_s16le,1024,0.02996087074279785
1778636066.599921,313.3774790763855,292,tx,2048,48000,1,pcm_s16le,1024,0.0014410018920898438
1778636066.627261,313.40481901168823,293,tx,2048,48000,1,pcm_s16le,1024,0.027339935302734375
1778636066.648826,313.42638397216797,1837,rx,2730,16000,1,pcm_u8,2730,0.17614030838012695
1778636066.656865,313.4344229698181,294,tx,2048,48000,1,pcm_s16le,1024,0.029603958129882812
1778636066.6579592,313.4355173110962,295,tx,2048,48000,1,pcm_s16le,1024,0.0010943412780761719
1778636066.6861908,313.46374893188477,296,tx,2048,48000,1,pcm_s16le,1024,0.02823162078857422
1778636066.7160418,313.4935998916626,297,tx,2048,48000,1,pcm_s16le,1024,0.02985095977783203
1778636066.7457764,313.5233345031738,298,tx,2048,48000,1,pcm_s16le,1024,0.02973461151123047
1778636066.7464724,313.5240304470062,299,tx,2048,48000,1,pcm_s16le,1024,0.0006959438323974609
1778636066.7742374,313.5517954826355,300,tx,2048,48000,1,pcm_s16le,1024,0.02776503562927246
1778636066.8064573,313.5840153694153,301,tx,2048,48000,1,pcm_s16le,1024,0.032219886779785156
1778636066.8164234,313.5939815044403,1838,rx,2730,16000,1,pcm_u8,2730,0.16759753227233887
1778636066.833296,313.61085414886475,302,tx,2048,48000,1,pcm_s16le,1024,0.02683877944946289
1778636066.8340423,313.61160039901733,303,tx,2048,48000,1,pcm_s16le,1024,0.0007462501525878906
1778636066.8621707,313.63972878456116,304,tx,2048,48000,1,pcm_s16le,1024,0.028128385543823242
1778636066.8936372,313.671195268631,305,tx,2048,48000,1,pcm_s16le,1024,0.03146648406982422
1778636066.8948529,313.6724109649658,306,tx,2048,48000,1,pcm_s16le,1024,0.0012156963348388672
1778636066.9225445,313.70010256767273,307,tx,2048,48000,1,pcm_s16le,1024,0.02769160270690918
1778636066.9517941,313.72935223579407,308,tx,2048,48000,1,pcm_s16le,1024,0.02924966812133789
1778636066.9815176,313.7590756416321,309,tx,2048,48000,1,pcm_s16le,1024,0.029723405838012695
1778636066.9844728,313.76203083992004,310,tx,2048,48000,1,pcm_s16le,1024,0.002955198287963867
1778636066.9853382,313.7628962993622,1839,rx,2730,16000,1,pcm_u8,2730,0.168914794921875
1778636067.0112793,313.7888374328613,311,tx,2048,48000,1,pcm_s16le,1024,0.02680659294128418
1778636067.0422845,313.8198425769806,312,tx,2048,48000,1,pcm_s16le,1024,0.031005144119262695
1778636067.043016,313.8205740451813,313,tx,2048,48000,1,pcm_s16le,1024,0.0007314682006835938
1778636067.0710976,313.8486557006836,314,tx,2048,48000,1,pcm_s16le,1024,0.028081655502319336
1778636067.1004612,313.87801933288574,315,tx,2048,48000,1,pcm_s16le,1024,0.029363632202148438
1778636067.1306598,313.9082179069519,316,tx,2048,48000,1,pcm_s16le,1024,0.03019857406616211
1778636067.131848,313.90940618515015,317,tx,2048,48000,1,pcm_s16le,1024,0.0011882781982421875
1778636067.1580698,313.9356279373169,1840,rx,2730,16000,1,pcm_u8,2730,0.17273163795471191
1778636067.160038,313.9375960826874,318,tx,2048,48000,1,pcm_s16le,1024,0.028189897537231445
1778636067.1896899,313.96724796295166,319,tx,2048,48000,1,pcm_s16le,1024,0.029651880264282227
1778636067.190662,313.96821999549866,320,tx,2048,48000,1,pcm_s16le,1024,0.0009720325469970703
1778636067.219638,313.99719619750977,321,tx,2048,48000,1,pcm_s16le,1024,0.0289762020111084
1778636067.2494314,314.02698945999146,322,tx,2048,48000,1,pcm_s16le,1024,0.029793262481689453
1778636067.2778938,314.0554518699646,323,tx,2048,48000,1,pcm_s16le,1024,0.02846240997314453
1778636067.278541,314.05609917640686,324,tx,2048,48000,1,pcm_s16le,1024,0.0006473064422607422
1778636067.3071084,314.0846664905548,325,tx,2048,48000,1,pcm_s16le,1024,0.02856731414794922
1778636067.3292217,314.1067798137665,1841,rx,2730,16000,1,pcm_u8,2730,0.17115187644958496
1778636067.3368838,314.11444187164307,326,tx,2048,48000,1,pcm_s16le,1024,0.029775381088256836
1778636067.3659806,314.1435387134552,327,tx,2048,48000,1,pcm_s16le,1024,0.02909684181213379
1778636067.3666105,314.1441686153412,328,tx,2048,48000,1,pcm_s16le,1024,0.0006299018859863281
1778636067.39608,314.17363810539246,329,tx,2048,48000,1,pcm_s16le,1024,0.02946949005126953
1778636067.4257965,314.2033545970917,330,tx,2048,48000,1,pcm_s16le,1024,0.02971649169921875
1778636067.4264452,314.2040033340454,331,tx,2048,48000,1,pcm_s16le,1024,0.0006487369537353516
1778636067.4551532,314.23271131515503,332,tx,2048,48000,1,pcm_s16le,1024,0.02870798110961914
1778636067.4846559,314.2622139453888,333,tx,2048,48000,1,pcm_s16le,1024,0.02950263023376465
1778636067.5064838,314.2840418815613,1842,rx,2730,16000,1,pcm_u8,2730,0.1772620677947998
1778636067.5140862,314.2916443347931,334,tx,2048,48000,1,pcm_s16le,1024,0.029430389404296875
1778636067.5147066,314.2922646999359,335,tx,2048,48000,1,pcm_s16le,1024,0.0006203651428222656
1778636067.5434144,314.32097244262695,336,tx,2048,48000,1,pcm_s16le,1024,0.02870774269104004
1778636067.5728152,314.35037326812744,337,tx,2048,48000,1,pcm_s16le,1024,0.02940082550048828
1778636067.5741107,314.3516688346863,338,tx,2048,48000,1,pcm_s16le,1024,0.0012955665588378906
1778636067.5986714,314.3762295246124,339,tx,2048,48000,1,pcm_s16le,1024,0.02456068992614746
1778636067.6285903,314.4061484336853,340,tx,2048,48000,1,pcm_s16le,1024,0.029918909072875977
1778636067.657758,314.43531608581543,341,tx,2048,48000,1,pcm_s16le,1024,0.029167652130126953
1778636067.6692631,314.44682121276855,1843,rx,2730,16000,1,pcm_u8,2730,0.1627793312072754
1778636067.6873262,314.46488428115845,342,tx,2048,48000,1,pcm_s16le,1024,0.029568195343017578
1778636067.6880362,314.465594291687,343,tx,2048,48000,1,pcm_s16le,1024,0.0007100105285644531
1778636067.7165775,314.49413561820984,344,tx,2048,48000,1,pcm_s16le,1024,0.02854132652282715
1778636067.7462077,314.5237658023834,345,tx,2048,48000,1,pcm_s16le,1024,0.029630184173583984
1778636067.7471108,314.52466893196106,346,tx,2048,48000,1,pcm_s16le,1024,0.0009031295776367188
1778636067.7760887,314.5536468029022,347,tx,2048,48000,1,pcm_s16le,1024,0.02897787094116211
1778636067.8060522,314.5836102962494,348,tx,2048,48000,1,pcm_s16le,1024,0.02996349334716797
1778636067.8363228,314.61388087272644,349,tx,2048,48000,1,pcm_s16le,1024,0.03027057647705078
1778636067.8372986,314.6148567199707,350,tx,2048,48000,1,pcm_s16le,1024,0.0009758472442626953
1778636067.8403516,314.6179096698761,1844,rx,2730,16000,1,pcm_u8,2730,0.17108845710754395
1778636067.8659382,314.6434962749481,351,tx,2048,48000,1,pcm_s16le,1024,0.028639554977416992
1778636067.8952184,314.6727764606476,352,tx,2048,48000,1,pcm_s16le,1024,0.02928018569946289
1778636067.8958385,314.6733965873718,353,tx,2048,48000,1,pcm_s16le,1024,0.0006201267242431641
1778636067.925358,314.7029161453247,354,tx,2048,48000,1,pcm_s16le,1024,0.02951955795288086
1778636067.954905,314.7324631214142,355,tx,2048,48000,1,pcm_s16le,1024,0.02954697608947754
1778636067.9836688,314.7612268924713,356,tx,2048,48000,1,pcm_s16le,1024,0.028763771057128906
1778636067.9842896,314.7618477344513,357,tx,2048,48000,1,pcm_s16le,1024,0.0006208419799804688
1778636068.016487,314.79404497146606,1845,rx,2730,16000,1,pcm_u8,2730,0.17613530158996582
1778636068.0192602,314.7968182563782,358,tx,2048,48000,1,pcm_s16le,1024,0.03497052192687988
1778636068.0444207,314.82197880744934,359,tx,2048,48000,1,pcm_s16le,1024,0.025160551071166992
1778636068.0456374,314.8231954574585,360,tx,2048,48000,1,pcm_s16le,1024,0.0012166500091552734
1778636068.0734842,314.8510422706604,361,tx,2048,48000,1,pcm_s16le,1024,0.027846813201904297
1778636068.1029022,314.8804602622986,362,tx,2048,48000,1,pcm_s16le,1024,0.029417991638183594
1778636068.132519,314.91007709503174,363,tx,2048,48000,1,pcm_s16le,1024,0.029616832733154297
1778636068.13343,314.9109880924225,364,tx,2048,48000,1,pcm_s16le,1024,0.0009109973907470703
1778636068.1621792,314.9397373199463,365,tx,2048,48000,1,pcm_s16le,1024,0.02874922752380371
1778636068.1823866,314.9599447250366,1846,rx,2730,16000,1,pcm_u8,2730,0.16589975357055664
1778636068.192084,314.969642162323,366,tx,2048,48000,1,pcm_s16le,1024,0.029904842376708984
1778636068.1927912,314.9703493118286,367,tx,2048,48000,1,pcm_s16le,1024,0.0007071495056152344
1778636068.2221155,314.9996736049652,368,tx,2048,48000,1,pcm_s16le,1024,0.02932429313659668
1778636068.2508552,315.02841329574585,369,tx,2048,48000,1,pcm_s16le,1024,0.02873969078063965
1778636068.2805486,315.0581066608429,370,tx,2048,48000,1,pcm_s16le,1024,0.0296933650970459
1778636068.281688,315.0592460632324,371,tx,2048,48000,1,pcm_s16le,1024,0.0011394023895263672
1778636068.309813,315.08737111091614,372,tx,2048,48000,1,pcm_s16le,1024,0.02812504768371582
1778636068.3393877,315.1169457435608,373,tx,2048,48000,1,pcm_s16le,1024,0.02957463264465332
1778636068.3541865,315.1317446231842,1847,rx,2730,16000,1,pcm_u8,2730,0.171799898147583
1778636068.3690023,315.14656043052673,374,tx,2048,48000,1,pcm_s16le,1024,0.029614686965942383
1778636068.3698206,315.1473786830902,375,tx,2048,48000,1,pcm_s16le,1024,0.0008182525634765625
1778636068.3976114,315.175169467926,376,tx,2048,48000,1,pcm_s16le,1024,0.02779078483581543
1778636068.4279418,315.20549988746643,377,tx,2048,48000,1,pcm_s16le,1024,0.030330419540405273
1778636068.4285374,315.206095457077,378,tx,2048,48000,1,pcm_s16le,1024,0.0005955696105957031
1778636068.4577525,315.2353105545044,379,tx,2048,48000,1,pcm_s16le,1024,0.029215097427368164
1778636068.487016,315.2645740509033,380,tx,2048,48000,1,pcm_s16le,1024,0.02926349639892578
1778636068.5166118,315.2941699028015,381,tx,2048,48000,1,pcm_s16le,1024,0.02959585189819336
1778636068.5177317,315.29528975486755,382,tx,2048,48000,1,pcm_s16le,1024,0.001119852066040039
1778636068.5207353,315.2982933521271,1848,rx,2730,16000,1,pcm_u8,2730,0.1665487289428711
1778636068.5464528,315.324010848999,383,tx,2048,48000,1,pcm_s16le,1024,0.028721094131469727
1778636068.5765877,315.35414576530457,384,tx,2048,48000,1,pcm_s16le,1024,0.030134916305541992
1778636068.5772989,315.354856967926,385,tx,2048,48000,1,pcm_s16le,1024,0.0007112026214599609
1778636068.6065276,315.3840856552124,386,tx,2048,48000,1,pcm_s16le,1024,0.029228687286376953
1778636068.6370692,315.4146273136139,387,tx,2048,48000,1,pcm_s16le,1024,0.030541658401489258
1778636068.6654818,315.443039894104,388,tx,2048,48000,1,pcm_s16le,1024,0.028412580490112305
1778636068.666699,315.4442570209503,389,tx,2048,48000,1,pcm_s16le,1024,0.0012171268463134766
1778636068.6954212,315.4729793071747,390,tx,2048,48000,1,pcm_s16le,1024,0.028722286224365234
1778636068.7002356,315.4777936935425,1849,rx,2730,16000,1,pcm_u8,2730,0.17950034141540527
1778636068.7249403,315.5024983882904,391,tx,2048,48000,1,pcm_s16le,1024,0.029519081115722656
1778636068.7554615,315.5330195426941,392,tx,2048,48000,1,pcm_s16le,1024,0.030521154403686523
1778636068.756477,315.53403520584106,393,tx,2048,48000,1,pcm_s16le,1024,0.0010156631469726562
1778636068.783901,315.56145906448364,394,tx,2048,48000,1,pcm_s16le,1024,0.027423858642578125
1778636068.814505,315.59206318855286,395,tx,2048,48000,1,pcm_s16le,1024,0.030604124069213867
1778636068.8152397,315.59279775619507,396,tx,2048,48000,1,pcm_s16le,1024,0.0007345676422119141
1778636068.8445108,315.6220688819885,397,tx,2048,48000,1,pcm_s16le,1024,0.02927112579345703
1778636068.8645544,315.642112493515,1850,rx,2730,16000,1,pcm_u8,2730,0.16431879997253418
1778636068.8712559,315.6488139629364,398,tx,2048,48000,1,pcm_s16le,1024,0.026745080947875977
1778636068.9004433,315.6780014038086,399,tx,2048,48000,1,pcm_s16le,1024,0.029187440872192383
1778636068.90144,315.67899799346924,400,tx,2048,48000,1,pcm_s16le,1024,0.0009965896606445312
1778636068.930349,315.7079071998596,401,tx,2048,48000,1,pcm_s16le,1024,0.02890920639038086
1778636068.9597764,315.7373344898224,402,tx,2048,48000,1,pcm_s16le,1024,0.029427289962768555
1778636068.9608123,315.7383704185486,403,tx,2048,48000,1,pcm_s16le,1024,0.001035928726196289
1778636068.9888105,315.7663686275482,404,tx,2048,48000,1,pcm_s16le,1024,0.02799820899963379
1778636069.0182505,315.7958085536957,405,tx,2048,48000,1,pcm_s16le,1024,0.029439926147460938
1778636069.032073,315.80963110923767,1851,rx,2730,16000,1,pcm_u8,2730,0.16751861572265625
1778636069.0487509,315.826308965683,406,tx,2048,48000,1,pcm_s16le,1024,0.030500411987304688
1778636069.0496273,315.82718539237976,407,tx,2048,48000,1,pcm_s16le,1024,0.0008764266967773438
1778636069.0780454,315.8556034564972,408,tx,2048,48000,1,pcm_s16le,1024,0.02841806411743164
1778636069.1080375,315.88559556007385,409,tx,2048,48000,1,pcm_s16le,1024,0.029992103576660156
1778636069.1371298,315.914687871933,410,tx,2048,48000,1,pcm_s16le,1024,0.02909231185913086
1778636069.1377976,315.91535568237305,411,tx,2048,48000,1,pcm_s16le,1024,0.0006678104400634766
1778636069.1669242,315.94448232650757,412,tx,2048,48000,1,pcm_s16le,1024,0.029126644134521484
1778636069.1972306,315.9747886657715,413,tx,2048,48000,1,pcm_s16le,1024,0.030306339263916016
1778636069.1986885,315.9762465953827,414,tx,2048,48000,1,pcm_s16le,1024,0.0014579296112060547
1778636069.2259922,316.0035502910614,415,tx,2048,48000,1,pcm_s16le,1024,0.027303695678710938
1778636069.2410111,316.0185692310333,1852,rx,2730,16000,1,pcm_u8,2730,0.2089381217956543
1778636069.2558303,316.03338837623596,416,tx,2048,48000,1,pcm_s16le,1024,0.029838085174560547
1778636069.2849872,316.06254529953003,417,tx,2048,48000,1,pcm_s16le,1024,0.029156923294067383
1778636069.2859013,316.0634593963623,418,tx,2048,48000,1,pcm_s16le,1024,0.0009140968322753906
1778636069.3147147,316.0922727584839,419,tx,2048,48000,1,pcm_s16le,1024,0.02881336212158203
1778636069.3440473,316.12160539627075,420,tx,2048,48000,1,pcm_s16le,1024,0.029332637786865234
1778636069.3447168,316.12227487564087,421,tx,2048,48000,1,pcm_s16le,1024,0.0006694793701171875
1778636069.373963,316.1515212059021,422,tx,2048,48000,1,pcm_s16le,1024,0.02924633026123047
1778636069.403619,316.1811771392822,423,tx,2048,48000,1,pcm_s16le,1024,0.029655933380126953
1778636069.4246833,316.20224142074585,1853,rx,2730,16000,1,pcm_u8,2730,0.18367218971252441
1778636069.4332848,316.2108428478241,424,tx,2048,48000,1,pcm_s16le,1024,0.029665708541870117
1778636069.4345863,316.2121443748474,425,tx,2048,48000,1,pcm_s16le,1024,0.0013015270233154297
1778636069.4633164,316.2408745288849,426,tx,2048,48000,1,pcm_s16le,1024,0.028730154037475586
1778636069.4930623,316.27062034606934,427,tx,2048,48000,1,pcm_s16le,1024,0.029745817184448242
1778636069.4940639,316.27162194252014,428,tx,2048,48000,1,pcm_s16le,1024,0.001001596450805664
1778636069.5230763,316.3006343841553,429,tx,2048,48000,1,pcm_s16le,1024,0.029012441635131836
1778636069.5499926,316.32755064964294,1854,rx,2730,16000,1,pcm_u8,2730,0.12530922889709473
1778636069.552473,316.3300311565399,430,tx,2048,48000,1,pcm_s16le,1024,0.029396772384643555
1778636069.5819306,316.35948872566223,431,tx,2048,48000,1,pcm_s16le,1024,0.029457569122314453
1778636069.5826576,316.3602156639099,432,tx,2048,48000,1,pcm_s16le,1024,0.0007269382476806641
1778636069.6118045,316.38936257362366,433,tx,2048,48000,1,pcm_s16le,1024,0.029146909713745117
1778636069.6416714,316.4192295074463,434,tx,2048,48000,1,pcm_s16le,1024,0.029866933822631836
1778636069.6704168,316.4479749202728,435,tx,2048,48000,1,pcm_s16le,1024,0.028745412826538086
1778636069.6709473,316.4485054016113,436,tx,2048,48000,1,pcm_s16le,1024,0.0005304813385009766
1778636069.6998787,316.47743678092957,437,tx,2048,48000,1,pcm_s16le,1024,0.028931379318237305
1778636069.717214,316.49477219581604,1855,rx,2730,16000,1,pcm_u8,2730,0.1672215461730957
1778636069.7295132,316.5070712566376,438,tx,2048,48000,1,pcm_s16le,1024,0.029634475708007812
1778636069.7300227,316.5075807571411,439,tx,2048,48000,1,pcm_s16le,1024,0.0005095005035400391
1778636069.7586422,316.5362002849579,440,tx,2048,48000,1,pcm_s16le,1024,0.02861952781677246
1778636069.788557,316.5661151409149,441,tx,2048,48000,1,pcm_s16le,1024,0.02991485595703125
1778636069.8182204,316.595778465271,442,tx,2048,48000,1,pcm_s16le,1024,0.0296633243560791
1778636069.8189442,316.59650230407715,443,tx,2048,48000,1,pcm_s16le,1024,0.0007238388061523438
1778636069.847549,316.625107049942,444,tx,2048,48000,1,pcm_s16le,1024,0.028604745864868164
1778636069.8764904,316.6540484428406,445,tx,2048,48000,1,pcm_s16le,1024,0.02894139289855957
1778636069.8857884,316.66334652900696,1856,rx,2730,16000,1,pcm_u8,2730,0.16857433319091797
1778636069.9055758,316.6831338405609,446,tx,2048,48000,1,pcm_s16le,1024,0.029085397720336914
1778636069.9061859,316.68374395370483,447,tx,2048,48000,1,pcm_s16le,1024,0.0006101131439208984
1778636069.934999,316.71255707740784,448,tx,2048,48000,1,pcm_s16le,1024,0.02881312370300293
1778636069.964346,316.74190402030945,449,tx,2048,48000,1,pcm_s16le,1024,0.029346942901611328
1778636069.9650338,316.74259185791016,450,tx,2048,48000,1,pcm_s16le,1024,0.0006878376007080078
1778636069.9943562,316.7719142436981,451,tx,2048,48000,1,pcm_s16le,1024,0.029322385787963867
1778636070.023507,316.8010652065277,452,tx,2048,48000,1,pcm_s16le,1024,0.029150962829589844
1778636070.0539088,316.83146691322327,453,tx,2048,48000,1,pcm_s16le,1024,0.03040170669555664
1778636070.0552628,316.832820892334,454,tx,2048,48000,1,pcm_s16le,1024,0.0013539791107177734
1778636070.0828912,316.86044931411743,455,tx,2048,48000,1,pcm_s16le,1024,0.027628421783447266
1778636070.1057212,316.8832793235779,1857,rx,2730,16000,1,pcm_u8,2730,0.21993279457092285
1778636070.1107259,316.8882839679718,456,tx,2048,48000,1,pcm_s16le,1024,0.027834653854370117
1778636070.1391537,316.916711807251,457,tx,2048,48000,1,pcm_s16le,1024,0.028427839279174805
1778636070.139609,316.91716718673706,458,tx,2048,48000,1,pcm_s16le,1024,0.0004553794860839844
1778636070.1691027,316.9466607570648,459,tx,2048,48000,1,pcm_s16le,1024,0.02949357032775879
1778636070.200206,316.9777641296387,460,tx,2048,48000,1,pcm_s16le,1024,0.03110337257385254
1778636070.2006001,316.9781582355499,461,tx,2048,48000,1,pcm_s16le,1024,0.0003941059112548828
1778636070.2290323,317.0065903663635,1858,rx,2730,16000,1,pcm_u8,2730,0.12331104278564453
1778636070.229198,317.006756067276,462,tx,2048,48000,1,pcm_s16le,1024,0.02859783172607422
1778636070.259147,317.03670501708984,463,tx,2048,48000,1,pcm_s16le,1024,0.029948949813842773
1778636070.289461,317.0670189857483,464,tx,2048,48000,1,pcm_s16le,1024,0.030313968658447266
1778636070.2907434,317.0683014392853,465,tx,2048,48000,1,pcm_s16le,1024,0.0012824535369873047
1778636070.3176634,317.0952215194702,466,tx,2048,48000,1,pcm_s16le,1024,0.026920080184936523
1778636070.3475976,317.12515568733215,467,tx,2048,48000,1,pcm_s16le,1024,0.029934167861938477
1778636070.34847,317.1260280609131,468,tx,2048,48000,1,pcm_s16le,1024,0.0008723735809326172
1778636070.376818,317.15437602996826,469,tx,2048,48000,1,pcm_s16le,1024,0.02834796905517578
1778636070.404709,317.1822671890259,1859,rx,2730,16000,1,pcm_u8,2730,0.17567682266235352
1778636070.4071178,317.18467593193054,470,tx,2048,48000,1,pcm_s16le,1024,0.030299901962280273
1778636070.437644,317.2152020931244,471,tx,2048,48000,1,pcm_s16le,1024,0.030526161193847656
1778636070.4384947,317.2160527706146,472,tx,2048,48000,1,pcm_s16le,1024,0.000850677490234375
1778636070.4683213,317.2458794116974,473,tx,2048,48000,1,pcm_s16le,1024,0.029826641082763672
1778636070.495279,317.2728371620178,474,tx,2048,48000,1,pcm_s16le,1024,0.02695775032043457
1778636070.524609,317.3021671772003,475,tx,2048,48000,1,pcm_s16le,1024,0.029330015182495117
1778636070.5254445,317.3030025959015,476,tx,2048,48000,1,pcm_s16le,1024,0.000835418701171875
1778636070.5547388,317.3322968482971,477,tx,2048,48000,1,pcm_s16le,1024,0.029294252395629883
1778636070.5693843,317.34694242477417,1860,rx,2730,16000,1,pcm_u8,2730,0.16467523574829102
1778636070.586682,317.36424016952515,478,tx,2048,48000,1,pcm_s16le,1024,0.031943321228027344
1778636070.5878494,317.3654074668884,479,tx,2048,48000,1,pcm_s16le,1024,0.00116729736328125
1778636070.609622,317.38718008995056,480,tx,2048,48000,1,pcm_s16le,1024,0.02177262306213379
1778636070.6391733,317.41673135757446,481,tx,2048,48000,1,pcm_s16le,1024,0.029551267623901367
1778636070.6685383,317.4460964202881,482,tx,2048,48000,1,pcm_s16le,1024,0.029365062713623047
1778636070.6693835,317.446941614151,483,tx,2048,48000,1,pcm_s16le,1024,0.0008451938629150391
1778636070.6981692,317.4757273197174,484,tx,2048,48000,1,pcm_s16le,1024,0.02878570556640625
1778636070.7273157,317.504873752594,485,tx,2048,48000,1,pcm_s16le,1024,0.029146432876586914
1778636070.7430284,317.5205864906311,1861,rx,2730,16000,1,pcm_u8,2730,0.1736440658569336
1778636070.7570133,317.53457140922546,486,tx,2048,48000,1,pcm_s16le,1024,0.029697656631469727
1778636070.7576277,317.5351858139038,487,tx,2048,48000,1,pcm_s16le,1024,0.0006144046783447266
1778636070.7854507,317.5630087852478,488,tx,2048,48000,1,pcm_s16le,1024,0.02782297134399414
1778636070.8154244,317.5929825305939,489,tx,2048,48000,1,pcm_s16le,1024,0.029973745346069336
1778636070.8159065,317.5934646129608,490,tx,2048,48000,1,pcm_s16le,1024,0.0004820823669433594
1778636070.8449283,317.62248635292053,491,tx,2048,48000,1,pcm_s16le,1024,0.029021739959716797
1778636070.8753037,317.6528618335724,492,tx,2048,48000,1,pcm_s16le,1024,0.03037548065185547
1778636070.9045558,317.6821138858795,493,tx,2048,48000,1,pcm_s16le,1024,0.029252052307128906
1778636070.9190984,317.6966564655304,1862,rx,2730,16000,1,pcm_u8,2730,0.176069974899292
1778636070.9192753,317.6968333721161,494,tx,2048,48000,1,pcm_s16le,1024,0.014719486236572266
1778636070.9334373,317.7109954357147,495,tx,2048,48000,1,pcm_s16le,1024,0.014162063598632812
1778636070.9626167,317.7401747703552,496,tx,2048,48000,1,pcm_s16le,1024,0.02917933464050293
1778636070.9920943,317.7696523666382,497,tx,2048,48000,1,pcm_s16le,1024,0.029477596282958984
1778636070.992705,317.77026319503784,498,tx,2048,48000,1,pcm_s16le,1024,0.0006108283996582031
1778636071.0221856,317.79974365234375,499,tx,2048,48000,1,pcm_s16le,1024,0.029480457305908203
1778636071.0520737,317.8296318054199,500,tx,2048,48000,1,pcm_s16le,1024,0.029888153076171875
1778636071.0526624,317.8302204608917,501,tx,2048,48000,1,pcm_s16le,1024,0.0005886554718017578
1778636071.0818431,317.8594012260437,502,tx,2048,48000,1,pcm_s16le,1024,0.02918076515197754
1778636071.0850477,317.8626058101654,1863,rx,2730,16000,1,pcm_u8,2730,0.16594934463500977
1778636071.1113353,317.88889336586,503,tx,2048,48000,1,pcm_s16le,1024,0.02949213981628418
1778636071.1419892,317.91954731941223,504,tx,2048,48000,1,pcm_s16le,1024,0.030653953552246094
1778636071.1426444,317.9202024936676,505,tx,2048,48000,1,pcm_s16le,1024,0.0006551742553710938
1778636071.170693,317.9482510089874,506,tx,2048,48000,1,pcm_s16le,1024,0.02804851531982422
1778636071.2003198,317.9778778553009,507,tx,2048,48000,1,pcm_s16le,1024,0.029626846313476562
1778636071.202405,317.9799630641937,508,tx,2048,48000,1,pcm_s16le,1024,0.0020852088928222656
1778636071.2300973,318.0076553821564,509,tx,2048,48000,1,pcm_s16le,1024,0.027692317962646484
1778636071.2570744,318.0346324443817,1864,rx,2730,16000,1,pcm_u8,2730,0.1720266342163086
1778636071.2597423,318.03730034828186,510,tx,2048,48000,1,pcm_s16le,1024,0.02964496612548828
1778636071.2892683,318.0668263435364,511,tx,2048,48000,1,pcm_s16le,1024,0.0295259952545166
1778636071.2899935,318.067551612854,512,tx,2048,48000,1,pcm_s16le,1024,0.0007252693176269531
1778636071.3190334,318.09659147262573,513,tx,2048,48000,1,pcm_s16le,1024,0.029039859771728516
1778636071.3489735,318.12653160095215,514,tx,2048,48000,1,pcm_s16le,1024,0.029940128326416016
1778636071.3784003,318.15595841407776,515,tx,2048,48000,1,pcm_s16le,1024,0.02942681312561035
1778636071.3790772,318.1566352844238,516,tx,2048,48000,1,pcm_s16le,1024,0.0006768703460693359
1778636071.4080687,318.185626745224,517,tx,2048,48000,1,pcm_s16le,1024,0.0289914608001709
1778636071.4251976,318.202755689621,1865,rx,2730,16000,1,pcm_u8,2730,0.1681232452392578
1778636071.436699,318.21425700187683,518,tx,2048,48000,1,pcm_s16le,1024,0.02863025665283203
1778636071.4374356,318.21499371528625,519,tx,2048,48000,1,pcm_s16le,1024,0.0007367134094238281
1778636071.4658298,318.2433879375458,520,tx,2048,48000,1,pcm_s16le,1024,0.028394222259521484
1778636071.4957926,318.2733507156372,521,tx,2048,48000,1,pcm_s16le,1024,0.029962778091430664
1778636071.607045,318.38460302352905,1866,rx,2730,16000,1,pcm_u8,2730,0.18184733390808105
1778636071.7674778,318.5450358390808,1867,rx,2730,16000,1,pcm_u8,2730,0.1604328155517578
1778636071.9349952,318.71255326271057,1868,rx,2730,16000,1,pcm_u8,2730,0.16751742362976074
1778636072.1085138,318.8860719203949,1869,rx,2730,16000,1,pcm_u8,2730,0.17351865768432617
1778636072.2772853,319.05484342575073,1870,rx,2730,16000,1,pcm_u8,2730,0.16877150535583496
1778636072.450845,319.22840309143066,1871,rx,2730,16000,1,pcm_u8,2730,0.17355966567993164
1778636072.619017,319.39657497406006,1872,rx,2730,16000,1,pcm_u8,2730,0.16817188262939453
1778636072.790738,319.56829619407654,1873,rx,2730,16000,1,pcm_u8,2730,0.1717212200164795
1778636072.962799,319.74035716056824,1874,rx,2730,16000,1,pcm_u8,2730,0.17206096649169922
1778636073.1294076,319.90696573257446,1875,rx,2730,16000,1,pcm_u8,2730,0.16660857200622559
1778636073.3016915,320.0792496204376,1876,rx,2730,16000,1,pcm_u8,2730,0.17228388786315918
1778636073.4726274,320.25018548965454,1877,rx,2730,16000,1,pcm_u8,2730,0.17093586921691895
1778636073.6458704,320.4234285354614,1878,rx,2730,16000,1,pcm_u8,2730,0.17324304580688477
1778636073.8133545,320.5909125804901,1879,rx,2730,16000,1,pcm_u8,2730,0.16748404502868652
1778636073.9845233,320.7620813846588,1880,rx,2730,16000,1,pcm_u8,2730,0.17116880416870117
1778636074.1532848,320.9308428764343,1881,rx,2730,16000,1,pcm_u8,2730,0.1687614917755127
1778636074.3256392,321.1031973361969,1882,rx,2730,16000,1,pcm_u8,2730,0.17235445976257324
1778636074.4969118,321.2744698524475,1883,rx,2730,16000,1,pcm_u8,2730,0.17127251625061035
1778636074.665008,321.44256615638733,1884,rx,2730,16000,1,pcm_u8,2730,0.16809630393981934
1778636074.8377764,321.6153345108032,1885,rx,2730,16000,1,pcm_u8,2730,0.17276835441589355
1778636075.0090368,321.7865948677063,1886,rx,2730,16000,1,pcm_u8,2730,0.17126035690307617
1778636075.1792684,321.95682644844055,1887,rx,2730,16000,1,pcm_u8,2730,0.17023158073425293
1778636075.3504522,322.12801027297974,1888,rx,2730,16000,1,pcm_u8,2730,0.17118382453918457
1778636075.5659058,322.3434638977051,1889,rx,2730,16000,1,pcm_u8,2730,0.2154536247253418
1778636076.0279055,322.805463552475,1890,rx,2730,16000,1,pcm_u8,2730,0.46199965476989746
1778636076.5931542,323.37071228027344,1891,rx,2730,16000,1,pcm_u8,2730,0.5652487277984619
1778636076.649904,323.42746210098267,1892,rx,2730,16000,1,pcm_u8,2730,0.056749820709228516
1778636076.665556,323.4431140422821,1893,rx,2730,16000,1,pcm_u8,2730,0.015651941299438477
1778636076.6721938,323.44975185394287,1894,rx,2730,16000,1,pcm_u8,2730,0.0066378116607666016
1778636076.694203,323.4717609882355,1895,rx,2730,16000,1,pcm_u8,2730,0.02200913429260254
1778636077.0161045,323.7936625480652,1896,rx,2730,16000,1,pcm_u8,2730,0.3219015598297119
1778636077.1553383,323.9328963756561,1897,rx,2730,16000,1,pcm_u8,2730,0.13923382759094238
1778636077.2282803,324.00583839416504,1898,rx,2730,16000,1,pcm_u8,2730,0.07294201850891113
1778636077.2394779,324.0170359611511,1899,rx,2730,16000,1,pcm_u8,2730,0.011197566986083984
1778636077.4005198,324.1780779361725,1900,rx,2730,16000,1,pcm_u8,2730,0.1610419750213623
1778636077.5703075,324.34786558151245,1901,rx,2730,16000,1,pcm_u8,2730,0.16978764533996582
1778636077.746908,324.52446603775024,1902,rx,2730,16000,1,pcm_u8,2730,0.17660045623779297
1778636077.90935,324.6869080066681,1903,rx,2730,16000,1,pcm_u8,2730,0.16244196891784668
1778636078.0803924,324.85795044898987,1904,rx,2730,16000,1,pcm_u8,2730,0.17104244232177734
1778636078.2533574,325.0309154987335,1905,rx,2730,16000,1,pcm_u8,2730,0.17296504974365234
1778636078.421651,325.19920897483826,1906,rx,2730,16000,1,pcm_u8,2730,0.16829347610473633
1778636078.5967848,325.374342918396,1907,rx,2730,16000,1,pcm_u8,2730,0.17513394355773926
1778636078.7618313,325.53938937187195,1908,rx,2730,16000,1,pcm_u8,2730,0.16504645347595215
1778636078.9357474,325.71330547332764,1909,rx,2730,16000,1,pcm_u8,2730,0.17391610145568848
1778636079.1050606,325.8826186656952,1910,rx,2730,16000,1,pcm_u8,2730,0.1693131923675537
1778636079.273612,326.0511701107025,1911,rx,2730,16000,1,pcm_u8,2730,0.16855144500732422
1778636079.4485254,326.2260835170746,1912,rx,2730,16000,1,pcm_u8,2730,0.1749134063720703
1778636079.6169386,326.39449667930603,1913,rx,2730,16000,1,pcm_u8,2730,0.1684131622314453
1778636079.7911882,326.5687463283539,1914,rx,2730,16000,1,pcm_u8,2730,0.17424964904785156
1778636079.9571176,326.73467564582825,1915,rx,2730,16000,1,pcm_u8,2730,0.16592931747436523
1778636080.1265736,326.9041316509247,1916,rx,2730,16000,1,pcm_u8,2730,0.16945600509643555
1778636080.2990232,327.0765812397003,1917,rx,2730,16000,1,pcm_u8,2730,0.17244958877563477
1778636080.4694502,327.24700832366943,1918,rx,2730,16000,1,pcm_u8,2730,0.1704270839691162
1778636080.6410265,327.4185845851898,1919,rx,2730,16000,1,pcm_u8,2730,0.17157626152038574
1778636080.815247,327.592805147171,1920,rx,2730,16000,1,pcm_u8,2730,0.17422056198120117
1778636080.9820738,327.7596318721771,1921,rx,2730,16000,1,pcm_u8,2730,0.16682672500610352
1778636081.1529331,327.93049120903015,1922,rx,2730,16000,1,pcm_u8,2730,0.17085933685302734
1778636081.3209238,328.09848189353943,1923,rx,2730,16000,1,pcm_u8,2730,0.16799068450927734
1778636081.49744,328.2749981880188,1924,rx,2730,16000,1,pcm_u8,2730,0.17651629447937012
1778636081.6646333,328.442191362381,1925,rx,2730,16000,1,pcm_u8,2730,0.16719317436218262
1778636081.8343284,328.61188650131226,1926,rx,2730,16000,1,pcm_u8,2730,0.16969513893127441
1778636082.0090802,328.7866382598877,1927,rx,2730,16000,1,pcm_u8,2730,0.17475175857543945
1778636082.1743507,328.951908826828,1928,rx,2730,16000,1,pcm_u8,2730,0.16527056694030762
1778636082.34965,329.12720799446106,1929,rx,2730,16000,1,pcm_u8,2730,0.17529916763305664
1778636082.5190666,329.29662466049194,1930,rx,2730,16000,1,pcm_u8,2730,0.1694166660308838
1778636082.689764,329.46732211112976,1931,rx,2730,16000,1,pcm_u8,2730,0.17069745063781738
1778636082.8626719,329.64022994041443,1932,rx,2730,16000,1,pcm_u8,2730,0.17290782928466797
1778636083.0319154,329.8094735145569,1933,rx,2730,16000,1,pcm_u8,2730,0.16924357414245605
1778636083.203688,329.98124599456787,1934,rx,2730,16000,1,pcm_u8,2730,0.17177248001098633
1778636083.372751,330.15030908584595,1935,rx,2730,16000,1,pcm_u8,2730,0.16906309127807617
1778636083.5485842,330.3261423110962,1936,rx,2730,16000,1,pcm_u8,2730,0.17583322525024414
1778636083.717686,330.4952440261841,1937,rx,2730,16000,1,pcm_u8,2730,0.16910171508789062
1778636083.886755,330.66431307792664,1938,rx,2730,16000,1,pcm_u8,2730,0.1690690517425537
1778636084.0572398,330.8347978591919,1939,rx,2730,16000,1,pcm_u8,2730,0.1704847812652588
1778636084.226957,331.004515171051,1940,rx,2730,16000,1,pcm_u8,2730,0.16971731185913086
1778636084.401878,331.1794362068176,1941,rx,2730,16000,1,pcm_u8,2730,0.17492103576660156
1778636084.5682244,331.34578251838684,1942,rx,2730,16000,1,pcm_u8,2730,0.16634631156921387
1778636084.7405066,331.51806473731995,1943,rx,2730,16000,1,pcm_u8,2730,0.17228221893310547
1778636084.9058585,331.6834166049957,1944,rx,2730,16000,1,pcm_u8,2730,0.16535186767578125
1778636085.077796,331.85535407066345,1945,rx,2730,16000,1,pcm_u8,2730,0.1719374656677246
1778636085.2515974,332.0291554927826,1946,rx,2730,16000,1,pcm_u8,2730,0.17380142211914062
1778636085.4237466,332.20130467414856,1947,rx,2730,16000,1,pcm_u8,2730,0.1721491813659668
1778636085.623254,332.40081214904785,1948,rx,2730,16000,1,pcm_u8,2730,0.199507474899292
1778636086.3783455,333.15590357780457,1949,rx,2730,16000,1,pcm_u8,2730,0.7550914287567139
1778636087.404889,334.1824471950531,1950,rx,2730,16000,1,pcm_u8,2730,1.0265436172485352
1778636089.13806,335.91561818122864,1951,rx,2730,16000,1,pcm_u8,2730,1.733170986175537
1778636089.705294,336.4828519821167,1952,rx,2730,16000,1,pcm_u8,2730,0.5672338008880615
1778636089.8096044,336.5871624946594,1953,rx,2730,16000,1,pcm_u8,2730,0.10431051254272461
1778636089.811072,336.5886301994324,1954,rx,2730,16000,1,pcm_u8,2730,0.0014677047729492188
1778636089.8133845,336.5909426212311,1955,rx,2730,16000,1,pcm_u8,2730,0.0023124217987060547
1778636089.8138967,336.591454744339,1956,rx,2730,16000,1,pcm_u8,2730,0.0005121231079101562
1778636089.8143353,336.59189343452454,1957,rx,2730,16000,1,pcm_u8,2730,0.000438690185546875
1778636089.8147664,336.59232449531555,1958,rx,2730,16000,1,pcm_u8,2730,0.000431060791015625
1778636089.81536,336.5929181575775,1959,rx,2730,16000,1,pcm_u8,2730,0.0005936622619628906
1778636089.815798,336.5933561325073,1960,rx,2730,16000,1,pcm_u8,2730,0.0004379749298095703
1778636089.8162243,336.59378242492676,1961,rx,2730,16000,1,pcm_u8,2730,0.00042629241943359375
1778636089.8166375,336.59419560432434,1962,rx,2730,16000,1,pcm_u8,2730,0.0004131793975830078
1778636089.817056,336.59461402893066,1963,rx,2730,16000,1,pcm_u8,2730,0.0004184246063232422
1778636089.8552086,336.6327667236328,1964,rx,2730,16000,1,pcm_u8,2730,0.03815269470214844
1778636089.8594851,336.63704323768616,1965,rx,2730,16000,1,pcm_u8,2730,0.0042765140533447266
1778636089.8615751,336.63913321495056,1966,rx,2730,16000,1,pcm_u8,2730,0.002089977264404297
1778636089.8620627,336.6396207809448,1967,rx,2730,16000,1,pcm_u8,2730,0.0004875659942626953
1778636089.8743858,336.65194392204285,1968,rx,2730,16000,1,pcm_u8,2730,0.012323141098022461
1778636089.8748152,336.6523733139038,1969,rx,2730,16000,1,pcm_u8,2730,0.00042939186096191406
1778636089.875195,336.6527531147003,1970,rx,2730,16000,1,pcm_u8,2730,0.00037980079650878906
1778636089.8756108,336.65316891670227,1971,rx,2730,16000,1,pcm_u8,2730,0.000415802001953125
1778636089.8762586,336.6538166999817,1972,rx,2730,16000,1,pcm_u8,2730,0.0006477832794189453
1778636089.9442053,336.72176337242126,1973,rx,2730,16000,1,pcm_u8,2730,0.0679466724395752
1778636090.029422,336.80698013305664,1974,rx,2730,16000,1,pcm_u8,2730,0.08521676063537598
1778636090.200186,336.977744102478,1975,rx,2730,16000,1,pcm_u8,2730,0.17076396942138672
1778636090.3690681,337.14662623405457,1976,rx,2730,16000,1,pcm_u8,2730,0.16888213157653809
1778636090.5456135,337.3231716156006,1977,rx,2730,16000,1,pcm_u8,2730,0.1765453815460205
1778636090.7096114,337.48716950416565,1978,rx,2730,16000,1,pcm_u8,2730,0.16399788856506348
1778636090.8809004,337.6584584712982,1979,rx,2730,16000,1,pcm_u8,2730,0.17128896713256836
1778636091.0570123,337.83457040786743,1980,rx,2730,16000,1,pcm_u8,2730,0.17611193656921387
1778636091.223362,338.00092005729675,1981,rx,2730,16000,1,pcm_u8,2730,0.1663496494293213
1778636091.396156,338.1737141609192,1982,rx,2730,16000,1,pcm_u8,2730,0.17279410362243652
1778636091.5666091,338.3441672325134,1983,rx,2730,16000,1,pcm_u8,2730,0.17045307159423828
1778636091.9339082,338.71146631240845,1984,rx,2730,16000,1,pcm_u8,2730,0.36729907989501953
1778636093.2708893,340.0484473705292,1985,rx,2730,16000,1,pcm_u8,2730,1.3369810581207275
1778636094.2732542,341.0508122444153,1986,rx,2730,16000,1,pcm_u8,2730,1.0023648738861084
1778636094.286515,341.0640730857849,1987,rx,2730,16000,1,pcm_u8,2730,0.013260841369628906
1778636094.2964952,341.0740532875061,1988,rx,2730,16000,1,pcm_u8,2730,0.009980201721191406
1778636094.2990272,341.07658529281616,1989,rx,2730,16000,1,pcm_u8,2730,0.0025320053100585938
1778636094.2996814,341.0772395133972,1990,rx,2730,16000,1,pcm_u8,2730,0.0006542205810546875
1778636094.3004458,341.0780038833618,1991,rx,2730,16000,1,pcm_u8,2730,0.0007643699645996094
1778636094.3012903,341.078848361969,1992,rx,2730,16000,1,pcm_u8,2730,0.0008444786071777344
1778636094.301971,341.07952904701233,1993,rx,2730,16000,1,pcm_u8,2730,0.0006806850433349609
1778636094.302808,341.08036613464355,1994,rx,2730,16000,1,pcm_u8,2730,0.0008370876312255859
1778636094.3035827,341.08114075660706,1995,rx,2730,16000,1,pcm_u8,2730,0.0007746219635009766
1778636094.3042443,341.08180236816406,1996,rx,2730,16000,1,pcm_u8,2730,0.0006616115570068359
1778636094.304871,341.0824291706085,1997,rx,2730,16000,1,pcm_u8,2730,0.0006268024444580078
1778636094.3052733,341.08283138275146,1998,rx,2730,16000,1,pcm_u8,2730,0.00040221214294433594
1778636094.3187513,341.09630942344666,1999,rx,2730,16000,1,pcm_u8,2730,0.01347804069519043
1778636094.4651675,341.24272561073303,2000,rx,2730,16000,1,pcm_u8,2730,0.14641618728637695
1778636094.6433504,341.4209084510803,2001,rx,2730,16000,1,pcm_u8,2730,0.17818284034729004
1778636094.8058844,341.5834424495697,2002,rx,2730,16000,1,pcm_u8,2730,0.16253399848937988
1778636094.9800441,341.75760221481323,2003,rx,2730,16000,1,pcm_u8,2730,0.17415976524353027
1778636095.328615,342.10617303848267,2004,rx,2730,16000,1,pcm_u8,2730,0.3485708236694336
1778636095.3432748,342.12083292007446,2005,rx,2730,16000,1,pcm_u8,2730,0.014659881591796875
1778636095.4894674,342.26702547073364,2006,rx,2730,16000,1,pcm_u8,2730,0.1461925506591797
1778636095.658363,342.4359211921692,2007,rx,2730,16000,1,pcm_u8,2730,0.16889572143554688
1778636095.8299587,342.6075167655945,2008,rx,2730,16000,1,pcm_u8,2730,0.17159557342529297
1778636096.0006917,342.7782497406006,2009,rx,2730,16000,1,pcm_u8,2730,0.17073297500610352
1778636096.1740522,342.95161032676697,2010,rx,2730,16000,1,pcm_u8,2730,0.17336058616638184
1778636096.3450387,343.12259674072266,2011,rx,2730,16000,1,pcm_u8,2730,0.17098641395568848
1778636096.5131266,343.2906847000122,2012,rx,2730,16000,1,pcm_u8,2730,0.16808795928955078
1778636096.686693,343.46425104141235,2013,rx,2730,16000,1,pcm_u8,2730,0.17356634140014648
1778636096.8536372,343.63119530677795,2014,rx,2730,16000,1,pcm_u8,2730,0.16694426536560059
1778636097.0249002,343.8024582862854,2015,rx,2730,16000,1,pcm_u8,2730,0.1712629795074463
1778636097.1978984,343.97545647621155,2016,rx,2730,16000,1,pcm_u8,2730,0.17299818992614746
1778636097.3658228,344.14338088035583,2017,rx,2730,16000,1,pcm_u8,2730,0.1679244041442871
1778636097.5370047,344.3145627975464,2018,rx,2730,16000,1,pcm_u8,2730,0.17118191719055176
1778636097.7060306,344.4835886955261,2019,rx,2730,16000,1,pcm_u8,2730,0.16902589797973633
1778636097.8778534,344.6554114818573,2020,rx,2730,16000,1,pcm_u8,2730,0.17182278633117676
1778636098.048813,344.82637119293213,2021,rx,2730,16000,1,pcm_u8,2730,0.1709597110748291
1778636098.2199352,344.9974932670593,2022,rx,2730,16000,1,pcm_u8,2730,0.17112207412719727
1778636098.3931508,345.1707088947296,2023,rx,2730,16000,1,pcm_u8,2730,0.17321562767028809
1778636098.5609257,345.3384838104248,2024,rx,2730,16000,1,pcm_u8,2730,0.16777491569519043
1778636098.73327,345.5108280181885,2025,rx,2730,16000,1,pcm_u8,2730,0.17234420776367188
1778636098.9018867,345.6794447898865,2026,rx,2730,16000,1,pcm_u8,2730,0.16861677169799805
1778636099.0742607,345.85181879997253,2027,rx,2730,16000,1,pcm_u8,2730,0.17237401008605957
1778636099.244224,346.0217821598053,2028,rx,2730,16000,1,pcm_u8,2730,0.16996335983276367
1778636099.4147327,346.19229078292847,2029,rx,2730,16000,1,pcm_u8,2730,0.17050862312316895
1778636099.5895283,346.36708641052246,2030,rx,2730,16000,1,pcm_u8,2730,0.17479562759399414
1778636099.754258,346.5318160057068,2031,rx,2730,16000,1,pcm_u8,2730,0.16472959518432617
1778636099.9265108,346.70406889915466,2032,rx,2730,16000,1,pcm_u8,2730,0.17225289344787598
1778636100.0973682,346.87492632865906,2033,rx,2730,16000,1,pcm_u8,2730,0.17085742950439453
1778636100.2712343,347.04879236221313,2034,rx,2730,16000,1,pcm_u8,2730,0.17386603355407715
1778636100.4430354,347.2205934524536,2035,rx,2730,16000,1,pcm_u8,2730,0.17180109024047852
1778636100.6104827,347.3880407810211,2036,rx,2730,16000,1,pcm_u8,2730,0.16744732856750488
1778636100.7821715,347.55972957611084,2037,rx,2730,16000,1,pcm_u8,2730,0.17168879508972168
1778636100.9547956,347.7323536872864,2038,rx,2730,16000,1,pcm_u8,2730,0.1726241111755371
1778636101.12684,347.9043982028961,2039,rx,2730,16000,1,pcm_u8,2730,0.1720445156097412
1778636101.2951114,348.072669506073,2040,rx,2730,16000,1,pcm_u8,2730,0.16827130317687988
1778636101.461552,348.23910999298096,2041,rx,2730,16000,1,pcm_u8,2730,0.16644048690795898
1778636101.6339655,348.41152358055115,2042,rx,2730,16000,1,pcm_u8,2730,0.17241358757019043
1778636101.8026197,348.58017778396606,2043,rx,2730,16000,1,pcm_u8,2730,0.168654203414917
1778636101.9743128,348.7518708705902,2044,rx,2730,16000,1,pcm_u8,2730,0.1716930866241455
1778636102.1523402,348.9298982620239,2045,rx,2730,16000,1,pcm_u8,2730,0.17802739143371582
1778636102.3185492,349.0961072444916,2046,rx,2730,16000,1,pcm_u8,2730,0.16620898246765137
1778636102.4922023,349.2697603702545,2047,rx,2730,16000,1,pcm_u8,2730,0.17365312576293945
1778636102.656935,349.43449306488037,2048,rx,2730,16000,1,pcm_u8,2730,0.1647326946258545
1778636102.8265605,349.60411858558655,2049,rx,2730,16000,1,pcm_u8,2730,0.16962552070617676
1778636102.998426,349.7759840488434,2050,rx,2730,16000,1,pcm_u8,2730,0.17186546325683594
1778636103.1680691,349.9456272125244,2051,rx,2730,16000,1,pcm_u8,2730,0.16964316368103027
1778636103.3447094,350.1222674846649,2052,rx,2730,16000,1,pcm_u8,2730,0.17664027214050293
1778636103.511898,350.2894561290741,2053,rx,2730,16000,1,pcm_u8,2730,0.1671886444091797
1778636103.681179,350.4587371349335,2054,rx,2730,16000,1,pcm_u8,2730,0.169281005859375
1778636103.8513167,350.62887477874756,2055,rx,2730,16000,1,pcm_u8,2730,0.17013764381408691
1778636104.0218778,350.79943585395813,2056,rx,2730,16000,1,pcm_u8,2730,0.1705610752105713
1778636104.1918108,350.96936893463135,2057,rx,2730,16000,1,pcm_u8,2730,0.16993308067321777
1778636104.3656678,351.1432259082794,2058,rx,2730,16000,1,pcm_u8,2730,0.1738569736480713
1778636104.5372856,351.31484365463257,2059,rx,2730,16000,1,pcm_u8,2730,0.17161774635314941
1778636104.7053041,351.4828622341156,2060,rx,2730,16000,1,pcm_u8,2730,0.16801857948303223
1778636104.8755307,351.6530888080597,2061,rx,2730,16000,1,pcm_u8,2730,0.1702265739440918
1778636105.0458696,351.82342767715454,2062,rx,2730,16000,1,pcm_u8,2730,0.17033886909484863
1778636105.217175,351.99473309516907,2063,rx,2730,16000,1,pcm_u8,2730,0.17130541801452637
1778636105.3920124,352.1695704460144,2064,rx,2730,16000,1,pcm_u8,2730,0.17483735084533691
1778636105.5604308,352.3379888534546,2065,rx,2730,16000,1,pcm_u8,2730,0.16841840744018555
1778636105.730117,352.50767517089844,2066,rx,2730,16000,1,pcm_u8,2730,0.16968631744384766
1778636105.907738,352.6852960586548,2067,rx,2730,16000,1,pcm_u8,2730,0.17762088775634766
1778636106.0702534,352.847811460495,2068,rx,2730,16000,1,pcm_u8,2730,0.16251540184020996
1778636106.2456946,353.0232527256012,2069,rx,2730,16000,1,pcm_u8,2730,0.17544126510620117
1778636106.4133217,353.19087982177734,2070,rx,2730,16000,1,pcm_u8,2730,0.16762709617614746
1778636106.5993307,353.37688875198364,2071,rx,2730,16000,1,pcm_u8,2730,0.18600893020629883
1778636106.756244,353.5338020324707,2072,rx,2730,16000,1,pcm_u8,2730,0.15691328048706055
1778636106.9293914,353.70694947242737,2073,rx,2730,16000,1,pcm_u8,2730,0.17314743995666504
1778636107.1035838,353.88114190101624,2074,rx,2730,16000,1,pcm_u8,2730,0.1741924285888672
1778636107.2682185,354.0457766056061,2075,rx,2730,16000,1,pcm_u8,2730,0.16463470458984375
1778636107.441094,354.218652009964,2076,rx,2730,16000,1,pcm_u8,2730,0.17287540435791016
1778636107.6059647,354.38352274894714,2077,rx,2730,16000,1,pcm_u8,2730,0.1648707389831543
1778636107.7784648,354.55602288246155,2078,rx,2730,16000,1,pcm_u8,2730,0.1725001335144043
1778636107.9467852,354.7243432998657,2079,rx,2730,16000,1,pcm_u8,2730,0.1683204174041748
1778636108.119245,354.89680314064026,2080,rx,2730,16000,1,pcm_u8,2730,0.17245984077453613
1778636108.292494,355.0700521469116,2081,rx,2730,16000,1,pcm_u8,2730,0.1732490062713623
1778636108.459425,355.2369830608368,2082,rx,2730,16000,1,pcm_u8,2730,0.1669309139251709
1778636108.6321583,355.40971636772156,2083,rx,2730,16000,1,pcm_u8,2730,0.17273330688476562
1778636108.7996454,355.5772035121918,2084,rx,2730,16000,1,pcm_u8,2730,0.16748714447021484
1778636108.9718752,355.7494332790375,2085,rx,2730,16000,1,pcm_u8,2730,0.17222976684570312
1778636109.1422992,355.91985726356506,2086,rx,2730,16000,1,pcm_u8,2730,0.1704239845275879
1778636109.3144968,356.0920548439026,2087,rx,2730,16000,1,pcm_u8,2730,0.17219758033752441
1778636109.4844885,356.26204657554626,2088,rx,2730,16000,1,pcm_u8,2730,0.16999173164367676
1778636109.655598,356.43315601348877,2089,rx,2730,16000,1,pcm_u8,2730,0.17110943794250488
1778636109.8250184,356.6025764942169,2090,rx,2730,16000,1,pcm_u8,2730,0.16942048072814941
1778636109.9962196,356.7737777233124,2091,rx,2730,16000,1,pcm_u8,2730,0.17120122909545898
1778636110.1662054,356.9437634944916,2092,rx,2730,16000,1,pcm_u8,2730,0.16998577117919922
1778636110.3435736,357.1211316585541,2093,rx,2730,16000,1,pcm_u8,2730,0.1773681640625
1778636110.5077574,357.28531551361084,2094,rx,2730,16000,1,pcm_u8,2730,0.1641838550567627
1778636110.678625,357.45618319511414,2095,rx,2730,16000,1,pcm_u8,2730,0.1708676815032959
1778636110.8505678,357.6281259059906,2096,rx,2730,16000,1,pcm_u8,2730,0.17194271087646484
1778636111.020615,357.7981731891632,2097,rx,2730,16000,1,pcm_u8,2730,0.17004728317260742
1778636111.1911125,357.96867060661316,2098,rx,2730,16000,1,pcm_u8,2730,0.17049741744995117
1778636111.3613894,358.13894748687744,2099,rx,2730,16000,1,pcm_u8,2730,0.17027688026428223
1778636111.530834,358.3083920478821,2100,rx,2730,16000,1,pcm_u8,2730,0.16944456100463867
1778636111.7018118,358.4793698787689,2101,rx,2730,16000,1,pcm_u8,2730,0.17097783088684082
1778636111.8723722,358.64993023872375,2102,rx,2730,16000,1,pcm_u8,2730,0.17056035995483398
1778636112.0441747,358.8217327594757,2103,rx,2730,16000,1,pcm_u8,2730,0.17180252075195312
1778636112.2145882,358.9921462535858,2104,rx,2730,16000,1,pcm_u8,2730,0.17041349411010742
1778636112.3871708,359.1647288799286,2105,rx,2730,16000,1,pcm_u8,2730,0.17258262634277344
1778636112.5578136,359.3353717327118,2106,rx,2730,16000,1,pcm_u8,2730,0.17064285278320312
1778636112.7301965,359.5077545642853,2107,rx,2730,16000,1,pcm_u8,2730,0.17238283157348633
1778636112.9013805,359.67893862724304,2108,rx,2730,16000,1,pcm_u8,2730,0.17118406295776367
1778636113.0722535,359.8498115539551,2109,rx,2730,16000,1,pcm_u8,2730,0.17087292671203613
1778636113.2464945,360.0240526199341,2110,rx,2730,16000,1,pcm_u8,2730,0.1742410659790039
1778636113.4132516,360.1908097267151,2111,rx,2730,16000,1,pcm_u8,2730,0.16675710678100586
1778636113.605943,360.38350105285645,2112,rx,2730,16000,1,pcm_u8,2730,0.19269132614135742
1778636113.7511218,360.5286798477173,2113,rx,2730,16000,1,pcm_u8,2730,0.14517879486083984
1778636113.9208174,360.6983754634857,2114,rx,2730,16000,1,pcm_u8,2730,0.16969561576843262
1778636114.0916724,360.8692305088043,2115,rx,2730,16000,1,pcm_u8,2730,0.17085504531860352
1778636114.262801,361.04035902023315,2116,rx,2730,16000,1,pcm_u8,2730,0.171128511428833
1778636114.4404352,361.21799325942993,2117,rx,2730,16000,1,pcm_u8,2730,0.17763423919677734
1778636114.6052694,361.3828275203705,2118,rx,2730,16000,1,pcm_u8,2730,0.16483426094055176
1778636114.7748656,361.55242371559143,2119,rx,2730,16000,1,pcm_u8,2730,0.16959619522094727
1778636114.9454117,361.7229697704315,2120,rx,2730,16000,1,pcm_u8,2730,0.1705460548400879
1778636115.1160557,361.8936138153076,2121,rx,2730,16000,1,pcm_u8,2730,0.17064404487609863
1778636115.2870986,362.06465673446655,2122,rx,2730,16000,1,pcm_u8,2730,0.17104291915893555
1778636115.4591253,362.23668336868286,2123,rx,2730,16000,1,pcm_u8,2730,0.1720266342163086
1778636115.6285005,362.406058549881,2124,rx,2730,16000,1,pcm_u8,2730,0.16937518119812012
1778636115.7998767,362.5774347782135,2125,rx,2730,16000,1,pcm_u8,2730,0.17137622833251953
1778636115.9687476,362.7463057041168,2126,rx,2730,16000,1,pcm_u8,2730,0.1688709259033203
1778636116.1415107,362.919068813324,2127,rx,2730,16000,1,pcm_u8,2730,0.17276310920715332
1778636116.3102875,363.08784556388855,2128,rx,2730,16000,1,pcm_u8,2730,0.1687767505645752
1778636116.4843357,363.26189374923706,2129,rx,2730,16000,1,pcm_u8,2730,0.17404818534851074
1778636116.6523364,363.42989444732666,2130,rx,2730,16000,1,pcm_u8,2730,0.1680006980895996
1778636116.8227487,363.6003067493439,2131,rx,2730,16000,1,pcm_u8,2730,0.17041230201721191
1778636116.9934478,363.77100586891174,2132,rx,2730,16000,1,pcm_u8,2730,0.1706991195678711
1778636117.1660213,363.9435794353485,2133,rx,2730,16000,1,pcm_u8,2730,0.17257356643676758
1778636117.337332,364.1148900985718,2134,rx,2730,16000,1,pcm_u8,2730,0.1713106632232666
1778636117.5052059,364.2827639579773,2135,rx,2730,16000,1,pcm_u8,2730,0.16787385940551758
1778636117.6775627,364.45512080192566,2136,rx,2730,16000,1,pcm_u8,2730,0.17235684394836426
1778636117.8466482,364.62420630455017,2137,rx,2730,16000,1,pcm_u8,2730,0.16908550262451172
1778636118.0170968,364.7946548461914,2138,rx,2730,16000,1,pcm_u8,2730,0.17044854164123535
1778636118.1888282,364.9663863182068,2139,rx,2730,16000,1,pcm_u8,2730,0.17173147201538086
1778636118.3581781,365.1357362270355,2140,rx,2730,16000,1,pcm_u8,2730,0.16934990882873535
1778636118.530005,365.30756306648254,2141,rx,2730,16000,1,pcm_u8,2730,0.17182683944702148
1778636118.7033882,365.48094630241394,2142,rx,2730,16000,1,pcm_u8,2730,0.17338323593139648
1778636118.8739464,365.65150451660156,2143,rx,2730,16000,1,pcm_u8,2730,0.17055821418762207
1778636119.044832,365.8223900794983,2144,rx,2730,16000,1,pcm_u8,2730,0.17088556289672852
1778636119.2163022,365.993860244751,2145,rx,2730,16000,1,pcm_u8,2730,0.17147016525268555
1778636119.389077,366.1666350364685,2146,rx,2730,16000,1,pcm_u8,2730,0.1727747917175293
1778636119.5534656,366.3310236930847,2147,rx,2730,16000,1,pcm_u8,2730,0.16438865661621094
1778636119.726954,366.5045120716095,2148,rx,2730,16000,1,pcm_u8,2730,0.17348837852478027
1778636119.894506,366.6720640659332,2149,rx,2730,16000,1,pcm_u8,2730,0.16755199432373047
1778636120.0655112,366.84306931495667,2150,rx,2730,16000,1,pcm_u8,2730,0.1710052490234375
1778636120.2371695,367.01472759246826,2151,rx,2730,16000,1,pcm_u8,2730,0.17165827751159668
1778636120.4063878,367.18394589424133,2152,rx,2730,16000,1,pcm_u8,2730,0.1692183017730713
1778636120.5849638,367.36252188682556,2153,rx,2730,16000,1,pcm_u8,2730,0.17857599258422852
1778636120.7499983,367.52755641937256,2154,rx,2730,16000,1,pcm_u8,2730,0.16503453254699707
1778636120.918421,367.69597911834717,2155,rx,2730,16000,1,pcm_u8,2730,0.16842269897460938
1778636121.0890236,367.8665816783905,2156,rx,2730,16000,1,pcm_u8,2730,0.17060256004333496
1778636121.2605875,368.0381455421448,2157,rx,2730,16000,1,pcm_u8,2730,0.17156386375427246
1778636121.4362347,368.2137928009033,2158,rx,2730,16000,1,pcm_u8,2730,0.17564725875854492
1778636121.6011922,368.37875032424927,2159,rx,2730,16000,1,pcm_u8,2730,0.16495752334594727
1778636121.7730217,368.55057978630066,2160,rx,2730,16000,1,pcm_u8,2730,0.1718294620513916
1778636121.945016,368.7225739955902,2161,rx,2730,16000,1,pcm_u8,2730,0.17199420928955078
1778636122.1160579,368.89361596107483,2162,rx,2730,16000,1,pcm_u8,2730,0.17104196548461914
1778636122.29025,369.0678081512451,2163,rx,2730,16000,1,pcm_u8,2730,0.17419219017028809
1778636122.4555786,369.23313665390015,2164,rx,2730,16000,1,pcm_u8,2730,0.1653285026550293
1778636122.6289594,369.40651750564575,2165,rx,2730,16000,1,pcm_u8,2730,0.17338085174560547
1778636122.79618,369.57373809814453,2166,rx,2730,16000,1,pcm_u8,2730,0.1672205924987793
1778636122.9667797,369.7443377971649,2167,rx,2730,16000,1,pcm_u8,2730,0.17059969902038574
1778636123.137878,369.9154360294342,2168,rx,2730,16000,1,pcm_u8,2730,0.1710982322692871
1778636123.3075087,370.0850667953491,2169,rx,2730,16000,1,pcm_u8,2730,0.169630765914917
1778636123.4818988,370.25945687294006,2170,rx,2730,16000,1,pcm_u8,2730,0.17439007759094238
1778636123.6493013,370.4268593788147,2171,rx,2730,16000,1,pcm_u8,2730,0.1674025058746338
1778636123.8228984,370.60045647621155,2172,rx,2730,16000,1,pcm_u8,2730,0.17359709739685059
1778636123.9917061,370.7692642211914,2173,rx,2730,16000,1,pcm_u8,2730,0.1688077449798584
1778636124.16303,370.9405879974365,2174,rx,2730,16000,1,pcm_u8,2730,0.1713237762451172
1778636124.347621,371.1251790523529,2175,rx,2730,16000,1,pcm_u8,2730,0.18459105491638184
1778636124.5063267,371.28388476371765,2176,rx,2730,16000,1,pcm_u8,2730,0.1587057113647461
1778636124.6803958,371.4579539299011,2177,rx,2730,16000,1,pcm_u8,2730,0.17406916618347168
1778636124.8482113,371.62576937675476,2178,rx,2730,16000,1,pcm_u8,2730,0.1678154468536377
1778636125.0159698,371.793527841568,2179,rx,2730,16000,1,pcm_u8,2730,0.16775846481323242
1778636125.192052,371.9696099758148,2180,rx,2730,16000,1,pcm_u8,2730,0.17608213424682617
1778636125.3554919,372.1330499649048,2181,rx,2730,16000,1,pcm_u8,2730,0.16343998908996582
1778636125.5288517,372.30640983581543,2182,rx,2730,16000,1,pcm_u8,2730,0.17335987091064453
1778636125.6976018,372.47515988349915,2183,rx,2730,16000,1,pcm_u8,2730,0.16875004768371582
1778636125.8679163,372.6454744338989,2184,rx,2730,16000,1,pcm_u8,2730,0.17031455039978027
1778636126.038599,372.81615710258484,2185,rx,2730,16000,1,pcm_u8,2730,0.17068266868591309
1778636126.2092068,372.9867649078369,2186,rx,2730,16000,1,pcm_u8,2730,0.1706078052520752
1778636126.3861136,373.16367173194885,2187,rx,2730,16000,1,pcm_u8,2730,0.17690682411193848
1778636126.5533826,373.3309407234192,2188,rx,2730,16000,1,pcm_u8,2730,0.16726899147033691
1778636126.7246945,373.50225257873535,2189,rx,2730,16000,1,pcm_u8,2730,0.1713118553161621
1778636126.8939745,373.6715326309204,2190,rx,2730,16000,1,pcm_u8,2730,0.1692800521850586
1778636127.0655098,373.8430678844452,2191,rx,2730,16000,1,pcm_u8,2730,0.17153525352478027
1778636127.2395773,374.0171353816986,2192,rx,2730,16000,1,pcm_u8,2730,0.17406749725341797
1778636127.403731,374.1812891960144,2193,rx,2730,16000,1,pcm_u8,2730,0.1641538143157959
1778636127.5807781,374.35833621025085,2194,rx,2730,16000,1,pcm_u8,2730,0.1770470142364502
1778636127.7466376,374.52419567108154,2195,rx,2730,16000,1,pcm_u8,2730,0.16585946083068848
1778636127.9178526,374.6954107284546,2196,rx,2730,16000,1,pcm_u8,2730,0.17121505737304688
1778636128.0880008,374.86555886268616,2197,rx,2730,16000,1,pcm_u8,2730,0.17014813423156738
1778636128.2577887,375.0353467464447,2198,rx,2730,16000,1,pcm_u8,2730,0.16978788375854492
1778636128.4298327,375.2073907852173,2199,rx,2730,16000,1,pcm_u8,2730,0.172044038772583
1778636128.5986524,375.3762104511261,2200,rx,2730,16000,1,pcm_u8,2730,0.16881966590881348
1778636128.7694588,375.54701685905457,2201,rx,2730,16000,1,pcm_u8,2730,0.1708064079284668
1778636128.9428103,375.72036838531494,2202,rx,2730,16000,1,pcm_u8,2730,0.17335152626037598
1778636129.1266727,375.9042308330536,2203,rx,2730,16000,1,pcm_u8,2730,0.18386244773864746
1778636129.283102,376.0606601238251,2204,rx,2730,16000,1,pcm_u8,2730,0.15642929077148438
1778636129.4522479,376.2298059463501,2205,rx,2730,16000,1,pcm_u8,2730,0.16914582252502441
1778636129.6244833,376.4020414352417,2206,rx,2730,16000,1,pcm_u8,2730,0.17223548889160156
1778636129.7934928,376.5710508823395,2207,rx,2730,16000,1,pcm_u8,2730,0.16900944709777832
1778636129.9644463,376.74200439453125,2208,rx,2730,16000,1,pcm_u8,2730,0.17095351219177246
1778636130.1387575,376.9163155555725,2209,rx,2730,16000,1,pcm_u8,2730,0.17431116104125977
1778636130.3097317,377.08728981018066,2210,rx,2730,16000,1,pcm_u8,2730,0.1709742546081543
1778636130.4829047,377.2604627609253,2211,rx,2730,16000,1,pcm_u8,2730,0.1731729507446289
1778636130.6564033,377.433961391449,2212,rx,2730,16000,1,pcm_u8,2730,0.17349863052368164
1778636130.8238196,377.6013777256012,2213,rx,2730,16000,1,pcm_u8,2730,0.16741633415222168
1778636130.9918773,377.7694354057312,2214,rx,2730,16000,1,pcm_u8,2730,0.16805768013000488
1778636131.1614478,377.9390058517456,2215,rx,2730,16000,1,pcm_u8,2730,0.1695704460144043
1778636131.3369534,378.11451148986816,2216,rx,2730,16000,1,pcm_u8,2730,0.1755056381225586
1778636131.5033937,378.28095173835754,2217,rx,2730,16000,1,pcm_u8,2730,0.16644024848937988
1778636131.6750734,378.45263147354126,2218,rx,2730,16000,1,pcm_u8,2730,0.17167973518371582
1778636131.8468208,378.62437891960144,2219,rx,2730,16000,1,pcm_u8,2730,0.17174744606018066
1778636132.0160298,378.7935879230499,2220,rx,2730,16000,1,pcm_u8,2730,0.16920900344848633
1778636132.1912537,378.968811750412,2221,rx,2730,16000,1,pcm_u8,2730,0.17522382736206055
1778636132.3556695,379.1332275867462,2222,rx,2730,16000,1,pcm_u8,2730,0.16441583633422852
1778636132.525592,379.30315017700195,2223,rx,2730,16000,1,pcm_u8,2730,0.1699225902557373
1778636132.6948607,379.4724187850952,2224,rx,2730,16000,1,pcm_u8,2730,0.16926860809326172
1778636132.8699634,379.6475214958191,2225,rx,2730,16000,1,pcm_u8,2730,0.17510271072387695
1778636133.0399408,379.817498922348,2226,rx,2730,16000,1,pcm_u8,2730,0.16997742652893066
1778636133.2070208,379.98457884788513,2227,rx,2730,16000,1,pcm_u8,2730,0.16707992553710938
1778636133.3790753,380.1566333770752,2228,rx,2730,16000,1,pcm_u8,2730,0.17205452919006348
1778636133.5499713,380.3275294303894,2229,rx,2730,16000,1,pcm_u8,2730,0.17089605331420898
1778636133.718737,380.49629497528076,2230,rx,2730,16000,1,pcm_u8,2730,0.16876554489135742
1778636133.889594,380.6671521663666,2231,rx,2730,16000,1,pcm_u8,2730,0.17085719108581543
1778636134.0622933,380.83985137939453,2232,rx,2730,16000,1,pcm_u8,2730,0.1726992130279541
1778636134.233525,381.0110831260681,2233,rx,2730,16000,1,pcm_u8,2730,0.17123174667358398
1778636134.401982,381.1795401573181,2234,rx,2730,16000,1,pcm_u8,2730,0.16845703125
1778636134.5751145,381.3526725769043,2235,rx,2730,16000,1,pcm_u8,2730,0.17313241958618164
1778636134.7438517,381.52140974998474,2236,rx,2730,16000,1,pcm_u8,2730,0.16873717308044434
1778636134.9132013,381.6907594203949,2237,rx,2730,16000,1,pcm_u8,2730,0.16934967041015625
1778636135.0855675,381.86312556266785,2238,rx,2730,16000,1,pcm_u8,2730,0.17236614227294922
1778636135.2560258,382.0335838794708,2239,rx,2730,16000,1,pcm_u8,2730,0.17045831680297852
1778636135.433569,382.2111270427704,2240,rx,2730,16000,1,pcm_u8,2730,0.17754316329956055
1778636135.5974057,382.374963760376,2241,rx,2730,16000,1,pcm_u8,2730,0.16383671760559082
1778636135.7669075,382.5444655418396,2242,rx,2730,16000,1,pcm_u8,2730,0.16950178146362305
1778636135.9376569,382.71521496772766,2243,rx,2730,16000,1,pcm_u8,2730,0.17074942588806152
1778636136.110523,382.888081073761,2244,rx,2730,16000,1,pcm_u8,2730,0.1728661060333252
1778636136.2872853,383.064843416214,2245,rx,2730,16000,1,pcm_u8,2730,0.17676234245300293
1778636136.450396,383.2279541492462,2246,rx,2730,16000,1,pcm_u8,2730,0.16311073303222656
1778636136.6223285,383.3998866081238,2247,rx,2730,16000,1,pcm_u8,2730,0.17193245887756348
1778636136.791199,383.56875705718994,2248,rx,2730,16000,1,pcm_u8,2730,0.1688704490661621
1778636136.9646788,383.7422368526459,2249,rx,2730,16000,1,pcm_u8,2730,0.17347979545593262
1778636137.1342902,383.9118483066559,2250,rx,2730,16000,1,pcm_u8,2730,0.16961145401000977
1778636137.3079429,384.08550095558167,2251,rx,2730,16000,1,pcm_u8,2730,0.17365264892578125
1778636137.4879837,384.2655417919159,2252,rx,2730,16000,1,pcm_u8,2730,0.18004083633422852
1778636137.6504438,384.42800188064575,2253,rx,2730,16000,1,pcm_u8,2730,0.1624600887298584
1778636137.8243623,384.60192036628723,2254,rx,2730,16000,1,pcm_u8,2730,0.1739184856414795
1778636137.9907227,384.7682807445526,2255,rx,2730,16000,1,pcm_u8,2730,0.16636037826538086
1778636138.1648357,384.94239377975464,2256,rx,2730,16000,1,pcm_u8,2730,0.17411303520202637
1778636138.3395767,385.117134809494,2257,rx,2730,16000,1,pcm_u8,2730,0.17474102973937988
1778636138.5019262,385.2794842720032,2258,rx,2730,16000,1,pcm_u8,2730,0.16234946250915527
1778636138.6730878,385.4506459236145,2259,rx,2730,16000,1,pcm_u8,2730,0.17116165161132812
1778636138.8432212,385.62077927589417,2260,rx,2730,16000,1,pcm_u8,2730,0.17013335227966309
1778636139.0155487,385.7931067943573,2261,rx,2730,16000,1,pcm_u8,2730,0.17232751846313477
1778636139.1897433,385.9673013687134,2262,rx,2730,16000,1,pcm_u8,2730,0.1741945743560791
1778636139.3563166,386.1338746547699,2263,rx,2730,16000,1,pcm_u8,2730,0.16657328605651855
1778636139.5254662,386.3030242919922,2264,rx,2730,16000,1,pcm_u8,2730,0.16914963722229004
1778636139.6972616,386.47481966018677,2265,rx,2730,16000,1,pcm_u8,2730,0.17179536819458008
1778636139.8672607,386.6448187828064,2266,rx,2730,16000,1,pcm_u8,2730,0.1699991226196289
1778636140.043012,386.82056999206543,2267,rx,2730,16000,1,pcm_u8,2730,0.1757512092590332
1778636140.2063205,386.9838786125183,2268,rx,2730,16000,1,pcm_u8,2730,0.16330862045288086
1778636140.3799183,387.1574764251709,2269,rx,2730,16000,1,pcm_u8,2730,0.1735978126525879
1778636140.5476384,387.3251965045929,2270,rx,2730,16000,1,pcm_u8,2730,0.16772007942199707
1778636140.7195637,387.4971218109131,2271,rx,2730,16000,1,pcm_u8,2730,0.17192530632019043
1778636140.886946,387.6645040512085,2272,rx,2730,16000,1,pcm_u8,2730,0.16738224029541016
1778636141.0631063,387.84066438674927,2273,rx,2730,16000,1,pcm_u8,2730,0.17616033554077148
1778636141.2338376,388.0113956928253,2274,rx,2730,16000,1,pcm_u8,2730,0.1707313060760498
1778636141.3994863,388.1770443916321,2275,rx,2730,16000,1,pcm_u8,2730,0.1656486988067627
1778636141.5710359,388.3485939502716,2276,rx,2730,16000,1,pcm_u8,2730,0.17154955863952637
1778636141.7414193,388.51897740364075,2277,rx,2730,16000,1,pcm_u8,2730,0.17038345336914062
1778636141.911716,388.6892740726471,2278,rx,2730,16000,1,pcm_u8,2730,0.17029666900634766
1778636142.0833354,388.8608934879303,2279,rx,2730,16000,1,pcm_u8,2730,0.17161941528320312
1778636142.25243,389.0299880504608,2280,rx,2730,16000,1,pcm_u8,2730,0.16909456253051758
1778636142.4233413,389.2008993625641,2281,rx,2730,16000,1,pcm_u8,2730,0.17091131210327148
1778636142.5939925,389.37155055999756,2282,rx,2730,16000,1,pcm_u8,2730,0.17065119743347168
1778636142.76455,389.54210805892944,2283,rx,2730,16000,1,pcm_u8,2730,0.17055749893188477
1778636142.9366174,389.7141754627228,2284,rx,2730,16000,1,pcm_u8,2730,0.17206740379333496
1778636143.1061945,389.8837525844574,2285,rx,2730,16000,1,pcm_u8,2730,0.16957712173461914
1778636143.2770798,390.05463790893555,2286,rx,2730,16000,1,pcm_u8,2730,0.17088532447814941
1778636143.4473886,390.22494673728943,2287,rx,2730,16000,1,pcm_u8,2730,0.17030882835388184
1778636143.6209621,390.39852023124695,2288,rx,2730,16000,1,pcm_u8,2730,0.17357349395751953
1778636143.788984,390.5665421485901,2289,rx,2730,16000,1,pcm_u8,2730,0.16802191734313965
1778636143.9600124,390.7375705242157,2290,rx,2730,16000,1,pcm_u8,2730,0.17102837562561035
1778636144.1321256,390.9096837043762,2291,rx,2730,16000,1,pcm_u8,2730,0.17211318016052246
1778636144.3006904,391.078248500824,2292,rx,2730,16000,1,pcm_u8,2730,0.1685647964477539
1778636144.4735954,391.2511534690857,2293,rx,2730,16000,1,pcm_u8,2730,0.17290496826171875
1778636144.642336,391.41989398002625,2294,rx,2730,16000,1,pcm_u8,2730,0.16874051094055176
1778636144.8152277,391.5927858352661,2295,rx,2730,16000,1,pcm_u8,2730,0.17289185523986816
1778636144.9849153,391.76247334480286,2296,rx,2730,16000,1,pcm_u8,2730,0.16968750953674316
1778636145.1593459,391.93690395355225,2297,rx,2730,16000,1,pcm_u8,2730,0.17443060874938965
1778636145.3305147,392.10807275772095,2298,rx,2730,16000,1,pcm_u8,2730,0.17116880416870117
1778636145.5001729,392.27773094177246,2299,rx,2730,16000,1,pcm_u8,2730,0.16965818405151367
1778636145.6716294,392.44918751716614,2300,rx,2730,16000,1,pcm_u8,2730,0.17145657539367676
1778636145.8433542,392.6209123134613,2301,rx,2730,16000,1,pcm_u8,2730,0.17172479629516602
1778636146.01156,392.78911805152893,2302,rx,2730,16000,1,pcm_u8,2730,0.16820573806762695
1778636146.1889849,392.96654295921326,2303,rx,2730,16000,1,pcm_u8,2730,0.17742490768432617
1778636146.3542519,393.1318099498749,2304,rx,2730,16000,1,pcm_u8,2730,0.1652669906616211
1778636146.52488,393.3024380207062,2305,rx,2730,16000,1,pcm_u8,2730,0.17062807083129883
1778636146.6970122,393.474570274353,2306,rx,2730,16000,1,pcm_u8,2730,0.17213225364685059
1778636146.8874679,393.66502594947815,2307,rx,2730,16000,1,pcm_u8,2730,0.19045567512512207
1778636147.0852468,393.86280488967896,2308,rx,2730,16000,1,pcm_u8,2730,0.19777894020080566
1778636147.2076445,393.98520255088806,2309,rx,2730,16000,1,pcm_u8,2730,0.12239766120910645
1778636147.392149,394.16970705986023,2310,rx,2730,16000,1,pcm_u8,2730,0.18450450897216797
1778636147.5583212,394.3358793258667,2311,rx,2730,16000,1,pcm_u8,2730,0.16617226600646973
1778636147.7196436,394.4972016811371,2312,rx,2730,16000,1,pcm_u8,2730,0.16132235527038574
1778636147.896066,394.6736240386963,2313,rx,2730,16000,1,pcm_u8,2730,0.1764223575592041
1778636148.0807278,394.85828590393066,2314,rx,2730,16000,1,pcm_u8,2730,0.184661865234375
1778636148.280837,395.0583951473236,2315,rx,2730,16000,1,pcm_u8,2730,0.20010924339294434
1778636148.4892647,395.2668228149414,2316,rx,2730,16000,1,pcm_u8,2730,0.20842766761779785
1778636148.695205,395.47276306152344,2317,rx,2730,16000,1,pcm_u8,2730,0.20594024658203125
1778636148.897924,395.6754820346832,2318,rx,2730,16000,1,pcm_u8,2730,0.20271897315979004
1778636148.916727,395.69428515434265,2319,rx,2730,16000,1,pcm_u8,2730,0.018803119659423828
1778636149.1243463,395.9019043445587,2320,rx,2730,16000,1,pcm_u8,2730,0.20761919021606445
1778636149.321664,396.09922218322754,2321,rx,2730,16000,1,pcm_u8,2730,0.19731783866882324
1778636149.527843,396.30540108680725,2322,rx,2730,16000,1,pcm_u8,2730,0.20617890357971191
1778636149.7239723,396.50153040885925,2323,rx,2730,16000,1,pcm_u8,2730,0.19612932205200195
1778636149.7622216,396.53977966308594,2324,rx,2730,16000,1,pcm_u8,2730,0.03824925422668457
1778636149.9520721,396.7296302318573,2325,rx,2730,16000,1,pcm_u8,2730,0.1898505687713623
1778636150.1632452,396.94080328941345,2326,rx,2730,16000,1,pcm_u8,2730,0.21117305755615234
1778636150.3476887,397.12524676322937,2327,rx,2730,16000,1,pcm_u8,2730,0.18444347381591797
1778636150.5516992,397.32925724983215,2328,rx,2730,16000,1,pcm_u8,2730,0.2040104866027832
1778636150.749628,397.5271861553192,2329,rx,2730,16000,1,pcm_u8,2730,0.19792890548706055
1778636150.7863376,397.56389570236206,2330,rx,2730,16000,1,pcm_u8,2730,0.03670954704284668
1778636150.9785383,397.7560963630676,2331,rx,2730,16000,1,pcm_u8,2730,0.1922006607055664
1778636151.1792932,397.9568512439728,2332,rx,2730,16000,1,pcm_u8,2730,0.20075488090515137
1778636151.382564,398.1601221561432,2333,rx,2730,16000,1,pcm_u8,2730,0.20327091217041016
1778636151.5823808,398.3599388599396,2334,rx,2730,16000,1,pcm_u8,2730,0.19981670379638672
1778636151.7893236,398.56688165664673,2335,rx,2730,16000,1,pcm_u8,2730,0.20694279670715332
1778636151.8117647,398.58932280540466,2336,rx,2730,16000,1,pcm_u8,2730,0.02244114875793457
1778636152.0112033,398.7887613773346,2337,rx,2730,16000,1,pcm_u8,2730,0.19943857192993164
1778636152.202609,398.98016715049744,2338,rx,2730,16000,1,pcm_u8,2730,0.1914057731628418
1778636152.4065623,399.18412041664124,2339,rx,2730,16000,1,pcm_u8,2730,0.20395326614379883
1778636152.6197941,399.39735221862793,2340,rx,2730,16000,1,pcm_u8,2730,0.21323180198669434
1778636152.8158953,399.5934534072876,2341,rx,2730,16000,1,pcm_u8,2730,0.19610118865966797
1778636152.8419912,399.6195492744446,2342,rx,2730,16000,1,pcm_u8,2730,0.026095867156982422
1778636153.0522215,399.82977962493896,2343,rx,2730,16000,1,pcm_u8,2730,0.21023035049438477
1778636153.1848154,399.96237349510193,2344,rx,2730,16000,1,pcm_u8,2730,0.13259387016296387
1778636153.3518672,400.1294252872467,2345,rx,2730,16000,1,pcm_u8,2730,0.1670517921447754
1778636153.5263233,400.30388140678406,2346,rx,2730,16000,1,pcm_u8,2730,0.17445611953735352
1778636153.692105,400.46966314315796,2347,rx,2730,16000,1,pcm_u8,2730,0.16578173637390137
1778636153.8652358,400.6427938938141,2348,rx,2730,16000,1,pcm_u8,2730,0.17313075065612793
1778636154.0351746,400.8127326965332,2349,rx,2730,16000,1,pcm_u8,2730,0.1699388027191162
1778636154.2002323,400.9777903556824,2350,rx,2730,16000,1,pcm_u8,2730,0.16505765914916992
1778636154.37595,401.15350818634033,2351,rx,2730,16000,1,pcm_u8,2730,0.17571783065795898
1778636154.542529,401.32008719444275,2352,rx,2730,16000,1,pcm_u8,2730,0.166579008102417
1778636154.7118652,401.4894232749939,2353,rx,2730,16000,1,pcm_u8,2730,0.16933608055114746
1778636154.883305,401.66086316108704,2354,rx,2730,16000,1,pcm_u8,2730,0.17143988609313965
1778636155.0564492,401.8340072631836,2355,rx,2730,16000,1,pcm_u8,2730,0.17314410209655762
1778636155.2283204,402.0058784484863,2356,rx,2730,16000,1,pcm_u8,2730,0.17187118530273438
1778636155.3946815,402.17223954200745,2357,rx,2730,16000,1,pcm_u8,2730,0.16636109352111816
1778636155.5666218,402.3441798686981,2358,rx,2730,16000,1,pcm_u8,2730,0.17194032669067383
1778636155.7361135,402.5136716365814,2359,rx,2730,16000,1,pcm_u8,2730,0.16949176788330078
1778636155.907358,402.6849160194397,2360,rx,2730,16000,1,pcm_u8,2730,0.17124438285827637
1778636156.0875733,402.8651313781738,2361,rx,2730,16000,1,pcm_u8,2730,0.18021535873413086
1778636156.2481773,403.0257353782654,2362,rx,2730,16000,1,pcm_u8,2730,0.16060400009155273
1778636156.4221263,403.199684381485,2363,rx,2730,16000,1,pcm_u8,2730,0.1739490032196045
1778636156.595542,403.37310004234314,2364,rx,2730,16000,1,pcm_u8,2730,0.1734156608581543
1778636156.7623386,403.5398967266083,2365,rx,2730,16000,1,pcm_u8,2730,0.16679668426513672
1778636156.933979,403.71153712272644,2366,rx,2730,16000,1,pcm_u8,2730,0.17164039611816406
1778636157.1087053,403.8862633705139,2367,rx,2730,16000,1,pcm_u8,2730,0.17472624778747559
1778636157.275295,404.0528531074524,2368,rx,2730,16000,1,pcm_u8,2730,0.16658973693847656
1778636157.4428272,404.22038531303406,2369,rx,2730,16000,1,pcm_u8,2730,0.16753220558166504
1778636157.6145089,404.3920669555664,2370,rx,2730,16000,1,pcm_u8,2730,0.17168164253234863
1778636157.7865791,404.5641372203827,2371,rx,2730,16000,1,pcm_u8,2730,0.17207026481628418
1778636157.9550104,404.73256850242615,2372,rx,2730,16000,1,pcm_u8,2730,0.16843128204345703
1778636158.1357677,404.9133257865906,2373,rx,2730,16000,1,pcm_u8,2730,0.1807572841644287
1778636158.2959032,405.0734612941742,2374,rx,2730,16000,1,pcm_u8,2730,0.16013550758361816
1778636158.4707525,405.2483105659485,2375,rx,2730,16000,1,pcm_u8,2730,0.174849271774292
1778636158.6380863,405.41564440727234,2376,rx,2730,16000,1,pcm_u8,2730,0.16733384132385254
1778636158.8107638,405.5883219242096,2377,rx,2730,16000,1,pcm_u8,2730,0.17267751693725586
1778636158.9838533,405.76141142845154,2378,rx,2730,16000,1,pcm_u8,2730,0.17308950424194336
1778636159.1536202,405.9311783313751,2379,rx,2730,16000,1,pcm_u8,2730,0.16976690292358398
1778636159.3303616,406.10791969299316,2380,rx,2730,16000,1,pcm_u8,2730,0.176741361618042
1778636159.4973402,406.27489829063416,2381,rx,2730,16000,1,pcm_u8,2730,0.1669785976409912
1778636159.6684067,406.4459648132324,2382,rx,2730,16000,1,pcm_u8,2730,0.1710665225982666
1778636159.8371034,406.6146614551544,2383,rx,2730,16000,1,pcm_u8,2730,0.16869664192199707
1778636160.0072687,406.7848267555237,2384,rx,2730,16000,1,pcm_u8,2730,0.1701653003692627
1778636160.1754205,406.95297861099243,2385,rx,2730,16000,1,pcm_u8,2730,0.16815185546875
1778636160.344678,407.1222360134125,2386,rx,2730,16000,1,pcm_u8,2730,0.16925740242004395
1778636160.5193076,407.2968657016754,2387,rx,2730,16000,1,pcm_u8,2730,0.17462968826293945
1778636160.6870413,407.4645993709564,2388,rx,2730,16000,1,pcm_u8,2730,0.16773366928100586
1778636160.856968,407.634526014328,2389,rx,2730,16000,1,pcm_u8,2730,0.16992664337158203
1778636161.0323615,407.8099195957184,2390,rx,2730,16000,1,pcm_u8,2730,0.17539358139038086
1778636161.198244,407.97580218315125,2391,rx,2730,16000,1,pcm_u8,2730,0.16588258743286133
1778636161.371304,408.1488621234894,2392,rx,2730,16000,1,pcm_u8,2730,0.17305994033813477
1778636161.539712,408.3172700405121,2393,rx,2730,16000,1,pcm_u8,2730,0.16840791702270508
1778636161.7101986,408.487756729126,2394,rx,2730,16000,1,pcm_u8,2730,0.1704866886138916
1778636161.8829222,408.660480260849,2395,rx,2730,16000,1,pcm_u8,2730,0.17272353172302246
1778636162.0519629,408.82952094078064,2396,rx,2730,16000,1,pcm_u8,2730,0.16904067993164062
1778636162.2304642,409.0080223083496,2397,rx,2730,16000,1,pcm_u8,2730,0.17850136756896973
1778636162.392568,409.1701261997223,2398,rx,2730,16000,1,pcm_u8,2730,0.16210389137268066
1778636162.5638332,409.34139132499695,2399,rx,2730,16000,1,pcm_u8,2730,0.1712651252746582
1778636162.7341688,409.5117268562317,2400,rx,2730,16000,1,pcm_u8,2730,0.1703355312347412
1778636162.9047337,409.6822917461395,2401,rx,2730,16000,1,pcm_u8,2730,0.17056488990783691
1778636163.0812924,409.858850479126,2402,rx,2730,16000,1,pcm_u8,2730,0.1765587329864502
1778636163.2462645,410.02382254600525,2403,rx,2730,16000,1,pcm_u8,2730,0.16497206687927246
1778636163.4190648,410.19662284851074,2404,rx,2730,16000,1,pcm_u8,2730,0.17280030250549316
1778636163.5877953,410.365353345871,2405,rx,2730,16000,1,pcm_u8,2730,0.1687304973602295
1778636163.7590585,410.536616563797,2406,rx,2730,16000,1,pcm_u8,2730,0.1712632179260254
1778636163.936357,410.7139151096344,2407,rx,2730,16000,1,pcm_u8,2730,0.17729854583740234
1778636164.099429,410.87698698043823,2408,rx,2730,16000,1,pcm_u8,2730,0.163071870803833
1778636164.2718005,411.0493586063385,2409,rx,2730,16000,1,pcm_u8,2730,0.17237162590026855
1778636164.4418836,411.219441652298,2410,rx,2730,16000,1,pcm_u8,2730,0.17008304595947266
1778636164.6113248,411.3888828754425,2411,rx,2730,16000,1,pcm_u8,2730,0.16944122314453125
1778636164.7844076,411.56196570396423,2412,rx,2730,16000,1,pcm_u8,2730,0.17308282852172852
1778636164.9531996,411.73075771331787,2413,rx,2730,16000,1,pcm_u8,2730,0.1687920093536377
1778636165.1292784,411.9068365097046,2414,rx,2730,16000,1,pcm_u8,2730,0.17607879638671875
1778636165.3003893,412.07794737815857,2415,rx,2730,16000,1,pcm_u8,2730,0.1711108684539795
1778636165.468257,412.24581503868103,2416,rx,2730,16000,1,pcm_u8,2730,0.16786766052246094
1778636165.6392016,412.4167597293854,2417,rx,2730,16000,1,pcm_u8,2730,0.1709446907043457
1778636165.8111851,412.58874320983887,2418,rx,2730,16000,1,pcm_u8,2730,0.1719834804534912
1778636165.9847376,412.7622957229614,2419,rx,2730,16000,1,pcm_u8,2730,0.1735525131225586
1778636166.1519325,412.92949056625366,2420,rx,2730,16000,1,pcm_u8,2730,0.16719484329223633
1778636166.3234613,413.1010193824768,2421,rx,2730,16000,1,pcm_u8,2730,0.17152881622314453
1778636166.4894416,413.2669997215271,2422,rx,2730,16000,1,pcm_u8,2730,0.16598033905029297
1778636166.6627612,413.4403192996979,2423,rx,2730,16000,1,pcm_u8,2730,0.17331957817077637
1778636166.8305204,413.60807847976685,2424,rx,2730,16000,1,pcm_u8,2730,0.16775918006896973
1778636167.00124,413.7787981033325,2425,rx,2730,16000,1,pcm_u8,2730,0.17071962356567383
1778636167.1765988,413.95415687561035,2426,rx,2730,16000,1,pcm_u8,2730,0.17535877227783203
1778636167.341924,414.1194820404053,2427,rx,2730,16000,1,pcm_u8,2730,0.16532516479492188
1778636167.5134497,414.2910077571869,2428,rx,2730,16000,1,pcm_u8,2730,0.1715257167816162
1778636167.6881585,414.4657166004181,2429,rx,2730,16000,1,pcm_u8,2730,0.17470884323120117
1778636167.8568845,414.6344425678253,2430,rx,2730,16000,1,pcm_u8,2730,0.16872596740722656
1778636168.0284982,414.8060562610626,2431,rx,2730,16000,1,pcm_u8,2730,0.1716136932373047
1778636168.1960218,414.97357988357544,2432,rx,2730,16000,1,pcm_u8,2730,0.16752362251281738
1778636168.3708875,415.1484456062317,2433,rx,2730,16000,1,pcm_u8,2730,0.17486572265625
1778636168.5369167,415.3144748210907,2434,rx,2730,16000,1,pcm_u8,2730,0.1660292148590088
1778636168.7084281,415.48598623275757,2435,rx,2730,16000,1,pcm_u8,2730,0.17151141166687012
1778636168.8799157,415.6574738025665,2436,rx,2730,16000,1,pcm_u8,2730,0.17148756980895996
1778636169.049472,415.82703018188477,2437,rx,2730,16000,1,pcm_u8,2730,0.1695563793182373
1778636169.220425,415.9979829788208,2438,rx,2730,16000,1,pcm_u8,2730,0.17095279693603516
1778636169.3903031,416.1678612232208,2439,rx,2730,16000,1,pcm_u8,2730,0.16987824440002441
1778636169.5638714,416.3414294719696,2440,rx,2730,16000,1,pcm_u8,2730,0.1735682487487793
1778636169.7315252,416.5090832710266,2441,rx,2730,16000,1,pcm_u8,2730,0.16765379905700684
1778636169.9031162,416.6806743144989,2442,rx,2730,16000,1,pcm_u8,2730,0.17159104347229004
1778636170.0778356,416.8553936481476,2443,rx,2730,16000,1,pcm_u8,2730,0.17471933364868164
1778636170.2439096,417.02146768569946,2444,rx,2730,16000,1,pcm_u8,2730,0.16607403755187988
1778636170.4187117,417.1962697505951,2445,rx,2730,16000,1,pcm_u8,2730,0.17480206489562988
1778636170.586355,417.3639130592346,2446,rx,2730,16000,1,pcm_u8,2730,0.16764330863952637
1778636170.7581117,417.5356698036194,2447,rx,2730,16000,1,pcm_u8,2730,0.17175674438476562
1778636170.935627,417.7131850719452,2448,rx,2730,16000,1,pcm_u8,2730,0.17751526832580566
1778636171.117482,417.8950400352478,2449,rx,2730,16000,1,pcm_u8,2730,0.1818549633026123
1778636171.2709436,418.0485017299652,2450,rx,2730,16000,1,pcm_u8,2730,0.15346169471740723
1778636171.4461112,418.2236692905426,2451,rx,2730,16000,1,pcm_u8,2730,0.17516756057739258
1778636171.618116,418.39567399024963,2452,rx,2730,16000,1,pcm_u8,2730,0.17200469970703125
1778636171.779542,418.55710005760193,2453,rx,2730,16000,1,pcm_u8,2730,0.16142606735229492
1778636171.9514635,418.72902154922485,2454,rx,2730,16000,1,pcm_u8,2730,0.1719214916229248
1778636172.1235244,418.90108251571655,2455,rx,2730,16000,1,pcm_u8,2730,0.17206096649169922
1778636172.2932017,419.0707597732544,2456,rx,2730,16000,1,pcm_u8,2730,0.1696772575378418
1778636172.466983,419.2445411682129,2457,rx,2730,16000,1,pcm_u8,2730,0.1737813949584961
1778636172.63571,419.41326808929443,2458,rx,2730,16000,1,pcm_u8,2730,0.16872692108154297
1778636172.8038492,419.5814073085785,2459,rx,2730,16000,1,pcm_u8,2730,0.16813921928405762
1778636172.9764695,419.75402760505676,2460,rx,2730,16000,1,pcm_u8,2730,0.17262029647827148
1778636173.1473951,419.9249532222748,2461,rx,2730,16000,1,pcm_u8,2730,0.17092561721801758
1778636173.3165667,420.09412479400635,2462,rx,2730,16000,1,pcm_u8,2730,0.16917157173156738
1778636173.4887936,420.2663516998291,2463,rx,2730,16000,1,pcm_u8,2730,0.1722269058227539
1778636173.6675618,420.4451198577881,2464,rx,2730,16000,1,pcm_u8,2730,0.17876815795898438
1778636173.8284729,420.6060309410095,2465,rx,2730,16000,1,pcm_u8,2730,0.16091108322143555
1778636173.9986484,420.7762064933777,2466,rx,2730,16000,1,pcm_u8,2730,0.17017555236816406
1778636174.170261,420.9478189945221,2467,rx,2730,16000,1,pcm_u8,2730,0.17161250114440918
1778636174.3406062,421.1181643009186,2468,rx,2730,16000,1,pcm_u8,2730,0.17034530639648438
1778636174.5154047,421.2929627895355,2469,rx,2730,16000,1,pcm_u8,2730,0.17479848861694336
1778636174.681227,421.45878505706787,2470,rx,2730,16000,1,pcm_u8,2730,0.16582226753234863
1778636174.853108,421.63066601753235,2471,rx,2730,16000,1,pcm_u8,2730,0.17188096046447754
1778636175.0256417,421.8031997680664,2472,rx,2730,16000,1,pcm_u8,2730,0.17253375053405762
1778636175.1948495,421.972407579422,2473,rx,2730,16000,1,pcm_u8,2730,0.16920781135559082
1778636175.364329,422.14188718795776,2474,rx,2730,16000,1,pcm_u8,2730,0.1694796085357666
1778636175.535198,422.31275606155396,2475,rx,2730,16000,1,pcm_u8,2730,0.1708688735961914
1778636175.7069862,422.48454427719116,2476,rx,2730,16000,1,pcm_u8,2730,0.17178821563720703
1778636175.8758159,422.6533739566803,2477,rx,2730,16000,1,pcm_u8,2730,0.16882967948913574
1778636176.0475724,422.8251304626465,2478,rx,2730,16000,1,pcm_u8,2730,0.17175650596618652
1778636176.2226934,423.00025153160095,2479,rx,2730,16000,1,pcm_u8,2730,0.17512106895446777
1778636176.3883789,423.1659369468689,2480,rx,2730,16000,1,pcm_u8,2730,0.16568541526794434
1778636176.5615954,423.3391535282135,2481,rx,2730,16000,1,pcm_u8,2730,0.1732165813446045
1778636176.737259,423.5148169994354,2482,rx,2730,16000,1,pcm_u8,2730,0.17566347122192383
1778636176.9038055,423.6813635826111,2483,rx,2730,16000,1,pcm_u8,2730,0.16654658317565918
1778636177.078416,423.8559741973877,2484,rx,2730,16000,1,pcm_u8,2730,0.17461061477661133
1778636177.2485304,424.02608847618103,2485,rx,2730,16000,1,pcm_u8,2730,0.17011427879333496
1778636177.4170883,424.19464635849,2486,rx,2730,16000,1,pcm_u8,2730,0.16855788230895996
1778636177.5888364,424.3663945198059,2487,rx,2730,16000,1,pcm_u8,2730,0.17174816131591797
1778636177.7564921,424.53405022621155,2488,rx,2730,16000,1,pcm_u8,2730,0.16765570640563965
1778636177.93023,424.70778799057007,2489,rx,2730,16000,1,pcm_u8,2730,0.1737377643585205
1778636178.0979085,424.8754665851593,2490,rx,2730,16000,1,pcm_u8,2730,0.1676785945892334
1778636178.2743967,425.05195474624634,2491,rx,2730,16000,1,pcm_u8,2730,0.17648816108703613
1778636178.4404938,425.2180519104004,2492,rx,2730,16000,1,pcm_u8,2730,0.16609716415405273
1778636178.6141298,425.39168787002563,2493,rx,2730,16000,1,pcm_u8,2730,0.17363595962524414
1778636178.7781484,425.5557065010071,2494,rx,2730,16000,1,pcm_u8,2730,0.1640186309814453
1778636178.9553518,425.7329099178314,2495,rx,2730,16000,1,pcm_u8,2730,0.17720341682434082
1778636179.1235878,425.9011459350586,2496,rx,2730,16000,1,pcm_u8,2730,0.16823601722717285
1778636179.2922444,426.0698025226593,2497,rx,2730,16000,1,pcm_u8,2730,0.168656587600708
1778636179.4639966,426.24155473709106,2498,rx,2730,16000,1,pcm_u8,2730,0.1717522144317627
1778636179.631095,426.40865302085876,2499,rx,2730,16000,1,pcm_u8,2730,0.1670982837677002
1778636179.8023903,426.57994842529297,2500,rx,2730,16000,1,pcm_u8,2730,0.1712954044342041
1778636179.9753525,426.7529106140137,2501,rx,2730,16000,1,pcm_u8,2730,0.17296218872070312
1778636180.1433983,426.9209563732147,2502,rx,2730,16000,1,pcm_u8,2730,0.1680457592010498
1778636180.313917,427.0914750099182,2503,rx,2730,16000,1,pcm_u8,2730,0.1705186367034912
1778636180.4842823,427.26184034347534,2504,rx,2730,16000,1,pcm_u8,2730,0.1703653335571289
1778636180.657404,427.43496203422546,2505,rx,2730,16000,1,pcm_u8,2730,0.17312169075012207
1778636180.8360763,427.61363434791565,2506,rx,2730,16000,1,pcm_u8,2730,0.17867231369018555
1778636180.9971905,427.7747485637665,2507,rx,2730,16000,1,pcm_u8,2730,0.16111421585083008
1778636181.172698,427.95025610923767,2508,rx,2730,16000,1,pcm_u8,2730,0.1755075454711914
1778636181.3384652,428.11602330207825,2509,rx,2730,16000,1,pcm_u8,2730,0.16576719284057617
1778636181.5099587,428.2875168323517,2510,rx,2730,16000,1,pcm_u8,2730,0.1714935302734375
1778636181.6791897,428.45674777030945,2511,rx,2730,16000,1,pcm_u8,2730,0.16923093795776367
1778636181.8506188,428.6281769275665,2512,rx,2730,16000,1,pcm_u8,2730,0.17142915725708008
1778636182.0215862,428.7991442680359,2513,rx,2730,16000,1,pcm_u8,2730,0.17096734046936035
1778636182.1910324,428.9685904979706,2514,rx,2730,16000,1,pcm_u8,2730,0.16944622993469238
1778636182.363189,429.1407470703125,2515,rx,2730,16000,1,pcm_u8,2730,0.17215657234191895
1778636182.5328434,429.31040143966675,2516,rx,2730,16000,1,pcm_u8,2730,0.16965436935424805
1778636182.7030187,429.48057675361633,2517,rx,2730,16000,1,pcm_u8,2730,0.17017531394958496
1778636182.8739061,429.6514642238617,2518,rx,2730,16000,1,pcm_u8,2730,0.17088747024536133
1778636183.044124,429.82168197631836,2519,rx,2730,16000,1,pcm_u8,2730,0.17021775245666504
1778636183.2251215,430.0026795864105,2520,rx,2730,16000,1,pcm_u8,2730,0.18099761009216309
1778636183.3858988,430.1634569168091,2521,rx,2730,16000,1,pcm_u8,2730,0.16077733039855957
1778636183.556867,430.3344249725342,2522,rx,2730,16000,1,pcm_u8,2730,0.17096805572509766
1778636183.7320712,430.50962924957275,2523,rx,2730,16000,1,pcm_u8,2730,0.17520427703857422
1778636183.9051278,430.6826858520508,2524,rx,2730,16000,1,pcm_u8,2730,0.17305660247802734
1778636184.0741313,430.8516893386841,2525,rx,2730,16000,1,pcm_u8,2730,0.16900348663330078
1778636184.239468,431.0170261859894,2526,rx,2730,16000,1,pcm_u8,2730,0.16533684730529785
1778636184.4130926,431.1906507015228,2527,rx,2730,16000,1,pcm_u8,2730,0.17362451553344727
1778636184.584524,431.3620820045471,2528,rx,2730,16000,1,pcm_u8,2730,0.171431303024292
1778636184.7511299,431.528687953949,2529,rx,2730,16000,1,pcm_u8,2730,0.16660594940185547
1778636184.9233444,431.7009024620056,2530,rx,2730,16000,1,pcm_u8,2730,0.17221450805664062
1778636185.094829,431.8723871707916,2531,rx,2730,16000,1,pcm_u8,2730,0.17148470878601074
1778636185.2667272,432.0442852973938,2532,rx,2730,16000,1,pcm_u8,2730,0.17189812660217285
1778636185.434056,432.2116141319275,2533,rx,2730,16000,1,pcm_u8,2730,0.1673288345336914
1778636185.6047242,432.3822822570801,2534,rx,2730,16000,1,pcm_u8,2730,0.1706681251525879
1778636185.7779653,432.55552339553833,2535,rx,2730,16000,1,pcm_u8,2730,0.17324113845825195
1778636185.947998,432.7255561351776,2536,rx,2730,16000,1,pcm_u8,2730,0.17003273963928223
1778636186.1211135,432.8986716270447,2537,rx,2730,16000,1,pcm_u8,2730,0.17311549186706543
1778636186.2872972,433.06485533714294,2538,rx,2730,16000,1,pcm_u8,2730,0.1661837100982666
1778636186.4587188,433.2362768650055,2539,rx,2730,16000,1,pcm_u8,2730,0.17142152786254883
1778636186.6286495,433.4062075614929,2540,rx,2730,16000,1,pcm_u8,2730,0.16993069648742676
1778636186.7991135,433.5766716003418,2541,rx,2730,16000,1,pcm_u8,2730,0.17046403884887695
1778636186.970603,433.7481610774994,2542,rx,2730,16000,1,pcm_u8,2730,0.17148947715759277
1778636187.1405258,433.9180839061737,2543,rx,2730,16000,1,pcm_u8,2730,0.1699228286743164
1778636187.3144825,434.09204053878784,2544,rx,2730,16000,1,pcm_u8,2730,0.17395663261413574
1778636187.4826107,434.26016879081726,2545,rx,2730,16000,1,pcm_u8,2730,0.16812825202941895
1778636187.6525226,434.43008065223694,2546,rx,2730,16000,1,pcm_u8,2730,0.16991186141967773
1778636187.8257263,434.60328435897827,2547,rx,2730,16000,1,pcm_u8,2730,0.173203706741333
1778636187.9945726,434.77213072776794,2548,rx,2730,16000,1,pcm_u8,2730,0.16884636878967285
1778636188.1677353,434.9452934265137,2549,rx,2730,16000,1,pcm_u8,2730,0.17316269874572754
1778636188.3358107,435.11336874961853,2550,rx,2730,16000,1,pcm_u8,2730,0.1680753231048584
1778636188.50684,435.28439807891846,2551,rx,2730,16000,1,pcm_u8,2730,0.17102932929992676
1778636188.677211,435.4547691345215,2552,rx,2730,16000,1,pcm_u8,2730,0.17037105560302734
1778636188.8509002,435.62845826148987,2553,rx,2730,16000,1,pcm_u8,2730,0.1736891269683838
1778636189.0244396,435.8019976615906,2554,rx,2730,16000,1,pcm_u8,2730,0.173539400100708
1778636189.1920917,435.96964979171753,2555,rx,2730,16000,1,pcm_u8,2730,0.16765213012695312
1778636189.3661015,436.1436595916748,2556,rx,2730,16000,1,pcm_u8,2730,0.1740097999572754
1778636189.539494,436.3170521259308,2557,rx,2730,16000,1,pcm_u8,2730,0.17339253425598145
1778636189.706034,436.48359203338623,2558,rx,2730,16000,1,pcm_u8,2730,0.16653990745544434
1778636189.8803024,436.65786051750183,2559,rx,2730,16000,1,pcm_u8,2730,0.17426848411560059
1778636190.0494735,436.82703161239624,2560,rx,2730,16000,1,pcm_u8,2730,0.16917109489440918
1778636190.2207298,436.9982879161835,2561,rx,2730,16000,1,pcm_u8,2730,0.17125630378723145
1778636190.3840473,437.1616053581238,2562,rx,2730,16000,1,pcm_u8,2730,0.16331744194030762
1778636190.484329,437.26188707351685,522,tx,2048,48000,1,pcm_s16le,1024,118.98853635787964
1778636190.4851844,437.26274251937866,523,tx,2048,48000,1,pcm_s16le,1024,0.0008554458618164062
1778636190.5140064,437.2915644645691,524,tx,2048,48000,1,pcm_s16le,1024,0.028821945190429688
1778636190.5430079,437.3205659389496,525,tx,2048,48000,1,pcm_s16le,1024,0.029001474380493164
1778636190.5442562,437.32181429862976,526,tx,2048,48000,1,pcm_s16le,1024,0.0012483596801757812
1778636190.5584846,437.3360426425934,2563,rx,2730,16000,1,pcm_u8,2730,0.1744372844696045
1778636190.572668,437.35022616386414,527,tx,2048,48000,1,pcm_s16le,1024,0.028411865234375
1778636190.601829,437.37938714027405,528,tx,2048,48000,1,pcm_s16le,1024,0.02916097640991211
1778636190.6310146,437.4085726737976,529,tx,2048,48000,1,pcm_s16le,1024,0.02918553352355957
1778636190.6316824,437.40924048423767,530,tx,2048,48000,1,pcm_s16le,1024,0.0006678104400634766
1778636190.660185,437.4377431869507,531,tx,2048,48000,1,pcm_s16le,1024,0.028502702713012695
1778636190.6899257,437.4674837589264,532,tx,2048,48000,1,pcm_s16le,1024,0.029740571975708008
1778636190.6905277,437.4680857658386,533,tx,2048,48000,1,pcm_s16le,1024,0.0006020069122314453
1778636190.7189002,437.49645829200745,534,tx,2048,48000,1,pcm_s16le,1024,0.028372526168823242
1778636190.7258358,437.5033938884735,2564,rx,2730,16000,1,pcm_u8,2730,0.16735124588012695
1778636190.748733,437.52629113197327,535,tx,2048,48000,1,pcm_s16le,1024,0.029832839965820312
1778636190.7786129,437.55617094039917,536,tx,2048,48000,1,pcm_s16le,1024,0.02987980842590332
1778636190.779893,437.55745100975037,537,tx,2048,48000,1,pcm_s16le,1024,0.001280069351196289
1778636190.8075416,437.58509969711304,538,tx,2048,48000,1,pcm_s16le,1024,0.0276486873626709
1778636190.837145,437.61470317840576,539,tx,2048,48000,1,pcm_s16le,1024,0.02960348129272461
1778636190.8667994,437.64435744285583,540,tx,2048,48000,1,pcm_s16le,1024,0.029654264450073242
1778636190.868108,437.6456661224365,541,tx,2048,48000,1,pcm_s16le,1024,0.0013086795806884766
1778636190.8959382,437.6734962463379,2565,rx,2730,16000,1,pcm_u8,2730,0.17010235786437988
1778636190.8969111,437.6744692325592,542,tx,2048,48000,1,pcm_s16le,1024,0.028803110122680664
1778636190.9264412,437.70399928092957,543,tx,2048,48000,1,pcm_s16le,1024,0.029530048370361328
1778636190.9270575,437.70461559295654,544,tx,2048,48000,1,pcm_s16le,1024,0.0006163120269775391
1778636190.9565709,437.73412895202637,545,tx,2048,48000,1,pcm_s16le,1024,0.02951335906982422
1778636190.9860046,437.76356267929077,546,tx,2048,48000,1,pcm_s16le,1024,0.029433727264404297
1778636191.0149875,437.7925455570221,547,tx,2048,48000,1,pcm_s16le,1024,0.028982877731323242
1778636191.0156732,437.7932312488556,548,tx,2048,48000,1,pcm_s16le,1024,0.0006856918334960938
1778636191.0443115,437.8218696117401,549,tx,2048,48000,1,pcm_s16le,1024,0.028638362884521484
1778636191.0731778,437.85073590278625,2566,rx,2730,16000,1,pcm_u8,2730,0.17723965644836426
1778636191.075186,437.852744102478,550,tx,2048,48000,1,pcm_s16le,1024,0.03087449073791504
1778636191.0762699,437.8538279533386,551,tx,2048,48000,1,pcm_s16le,1024,0.0010838508605957031
1778636191.1038423,437.881400346756,552,tx,2048,48000,1,pcm_s16le,1024,0.0275723934173584
1778636191.1331146,437.91067266464233,553,tx,2048,48000,1,pcm_s16le,1024,0.02927231788635254
1778636191.1628299,437.94038796424866,554,tx,2048,48000,1,pcm_s16le,1024,0.029715299606323242
1778636191.1645486,437.9421067237854,555,tx,2048,48000,1,pcm_s16le,1024,0.001718759536743164
1778636191.1918175,437.96937561035156,556,tx,2048,48000,1,pcm_s16le,1024,0.02726888656616211
1778636191.2220883,437.9996464252472,557,tx,2048,48000,1,pcm_s16le,1024,0.030270814895629883
1778636191.238026,438.0155839920044,2567,rx,2730,16000,1,pcm_u8,2730,0.16484808921813965
1778636191.2507665,438.0283246040344,558,tx,2048,48000,1,pcm_s16le,1024,0.028678178787231445
1778636191.251594,438.0291521549225,559,tx,2048,48000,1,pcm_s16le,1024,0.0008275508880615234
1778636191.2805834,438.05814146995544,560,tx,2048,48000,1,pcm_s16le,1024,0.028989315032958984
1778636191.3104866,438.0880446434021,561,tx,2048,48000,1,pcm_s16le,1024,0.029903173446655273
1778636191.31164,438.0891981124878,562,tx,2048,48000,1,pcm_s16le,1024,0.0011534690856933594
1778636191.3395808,438.11713886260986,563,tx,2048,48000,1,pcm_s16le,1024,0.027940750122070312
1778636191.3689213,438.14647936820984,564,tx,2048,48000,1,pcm_s16le,1024,0.029340505599975586
1778636191.4012263,438.17878437042236,565,tx,2048,48000,1,pcm_s16le,1024,0.032305002212524414
1778636191.4020934,438.17965149879456,566,tx,2048,48000,1,pcm_s16le,1024,0.0008671283721923828
1778636191.4108617,438.1884198188782,2568,rx,2730,16000,1,pcm_u8,2730,0.1728358268737793
1778636191.4272401,438.20479822158813,567,tx,2048,48000,1,pcm_s16le,1024,0.0251467227935791
1778636191.4569244,438.2344825267792,568,tx,2048,48000,1,pcm_s16le,1024,0.02968430519104004
1778636191.4575143,438.2350723743439,569,tx,2048,48000,1,pcm_s16le,1024,0.0005898475646972656
1778636191.4860778,438.26363587379456,570,tx,2048,48000,1,pcm_s16le,1024,0.028563499450683594
1778636191.5166152,438.2941732406616,571,tx,2048,48000,1,pcm_s16le,1024,0.03053736686706543
1778636191.5456953,438.3232533931732,572,tx,2048,48000,1,pcm_s16le,1024,0.02908015251159668
1778636191.5475304,438.32508850097656,573,tx,2048,48000,1,pcm_s16le,1024,0.0018351078033447266
1778636191.5746052,438.35216331481934,574,tx,2048,48000,1,pcm_s16le,1024,0.027074813842773438
1778636191.578453,438.35601115226746,2569,rx,2730,16000,1,pcm_u8,2730,0.16759133338928223
1778636191.6045253,438.3820834159851,575,tx,2048,48000,1,pcm_s16le,1024,0.029920101165771484
1778636191.6356342,438.4131922721863,576,tx,2048,48000,1,pcm_s16le,1024,0.031108856201171875
1778636191.6370432,438.41460132598877,577,tx,2048,48000,1,pcm_s16le,1024,0.0014090538024902344
1778636191.6633844,438.44094252586365,578,tx,2048,48000,1,pcm_s16le,1024,0.02634119987487793
1778636191.6935067,438.4710648059845,579,tx,2048,48000,1,pcm_s16le,1024,0.03012228012084961
1778636191.694187,438.4717450141907,580,tx,2048,48000,1,pcm_s16le,1024,0.0006802082061767578
1778636191.7220218,438.4995799064636,581,tx,2048,48000,1,pcm_s16le,1024,0.02783489227294922
1778636191.7492127,438.5267708301544,2570,rx,2730,16000,1,pcm_u8,2730,0.1707596778869629
1778636191.7506654,438.5282235145569,582,tx,2048,48000,1,pcm_s16le,1024,0.02864360809326172
1778636191.7803645,438.55792260169983,583,tx,2048,48000,1,pcm_s16le,1024,0.029699087142944336
1778636191.7817345,438.55929255485535,584,tx,2048,48000,1,pcm_s16le,1024,0.0013699531555175781
1778636191.809179,438.5867371559143,585,tx,2048,48000,1,pcm_s16le,1024,0.02744460105895996
1778636191.838423,438.61598110198975,586,tx,2048,48000,1,pcm_s16le,1024,0.029243946075439453
1778636191.8685572,438.64611530303955,587,tx,2048,48000,1,pcm_s16le,1024,0.030134201049804688
1778636191.86989,438.64744806289673,588,tx,2048,48000,1,pcm_s16le,1024,0.0013327598571777344
1778636191.8974845,438.67504262924194,589,tx,2048,48000,1,pcm_s16le,1024,0.027594566345214844
1778636191.920398,438.6979560852051,2571,rx,2730,16000,1,pcm_u8,2730,0.17118525505065918
1778636191.9266229,438.70418095588684,590,tx,2048,48000,1,pcm_s16le,1024,0.02913832664489746
1778636191.9276657,438.70522379875183,591,tx,2048,48000,1,pcm_s16le,1024,0.0010428428649902344
1778636191.95667,438.7342281341553,592,tx,2048,48000,1,pcm_s16le,1024,0.029004335403442383
1778636191.986574,438.76413202285767,593,tx,2048,48000,1,pcm_s16le,1024,0.029903888702392578
1778636192.0168688,438.7944269180298,594,tx,2048,48000,1,pcm_s16le,1024,0.03029489517211914
1778636192.0179377,438.7954957485199,595,tx,2048,48000,1,pcm_s16le,1024,0.0010688304901123047
1778636192.0463178,438.82387590408325,596,tx,2048,48000,1,pcm_s16le,1024,0.028380155563354492
1778636192.0754957,438.8530538082123,597,tx,2048,48000,1,pcm_s16le,1024,0.02917790412902832
1778636192.0764961,438.8540542125702,598,tx,2048,48000,1,pcm_s16le,1024,0.0010004043579101562
1778636192.0913136,438.8688716888428,2572,rx,2730,16000,1,pcm_u8,2730,0.1709156036376953
1778636192.1053905,438.88294863700867,599,tx,2048,48000,1,pcm_s16le,1024,0.028894424438476562
1778636192.1346703,438.912228345871,600,tx,2048,48000,1,pcm_s16le,1024,0.029279708862304688
1778636192.1627293,438.9402873516083,601,tx,2048,48000,1,pcm_s16le,1024,0.028059005737304688
1778636192.1635149,438.9410729408264,602,tx,2048,48000,1,pcm_s16le,1024,0.0007855892181396484
1778636192.1926084,438.97016644477844,603,tx,2048,48000,1,pcm_s16le,1024,0.029093503952026367
1778636192.222486,439.00004410743713,604,tx,2048,48000,1,pcm_s16le,1024,0.029877662658691406
1778636192.2515848,439.0291428565979,605,tx,2048,48000,1,pcm_s16le,1024,0.0290987491607666
1778636192.2522302,439.0297882556915,606,tx,2048,48000,1,pcm_s16le,1024,0.0006453990936279297
1778636192.263784,439.0413420200348,2573,rx,2730,16000,1,pcm_u8,2730,0.1724703311920166
1778636192.2809818,439.0585398674011,607,tx,2048,48000,1,pcm_s16le,1024,0.028751611709594727
1778636192.3114417,439.08899974823,608,tx,2048,48000,1,pcm_s16le,1024,0.030459880828857422
1778636192.3123589,439.0899169445038,609,tx,2048,48000,1,pcm_s16le,1024,0.0009171962738037109
1778636192.340548,439.1181061267853,610,tx,2048,48000,1,pcm_s16le,1024,0.02818918228149414
1778636192.3707912,439.14834928512573,611,tx,2048,48000,1,pcm_s16le,1024,0.0302431583404541
1778636192.3993025,439.1768605709076,612,tx,2048,48000,1,pcm_s16le,1024,0.02851128578186035
1778636192.400376,439.1779341697693,613,tx,2048,48000,1,pcm_s16le,1024,0.001073598861694336
1778636192.4285824,439.2061405181885,614,tx,2048,48000,1,pcm_s16le,1024,0.028206348419189453
1778636192.432518,439.2100760936737,2574,rx,2730,16000,1,pcm_u8,2730,0.16873407363891602
1778636192.4577243,439.23528242111206,615,tx,2048,48000,1,pcm_s16le,1024,0.029141902923583984
1778636192.486937,439.26449513435364,616,tx,2048,48000,1,pcm_s16le,1024,0.02921271324157715
1778636192.4877815,439.2653396129608,617,tx,2048,48000,1,pcm_s16le,1024,0.0008444786071777344
1778636192.517366,439.2949240207672,618,tx,2048,48000,1,pcm_s16le,1024,0.029584407806396484
1778636192.5465982,439.3241562843323,619,tx,2048,48000,1,pcm_s16le,1024,0.029232263565063477
1778636192.5472887,439.32484674453735,620,tx,2048,48000,1,pcm_s16le,1024,0.000690460205078125
1778636192.5755816,439.35313963890076,621,tx,2048,48000,1,pcm_s16le,1024,0.02829289436340332
1778636192.6023033,439.3798613548279,2575,rx,2730,16000,1,pcm_u8,2730,0.1697852611541748
1778636192.6055672,439.3831253051758,622,tx,2048,48000,1,pcm_s16le,1024,0.029985666275024414
1778636192.635095,439.41265296936035,623,tx,2048,48000,1,pcm_s16le,1024,0.029527664184570312
1778636192.636206,439.41376399993896,624,tx,2048,48000,1,pcm_s16le,1024,0.0011110305786132812
1778636192.6646485,439.44220662117004,625,tx,2048,48000,1,pcm_s16le,1024,0.0284426212310791
1778636192.6934597,439.4710178375244,626,tx,2048,48000,1,pcm_s16le,1024,0.028811216354370117
1778636192.722981,439.50053906440735,627,tx,2048,48000,1,pcm_s16le,1024,0.02952122688293457
1778636192.724146,439.50170397758484,628,tx,2048,48000,1,pcm_s16le,1024,0.0011649131774902344
1778636192.7526689,439.5302269458771,629,tx,2048,48000,1,pcm_s16le,1024,0.028522968292236328
1778636192.7740712,439.55162930488586,2576,rx,2730,16000,1,pcm_u8,2730,0.1717679500579834
1778636192.7823622,439.5599203109741,630,tx,2048,48000,1,pcm_s16le,1024,0.0296933650970459
1778636192.783426,439.5609841346741,631,tx,2048,48000,1,pcm_s16le,1024,0.0010638236999511719
1778636192.8114064,439.5889644622803,632,tx,2048,48000,1,pcm_s16le,1024,0.027980327606201172
1778636192.8408759,439.61843395233154,633,tx,2048,48000,1,pcm_s16le,1024,0.02946949005126953
1778636192.8747697,439.6523277759552,634,tx,2048,48000,1,pcm_s16le,1024,0.03389382362365723
1778636192.8766613,439.6542193889618,635,tx,2048,48000,1,pcm_s16le,1024,0.0018916130065917969
1778636192.8998606,439.67741870880127,636,tx,2048,48000,1,pcm_s16le,1024,0.02319931983947754
1778636192.9289663,439.70652437210083,637,tx,2048,48000,1,pcm_s16le,1024,0.029105663299560547
1778636192.929557,439.70711517333984,638,tx,2048,48000,1,pcm_s16le,1024,0.0005908012390136719
1778636192.9430933,439.72065138816833,2577,rx,2730,16000,1,pcm_u8,2730,0.1690220832824707
1778636192.95862,439.73617815971375,639,tx,2048,48000,1,pcm_s16le,1024,0.029062986373901367
1778636192.988256,439.7658140659332,640,tx,2048,48000,1,pcm_s16le,1024,0.029635906219482422
1778636193.018156,439.79571413993835,641,tx,2048,48000,1,pcm_s16le,1024,0.029900074005126953
1778636193.0187163,439.79627442359924,642,tx,2048,48000,1,pcm_s16le,1024,0.0005602836608886719
1778636193.0470393,439.8245973587036,643,tx,2048,48000,1,pcm_s16le,1024,0.028322935104370117
1778636193.0774496,439.855007648468,644,tx,2048,48000,1,pcm_s16le,1024,0.030410289764404297
1778636193.106869,439.8844270706177,645,tx,2048,48000,1,pcm_s16le,1024,0.029419422149658203
1778636193.107871,439.88542914390564,646,tx,2048,48000,1,pcm_s16le,1024,0.0010020732879638672
1778636193.1183462,439.89590430259705,2578,rx,2730,16000,1,pcm_u8,2730,0.17525291442871094
1778636193.136035,439.91359305381775,647,tx,2048,48000,1,pcm_s16le,1024,0.028163909912109375
1778636193.1648738,439.9424319267273,648,tx,2048,48000,1,pcm_s16le,1024,0.0288388729095459
1778636193.1657987,439.94335675239563,649,tx,2048,48000,1,pcm_s16le,1024,0.0009248256683349609
1778636193.194718,439.97227597236633,650,tx,2048,48000,1,pcm_s16le,1024,0.028919219970703125
1778636193.2249725,440.0025305747986,651,tx,2048,48000,1,pcm_s16le,1024,0.030254602432250977
1778636193.2566285,440.0341866016388,652,tx,2048,48000,1,pcm_s16le,1024,0.03165602684020996
1778636193.257758,440.035315990448,653,tx,2048,48000,1,pcm_s16le,1024,0.0011293888092041016
1778636193.283631,440.0611891746521,654,tx,2048,48000,1,pcm_s16le,1024,0.025873184204101562
1778636193.2862647,440.06382274627686,2579,rx,2730,16000,1,pcm_u8,2730,0.16791844367980957
1778636193.3129942,440.0905523300171,655,tx,2048,48000,1,pcm_s16le,1024,0.029363155364990234
1778636193.341822,440.1193799972534,656,tx,2048,48000,1,pcm_s16le,1024,0.028827667236328125
1778636193.3431025,440.1206605434418,657,tx,2048,48000,1,pcm_s16le,1024,0.0012805461883544922
1778636193.3708844,440.14844250679016,658,tx,2048,48000,1,pcm_s16le,1024,0.027781963348388672
1778636193.4005754,440.1781334877014,659,tx,2048,48000,1,pcm_s16le,1024,0.029690980911254883
1778636193.4015498,440.1791079044342,660,tx,2048,48000,1,pcm_s16le,1024,0.0009744167327880859
1778636193.4296055,440.2071635723114,661,tx,2048,48000,1,pcm_s16le,1024,0.028055667877197266
1778636193.4583223,440.23588037490845,2580,rx,2730,16000,1,pcm_u8,2730,0.1720576286315918
1778636193.460348,440.2379059791565,662,tx,2048,48000,1,pcm_s16le,1024,0.030742406845092773
1778636193.489417,440.26697516441345,663,tx,2048,48000,1,pcm_s16le,1024,0.029069185256958008
1778636193.490049,440.26760697364807,664,tx,2048,48000,1,pcm_s16le,1024,0.0006318092346191406
1778636193.5184987,440.2960567474365,665,tx,2048,48000,1,pcm_s16le,1024,0.02844977378845215
1778636193.5475075,440.32506561279297,666,tx,2048,48000,1,pcm_s16le,1024,0.029008865356445312
1778636193.5769687,440.35452675819397,667,tx,2048,48000,1,pcm_s16le,1024,0.029461145401000977
1778636193.5777934,440.3553514480591,668,tx,2048,48000,1,pcm_s16le,1024,0.0008246898651123047
1778636193.6063685,440.38392663002014,669,tx,2048,48000,1,pcm_s16le,1024,0.02857518196105957
1778636193.6335418,440.4110999107361,2581,rx,2730,16000,1,pcm_u8,2730,0.17521953582763672
1778636193.6353037,440.41286182403564,670,tx,2048,48000,1,pcm_s16le,1024,0.02893519401550293
1778636193.636406,440.41396403312683,671,tx,2048,48000,1,pcm_s16le,1024,0.0011022090911865234
1778636193.6640382,440.44159626960754,672,tx,2048,48000,1,pcm_s16le,1024,0.02763223648071289
1778636193.6927,440.4702579975128,673,tx,2048,48000,1,pcm_s16le,1024,0.028661727905273438
1778636193.7224686,440.50002670288086,674,tx,2048,48000,1,pcm_s16le,1024,0.029768705368041992
1778636193.7237089,440.50126695632935,675,tx,2048,48000,1,pcm_s16le,1024,0.0012402534484863281
1778636193.751319,440.5288770198822,676,tx,2048,48000,1,pcm_s16le,1024,0.027610063552856445
1778636193.780196,440.5577540397644,677,tx,2048,48000,1,pcm_s16le,1024,0.02887701988220215
1778636193.798288,440.57584619522095,2582,rx,2730,16000,1,pcm_u8,2730,0.16474628448486328
1778636193.8096871,440.5872452259064,678,tx,2048,48000,1,pcm_s16le,1024,0.029491186141967773
1778636193.8104134,440.5879714488983,679,tx,2048,48000,1,pcm_s16le,1024,0.0007262229919433594
1778636193.8390439,440.6166019439697,680,tx,2048,48000,1,pcm_s16le,1024,0.028630495071411133
1778636193.8690102,440.64656829833984,681,tx,2048,48000,1,pcm_s16le,1024,0.029966354370117188
1778636193.8699236,440.6474816799164,682,tx,2048,48000,1,pcm_s16le,1024,0.0009133815765380859
1778636193.8987722,440.67633032798767,683,tx,2048,48000,1,pcm_s16le,1024,0.028848648071289062
1778636193.9280827,440.7056407928467,684,tx,2048,48000,1,pcm_s16le,1024,0.02931046485900879
1778636193.9572666,440.7348246574402,685,tx,2048,48000,1,pcm_s16le,1024,0.02918386459350586
1778636193.9579754,440.73553347587585,686,tx,2048,48000,1,pcm_s16le,1024,0.0007088184356689453
1778636193.9699912,440.7475492954254,2583,rx,2730,16000,1,pcm_u8,2730,0.17170310020446777
1778636193.9869936,440.7645516395569,687,tx,2048,48000,1,pcm_s16le,1024,0.029018163681030273
1778636194.0169537,440.79451179504395,688,tx,2048,48000,1,pcm_s16le,1024,0.029960155487060547
1778636194.0180306,440.79558873176575,689,tx,2048,48000,1,pcm_s16le,1024,0.0010769367218017578
1778636194.0460398,440.82359790802,690,tx,2048,48000,1,pcm_s16le,1024,0.02800917625427246
1778636194.0753503,440.852908372879,691,tx,2048,48000,1,pcm_s16le,1024,0.02931046485900879
1778636194.1053443,440.8829023838043,692,tx,2048,48000,1,pcm_s16le,1024,0.02999401092529297
1778636194.1059508,440.88350892066956,693,tx,2048,48000,1,pcm_s16le,1024,0.000606536865234375
1778636194.1346054,440.91216349601746,694,tx,2048,48000,1,pcm_s16le,1024,0.02865457534790039
1778636194.138713,440.9162709712982,2584,rx,2730,16000,1,pcm_u8,2730,0.16872167587280273
1778636194.1641593,440.9417173862457,695,tx,2048,48000,1,pcm_s16le,1024,0.029553890228271484
1778636194.1938455,440.9714035987854,696,tx,2048,48000,1,pcm_s16le,1024,0.02968621253967285
1778636194.1949403,440.97249841690063,697,tx,2048,48000,1,pcm_s16le,1024,0.001094818115234375
1778636194.223132,441.0006899833679,698,tx,2048,48000,1,pcm_s16le,1024,0.028191566467285156
1778636194.2527146,441.03027272224426,699,tx,2048,48000,1,pcm_s16le,1024,0.029582738876342773
1778636194.253669,441.0312271118164,700,tx,2048,48000,1,pcm_s16le,1024,0.0009543895721435547
1778636194.28197,441.0595281124115,701,tx,2048,48000,1,pcm_s16le,1024,0.028301000595092773
1778636194.3104477,441.0880057811737,2585,rx,2730,16000,1,pcm_u8,2730,0.17173480987548828
1778636194.3120983,441.0896563529968,702,tx,2048,48000,1,pcm_s16le,1024,0.03012824058532715
1778636194.341578,441.119136095047,703,tx,2048,48000,1,pcm_s16le,1024,0.0294797420501709
1778636194.3422112,441.1197693347931,704,tx,2048,48000,1,pcm_s16le,1024,0.00063323974609375
1778636194.370867,441.1484251022339,705,tx,2048,48000,1,pcm_s16le,1024,0.0286557674407959
1778636194.4003136,441.17787170410156,706,tx,2048,48000,1,pcm_s16le,1024,0.02944660186767578
1778636194.4301107,441.2076687812805,707,tx,2048,48000,1,pcm_s16le,1024,0.029797077178955078
1778636194.4309072,441.2084653377533,708,tx,2048,48000,1,pcm_s16le,1024,0.0007965564727783203
1778636194.4598472,441.2374053001404,709,tx,2048,48000,1,pcm_s16le,1024,0.02893996238708496
1778636194.480022,441.2575800418854,2586,rx,2730,16000,1,pcm_u8,2730,0.16957426071166992
1778636194.4887762,441.2663342952728,710,tx,2048,48000,1,pcm_s16le,1024,0.02892899513244629
1778636194.4898121,441.267370223999,711,tx,2048,48000,1,pcm_s16le,1024,0.001035928726196289
1778636194.5186515,441.2962095737457,712,tx,2048,48000,1,pcm_s16le,1024,0.0288393497467041
1778636194.547851,441.32540917396545,713,tx,2048,48000,1,pcm_s16le,1024,0.029199600219726562
1778636194.5785475,441.3561055660248,714,tx,2048,48000,1,pcm_s16le,1024,0.030696392059326172
1778636194.5796487,441.35720682144165,715,tx,2048,48000,1,pcm_s16le,1024,0.0011012554168701172
1778636194.6067336,441.38429164886475,716,tx,2048,48000,1,pcm_s16le,1024,0.027084827423095703
1778636194.6370456,441.41460371017456,717,tx,2048,48000,1,pcm_s16le,1024,0.030312061309814453
1778636194.637739,441.4152970314026,718,tx,2048,48000,1,pcm_s16le,1024,0.0006933212280273438
1778636194.6507406,441.42829871177673,2587,rx,2730,16000,1,pcm_u8,2730,0.17071866989135742
1778636194.664566,441.4421241283417,719,tx,2048,48000,1,pcm_s16le,1024,0.026827096939086914
1778636194.6938977,441.4714558124542,720,tx,2048,48000,1,pcm_s16le,1024,0.029331684112548828
1778636194.723381,441.5009391307831,721,tx,2048,48000,1,pcm_s16le,1024,0.029483318328857422
1778636194.723948,441.5015060901642,722,tx,2048,48000,1,pcm_s16le,1024,0.0005669593811035156
1778636194.7536986,441.5312566757202,723,tx,2048,48000,1,pcm_s16le,1024,0.029750585556030273
1778636194.7832859,441.56084394454956,724,tx,2048,48000,1,pcm_s16le,1024,0.029587268829345703
1778636194.8145807,441.59213876724243,725,tx,2048,48000,1,pcm_s16le,1024,0.031294822692871094
1778636194.8156183,441.5931763648987,726,tx,2048,48000,1,pcm_s16le,1024,0.00103759765625
1778636194.8233633,441.6009213924408,2588,rx,2730,16000,1,pcm_u8,2730,0.1726226806640625
1778636194.8428526,441.6204106807709,727,tx,2048,48000,1,pcm_s16le,1024,0.027234315872192383
1778636194.8722053,441.6497633457184,728,tx,2048,48000,1,pcm_s16le,1024,0.029352664947509766
1778636194.8729258,441.65048384666443,729,tx,2048,48000,1,pcm_s16le,1024,0.0007205009460449219
1778636194.9016235,441.67918157577515,730,tx,2048,48000,1,pcm_s16le,1024,0.028697729110717773
1778636194.931738,441.7092959880829,731,tx,2048,48000,1,pcm_s16le,1024,0.030114412307739258
1778636194.9609482,441.7385063171387,732,tx,2048,48000,1,pcm_s16le,1024,0.029210329055786133
1778636194.9620035,441.7395615577698,733,tx,2048,48000,1,pcm_s16le,1024,0.0010552406311035156
1778636194.989973,441.7675311565399,734,tx,2048,48000,1,pcm_s16le,1024,0.0279695987701416
1778636194.9924922,441.7700502872467,2589,rx,2730,16000,1,pcm_u8,2730,0.1691288948059082
1778636195.1648767,441.94243478775024,2590,rx,2730,16000,1,pcm_u8,2730,0.17238450050354004
1778636195.3339891,442.1115472316742,2591,rx,2730,16000,1,pcm_u8,2730,0.1691124439239502
1778636195.507308,442.28486609458923,2592,rx,2730,16000,1,pcm_u8,2730,0.17331886291503906
1778636195.6806326,442.45819067955017,2593,rx,2730,16000,1,pcm_u8,2730,0.1733245849609375
1778636195.848442,442.62600016593933,2594,rx,2730,16000,1,pcm_u8,2730,0.16780948638916016
1778636196.0234826,442.80104064941406,2595,rx,2730,16000,1,pcm_u8,2730,0.17504048347473145
1778636196.1953175,442.9728755950928,2596,rx,2730,16000,1,pcm_u8,2730,0.17183494567871094
1778636196.364351,443.14190912246704,2597,rx,2730,16000,1,pcm_u8,2730,0.16903352737426758
1778636196.5323908,443.3099489212036,2598,rx,2730,16000,1,pcm_u8,2730,0.16803979873657227
1778636196.7053435,443.48290157318115,2599,rx,2730,16000,1,pcm_u8,2730,0.17295265197753906
1778636196.8723989,443.6499569416046,2600,rx,2730,16000,1,pcm_u8,2730,0.16705536842346191
1778636197.0428908,443.82044887542725,2601,rx,2730,16000,1,pcm_u8,2730,0.17049193382263184
1778636197.2173386,443.99489665031433,2602,rx,2730,16000,1,pcm_u8,2730,0.17444777488708496
1778636197.3854384,444.16299653053284,2603,rx,2730,16000,1,pcm_u8,2730,0.16809988021850586
1778636197.5566742,444.33423233032227,2604,rx,2730,16000,1,pcm_u8,2730,0.1712357997894287
1778636197.7294579,444.5070159435272,2605,rx,2730,16000,1,pcm_u8,2730,0.17278361320495605
1778636197.8971832,444.67474126815796,2606,rx,2730,16000,1,pcm_u8,2730,0.1677253246307373
1778636198.0716214,444.8491795063019,2607,rx,2730,16000,1,pcm_u8,2730,0.1744382381439209
1778636198.2350235,445.01258158683777,2608,rx,2730,16000,1,pcm_u8,2730,0.16340208053588867
1778636198.4061368,445.18369483947754,2609,rx,2730,16000,1,pcm_u8,2730,0.1711132526397705
1778636198.5762944,445.35385251045227,2610,rx,2730,16000,1,pcm_u8,2730,0.17015767097473145
1778636198.746336,445.523894071579,2611,rx,2730,16000,1,pcm_u8,2730,0.17004156112670898
1778636198.9203596,445.69791769981384,2612,rx,2730,16000,1,pcm_u8,2730,0.17402362823486328
1778636199.0884924,445.86605048179626,2613,rx,2730,16000,1,pcm_u8,2730,0.16813278198242188
1778636199.268091,446.04564905166626,2614,rx,2730,16000,1,pcm_u8,2730,0.17959856986999512
1778636199.4314911,446.2090492248535,2615,rx,2730,16000,1,pcm_u8,2730,0.16340017318725586
1778636199.6008704,446.3784284591675,2616,rx,2730,16000,1,pcm_u8,2730,0.16937923431396484
1778636199.7772844,446.5548424720764,2617,rx,2730,16000,1,pcm_u8,2730,0.17641401290893555
1778636199.9424365,446.7199945449829,2618,rx,2730,16000,1,pcm_u8,2730,0.16515207290649414
1778636200.112569,446.89012718200684,2619,rx,2730,16000,1,pcm_u8,2730,0.17013263702392578
1778636200.2826197,447.06017780303955,2620,rx,2730,16000,1,pcm_u8,2730,0.17005062103271484
1778636200.454794,447.2323520183563,2621,rx,2730,16000,1,pcm_u8,2730,0.17217421531677246
1778636200.624804,447.4023621082306,2622,rx,2730,16000,1,pcm_u8,2730,0.17001008987426758
1778636200.7954865,447.5730445384979,2623,rx,2730,16000,1,pcm_u8,2730,0.17068243026733398
1778636200.972508,447.7500660419464,2624,rx,2730,16000,1,pcm_u8,2730,0.17702150344848633
1778636201.13604,447.9135980606079,2625,rx,2730,16000,1,pcm_u8,2730,0.16353201866149902
1778636201.3078241,448.0853822231293,2626,rx,2730,16000,1,pcm_u8,2730,0.1717841625213623
1778636201.4774485,448.25500655174255,2627,rx,2730,16000,1,pcm_u8,2730,0.16962432861328125
1778636201.6482735,448.4258315563202,2628,rx,2730,16000,1,pcm_u8,2730,0.17082500457763672
1778636201.8189023,448.5964603424072,2629,rx,2730,16000,1,pcm_u8,2730,0.17062878608703613
1778636201.9898825,448.76744055747986,2630,rx,2730,16000,1,pcm_u8,2730,0.17098021507263184
1778636202.1626353,448.9401934146881,2631,rx,2730,16000,1,pcm_u8,2730,0.17275285720825195
1778636202.3316987,449.10925674438477,2632,rx,2730,16000,1,pcm_u8,2730,0.16906332969665527
1778636202.504783,449.28234100341797,2633,rx,2730,16000,1,pcm_u8,2730,0.17308425903320312
1778636202.67218,449.4497380256653,2634,rx,2730,16000,1,pcm_u8,2730,0.16739702224731445
1778636202.8444557,449.62201380729675,2635,rx,2730,16000,1,pcm_u8,2730,0.17227578163146973
1778636203.015676,449.79323410987854,2636,rx,2730,16000,1,pcm_u8,2730,0.1712203025817871
1778636203.1867728,449.96433091163635,2637,rx,2730,16000,1,pcm_u8,2730,0.1710968017578125
1778636203.3683202,450.1458783149719,2638,rx,2730,16000,1,pcm_u8,2730,0.1815474033355713
1778636203.5278502,450.3054082393646,2639,rx,2730,16000,1,pcm_u8,2730,0.1595299243927002
1778636203.6965225,450.47408056259155,2640,rx,2730,16000,1,pcm_u8,2730,0.1686723232269287
1778636203.8731337,450.6506917476654,2641,rx,2730,16000,1,pcm_u8,2730,0.17661118507385254
1778636204.0399678,450.81752586364746,2642,rx,2730,16000,1,pcm_u8,2730,0.16683411598205566
1778636204.211273,450.9888310432434,2643,rx,2730,16000,1,pcm_u8,2730,0.17130517959594727
1778636204.3793077,451.1568658351898,2644,rx,2730,16000,1,pcm_u8,2730,0.16803479194641113
1778636204.5502057,451.32776379585266,2645,rx,2730,16000,1,pcm_u8,2730,0.1708979606628418
1778636204.721419,451.49897718429565,2646,rx,2730,16000,1,pcm_u8,2730,0.17121338844299316
1778636204.8915098,451.66906785964966,2647,rx,2730,16000,1,pcm_u8,2730,0.1700906753540039
1778636205.0674148,451.8449728488922,2648,rx,2730,16000,1,pcm_u8,2730,0.1759049892425537
1778636205.2324035,452.009961605072,2649,rx,2730,16000,1,pcm_u8,2730,0.16498875617980957
1778636205.4172125,452.1947705745697,2650,rx,2730,16000,1,pcm_u8,2730,0.18480896949768066
1778636205.5738087,452.35136675834656,2651,rx,2730,16000,1,pcm_u8,2730,0.15659618377685547
1778636205.7451801,452.5227382183075,2652,rx,2730,16000,1,pcm_u8,2730,0.1713714599609375
1778636205.9223187,452.6998767852783,2653,rx,2730,16000,1,pcm_u8,2730,0.1771385669708252
1778636206.0861971,452.86375522613525,2654,rx,2730,16000,1,pcm_u8,2730,0.1638784408569336
1778636206.2594488,453.037006855011,2655,rx,2730,16000,1,pcm_u8,2730,0.17325162887573242
1778636206.4273655,453.20492362976074,2656,rx,2730,16000,1,pcm_u8,2730,0.16791677474975586
1778636206.5992212,453.37677931785583,2657,rx,2730,16000,1,pcm_u8,2730,0.17185568809509277
1778636206.76894,453.54649806022644,2658,rx,2730,16000,1,pcm_u8,2730,0.16971874237060547
1778636206.93913,453.71668815612793,2659,rx,2730,16000,1,pcm_u8,2730,0.17019009590148926
1778636207.110894,453.88845205307007,2660,rx,2730,16000,1,pcm_u8,2730,0.17176389694213867
1778636207.2809117,454.05846977233887,2661,rx,2730,16000,1,pcm_u8,2730,0.17001771926879883
1778636207.451381,454.2289390563965,2662,rx,2730,16000,1,pcm_u8,2730,0.1704692840576172
1778636207.6220825,454.39964056015015,2663,rx,2730,16000,1,pcm_u8,2730,0.1707015037536621
1778636207.7923439,454.5699019432068,2664,rx,2730,16000,1,pcm_u8,2730,0.17026138305664062
1778636207.9698668,454.7474248409271,2665,rx,2730,16000,1,pcm_u8,2730,0.17752289772033691
1778636208.134168,454.9117259979248,2666,rx,2730,16000,1,pcm_u8,2730,0.16430115699768066
1778636208.3160903,455.0936484336853,2667,rx,2730,16000,1,pcm_u8,2730,0.18192243576049805
1778636208.4810042,455.2585623264313,2668,rx,2730,16000,1,pcm_u8,2730,0.16491389274597168
1778636208.6540549,455.4316129684448,2669,rx,2730,16000,1,pcm_u8,2730,0.1730506420135498
1778636208.822105,455.5996630191803,2670,rx,2730,16000,1,pcm_u8,2730,0.16805005073547363
1778636208.990464,455.7680220603943,2671,rx,2730,16000,1,pcm_u8,2730,0.16835904121398926
1778636209.1619422,455.93950033187866,2672,rx,2730,16000,1,pcm_u8,2730,0.171478271484375
1778636209.3326907,456.1102488040924,2673,rx,2730,16000,1,pcm_u8,2730,0.17074847221374512
1778636209.5048769,456.28243494033813,2674,rx,2730,16000,1,pcm_u8,2730,0.17218613624572754
1778636209.6718352,456.4493932723999,2675,rx,2730,16000,1,pcm_u8,2730,0.16695833206176758
1778636209.8409452,456.61850333213806,2676,rx,2730,16000,1,pcm_u8,2730,0.16911005973815918
1778636210.0120509,456.7896089553833,2677,rx,2730,16000,1,pcm_u8,2730,0.17110562324523926
1778636210.1821501,456.95970821380615,2678,rx,2730,16000,1,pcm_u8,2730,0.17009925842285156
1778636210.355772,457.13333010673523,2679,rx,2730,16000,1,pcm_u8,2730,0.17362189292907715
1778636210.525059,457.3026170730591,2680,rx,2730,16000,1,pcm_u8,2730,0.16928696632385254
1778636210.6942718,457.47182989120483,2681,rx,2730,16000,1,pcm_u8,2730,0.16921281814575195
1778636210.874816,457.65237402915955,2682,rx,2730,16000,1,pcm_u8,2730,0.18054413795471191
1778636211.0353904,457.8129484653473,2683,rx,2730,16000,1,pcm_u8,2730,0.16057443618774414
1778636211.2092245,457.98678255081177,2684,rx,2730,16000,1,pcm_u8,2730,0.17383408546447754
1778636211.3771033,458.15466141700745,2685,rx,2730,16000,1,pcm_u8,2730,0.1678788661956787
1778636211.5470843,458.32464241981506,2686,rx,2730,16000,1,pcm_u8,2730,0.1699810028076172
1778636211.7185912,458.49614930152893,2687,rx,2730,16000,1,pcm_u8,2730,0.1715068817138672
1778636211.8897672,458.667325258255,2688,rx,2730,16000,1,pcm_u8,2730,0.17117595672607422
1778636212.0689971,458.8465552330017,2689,rx,2730,16000,1,pcm_u8,2730,0.1792299747467041
1778636212.2307925,459.00835061073303,2690,rx,2730,16000,1,pcm_u8,2730,0.16179537773132324
1778636212.4052184,459.18277645111084,2691,rx,2730,16000,1,pcm_u8,2730,0.17442584037780762
1778636212.5716314,459.3491895198822,2692,rx,2730,16000,1,pcm_u8,2730,0.1664130687713623
1778636212.7425418,459.52009987831116,2693,rx,2730,16000,1,pcm_u8,2730,0.17091035842895508
1778636212.9180532,459.6956112384796,2694,rx,2730,16000,1,pcm_u8,2730,0.17551136016845703
1778636213.0865185,459.8640766143799,2695,rx,2730,16000,1,pcm_u8,2730,0.16846537590026855
1778636213.2573175,460.0348756313324,2696,rx,2730,16000,1,pcm_u8,2730,0.17079901695251465
1778636213.4257798,460.20333790779114,2697,rx,2730,16000,1,pcm_u8,2730,0.16846227645874023
1778636213.596416,460.3739740848541,2698,rx,2730,16000,1,pcm_u8,2730,0.17063617706298828
1778636213.7664652,460.54402327537537,2699,rx,2730,16000,1,pcm_u8,2730,0.17004919052124023
1778636213.9378672,460.71542525291443,2700,rx,2730,16000,1,pcm_u8,2730,0.1714019775390625
1778636214.109243,460.8868010044098,2701,rx,2730,16000,1,pcm_u8,2730,0.17137575149536133
1778636214.2785542,461.0561122894287,2702,rx,2730,16000,1,pcm_u8,2730,0.1693112850189209
1778636214.4492567,461.2268147468567,2703,rx,2730,16000,1,pcm_u8,2730,0.17070245742797852
1778636214.6249478,461.4025058746338,2704,rx,2730,16000,1,pcm_u8,2730,0.1756911277770996
1778636214.7937183,461.5712764263153,2705,rx,2730,16000,1,pcm_u8,2730,0.16877055168151855
1778636214.9680963,461.7456543445587,2706,rx,2730,16000,1,pcm_u8,2730,0.1743779182434082
1778636215.1319926,461.9095506668091,2707,rx,2730,16000,1,pcm_u8,2730,0.1638963222503662
1778636215.3072257,462.0847837924957,2708,rx,2730,16000,1,pcm_u8,2730,0.1752331256866455
1778636215.4734585,462.2510166168213,2709,rx,2730,16000,1,pcm_u8,2730,0.16623282432556152
1778636215.644422,462.4219801425934,2710,rx,2730,16000,1,pcm_u8,2730,0.17096352577209473
1778636215.818371,462.595929145813,2711,rx,2730,16000,1,pcm_u8,2730,0.1739490032196045
1778636215.9859564,462.7635145187378,2712,rx,2730,16000,1,pcm_u8,2730,0.1675853729248047
1778636216.1704748,462.94803285598755,2713,rx,2730,16000,1,pcm_u8,2730,0.18451833724975586
1778636216.3275733,463.10513138771057,2714,rx,2730,16000,1,pcm_u8,2730,0.15709853172302246
1778636216.4979117,463.27546977996826,2715,rx,2730,16000,1,pcm_u8,2730,0.17033839225769043
1778636216.6679873,463.4455454349518,2716,rx,2730,16000,1,pcm_u8,2730,0.1700756549835205
1778636216.8390517,463.61660981178284,2717,rx,2730,16000,1,pcm_u8,2730,0.1710643768310547
1778636217.0113983,463.7889564037323,2718,rx,2730,16000,1,pcm_u8,2730,0.1723465919494629
1778636217.1801667,463.9577248096466,2719,rx,2730,16000,1,pcm_u8,2730,0.16876840591430664
1778636217.350975,464.1285331249237,2720,rx,2730,16000,1,pcm_u8,2730,0.1708083152770996
1778636217.5213842,464.2989423274994,2721,rx,2730,16000,1,pcm_u8,2730,0.1704092025756836
1778636217.6917677,464.46932578086853,2722,rx,2730,16000,1,pcm_u8,2730,0.17038345336914062
1778636217.8636768,464.64123487472534,2723,rx,2730,16000,1,pcm_u8,2730,0.17190909385681152
1778636218.0337746,464.8113327026367,2724,rx,2730,16000,1,pcm_u8,2730,0.17009782791137695
1778636218.206005,464.98356318473816,2725,rx,2730,16000,1,pcm_u8,2730,0.17223048210144043
1778636218.3756163,465.1531744003296,2726,rx,2730,16000,1,pcm_u8,2730,0.16961121559143066
1778636218.5460222,465.32358026504517,2727,rx,2730,16000,1,pcm_u8,2730,0.17040586471557617
1778636218.716111,465.49366903305054,2728,rx,2730,16000,1,pcm_u8,2730,0.1700887680053711
1778636218.8866198,465.6641778945923,2729,rx,2730,16000,1,pcm_u8,2730,0.17050886154174805
1778636219.0598257,465.83738374710083,2730,rx,2730,16000,1,pcm_u8,2730,0.17320585250854492
1778636219.2281237,466.00568175315857,2731,rx,2730,16000,1,pcm_u8,2730,0.16829800605773926
1778636219.4000368,466.1775949001312,2732,rx,2730,16000,1,pcm_u8,2730,0.17191314697265625
1778636219.5692146,466.34677267074585,2733,rx,2730,16000,1,pcm_u8,2730,0.16917777061462402
1778636219.740357,466.51791501045227,2734,rx,2730,16000,1,pcm_u8,2730,0.1711423397064209
1778636219.9123094,466.6898674964905,2735,rx,2730,16000,1,pcm_u8,2730,0.171952486038208
1778636220.0909057,466.86846375465393,2736,rx,2730,16000,1,pcm_u8,2730,0.17859625816345215
1778636220.254137,467.0316951274872,2737,rx,2730,16000,1,pcm_u8,2730,0.16323137283325195
1778636220.4231036,467.2006616592407,2738,rx,2730,16000,1,pcm_u8,2730,0.16896653175354004
1778636220.5944898,467.37204790115356,2739,rx,2730,16000,1,pcm_u8,2730,0.1713862419128418
1778636220.7695558,467.54711389541626,2740,rx,2730,16000,1,pcm_u8,2730,0.1750659942626953
1778636220.9352949,467.7128529548645,2741,rx,2730,16000,1,pcm_u8,2730,0.1657390594482422
1778636221.1072338,467.8847918510437,2742,rx,2730,16000,1,pcm_u8,2730,0.17193889617919922
1778636221.2760592,468.0536172389984,2743,rx,2730,16000,1,pcm_u8,2730,0.16882538795471191
1778636221.4502301,468.22778820991516,2744,rx,2730,16000,1,pcm_u8,2730,0.17417097091674805
1778636221.617258,468.394816160202,2745,rx,2730,16000,1,pcm_u8,2730,0.16702795028686523
1778636221.7883356,468.56589365005493,2746,rx,2730,16000,1,pcm_u8,2730,0.17107748985290527
1778636221.9645956,468.74215364456177,2747,rx,2730,16000,1,pcm_u8,2730,0.17625999450683594
1778636222.129864,468.90742206573486,2748,rx,2730,16000,1,pcm_u8,2730,0.1652684211730957
1778636222.3029122,469.0804703235626,2749,rx,2730,16000,1,pcm_u8,2730,0.1730482578277588
1778636222.4725251,469.2500832080841,2750,rx,2730,16000,1,pcm_u8,2730,0.16961288452148438
1778636222.6424727,469.42003083229065,2751,rx,2730,16000,1,pcm_u8,2730,0.16994762420654297
1778636222.816232,469.5937900543213,2752,rx,2730,16000,1,pcm_u8,2730,0.17375922203063965
1778636222.9829967,469.7605547904968,2753,rx,2730,16000,1,pcm_u8,2730,0.1667647361755371
1778636223.1632879,469.9408459663391,2754,rx,2730,16000,1,pcm_u8,2730,0.18029117584228516
1778636223.3246233,470.10218143463135,2755,rx,2730,16000,1,pcm_u8,2730,0.16133546829223633
1778636223.4973178,470.2748758792877,2756,rx,2730,16000,1,pcm_u8,2730,0.17269444465637207
1778636223.6656501,470.44320821762085,2757,rx,2730,16000,1,pcm_u8,2730,0.16833233833312988
1778636223.8374374,470.61499547958374,2758,rx,2730,16000,1,pcm_u8,2730,0.17178726196289062
1778636224.0083013,470.78585934638977,2759,rx,2730,16000,1,pcm_u8,2730,0.17086386680603027
1778636224.1778443,470.9554023742676,2760,rx,2730,16000,1,pcm_u8,2730,0.16954302787780762
1778636224.349649,471.12720704078674,2761,rx,2730,16000,1,pcm_u8,2730,0.17180466651916504
1778636224.5201695,471.29772758483887,2762,rx,2730,16000,1,pcm_u8,2730,0.17052054405212402
1778636224.6913135,471.46887159347534,2763,rx,2730,16000,1,pcm_u8,2730,0.1711440086364746
1778636224.8631115,471.6406695842743,2764,rx,2730,16000,1,pcm_u8,2730,0.1717979907989502
1778636225.0308497,471.8084077835083,2765,rx,2730,16000,1,pcm_u8,2730,0.1677381992340088
1778636225.2067246,471.9842827320099,2766,rx,2730,16000,1,pcm_u8,2730,0.17587494850158691
1778636225.3753428,472.15290093421936,2767,rx,2730,16000,1,pcm_u8,2730,0.16861820220947266
1778636225.5470817,472.3246397972107,2768,rx,2730,16000,1,pcm_u8,2730,0.171738862991333
1778636225.7206936,472.49825167655945,2769,rx,2730,16000,1,pcm_u8,2730,0.17361187934875488
1778636225.8877149,472.6652729511261,2770,rx,2730,16000,1,pcm_u8,2730,0.1670212745666504
1778636226.0639195,472.8414776325226,2771,rx,2730,16000,1,pcm_u8,2730,0.17620468139648438
1778636226.22864,473.0061981678009,2772,rx,2730,16000,1,pcm_u8,2730,0.1647205352783203
1778636226.402863,473.1804211139679,2773,rx,2730,16000,1,pcm_u8,2730,0.1742229461669922
1778636226.5706496,473.34820771217346,2774,rx,2730,16000,1,pcm_u8,2730,0.1677865982055664
1778636226.7417722,473.5193302631378,2775,rx,2730,16000,1,pcm_u8,2730,0.17112255096435547
1778636226.9230268,473.70058488845825,2776,rx,2730,16000,1,pcm_u8,2730,0.18125462532043457
1778636227.083016,473.8605740070343,2777,rx,2730,16000,1,pcm_u8,2730,0.1599891185760498
1778636227.2629824,474.04054045677185,2778,rx,2730,16000,1,pcm_u8,2730,0.17996644973754883
1778636227.4258425,474.20340061187744,2779,rx,2730,16000,1,pcm_u8,2730,0.16286015510559082
1778636227.5981696,474.3757276535034,2780,rx,2730,16000,1,pcm_u8,2730,0.17232704162597656
1778636227.7625048,474.5400629043579,2781,rx,2730,16000,1,pcm_u8,2730,0.1643352508544922
1778636227.9331877,474.7107458114624,2782,rx,2730,16000,1,pcm_u8,2730,0.1706829071044922
1778636228.1045513,474.88210940361023,2783,rx,2730,16000,1,pcm_u8,2730,0.17136359214782715
1778636228.2786512,475.0562093257904,2784,rx,2730,16000,1,pcm_u8,2730,0.17409992218017578
1778636228.4468784,475.22443652153015,2785,rx,2730,16000,1,pcm_u8,2730,0.1682271957397461
1778636228.6155732,475.3931312561035,2786,rx,2730,16000,1,pcm_u8,2730,0.16869473457336426
1778636228.78744,475.5649981498718,2787,rx,2730,16000,1,pcm_u8,2730,0.17186689376831055
1778636228.9585452,475.7361032962799,2788,rx,2730,16000,1,pcm_u8,2730,0.17110514640808105
1778636229.1273031,475.90486121177673,2789,rx,2730,16000,1,pcm_u8,2730,0.16875791549682617
1778636229.2981515,476.0757095813751,2790,rx,2730,16000,1,pcm_u8,2730,0.17084836959838867
1778636229.4740932,476.25165128707886,2791,rx,2730,16000,1,pcm_u8,2730,0.17594170570373535
1778636229.639341,476.41689920425415,2792,rx,2730,16000,1,pcm_u8,2730,0.16524791717529297
1778636229.8100991,476.58765721321106,2793,rx,2730,16000,1,pcm_u8,2730,0.17075800895690918
1778636229.9810755,476.7586336135864,2794,rx,2730,16000,1,pcm_u8,2730,0.1709764003753662
1778636230.1525235,476.93008160591125,2795,rx,2730,16000,1,pcm_u8,2730,0.1714479923248291
1778636230.322197,477.09975504875183,2796,rx,2730,16000,1,pcm_u8,2730,0.16967344284057617
1778636230.495628,477.2731862068176,2797,rx,2730,16000,1,pcm_u8,2730,0.1734311580657959
1778636230.665653,477.4432110786438,2798,rx,2730,16000,1,pcm_u8,2730,0.17002487182617188
1778636230.8344014,477.61195945739746,2799,rx,2730,16000,1,pcm_u8,2730,0.1687483787536621
1778636231.0060067,477.7835648059845,2800,rx,2730,16000,1,pcm_u8,2730,0.17160534858703613
1778636231.1754746,477.9530327320099,2801,rx,2730,16000,1,pcm_u8,2730,0.16946792602539062
1778636231.3468165,478.124374628067,2802,rx,2730,16000,1,pcm_u8,2730,0.1713418960571289
1778636231.5169392,478.2944972515106,2803,rx,2730,16000,1,pcm_u8,2730,0.17012262344360352
1778636231.6879022,478.46546030044556,2804,rx,2730,16000,1,pcm_u8,2730,0.17096304893493652
1778636231.8683603,478.6459183692932,2805,rx,2730,16000,1,pcm_u8,2730,0.18045806884765625
1778636232.0288382,478.8063962459564,2806,rx,2730,16000,1,pcm_u8,2730,0.160477876663208
1778636232.20437,478.9819281101227,2807,rx,2730,16000,1,pcm_u8,2730,0.17553186416625977
1778636232.3705783,479.1481363773346,2808,rx,2730,16000,1,pcm_u8,2730,0.16620826721191406
1778636232.5410786,479.3186366558075,2809,rx,2730,16000,1,pcm_u8,2730,0.1705002784729004
1778636232.7165968,479.49415493011475,2810,rx,2730,16000,1,pcm_u8,2730,0.17551827430725098
1778636232.8865325,479.66409063339233,2811,rx,2730,16000,1,pcm_u8,2730,0.1699357032775879
1778636233.0660017,479.8435597419739,2812,rx,2730,16000,1,pcm_u8,2730,0.17946910858154297
1778636233.22875,480.00630807876587,2813,rx,2730,16000,1,pcm_u8,2730,0.1627483367919922
1778636233.397331,480.174889087677,2814,rx,2730,16000,1,pcm_u8,2730,0.1685810089111328
1778636233.5646882,480.3422462940216,2815,rx,2730,16000,1,pcm_u8,2730,0.1673572063446045
1778636233.7361753,480.5137333869934,2816,rx,2730,16000,1,pcm_u8,2730,0.17148709297180176
1778636233.908457,480.68601512908936,2817,rx,2730,16000,1,pcm_u8,2730,0.17228174209594727
1778636234.0768328,480.8543908596039,2818,rx,2730,16000,1,pcm_u8,2730,0.16837573051452637
1778636234.2477014,481.0252594947815,2819,rx,2730,16000,1,pcm_u8,2730,0.1708686351776123
1778636234.4232059,481.20076394081116,2820,rx,2730,16000,1,pcm_u8,2730,0.17550444602966309
1778636234.5902805,481.3678386211395,2821,rx,2730,16000,1,pcm_u8,2730,0.16707468032836914
1778636234.7614813,481.5390393733978,2822,rx,2730,16000,1,pcm_u8,2730,0.17120075225830078
1778636234.9354086,481.71296668052673,2823,rx,2730,16000,1,pcm_u8,2730,0.17392730712890625
1778636235.115455,481.8930130004883,2824,rx,2730,16000,1,pcm_u8,2730,0.18004631996154785
1778636235.2717462,482.04930424690247,2825,rx,2730,16000,1,pcm_u8,2730,0.15629124641418457
1778636235.4500926,482.227650642395,2826,rx,2730,16000,1,pcm_u8,2730,0.1783463954925537
1778636235.6145482,482.39210629463196,2827,rx,2730,16000,1,pcm_u8,2730,0.16445565223693848
1778636235.7836297,482.5611877441406,2828,rx,2730,16000,1,pcm_u8,2730,0.169081449508667
1778636235.9585404,482.7360985279083,2829,rx,2730,16000,1,pcm_u8,2730,0.1749107837677002
1778636236.125462,482.9030201435089,2830,rx,2730,16000,1,pcm_u8,2730,0.16692161560058594
1778636236.2973633,483.0749213695526,2831,rx,2730,16000,1,pcm_u8,2730,0.17190122604370117
1778636236.465877,483.24343514442444,2832,rx,2730,16000,1,pcm_u8,2730,0.16851377487182617
1778636236.6453323,483.4228904247284,2833,rx,2730,16000,1,pcm_u8,2730,0.17945528030395508
1778636236.8106425,483.58820056915283,2834,rx,2730,16000,1,pcm_u8,2730,0.16531014442443848
1778636236.9789584,483.756516456604,2835,rx,2730,16000,1,pcm_u8,2730,0.16831588745117188
1778636237.1501741,483.9277322292328,2836,rx,2730,16000,1,pcm_u8,2730,0.17121577262878418
1778636237.319811,484.09736919403076,2837,rx,2730,16000,1,pcm_u8,2730,0.16963696479797363
1778636237.4911585,484.2687165737152,2838,rx,2730,16000,1,pcm_u8,2730,0.17134737968444824
1778636237.6625137,484.44007182121277,2839,rx,2730,16000,1,pcm_u8,2730,0.1713552474975586
1778636237.8318393,484.60939741134644,2840,rx,2730,16000,1,pcm_u8,2730,0.169325590133667
1778636238.0031083,484.78066635131836,2841,rx,2730,16000,1,pcm_u8,2730,0.17126893997192383
1778636238.174409,484.9519670009613,2842,rx,2730,16000,1,pcm_u8,2730,0.17130064964294434
1778636238.345577,485.12313508987427,2843,rx,2730,16000,1,pcm_u8,2730,0.17116808891296387
1778636238.516303,485.2938611507416,2844,rx,2730,16000,1,pcm_u8,2730,0.17072606086730957
1778636238.685686,485.4632441997528,2845,rx,2730,16000,1,pcm_u8,2730,0.16938304901123047
1778636238.857242,485.63480019569397,2846,rx,2730,16000,1,pcm_u8,2730,0.1715559959411621
1778636239.0267947,485.80435276031494,2847,rx,2730,16000,1,pcm_u8,2730,0.16955256462097168
1778636239.2001069,485.97766494750977,2848,rx,2730,16000,1,pcm_u8,2730,0.17331218719482422
1778636239.3690057,486.14656376838684,2849,rx,2730,16000,1,pcm_u8,2730,0.1688988208770752
1778636239.53893,486.31648802757263,2850,rx,2730,16000,1,pcm_u8,2730,0.16992425918579102
1778636239.7091913,486.4867494106293,2851,rx,2730,16000,1,pcm_u8,2730,0.17026138305664062
1778636239.8797264,486.6572844982147,2852,rx,2730,16000,1,pcm_u8,2730,0.17053508758544922
1778636240.056529,486.8340871334076,2853,rx,2730,16000,1,pcm_u8,2730,0.1768026351928711
1778636240.2216256,486.99918365478516,2854,rx,2730,16000,1,pcm_u8,2730,0.16509652137756348
1778636240.3924646,487.17002272605896,2855,rx,2730,16000,1,pcm_u8,2730,0.1708390712738037
1778636240.5636716,487.3412296772003,2856,rx,2730,16000,1,pcm_u8,2730,0.17120695114135742
1778636240.7338834,487.5114414691925,2857,rx,2730,16000,1,pcm_u8,2730,0.1702117919921875
1778636240.9071827,487.68474078178406,2858,rx,2730,16000,1,pcm_u8,2730,0.17329931259155273
1778636241.0749445,487.8525025844574,2859,rx,2730,16000,1,pcm_u8,2730,0.16776180267333984
1778636241.2558694,488.03342747688293,2860,rx,2730,16000,1,pcm_u8,2730,0.1809248924255371
1778636241.416703,488.19426107406616,2861,rx,2730,16000,1,pcm_u8,2730,0.16083359718322754
1778636241.5901194,488.36767745018005,2862,rx,2730,16000,1,pcm_u8,2730,0.1734163761138916
1778636241.7679315,488.54548954963684,2863,rx,2730,16000,1,pcm_u8,2730,0.1778120994567871
1778636241.9284685,488.70602655410767,2864,rx,2730,16000,1,pcm_u8,2730,0.1605370044708252
1778636242.1007986,488.87835669517517,2865,rx,2730,16000,1,pcm_u8,2730,0.17233014106750488
1778636242.269374,489.0469319820404,2866,rx,2730,16000,1,pcm_u8,2730,0.16857528686523438
1778636242.4404385,489.21799659729004,2867,rx,2730,16000,1,pcm_u8,2730,0.1710646152496338
1778636242.610625,489.38818311691284,2868,rx,2730,16000,1,pcm_u8,2730,0.17018651962280273
1778636242.7845287,489.5620868206024,2869,rx,2730,16000,1,pcm_u8,2730,0.1739037036895752
1778636242.9587026,489.7362606525421,2870,rx,2730,16000,1,pcm_u8,2730,0.17417383193969727
1778636243.1224816,489.90003967285156,2871,rx,2730,16000,1,pcm_u8,2730,0.16377902030944824
1778636243.294021,490.0715789794922,2872,rx,2730,16000,1,pcm_u8,2730,0.171539306640625
1778636243.4638443,490.241402387619,2873,rx,2730,16000,1,pcm_u8,2730,0.16982340812683105
1778636243.6377466,490.4153046607971,2874,rx,2730,16000,1,pcm_u8,2730,0.17390227317810059
1778636243.8196683,490.5972263813019,2875,rx,2730,16000,1,pcm_u8,2730,0.18192172050476074
1778636243.9800172,490.7575752735138,2876,rx,2730,16000,1,pcm_u8,2730,0.16034889221191406
1778636244.1521869,490.92974495887756,2877,rx,2730,16000,1,pcm_u8,2730,0.17216968536376953
1778636244.3241034,491.1016614437103,2878,rx,2730,16000,1,pcm_u8,2730,0.17191648483276367
1778636244.4941664,491.27172446250916,2879,rx,2730,16000,1,pcm_u8,2730,0.17006301879882812
1778636244.6630273,491.44058537483215,2880,rx,2730,16000,1,pcm_u8,2730,0.16886091232299805
1778636244.8342466,491.6118047237396,2881,rx,2730,16000,1,pcm_u8,2730,0.1712193489074707
1778636245.0077455,491.7853035926819,2882,rx,2730,16000,1,pcm_u8,2730,0.17349886894226074
1778636245.174169,491.9517271518707,2883,rx,2730,16000,1,pcm_u8,2730,0.16642355918884277
1778636245.347728,492.1252861022949,2884,rx,2730,16000,1,pcm_u8,2730,0.17355895042419434
1778636245.518365,492.29592299461365,2885,rx,2730,16000,1,pcm_u8,2730,0.17063689231872559
1778636245.6882317,492.4657897949219,2886,rx,2730,16000,1,pcm_u8,2730,0.16986680030822754
1778636245.8589149,492.63647294044495,2887,rx,2730,16000,1,pcm_u8,2730,0.1706831455230713
1778636246.0285788,492.80613684654236,2888,rx,2730,16000,1,pcm_u8,2730,0.1696639060974121
1778636246.198219,492.97577714920044,2889,rx,2730,16000,1,pcm_u8,2730,0.16964030265808105
1778636246.369168,493.1467261314392,2890,rx,2730,16000,1,pcm_u8,2730,0.17094898223876953
1778636246.538957,493.31651520729065,2891,rx,2730,16000,1,pcm_u8,2730,0.16978907585144043
1778636246.7144954,493.49205350875854,2892,rx,2730,16000,1,pcm_u8,2730,0.1755383014678955
1778636246.8783789,493.65593695640564,2893,rx,2730,16000,1,pcm_u8,2730,0.16388344764709473
1778636247.0514877,493.8290457725525,2894,rx,2730,16000,1,pcm_u8,2730,0.17310881614685059
1778636247.2188966,493.99645471572876,2895,rx,2730,16000,1,pcm_u8,2730,0.16740894317626953
1778636247.389905,494.1674630641937,2896,rx,2730,16000,1,pcm_u8,2730,0.17100834846496582
1778636247.56205,494.33960819244385,2897,rx,2730,16000,1,pcm_u8,2730,0.17214512825012207
1778636247.7314868,494.5090448856354,2898,rx,2730,16000,1,pcm_u8,2730,0.16943669319152832
1778636247.909403,494.68696117401123,2899,rx,2730,16000,1,pcm_u8,2730,0.1779162883758545
1778636248.073001,494.85055899620056,2900,rx,2730,16000,1,pcm_u8,2730,0.16359782218933105
1778636248.2432308,495.02078890800476,2901,rx,2730,16000,1,pcm_u8,2730,0.17022991180419922
1778636248.4202356,495.1977937221527,2902,rx,2730,16000,1,pcm_u8,2730,0.17700481414794922
1778636248.5851243,495.3626823425293,2903,rx,2730,16000,1,pcm_u8,2730,0.16488862037658691
1778636248.763257,495.540815114975,2904,rx,2730,16000,1,pcm_u8,2730,0.1781327724456787
1778636248.9317641,495.7093222141266,2905,rx,2730,16000,1,pcm_u8,2730,0.16850709915161133
1778636249.1014705,495.8790285587311,2906,rx,2730,16000,1,pcm_u8,2730,0.1697063446044922
1778636249.2708411,496.0483992099762,2907,rx,2730,16000,1,pcm_u8,2730,0.1693706512451172
1778636249.442855,496.22041296958923,2908,rx,2730,16000,1,pcm_u8,2730,0.1720137596130371
1778636249.6090815,496.38663959503174,2909,rx,2730,16000,1,pcm_u8,2730,0.16622662544250488
1778636249.7794657,496.5570237636566,2910,rx,2730,16000,1,pcm_u8,2730,0.17038416862487793
1778636249.9506109,496.728168964386,2911,rx,2730,16000,1,pcm_u8,2730,0.17114520072937012
1778636250.1202157,496.8977737426758,2912,rx,2730,16000,1,pcm_u8,2730,0.16960477828979492
1778636250.292399,497.06995701789856,2913,rx,2730,16000,1,pcm_u8,2730,0.17218327522277832
1778636250.4695535,497.2471115589142,2914,rx,2730,16000,1,pcm_u8,2730,0.177154541015625
1778636250.6323397,497.40989780426025,2915,rx,2730,16000,1,pcm_u8,2730,0.16278624534606934
1778636250.8094404,497.586998462677,2916,rx,2730,16000,1,pcm_u8,2730,0.17710065841674805
1778636250.9797206,497.7572786808014,2917,rx,2730,16000,1,pcm_u8,2730,0.17028021812438965
1778636251.1451077,497.9226658344269,2918,rx,2730,16000,1,pcm_u8,2730,0.16538715362548828
1778636251.3153915,498.09294962882996,2919,rx,2730,16000,1,pcm_u8,2730,0.17028379440307617
1778636251.4916477,498.2692058086395,2920,rx,2730,16000,1,pcm_u8,2730,0.1762561798095703
1778636251.6632655,498.4408235549927,2921,rx,2730,16000,1,pcm_u8,2730,0.17161774635314941
1778636251.8313212,498.60887932777405,2922,rx,2730,16000,1,pcm_u8,2730,0.16805577278137207
1778636252.0055482,498.7831063270569,2923,rx,2730,16000,1,pcm_u8,2730,0.17422699928283691
1778636252.1717253,498.94928336143494,2924,rx,2730,16000,1,pcm_u8,2730,0.16617703437805176
1778636252.3469837,499.12454175949097,2925,rx,2730,16000,1,pcm_u8,2730,0.17525839805603027
1778636252.5139647,499.29152274131775,2926,rx,2730,16000,1,pcm_u8,2730,0.16698098182678223
1778636252.68625,499.4638080596924,2927,rx,2730,16000,1,pcm_u8,2730,0.1722853183746338
1778636252.8553817,499.63293981552124,2928,rx,2730,16000,1,pcm_u8,2730,0.16913175582885742
1778636253.0275688,499.8051269054413,2929,rx,2730,16000,1,pcm_u8,2730,0.17218708992004395
1778636253.193707,499.97126507759094,2930,rx,2730,16000,1,pcm_u8,2730,0.1661381721496582
1778636253.3634493,500.1410074234009,2931,rx,2730,16000,1,pcm_u8,2730,0.16974234580993652
1778636253.537962,500.3155200481415,2932,rx,2730,16000,1,pcm_u8,2730,0.17451262474060059
1778636253.7070246,500.4845826625824,2933,rx,2730,16000,1,pcm_u8,2730,0.16906261444091797
1778636253.8757474,500.6533055305481,2934,rx,2730,16000,1,pcm_u8,2730,0.16872286796569824
1778636254.0482998,500.8258578777313,2935,rx,2730,16000,1,pcm_u8,2730,0.17255234718322754
1778636254.2172046,500.9947626590729,2936,rx,2730,16000,1,pcm_u8,2730,0.16890478134155273
1778636254.3874454,501.1650035381317,2937,rx,2730,16000,1,pcm_u8,2730,0.1702408790588379
1778636254.5631516,501.3407096862793,2938,rx,2730,16000,1,pcm_u8,2730,0.175706148147583
1778636254.729007,501.50656509399414,2939,rx,2730,16000,1,pcm_u8,2730,0.16585540771484375
1778636254.8996007,501.67715883255005,2940,rx,2730,16000,1,pcm_u8,2730,0.1705937385559082
1778636255.0761871,501.8537452220917,2941,rx,2730,16000,1,pcm_u8,2730,0.17658638954162598
1778636255.243024,502.0205821990967,2942,rx,2730,16000,1,pcm_u8,2730,0.16683697700500488
1778636255.4118776,502.1894357204437,2943,rx,2730,16000,1,pcm_u8,2730,0.1688535213470459
1778636255.5862365,502.3637945652008,2944,rx,2730,16000,1,pcm_u8,2730,0.17435884475708008
1778636255.7534518,502.53100991249084,2945,rx,2730,16000,1,pcm_u8,2730,0.16721534729003906
1778636255.9242105,502.7017686367035,2946,rx,2730,16000,1,pcm_u8,2730,0.17075872421264648
1778636256.0985532,502.8761112689972,2947,rx,2730,16000,1,pcm_u8,2730,0.17434263229370117
1778636256.2647922,503.0423502922058,2948,rx,2730,16000,1,pcm_u8,2730,0.16623902320861816
1778636256.4366193,503.2141773700714,2949,rx,2730,16000,1,pcm_u8,2730,0.17182707786560059
1778636256.6094162,503.3869743347168,2950,rx,2730,16000,1,pcm_u8,2730,0.17279696464538574
1778636256.7777152,503.55527329444885,2951,rx,2730,16000,1,pcm_u8,2730,0.16829895973205566
1778636256.9541225,503.7316806316376,2952,rx,2730,16000,1,pcm_u8,2730,0.1764073371887207
1778636257.122909,503.9004671573639,2953,rx,2730,16000,1,pcm_u8,2730,0.16878652572631836
1778636257.289535,504.0670931339264,2954,rx,2730,16000,1,pcm_u8,2730,0.1666259765625
1778636257.4619815,504.2395396232605,2955,rx,2730,16000,1,pcm_u8,2730,0.17244648933410645
1778636257.6345983,504.4121563434601,2956,rx,2730,16000,1,pcm_u8,2730,0.17261672019958496
1778636257.808162,504.58572006225586,2957,rx,2730,16000,1,pcm_u8,2730,0.17356371879577637
1778636257.976765,504.75432300567627,2958,rx,2730,16000,1,pcm_u8,2730,0.16860294342041016
1778636258.1498203,504.9273784160614,2959,rx,2730,16000,1,pcm_u8,2730,0.17305541038513184
1778636258.3173673,505.09492540359497,2960,rx,2730,16000,1,pcm_u8,2730,0.16754698753356934
1778636258.487097,505.2646551132202,2961,rx,2730,16000,1,pcm_u8,2730,0.16972970962524414
1778636258.6586323,505.436190366745,2962,rx,2730,16000,1,pcm_u8,2730,0.17153525352478027
1778636258.8338623,505.6114203929901,2963,rx,2730,16000,1,pcm_u8,2730,0.1752300262451172
1778636259.0004923,505.77805042266846,2964,rx,2730,16000,1,pcm_u8,2730,0.16663002967834473
1778636259.1713443,505.94890236854553,2965,rx,2730,16000,1,pcm_u8,2730,0.1708519458770752
1778636259.3410146,506.1185727119446,2966,rx,2730,16000,1,pcm_u8,2730,0.16967034339904785
1778636259.512639,506.29019713401794,2967,rx,2730,16000,1,pcm_u8,2730,0.17162442207336426
1778636259.681641,506.45919919013977,2968,rx,2730,16000,1,pcm_u8,2730,0.16900205612182617
1778636259.854603,506.6321611404419,2969,rx,2730,16000,1,pcm_u8,2730,0.17296195030212402
1778636260.01991,506.7974681854248,2970,rx,2730,16000,1,pcm_u8,2730,0.16530704498291016
1778636260.197508,506.97506618499756,2971,rx,2730,16000,1,pcm_u8,2730,0.1775979995727539
1778636260.3635333,507.1410913467407,2972,rx,2730,16000,1,pcm_u8,2730,0.16602516174316406
1778636260.533002,507.31055998802185,2973,rx,2730,16000,1,pcm_u8,2730,0.16946864128112793
1778636260.7308054,507.5083634853363,2974,rx,2730,16000,1,pcm_u8,2730,0.19780349731445312
1778636260.8733323,507.6508903503418,2975,rx,2730,16000,1,pcm_u8,2730,0.14252686500549316
1778636261.0498526,507.827410697937,2976,rx,2730,16000,1,pcm_u8,2730,0.17652034759521484
1778636261.221125,507.99868297576904,2977,rx,2730,16000,1,pcm_u8,2730,0.17127227783203125
1778636261.3874454,508.1650035381317,2978,rx,2730,16000,1,pcm_u8,2730,0.1663205623626709
1778636261.5594347,508.3369927406311,2979,rx,2730,16000,1,pcm_u8,2730,0.17198920249938965
1778636261.7304268,508.5079848766327,2980,rx,2730,16000,1,pcm_u8,2730,0.17099213600158691
1778636261.9013212,508.67887926101685,2981,rx,2730,16000,1,pcm_u8,2730,0.17089438438415527
1778636262.0682929,508.84585094451904,2982,rx,2730,16000,1,pcm_u8,2730,0.16697168350219727
1778636262.2513545,509.0289125442505,2983,rx,2730,16000,1,pcm_u8,2730,0.1830615997314453
1778636262.4097133,509.18727135658264,2984,rx,2730,16000,1,pcm_u8,2730,0.15835881233215332
1778636262.5837784,509.36133646965027,2985,rx,2730,16000,1,pcm_u8,2730,0.17406511306762695
1778636262.7562325,509.5337905883789,2986,rx,2730,16000,1,pcm_u8,2730,0.1724541187286377
1778636262.9216294,509.69918751716614,2987,rx,2730,16000,1,pcm_u8,2730,0.16539692878723145
1778636263.0925233,509.87008142471313,2988,rx,2730,16000,1,pcm_u8,2730,0.17089390754699707
1778636263.2631214,510.04067945480347,2989,rx,2730,16000,1,pcm_u8,2730,0.17059803009033203
1778636263.4337113,510.2112693786621,2990,rx,2730,16000,1,pcm_u8,2730,0.17058992385864258
1778636263.6042085,510.3817665576935,2991,rx,2730,16000,1,pcm_u8,2730,0.17049717903137207
1778636263.7793217,510.55687975883484,2992,rx,2730,16000,1,pcm_u8,2730,0.17511320114135742
1778636263.9485574,510.7261154651642,2993,rx,2730,16000,1,pcm_u8,2730,0.1692357063293457
1778636264.1162748,510.8938329219818,2994,rx,2730,16000,1,pcm_u8,2730,0.16771745681762695
1778636264.3040032,511.0815613269806,2995,rx,2730,16000,1,pcm_u8,2730,0.1877284049987793
1778636264.4576707,511.23522877693176,2996,rx,2730,16000,1,pcm_u8,2730,0.15366744995117188
1778636264.6333218,511.4108798503876,2997,rx,2730,16000,1,pcm_u8,2730,0.17565107345581055
1778636264.8060884,511.5836465358734,2998,rx,2730,16000,1,pcm_u8,2730,0.17276668548583984
1778636264.9725392,511.7500972747803,2999,rx,2730,16000,1,pcm_u8,2730,0.16645073890686035
1778636265.1492524,511.926810503006,3000,rx,2730,16000,1,pcm_u8,2730,0.176713228225708
1778636265.315489,512.0930471420288,3001,rx,2730,16000,1,pcm_u8,2730,0.16623663902282715
1778636265.4822295,512.2597875595093,3002,rx,2730,16000,1,pcm_u8,2730,0.16674041748046875
1778636265.6563811,512.4339392185211,3003,rx,2730,16000,1,pcm_u8,2730,0.17415165901184082
1778636265.830097,512.6076550483704,3004,rx,2730,16000,1,pcm_u8,2730,0.17371582984924316
1778636265.9963164,512.7738745212555,3005,rx,2730,16000,1,pcm_u8,2730,0.16621947288513184
1778636266.1643019,512.941859960556,3006,rx,2730,16000,1,pcm_u8,2730,0.1679854393005371
1778636266.338943,513.1165010929108,3007,rx,2730,16000,1,pcm_u8,2730,0.17464113235473633
1778636266.509802,513.2873601913452,3008,rx,2730,16000,1,pcm_u8,2730,0.17085909843444824
1778636266.6762543,513.4538123607635,3009,rx,2730,16000,1,pcm_u8,2730,0.16645216941833496
1778636266.8484244,513.6259825229645,3010,rx,2730,16000,1,pcm_u8,2730,0.17217016220092773
1778636267.0183992,513.795957326889,3011,rx,2730,16000,1,pcm_u8,2730,0.16997480392456055
1778636267.1886075,513.9661655426025,3012,rx,2730,16000,1,pcm_u8,2730,0.17020821571350098
1778636267.3643365,514.1418945789337,3013,rx,2730,16000,1,pcm_u8,2730,0.17572903633117676
1778636267.5304499,514.3080079555511,3014,rx,2730,16000,1,pcm_u8,2730,0.16611337661743164
1778636267.707,514.4845581054688,3015,rx,2730,16000,1,pcm_u8,2730,0.17655014991760254
1778636267.877116,514.6546740531921,3016,rx,2730,16000,1,pcm_u8,2730,0.17011594772338867
1778636268.045227,514.8227851390839,3017,rx,2730,16000,1,pcm_u8,2730,0.16811108589172363
1778636268.2128377,514.990395784378,3018,rx,2730,16000,1,pcm_u8,2730,0.16761064529418945
1778636268.389678,515.1672360897064,3019,rx,2730,16000,1,pcm_u8,2730,0.17684030532836914
1778636268.5558627,515.333420753479,3020,rx,2730,16000,1,pcm_u8,2730,0.166184663772583
1778636268.7248857,515.5024437904358,3021,rx,2730,16000,1,pcm_u8,2730,0.1690230369567871
1778636268.9055817,515.6831398010254,3022,rx,2730,16000,1,pcm_u8,2730,0.1806960105895996
1778636269.0673857,515.8449437618256,3023,rx,2730,16000,1,pcm_u8,2730,0.1618039608001709
1778636269.2425683,516.0201263427734,3024,rx,2730,16000,1,pcm_u8,2730,0.17518258094787598
1778636269.4101267,516.1876847743988,3025,rx,2730,16000,1,pcm_u8,2730,0.1675584316253662
1778636269.5780263,516.3555843830109,3026,rx,2730,16000,1,pcm_u8,2730,0.16789960861206055
1778636269.7500675,516.5276255607605,3027,rx,2730,16000,1,pcm_u8,2730,0.1720411777496338
1778636269.9216125,516.699170589447,3028,rx,2730,16000,1,pcm_u8,2730,0.17154502868652344
1778636270.0931048,516.8706629276276,3029,rx,2730,16000,1,pcm_u8,2730,0.171492338180542
1778636270.2675123,517.0450704097748,3030,rx,2730,16000,1,pcm_u8,2730,0.1744074821472168
1778636270.4379013,517.2154593467712,3031,rx,2730,16000,1,pcm_u8,2730,0.17038893699645996
1778636270.6022491,517.3798072338104,3032,rx,2730,16000,1,pcm_u8,2730,0.16434788703918457
1778636270.7746265,517.5521845817566,3033,rx,2730,16000,1,pcm_u8,2730,0.172377347946167
1778636270.9458044,517.7233624458313,3034,rx,2730,16000,1,pcm_u8,2730,0.17117786407470703
1778636271.1137877,517.8913457393646,3035,rx,2730,16000,1,pcm_u8,2730,0.1679832935333252
1778636271.285732,518.0632901191711,3036,rx,2730,16000,1,pcm_u8,2730,0.17194437980651855
1778636271.4579384,518.2354965209961,3037,rx,2730,16000,1,pcm_u8,2730,0.17220640182495117
1778636271.6263309,518.4038889408112,3038,rx,2730,16000,1,pcm_u8,2730,0.16839241981506348
1778636271.7986214,518.5761795043945,3039,rx,2730,16000,1,pcm_u8,2730,0.17229056358337402
1778636271.9673996,518.7449576854706,3040,rx,2730,16000,1,pcm_u8,2730,0.1687781810760498
1778636272.14044,518.9179980754852,3041,rx,2730,16000,1,pcm_u8,2730,0.17304039001464844
1778636272.3095856,519.0871436595917,3042,rx,2730,16000,1,pcm_u8,2730,0.1691455841064453
1778636272.4857087,519.2632668018341,3043,rx,2730,16000,1,pcm_u8,2730,0.17612314224243164
1778636272.6559477,519.4335057735443,3044,rx,2730,16000,1,pcm_u8,2730,0.17023897171020508
1778636272.8209465,519.5985045433044,3045,rx,2730,16000,1,pcm_u8,2730,0.16499876976013184
1778636272.9987288,519.7762868404388,3046,rx,2730,16000,1,pcm_u8,2730,0.17778229713439941
1778636273.163342,519.9409000873566,3047,rx,2730,16000,1,pcm_u8,2730,0.1646132469177246
1778636273.333026,520.1105840206146,3048,rx,2730,16000,1,pcm_u8,2730,0.16968393325805664
1778636273.510857,520.2884151935577,3049,rx,2730,16000,1,pcm_u8,2730,0.17783117294311523
1778636273.6751137,520.4526717662811,3050,rx,2730,16000,1,pcm_u8,2730,0.16425657272338867
1778636273.849018,520.6265761852264,3051,rx,2730,16000,1,pcm_u8,2730,0.1739044189453125
1778636274.0164342,520.7939922809601,3052,rx,2730,16000,1,pcm_u8,2730,0.16741609573364258
1778636274.1864116,520.963969707489,3053,rx,2730,16000,1,pcm_u8,2730,0.16997742652893066
1778636274.3566508,521.1342089176178,3054,rx,2730,16000,1,pcm_u8,2730,0.17023921012878418
1778636274.5282376,521.3057956695557,3055,rx,2730,16000,1,pcm_u8,2730,0.1715867519378662
1778636274.6999729,521.4775309562683,3056,rx,2730,16000,1,pcm_u8,2730,0.17173528671264648
1778636274.868861,521.6464190483093,3057,rx,2730,16000,1,pcm_u8,2730,0.16888809204101562
1778636275.0485399,521.8260979652405,3058,rx,2730,16000,1,pcm_u8,2730,0.17967891693115234
1778636275.211885,521.989443063736,3059,rx,2730,16000,1,pcm_u8,2730,0.1633450984954834
1778636275.3858917,522.1634497642517,3060,rx,2730,16000,1,pcm_u8,2730,0.17400670051574707
1778636275.5548987,522.3324568271637,3061,rx,2730,16000,1,pcm_u8,2730,0.1690070629119873
1778636275.7300541,522.5076122283936,3062,rx,2730,16000,1,pcm_u8,2730,0.1751554012298584
1778636275.900206,522.6777641773224,3063,rx,2730,16000,1,pcm_u8,2730,0.170151948928833
1778636276.0657682,522.8433263301849,3064,rx,2730,16000,1,pcm_u8,2730,0.16556215286254883
1778636276.2343264,523.0118844509125,3065,rx,2730,16000,1,pcm_u8,2730,0.16855812072753906
1778636276.405321,523.1828789710999,3066,rx,2730,16000,1,pcm_u8,2730,0.17099452018737793
1778636276.5784776,523.3560357093811,3067,rx,2730,16000,1,pcm_u8,2730,0.17315673828125
1778636276.746558,523.5241160392761,3068,rx,2730,16000,1,pcm_u8,2730,0.16808032989501953
1778636276.9165995,523.6941576004028,3069,rx,2730,16000,1,pcm_u8,2730,0.17004156112670898
1778636277.0972059,523.8747639656067,3070,rx,2730,16000,1,pcm_u8,2730,0.18060636520385742
1778636277.257809,524.0353670120239,3071,rx,2730,16000,1,pcm_u8,2730,0.16060304641723633
1778636277.4293342,524.2068922519684,3072,rx,2730,16000,1,pcm_u8,2730,0.171525239944458
1778636277.6014233,524.3789813518524,3073,rx,2730,16000,1,pcm_u8,2730,0.1720890998840332
1778636277.770498,524.5480561256409,3074,rx,2730,16000,1,pcm_u8,2730,0.16907477378845215
1778636277.9415314,524.7190895080566,3075,rx,2730,16000,1,pcm_u8,2730,0.17103338241577148
1778636278.1115205,524.889078617096,3076,rx,2730,16000,1,pcm_u8,2730,0.16998910903930664
1778636278.2822962,525.0598542690277,3077,rx,2730,16000,1,pcm_u8,2730,0.1707756519317627
1778636278.4527965,525.2303545475006,3078,rx,2730,16000,1,pcm_u8,2730,0.1705002784729004
1778636278.6265917,525.4041497707367,3079,rx,2730,16000,1,pcm_u8,2730,0.17379522323608398
1778636278.7995002,525.5770583152771,3080,rx,2730,16000,1,pcm_u8,2730,0.17290854454040527
1778636278.965704,525.743262052536,3081,rx,2730,16000,1,pcm_u8,2730,0.16620373725891113
1778636279.1470945,525.9246525764465,3082,rx,2730,16000,1,pcm_u8,2730,0.18139052391052246
1778636279.3095284,526.0870864391327,3083,rx,2730,16000,1,pcm_u8,2730,0.16243386268615723
1778636279.479061,526.256618976593,3084,rx,2730,16000,1,pcm_u8,2730,0.16953253746032715
1778636279.6516278,526.4291858673096,3085,rx,2730,16000,1,pcm_u8,2730,0.17256689071655273
1778636279.8193815,526.5969395637512,3086,rx,2730,16000,1,pcm_u8,2730,0.1677536964416504
1778636279.9943612,526.7719192504883,3087,rx,2730,16000,1,pcm_u8,2730,0.17497968673706055
1778636280.1620898,526.9396479129791,3088,rx,2730,16000,1,pcm_u8,2730,0.16772866249084473
1778636280.3304527,527.1080107688904,3089,rx,2730,16000,1,pcm_u8,2730,0.16836285591125488
1778636280.5016465,527.2792046070099,3090,rx,2730,16000,1,pcm_u8,2730,0.17119383811950684
1778636280.6749566,527.4525146484375,3091,rx,2730,16000,1,pcm_u8,2730,0.1733100414276123
1778636280.8485665,527.6261246204376,3092,rx,2730,16000,1,pcm_u8,2730,0.17360997200012207
1778636281.0166054,527.7941634654999,3093,rx,2730,16000,1,pcm_u8,2730,0.16803884506225586
1778636281.1886349,527.9661929607391,3094,rx,2730,16000,1,pcm_u8,2730,0.1720294952392578
1778636281.3545072,528.1320652961731,3095,rx,2730,16000,1,pcm_u8,2730,0.16587233543395996
1778636281.5253365,528.3028945922852,3096,rx,2730,16000,1,pcm_u8,2730,0.17082929611206055
1778636281.701104,528.4786620140076,3097,rx,2730,16000,1,pcm_u8,2730,0.1757674217224121
1778636281.867362,528.6449201107025,3098,rx,2730,16000,1,pcm_u8,2730,0.1662580966949463
1778636282.0383856,528.8159437179565,3099,rx,2730,16000,1,pcm_u8,2730,0.17102360725402832
1778636282.2107408,528.9882988929749,3100,rx,2730,16000,1,pcm_u8,2730,0.17235517501831055
1778636282.379569,529.1571271419525,3101,rx,2730,16000,1,pcm_u8,2730,0.16882824897766113
1778636282.555014,529.3325719833374,3102,rx,2730,16000,1,pcm_u8,2730,0.1754448413848877
1778636282.720973,529.4985311031342,3103,rx,2730,16000,1,pcm_u8,2730,0.16595911979675293
1778636282.8914185,529.6689765453339,3104,rx,2730,16000,1,pcm_u8,2730,0.17044544219970703
1778636283.0617301,529.8392882347107,3105,rx,2730,16000,1,pcm_u8,2730,0.17031168937683105
1778636283.2381046,530.0156626701355,3106,rx,2730,16000,1,pcm_u8,2730,0.1763744354248047
1778636283.404483,530.1820411682129,3107,rx,2730,16000,1,pcm_u8,2730,0.16637849807739258
1778636283.573878,530.3514361381531,3108,rx,2730,16000,1,pcm_u8,2730,0.16939496994018555
1778636283.7483187,530.5258767604828,3109,rx,2730,16000,1,pcm_u8,2730,0.17444062232971191
1778636283.9149916,530.6925497055054,3110,rx,2730,16000,1,pcm_u8,2730,0.166672945022583
1778636284.0890794,530.866637468338,3111,rx,2730,16000,1,pcm_u8,2730,0.1740877628326416
1778636284.256834,531.034392118454,3112,rx,2730,16000,1,pcm_u8,2730,0.1677546501159668
1778636284.427237,531.2047951221466,3113,rx,2730,16000,1,pcm_u8,2730,0.17040300369262695
1778636284.6004097,531.3779678344727,3114,rx,2730,16000,1,pcm_u8,2730,0.1731727123260498
1778636284.7730684,531.5506265163422,3115,rx,2730,16000,1,pcm_u8,2730,0.17265868186950684
1778636284.9422681,531.7198262214661,3116,rx,2730,16000,1,pcm_u8,2730,0.16919970512390137
1778636285.110523,531.888081073761,3117,rx,2730,16000,1,pcm_u8,2730,0.16825485229492188
1778636285.2823157,532.0598738193512,3118,rx,2730,16000,1,pcm_u8,2730,0.17179274559020996
1778636285.4521763,532.2297344207764,3119,rx,2730,16000,1,pcm_u8,2730,0.1698606014251709
1778636285.624598,532.4021561145782,3120,rx,2730,16000,1,pcm_u8,2730,0.17242169380187988
1778636285.7963414,532.5738995075226,3121,rx,2730,16000,1,pcm_u8,2730,0.17174339294433594
1778636285.9655576,532.7431156635284,3122,rx,2730,16000,1,pcm_u8,2730,0.16921615600585938
1778636286.1338844,532.9114425182343,3123,rx,2730,16000,1,pcm_u8,2730,0.16832685470581055
1778636286.3147614,533.0923194885254,3124,rx,2730,16000,1,pcm_u8,2730,0.1808769702911377
1778636286.4830315,533.2605895996094,3125,rx,2730,16000,1,pcm_u8,2730,0.16827011108398438
1778636286.6484718,533.426029920578,3126,rx,2730,16000,1,pcm_u8,2730,0.16544032096862793
1778636286.8200414,533.5975995063782,3127,rx,2730,16000,1,pcm_u8,2730,0.1715695858001709
1778636286.9975598,533.7751178741455,3128,rx,2730,16000,1,pcm_u8,2730,0.17751836776733398
1778636287.1629002,533.9404582977295,3129,rx,2730,16000,1,pcm_u8,2730,0.16534042358398438
1778636287.3356047,534.1131627559662,3130,rx,2730,16000,1,pcm_u8,2730,0.17270445823669434
1778636287.503302,534.2808601856232,3131,rx,2730,16000,1,pcm_u8,2730,0.16769742965698242
1778636287.669727,534.4472851753235,3132,rx,2730,16000,1,pcm_u8,2730,0.16642498970031738
1778636287.846208,534.6237661838531,3133,rx,2730,16000,1,pcm_u8,2730,0.17648100852966309
1778636288.0112934,534.7888514995575,3134,rx,2730,16000,1,pcm_u8,2730,0.1650853157043457
1778636288.1830182,534.9605762958527,3135,rx,2730,16000,1,pcm_u8,2730,0.17172479629516602
1778636288.356565,535.1341230869293,3136,rx,2730,16000,1,pcm_u8,2730,0.17354679107666016
1778636288.5254927,535.3030507564545,3137,rx,2730,16000,1,pcm_u8,2730,0.16892766952514648
1778636288.6975493,535.4751074314117,3138,rx,2730,16000,1,pcm_u8,2730,0.1720566749572754
1778636288.8683724,535.6459305286407,3139,rx,2730,16000,1,pcm_u8,2730,0.1708230972290039
1778636289.0364451,535.8140032291412,3140,rx,2730,16000,1,pcm_u8,2730,0.16807270050048828
1778636289.206035,535.9835929870605,3141,rx,2730,16000,1,pcm_u8,2730,0.16958975791931152
1778636289.3807495,536.1583075523376,3142,rx,2730,16000,1,pcm_u8,2730,0.1747145652770996
1778636289.5478637,536.3254218101501,3143,rx,2730,16000,1,pcm_u8,2730,0.1671142578125
1778636289.7195675,536.4971256256104,3144,rx,2730,16000,1,pcm_u8,2730,0.17170381546020508
1778636289.8968046,536.6743626594543,3145,rx,2730,16000,1,pcm_u8,2730,0.17723703384399414
1778636290.0591948,536.8367528915405,3146,rx,2730,16000,1,pcm_u8,2730,0.16239023208618164
1778636290.2294247,537.0069828033447,3147,rx,2730,16000,1,pcm_u8,2730,0.17022991180419922
1778636290.403096,537.1806540489197,3148,rx,2730,16000,1,pcm_u8,2730,0.17367124557495117
1778636290.5725453,537.3501033782959,3149,rx,2730,16000,1,pcm_u8,2730,0.1694493293762207
1778636290.7478607,537.5254187583923,3150,rx,2730,16000,1,pcm_u8,2730,0.17531538009643555
1778636290.915458,537.6930160522461,3151,rx,2730,16000,1,pcm_u8,2730,0.16759729385375977
1778636291.083931,537.8614890575409,3152,rx,2730,16000,1,pcm_u8,2730,0.1684730052947998
1778636291.2539487,538.0315067768097,3153,rx,2730,16000,1,pcm_u8,2730,0.17001771926879883
1778636291.4276738,538.2052319049835,3154,rx,2730,16000,1,pcm_u8,2730,0.17372512817382812
1778636291.5952508,538.372808933258,3155,rx,2730,16000,1,pcm_u8,2730,0.16757702827453613
1778636291.766839,538.5443971157074,3156,rx,2730,16000,1,pcm_u8,2730,0.17158818244934082
1778636291.9392238,538.7167818546295,3157,rx,2730,16000,1,pcm_u8,2730,0.17238473892211914
1778636292.1086106,538.886168718338,3158,rx,2730,16000,1,pcm_u8,2730,0.1693868637084961
1778636292.280746,539.0583040714264,3159,rx,2730,16000,1,pcm_u8,2730,0.1721353530883789
1778636292.454149,539.2317070960999,3160,rx,2730,16000,1,pcm_u8,2730,0.17340302467346191
1778636292.6248717,539.402429819107,3161,rx,2730,16000,1,pcm_u8,2730,0.17072272300720215
1778636292.797161,539.5747191905975,3162,rx,2730,16000,1,pcm_u8,2730,0.17228937149047852
1778636292.9632127,539.740770816803,3163,rx,2730,16000,1,pcm_u8,2730,0.16605162620544434
1778636293.1354876,539.9130456447601,3164,rx,2730,16000,1,pcm_u8,2730,0.17227482795715332
1778636293.3070228,540.0845808982849,3165,rx,2730,16000,1,pcm_u8,2730,0.17153525352478027
1778636293.4780097,540.2555677890778,3166,rx,2730,16000,1,pcm_u8,2730,0.17098689079284668
1778636293.6509,540.4284579753876,3167,rx,2730,16000,1,pcm_u8,2730,0.17289018630981445
1778636293.8182733,540.5958313941956,3168,rx,2730,16000,1,pcm_u8,2730,0.1673734188079834
1778636293.99299,540.7705481052399,3169,rx,2730,16000,1,pcm_u8,2730,0.17471671104431152
1778636294.1552763,540.9328343868256,3170,rx,2730,16000,1,pcm_u8,2730,0.16228628158569336
1778636294.3339436,541.1115016937256,3171,rx,2730,16000,1,pcm_u8,2730,0.17866730690002441
1778636294.5014343,541.2789924144745,3172,rx,2730,16000,1,pcm_u8,2730,0.16749072074890137
1778636294.6672843,541.444842338562,3173,rx,2730,16000,1,pcm_u8,2730,0.16584992408752441
1778636294.8400831,541.617641210556,3174,rx,2730,16000,1,pcm_u8,2730,0.17279887199401855
1778636295.0138762,541.7914342880249,3175,rx,2730,16000,1,pcm_u8,2730,0.17379307746887207
1778636295.179991,541.9575490951538,3176,rx,2730,16000,1,pcm_u8,2730,0.16611480712890625
1778636295.3509824,542.1285405158997,3177,rx,2730,16000,1,pcm_u8,2730,0.1709914207458496
1778636295.5209093,542.2984673976898,3178,rx,2730,16000,1,pcm_u8,2730,0.16992688179016113
1778636295.6980038,542.4755618572235,3179,rx,2730,16000,1,pcm_u8,2730,0.1770944595336914
1778636295.8634052,542.6409633159637,3180,rx,2730,16000,1,pcm_u8,2730,0.16540145874023438
1778636296.0383232,542.8158812522888,3181,rx,2730,16000,1,pcm_u8,2730,0.17491793632507324
1778636296.203883,542.9814410209656,3182,rx,2730,16000,1,pcm_u8,2730,0.1655597686767578
1778636296.3744748,543.1520328521729,3183,rx,2730,16000,1,pcm_u8,2730,0.1705918312072754
1778636296.5549421,543.3325002193451,3184,rx,2730,16000,1,pcm_u8,2730,0.1804673671722412
1778636296.7165077,543.4940657615662,3185,rx,2730,16000,1,pcm_u8,2730,0.16156554222106934
1778636296.8943543,543.6719124317169,3186,rx,2730,16000,1,pcm_u8,2730,0.17784667015075684
1778636297.05699,543.834547996521,3187,rx,2730,16000,1,pcm_u8,2730,0.16263556480407715
1778636297.23115,544.0087080001831,3188,rx,2730,16000,1,pcm_u8,2730,0.17416000366210938
1778636297.398633,544.1761910915375,3189,rx,2730,16000,1,pcm_u8,2730,0.16748309135437012
1778636297.5717497,544.3493077754974,3190,rx,2730,16000,1,pcm_u8,2730,0.17311668395996094
1778636297.7520509,544.52960896492,3191,rx,2730,16000,1,pcm_u8,2730,0.18030118942260742
1778636297.9104142,544.6879723072052,3192,rx,2730,16000,1,pcm_u8,2730,0.15836334228515625
1778636298.0814605,544.8590185642242,3193,rx,2730,16000,1,pcm_u8,2730,0.17104625701904297
1778636298.2520595,545.0296175479889,3194,rx,2730,16000,1,pcm_u8,2730,0.17059898376464844
1778636298.423094,545.2006521224976,3195,rx,2730,16000,1,pcm_u8,2730,0.171034574508667
1778636298.6148877,545.3924458026886,3196,rx,2730,16000,1,pcm_u8,2730,0.19179368019104004
1778636298.7681894,545.5457475185394,3197,rx,2730,16000,1,pcm_u8,2730,0.15330171585083008
1778636298.945631,545.7231891155243,3198,rx,2730,16000,1,pcm_u8,2730,0.17744159698486328
1778636299.1077428,545.8853008747101,3199,rx,2730,16000,1,pcm_u8,2730,0.16211175918579102
1778636299.277056,546.0546140670776,3200,rx,2730,16000,1,pcm_u8,2730,0.1693131923675537
1778636299.4487033,546.2262613773346,3201,rx,2730,16000,1,pcm_u8,2730,0.171647310256958
1778636299.6172864,546.3948445320129,3202,rx,2730,16000,1,pcm_u8,2730,0.16858315467834473
1778636299.7950647,546.5726227760315,3203,rx,2730,16000,1,pcm_u8,2730,0.1777782440185547
1778636299.9588244,546.736382484436,3204,rx,2730,16000,1,pcm_u8,2730,0.16375970840454102
1778636300.131346,546.9089040756226,3205,rx,2730,16000,1,pcm_u8,2730,0.17252159118652344
1778636300.2997835,547.0773415565491,3206,rx,2730,16000,1,pcm_u8,2730,0.16843748092651367
1778636300.4722497,547.2498078346252,3207,rx,2730,16000,1,pcm_u8,2730,0.17246627807617188
1778636300.6444502,547.4220082759857,3208,rx,2730,16000,1,pcm_u8,2730,0.17220044136047363
1778636300.811439,547.5889971256256,3209,rx,2730,16000,1,pcm_u8,2730,0.16698884963989258
1778636300.9867592,547.7643172740936,3210,rx,2730,16000,1,pcm_u8,2730,0.17532014846801758
1778636301.1548927,547.9324507713318,3211,rx,2730,16000,1,pcm_u8,2730,0.16813349723815918
1778636301.3238287,548.1013867855072,3212,rx,2730,16000,1,pcm_u8,2730,0.16893601417541504
1778636301.496782,548.2743401527405,3213,rx,2730,16000,1,pcm_u8,2730,0.17295336723327637
1778636301.665115,548.4426732063293,3214,rx,2730,16000,1,pcm_u8,2730,0.1683330535888672
1778636301.836459,548.6140170097351,3215,rx,2730,16000,1,pcm_u8,2730,0.17134380340576172
1778636302.0065253,548.784083366394,3216,rx,2730,16000,1,pcm_u8,2730,0.17006635665893555
1778636302.1805787,548.9581367969513,3217,rx,2730,16000,1,pcm_u8,2730,0.17405343055725098
1778636302.348997,549.1265552043915,3218,rx,2730,16000,1,pcm_u8,2730,0.16841840744018555
1778636302.5195966,549.2971546649933,3219,rx,2730,16000,1,pcm_u8,2730,0.17059946060180664
1778636302.6924353,549.46999335289,3220,rx,2730,16000,1,pcm_u8,2730,0.17283868789672852
1778636302.8626876,549.6402456760406,3221,rx,2730,16000,1,pcm_u8,2730,0.17025232315063477
1778636303.032621,549.8101789951324,3222,rx,2730,16000,1,pcm_u8,2730,0.16993331909179688
1778636303.2044623,549.9820203781128,3223,rx,2730,16000,1,pcm_u8,2730,0.17184138298034668
1778636303.372222,550.1497800350189,3224,rx,2730,16000,1,pcm_u8,2730,0.16775965690612793
1778636303.5459554,550.323513507843,3225,rx,2730,16000,1,pcm_u8,2730,0.17373347282409668
1778636303.714843,550.4924011230469,3226,rx,2730,16000,1,pcm_u8,2730,0.16888761520385742
1778636303.8853745,550.6629326343536,3227,rx,2730,16000,1,pcm_u8,2730,0.1705315113067627
1778636304.0590038,550.8365619182587,3228,rx,2730,16000,1,pcm_u8,2730,0.1736292839050293
1778636304.2291725,551.006730556488,3229,rx,2730,16000,1,pcm_u8,2730,0.17016863822937012
1778636304.397669,551.1752271652222,3230,rx,2730,16000,1,pcm_u8,2730,0.16849660873413086
1778636304.566772,551.344330072403,3231,rx,2730,16000,1,pcm_u8,2730,0.16910290718078613
1778636304.7391293,551.5166873931885,3232,rx,2730,16000,1,pcm_u8,2730,0.17235732078552246
1778636304.9079242,551.6854822635651,3233,rx,2730,16000,1,pcm_u8,2730,0.16879487037658691
1778636305.0821798,551.8597378730774,3234,rx,2730,16000,1,pcm_u8,2730,0.1742556095123291
1778636305.2523253,552.0298833847046,3235,rx,2730,16000,1,pcm_u8,2730,0.17014551162719727
1778636305.420331,552.1978890895844,3236,rx,2730,16000,1,pcm_u8,2730,0.16800570487976074
1778636305.5960214,552.3735795021057,3237,rx,2730,16000,1,pcm_u8,2730,0.1756904125213623
1778636305.7658675,552.5434255599976,3238,rx,2730,16000,1,pcm_u8,2730,0.1698460578918457
1778636305.9403386,552.7178966999054,3239,rx,2730,16000,1,pcm_u8,2730,0.17447113990783691
1778636306.104779,552.8823370933533,3240,rx,2730,16000,1,pcm_u8,2730,0.16444039344787598
1778636306.2749226,553.0524806976318,3241,rx,2730,16000,1,pcm_u8,2730,0.17014360427856445
1778636306.4448404,553.222398519516,3242,rx,2730,16000,1,pcm_u8,2730,0.16991782188415527
1778636306.615111,553.3926692008972,3243,rx,2730,16000,1,pcm_u8,2730,0.17027068138122559
1778636306.790655,553.5682129859924,3244,rx,2730,16000,1,pcm_u8,2730,0.17554378509521484
1778636306.95603,553.7335879802704,3245,rx,2730,16000,1,pcm_u8,2730,0.1653749942779541
1778636307.1331687,553.9107267856598,3246,rx,2730,16000,1,pcm_u8,2730,0.1771388053894043
1778636307.301448,554.0790061950684,3247,rx,2730,16000,1,pcm_u8,2730,0.16827940940856934
1778636307.4692743,554.246832370758,3248,rx,2730,16000,1,pcm_u8,2730,0.16782617568969727
1778636307.6411688,554.4187269210815,3249,rx,2730,16000,1,pcm_u8,2730,0.17189455032348633
1778636307.812732,554.5902900695801,3250,rx,2730,16000,1,pcm_u8,2730,0.17156314849853516
1778636307.9808652,554.7584233283997,3251,rx,2730,16000,1,pcm_u8,2730,0.16813325881958008
1778636308.152525,554.9300830364227,3252,rx,2730,16000,1,pcm_u8,2730,0.1716597080230713
1778636308.3228834,555.1004414558411,3253,rx,2730,16000,1,pcm_u8,2730,0.17035841941833496
1778636308.4941077,555.2716658115387,3254,rx,2730,16000,1,pcm_u8,2730,0.17122435569763184
1778636308.6640382,555.4415962696075,3255,rx,2730,16000,1,pcm_u8,2730,0.16993045806884766
1778636308.8415332,555.6190912723541,3256,rx,2730,16000,1,pcm_u8,2730,0.17749500274658203
1778636309.0047116,555.7822697162628,3257,rx,2730,16000,1,pcm_u8,2730,0.1631784439086914
1778636309.1781602,555.9557182788849,3258,rx,2730,16000,1,pcm_u8,2730,0.1734485626220703
1778636309.3466125,556.1241705417633,3259,rx,2730,16000,1,pcm_u8,2730,0.16845226287841797
1778636309.5201359,556.2976939678192,3260,rx,2730,16000,1,pcm_u8,2730,0.1735234260559082
1778636309.6953955,556.4729535579681,3261,rx,2730,16000,1,pcm_u8,2730,0.17525959014892578
1778636309.866502,556.6440601348877,3262,rx,2730,16000,1,pcm_u8,2730,0.17110657691955566
1778636310.0343635,556.8119215965271,3263,rx,2730,16000,1,pcm_u8,2730,0.1678614616394043
1778636310.2026947,556.9802527427673,3264,rx,2730,16000,1,pcm_u8,2730,0.16833114624023438
1778636310.3733,557.1508581638336,3265,rx,2730,16000,1,pcm_u8,2730,0.17060542106628418
1778636310.5440342,557.3215923309326,3266,rx,2730,16000,1,pcm_u8,2730,0.17073416709899902
1778636310.7111318,557.4886898994446,3267,rx,2730,16000,1,pcm_u8,2730,0.1670975685119629
1778636310.8869126,557.6644706726074,3268,rx,2730,16000,1,pcm_u8,2730,0.1757807731628418
1778636311.0527446,557.8303027153015,3269,rx,2730,16000,1,pcm_u8,2730,0.1658320426940918
1778636311.2233303,558.0008883476257,3270,rx,2730,16000,1,pcm_u8,2730,0.17058563232421875
1778636311.3965712,558.1741292476654,3271,rx,2730,16000,1,pcm_u8,2730,0.17324090003967285
1778636311.5645509,558.34210896492,3272,rx,2730,16000,1,pcm_u8,2730,0.16797971725463867
1778636311.736561,558.5141191482544,3273,rx,2730,16000,1,pcm_u8,2730,0.17201018333435059
1778636311.9057758,558.6833338737488,3274,rx,2730,16000,1,pcm_u8,2730,0.16921472549438477
1778636312.0780222,558.855580329895,3275,rx,2730,16000,1,pcm_u8,2730,0.17224645614624023
1778636312.250986,559.0285441875458,3276,rx,2730,16000,1,pcm_u8,2730,0.17296385765075684
1778636312.419345,559.1969029903412,3277,rx,2730,16000,1,pcm_u8,2730,0.16835880279541016
1778636312.5887654,559.3663234710693,3278,rx,2730,16000,1,pcm_u8,2730,0.16942048072814941
1778636312.7632217,559.5407798290253,3279,rx,2730,16000,1,pcm_u8,2730,0.17445635795593262
1778636312.9355595,559.7131175994873,3280,rx,2730,16000,1,pcm_u8,2730,0.17233777046203613
1778636313.1083326,559.8858907222748,3281,rx,2730,16000,1,pcm_u8,2730,0.17277312278747559
1778636313.272365,560.0499231815338,3282,rx,2730,16000,1,pcm_u8,2730,0.1640324592590332
1778636313.4452796,560.2228376865387,3283,rx,2730,16000,1,pcm_u8,2730,0.1729145050048828
1778636313.6132503,560.3908083438873,3284,rx,2730,16000,1,pcm_u8,2730,0.1679706573486328
1778636313.7841473,560.5617053508759,3285,rx,2730,16000,1,pcm_u8,2730,0.1708970069885254
1778636313.9542332,560.7317912578583,3286,rx,2730,16000,1,pcm_u8,2730,0.17008590698242188
1778636314.1249933,560.9025514125824,3287,rx,2730,16000,1,pcm_u8,2730,0.1707601547241211
1778636314.2981102,561.0756683349609,3288,rx,2730,16000,1,pcm_u8,2730,0.17311692237854004
1778636314.4669428,561.244500875473,3289,rx,2730,16000,1,pcm_u8,2730,0.16883254051208496
1778636314.6398823,561.4174404144287,3290,rx,2730,16000,1,pcm_u8,2730,0.17293953895568848
1778636314.8075109,561.5850689411163,3291,rx,2730,16000,1,pcm_u8,2730,0.16762852668762207
1778636314.9794273,561.7569854259491,3292,rx,2730,16000,1,pcm_u8,2730,0.17191648483276367
1778636315.148994,561.9265520572662,3293,rx,2730,16000,1,pcm_u8,2730,0.16956663131713867
1778636315.320048,562.0976061820984,3294,rx,2730,16000,1,pcm_u8,2730,0.17105412483215332
1778636315.490836,562.2683939933777,3295,rx,2730,16000,1,pcm_u8,2730,0.17078781127929688
1778636315.6617415,562.4392995834351,3296,rx,2730,16000,1,pcm_u8,2730,0.17090559005737305
1778636315.837833,562.6153910160065,3297,rx,2730,16000,1,pcm_u8,2730,0.17609143257141113
1778636316.0134017,562.7909598350525,3298,rx,2730,16000,1,pcm_u8,2730,0.1755688190460205
1778636316.176318,562.9538760185242,3299,rx,2730,16000,1,pcm_u8,2730,0.1629161834716797
1778636316.3493755,563.1269335746765,3300,rx,2730,16000,1,pcm_u8,2730,0.17305755615234375
1778636316.517803,563.2953610420227,3301,rx,2730,16000,1,pcm_u8,2730,0.1684274673461914
1778636316.6906214,563.4681794643402,3302,rx,2730,16000,1,pcm_u8,2730,0.17281842231750488
1778636316.8588889,563.6364469528198,3303,rx,2730,16000,1,pcm_u8,2730,0.16826748847961426
1778636317.0460541,563.8236122131348,3304,rx,2730,16000,1,pcm_u8,2730,0.1871652603149414
1778636317.1973095,563.9748675823212,3305,rx,2730,16000,1,pcm_u8,2730,0.15125536918640137
1778636317.3684134,564.1459715366364,3306,rx,2730,16000,1,pcm_u8,2730,0.17110395431518555
1778636317.5398662,564.3174242973328,3307,rx,2730,16000,1,pcm_u8,2730,0.17145276069641113
1778636317.7097163,564.4872744083405,3308,rx,2730,16000,1,pcm_u8,2730,0.16985011100769043
1778636317.884455,564.662013053894,3309,rx,2730,16000,1,pcm_u8,2730,0.17473864555358887
1778636318.0513484,564.8289065361023,3310,rx,2730,16000,1,pcm_u8,2730,0.16689348220825195
1778636318.2217586,564.9993166923523,3311,rx,2730,16000,1,pcm_u8,2730,0.17041015625
1778636318.3970556,565.1746137142181,3312,rx,2730,16000,1,pcm_u8,2730,0.17529702186584473
1778636318.5655863,565.3431444168091,3313,rx,2730,16000,1,pcm_u8,2730,0.16853070259094238
1778636318.7334514,565.5110094547272,3314,rx,2730,16000,1,pcm_u8,2730,0.16786503791809082
1778636318.903876,565.6814341545105,3315,rx,2730,16000,1,pcm_u8,2730,0.1704246997833252
1778636319.0759585,565.8535165786743,3316,rx,2730,16000,1,pcm_u8,2730,0.17208242416381836
1778636319.246044,566.0236020088196,3317,rx,2730,16000,1,pcm_u8,2730,0.17008543014526367
1778636319.4164708,566.1940288543701,3318,rx,2730,16000,1,pcm_u8,2730,0.1704268455505371
1778636319.5905282,566.3680863380432,3319,rx,2730,16000,1,pcm_u8,2730,0.1740574836730957
1778636319.7575202,566.5350782871246,3320,rx,2730,16000,1,pcm_u8,2730,0.1669919490814209
1778636319.9342194,566.7117774486542,3321,rx,2730,16000,1,pcm_u8,2730,0.17669916152954102
1778636320.1000826,566.8776407241821,3322,rx,2730,16000,1,pcm_u8,2730,0.1658632755279541
1778636320.2693248,567.0468828678131,3323,rx,2730,16000,1,pcm_u8,2730,0.16924214363098145
1778636320.4428003,567.2203583717346,3324,rx,2730,16000,1,pcm_u8,2730,0.1734755039215088
1778636320.6108816,567.388439655304,3325,rx,2730,16000,1,pcm_u8,2730,0.16808128356933594
1778636320.7844687,567.5620267391205,3326,rx,2730,16000,1,pcm_u8,2730,0.17358708381652832
1778636320.951897,567.7294549942017,3327,rx,2730,16000,1,pcm_u8,2730,0.16742825508117676
1778636321.1259005,567.9034585952759,3328,rx,2730,16000,1,pcm_u8,2730,0.17400360107421875
1778636321.2935972,568.0711553096771,3329,rx,2730,16000,1,pcm_u8,2730,0.16769671440124512
1778636321.464923,568.2424809932709,3330,rx,2730,16000,1,pcm_u8,2730,0.17132568359375
1778636321.6379073,568.4154653549194,3331,rx,2730,16000,1,pcm_u8,2730,0.17298436164855957
1778636321.8056278,568.5831859111786,3332,rx,2730,16000,1,pcm_u8,2730,0.16772055625915527
1778636321.9781914,568.755749464035,3333,rx,2730,16000,1,pcm_u8,2730,0.1725635528564453
1778636322.153897,568.9314551353455,3334,rx,2730,16000,1,pcm_u8,2730,0.1757056713104248
1778636322.3183906,569.0959486961365,3335,rx,2730,16000,1,pcm_u8,2730,0.16449356079101562
1778636322.4887729,569.2663309574127,3336,rx,2730,16000,1,pcm_u8,2730,0.17038226127624512
1778636322.6590693,569.4366273880005,3337,rx,2730,16000,1,pcm_u8,2730,0.17029643058776855
1778636322.8314352,569.6089932918549,3338,rx,2730,16000,1,pcm_u8,2730,0.17236590385437012
1778636322.9997127,569.7772707939148,3339,rx,2730,16000,1,pcm_u8,2730,0.16827750205993652
1778636323.172192,569.9497501850128,3340,rx,2730,16000,1,pcm_u8,2730,0.17247939109802246
1778636323.3443947,570.1219527721405,3341,rx,2730,16000,1,pcm_u8,2730,0.17220258712768555
1778636323.5123963,570.2899544239044,3342,rx,2730,16000,1,pcm_u8,2730,0.16800165176391602
1778636323.6875772,570.4651353359222,3343,rx,2730,16000,1,pcm_u8,2730,0.17518091201782227
1778636323.8540518,570.631609916687,3344,rx,2730,16000,1,pcm_u8,2730,0.1664745807647705
1778636324.0244148,570.8019728660583,3345,rx,2730,16000,1,pcm_u8,2730,0.1703629493713379
1778636324.1949172,570.9724752902985,3346,rx,2730,16000,1,pcm_u8,2730,0.1705024242401123
1778636324.3662431,571.1438012123108,3347,rx,2730,16000,1,pcm_u8,2730,0.1713259220123291
1778636324.537397,571.314954996109,3348,rx,2730,16000,1,pcm_u8,2730,0.17115378379821777
1778636324.7076857,571.4852437973022,3349,rx,2730,16000,1,pcm_u8,2730,0.1702888011932373
1778636324.8796716,571.6572296619415,3350,rx,2730,16000,1,pcm_u8,2730,0.17198586463928223
1778636325.0484297,571.8259878158569,3351,rx,2730,16000,1,pcm_u8,2730,0.16875815391540527
1778636325.2195487,571.9971067905426,3352,rx,2730,16000,1,pcm_u8,2730,0.17111897468566895
1778636325.3895228,572.1670808792114,3353,rx,2730,16000,1,pcm_u8,2730,0.16997408866882324
1778636325.562387,572.3399450778961,3354,rx,2730,16000,1,pcm_u8,2730,0.17286419868469238
1778636325.7327237,572.5102818012238,3355,rx,2730,16000,1,pcm_u8,2730,0.17033672332763672
1778636325.9021082,572.6796662807465,3356,rx,2730,16000,1,pcm_u8,2730,0.16938447952270508
1778636326.0726771,572.8502352237701,3357,rx,2730,16000,1,pcm_u8,2730,0.17056894302368164
1778636326.244611,573.0221691131592,3358,rx,2730,16000,1,pcm_u8,2730,0.17193388938903809
1778636326.41352,573.1910781860352,3359,rx,2730,16000,1,pcm_u8,2730,0.16890907287597656
1778636326.5887225,573.3662805557251,3360,rx,2730,16000,1,pcm_u8,2730,0.1752023696899414
1778636326.7556214,573.5331795215607,3361,rx,2730,16000,1,pcm_u8,2730,0.1668989658355713
1778636326.9270031,573.7045612335205,3362,rx,2730,16000,1,pcm_u8,2730,0.17138171195983887
1778636327.0963914,573.8739495277405,3363,rx,2730,16000,1,pcm_u8,2730,0.1693882942199707
1778636327.2706585,574.0482165813446,3364,rx,2730,16000,1,pcm_u8,2730,0.17426705360412598
1778636327.4395227,574.2170808315277,3365,rx,2730,16000,1,pcm_u8,2730,0.16886425018310547
1778636327.60804,574.3855981826782,3366,rx,2730,16000,1,pcm_u8,2730,0.1685173511505127
1778636327.790214,574.5677721500397,3367,rx,2730,16000,1,pcm_u8,2730,0.1821739673614502
1778636327.9510717,574.7286298274994,3368,rx,2730,16000,1,pcm_u8,2730,0.1608576774597168
1778636328.1207001,574.8982582092285,3369,rx,2730,16000,1,pcm_u8,2730,0.16962838172912598
1778636328.292663,575.0702211856842,3370,rx,2730,16000,1,pcm_u8,2730,0.17196297645568848
1778636328.4633327,575.2408907413483,3371,rx,2730,16000,1,pcm_u8,2730,0.1706695556640625
1778636328.6376882,575.4152462482452,3372,rx,2730,16000,1,pcm_u8,2730,0.17435550689697266
1778636328.8032832,575.5808413028717,3373,rx,2730,16000,1,pcm_u8,2730,0.16559505462646484
1778636328.979149,575.7567071914673,3374,rx,2730,16000,1,pcm_u8,2730,0.17586588859558105
1778636329.1443346,575.9218926429749,3375,rx,2730,16000,1,pcm_u8,2730,0.16518545150756836
1778636329.3153672,576.0929253101349,3376,rx,2730,16000,1,pcm_u8,2730,0.17103266716003418
1778636329.4887981,576.2663562297821,3377,rx,2730,16000,1,pcm_u8,2730,0.1734309196472168
1778636329.6565087,576.4340667724609,3378,rx,2730,16000,1,pcm_u8,2730,0.167710542678833
1778636329.831195,576.6087532043457,3379,rx,2730,16000,1,pcm_u8,2730,0.17468643188476562
1778636329.9984496,576.7760076522827,3380,rx,2730,16000,1,pcm_u8,2730,0.16725444793701172
1778636330.1688535,576.9464116096497,3381,rx,2730,16000,1,pcm_u8,2730,0.17040395736694336
1778636330.3392668,577.1168248653412,3382,rx,2730,16000,1,pcm_u8,2730,0.17041325569152832
1778636330.510505,577.2880630493164,3383,rx,2730,16000,1,pcm_u8,2730,0.17123818397521973
1778636330.6852348,577.4627928733826,3384,rx,2730,16000,1,pcm_u8,2730,0.1747298240661621
1778636330.8527331,577.630291223526,3385,rx,2730,16000,1,pcm_u8,2730,0.16749835014343262
1778636331.0252671,577.8028252124786,3386,rx,2730,16000,1,pcm_u8,2730,0.17253398895263672
1778636331.1926527,577.9702107906342,3387,rx,2730,16000,1,pcm_u8,2730,0.16738557815551758
1778636331.3629537,578.1405117511749,3388,rx,2730,16000,1,pcm_u8,2730,0.17030096054077148
1778636331.5347607,578.3123188018799,3389,rx,2730,16000,1,pcm_u8,2730,0.17180705070495605
1778636331.7052865,578.4828445911407,3390,rx,2730,16000,1,pcm_u8,2730,0.17052578926086426
1778636331.8797855,578.6573436260223,3391,rx,2730,16000,1,pcm_u8,2730,0.1744990348815918
1778636332.0470643,578.8246223926544,3392,rx,2730,16000,1,pcm_u8,2730,0.16727876663208008
1778636332.2169561,578.9945142269135,3393,rx,2730,16000,1,pcm_u8,2730,0.1698918342590332
1778636332.392794,579.1703519821167,3394,rx,2730,16000,1,pcm_u8,2730,0.17583775520324707
1778636332.5653348,579.3428928852081,3395,rx,2730,16000,1,pcm_u8,2730,0.17254090309143066
1778636332.7345908,579.5121488571167,3396,rx,2730,16000,1,pcm_u8,2730,0.16925597190856934
1778636332.9045277,579.6820857524872,3397,rx,2730,16000,1,pcm_u8,2730,0.1699368953704834
1778636333.0785215,579.8560795783997,3398,rx,2730,16000,1,pcm_u8,2730,0.17399382591247559
1778636333.2457135,580.023271560669,3399,rx,2730,16000,1,pcm_u8,2730,0.1671919822692871
1778636333.419499,580.1970570087433,3400,rx,2730,16000,1,pcm_u8,2730,0.17378544807434082
1778636333.585617,580.3631751537323,3401,rx,2730,16000,1,pcm_u8,2730,0.16611814498901367
1778636333.7580578,580.5356159210205,3402,rx,2730,16000,1,pcm_u8,2730,0.172440767288208
1778636333.9308403,580.7083983421326,3403,rx,2730,16000,1,pcm_u8,2730,0.17278242111206055
1778636334.0970507,580.8746087551117,3404,rx,2730,16000,1,pcm_u8,2730,0.16621041297912598
1778636334.2685015,581.0460596084595,3405,rx,2730,16000,1,pcm_u8,2730,0.17145085334777832
1778636334.442444,581.2200021743774,3406,rx,2730,16000,1,pcm_u8,2730,0.17394256591796875
1778636334.607137,581.3846950531006,3407,rx,2730,16000,1,pcm_u8,2730,0.16469287872314453
1778636334.7803807,581.5579388141632,3408,rx,2730,16000,1,pcm_u8,2730,0.17324376106262207
1778636334.9477146,581.7252726554871,3409,rx,2730,16000,1,pcm_u8,2730,0.16733384132385254
1778636335.1187577,581.8963158130646,3410,rx,2730,16000,1,pcm_u8,2730,0.17104315757751465
1778636335.2885885,582.0661466121674,3411,rx,2730,16000,1,pcm_u8,2730,0.1698307991027832
1778636335.4627573,582.2403154373169,3412,rx,2730,16000,1,pcm_u8,2730,0.17416882514953613
1778636335.6397605,582.4173185825348,3413,rx,2730,16000,1,pcm_u8,2730,0.1770031452178955
1778636335.8011944,582.5787525177002,3414,rx,2730,16000,1,pcm_u8,2730,0.16143393516540527
1778636335.979946,582.7575039863586,3415,rx,2730,16000,1,pcm_u8,2730,0.17875146865844727
1778636336.1432104,582.9207684993744,3416,rx,2730,16000,1,pcm_u8,2730,0.16326451301574707
1778636336.313344,583.0909020900726,3417,rx,2730,16000,1,pcm_u8,2730,0.1701335906982422
1778636336.4888773,583.2664353847504,3418,rx,2730,16000,1,pcm_u8,2730,0.17553329467773438
1778636336.65718,583.4347381591797,3419,rx,2730,16000,1,pcm_u8,2730,0.1683027744293213
1778636336.831883,583.6094410419464,3420,rx,2730,16000,1,pcm_u8,2730,0.17470288276672363
1778636336.9965506,583.7741086483002,3421,rx,2730,16000,1,pcm_u8,2730,0.16466760635375977
1778636337.1698453,583.9474034309387,3422,rx,2730,16000,1,pcm_u8,2730,0.1732947826385498
1778636337.337401,584.1149590015411,3423,rx,2730,16000,1,pcm_u8,2730,0.167555570602417
1778636337.5082655,584.2858235836029,3424,rx,2730,16000,1,pcm_u8,2730,0.17086458206176758
1778636337.6785002,584.4560582637787,3425,rx,2730,16000,1,pcm_u8,2730,0.17023468017578125
1778636337.848914,584.6264719963074,3426,rx,2730,16000,1,pcm_u8,2730,0.17041373252868652
1778636338.0206375,584.7981956005096,3427,rx,2730,16000,1,pcm_u8,2730,0.1717236042022705
1778636338.1910005,584.968558549881,3428,rx,2730,16000,1,pcm_u8,2730,0.1703629493713379
1778636338.3636913,585.1412494182587,3429,rx,2730,16000,1,pcm_u8,2730,0.17269086837768555
1778636338.534492,585.3120501041412,3430,rx,2730,16000,1,pcm_u8,2730,0.17080068588256836
1778636338.7024345,585.4799926280975,3431,rx,2730,16000,1,pcm_u8,2730,0.16794252395629883
1778636338.8775868,585.6551449298859,3432,rx,2730,16000,1,pcm_u8,2730,0.17515230178833008
1778636339.049547,585.8271050453186,3433,rx,2730,16000,1,pcm_u8,2730,0.17196011543273926
1778636339.21496,585.9925181865692,3434,rx,2730,16000,1,pcm_u8,2730,0.16541314125061035
1778636339.3863304,586.1638884544373,3435,rx,2730,16000,1,pcm_u8,2730,0.171370267868042
1778636339.5556915,586.3332495689392,3436,rx,2730,16000,1,pcm_u8,2730,0.16936111450195312
1778636339.7342768,586.511834859848,3437,rx,2730,16000,1,pcm_u8,2730,0.17858529090881348
1778636339.9010031,586.6785612106323,3438,rx,2730,16000,1,pcm_u8,2730,0.16672635078430176
1778636340.076016,586.8535740375519,3439,rx,2730,16000,1,pcm_u8,2730,0.17501282691955566
1778636340.2414176,587.0189757347107,3440,rx,2730,16000,1,pcm_u8,2730,0.16540169715881348
1778636340.4145637,587.1921217441559,3441,rx,2730,16000,1,pcm_u8,2730,0.17314600944519043
1778636340.58822,587.3657779693604,3442,rx,2730,16000,1,pcm_u8,2730,0.17365622520446777
1778636340.7504413,587.5279994010925,3443,rx,2730,16000,1,pcm_u8,2730,0.16222143173217773
1778636340.9221113,587.6996693611145,3444,rx,2730,16000,1,pcm_u8,2730,0.17166996002197266
1778636341.0921912,587.8697493076324,3445,rx,2730,16000,1,pcm_u8,2730,0.17007994651794434
1778636341.2628734,588.0404314994812,3446,rx,2730,16000,1,pcm_u8,2730,0.17068219184875488
1778636341.4372065,588.2147645950317,3447,rx,2730,16000,1,pcm_u8,2730,0.1743330955505371
1778636341.6058679,588.383425951004,3448,rx,2730,16000,1,pcm_u8,2730,0.16866135597229004
1778636341.7792783,588.5568363666534,3449,rx,2730,16000,1,pcm_u8,2730,0.17341041564941406
1778636341.9481344,588.7256925106049,3450,rx,2730,16000,1,pcm_u8,2730,0.16885614395141602
1778636342.1160717,588.8936297893524,3451,rx,2730,16000,1,pcm_u8,2730,0.1679372787475586
1778636342.2880907,589.0656487941742,3452,rx,2730,16000,1,pcm_u8,2730,0.17201900482177734
1778636342.4574914,589.2350494861603,3453,rx,2730,16000,1,pcm_u8,2730,0.16940069198608398
1778636342.6285257,589.4060838222504,3454,rx,2730,16000,1,pcm_u8,2730,0.1710343360900879
1778636342.798492,589.5760500431061,3455,rx,2730,16000,1,pcm_u8,2730,0.1699662208557129
1778636342.9969466,589.7745046615601,3456,rx,2730,16000,1,pcm_u8,2730,0.1984546184539795
1778636343.1425586,589.9201166629791,3457,rx,2730,16000,1,pcm_u8,2730,0.14561200141906738
1778636343.311135,590.0886931419373,3458,rx,2730,16000,1,pcm_u8,2730,0.16857647895812988
1778636343.4831207,590.260678768158,3459,rx,2730,16000,1,pcm_u8,2730,0.17198562622070312
1778636343.6520789,590.4296369552612,3460,rx,2730,16000,1,pcm_u8,2730,0.16895818710327148
1778636343.824491,590.60204911232,3461,rx,2730,16000,1,pcm_u8,2730,0.17241215705871582
1778636343.993255,590.7708129882812,3462,rx,2730,16000,1,pcm_u8,2730,0.1687638759613037
1778636344.1687047,590.9462628364563,3463,rx,2730,16000,1,pcm_u8,2730,0.17544984817504883
1778636344.336347,591.1139051914215,3464,rx,2730,16000,1,pcm_u8,2730,0.16764235496520996
1778636344.5054574,591.2830154895782,3465,rx,2730,16000,1,pcm_u8,2730,0.16911029815673828
1778636344.6774356,591.454993724823,3466,rx,2730,16000,1,pcm_u8,2730,0.17197823524475098
1778636344.8494263,591.6269843578339,3467,rx,2730,16000,1,pcm_u8,2730,0.17199063301086426
1778636345.021583,591.7991411685944,3468,rx,2730,16000,1,pcm_u8,2730,0.17215681076049805
1778636345.190303,591.9678611755371,3469,rx,2730,16000,1,pcm_u8,2730,0.16872000694274902
1778636345.362194,592.1397521495819,3470,rx,2730,16000,1,pcm_u8,2730,0.1718909740447998
1778636345.5362298,592.3137879371643,3471,rx,2730,16000,1,pcm_u8,2730,0.17403578758239746
1778636345.705412,592.4829699993134,3472,rx,2730,16000,1,pcm_u8,2730,0.16918206214904785
1778636345.8829103,592.66046833992,3473,rx,2730,16000,1,pcm_u8,2730,0.17749834060668945
1778636346.0412533,592.818811416626,3474,rx,2730,16000,1,pcm_u8,2730,0.15834307670593262
1778636346.212446,592.9900040626526,3475,rx,2730,16000,1,pcm_u8,2730,0.17119264602661133
1778636346.385623,593.1631810665131,3476,rx,2730,16000,1,pcm_u8,2730,0.17317700386047363
1778636346.560727,593.3382849693298,3477,rx,2730,16000,1,pcm_u8,2730,0.17510390281677246
1778636346.735795,593.5133531093597,3478,rx,2730,16000,1,pcm_u8,2730,0.17506814002990723
1778636346.8960943,593.6736524105072,3479,rx,2730,16000,1,pcm_u8,2730,0.16029930114746094
1778636347.0660043,593.8435623645782,3480,rx,2730,16000,1,pcm_u8,2730,0.16990995407104492
1778636347.2363155,594.0138735771179,3481,rx,2730,16000,1,pcm_u8,2730,0.17031121253967285
1778636347.4073195,594.1848776340485,3482,rx,2730,16000,1,pcm_u8,2730,0.171004056930542
1778636347.5833633,594.360921382904,3483,rx,2730,16000,1,pcm_u8,2730,0.17604374885559082
1778636347.7498348,594.5273928642273,3484,rx,2730,16000,1,pcm_u8,2730,0.1664714813232422
1778636347.9224045,594.6999626159668,3485,rx,2730,16000,1,pcm_u8,2730,0.17256975173950195
1778636348.0904384,594.8679964542389,3486,rx,2730,16000,1,pcm_u8,2730,0.16803383827209473
1778636348.2600005,595.037558555603,3487,rx,2730,16000,1,pcm_u8,2730,0.16956210136413574
1778636348.432469,595.2100269794464,3488,rx,2730,16000,1,pcm_u8,2730,0.1724684238433838
1778636348.601188,595.3787460327148,3489,rx,2730,16000,1,pcm_u8,2730,0.16871905326843262
1778636348.7779388,595.555496931076,3490,rx,2730,16000,1,pcm_u8,2730,0.17675089836120605
1778636348.942962,595.7205200195312,3491,rx,2730,16000,1,pcm_u8,2730,0.1650230884552002
1778636349.1143134,595.8918714523315,3492,rx,2730,16000,1,pcm_u8,2730,0.17135143280029297
1778636349.287431,596.0649890899658,3493,rx,2730,16000,1,pcm_u8,2730,0.17311763763427734
1778636349.4555128,596.2330708503723,3494,rx,2730,16000,1,pcm_u8,2730,0.16808176040649414
1778636349.6294703,596.4070284366608,3495,rx,2730,16000,1,pcm_u8,2730,0.17395758628845215
1778636349.7978446,596.5754027366638,3496,rx,2730,16000,1,pcm_u8,2730,0.16837430000305176
1778636349.969953,596.7475111484528,3497,rx,2730,16000,1,pcm_u8,2730,0.17210841178894043
1778636350.1379561,596.9155142307281,3498,rx,2730,16000,1,pcm_u8,2730,0.16800308227539062
1778636350.3087914,597.0863494873047,3499,rx,2730,16000,1,pcm_u8,2730,0.17083525657653809
1778636350.4885118,597.2660698890686,3500,rx,2730,16000,1,pcm_u8,2730,0.17972040176391602
1778636350.6495116,597.4270696640015,3501,rx,2730,16000,1,pcm_u8,2730,0.16099977493286133
1778636350.8215892,597.5991473197937,3502,rx,2730,16000,1,pcm_u8,2730,0.17207765579223633
1778636350.9961042,597.7736623287201,3503,rx,2730,16000,1,pcm_u8,2730,0.1745150089263916
1778636351.1659203,597.943478345871,3504,rx,2730,16000,1,pcm_u8,2730,0.1698160171508789
1778636351.3357127,598.1132707595825,3505,rx,2730,16000,1,pcm_u8,2730,0.16979241371154785
1778636351.5078015,598.285359621048,3506,rx,2730,16000,1,pcm_u8,2730,0.1720888614654541
1778636351.6809213,598.4584794044495,3507,rx,2730,16000,1,pcm_u8,2730,0.17311978340148926
1778636351.8489604,598.6265184879303,3508,rx,2730,16000,1,pcm_u8,2730,0.16803908348083496
1778636352.0190265,598.7965846061707,3509,rx,2730,16000,1,pcm_u8,2730,0.17006611824035645
1778636352.1856153,598.9631733894348,3510,rx,2730,16000,1,pcm_u8,2730,0.16658878326416016
1778636352.3568509,599.1344089508057,3511,rx,2730,16000,1,pcm_u8,2730,0.1712355613708496
1778636352.5314763,599.3090343475342,3512,rx,2730,16000,1,pcm_u8,2730,0.17462539672851562
1778636352.8730233,599.6505813598633,3513,rx,2730,16000,1,pcm_u8,2730,0.34154701232910156
1778636353.0467546,599.8243126869202,3514,rx,2730,16000,1,pcm_u8,2730,0.17373132705688477
1778636353.2102952,599.9878532886505,3515,rx,2730,16000,1,pcm_u8,2730,0.16354060173034668
1778636353.3868694,600.1644275188446,3516,rx,2730,16000,1,pcm_u8,2730,0.1765742301940918
1778636353.5515141,600.3290722370148,3517,rx,2730,16000,1,pcm_u8,2730,0.16464471817016602
1778636353.7358184,600.5133764743805,3518,rx,2730,16000,1,pcm_u8,2730,0.18430423736572266
1778636353.892425,600.6699831485748,3519,rx,2730,16000,1,pcm_u8,2730,0.15660667419433594
1778636354.0637093,600.8412673473358,3520,rx,2730,16000,1,pcm_u8,2730,0.17128419876098633
1778636354.2373059,601.0148639678955,3521,rx,2730,16000,1,pcm_u8,2730,0.17359662055969238
1778636354.4044094,601.181967496872,3522,rx,2730,16000,1,pcm_u8,2730,0.16710352897644043
1778636354.5800612,601.3576192855835,3523,rx,2730,16000,1,pcm_u8,2730,0.17565178871154785
1778636354.7462919,601.5238499641418,3524,rx,2730,16000,1,pcm_u8,2730,0.1662306785583496
1778636354.9201212,601.6976792812347,3525,rx,2730,16000,1,pcm_u8,2730,0.1738293170928955
1778636355.091204,601.8687620162964,3526,rx,2730,16000,1,pcm_u8,2730,0.1710827350616455
1778636355.2585175,602.036075592041,3527,rx,2730,16000,1,pcm_u8,2730,0.1673135757446289
1778636355.4311938,602.2087519168854,3528,rx,2730,16000,1,pcm_u8,2730,0.17267632484436035
1778636355.5997446,602.377302646637,3529,rx,2730,16000,1,pcm_u8,2730,0.16855072975158691
1778636355.7719445,602.5495026111603,3530,rx,2730,16000,1,pcm_u8,2730,0.17219996452331543
1778636355.9404671,602.7180252075195,3531,rx,2730,16000,1,pcm_u8,2730,0.16852259635925293
1778636356.1134746,602.8910326957703,3532,rx,2730,16000,1,pcm_u8,2730,0.17300748825073242
1778636356.282563,603.0601210594177,3533,rx,2730,16000,1,pcm_u8,2730,0.16908836364746094
1778636356.4546232,603.2321813106537,3534,rx,2730,16000,1,pcm_u8,2730,0.17206025123596191
1778636356.631823,603.4093811511993,3535,rx,2730,16000,1,pcm_u8,2730,0.1771998405456543
1778636356.7944303,603.5719883441925,3536,rx,2730,16000,1,pcm_u8,2730,0.16260719299316406
1778636356.9687428,603.7463009357452,3537,rx,2730,16000,1,pcm_u8,2730,0.17431259155273438
1778636357.1390443,603.9166023731232,3538,rx,2730,16000,1,pcm_u8,2730,0.1703014373779297
1778636357.3067505,604.0843086242676,3539,rx,2730,16000,1,pcm_u8,2730,0.16770625114440918
1778636357.4784803,604.2560384273529,3540,rx,2730,16000,1,pcm_u8,2730,0.17172980308532715
1778636357.6472766,604.424834728241,3541,rx,2730,16000,1,pcm_u8,2730,0.16879630088806152
1778636357.820624,604.5981822013855,3542,rx,2730,16000,1,pcm_u8,2730,0.17334747314453125
1778636357.9896493,604.7672073841095,3543,rx,2730,16000,1,pcm_u8,2730,0.16902518272399902
1778636358.1645253,604.9420833587646,3544,rx,2730,16000,1,pcm_u8,2730,0.17487597465515137
1778636358.3389418,605.1164999008179,3545,rx,2730,16000,1,pcm_u8,2730,0.17441654205322266
1778636358.50103,605.2785880565643,3546,rx,2730,16000,1,pcm_u8,2730,0.16208815574645996
1778636358.6738613,605.4514193534851,3547,rx,2730,16000,1,pcm_u8,2730,0.17283129692077637
1778636358.8456407,605.6231987476349,3548,rx,2730,16000,1,pcm_u8,2730,0.17177939414978027
1778636359.0138054,605.7913634777069,3549,rx,2730,16000,1,pcm_u8,2730,0.16816473007202148
1778636359.1844823,605.9620404243469,3550,rx,2730,16000,1,pcm_u8,2730,0.17067694664001465
1778636359.3547733,606.1323313713074,3551,rx,2730,16000,1,pcm_u8,2730,0.17029094696044922
1778636359.529259,606.3068170547485,3552,rx,2730,16000,1,pcm_u8,2730,0.1744856834411621
1778636359.697196,606.4747540950775,3553,rx,2730,16000,1,pcm_u8,2730,0.1679370403289795
1778636359.8670888,606.6446468830109,3554,rx,2730,16000,1,pcm_u8,2730,0.1698927879333496
1778636360.0385826,606.8161406517029,3555,rx,2730,16000,1,pcm_u8,2730,0.1714937686920166
1778636360.2082973,606.9858553409576,3556,rx,2730,16000,1,pcm_u8,2730,0.16971468925476074
1778636360.3808637,607.158421754837,3557,rx,2730,16000,1,pcm_u8,2730,0.17256641387939453
1778636360.5490172,607.3265752792358,3558,rx,2730,16000,1,pcm_u8,2730,0.1681535243988037
1778636360.7205048,607.4980628490448,3559,rx,2730,16000,1,pcm_u8,2730,0.17148756980895996
1778636360.890988,607.6685461997986,3560,rx,2730,16000,1,pcm_u8,2730,0.17048335075378418
1778636361.0615516,607.839109659195,3561,rx,2730,16000,1,pcm_u8,2730,0.1705634593963623
1778636361.231884,608.0094420909882,3562,rx,2730,16000,1,pcm_u8,2730,0.1703324317932129
1778636361.402397,608.1799550056458,3563,rx,2730,16000,1,pcm_u8,2730,0.17051291465759277
1778636361.5845869,608.362144947052,3564,rx,2730,16000,1,pcm_u8,2730,0.18218994140625
1778636361.7492702,608.526828289032,3565,rx,2730,16000,1,pcm_u8,2730,0.16468334197998047
1778636361.915852,608.6934101581573,3566,rx,2730,16000,1,pcm_u8,2730,0.1665818691253662
1778636362.0862563,608.8638143539429,3567,rx,2730,16000,1,pcm_u8,2730,0.17040419578552246
1778636362.2583754,609.0359334945679,3568,rx,2730,16000,1,pcm_u8,2730,0.172119140625
1778636362.4276648,609.2052228450775,3569,rx,2730,16000,1,pcm_u8,2730,0.16928935050964355
1778636362.5973365,609.374894618988,3570,rx,2730,16000,1,pcm_u8,2730,0.16967177391052246
1778636362.7752857,609.5528438091278,3571,rx,2730,16000,1,pcm_u8,2730,0.1779491901397705
1778636362.9388425,609.7164006233215,3572,rx,2730,16000,1,pcm_u8,2730,0.16355681419372559
1778636363.1094294,609.8869874477386,3573,rx,2730,16000,1,pcm_u8,2730,0.17058682441711426
1778636363.2800775,610.0576355457306,3574,rx,2730,16000,1,pcm_u8,2730,0.17064809799194336
1778636363.4510794,610.2286374568939,3575,rx,2730,16000,1,pcm_u8,2730,0.17100191116333008
1778636363.626254,610.4038121700287,3576,rx,2730,16000,1,pcm_u8,2730,0.17517471313476562
1778636363.7928302,610.5703883171082,3577,rx,2730,16000,1,pcm_u8,2730,0.16657614707946777
1778636363.9632463,610.7408044338226,3578,rx,2730,16000,1,pcm_u8,2730,0.17041611671447754
1778636364.1334128,610.9109709262848,3579,rx,2730,16000,1,pcm_u8,2730,0.1701664924621582
1778636364.3042686,611.0818266868591,3580,rx,2730,16000,1,pcm_u8,2730,0.17085576057434082
1778636364.4753463,611.2529044151306,3581,rx,2730,16000,1,pcm_u8,2730,0.17107772827148438
1778636364.6460834,611.4236414432526,3582,rx,2730,16000,1,pcm_u8,2730,0.17073702812194824
1778636364.8172042,611.5947623252869,3583,rx,2730,16000,1,pcm_u8,2730,0.17112088203430176
1778636364.98631,611.7638680934906,3584,rx,2730,16000,1,pcm_u8,2730,0.16910576820373535
1778636365.1578438,611.9354019165039,3585,rx,2730,16000,1,pcm_u8,2730,0.17153382301330566
1778636365.3294723,612.1070303916931,3586,rx,2730,16000,1,pcm_u8,2730,0.17162847518920898
1778636365.5018716,612.2794296741486,3587,rx,2730,16000,1,pcm_u8,2730,0.17239928245544434
1778636365.6754215,612.4529795646667,3588,rx,2730,16000,1,pcm_u8,2730,0.17354989051818848
1778636365.8416967,612.6192548274994,3589,rx,2730,16000,1,pcm_u8,2730,0.1662752628326416
1778636366.0150054,612.7925634384155,3590,rx,2730,16000,1,pcm_u8,2730,0.1733086109161377
1778636366.181228,612.9587860107422,3591,rx,2730,16000,1,pcm_u8,2730,0.16622257232666016
1778636366.3546603,613.1322183609009,3592,rx,2730,16000,1,pcm_u8,2730,0.1734323501586914
1778636366.52985,613.3074080944061,3593,rx,2730,16000,1,pcm_u8,2730,0.17518973350524902
1778636366.6989243,613.4764823913574,3594,rx,2730,16000,1,pcm_u8,2730,0.16907429695129395
1778636366.8751063,613.6526644229889,3595,rx,2730,16000,1,pcm_u8,2730,0.17618203163146973
1778636367.0348122,613.812370300293,3596,rx,2730,16000,1,pcm_u8,2730,0.15970587730407715
1778636367.207735,613.9852931499481,3597,rx,2730,16000,1,pcm_u8,2730,0.17292284965515137
1778636367.3777668,614.1553249359131,3598,rx,2730,16000,1,pcm_u8,2730,0.17003178596496582
1778636367.5480573,614.3256154060364,3599,rx,2730,16000,1,pcm_u8,2730,0.17029047012329102
1778636367.7255466,614.5031046867371,3600,rx,2730,16000,1,pcm_u8,2730,0.1774892807006836
1778636367.8898275,614.6673855781555,3601,rx,2730,16000,1,pcm_u8,2730,0.16428089141845703
1778636368.0632405,614.8407986164093,3602,rx,2730,16000,1,pcm_u8,2730,0.17341303825378418
1778636368.2302113,615.0077693462372,3603,rx,2730,16000,1,pcm_u8,2730,0.16697072982788086
1778636368.4010327,615.1785907745361,3604,rx,2730,16000,1,pcm_u8,2730,0.1708214282989502
1778636368.5727074,615.3502655029297,3605,rx,2730,16000,1,pcm_u8,2730,0.1716747283935547
1778636368.741961,615.5195190906525,3606,rx,2730,16000,1,pcm_u8,2730,0.16925358772277832
1778636368.9155676,615.6931257247925,3607,rx,2730,16000,1,pcm_u8,2730,0.17360663414001465
1778636369.0846896,615.8622477054596,3608,rx,2730,16000,1,pcm_u8,2730,0.16912198066711426
1778636369.2539058,616.0314638614655,3609,rx,2730,16000,1,pcm_u8,2730,0.16921615600585938
1778636369.4251118,616.2026698589325,3610,rx,2730,16000,1,pcm_u8,2730,0.17120599746704102
1778636369.5955598,616.3731179237366,3611,rx,2730,16000,1,pcm_u8,2730,0.17044806480407715
1778636369.7660806,616.5436387062073,3612,rx,2730,16000,1,pcm_u8,2730,0.17052078247070312
1778636369.936861,616.7144191265106,3613,rx,2730,16000,1,pcm_u8,2730,0.17078042030334473
1778636370.1073065,616.8848645687103,3614,rx,2730,16000,1,pcm_u8,2730,0.17044544219970703
1778636370.2835288,617.0610868930817,3615,rx,2730,16000,1,pcm_u8,2730,0.1762223243713379
1778636370.4498692,617.2274272441864,3616,rx,2730,16000,1,pcm_u8,2730,0.16634035110473633
1778636370.625603,617.4031610488892,3617,rx,2730,16000,1,pcm_u8,2730,0.1757338047027588
1778636370.7910662,617.5686242580414,3618,rx,2730,16000,1,pcm_u8,2730,0.16546320915222168
1778636370.962521,617.740079164505,3619,rx,2730,16000,1,pcm_u8,2730,0.17145490646362305
1778636371.1313398,617.9088978767395,3620,rx,2730,16000,1,pcm_u8,2730,0.16881871223449707
1778636371.3036451,618.0812032222748,3621,rx,2730,16000,1,pcm_u8,2730,0.17230534553527832
1778636371.473948,618.2515060901642,3622,rx,2730,16000,1,pcm_u8,2730,0.1703028678894043
1778636371.6432414,618.4207994937897,3623,rx,2730,16000,1,pcm_u8,2730,0.16929340362548828
1778636371.8149965,618.5925545692444,3624,rx,2730,16000,1,pcm_u8,2730,0.17175507545471191
1778636371.9894202,618.766978263855,3625,rx,2730,16000,1,pcm_u8,2730,0.1744236946105957
1778636372.1589265,618.9364845752716,3626,rx,2730,16000,1,pcm_u8,2730,0.16950631141662598
1778636372.3298223,619.1073803901672,3627,rx,2730,16000,1,pcm_u8,2730,0.17089581489562988
1778636372.4996886,619.2772467136383,3628,rx,2730,16000,1,pcm_u8,2730,0.16986632347106934
1778636372.6751075,619.4526655673981,3629,rx,2730,16000,1,pcm_u8,2730,0.17541885375976562
1778636372.8440115,619.6215696334839,3630,rx,2730,16000,1,pcm_u8,2730,0.16890406608581543
1778636373.009489,619.7870471477509,3631,rx,2730,16000,1,pcm_u8,2730,0.16547751426696777
1778636373.1794732,619.95703125,3632,rx,2730,16000,1,pcm_u8,2730,0.1699841022491455
1778636373.3503292,620.1278872489929,3633,rx,2730,16000,1,pcm_u8,2730,0.17085599899291992
1778636373.5286133,620.3061714172363,3634,rx,2730,16000,1,pcm_u8,2730,0.1782841682434082
1778636373.6908655,620.4684236049652,3635,rx,2730,16000,1,pcm_u8,2730,0.16225218772888184
1778636373.8634865,620.6410446166992,3636,rx,2730,16000,1,pcm_u8,2730,0.1726210117340088
1778636374.0331647,620.8107228279114,3637,rx,2730,16000,1,pcm_u8,2730,0.1696782112121582
1778636374.2032156,620.9807736873627,3638,rx,2730,16000,1,pcm_u8,2730,0.17005085945129395
1778636374.3759613,621.1535193920135,3639,rx,2730,16000,1,pcm_u8,2730,0.1727457046508789
1778636374.5453842,621.3229422569275,3640,rx,2730,16000,1,pcm_u8,2730,0.16942286491394043
1778636374.7278142,621.5053722858429,3641,rx,2730,16000,1,pcm_u8,2730,0.18243002891540527
1778636374.8859208,621.6634788513184,3642,rx,2730,16000,1,pcm_u8,2730,0.15810656547546387
1778636375.056956,621.8345141410828,3643,rx,2730,16000,1,pcm_u8,2730,0.1710352897644043
1778636375.2288158,622.0063738822937,3644,rx,2730,16000,1,pcm_u8,2730,0.1718597412109375
1778636375.3995166,622.1770746707916,3645,rx,2730,16000,1,pcm_u8,2730,0.1707007884979248
1778636375.5729332,622.3504912853241,3646,rx,2730,16000,1,pcm_u8,2730,0.1734166145324707
1778636375.7399607,622.5175187587738,3647,rx,2730,16000,1,pcm_u8,2730,0.16702747344970703
1778636375.9102523,622.68781042099,3648,rx,2730,16000,1,pcm_u8,2730,0.17029166221618652
1778636376.0803647,622.8579227924347,3649,rx,2730,16000,1,pcm_u8,2730,0.17011237144470215
1778636376.2542171,623.0317752361298,3650,rx,2730,16000,1,pcm_u8,2730,0.17385244369506836
1778636376.4264617,623.2040197849274,3651,rx,2730,16000,1,pcm_u8,2730,0.17224454879760742
1778636376.5931032,623.3706612586975,3652,rx,2730,16000,1,pcm_u8,2730,0.1666414737701416
1778636376.7646713,623.5422294139862,3653,rx,2730,16000,1,pcm_u8,2730,0.1715681552886963
1778636376.9359224,623.7134804725647,3654,rx,2730,16000,1,pcm_u8,2730,0.1712510585784912
1778636377.1042502,623.8818082809448,3655,rx,2730,16000,1,pcm_u8,2730,0.16832780838012695
1778636377.2786627,624.0562207698822,3656,rx,2730,16000,1,pcm_u8,2730,0.17441248893737793
1778636377.4471781,624.2247362136841,3657,rx,2730,16000,1,pcm_u8,2730,0.16851544380187988
1778636377.625884,624.4034421443939,3658,rx,2730,16000,1,pcm_u8,2730,0.17870593070983887
1778636377.793121,624.5706791877747,3659,rx,2730,16000,1,pcm_u8,2730,0.1672370433807373
1778636377.9652004,624.742758512497,3660,rx,2730,16000,1,pcm_u8,2730,0.17207932472229004
1778636378.1288927,624.9064507484436,3661,rx,2730,16000,1,pcm_u8,2730,0.16369223594665527
1778636378.300001,625.0775589942932,3662,rx,2730,16000,1,pcm_u8,2730,0.17110824584960938
1778636378.4796152,625.2571732997894,3663,rx,2730,16000,1,pcm_u8,2730,0.17961430549621582
1778636378.6410875,625.4186456203461,3664,rx,2730,16000,1,pcm_u8,2730,0.16147232055664062
1778636378.8164265,625.5939846038818,3665,rx,2730,16000,1,pcm_u8,2730,0.1753389835357666
1778636378.9832134,625.7607715129852,3666,rx,2730,16000,1,pcm_u8,2730,0.16678690910339355
1778636379.1531043,625.93066239357,3667,rx,2730,16000,1,pcm_u8,2730,0.1698908805847168
1778636379.3282452,626.1058032512665,3668,rx,2730,16000,1,pcm_u8,2730,0.1751408576965332
1778636379.49492,626.2724781036377,3669,rx,2730,16000,1,pcm_u8,2730,0.16667485237121582
1778636379.666941,626.4444990158081,3670,rx,2730,16000,1,pcm_u8,2730,0.17202091217041016
1778636379.835666,626.613224029541,3671,rx,2730,16000,1,pcm_u8,2730,0.16872501373291016
1778636380.0103517,626.78790974617,3672,rx,2730,16000,1,pcm_u8,2730,0.17468571662902832
1778636380.1778944,626.9554524421692,3673,rx,2730,16000,1,pcm_u8,2730,0.1675426959991455
1778636380.3473678,627.1249258518219,3674,rx,2730,16000,1,pcm_u8,2730,0.16947340965270996
1778636380.5219033,627.2994613647461,3675,rx,2730,16000,1,pcm_u8,2730,0.17453551292419434
1778636380.6894944,627.4670524597168,3676,rx,2730,16000,1,pcm_u8,2730,0.16759109497070312
1778636380.859633,627.6371910572052,3677,rx,2730,16000,1,pcm_u8,2730,0.17013859748840332
1778636381.0317752,627.8093333244324,3678,rx,2730,16000,1,pcm_u8,2730,0.17214226722717285
1778636381.2017927,627.9793508052826,3679,rx,2730,16000,1,pcm_u8,2730,0.17001748085021973
1778636381.3755264,628.1530845165253,3680,rx,2730,16000,1,pcm_u8,2730,0.17373371124267578
1778636381.5447857,628.322343826294,3681,rx,2730,16000,1,pcm_u8,2730,0.16925930976867676
1778636381.7172432,628.4948012828827,3682,rx,2730,16000,1,pcm_u8,2730,0.17245745658874512
1778636381.8842945,628.6618525981903,3683,rx,2730,16000,1,pcm_u8,2730,0.1670513153076172
1778636382.0540154,628.8315734863281,3684,rx,2730,16000,1,pcm_u8,2730,0.16972088813781738
1778636382.2250657,629.002623796463,3685,rx,2730,16000,1,pcm_u8,2730,0.1710503101348877
1778636382.3954697,629.17302775383,3686,rx,2730,16000,1,pcm_u8,2730,0.17040395736694336
1778636382.5727603,629.3503184318542,3687,rx,2730,16000,1,pcm_u8,2730,0.177290678024292
1778636382.738286,629.5158441066742,3688,rx,2730,16000,1,pcm_u8,2730,0.1655256748199463
1778636382.9078834,629.685441493988,3689,rx,2730,16000,1,pcm_u8,2730,0.16959738731384277
1778636383.087425,629.8649830818176,3690,rx,2730,16000,1,pcm_u8,2730,0.17954158782958984
1778636383.249575,630.0271329879761,3691,rx,2730,16000,1,pcm_u8,2730,0.16214990615844727
1778636383.4214525,630.1990106105804,3692,rx,2730,16000,1,pcm_u8,2730,0.17187762260437012
1778636383.591445,630.3690030574799,3693,rx,2730,16000,1,pcm_u8,2730,0.16999244689941406
1778636383.7629921,630.5405502319336,3694,rx,2730,16000,1,pcm_u8,2730,0.17154717445373535
1778636383.9323142,630.7098722457886,3695,rx,2730,16000,1,pcm_u8,2730,0.16932201385498047
1778636384.1030145,630.8805725574493,3696,rx,2730,16000,1,pcm_u8,2730,0.1707003116607666
1778636384.2744286,631.0519866943359,3697,rx,2730,16000,1,pcm_u8,2730,0.17141413688659668
1778636384.444503,631.2220611572266,3698,rx,2730,16000,1,pcm_u8,2730,0.170074462890625
1778636384.6184037,631.3959617614746,3699,rx,2730,16000,1,pcm_u8,2730,0.17390060424804688
1778636384.784875,631.5624330043793,3700,rx,2730,16000,1,pcm_u8,2730,0.16647124290466309
1778636384.956918,631.7344760894775,3701,rx,2730,16000,1,pcm_u8,2730,0.1720430850982666
1778636385.1344538,631.9120118618011,3702,rx,2730,16000,1,pcm_u8,2730,0.1775357723236084
1778636385.298285,632.0758430957794,3703,rx,2730,16000,1,pcm_u8,2730,0.16383123397827148
1778636385.4706414,632.2481994628906,3704,rx,2730,16000,1,pcm_u8,2730,0.17235636711120605
1778636385.6392827,632.4168407917023,3705,rx,2730,16000,1,pcm_u8,2730,0.1686413288116455
1778636385.8096955,632.5872535705566,3706,rx,2730,16000,1,pcm_u8,2730,0.17041277885437012
1778636385.9799154,632.7574734687805,3707,rx,2730,16000,1,pcm_u8,2730,0.17021989822387695
1778636386.1507642,632.9283223152161,3708,rx,2730,16000,1,pcm_u8,2730,0.17084884643554688
1778636386.322674,633.1002321243286,3709,rx,2730,16000,1,pcm_u8,2730,0.17190980911254883
1778636386.4917736,633.2693316936493,3710,rx,2730,16000,1,pcm_u8,2730,0.1690995693206787
1778636386.6694338,633.4469919204712,3711,rx,2730,16000,1,pcm_u8,2730,0.17766022682189941
1778636386.83512,633.6126780509949,3712,rx,2730,16000,1,pcm_u8,2730,0.16568613052368164
1778636387.0043528,633.7819108963013,3713,rx,2730,16000,1,pcm_u8,2730,0.16923284530639648
1778636387.1751049,633.9526629447937,3714,rx,2730,16000,1,pcm_u8,2730,0.17075204849243164
1778636387.3487792,634.1263372898102,3715,rx,2730,16000,1,pcm_u8,2730,0.1736743450164795
1778636387.518441,634.2959990501404,3716,rx,2730,16000,1,pcm_u8,2730,0.1696617603302002
1778636387.6866026,634.4641606807709,3717,rx,2730,16000,1,pcm_u8,2730,0.16816163063049316
1778636387.8630059,634.6405639648438,3718,rx,2730,16000,1,pcm_u8,2730,0.17640328407287598
1778636388.0289063,634.80646443367,3719,rx,2730,16000,1,pcm_u8,2730,0.16590046882629395
1778636388.2029183,634.9804763793945,3720,rx,2730,16000,1,pcm_u8,2730,0.1740119457244873
1778636388.3718956,635.1494536399841,3721,rx,2730,16000,1,pcm_u8,2730,0.1689772605895996
1778636388.545786,635.3233439922333,3722,rx,2730,16000,1,pcm_u8,2730,0.1738903522491455
1778636388.7205503,635.4981083869934,3723,rx,2730,16000,1,pcm_u8,2730,0.17476439476013184
1778636388.8876662,635.665224313736,3724,rx,2730,16000,1,pcm_u8,2730,0.1671159267425537
1778636389.0582688,635.8358268737793,3725,rx,2730,16000,1,pcm_u8,2730,0.17060256004333496
1778636389.2254605,636.00301861763,3726,rx,2730,16000,1,pcm_u8,2730,0.167191743850708
1778636389.3980193,636.1755774021149,3727,rx,2730,16000,1,pcm_u8,2730,0.17255878448486328
1778636389.5745308,636.3520889282227,3728,rx,2730,16000,1,pcm_u8,2730,0.17651152610778809
1778636389.7382922,636.5158503055573,3729,rx,2730,16000,1,pcm_u8,2730,0.16376137733459473
1778636389.9082227,636.6857807636261,3730,rx,2730,16000,1,pcm_u8,2730,0.16993045806884766
1778636390.0771976,636.8547556400299,3731,rx,2730,16000,1,pcm_u8,2730,0.1689748764038086
1778636390.2483046,637.0258626937866,3732,rx,2730,16000,1,pcm_u8,2730,0.17110705375671387
1778636390.4193096,637.1968677043915,3733,rx,2730,16000,1,pcm_u8,2730,0.1710050106048584
1778636390.5881863,637.3657443523407,3734,rx,2730,16000,1,pcm_u8,2730,0.16887664794921875
1778636390.7598987,637.5374567508698,3735,rx,2730,16000,1,pcm_u8,2730,0.17171239852905273
1778636390.9298475,637.7074055671692,3736,rx,2730,16000,1,pcm_u8,2730,0.16994881629943848
1778636391.1006756,637.8782336711884,3737,rx,2730,16000,1,pcm_u8,2730,0.17082810401916504
1778636391.276036,638.0535941123962,3738,rx,2730,16000,1,pcm_u8,2730,0.17536044120788574
1778636391.4435537,638.2211117744446,3739,rx,2730,16000,1,pcm_u8,2730,0.16751766204833984
1778636391.615617,638.3931751251221,3740,rx,2730,16000,1,pcm_u8,2730,0.17206335067749023
1778636391.7829113,638.5604693889618,3741,rx,2730,16000,1,pcm_u8,2730,0.16729426383972168
1778636391.954328,638.7318861484528,3742,rx,2730,16000,1,pcm_u8,2730,0.1714167594909668
1778636392.1247203,638.9022784233093,3743,rx,2730,16000,1,pcm_u8,2730,0.17039227485656738
1778636392.294894,639.0724520683289,3744,rx,2730,16000,1,pcm_u8,2730,0.17017364501953125
1778636392.4705434,639.2481014728546,3745,rx,2730,16000,1,pcm_u8,2730,0.17564940452575684
1778636392.638578,639.4161360263824,3746,rx,2730,16000,1,pcm_u8,2730,0.16803455352783203
1778636392.8071692,639.5847272872925,3747,rx,2730,16000,1,pcm_u8,2730,0.16859126091003418
1778636392.9781902,639.7557482719421,3748,rx,2730,16000,1,pcm_u8,2730,0.1710209846496582
1778636393.1482112,639.925769329071,3749,rx,2730,16000,1,pcm_u8,2730,0.17002105712890625
1778636393.31978,640.0973381996155,3750,rx,2730,16000,1,pcm_u8,2730,0.1715688705444336
1778636393.4898806,640.2674386501312,3751,rx,2730,16000,1,pcm_u8,2730,0.17010045051574707
1778636393.6618807,640.4394388198853,3752,rx,2730,16000,1,pcm_u8,2730,0.17200016975402832
1778636393.8328059,640.6103639602661,3753,rx,2730,16000,1,pcm_u8,2730,0.17092514038085938
1778636394.002542,640.780100107193,3754,rx,2730,16000,1,pcm_u8,2730,0.16973614692687988
1778636394.1731856,640.9507436752319,3755,rx,2730,16000,1,pcm_u8,2730,0.17064356803894043
1778636394.3455646,641.1231226921082,3756,rx,2730,16000,1,pcm_u8,2730,0.1723790168762207
1778636394.5188322,641.2963902950287,3757,rx,2730,16000,1,pcm_u8,2730,0.17326760292053223
1778636394.6854277,641.4629857540131,3758,rx,2730,16000,1,pcm_u8,2730,0.166595458984375
1778636394.870174,641.6477320194244,3759,rx,2730,16000,1,pcm_u8,2730,0.18474626541137695
1778636395.026274,641.8038320541382,3760,rx,2730,16000,1,pcm_u8,2730,0.15610003471374512
1778636395.1983094,641.9758675098419,3761,rx,2730,16000,1,pcm_u8,2730,0.17203545570373535
1778636395.370781,642.1483390331268,3762,rx,2730,16000,1,pcm_u8,2730,0.1724715232849121
1778636395.5398114,642.3173694610596,3763,rx,2730,16000,1,pcm_u8,2730,0.16903042793273926
1778636395.708707,642.4862651824951,3764,rx,2730,16000,1,pcm_u8,2730,0.16889572143554688
1778636395.8805535,642.6581115722656,3765,rx,2730,16000,1,pcm_u8,2730,0.1718463897705078
1778636396.0550983,642.8326563835144,3766,rx,2730,16000,1,pcm_u8,2730,0.1745448112487793
1778636396.2223115,642.9998695850372,3767,rx,2730,16000,1,pcm_u8,2730,0.16721320152282715
1778636396.3921363,643.1696944236755,3768,rx,2730,16000,1,pcm_u8,2730,0.16982483863830566
1778636396.5672762,643.3448343276978,3769,rx,2730,16000,1,pcm_u8,2730,0.1751399040222168
1778636396.7324817,643.510039806366,3770,rx,2730,16000,1,pcm_u8,2730,0.1652054786682129
1778636396.9037066,643.6812646389008,3771,rx,2730,16000,1,pcm_u8,2730,0.17122483253479004
1778636397.0742545,643.8518126010895,3772,rx,2730,16000,1,pcm_u8,2730,0.1705479621887207
1778636397.2485301,644.0260882377625,3773,rx,2730,16000,1,pcm_u8,2730,0.17427563667297363
1778636397.4252126,644.2027707099915,3774,rx,2730,16000,1,pcm_u8,2730,0.1766824722290039
1778636397.5862684,644.3638265132904,3775,rx,2730,16000,1,pcm_u8,2730,0.1610558032989502
1778636397.7571344,644.5346925258636,3776,rx,2730,16000,1,pcm_u8,2730,0.1708660125732422
1778636397.9274611,644.705019235611,3777,rx,2730,16000,1,pcm_u8,2730,0.17032670974731445
1778636398.0979445,644.8755025863647,3778,rx,2730,16000,1,pcm_u8,2730,0.17048335075378418
1778636398.268989,645.0465471744537,3779,rx,2730,16000,1,pcm_u8,2730,0.17104458808898926
1778636398.4410903,645.2186484336853,3780,rx,2730,16000,1,pcm_u8,2730,0.17210125923156738
1778636398.6130695,645.3906276226044,3781,rx,2730,16000,1,pcm_u8,2730,0.17197918891906738
1778636398.7816484,645.5592064857483,3782,rx,2730,16000,1,pcm_u8,2730,0.1685788631439209
1778636398.95067,645.7282280921936,3783,rx,2730,16000,1,pcm_u8,2730,0.1690216064453125
1778636399.1304536,645.908011674881,3784,rx,2730,16000,1,pcm_u8,2730,0.17978358268737793
1778636399.293268,646.0708260536194,3785,rx,2730,16000,1,pcm_u8,2730,0.16281437873840332
1778636399.4642456,646.2418036460876,3786,rx,2730,16000,1,pcm_u8,2730,0.17097759246826172
1778636399.6344361,646.4119942188263,3787,rx,2730,16000,1,pcm_u8,2730,0.17019057273864746
1778636399.806519,646.5840771198273,3788,rx,2730,16000,1,pcm_u8,2730,0.17208290100097656
1778636399.9818833,646.7594413757324,3789,rx,2730,16000,1,pcm_u8,2730,0.17536425590515137
1778636400.1475966,646.9251546859741,3790,rx,2730,16000,1,pcm_u8,2730,0.16571331024169922
1778636400.3208454,647.0984034538269,3791,rx,2730,16000,1,pcm_u8,2730,0.1732487678527832
1778636400.4874148,647.2649729251862,3792,rx,2730,16000,1,pcm_u8,2730,0.16656947135925293
1778636400.6660516,647.443609714508,3793,rx,2730,16000,1,pcm_u8,2730,0.17863678932189941
1778636400.829024,647.6065821647644,3794,rx,2730,16000,1,pcm_u8,2730,0.16297245025634766
1778636400.999825,647.7773830890656,3795,rx,2730,16000,1,pcm_u8,2730,0.17080092430114746
1778636401.171915,647.9494731426239,3796,rx,2730,16000,1,pcm_u8,2730,0.1720900535583496
1778636401.3416624,648.119220495224,3797,rx,2730,16000,1,pcm_u8,2730,0.16974735260009766
1778636401.5160801,648.2936382293701,3798,rx,2730,16000,1,pcm_u8,2730,0.17441773414611816
1778636401.682688,648.4602460861206,3799,rx,2730,16000,1,pcm_u8,2730,0.16660785675048828
1778636401.8539083,648.6314663887024,3800,rx,2730,16000,1,pcm_u8,2730,0.1712203025817871
1778636402.0233393,648.800897359848,3801,rx,2730,16000,1,pcm_u8,2730,0.16943097114562988
1778636402.1969972,648.9745552539825,3802,rx,2730,16000,1,pcm_u8,2730,0.17365789413452148
1778636402.370062,649.1476202011108,3803,rx,2730,16000,1,pcm_u8,2730,0.1730649471282959
1778636402.5364406,649.3139986991882,3804,rx,2730,16000,1,pcm_u8,2730,0.16637849807739258
1778636402.717773,649.4953310489655,3805,rx,2730,16000,1,pcm_u8,2730,0.18133234977722168
1778636402.8767116,649.654269695282,3806,rx,2730,16000,1,pcm_u8,2730,0.15893864631652832
1778636403.0497227,649.8272807598114,3807,rx,2730,16000,1,pcm_u8,2730,0.17301106452941895
1778636403.219718,649.9972760677338,3808,rx,2730,16000,1,pcm_u8,2730,0.16999530792236328
1778636403.390485,650.1680431365967,3809,rx,2730,16000,1,pcm_u8,2730,0.17076706886291504
1778636403.572517,650.350075006485,3810,rx,2730,16000,1,pcm_u8,2730,0.18203186988830566
1778636403.7303815,650.5079395771027,3811,rx,2730,16000,1,pcm_u8,2730,0.15786457061767578
1778636403.901057,650.6786150932312,3812,rx,2730,16000,1,pcm_u8,2730,0.17067551612854004
1778636404.0747721,650.8523302078247,3813,rx,2730,16000,1,pcm_u8,2730,0.17371511459350586
1778636404.2445438,651.0221018791199,3814,rx,2730,16000,1,pcm_u8,2730,0.16977167129516602
1778636404.4174564,651.1950144767761,3815,rx,2730,16000,1,pcm_u8,2730,0.17291259765625
1778636404.5830686,651.3606266975403,3816,rx,2730,16000,1,pcm_u8,2730,0.16561222076416016
1778636404.7590141,651.5365722179413,3817,rx,2730,16000,1,pcm_u8,2730,0.17594552040100098
1778636404.9267726,651.7043306827545,3818,rx,2730,16000,1,pcm_u8,2730,0.16775846481323242
1778636405.1009443,651.878502368927,3819,rx,2730,16000,1,pcm_u8,2730,0.17417168617248535
1778636405.2662952,652.0438532829285,3820,rx,2730,16000,1,pcm_u8,2730,0.16535091400146484
1778636405.4366128,652.2141709327698,3821,rx,2730,16000,1,pcm_u8,2730,0.1703176498413086
1778636405.6094995,652.3870575428009,3822,rx,2730,16000,1,pcm_u8,2730,0.17288661003112793
1778636405.7787719,652.5563299655914,3823,rx,2730,16000,1,pcm_u8,2730,0.16927242279052734
1778636405.9488142,652.7263722419739,3824,rx,2730,16000,1,pcm_u8,2730,0.1700422763824463
1778636406.1352787,652.9128367900848,3825,rx,2730,16000,1,pcm_u8,2730,0.18646454811096191
1778636406.2903624,653.0679204463959,3826,rx,2730,16000,1,pcm_u8,2730,0.15508365631103516
1778636406.4678824,653.2454404830933,3827,rx,2730,16000,1,pcm_u8,2730,0.1775200366973877
1778636406.6330242,653.4105823040009,3828,rx,2730,16000,1,pcm_u8,2730,0.16514182090759277
1778636406.8032002,653.5807583332062,3829,rx,2730,16000,1,pcm_u8,2730,0.17017602920532227
1778636406.97323,653.7507879734039,3830,rx,2730,16000,1,pcm_u8,2730,0.1700296401977539
1778636407.144226,653.9217841625214,3831,rx,2730,16000,1,pcm_u8,2730,0.17099618911743164
1778636407.321347,654.0989050865173,3832,rx,2730,16000,1,pcm_u8,2730,0.17712092399597168
1778636407.4852552,654.2628133296967,3833,rx,2730,16000,1,pcm_u8,2730,0.1639082431793213
1778636407.6597638,654.4373219013214,3834,rx,2730,16000,1,pcm_u8,2730,0.17450857162475586
1778636407.8265536,654.6041116714478,3835,rx,2730,16000,1,pcm_u8,2730,0.16678977012634277
1778636407.9995127,654.7770707607269,3836,rx,2730,16000,1,pcm_u8,2730,0.1729590892791748
1778636408.16836,654.9459180831909,3837,rx,2730,16000,1,pcm_u8,2730,0.16884732246398926
1778636408.3392212,655.1167793273926,3838,rx,2730,16000,1,pcm_u8,2730,0.17086124420166016
1778636408.5169015,655.2944595813751,3839,rx,2730,16000,1,pcm_u8,2730,0.17768025398254395
1778636408.6804657,655.4580237865448,3840,rx,2730,16000,1,pcm_u8,2730,0.16356420516967773
1778636408.8512192,655.6287772655487,3841,rx,2730,16000,1,pcm_u8,2730,0.17075347900390625
1778636409.021464,655.7990221977234,3842,rx,2730,16000,1,pcm_u8,2730,0.17024493217468262
1778636409.1963093,655.9738674163818,3843,rx,2730,16000,1,pcm_u8,2730,0.17484521865844727
