timestamp,elapsed_sec,seq,payload_size_bytes,format,dt_since_previous_sec
1778635753.286665,0.06422305107116699,1,12779,jpeg,
1778635753.329384,0.10694217681884766,2,12824,jpeg,0.042719125747680664
1778635753.3801765,0.15773463249206543,3,12793,jpeg,0.05079245567321777
1778635753.430675,0.20823311805725098,4,12809,jpeg,0.05049848556518555
1778635753.4792497,0.256807804107666,5,12792,jpeg,0.04857468605041504
1778635753.5303173,0.307875394821167,6,12790,jpeg,0.05106759071350098
1778635753.581212,0.35877013206481934,7,12793,jpeg,0.050894737243652344
1778635753.6297657,0.40732383728027344,8,12796,jpeg,0.0485537052154541
1778635753.6788504,0.4564085006713867,9,12797,jpeg,0.04908466339111328
1778635753.7295263,0.5070843696594238,10,12805,jpeg,0.05067586898803711
1778635753.7795677,0.5571258068084717,11,12783,jpeg,0.05004143714904785
1778635753.8290973,0.6066553592681885,12,12791,jpeg,0.0495295524597168
1778635753.8802938,0.6578519344329834,13,12780,jpeg,0.05119657516479492
1778635753.929108,0.7066659927368164,14,12807,jpeg,0.04881405830383301
1778635753.9829345,0.7604925632476807,15,12808,jpeg,0.05382657051086426
1778635754.0304422,0.8080003261566162,16,12794,jpeg,0.04750776290893555
1778635754.0789328,0.8564908504486084,17,12795,jpeg,0.04849052429199219
1778635754.1342528,0.9118108749389648,18,12806,jpeg,0.055320024490356445
1778635754.1844769,0.9620349407196045,19,12800,jpeg,0.05022406578063965
1778635754.2365587,1.0141167640686035,20,12774,jpeg,0.05208182334899902
1778635754.2805622,1.0581202507019043,21,12814,jpeg,0.04400348663330078
1778635754.3330927,1.1106507778167725,22,12774,jpeg,0.052530527114868164
1778635754.3793285,1.1568865776062012,23,12787,jpeg,0.04623579978942871
1778635754.4300423,1.2076003551483154,24,12820,jpeg,0.05071377754211426
1778635754.486401,1.2639591693878174,25,12815,jpeg,0.05635881423950195
1778635754.5384524,1.3160104751586914,26,12809,jpeg,0.05205130577087402
1778635754.5793092,1.3568673133850098,27,12801,jpeg,0.04085683822631836
1778635754.643478,1.4210360050201416,28,12812,jpeg,0.06416869163513184
1778635754.6802883,1.4578464031219482,29,12771,jpeg,0.03681039810180664
1778635754.7292657,1.5068237781524658,30,12787,jpeg,0.04897737503051758
1778635754.780964,1.5585219860076904,31,12780,jpeg,0.05169820785522461
1778635754.831437,1.6089951992034912,32,12813,jpeg,0.05047321319580078
1778635754.8820817,1.659639835357666,33,12820,jpeg,0.050644636154174805
1778635754.9317102,1.70926833152771,34,12816,jpeg,0.049628496170043945
1778635754.9854004,1.7629585266113281,35,12808,jpeg,0.053690195083618164
1778635755.032121,1.8096790313720703,36,12818,jpeg,0.04672050476074219
1778635755.081159,1.8587172031402588,37,12841,jpeg,0.04903817176818848
1778635755.1370537,1.91461181640625,38,12824,jpeg,0.05589461326599121
1778635755.1808023,1.9583604335784912,39,12782,jpeg,0.04374861717224121
1778635755.2312481,2.0088062286376953,40,12773,jpeg,0.0504457950592041
1778635755.2789803,2.0565383434295654,41,12791,jpeg,0.04773211479187012
1778635755.3316302,2.1091883182525635,42,12793,jpeg,0.05264997482299805
1778635755.3823094,2.159867525100708,43,12825,jpeg,0.05067920684814453
1778635755.4315715,2.209129571914673,44,12803,jpeg,0.049262046813964844
1778635755.4814572,2.2590153217315674,45,12790,jpeg,0.04988574981689453
1778635755.5305853,2.308143377304077,46,12753,jpeg,0.049128055572509766
1778635755.579605,2.357163190841675,47,12794,jpeg,0.049019813537597656
1778635755.6297007,2.4072587490081787,48,12747,jpeg,0.050095558166503906
1778635755.6834943,2.461052417755127,49,12764,jpeg,0.05379366874694824
1778635755.7288349,2.5063929557800293,50,12759,jpeg,0.045340538024902344
1778635755.7943566,2.5719146728515625,51,12765,jpeg,0.0655217170715332
1778635755.833255,2.6108131408691406,52,12803,jpeg,0.038898468017578125
1778635755.8790028,2.6565608978271484,53,12801,jpeg,0.04574775695800781
1778635755.930538,2.7080960273742676,54,12793,jpeg,0.05153512954711914
1778635755.9810884,2.7586464881896973,55,12819,jpeg,0.05055046081542969
1778635756.0317745,2.8093326091766357,56,12797,jpeg,0.05068612098693848
1778635756.0810544,2.858612537384033,57,12803,jpeg,0.04927992820739746
1778635756.1347017,2.912259817123413,58,12795,jpeg,0.05364727973937988
1778635756.1819308,2.959488868713379,59,12807,jpeg,0.04722905158996582
1778635756.2290845,3.0066425800323486,60,12794,jpeg,0.04715371131896973
1778635756.2885668,3.06612491607666,61,12813,jpeg,0.05948233604431152
1778635756.3302581,3.107816219329834,62,12828,jpeg,0.04169130325317383
1778635756.3787515,3.1563096046447754,63,12798,jpeg,0.048493385314941406
1778635756.4322414,3.2097995281219482,64,12792,jpeg,0.05348992347717285
1778635756.4819653,3.259523391723633,65,12815,jpeg,0.04972386360168457
1778635756.5344439,3.312001943588257,66,12805,jpeg,0.05247855186462402
1778635756.5834703,3.3610284328460693,67,12816,jpeg,0.0490264892578125
1778635756.63287,3.410428047180176,68,12804,jpeg,0.049399614334106445
1778635756.685598,3.46315598487854,69,12816,jpeg,0.05272793769836426
1778635756.7316499,3.5092079639434814,70,12786,jpeg,0.046051979064941406
1778635756.7864368,3.563994884490967,71,12788,jpeg,0.05478692054748535
1778635756.8293004,3.606858491897583,72,12800,jpeg,0.04286360740661621
1778635756.8804317,3.657989740371704,73,12805,jpeg,0.051131248474121094
1778635756.9283786,3.7059366703033447,74,12813,jpeg,0.047946929931640625
1778635756.9841285,3.7616865634918213,75,12820,jpeg,0.05574989318847656
1778635757.0290666,3.8066246509552,76,12828,jpeg,0.044938087463378906
1778635757.0781665,3.855724573135376,77,12800,jpeg,0.04909992218017578
1778635757.129947,3.9075050354003906,78,12781,jpeg,0.05178046226501465
1778635757.1793005,3.9568586349487305,79,12811,jpeg,0.049353599548339844
1778635757.2324967,4.01005482673645,80,12795,jpeg,0.05319619178771973
1778635757.2883527,4.065910816192627,81,12807,jpeg,0.05585598945617676
1778635757.329343,4.106901168823242,82,12830,jpeg,0.040990352630615234
1778635757.3800092,4.157567262649536,83,12832,jpeg,0.050666093826293945
1778635757.4304032,4.207961320877075,84,12818,jpeg,0.05039405822753906
1778635757.4806466,4.258204698562622,85,12813,jpeg,0.050243377685546875
1778635757.5300803,4.30763840675354,86,12795,jpeg,0.04943370819091797
1778635757.5800107,4.357568740844727,87,12807,jpeg,0.04993033409118652
1778635757.6320643,4.409622430801392,88,12781,jpeg,0.05205368995666504
1778635757.678723,4.4562811851501465,89,12799,jpeg,0.04665875434875488
1778635757.7288098,4.506367921829224,90,12790,jpeg,0.05008673667907715
1778635757.7805855,4.558143615722656,91,12793,jpeg,0.05177569389343262
1778635757.8286092,4.606167316436768,92,12784,jpeg,0.04802370071411133
1778635757.8784754,4.656033515930176,93,12816,jpeg,0.0498661994934082
1778635757.9297554,4.707313537597656,94,12794,jpeg,0.05128002166748047
1778635757.9793327,4.756890773773193,95,12805,jpeg,0.04957723617553711
1778635758.028706,4.806264162063599,96,12819,jpeg,0.04937338829040527
1778635758.0798416,4.8573997020721436,97,12785,jpeg,0.05113554000854492
1778635758.1284492,4.906007289886475,98,12800,jpeg,0.048607587814331055
1778635758.1818202,4.959378242492676,99,12775,jpeg,0.05337095260620117
1778635758.2301586,5.007716655731201,100,12771,jpeg,0.04833841323852539
1778635758.2958968,5.073454856872559,101,12786,jpeg,0.06573820114135742
1778635758.3328643,5.110422372817993,102,12758,jpeg,0.03696751594543457
1778635758.3837264,5.161284446716309,103,12777,jpeg,0.05086207389831543
1778635758.4355023,5.21306037902832,104,12770,jpeg,0.05177593231201172
1778635758.4781682,5.255726337432861,105,12766,jpeg,0.042665958404541016
1778635758.528318,5.305876016616821,106,12764,jpeg,0.05014967918395996
1778635758.5835094,5.361067533493042,107,12776,jpeg,0.0551915168762207
1778635758.6292627,5.406820774078369,108,12773,jpeg,0.04575324058532715
1778635758.6787813,5.456339359283447,109,12773,jpeg,0.049518585205078125
1778635758.7303805,5.507938623428345,110,12755,jpeg,0.05159926414489746
1778635758.7780035,5.555561542510986,111,12782,jpeg,0.0476229190826416
1778635758.8397036,5.617261648178101,112,12809,jpeg,0.06170010566711426
1778635758.8792725,5.656830549240112,113,12782,jpeg,0.03956890106201172
1778635758.927286,5.704843997955322,114,12755,jpeg,0.04801344871520996
1778635758.9800856,5.757643699645996,115,12747,jpeg,0.05279970169067383
1778635759.0298512,5.807409286499023,116,12768,jpeg,0.049765586853027344
1778635759.0803463,5.857904434204102,117,12761,jpeg,0.050495147705078125
1778635759.131919,5.90947699546814,118,12764,jpeg,0.051572561264038086
1778635759.1780872,5.955645322799683,119,12769,jpeg,0.04616832733154297
1778635759.2281957,6.005753755569458,120,12787,jpeg,0.05010843276977539
1778635759.2808394,6.058397531509399,121,12796,jpeg,0.052643775939941406
1778635759.3302755,6.107833623886108,122,12785,jpeg,0.049436092376708984
1778635759.378125,6.1556830406188965,123,12783,jpeg,0.047849416732788086
1778635759.430061,6.2076191902160645,124,12789,jpeg,0.05193614959716797
1778635759.4811468,6.258704900741577,125,12794,jpeg,0.051085710525512695
1778635759.5283723,6.3059303760528564,126,12773,jpeg,0.0472254753112793
1778635759.5822368,6.359794855117798,127,12794,jpeg,0.053864479064941406
1778635759.6367357,6.4142937660217285,128,12787,jpeg,0.054498910903930664
1778635759.6789517,6.456509828567505,129,12791,jpeg,0.04221606254577637
1778635759.7314699,6.50902795791626,130,12791,jpeg,0.05251812934875488
1778635759.7783353,6.555893421173096,131,12786,jpeg,0.04686546325683594
1778635759.8315592,6.609117269515991,132,12755,jpeg,0.05322384834289551
1778635759.8812835,6.658841609954834,133,12782,jpeg,0.04972434043884277
1778635759.9278095,6.705367565155029,134,12781,jpeg,0.04652595520019531
1778635759.979992,6.757550001144409,135,12795,jpeg,0.05218243598937988
1778635760.0306587,6.80821681022644,136,12778,jpeg,0.05066680908203125
1778635760.0813046,6.858862638473511,137,12772,jpeg,0.05064582824707031
1778635760.1313255,6.908883571624756,138,12785,jpeg,0.05002093315124512
1778635760.1825297,6.960087776184082,139,12807,jpeg,0.05120420455932617
1778635760.2298272,7.00738525390625,140,12798,jpeg,0.04729747772216797
1778635760.2830622,7.060620307922363,141,12814,jpeg,0.05323505401611328
1778635760.3331833,7.110741376876831,142,12779,jpeg,0.05012106895446777
1778635760.3786035,7.156161546707153,143,12784,jpeg,0.045420169830322266
1778635760.4282308,7.205788850784302,144,12802,jpeg,0.04962730407714844
1778635760.4812226,7.2587807178497314,145,12777,jpeg,0.05299186706542969
1778635760.5282493,7.30580735206604,146,12803,jpeg,0.047026634216308594
1778635760.583904,7.361462116241455,147,12766,jpeg,0.05565476417541504
1778635760.6311023,7.408660411834717,148,12799,jpeg,0.04719829559326172
1778635760.6797016,7.457259654998779,149,12780,jpeg,0.0485992431640625
1778635760.7280004,7.505558490753174,150,12770,jpeg,0.04829883575439453
1778635760.7790844,7.556642532348633,151,12794,jpeg,0.051084041595458984
1778635760.8282588,7.605816841125488,152,12787,jpeg,0.04917430877685547
1778635760.88127,7.658828020095825,153,12773,jpeg,0.053011178970336914
1778635760.9312627,7.708820819854736,154,12801,jpeg,0.04999279975891113
1778635760.9815657,7.759123802185059,155,12792,jpeg,0.050302982330322266
1778635761.0266163,7.804174423217773,156,12790,jpeg,0.045050621032714844
1778635761.0800138,7.857571840286255,157,12785,jpeg,0.053397417068481445
1778635761.126743,7.904301166534424,158,12774,jpeg,0.046729326248168945
1778635761.175727,7.953284978866577,159,12811,jpeg,0.04898381233215332
1778635761.2289712,8.006529331207275,160,12793,jpeg,0.05324435234069824
1778635761.2773147,8.054872751235962,161,12780,jpeg,0.04834342002868652
1778635761.325996,8.103554010391235,162,12806,jpeg,0.04868125915527344
1778635761.3783133,8.155871391296387,163,12808,jpeg,0.05231738090515137
1778635761.4272022,8.204760313034058,164,12783,jpeg,0.0488889217376709
1778635761.4767385,8.25429654121399,165,12823,jpeg,0.04953622817993164
1778635761.5284424,8.306000471115112,166,12822,jpeg,0.05170392990112305
1778635761.5771673,8.354725360870361,167,12809,jpeg,0.04872488975524902
1778635761.6267688,8.404326915740967,168,12826,jpeg,0.04960155487060547
1778635761.6788135,8.456371545791626,169,12835,jpeg,0.05204463005065918
1778635761.7265015,8.504059553146362,170,12845,jpeg,0.04768800735473633
1778635761.7766316,8.554189682006836,171,12840,jpeg,0.05013012886047363
1778635761.8504255,8.627983570098877,172,12826,jpeg,0.07379388809204102
1778635761.9268847,8.704442739486694,173,12808,jpeg,0.07645916938781738
1778635761.98042,8.757978200912476,174,12821,jpeg,0.05353546142578125
1778635762.0293636,8.80692172050476,175,12837,jpeg,0.048943519592285156
1778635762.0765276,8.854085683822632,176,12835,jpeg,0.047163963317871094
1778635762.1289604,8.906518459320068,177,12806,jpeg,0.05243277549743652
1778635762.1769948,8.95455288887024,178,12813,jpeg,0.0480344295501709
1778635762.2253335,9.002891540527344,179,12786,jpeg,0.04833865165710449
1778635762.278417,9.055975198745728,180,12795,jpeg,0.05308365821838379
1778635762.3259554,9.103513479232788,181,12820,jpeg,0.04753828048706055
1778635762.3800316,9.157589673995972,182,12817,jpeg,0.054076194763183594
1778635762.4284294,9.205987453460693,183,12816,jpeg,0.04839777946472168
1778635762.47573,9.25328803062439,184,12827,jpeg,0.04730057716369629
1778635762.5309746,9.30853271484375,185,12799,jpeg,0.05524468421936035
1778635762.5789714,9.356529474258423,186,12777,jpeg,0.04799675941467285
1778635762.6258264,9.403384447097778,187,12806,jpeg,0.04685497283935547
1778635762.6778822,9.455440282821655,188,12795,jpeg,0.05205583572387695
1778635762.7294364,9.506994485855103,189,12773,jpeg,0.051554203033447266
1778635762.7763128,9.553870916366577,190,12799,jpeg,0.04687643051147461
1778635762.8272233,9.60478138923645,191,12770,jpeg,0.05091047286987305
1778635762.8824933,9.660051345825195,192,12791,jpeg,0.05526995658874512
1778635762.9282024,9.705760478973389,193,12789,jpeg,0.04570913314819336
1778635762.9752412,9.752799272537231,194,12780,jpeg,0.04703879356384277
1778635763.0327578,9.81031584739685,195,12770,jpeg,0.05751657485961914
1778635763.0773313,9.854889392852783,196,12784,jpeg,0.04457354545593262
1778635763.1267252,9.904283285140991,197,12800,jpeg,0.04939389228820801
1778635763.1776083,9.955166339874268,198,12794,jpeg,0.05088305473327637
1778635763.2272089,10.004766941070557,199,12782,jpeg,0.04960060119628906
1778635763.2749057,10.05246376991272,200,12794,jpeg,0.047696828842163086
1778635763.3293145,10.10687255859375,201,12786,jpeg,0.05440878868103027
1778635763.3756664,10.153224468231201,202,12794,jpeg,0.04635190963745117
1778635763.433031,10.210589170455933,203,12785,jpeg,0.057364702224731445
1778635763.4780543,10.25561237335205,204,12802,jpeg,0.045023202896118164
1778635763.5255725,10.303130626678467,205,12821,jpeg,0.047518253326416016
1778635763.5757213,10.35327935218811,206,12802,jpeg,0.050148725509643555
1778635763.6290364,10.406594514846802,207,12793,jpeg,0.053315162658691406
1778635763.6811254,10.458683490753174,208,12792,jpeg,0.05208897590637207
1778635763.7251534,10.502711534500122,209,12791,jpeg,0.04402804374694824
1778635763.7781138,10.55567193031311,210,12802,jpeg,0.05296039581298828
1778635763.825426,10.602984189987183,211,12782,jpeg,0.047312259674072266
1778635763.8795373,10.657095432281494,212,12784,jpeg,0.05411124229431152
1778635763.9282038,10.705761909484863,213,12768,jpeg,0.04866647720336914
1778635763.9775336,10.755091667175293,214,12788,jpeg,0.04932975769042969
1778635764.0285666,10.806124687194824,215,12778,jpeg,0.05103302001953125
1778635764.0791316,10.856689691543579,216,12786,jpeg,0.05056500434875488
1778635764.1267471,10.904305219650269,217,12770,jpeg,0.04761552810668945
1778635764.1772788,10.95483684539795,218,12779,jpeg,0.050531625747680664
1778635764.227448,11.005006074905396,219,12774,jpeg,0.05016922950744629
1778635764.2755373,11.05309534072876,220,12774,jpeg,0.04808926582336426
1778635764.326784,11.104341983795166,221,12764,jpeg,0.05124664306640625
1778635764.3772352,11.15479326248169,222,12786,jpeg,0.05045127868652344
1778635764.4304183,11.207976341247559,223,12776,jpeg,0.05318307876586914
1778635764.4812639,11.258821964263916,224,12767,jpeg,0.05084562301635742
1778635764.5298057,11.307363748550415,225,12789,jpeg,0.04854178428649902
1778635764.5769835,11.354541540145874,226,12776,jpeg,0.047177791595458984
1778635764.6282313,11.405789375305176,227,12784,jpeg,0.05124783515930176
1778635764.6813655,11.458923578262329,228,12815,jpeg,0.05313420295715332
1778635764.7273993,11.504957437515259,229,12773,jpeg,0.04603385925292969
1778635764.7775042,11.555062294006348,230,12776,jpeg,0.05010485649108887
1778635764.8295732,11.607131242752075,231,12769,jpeg,0.05206894874572754
1778635764.8836532,11.661211252212524,232,12764,jpeg,0.05408000946044922
1778635764.9296026,11.707160711288452,233,12791,jpeg,0.045949459075927734
1778635764.976445,11.754003047943115,234,12785,jpeg,0.046842336654663086
1778635765.0271237,11.804681777954102,235,12749,jpeg,0.05067873001098633
1778635765.07921,11.856768131256104,236,12737,jpeg,0.05208635330200195
1778635765.1260734,11.903631448745728,237,12780,jpeg,0.04686331748962402
1778635765.180964,11.958522081375122,238,12769,jpeg,0.05489063262939453
1778635765.2249894,12.0025475025177,239,12757,jpeg,0.044025421142578125
1778635765.2777412,12.055299282073975,240,12801,jpeg,0.052751779556274414
1778635765.3256996,12.103257656097412,241,12764,jpeg,0.0479583740234375
1778635765.3794034,12.156961441040039,242,12764,jpeg,0.05370378494262695
1778635765.426948,12.204506158828735,243,12749,jpeg,0.04754471778869629
1778635765.4748864,12.252444505691528,244,12784,jpeg,0.04793834686279297
1778635765.5248222,12.302380323410034,245,12796,jpeg,0.04993581771850586
1778635765.5795476,12.357105731964111,246,12771,jpeg,0.05472540855407715
1778635765.6280742,12.405632257461548,247,12768,jpeg,0.04852652549743652
1778635765.6770515,12.454609632492065,248,12771,jpeg,0.04897737503051758
1778635765.730118,12.507676124572754,249,12757,jpeg,0.05306649208068848
1778635765.777446,12.555004119873047,250,12794,jpeg,0.04732799530029297
1778635765.8268476,12.604405641555786,251,12771,jpeg,0.04940152168273926
1778635765.8826873,12.660245418548584,252,12744,jpeg,0.05583977699279785
1778635765.9280226,12.705580711364746,253,12763,jpeg,0.04533529281616211
1778635765.976575,12.754132986068726,254,12758,jpeg,0.04855227470397949
1778635766.0332885,12.81084656715393,255,12797,jpeg,0.05671358108520508
1778635766.077542,12.855100154876709,256,12805,jpeg,0.04425358772277832
1778635766.1289678,12.90652585029602,257,12786,jpeg,0.05142569541931152
1778635766.179785,12.957343101501465,258,12803,jpeg,0.050817251205444336
1778635766.2271898,13.004747867584229,259,12782,jpeg,0.04740476608276367
1778635766.278425,13.055983066558838,260,12774,jpeg,0.051235198974609375
1778635766.3286972,13.106255292892456,261,12787,jpeg,0.050272226333618164
1778635766.3780882,13.155646324157715,262,12768,jpeg,0.04939103126525879
1778635766.4275608,13.205118894577026,263,12796,jpeg,0.04947257041931152
1778635766.4795954,13.257153511047363,264,12757,jpeg,0.052034616470336914
1778635766.5272875,13.304845571517944,265,12779,jpeg,0.047692060470581055
1778635766.5789754,13.356533527374268,266,12775,jpeg,0.05168795585632324
1778635766.627781,13.405339002609253,267,12795,jpeg,0.04880547523498535
1778635766.6764388,13.453996896743774,268,12785,jpeg,0.048657894134521484
1778635766.734535,13.51209306716919,269,12755,jpeg,0.05809617042541504
1778635766.7788663,13.556424379348755,270,12758,jpeg,0.04433131217956543
1778635766.827314,13.604871988296509,271,12764,jpeg,0.048447608947753906
1778635766.882175,13.659733057022095,272,12772,jpeg,0.05486106872558594
1778635766.932612,13.710170030593872,273,12791,jpeg,0.050436973571777344
1778635766.9792964,13.75685453414917,274,12786,jpeg,0.04668450355529785
1778635767.0273254,13.804883480072021,275,12789,jpeg,0.04802894592285156
1778635767.0773125,13.854870557785034,276,12793,jpeg,0.049987077713012695
1778635767.127386,13.90494418144226,277,12780,jpeg,0.05007362365722656
1778635767.1759684,13.953526496887207,278,12799,jpeg,0.04858231544494629
1778635767.229247,14.006805181503296,279,12793,jpeg,0.05327868461608887
1778635767.281628,14.059185981750488,280,12785,jpeg,0.05238080024719238
1778635767.32703,14.104588031768799,281,12782,jpeg,0.04540205001831055
1778635767.3803172,14.157875299453735,282,12782,jpeg,0.05328726768493652
1778635767.426966,14.204524040222168,283,12778,jpeg,0.04664874076843262
1778635767.4768164,14.254374504089355,284,12791,jpeg,0.0498504638671875
1778635767.5293303,14.306888341903687,285,12781,jpeg,0.052513837814331055
1778635767.5768487,14.354406833648682,286,12786,jpeg,0.04751849174499512
1778635767.6270661,14.404624223709106,287,12785,jpeg,0.050217390060424805
1778635767.6794753,14.457033395767212,288,12783,jpeg,0.05240917205810547
1778635767.727067,14.504625082015991,289,12793,jpeg,0.0475916862487793
1778635767.777291,14.55484914779663,290,12792,jpeg,0.05022406578063965
1778635767.828118,14.605676174163818,291,12807,jpeg,0.0508270263671875
1778635767.876648,14.654206037521362,292,12784,jpeg,0.048529863357543945
1778635767.9263117,14.703869819641113,293,12807,jpeg,0.04966378211975098
1778635767.9779732,14.755531311035156,294,12803,jpeg,0.05166149139404297
1778635768.0268857,14.804443836212158,295,12810,jpeg,0.04891252517700195
1778635768.0761127,14.853670835494995,296,12826,jpeg,0.049226999282836914
1778635768.1269875,14.904545545578003,297,12793,jpeg,0.05087471008300781
1778635768.1765506,14.954108715057373,298,12814,jpeg,0.04956316947937012
1778635768.2278428,15.005400896072388,299,12807,jpeg,0.05129218101501465
1778635768.2788446,15.056402683258057,300,12800,jpeg,0.051001787185668945
1778635768.3257728,15.103330850601196,301,12798,jpeg,0.04692816734313965
1778635768.376821,15.15437912940979,302,12790,jpeg,0.05104827880859375
1778635768.4275723,15.205130338668823,303,12813,jpeg,0.0507512092590332
1778635768.4810476,15.258605718612671,304,12794,jpeg,0.053475379943847656
1778635768.5260694,15.303627490997314,305,12777,jpeg,0.045021772384643555
1778635768.5779612,15.35551929473877,306,12779,jpeg,0.05189180374145508
1778635768.626698,15.404256105422974,307,12806,jpeg,0.0487368106842041
1778635768.676086,15.453644037246704,308,12797,jpeg,0.04938793182373047
1778635768.7332509,15.510808944702148,309,12799,jpeg,0.057164907455444336
1778635768.7790496,15.556607723236084,310,12801,jpeg,0.04579877853393555
1778635768.8273335,15.604891538619995,311,12782,jpeg,0.04828381538391113
1778635768.8786976,15.656255722045898,312,12799,jpeg,0.05136418342590332
1778635768.9279902,15.705548286437988,313,12800,jpeg,0.049292564392089844
1778635768.979186,15.756744146347046,314,12786,jpeg,0.05119585990905762
1778635769.02866,15.806218147277832,315,12755,jpeg,0.04947400093078613
1778635769.0769355,15.854493618011475,316,12155,jpeg,0.04827547073364258
1778635769.1292186,15.906776666641235,317,12592,jpeg,0.05228304862976074
1778635769.178328,15.955886125564575,318,12578,jpeg,0.049109458923339844
1778635769.2306576,16.00821566581726,319,12512,jpeg,0.05232954025268555
1778635769.2781148,16.055672883987427,320,12688,jpeg,0.047457218170166016
1778635769.3275745,16.105132579803467,321,12676,jpeg,0.04945969581604004
1778635769.380301,16.157859086990356,322,12674,jpeg,0.05272650718688965
1778635769.4266768,16.204234838485718,323,12384,jpeg,0.04637575149536133
1778635769.4825633,16.26012134552002,324,12355,jpeg,0.05588650703430176
1778635769.5250418,16.302599906921387,325,12218,jpeg,0.04247856140136719
1778635769.576814,16.354372024536133,326,12463,jpeg,0.051772117614746094
1778635769.627088,16.404646158218384,327,12654,jpeg,0.05027413368225098
1778635769.6795437,16.457101821899414,328,12533,jpeg,0.05245566368103027
1778635769.7254226,16.502980709075928,329,12505,jpeg,0.04587888717651367
1778635769.7819083,16.55946636199951,330,12490,jpeg,0.056485652923583984
1778635769.8298895,16.607447624206543,331,12535,jpeg,0.04798126220703125
1778635769.875651,16.65320897102356,332,12430,jpeg,0.0457613468170166
1778635769.9322639,16.709821939468384,333,12473,jpeg,0.05661296844482422
1778635769.9791882,16.756746292114258,334,12665,jpeg,0.04692435264587402
1778635770.0255744,16.8031325340271,335,12539,jpeg,0.0463862419128418
1778635770.0771842,16.854742288589478,336,12451,jpeg,0.05160975456237793
1778635770.1286576,16.90621566772461,337,12229,jpeg,0.051473379135131836
1778635770.1744456,16.952003717422485,338,12154,jpeg,0.04578804969787598
1778635770.2288682,17.006426334381104,339,12193,jpeg,0.054422616958618164
1778635770.277994,17.055552005767822,340,12148,jpeg,0.04912567138671875
1778635770.3245697,17.10212779045105,341,12051,jpeg,0.04657578468322754
1778635770.37806,17.15561819076538,342,12017,jpeg,0.053490400314331055
1778635770.4267955,17.20435357093811,343,11970,jpeg,0.04873538017272949
1778635770.4746873,17.25224542617798,344,12006,jpeg,0.047891855239868164
1778635770.5265043,17.304062366485596,345,12053,jpeg,0.05181694030761719
1778635770.5793388,17.35689687728882,346,11841,jpeg,0.052834510803222656
1778635770.6256511,17.40320920944214,347,11862,jpeg,0.04631233215332031
1778635770.6767104,17.45426845550537,348,11953,jpeg,0.05105924606323242
1778635770.7255814,17.50313949584961,349,12002,jpeg,0.04887104034423828
1778635770.781631,17.559189081192017,350,12028,jpeg,0.05604958534240723
1778635770.831449,17.609007120132446,351,11969,jpeg,0.04981803894042969
1778635770.9274487,17.70500683784485,352,11825,jpeg,0.09599971771240234
1778635770.9313283,17.70888638496399,353,12118,jpeg,0.003879547119140625
1778635770.9822924,17.75985050201416,354,12111,jpeg,0.0509641170501709
1778635771.0291255,17.80668354034424,355,12023,jpeg,0.046833038330078125
1778635771.0752726,17.85283064842224,356,12101,jpeg,0.04614710807800293
1778635771.1324787,17.91003680229187,357,12079,jpeg,0.057206153869628906
1778635771.1767862,17.954344272613525,358,12047,jpeg,0.04430747032165527
1778635771.225183,18.00274109840393,359,12179,jpeg,0.04839682579040527
1778635771.2801087,18.057666778564453,360,12006,jpeg,0.05492568016052246
1778635771.3261514,18.10370945930481,361,11956,jpeg,0.046042680740356445
1778635771.3750567,18.15261483192444,362,12061,jpeg,0.048905372619628906
1778635771.427562,18.205120086669922,363,12170,jpeg,0.0525052547454834
1778635771.5251303,18.302688360214233,364,12025,jpeg,0.09756827354431152
1778635771.5378687,18.31542682647705,365,12061,jpeg,0.012738466262817383
1778635771.5765858,18.354143857955933,366,11885,jpeg,0.038717031478881836
1778635771.6241648,18.40172290802002,367,11913,jpeg,0.047579050064086914
1778635771.6739693,18.45152735710144,368,11877,jpeg,0.0498044490814209
1778635771.7265973,18.50415539741516,369,12129,jpeg,0.0526280403137207
1778635771.7757673,18.553325414657593,370,11981,jpeg,0.04917001724243164
1778635771.8230417,18.600599765777588,371,11866,jpeg,0.04727435111999512
1778635771.8764994,18.654057502746582,372,11974,jpeg,0.05345773696899414
1778635771.9241343,18.70169234275818,373,11770,jpeg,0.04763484001159668
1778635771.9761314,18.753689527511597,374,11944,jpeg,0.05199718475341797
1778635772.0260258,18.80358386039734,375,12058,jpeg,0.04989433288574219
1778635772.0738795,18.85143756866455,376,11931,jpeg,0.047853708267211914
1778635772.1244497,18.902007818222046,377,11935,jpeg,0.05057024955749512
1778635772.1742065,18.951764583587646,378,11799,jpeg,0.049756765365600586
1778635772.2228334,19.000391483306885,379,11653,jpeg,0.04862689971923828
1778635772.2740157,19.051573753356934,380,11584,jpeg,0.05118227005004883
1778635772.325545,19.103103160858154,381,11396,jpeg,0.0515294075012207
1778635772.3741837,19.15174174308777,382,11228,jpeg,0.04863858222961426
1778635772.4236257,19.201183795928955,383,11243,jpeg,0.04944205284118652
1778635772.4761126,19.253670692443848,384,11212,jpeg,0.05248689651489258
1778635772.5238662,19.301424264907837,385,11222,jpeg,0.04775357246398926
1778635772.5728483,19.350406408309937,386,11238,jpeg,0.04898214340209961
1778635772.6268246,19.404382705688477,387,11318,jpeg,0.05397629737854004
1778635772.6728358,19.45039391517639,388,11354,jpeg,0.04601120948791504
1778635772.723453,19.50101113319397,389,11334,jpeg,0.050617218017578125
1778635772.7751493,19.55270743370056,390,11367,jpeg,0.0516963005065918
1778635772.8281016,19.60565972328186,391,11366,jpeg,0.05295228958129883
1778635772.8728993,19.65045738220215,392,11456,jpeg,0.044797658920288086
1778635772.9242177,19.701775789260864,393,11419,jpeg,0.05131840705871582
1778635772.9819272,19.759485244750977,394,11566,jpeg,0.057709455490112305
1778635773.0236912,19.801249265670776,395,11582,jpeg,0.041764020919799805
1778635773.0795982,19.85715627670288,396,11630,jpeg,0.05590701103210449
1778635773.1241689,19.901726961135864,397,11529,jpeg,0.0445706844329834
1778635773.175556,19.95311403274536,398,11636,jpeg,0.05138707160949707
1778635773.226706,20.00426411628723,399,11500,jpeg,0.05115008354187012
1778635773.2739491,20.051507234573364,400,11409,jpeg,0.04724311828613281
1778635773.3270893,20.104647397994995,401,11225,jpeg,0.05314016342163086
1778635773.3765397,20.15409779548645,402,11442,jpeg,0.04945039749145508
1778635773.4253118,20.20286989212036,403,11389,jpeg,0.04877209663391113
1778635773.4802117,20.25776982307434,404,11556,jpeg,0.05489993095397949
1778635773.5253499,20.302907943725586,405,11384,jpeg,0.04513812065124512
1778635773.5781558,20.355713844299316,406,11357,jpeg,0.05280590057373047
1778635773.6246822,20.40224027633667,407,11193,jpeg,0.046526432037353516
1778635773.6747475,20.452305555343628,408,11384,jpeg,0.05006527900695801
1778635773.7229223,20.50048041343689,409,11387,jpeg,0.04817485809326172
1778635773.77799,20.555548191070557,410,11569,jpeg,0.05506777763366699
1778635773.82905,20.606608152389526,411,11675,jpeg,0.05105996131896973
1778635773.8772957,20.65485382080078,412,11850,jpeg,0.04824566841125488
1778635773.928946,20.706504106521606,413,12142,jpeg,0.051650285720825195
1778635773.9743283,20.75188636779785,414,12302,jpeg,0.04538226127624512
1778635774.037798,20.815356016159058,415,12403,jpeg,0.06346964836120605
1778635774.0734098,20.85096788406372,416,12479,jpeg,0.035611867904663086
1778635774.1271563,20.904714345932007,417,12397,jpeg,0.05374646186828613
1778635774.172363,20.949921131134033,418,12416,jpeg,0.04520678520202637
1778635774.223162,21.000720024108887,419,12583,jpeg,0.050798892974853516
1778635774.2764606,21.05401873588562,420,12616,jpeg,0.0532987117767334
1778635774.3245018,21.102059841156006,421,12594,jpeg,0.04804110527038574
1778635774.3724072,21.149965286254883,422,12457,jpeg,0.04790544509887695
1778635774.4255526,21.203110694885254,423,12463,jpeg,0.053145408630371094
1778635774.4718804,21.249438524246216,424,12444,jpeg,0.046327829360961914
1778635774.5223248,21.299882888793945,425,12509,jpeg,0.05044436454772949
1778635774.5769882,21.354546308517456,426,12630,jpeg,0.05466341972351074
1778635774.6237085,21.40126657485962,427,12489,jpeg,0.046720266342163086
1778635774.6723,21.44985818862915,428,12491,jpeg,0.04859161376953125
1778635774.7252033,21.502761363983154,429,12487,jpeg,0.052903175354003906
1778635774.7728028,21.550360918045044,430,12528,jpeg,0.04759955406188965
1778635774.8245225,21.602080583572388,431,12597,jpeg,0.05171966552734375
1778635774.8759098,21.653467893600464,432,12661,jpeg,0.05138731002807617
1778635774.9242716,21.70182967185974,433,12530,jpeg,0.048361778259277344
1778635774.979206,21.75676417350769,434,12705,jpeg,0.05493450164794922
1778635775.025611,21.803169012069702,435,12769,jpeg,0.04640483856201172
1778635775.073341,21.85089898109436,436,12970,jpeg,0.0477299690246582
1778635775.1233008,21.900858879089355,437,13246,jpeg,0.04995989799499512
1778635775.1811006,21.958658695220947,438,12909,jpeg,0.0577998161315918
1778635775.2246258,22.00218391418457,439,13084,jpeg,0.04352521896362305
1778635775.2736037,22.051161766052246,440,13113,jpeg,0.04897785186767578
1778635775.3303216,22.107879638671875,441,13295,jpeg,0.056717872619628906
1778635775.3758337,22.15339183807373,442,13312,jpeg,0.04551219940185547
1778635775.4235454,22.201103448867798,443,13317,jpeg,0.04771161079406738
1778635775.4783764,22.255934476852417,444,13262,jpeg,0.05483102798461914
1778635775.5245917,22.302149772644043,445,13479,jpeg,0.04621529579162598
1778635775.5768294,22.354387521743774,446,13846,jpeg,0.052237749099731445
1778635775.6277354,22.405293464660645,447,13768,jpeg,0.05090594291687012
1778635775.6742854,22.45184350013733,448,13570,jpeg,0.04655003547668457
1778635775.7294059,22.506963968276978,449,13455,jpeg,0.05512046813964844
1778635775.7789502,22.5565083026886,450,13712,jpeg,0.049544334411621094
1778635775.824168,22.601726055145264,451,13745,jpeg,0.04521775245666504
1778635775.8740666,22.65162467956543,452,13644,jpeg,0.049898624420166016
1778635775.9264255,22.703983545303345,453,13415,jpeg,0.05235886573791504
1778635775.975066,22.752624034881592,454,13346,jpeg,0.04864048957824707
1778635776.0231788,22.800736904144287,455,13639,jpeg,0.04811286926269531
1778635776.0779169,22.855474948883057,456,13974,jpeg,0.05473804473876953
1778635776.1240218,22.90157985687256,457,13850,jpeg,0.04610490798950195
1778635776.17326,22.950818061828613,458,14152,jpeg,0.04923820495605469
1778635776.224738,23.002295970916748,459,13844,jpeg,0.051477909088134766
1778635776.27239,23.04994797706604,460,13835,jpeg,0.04765200614929199
1778635776.3243058,23.101863861083984,461,14368,jpeg,0.051915884017944336
1778635776.3784616,23.156019687652588,462,15548,jpeg,0.054155826568603516
1778635776.4274306,23.204988718032837,463,16996,jpeg,0.04896903038024902
1778635776.4767437,23.25430178642273,464,16967,jpeg,0.04931306838989258
1778635776.5282283,23.30578637123108,465,17472,jpeg,0.05148458480834961
1778635776.5772166,23.354774713516235,466,17408,jpeg,0.04898834228515625
1778635776.6287174,23.406275510787964,467,17160,jpeg,0.051500797271728516
1778635776.678763,23.456321001052856,468,17073,jpeg,0.05004549026489258
1778635776.7269664,23.50452446937561,469,16935,jpeg,0.048203468322753906
1778635776.7787187,23.55627679824829,470,16805,jpeg,0.051752328872680664
1778635776.832919,23.610476970672607,471,16751,jpeg,0.054200172424316406
1778635776.8772204,23.654778480529785,472,17065,jpeg,0.044301509857177734
1778635776.9300418,23.707599878311157,473,17364,jpeg,0.05282139778137207
1778635776.9764585,23.754016637802124,474,16917,jpeg,0.0464167594909668
1778635777.0266132,23.804171323776245,475,17218,jpeg,0.050154685974121094
1778635777.0780282,23.855586290359497,476,17227,jpeg,0.05141496658325195
1778635777.1351712,23.912729263305664,477,17463,jpeg,0.05714297294616699
1778635777.1789627,23.956520795822144,478,17578,jpeg,0.04379153251647949
1778635777.2270277,24.00458574295044,479,17606,jpeg,0.0480649471282959
1778635777.2770176,24.0545756816864,480,17511,jpeg,0.049989938735961914
1778635777.3284965,24.106054544448853,481,17444,jpeg,0.05147886276245117
1778635777.3789387,24.15649676322937,482,17550,jpeg,0.05044221878051758
1778635777.4307933,24.208351373672485,483,17679,jpeg,0.051854610443115234
1778635777.4768395,24.25439763069153,484,17701,jpeg,0.04604625701904297
1778635777.5289137,24.306471824645996,485,17580,jpeg,0.05207419395446777
1778635777.576228,24.3537859916687,486,17620,jpeg,0.04731416702270508
1778635777.6297154,24.407273530960083,487,17637,jpeg,0.053487539291381836
1778635777.6803362,24.457894325256348,488,17676,jpeg,0.05062079429626465
1778635777.7281797,24.505737781524658,489,17676,jpeg,0.04784345626831055
1778635777.7799766,24.55753469467163,490,17638,jpeg,0.051796913146972656
1778635777.830834,24.608392000198364,491,17642,jpeg,0.0508573055267334
1778635777.8818004,24.659358501434326,492,17674,jpeg,0.050966501235961914
1778635777.9302742,24.70783233642578,493,17669,jpeg,0.04847383499145508
1778635777.9762957,24.753853797912598,494,17675,jpeg,0.046021461486816406
1778635778.0264108,24.803968906402588,495,17675,jpeg,0.050115108489990234
1778635778.0783994,24.855957508087158,496,17715,jpeg,0.05198860168457031
1778635778.1263435,24.90390157699585,497,17701,jpeg,0.047944068908691406
1778635778.181172,24.9587299823761,498,17688,jpeg,0.05482840538024902
1778635778.2283137,25.005871772766113,499,17659,jpeg,0.04714179039001465
1778635778.2763183,25.053876399993896,500,17673,jpeg,0.0480046272277832
1778635778.3292048,25.106762886047363,501,17693,jpeg,0.0528864860534668
1778635778.381878,25.159435987472534,502,17679,jpeg,0.0526731014251709
1778635778.4258473,25.203405380249023,503,17669,jpeg,0.04396939277648926
1778635778.4796286,25.25718665122986,504,17676,jpeg,0.05378127098083496
1778635778.5287454,25.30630350112915,505,17666,jpeg,0.04911684989929199
1778635778.577111,25.354669094085693,506,17708,jpeg,0.04836559295654297
1778635778.629683,25.407241106033325,507,17714,jpeg,0.052572011947631836
1778635778.681075,25.458633184432983,508,17757,jpeg,0.0513920783996582
1778635778.726458,25.504016160964966,509,17782,jpeg,0.04538297653198242
1778635778.7804096,25.55796766281128,510,17691,jpeg,0.05395150184631348
1778635778.8252392,25.602797269821167,511,16067,jpeg,0.044829607009887695
1778635778.877308,25.654865980148315,512,15224,jpeg,0.05206871032714844
1778635778.9277446,25.705302715301514,513,15900,jpeg,0.05043673515319824
1778635778.9762535,25.753811597824097,514,15839,jpeg,0.04850888252258301
1778635779.0278606,25.805418729782104,515,16367,jpeg,0.05160713195800781
1778635779.0786257,25.856183767318726,516,16784,jpeg,0.050765037536621094
1778635779.126179,25.90373706817627,517,16558,jpeg,0.047553300857543945
1778635779.177404,25.954962015151978,518,17404,jpeg,0.05122494697570801
1778635779.2321723,26.009730339050293,519,17162,jpeg,0.05476832389831543
1778635779.276712,26.054270029067993,520,15226,jpeg,0.044539690017700195
1778635779.3292172,26.106775283813477,521,16270,jpeg,0.0525052547454834
1778635779.3758209,26.15337896347046,522,16210,jpeg,0.04660367965698242
1778635779.4279044,26.20546245574951,523,16491,jpeg,0.052083492279052734
1778635779.476587,26.25414514541626,524,16152,jpeg,0.04868268966674805
1778635779.527808,26.305366039276123,525,16107,jpeg,0.05122089385986328
1778635779.5800087,26.357566833496094,526,16024,jpeg,0.0522007942199707
1778635779.626937,26.404495000839233,527,16365,jpeg,0.04692816734313965
1778635779.6781535,26.455711603164673,528,16311,jpeg,0.05121660232543945
1778635779.729941,26.50749897956848,529,15950,jpeg,0.051787376403808594
1778635779.7827952,26.56035327911377,530,16220,jpeg,0.052854299545288086
1778635779.828432,26.605990171432495,531,15762,jpeg,0.045636892318725586
1778635779.8768218,26.654379844665527,532,15817,jpeg,0.04838967323303223
1778635779.9293175,26.706875562667847,533,15531,jpeg,0.052495718002319336
1778635779.978534,26.756092071533203,534,14791,jpeg,0.049216508865356445
1778635780.0331838,26.810741901397705,535,14495,jpeg,0.05464982986450195
1778635780.075245,26.852802991867065,536,14776,jpeg,0.04206109046936035
1778635780.128473,26.906031131744385,537,14532,jpeg,0.053228139877319336
1778635780.176998,26.954555988311768,538,14256,jpeg,0.04852485656738281
1778635780.2266238,27.00418186187744,539,14420,jpeg,0.04962587356567383
1778635780.2763002,27.053858280181885,540,14364,jpeg,0.04967641830444336
1778635780.3280125,27.105570554733276,541,14427,jpeg,0.0517122745513916
1778635780.3758042,27.153362274169922,542,14660,jpeg,0.04779171943664551
1778635780.434673,27.212231159210205,543,14705,jpeg,0.0588688850402832
1778635780.4750593,27.252617359161377,544,14420,jpeg,0.040386199951171875
1778635780.5253878,27.302945852279663,545,14030,jpeg,0.05032849311828613
1778635780.5786624,27.356220483779907,546,13459,jpeg,0.05327463150024414
1778635780.6247406,27.40229868888855,547,13623,jpeg,0.04607820510864258
1778635780.6781056,27.455663681030273,548,14298,jpeg,0.05336499214172363
1778635780.730036,27.507594108581543,549,14791,jpeg,0.05193042755126953
1778635780.7740464,27.551604509353638,550,14556,jpeg,0.04401040077209473
1778635780.822503,27.600061178207397,551,13401,jpeg,0.048456668853759766
1778635780.8748448,27.652402877807617,552,14225,jpeg,0.05234169960021973
1778635780.9247174,27.70227551460266,553,14588,jpeg,0.049872636795043945
1778635780.9729033,27.75046133995056,554,14772,jpeg,0.04818582534790039
1778635781.027181,27.804738998413086,555,15568,jpeg,0.054277658462524414
1778635781.0748713,27.852429389953613,556,15717,jpeg,0.047690391540527344
1778635781.1231713,27.900729417800903,557,15701,jpeg,0.04830002784729004
1778635781.1753554,27.952913522720337,558,15618,jpeg,0.052184104919433594
1778635781.224313,28.00187110900879,559,15649,jpeg,0.04895758628845215
1778635781.2725143,28.05007243156433,560,15382,jpeg,0.04820132255554199
1778635781.3246644,28.102222442626953,561,15807,jpeg,0.05215001106262207
1778635781.3740387,28.151596784591675,562,15369,jpeg,0.04937434196472168
1778635781.4287446,28.206302642822266,563,15079,jpeg,0.05470585823059082
1778635781.4783416,28.255899667739868,564,16165,jpeg,0.04959702491760254
1778635781.5239224,28.301480531692505,565,15782,jpeg,0.04558086395263672
1778635781.5779862,28.355544328689575,566,15797,jpeg,0.05406379699707031
1778635781.6288905,28.40644860267639,567,15950,jpeg,0.050904273986816406
1778635781.6736796,28.451237678527832,568,15572,jpeg,0.04478907585144043
1778635781.7246447,28.50220274925232,569,14846,jpeg,0.050965070724487305
1778635781.7753823,28.552940368652344,570,15394,jpeg,0.050737619400024414
1778635781.8236284,28.601186513900757,571,16472,jpeg,0.048246145248413086
1778635781.8774536,28.655011653900146,572,15851,jpeg,0.05382513999938965
1778635781.9244137,28.701971769332886,573,14576,jpeg,0.04696011543273926
1778635781.9757338,28.753291845321655,574,14421,jpeg,0.05132007598876953
1778635782.024562,28.802119970321655,575,14946,jpeg,0.048828125
1778635782.0780158,28.855573892593384,576,15885,jpeg,0.053453922271728516
1778635782.125915,28.903473138809204,577,16374,jpeg,0.04789924621582031
1778635782.1793659,28.956923961639404,578,16177,jpeg,0.053450822830200195
1778635782.2285004,29.00605845451355,579,14916,jpeg,0.04913449287414551
1778635782.2765431,29.05410122871399,580,15929,jpeg,0.04804277420043945
1778635782.3237693,29.101327419281006,581,15886,jpeg,0.0472261905670166
1778635782.3797522,29.157310247421265,582,15906,jpeg,0.05598282814025879
1778635782.428509,29.206067085266113,583,15552,jpeg,0.04875683784484863
1778635782.4801252,29.257683277130127,584,14790,jpeg,0.05161619186401367
1778635782.528966,29.30652403831482,585,13974,jpeg,0.04884076118469238
1778635782.572093,29.349651098251343,586,13568,jpeg,0.04312705993652344
1778635782.6214128,29.39897084236145,587,13940,jpeg,0.04931974411010742
1778635782.679829,29.45738697052002,588,13699,jpeg,0.058416128158569336
1778635782.724297,29.50185513496399,589,13775,jpeg,0.04446816444396973
1778635782.7736375,29.55119562149048,590,14573,jpeg,0.04934048652648926
1778635782.827935,29.60549306869507,591,15041,jpeg,0.054297447204589844
1778635782.8773313,29.654889345169067,592,15487,jpeg,0.04939627647399902
1778635782.9237742,29.701332330703735,593,15881,jpeg,0.04644298553466797
1778635782.9792392,29.756797313690186,594,16266,jpeg,0.055464982986450195
1778635783.0283325,29.805890560150146,595,16448,jpeg,0.04909324645996094
1778635783.0733798,29.850937843322754,596,16466,jpeg,0.04504728317260742
1778635783.1234884,29.90104651451111,597,16916,jpeg,0.05010867118835449
1778635783.1734827,29.951040744781494,598,16973,jpeg,0.04999423027038574
1778635783.2250113,30.002569437026978,599,17278,jpeg,0.0515286922454834
1778635783.27556,30.053117990493774,600,17312,jpeg,0.050548553466796875
1778635783.32478,30.102338075637817,601,16509,jpeg,0.04922008514404297
1778635783.374298,30.151856184005737,602,17024,jpeg,0.04951810836791992
1778635783.4248338,30.202391862869263,603,17062,jpeg,0.05053567886352539
1778635783.4769006,30.25445866584778,604,17037,jpeg,0.052066802978515625
1778635783.5233178,30.300875902175903,605,14051,jpeg,0.046417236328125
1778635783.574041,30.351598978042603,606,13231,jpeg,0.05072307586669922
1778635783.6204488,30.398006916046143,607,13322,jpeg,0.04640793800354004
1778635783.6725295,30.450087547302246,608,14058,jpeg,0.052080631256103516
1778635783.726238,30.503796100616455,609,14385,jpeg,0.053708553314208984
1778635783.9369707,30.714528799057007,610,14197,jpeg,0.21073269844055176
1778635783.9453065,30.722864627838135,611,14241,jpeg,0.00833582878112793
1778635783.9500048,30.72756290435791,612,14274,jpeg,0.004698276519775391
1778635783.9547973,30.73235535621643,613,14839,jpeg,0.004792451858520508
1778635783.9713318,30.748889923095703,614,15233,jpeg,0.01653456687927246
1778635784.025119,30.802677154541016,615,15997,jpeg,0.0537872314453125
1778635784.0715866,30.84914469718933,616,16813,jpeg,0.04646754264831543
1778635784.1256073,30.903165340423584,617,16943,jpeg,0.05402064323425293
1778635784.1748133,30.95237135887146,618,16086,jpeg,0.04920601844787598
1778635784.2294822,31.00704026222229,619,16690,jpeg,0.05466890335083008
1778635784.2876399,31.065197944641113,620,16580,jpeg,0.05815768241882324
1778635784.3316038,31.109161853790283,621,16809,jpeg,0.04396390914916992
1778635784.3724103,31.14996838569641,622,16523,jpeg,0.04080653190612793
1778635784.4258106,31.203368663787842,623,15831,jpeg,0.053400278091430664
1778635784.4764068,31.25396490097046,624,16232,jpeg,0.05059623718261719
1778635784.5230904,31.30064845085144,625,16175,jpeg,0.046683549880981445
1778635784.5725038,31.350061893463135,626,15956,jpeg,0.049413442611694336
1778635784.6270819,31.404639959335327,627,15243,jpeg,0.05457806587219238
1778635784.6732671,31.450825214385986,628,15169,jpeg,0.04618525505065918
1778635784.7226388,31.500196933746338,629,15472,jpeg,0.04937171936035156
1778635784.7766397,31.554197788238525,630,15298,jpeg,0.0540008544921875
1778635784.8233628,31.600920915603638,631,15574,jpeg,0.046723127365112305
1778635784.8726165,31.650174617767334,632,15575,jpeg,0.04925370216369629
1778635784.924718,31.70227599143982,633,15600,jpeg,0.05210137367248535
1778635784.9731848,31.75074291229248,634,15415,jpeg,0.04846692085266113
1778635785.026695,31.804253101348877,635,15106,jpeg,0.053510189056396484
1778635785.0745134,31.852071523666382,636,15381,jpeg,0.04781842231750488
1778635785.1226544,31.90021252632141,637,15452,jpeg,0.0481410026550293
1778635785.1709876,31.948545694351196,638,14682,jpeg,0.048333168029785156
1778635785.2236211,32.001179218292236,639,14527,jpeg,0.05263352394104004
1778635785.2723475,32.04990553855896,640,14438,jpeg,0.04872632026672363
1778635785.320515,32.09807300567627,641,14627,jpeg,0.04816746711730957
1778635785.3732452,32.150803327560425,642,14484,jpeg,0.05273032188415527
1778635785.4219625,32.19952058792114,643,14516,jpeg,0.04871726036071777
1778635785.4725068,32.250064849853516,644,14510,jpeg,0.05054426193237305
1778635785.5274975,32.30505561828613,645,14075,jpeg,0.05499076843261719
1778635785.5710104,32.34856843948364,646,13931,jpeg,0.043512821197509766
1778635785.6279263,32.405484437942505,647,15138,jpeg,0.056915998458862305
1778635785.6878316,32.46538972854614,648,15110,jpeg,0.059905290603637695
1778635785.7201078,32.497665882110596,649,14837,jpeg,0.032276153564453125
1778635785.7779543,32.55551242828369,650,15061,jpeg,0.0578465461730957
1778635785.8250084,32.6025664806366,651,15272,jpeg,0.04705405235290527
1778635785.872792,32.65035009384155,652,15276,jpeg,0.047783613204956055
1778635785.923312,32.70087003707886,653,15091,jpeg,0.05051994323730469
1778635785.9862597,32.76381778717041,654,15598,jpeg,0.06294775009155273
1778635786.024542,32.80210018157959,655,15613,jpeg,0.03828239440917969
1778635786.072057,32.8496150970459,656,14139,jpeg,0.047514915466308594
1778635786.1265135,32.90407156944275,657,14150,jpeg,0.054456472396850586
1778635786.1753902,32.952948331832886,658,14512,jpeg,0.04887676239013672
1778635786.2232242,33.00078225135803,659,14290,jpeg,0.047833919525146484
1778635786.2783833,33.055941343307495,660,14879,jpeg,0.05515909194946289
1778635786.3247278,33.102285861968994,661,14507,jpeg,0.04634451866149902
1778635786.3731809,33.15073895454407,662,15426,jpeg,0.04845309257507324
1778635786.42868,33.20623803138733,663,15430,jpeg,0.05549907684326172
1778635786.4759016,33.25345969200134,664,14899,jpeg,0.04722166061401367
1778635786.5219572,33.29951524734497,665,15621,jpeg,0.04605555534362793
1778635786.5849276,33.36248564720154,666,16338,jpeg,0.06297039985656738
1778635786.622656,33.400214195251465,667,15383,jpeg,0.03772854804992676
1778635786.678243,33.455801010131836,668,14978,jpeg,0.055586814880371094
1778635786.7252328,33.50279092788696,669,14259,jpeg,0.04698991775512695
1778635786.7719223,33.54948043823242,670,13865,jpeg,0.046689510345458984
1778635786.820449,33.59800720214844,671,14385,jpeg,0.048526763916015625
1778635786.8766284,33.654186487197876,672,13446,jpeg,0.05617928504943848
1778635786.9212234,33.69878149032593,673,14058,jpeg,0.04459500312805176
1778635786.9734445,33.75100255012512,674,14340,jpeg,0.052221059799194336
1778635787.0219924,33.79955053329468,675,14709,jpeg,0.048547983169555664
1778635787.0720332,33.84959125518799,676,16206,jpeg,0.05004072189331055
1778635787.124258,33.90181612968445,677,16154,jpeg,0.05222487449645996
1778635787.1786265,33.95618462562561,678,16200,jpeg,0.05436849594116211
1778635787.2227607,34.00031876564026,679,16575,jpeg,0.04413414001464844
1778635787.2756171,34.05317521095276,680,16323,jpeg,0.0528564453125
1778635787.3246787,34.1022367477417,681,15621,jpeg,0.04906153678894043
1778635787.3720055,34.1495635509491,682,15303,jpeg,0.04732680320739746
1778635787.4262035,34.2037615776062,683,15910,jpeg,0.05419802665710449
1778635787.475612,34.253170013427734,684,14660,jpeg,0.0494084358215332
1778635787.520954,34.29851198196411,685,14899,jpeg,0.04534196853637695
1778635787.5707736,34.348331689834595,686,14434,jpeg,0.0498197078704834
1778635787.623535,34.40109300613403,687,14313,jpeg,0.05276131629943848
1778635787.6698718,34.447429895401,688,13717,jpeg,0.04633688926696777
1778635787.7204835,34.49804162979126,689,14162,jpeg,0.05061173439025879
1778635787.773198,34.550755977630615,690,14894,jpeg,0.05271434783935547
1778635787.8221607,34.59971880912781,691,15274,jpeg,0.04896283149719238
1778635787.8723993,34.64995741844177,692,14897,jpeg,0.050238609313964844
1778635787.9272752,34.70483326911926,693,15376,jpeg,0.054875850677490234
1778635787.9724422,34.75000023841858,694,15415,jpeg,0.045166969299316406
1778635788.0224695,34.80002760887146,695,15399,jpeg,0.05002737045288086
1778635788.0774286,34.85498666763306,696,15375,jpeg,0.05495905876159668
1778635788.122693,34.900251150131226,697,16276,jpeg,0.045264482498168945
1778635788.1718953,34.949453353881836,698,16061,jpeg,0.04920220375061035
1778635788.2271886,35.00474667549133,699,15836,jpeg,0.05529332160949707
1778635788.271528,35.04908609390259,700,15519,jpeg,0.04433941841125488
1778635788.3332675,35.110825538635254,701,15676,jpeg,0.061739444732666016
1778635788.375386,35.15294408798218,702,16449,jpeg,0.04211854934692383
1778635788.4271252,35.20468330383301,703,15725,jpeg,0.05173921585083008
1778635788.4698539,35.24741196632385,704,14147,jpeg,0.04272866249084473
1778635788.530197,35.30775499343872,705,14924,jpeg,0.060343027114868164
1778635788.578218,35.35577607154846,706,15016,jpeg,0.04802107810974121
1778635788.625214,35.402772188186646,707,16038,jpeg,0.046996116638183594
1778635788.6806448,35.458202838897705,708,16519,jpeg,0.05543065071105957
1778635788.7290418,35.50659990310669,709,15562,jpeg,0.048397064208984375
1778635788.7689779,35.54653596878052,710,14701,jpeg,0.039936065673828125
1778635788.8278027,35.60536074638367,711,15036,jpeg,0.058824777603149414
1778635788.8710349,35.648592948913574,712,15414,jpeg,0.04323220252990723
1778635788.9199467,35.69750475883484,713,15278,jpeg,0.04891180992126465
1778635788.973175,35.75073313713074,714,14869,jpeg,0.05322837829589844
1778635789.0215197,35.79907774925232,715,15145,jpeg,0.04834461212158203
1778635789.0703478,35.84790587425232,716,15458,jpeg,0.048828125
1778635789.1229997,35.90055775642395,717,15209,jpeg,0.05265188217163086
1778635789.171306,35.9488639831543,718,15117,jpeg,0.04830622673034668
1778635789.2200031,35.99756121635437,719,15377,jpeg,0.04869723320007324
1778635789.2732573,36.05081534385681,720,15667,jpeg,0.053254127502441406
1778635789.3209538,36.098511934280396,721,15278,jpeg,0.047696590423583984
1778635789.3715847,36.14914274215698,722,15349,jpeg,0.050630807876586914
1778635789.4244893,36.20204734802246,723,15805,jpeg,0.052904605865478516
1778635789.4756203,36.253178358078,724,16017,jpeg,0.05113101005554199
1778635789.5232835,36.30084156990051,725,15639,jpeg,0.047663211822509766
1778635789.5797863,36.35734438896179,726,15782,jpeg,0.0565028190612793
1778635789.6266792,36.404237270355225,727,15785,jpeg,0.04689288139343262
1778635789.6730392,36.450597286224365,728,15218,jpeg,0.046360015869140625
1778635789.7251916,36.50274968147278,729,15591,jpeg,0.052152395248413086
1778635789.7704751,36.548033237457275,730,14691,jpeg,0.04528355598449707
1778635789.8248832,36.60244131088257,731,15321,jpeg,0.05440807342529297
1778635789.8781066,36.655664682388306,732,15618,jpeg,0.053223371505737305
1778635789.9241796,36.70173764228821,733,15610,jpeg,0.046072959899902344
1778635789.9744294,36.75198745727539,734,16198,jpeg,0.05024981498718262
1778635790.027118,36.8046760559082,735,15949,jpeg,0.0526885986328125
1778635790.0763621,36.853920221328735,736,16016,jpeg,0.04924416542053223
1778635790.1254287,36.90298676490784,737,16719,jpeg,0.04906654357910156
1778635790.1766937,36.954251766204834,738,15651,jpeg,0.05126500129699707
1778635790.2249467,37.00250482559204,739,15343,jpeg,0.04825305938720703
1778635790.2723272,37.049885272979736,740,15826,jpeg,0.04738044738769531
1778635790.3324237,37.10998177528381,741,16397,jpeg,0.06009650230407715
1778635790.3754082,37.152966260910034,742,16227,jpeg,0.0429844856262207
1778635790.424379,37.201937198638916,743,16179,jpeg,0.048970937728881836
1778635790.47684,37.25439810752869,744,16221,jpeg,0.05246090888977051
1778635790.5242565,37.301814556121826,745,15620,jpeg,0.04741644859313965
1778635790.5758357,37.35339379310608,746,15948,jpeg,0.05157923698425293
1778635790.625167,37.40272498130798,747,16609,jpeg,0.0493311882019043
1778635790.6723278,37.449885845184326,748,16495,jpeg,0.04716086387634277
1778635790.7250295,37.50258755683899,749,15720,jpeg,0.052701711654663086
1778635790.7796447,37.55720281600952,750,16579,jpeg,0.05461525917053223
1778635790.8228269,37.60038495063782,751,16056,jpeg,0.0431821346282959
1778635790.880725,37.658282995224,752,16076,jpeg,0.05789804458618164
1778635790.9239056,37.70146369934082,753,15790,jpeg,0.04318070411682129
1778635790.9708583,37.74841642379761,754,16086,jpeg,0.04695272445678711
1778635791.0214257,37.79898381233215,755,15965,jpeg,0.0505673885345459
1778635791.0739002,37.85145831108093,756,15301,jpeg,0.0524744987487793
1778635791.1212072,37.898765325546265,757,15200,jpeg,0.04730701446533203
1778635791.1703436,37.94790172576904,758,15905,jpeg,0.04913640022277832
1778635791.2273068,38.00486493110657,759,15960,jpeg,0.056963205337524414
1778635791.270366,38.04792404174805,760,15382,jpeg,0.04305911064147949
1778635791.3208802,38.09843826293945,761,15724,jpeg,0.05051422119140625
1778635791.376763,38.15432119369507,762,15828,jpeg,0.055882930755615234
1778635791.421441,38.19899916648865,763,15451,jpeg,0.0446779727935791
1778635791.4804592,38.25801730155945,764,15348,jpeg,0.05901813507080078
1778635791.5263176,38.30387568473816,765,13734,jpeg,0.04585838317871094
1778635791.5721366,38.34969472885132,766,14770,jpeg,0.04581904411315918
1778635791.6207879,38.398345947265625,767,14550,jpeg,0.04865121841430664
1778635791.675697,38.45325517654419,768,14588,jpeg,0.05490922927856445
1778635791.721824,38.49938201904297,769,14852,jpeg,0.0461268424987793
1778635791.7708592,38.54841732978821,770,14972,jpeg,0.04903531074523926
1778635791.8212237,38.59878182411194,771,14843,jpeg,0.05036449432373047
1778635791.8710277,38.6485857963562,772,15233,jpeg,0.049803972244262695
1778635791.9195852,38.69714331626892,773,14710,jpeg,0.04855751991271973
1778635791.9768615,38.754419565200806,774,16292,jpeg,0.057276248931884766
1778635792.023776,38.80133414268494,775,16841,jpeg,0.04691457748413086
1778635792.07036,38.84791803359985,776,15700,jpeg,0.04658389091491699
1778635792.1296444,38.90720248222351,777,15439,jpeg,0.05928444862365723
1778635792.1712713,38.94882941246033,778,14889,jpeg,0.041626930236816406
1778635792.2286296,39.00618767738342,779,15758,jpeg,0.0573582649230957
1778635792.2758477,39.05340576171875,780,16359,jpeg,0.04721808433532715
1778635792.322803,39.10036110877991,781,16381,jpeg,0.04695534706115723
1778635792.3759127,39.15347075462341,782,16865,jpeg,0.05310964584350586
1778635792.4252195,39.20277762413025,783,16864,jpeg,0.04930686950683594
1778635792.4724712,39.25002932548523,784,17406,jpeg,0.04725170135498047
1778635792.526134,39.30369210243225,785,17492,jpeg,0.053662776947021484
1778635792.575194,39.35275197029114,786,16439,jpeg,0.04905986785888672
1778635792.6267283,39.40428638458252,787,17166,jpeg,0.051534414291381836
1778635792.6846645,39.46222257614136,788,16848,jpeg,0.05793619155883789
1778635792.727897,39.505455017089844,789,16604,jpeg,0.04323244094848633
1778635792.7697468,39.54730486869812,790,17037,jpeg,0.04184985160827637
1778635792.827185,39.604743003845215,791,16403,jpeg,0.05743813514709473
1778635792.8748746,39.652432680130005,792,17012,jpeg,0.04768967628479004
1778635792.9256034,39.7031614780426,793,16107,jpeg,0.050728797912597656
1778635792.971103,39.748661041259766,794,16391,jpeg,0.045499563217163086
1778635793.0285954,39.806153535842896,795,17135,jpeg,0.05749249458312988
1778635793.0738459,39.8514039516449,796,16753,jpeg,0.04525041580200195
1778635793.121455,39.89901304244995,797,15966,jpeg,0.04760909080505371
1778635793.1779566,39.955514669418335,798,16722,jpeg,0.05650162696838379
1778635793.223047,40.00060510635376,799,16256,jpeg,0.045090436935424805
1778635793.271389,40.04894709587097,800,16679,jpeg,0.048341989517211914
1778635793.3234403,40.100998401641846,801,16825,jpeg,0.05205130577087402
1778635793.372969,40.150527000427246,802,16477,jpeg,0.04952859878540039
1778635793.4219756,40.19953370094299,803,16935,jpeg,0.04900670051574707
1778635793.4732924,40.250850439071655,804,17152,jpeg,0.05131673812866211
1778635793.525321,40.302879095077515,805,16628,jpeg,0.052028656005859375
1778635793.5758333,40.35339140892029,806,16379,jpeg,0.05051231384277344
1778635793.6235425,40.401100635528564,807,16998,jpeg,0.04770922660827637
1778635793.674273,40.451831102371216,808,16520,jpeg,0.05073046684265137
1778635793.7271557,40.50471377372742,809,16233,jpeg,0.05288267135620117
1778635793.7754993,40.55305743217468,810,16461,jpeg,0.048343658447265625
1778635793.8248663,40.60242438316345,811,14792,jpeg,0.04936695098876953
1778635793.875161,40.652719020843506,812,15775,jpeg,0.05029463768005371
1778635793.9240808,40.70163893699646,813,14848,jpeg,0.0489199161529541
1778635793.9698575,40.74741554260254,814,14593,jpeg,0.0457766056060791
1778635794.0196042,40.79716229438782,815,14127,jpeg,0.04974675178527832
1778635794.0737886,40.85134673118591,816,14474,jpeg,0.0541844367980957
1778635794.1197944,40.89735245704651,817,14365,jpeg,0.0460057258605957
1778635794.169893,40.94745111465454,818,14457,jpeg,0.05009865760803223
1778635794.2245903,41.002148389816284,819,14660,jpeg,0.054697275161743164
1778635794.2699397,41.04749774932861,820,14301,jpeg,0.0453493595123291
1778635794.3204253,41.09798336029053,821,14515,jpeg,0.05048561096191406
1778635794.376975,41.15453314781189,822,13880,jpeg,0.056549787521362305
1778635794.4225442,41.20010232925415,823,13620,jpeg,0.04556918144226074
1778635794.4717762,41.24933433532715,824,13542,jpeg,0.04923200607299805
1778635794.5271883,41.30474638938904,825,13449,jpeg,0.05541205406188965
1778635794.5720205,41.349578619003296,826,13244,jpeg,0.04483222961425781
1778635794.6205888,41.398146867752075,827,13465,jpeg,0.0485682487487793
1778635794.6767411,41.454299211502075,828,13604,jpeg,0.05615234375
1778635794.722324,41.499881982803345,829,13622,jpeg,0.04558277130126953
1778635794.774473,41.55203104019165,830,13834,jpeg,0.052149057388305664
1778635794.8211834,41.59874153137207,831,13665,jpeg,0.04671049118041992
1778635794.8717797,41.64933776855469,832,13195,jpeg,0.05059623718261719
1778635794.9194136,41.69697165489197,833,13191,jpeg,0.04763388633728027
1778635794.9739904,41.751548528671265,834,13135,jpeg,0.054576873779296875
1778635795.0247805,41.80233860015869,835,13111,jpeg,0.05079007148742676
1778635795.069364,41.846922159194946,836,13047,jpeg,0.04458355903625488
1778635795.1225035,41.90006160736084,837,13452,jpeg,0.053139448165893555
1778635795.1696622,41.94722032546997,838,13419,jpeg,0.04715871810913086
1778635795.21913,41.9966881275177,839,12737,jpeg,0.04946780204772949
1778635795.2714934,42.04905152320862,840,12336,jpeg,0.05236339569091797
1778635795.3188052,42.09636330604553,841,12149,jpeg,0.04731178283691406
1778635795.3689883,42.146546363830566,842,12494,jpeg,0.05018305778503418
1778635795.4203196,42.197877645492554,843,12135,jpeg,0.051331281661987305
1778635795.4693537,42.2469117641449,844,12116,jpeg,0.04903411865234375
1778635795.5183506,42.2959086894989,845,12087,jpeg,0.048996925354003906
1778635795.570104,42.3476619720459,846,12328,jpeg,0.05175328254699707
1778635795.6193123,42.396870374679565,847,12320,jpeg,0.04920840263366699
1778635795.6688607,42.44641876220703,848,12555,jpeg,0.04954838752746582
1778635795.7209327,42.49849081039429,849,12710,jpeg,0.05207204818725586
1778635795.7693183,42.546876430511475,850,12903,jpeg,0.0483856201171875
1778635795.8183556,42.59591364860535,851,12819,jpeg,0.04903721809387207
1778635795.8708096,42.64836764335632,852,12923,jpeg,0.05245399475097656
1778635795.919598,42.69715619087219,853,12827,jpeg,0.04878854751586914
1778635795.969807,42.74736499786377,854,12743,jpeg,0.05020880699157715
1778635796.0254266,42.80298471450806,855,12562,jpeg,0.05561971664428711
1778635796.0702322,42.847790241241455,856,12427,jpeg,0.04480552673339844
1778635796.1189451,42.89650321006775,857,12547,jpeg,0.048712968826293945
1778635796.1727839,42.95034193992615,858,12381,jpeg,0.05383872985839844
1778635796.2196465,42.997204542160034,859,12223,jpeg,0.04686260223388672
1778635796.2674582,43.045016288757324,860,12271,jpeg,0.04781174659729004
1778635796.3204215,43.09797954559326,861,12103,jpeg,0.0529632568359375
1778635796.3696382,43.1471962928772,862,12269,jpeg,0.04921674728393555
1778635796.42325,43.20080804824829,863,11949,jpeg,0.05361175537109375
1778635796.4707115,43.24826955795288,864,11955,jpeg,0.047461509704589844
1778635796.5186682,43.296226263046265,865,12438,jpeg,0.04795670509338379
1778635796.5689902,43.346548318862915,866,12480,jpeg,0.05032205581665039
1778635796.6226509,43.400208950042725,867,12495,jpeg,0.05366063117980957
1778635796.670939,43.44849705696106,868,12958,jpeg,0.04828810691833496
1778635796.7201068,43.49766492843628,869,12930,jpeg,0.04916787147521973
1778635796.770397,43.54795503616333,870,13011,jpeg,0.05029010772705078
1778635796.8216767,43.59923481941223,871,12695,jpeg,0.05127978324890137
1778635796.872056,43.649614095687866,872,12750,jpeg,0.050379276275634766
1778635796.9261308,43.703688859939575,873,13023,jpeg,0.054074764251708984
1778635796.971033,43.74859118461609,874,12637,jpeg,0.04490232467651367
1778635797.0224934,43.80005145072937,875,12520,jpeg,0.05146026611328125
1778635797.071619,43.84917712211609,876,12493,jpeg,0.04912567138671875
1778635797.1222384,43.89979648590088,877,12321,jpeg,0.05061936378479004
1778635797.1712806,43.94883871078491,878,11975,jpeg,0.0490422248840332
1778635797.2248921,44.00245022773743,879,11712,jpeg,0.05361151695251465
1778635797.271912,44.04947018623352,880,11814,jpeg,0.04701995849609375
1778635797.5010812,44.27863931655884,881,11935,jpeg,0.22916913032531738
1778635797.5049183,44.2824764251709,882,11858,jpeg,0.003837108612060547
1778635797.508862,44.28642010688782,883,11845,jpeg,0.003943681716918945
1778635797.5138354,44.291393518447876,884,12218,jpeg,0.004973411560058594
1778635797.5457945,44.323352575302124,885,12300,jpeg,0.03195905685424805
1778635797.5728583,44.35041642189026,886,12593,jpeg,0.027063846588134766
1778635797.6177433,44.3953013420105,887,12760,jpeg,0.04488492012023926
1778635797.6690857,44.4466438293457,888,13022,jpeg,0.05134248733520508
1778635797.7212903,44.49884843826294,889,12941,jpeg,0.05220460891723633
1778635797.767852,44.54541015625,890,13131,jpeg,0.04656171798706055
1778635797.820532,44.598090171813965,891,13248,jpeg,0.052680015563964844
1778635797.8703368,44.647894859313965,892,13559,jpeg,0.0498046875
1778635797.918438,44.695996046066284,893,13945,jpeg,0.048101186752319336
1778635797.969861,44.747419118881226,894,14022,jpeg,0.051423072814941406
1778635798.0199745,44.79753255844116,895,14582,jpeg,0.05011343955993652
1778635798.0696,44.84715819358826,896,14309,jpeg,0.04962563514709473
1778635798.1270425,44.904600620269775,897,14418,jpeg,0.057442426681518555
1778635798.1696725,44.94723057746887,898,14444,jpeg,0.04262995719909668
1778635798.2738163,45.051374435424805,899,14768,jpeg,0.10414385795593262
1778635798.320423,45.097980976104736,900,15107,jpeg,0.04660654067993164
1778635798.3694575,45.14701557159424,901,15027,jpeg,0.04903459548950195
1778635798.4258022,45.20336031913757,902,14691,jpeg,0.05634474754333496
1778635798.4700928,45.24765086174011,903,14700,jpeg,0.04429054260253906
1778635798.5186255,45.296183586120605,904,14970,jpeg,0.048532724380493164
1778635798.569509,45.34706711769104,905,15128,jpeg,0.05088353157043457
1778635798.6210005,45.398558616638184,906,15262,jpeg,0.051491498947143555
1778635798.6701899,45.44774794578552,907,15242,jpeg,0.04918932914733887
1778635798.7206519,45.498209953308105,908,15152,jpeg,0.05046200752258301
1778635798.7755668,45.55312490463257,909,15114,jpeg,0.05491495132446289
1778635798.8202326,45.59779071807861,910,14962,jpeg,0.04466581344604492
1778635798.8731654,45.650723457336426,911,15035,jpeg,0.0529327392578125
1778635798.9257154,45.70327353477478,912,15092,jpeg,0.05255007743835449
1778635798.9734774,45.75103545188904,913,15124,jpeg,0.04776191711425781
1778635799.0275788,45.805136919021606,914,15070,jpeg,0.05410146713256836
1778635799.0780337,45.855591773986816,915,15021,jpeg,0.05045485496520996
1778635799.1169884,45.89454650878906,916,15018,jpeg,0.038954734802246094
1778635799.170942,45.94850015640259,917,15075,jpeg,0.05395364761352539
1778635799.217489,45.995047092437744,918,15231,jpeg,0.04654693603515625
1778635799.276033,46.05359101295471,919,15241,jpeg,0.05854392051696777
1778635799.3207133,46.09827136993408,920,15204,jpeg,0.04468035697937012
1778635799.3679967,46.14555478096008,921,15163,jpeg,0.04728341102600098
1778635799.4198122,46.197370290756226,922,15121,jpeg,0.05181550979614258
1778635799.4696805,46.247238636016846,923,14481,jpeg,0.04986834526062012
1778635799.516604,46.2941620349884,924,13003,jpeg,0.04692339897155762
1778635799.5683174,46.34587550163269,925,12986,jpeg,0.05171346664428711
1778635799.6187534,46.39631152153015,926,13329,jpeg,0.05043601989746094
1778635799.6664038,46.44396185874939,927,13228,jpeg,0.04765033721923828
1778635799.7174168,46.494974851608276,928,13203,jpeg,0.05101299285888672
1778635799.7681365,46.54569458961487,929,13463,jpeg,0.0507197380065918
1778635799.817236,46.594794034957886,930,13388,jpeg,0.04909944534301758
1778635799.8661444,46.64370250701904,931,13376,jpeg,0.04890847206115723
1778635799.9187152,46.69627332687378,932,13105,jpeg,0.05257081985473633
1778635799.9679902,46.745548248291016,933,13452,jpeg,0.04927492141723633
1778635800.016014,46.793572187423706,934,14106,jpeg,0.04802393913269043
1778635800.0682764,46.845834493637085,935,14379,jpeg,0.052262306213378906
1778635800.1175442,46.89510226249695,936,14277,jpeg,0.04926776885986328
1778635800.1693258,46.94688391685486,937,14187,jpeg,0.051781654357910156
1778635800.2251189,47.00267696380615,938,14044,jpeg,0.055793046951293945
1778635800.2702684,47.047826528549194,939,14314,jpeg,0.04514956474304199
1778635800.3196542,47.09721231460571,940,14551,jpeg,0.049385786056518555
1778635800.372031,47.14958906173706,941,14158,jpeg,0.052376747131347656
1778635800.4186602,47.19621825218201,942,13874,jpeg,0.04662919044494629
1778635800.469272,47.246829986572266,943,14673,jpeg,0.05061173439025879
1778635800.52443,47.30198812484741,944,14190,jpeg,0.055158138275146484
1778635800.567455,47.34501314163208,945,14426,jpeg,0.04302501678466797
1778635800.6179402,47.395498275756836,946,13883,jpeg,0.05048513412475586
1778635800.6686077,47.446165800094604,947,13535,jpeg,0.050667524337768555
1778635800.7164936,47.494051694869995,948,13427,jpeg,0.047885894775390625
1778635800.7669208,47.54447889328003,949,13311,jpeg,0.05042719841003418
1778635800.8184516,47.596009731292725,950,13276,jpeg,0.05153083801269531
1778635800.866509,47.64406704902649,951,13301,jpeg,0.04805731773376465
1778635800.9194667,47.69702482223511,952,13620,jpeg,0.052957773208618164
1778635800.9779675,47.75552558898926,953,13699,jpeg,0.05850076675415039
1778635801.0217092,47.799267292022705,954,13629,jpeg,0.043741703033447266
1778635801.0715287,47.84908676147461,955,13704,jpeg,0.0498194694519043
1778635801.1191325,47.89669060707092,956,13777,jpeg,0.04760384559631348
1778635801.1668875,47.94444561004639,957,13716,jpeg,0.04775500297546387
1778635801.2210073,47.998565435409546,958,13954,jpeg,0.05411982536315918
1778635801.2679925,48.04555058479309,959,14064,jpeg,0.04698514938354492
1778635801.3160393,48.093597412109375,960,14077,jpeg,0.04804682731628418
1778635801.3685422,48.14610028266907,961,13940,jpeg,0.05250287055969238
1778635801.418198,48.19575619697571,962,14126,jpeg,0.049655914306640625
1778635801.4675105,48.24506855010986,963,14061,jpeg,0.04931235313415527
1778635801.5168188,48.294376850128174,964,13980,jpeg,0.04930830001831055
1778635801.571588,48.349146127700806,965,13779,jpeg,0.054769277572631836
1778635801.617621,48.39517903327942,966,14027,jpeg,0.04603290557861328
1778635801.6688178,48.44637584686279,967,13934,jpeg,0.05119681358337402
1778635801.7206125,48.498170614242554,968,13633,jpeg,0.05179476737976074
1778635801.765854,48.54341197013855,969,13522,jpeg,0.045241355895996094
1778635801.8173227,48.59488081932068,970,13485,jpeg,0.051468849182128906
1778635801.8721826,48.64974069595337,971,13166,jpeg,0.05485987663269043
1778635801.9157753,48.69333338737488,972,12898,jpeg,0.04359269142150879
1778635801.9663193,48.74387741088867,973,12789,jpeg,0.050544023513793945
1778635802.0168793,48.794437408447266,974,12856,jpeg,0.05055999755859375
1778635802.065374,48.8429319858551,975,12842,jpeg,0.048494577407836914
1778635802.1158226,48.893380641937256,976,12811,jpeg,0.05044865608215332
1778635802.1679323,48.94549036026001,977,12339,jpeg,0.052109718322753906
1778635802.2184546,48.996012687683105,978,12433,jpeg,0.0505223274230957
1778635802.2657828,49.04334092140198,979,12607,jpeg,0.04732823371887207
1778635802.3177278,49.09528589248657,980,12578,jpeg,0.05194497108459473
1778635802.3671243,49.14468240737915,981,12549,jpeg,0.049396514892578125
1778635802.4190454,49.196603536605835,982,12343,jpeg,0.05192112922668457
1778635802.4684942,49.246052265167236,983,12195,jpeg,0.04944872856140137
1778635802.516448,49.29400610923767,984,11997,jpeg,0.04795384407043457
1778635802.567729,49.34528708457947,985,11880,jpeg,0.051280975341796875
1778635802.617815,49.39537310600281,986,11523,jpeg,0.050086021423339844
1778635802.6651504,49.44270849227905,987,11894,jpeg,0.04733538627624512
1778635802.7180672,49.495625257492065,988,12056,jpeg,0.052916765213012695
1778635802.7744548,49.55201292037964,989,12045,jpeg,0.05638766288757324
1778635802.8195524,49.59711050987244,990,11846,jpeg,0.04509758949279785
1778635802.8675368,49.645094871520996,991,11802,jpeg,0.04798436164855957
1778635802.918061,49.695619106292725,992,12011,jpeg,0.050524234771728516
1778635802.9685342,49.746092319488525,993,12082,jpeg,0.05047321319580078
1778635803.0154963,49.7930543422699,994,11905,jpeg,0.04696202278137207
1778635803.0690837,49.84664177894592,995,12114,jpeg,0.05358743667602539
1778635803.1173596,49.894917726516724,996,12366,jpeg,0.04827594757080078
1778635803.170769,49.94832706451416,997,12267,jpeg,0.05340933799743652
1778635803.2193081,49.99686622619629,998,12483,jpeg,0.048539161682128906
1778635803.2685518,50.04610991477966,999,12071,jpeg,0.04924368858337402
1778635803.3163354,50.09389352798462,1000,12311,jpeg,0.047783613204956055
1778635803.3692007,50.146758794784546,1001,12467,jpeg,0.05286526679992676
1778635803.4180508,50.19560885429382,1002,12489,jpeg,0.048850059509277344
1778635803.474017,50.251574993133545,1003,12420,jpeg,0.05596613883972168
1778635803.5186281,50.296186208724976,1004,12221,jpeg,0.044611215591430664
1778635803.568456,50.34601402282715,1005,12420,jpeg,0.04982781410217285
1778635803.6232524,50.4008104801178,1006,12936,jpeg,0.054796457290649414
1778635803.6675003,50.44505834579468,1007,12841,jpeg,0.04424786567687988
1778635803.7170494,50.49460744857788,1008,12693,jpeg,0.049549102783203125
1778635803.7663312,50.54388928413391,1009,12693,jpeg,0.04928183555603027
1778635803.818677,50.596235036849976,1010,12574,jpeg,0.05234575271606445
1778635803.8664672,50.64402532577515,1011,12596,jpeg,0.0477902889251709
1778635803.91752,50.69507813453674,1012,12661,jpeg,0.05105280876159668
1778635803.9665034,50.74406147003174,1013,12691,jpeg,0.04898333549499512
1778635804.015718,50.79327607154846,1014,12692,jpeg,0.04921460151672363
1778635804.0671794,50.84473752975464,1015,12672,jpeg,0.05146145820617676
1778635804.1211789,50.89873695373535,1016,12840,jpeg,0.05399942398071289
1778635804.1673536,50.94491171836853,1017,12790,jpeg,0.04617476463317871
1778635804.2184615,50.9960196018219,1018,13301,jpeg,0.05110788345336914
1778635804.2673852,51.04494333267212,1019,13156,jpeg,0.04892373085021973
1778635804.3173385,51.0948965549469,1020,12884,jpeg,0.04995322227478027
1778635804.3680596,51.145617723464966,1021,12713,jpeg,0.050721168518066406
1778635804.4177353,51.19529342651367,1022,12731,jpeg,0.049675703048706055
1778635804.4667814,51.24433946609497,1023,12966,jpeg,0.04904603958129883
1778635804.517624,51.2951819896698,1024,13006,jpeg,0.0508425235748291
1778635804.5699317,51.34748983383179,1025,12841,jpeg,0.052307844161987305
1778635804.617551,51.39510917663574,1026,12451,jpeg,0.04761934280395508
1778635804.667997,51.445554971694946,1027,12665,jpeg,0.0504457950592041
1778635804.7184997,51.496057748794556,1028,13048,jpeg,0.050502777099609375
1778635804.7656271,51.543185234069824,1029,13068,jpeg,0.047127485275268555
1778635804.820051,51.59760904312134,1030,13373,jpeg,0.05442380905151367
1778635804.8668904,51.64444851875305,1031,13425,jpeg,0.04683947563171387
1778635804.917628,51.695186138153076,1032,13604,jpeg,0.050737619400024414
1778635804.9654891,51.74304723739624,1033,13640,jpeg,0.04786109924316406
1778635805.0172317,51.79478979110718,1034,13663,jpeg,0.0517425537109375
1778635805.0666049,51.844162940979004,1035,13633,jpeg,0.04937314987182617
1778635805.1175697,51.89512777328491,1036,12973,jpeg,0.0509648323059082
1778635805.1673763,51.944934368133545,1037,12829,jpeg,0.04980659484863281
1778635805.220349,51.99790716171265,1038,12761,jpeg,0.05297279357910156
1778635805.2662761,52.04383420944214,1039,13091,jpeg,0.04592704772949219
1778635805.3234582,52.10101628303528,1040,13484,jpeg,0.05718207359313965
1778635805.3649623,52.14252042770386,1041,13533,jpeg,0.0415041446685791
1778635805.4239144,52.20147252082825,1042,13578,jpeg,0.05895209312438965
1778635805.466198,52.24375605583191,1043,13533,jpeg,0.04228353500366211
1778635805.5134664,52.29102444648743,1044,13603,jpeg,0.04726839065551758
1778635805.5669959,52.34455394744873,1045,13609,jpeg,0.05352950096130371
1778635805.6182072,52.39576530456543,1046,13648,jpeg,0.05121135711669922
1778635805.6708963,52.4484543800354,1047,13653,jpeg,0.0526890754699707
1778635805.7183125,52.49587059020996,1048,13690,jpeg,0.04741621017456055
1778635805.7697523,52.54731035232544,1049,13704,jpeg,0.051439762115478516
1778635805.8159897,52.59354782104492,1050,13703,jpeg,0.04623746871948242
1778635805.870115,52.6476731300354,1051,13699,jpeg,0.054125308990478516
1778635805.917696,52.69525408744812,1052,13688,jpeg,0.04758095741271973
1778635805.9676175,52.74517560005188,1053,12914,jpeg,0.049921512603759766
1778635806.0196533,52.79721140861511,1054,12381,jpeg,0.05203580856323242
1778635806.0657313,52.843289375305176,1055,12362,jpeg,0.04607796669006348
1778635806.1165645,52.89412260055542,1056,12277,jpeg,0.05083322525024414
1778635806.1642601,52.94181823730469,1057,12106,jpeg,0.04769563674926758
1778635806.2165556,52.99411368370056,1058,12156,jpeg,0.05229544639587402
1778635806.2648323,53.0423903465271,1059,12475,jpeg,0.048276662826538086
1778635806.3153386,53.092896699905396,1060,12447,jpeg,0.0505063533782959
1778635806.366753,53.14431118965149,1061,12721,jpeg,0.05141448974609375
1778635806.4144151,53.1919732093811,1062,13084,jpeg,0.04766201972961426
1778635806.4646688,53.24222683906555,1063,13359,jpeg,0.05025362968444824
1778635806.5156672,53.29322528839111,1064,13418,jpeg,0.05099844932556152
1778635806.5657723,53.34333038330078,1065,13613,jpeg,0.05010509490966797
1778635806.6150782,53.3926362991333,1066,13837,jpeg,0.04930591583251953
1778635806.6674366,53.44499468803406,1067,13986,jpeg,0.052358388900756836
1778635806.722498,53.50005602836609,1068,14025,jpeg,0.05506134033203125
1778635806.7677298,53.54528784751892,1069,14533,jpeg,0.04523181915283203
1778635806.8249552,53.60251331329346,1070,14634,jpeg,0.05722546577453613
1778635806.8674867,53.645044803619385,1071,14557,jpeg,0.042531490325927734
1778635806.9174743,53.695032358169556,1072,14021,jpeg,0.0499875545501709
1778635806.9711173,53.74867534637451,1073,14161,jpeg,0.053642988204956055
1778635807.0176141,53.79517221450806,1074,13964,jpeg,0.04649686813354492
1778635807.067243,53.84480118751526,1075,14649,jpeg,0.04962897300720215
1778635807.1221635,53.89972162246704,1076,14440,jpeg,0.05492043495178223
1778635807.1688745,53.94643259048462,1077,13444,jpeg,0.046710968017578125
1778635807.218334,53.99589204788208,1078,12527,jpeg,0.04945945739746094
1778635807.267925,54.045483112335205,1079,12168,jpeg,0.049591064453125
1778635807.3145158,54.092073917388916,1080,11856,jpeg,0.04659080505371094
1778635807.370442,54.14800000190735,1081,12651,jpeg,0.05592608451843262
1778635807.416847,54.19440507888794,1082,13213,jpeg,0.04640507698059082
1778635807.4644382,54.24199628829956,1083,13313,jpeg,0.047591209411621094
1778635807.5168269,54.29438495635986,1084,12368,jpeg,0.052388668060302734
1778635807.5670805,54.34463858604431,1085,12389,jpeg,0.05025362968444824
1778635807.6168382,54.39439630508423,1086,12053,jpeg,0.04975771903991699
1778635807.6663563,54.44391441345215,1087,12208,jpeg,0.04951810836791992
1778635807.7160885,54.4936466217041,1088,12283,jpeg,0.049732208251953125
1778635807.765623,54.54318118095398,1089,12193,jpeg,0.04953455924987793
1778635807.8190517,54.59660983085632,1090,12384,jpeg,0.05342864990234375
1778635807.866933,54.64449119567871,1091,12715,jpeg,0.047881364822387695
1778635807.9152358,54.69279384613037,1092,12827,jpeg,0.048302650451660156
1778635807.9650004,54.74255847930908,1093,12982,jpeg,0.04976463317871094
1778635808.0175858,54.795143842697144,1094,12561,jpeg,0.05258536338806152
1778635808.0643456,54.84190368652344,1095,12896,jpeg,0.046759843826293945
1778635808.1141531,54.89171123504639,1096,12909,jpeg,0.04980754852294922
1778635808.1666183,54.94417643547058,1097,12856,jpeg,0.052465200424194336
1778635808.21446,54.99201798439026,1098,12777,jpeg,0.047841548919677734
1778635808.2666647,55.044222831726074,1099,12982,jpeg,0.05220484733581543
1778635808.3154297,55.09298777580261,1100,12922,jpeg,0.048764944076538086
1778635808.3635867,55.14114475250244,1101,12463,jpeg,0.0481569766998291
1778635808.415303,55.19286108016968,1102,12404,jpeg,0.05171632766723633
1778635808.46454,55.24209809303284,1103,12100,jpeg,0.04923701286315918
1778635808.5154312,55.2929892539978,1104,12203,jpeg,0.05089116096496582
1778635808.5643742,55.34193229675293,1105,12259,jpeg,0.04894304275512695
1778635808.614402,55.39196014404297,1106,12508,jpeg,0.05002784729003906
1778635808.6634634,55.44102144241333,1107,12359,jpeg,0.04906129837036133
1778635808.716085,55.493643045425415,1108,12071,jpeg,0.05262160301208496
1778635808.7669272,55.544485330581665,1109,12256,jpeg,0.05084228515625
1778635808.813573,55.59113097190857,1110,11891,jpeg,0.0466456413269043
1778635808.8680387,55.645596742630005,1111,12277,jpeg,0.05446577072143555
1778635808.9181533,55.69571137428284,1112,12591,jpeg,0.05011463165283203
1778635808.9644098,55.74196791648865,1113,11889,jpeg,0.04625654220581055
1778635809.021201,55.79875898361206,1114,11986,jpeg,0.056791067123413086
1778635809.0655422,55.84310030937195,1115,12176,jpeg,0.044341325759887695
1778635809.112446,55.89000415802002,1116,12013,jpeg,0.04690384864807129
1778635809.1667535,55.94431161880493,1117,12159,jpeg,0.05430746078491211
1778635809.2165573,55.994115352630615,1118,12541,jpeg,0.049803733825683594
1778635809.2640197,56.04157781600952,1119,12301,jpeg,0.04746246337890625
1778635809.3164363,56.09399437904358,1120,12293,jpeg,0.05241656303405762
1778635809.3661766,56.14373469352722,1121,12646,jpeg,0.04974031448364258
1778635809.4207845,56.1983425617218,1122,12174,jpeg,0.05460786819458008
1778635809.4648917,56.24244976043701,1123,12037,jpeg,0.04410719871520996
1778635809.5151868,56.292744874954224,1124,12505,jpeg,0.050295114517211914
1778635809.5664713,56.34402942657471,1125,12768,jpeg,0.0512845516204834
1778635809.6160693,56.393627405166626,1126,12153,jpeg,0.049597978591918945
1778635809.6658633,56.443421363830566,1127,12034,jpeg,0.04979395866394043
1778635809.7179353,56.49549341201782,1128,12019,jpeg,0.05207204818725586
1778635809.7654731,56.543031215667725,1129,12095,jpeg,0.047537803649902344
1778635809.8203702,56.597928285598755,1130,12084,jpeg,0.05489706993103027
1778635809.8670254,56.64458346366882,1131,12096,jpeg,0.04665517807006836
1778635809.917095,56.694653034210205,1132,12067,jpeg,0.050069570541381836
1778635809.9708073,56.74836540222168,1133,12399,jpeg,0.05371236801147461
1778635810.0164173,56.79397535324097,1134,12072,jpeg,0.04560995101928711
1778635810.0680568,56.84561491012573,1135,12229,jpeg,0.051639556884765625
1778635810.1194289,56.896986961364746,1136,12160,jpeg,0.05137205123901367
1778635810.1661024,56.943660497665405,1137,12135,jpeg,0.04667353630065918
1778635810.2159283,56.993486404418945,1138,12442,jpeg,0.04982590675354004
1778635810.2750912,57.05264925956726,1139,12256,jpeg,0.05916285514831543
1778635810.3149424,57.09250044822693,1140,12139,jpeg,0.03985118865966797
1778635810.3649824,57.1425404548645,1141,12287,jpeg,0.05004000663757324
1778635810.4148085,57.19236660003662,1142,11999,jpeg,0.04982614517211914
1778635810.4643583,57.24191641807556,1143,11975,jpeg,0.04954981803894043
1778635810.5202432,57.29780125617981,1144,12261,jpeg,0.05588483810424805
1778635810.5627623,57.340320348739624,1145,12000,jpeg,0.04251909255981445
1778635810.6151662,57.39272427558899,1146,12288,jpeg,0.052403926849365234
1778635810.663277,57.44083499908447,1147,12132,jpeg,0.0481107234954834
1778635810.7237391,57.50129723548889,1148,12348,jpeg,0.060462236404418945
1778635810.7642872,57.54184532165527,1149,12323,jpeg,0.040548086166381836
1778635810.8150778,57.59263586997986,1150,12148,jpeg,0.05079054832458496
1778635810.8666523,57.64421033859253,1151,12358,jpeg,0.0515744686126709
1778635810.912462,57.6900200843811,1152,11930,jpeg,0.04580974578857422
1778635810.9637723,57.74133038520813,1153,12228,jpeg,0.05131030082702637
1778635811.016244,57.79380202293396,1154,12138,jpeg,0.05247163772583008
1778635811.0656335,57.843191623687744,1155,12572,jpeg,0.04938960075378418
1778635811.1164734,57.8940315246582,1156,12165,jpeg,0.050839900970458984
1778635811.1656463,57.943204402923584,1157,12120,jpeg,0.04917287826538086
1778635811.215952,57.993510007858276,1158,12650,jpeg,0.05030560493469238
1778635811.2642395,58.04179763793945,1159,12492,jpeg,0.04828763008117676
1778635811.3183038,58.09586191177368,1160,12602,jpeg,0.054064273834228516
1778635811.3644896,58.1420476436615,1161,12237,jpeg,0.04618573188781738
1778635811.41621,58.19376802444458,1162,12415,jpeg,0.051720380783081055
1778635811.4674504,58.24500846862793,1163,12262,jpeg,0.05124044418334961
1778635811.5140502,58.29160833358765,1164,12409,jpeg,0.0465998649597168
1778635811.5654716,58.343029737472534,1165,12324,jpeg,0.051421403884887695
1778635811.6166267,58.394184827804565,1166,11992,jpeg,0.05115509033203125
1778635811.664359,58.441917181015015,1167,12136,jpeg,0.04773235321044922
1778635811.714473,58.49203109741211,1168,12223,jpeg,0.05011391639709473
1778635811.766196,58.54375410079956,1169,12328,jpeg,0.05172300338745117
1778635811.8133447,58.59090280532837,1170,12595,jpeg,0.047148704528808594
1778635811.8695164,58.647074460983276,1171,13005,jpeg,0.05617165565490723
1778635811.91561,58.69316816329956,1172,13312,jpeg,0.04609370231628418
1778635811.9628377,58.74039578437805,1173,14065,jpeg,0.04722762107849121
1778635812.0203533,58.797911405563354,1174,14486,jpeg,0.057515621185302734
1778635812.0656154,58.84317350387573,1175,14124,jpeg,0.04526209831237793
1778635812.114414,58.891972064971924,1176,14671,jpeg,0.048798561096191406
1778635812.167053,58.94461107254028,1177,13351,jpeg,0.052639007568359375
1778635812.221509,58.999067068099976,1178,13112,jpeg,0.05445599555969238
1778635812.264564,59.04212212562561,1179,13850,jpeg,0.043055057525634766
1778635812.3149672,59.092525243759155,1180,13683,jpeg,0.05040311813354492
1778635812.3653095,59.14286756515503,1181,13927,jpeg,0.05034232139587402
1778635812.4133947,59.19095277786255,1182,13456,jpeg,0.04808521270751953
1778635812.4663208,59.24387884140015,1183,13563,jpeg,0.052926063537597656
1778635812.515526,59.293084144592285,1184,13597,jpeg,0.04920530319213867
1778635812.5638795,59.341437578201294,1185,13484,jpeg,0.04835343360900879
1778635812.6158295,59.39338755607605,1186,14247,jpeg,0.05194997787475586
1778635812.6648057,59.44236373901367,1187,13985,jpeg,0.04897618293762207
1778635812.7125144,59.49007248878479,1188,13300,jpeg,0.047708749771118164
1778635812.766197,59.54375505447388,1189,14227,jpeg,0.053682565689086914
1778635812.8159823,59.59354043006897,1190,13334,jpeg,0.04978537559509277
1778635812.8640785,59.64163661003113,1191,13667,jpeg,0.0480961799621582
1778635812.9136584,59.691216468811035,1192,13019,jpeg,0.04957985877990723
1778635812.9676192,59.745177268981934,1193,13191,jpeg,0.05396080017089844
1778635813.017383,59.79494118690491,1194,13152,jpeg,0.04976391792297363
1778635813.0703638,59.84792184829712,1195,13948,jpeg,0.052980661392211914
1778635813.1157541,59.893312215805054,1196,13388,jpeg,0.04539036750793457
1778635813.1634545,59.9410126209259,1197,13329,jpeg,0.04770040512084961
1778635813.2183287,59.99588680267334,1198,13225,jpeg,0.05487418174743652
1778635813.264631,60.04218912124634,1199,13045,jpeg,0.04630231857299805
1778635813.3125947,60.090152740478516,1200,12731,jpeg,0.047963619232177734
1778635813.3677018,60.145259857177734,1201,12749,jpeg,0.05510711669921875
1778635813.4150805,60.192638635635376,1202,13091,jpeg,0.0473787784576416
1778635813.4637606,60.241318702697754,1203,12900,jpeg,0.04868006706237793
1778635813.518553,60.29611110687256,1204,12705,jpeg,0.05479240417480469
1778635813.5650342,60.34259223937988,1205,13056,jpeg,0.04648113250732422
1778635813.612383,60.38994097709656,1206,12320,jpeg,0.047348737716674805
1778635813.665423,60.442981004714966,1207,12451,jpeg,0.0530400276184082
1778635813.7188668,60.49642491340637,1208,12687,jpeg,0.05344390869140625
1778635813.7627811,60.54033923149109,1209,12706,jpeg,0.0439143180847168
1778635813.8145897,60.59214782714844,1210,13158,jpeg,0.05180859565734863
1778635813.868789,60.64634704589844,1211,13047,jpeg,0.05419921875
1778635813.9205918,60.69814991950989,1212,12825,jpeg,0.051802873611450195
1778635813.9666464,60.7442045211792,1213,12722,jpeg,0.04605460166931152
1778635814.0190835,60.79664158821106,1214,13025,jpeg,0.05243706703186035
1778635814.0663786,60.84393668174744,1215,13511,jpeg,0.04729509353637695
1778635814.1146412,60.89219927787781,1216,13067,jpeg,0.048262596130371094
1778635814.1644995,60.942057609558105,1217,13474,jpeg,0.04985833168029785
1778635814.2247682,61.002326250076294,1218,13788,jpeg,0.06026864051818848
1778635814.270737,61.04829502105713,1219,13539,jpeg,0.04596877098083496
1778635814.3138165,61.09137463569641,1220,13671,jpeg,0.04307961463928223
1778635814.3645055,61.1420636177063,1221,12981,jpeg,0.050688982009887695
1778635814.4152043,61.19276237487793,1222,12441,jpeg,0.05069875717163086
1778635814.4636364,61.24119448661804,1223,12596,jpeg,0.048432111740112305
1778635814.5140417,61.2915997505188,1224,12255,jpeg,0.050405263900756836
1778635814.564432,61.34198999404907,1225,12114,jpeg,0.05039024353027344
1778635814.6135147,61.39107275009155,1226,12403,jpeg,0.04908275604248047
1778635814.6639,61.441457986831665,1227,12358,jpeg,0.050385236740112305
1778635814.7152016,61.492759704589844,1228,12542,jpeg,0.05130171775817871
1778635814.7634082,61.540966272354126,1229,12483,jpeg,0.04820656776428223
1778635814.8137186,61.5912766456604,1230,12438,jpeg,0.050310373306274414
1778635814.865114,61.642672061920166,1231,12108,jpeg,0.051395416259765625
1778635814.9131875,61.69074559211731,1232,11905,jpeg,0.048073530197143555
1778635814.9647832,61.74234127998352,1233,12314,jpeg,0.05159568786621094
1778635815.0191977,61.79675579071045,1234,12280,jpeg,0.05441451072692871
1778635815.066556,61.84411406517029,1235,11564,jpeg,0.04735827445983887
1778635815.111267,61.88882517814636,1236,11283,jpeg,0.04471111297607422
1778635815.1614144,61.93897247314453,1237,11057,jpeg,0.050147294998168945
1778635815.2149622,61.992520332336426,1238,11675,jpeg,0.05354785919189453
1778635815.2630062,62.04056429862976,1239,10900,jpeg,0.04804396629333496
1778635815.3178458,62.09540390968323,1240,11272,jpeg,0.0548396110534668
1778635815.3645322,62.14209032058716,1241,10915,jpeg,0.046686410903930664
1778635815.4163358,62.193893909454346,1242,11264,jpeg,0.0518035888671875
1778635815.466291,62.24384903907776,1243,10817,jpeg,0.049955129623413086
1778635815.5161285,62.293686628341675,1244,11044,jpeg,0.049837589263916016
1778635815.5634983,62.34105634689331,1245,11235,jpeg,0.04736971855163574
1778635815.6129727,62.390530824661255,1246,11045,jpeg,0.049474477767944336
1778635815.6648412,62.44239926338196,1247,11110,jpeg,0.051868438720703125
1778635815.7132103,62.49076843261719,1248,11112,jpeg,0.04836916923522949
1778635815.766698,62.54425597190857,1249,11432,jpeg,0.053487539291381836
1778635815.8184612,62.59601926803589,1250,11494,jpeg,0.051763296127319336
1778635815.8626318,62.64018988609314,1251,11310,jpeg,0.04417061805725098
1778635815.9136322,62.691190242767334,1252,11043,jpeg,0.051000356674194336
1778635815.9653456,62.74290370941162,1253,11038,jpeg,0.05171346664428711
1778635816.0134091,62.79096722602844,1254,11333,jpeg,0.04806351661682129
1778635816.067447,62.84500503540039,1255,11186,jpeg,0.05403780937194824
1778635816.1148489,62.892406940460205,1256,10650,jpeg,0.04740190505981445
1778635816.1648624,62.9424204826355,1257,10545,jpeg,0.05001354217529297
1778635816.2153423,62.992900371551514,1258,10572,jpeg,0.050479888916015625
1778635816.2745898,63.05214786529541,1259,10508,jpeg,0.059247493743896484
1778635816.3153932,63.09295129776001,1260,10728,jpeg,0.04080343246459961
1778635816.3659694,63.14352750778198,1261,10874,jpeg,0.050576210021972656
1778635816.4173741,63.19493222236633,1262,10936,jpeg,0.051404714584350586
1778635816.4640844,63.241642475128174,1263,11170,jpeg,0.04671025276184082
1778635816.5151079,63.29266595840454,1264,11149,jpeg,0.05102348327636719
1778635816.565898,63.34345602989197,1265,11077,jpeg,0.05079007148742676
1778635816.6139584,63.39151644706726,1266,11019,jpeg,0.04806041717529297
1778635816.6643746,63.441932678222656,1267,11386,jpeg,0.05041623115539551
1778635816.7188118,63.4963698387146,1268,11408,jpeg,0.05443716049194336
1778635816.7649832,63.54254126548767,1269,11582,jpeg,0.04617142677307129
1778635816.814876,63.59243416786194,1270,11827,jpeg,0.04989290237426758
1778635816.867694,63.645251989364624,1271,11784,jpeg,0.05281782150268555
1778635816.9142447,63.691802740097046,1272,11811,jpeg,0.046550750732421875
1778635816.9666188,63.74417686462402,1273,11773,jpeg,0.05237412452697754
1778635817.017846,63.79540419578552,1274,11798,jpeg,0.05122733116149902
1778635817.0640821,63.84164023399353,1275,12080,jpeg,0.04623603820800781
1778635817.1163507,63.893908739089966,1276,12400,jpeg,0.05226850509643555
1778635817.1661103,63.943668365478516,1277,12531,jpeg,0.049759626388549805
1778635817.2149124,63.992470502853394,1278,12044,jpeg,0.04880213737487793
1778635817.2699506,64.04750871658325,1279,12572,jpeg,0.0550382137298584
1778635817.3152397,64.09279775619507,1280,12122,jpeg,0.045289039611816406
1778635817.3628938,64.14045190811157,1281,11823,jpeg,0.047654151916503906
1778635817.4143047,64.19186282157898,1282,11561,jpeg,0.05141091346740723
1778635817.466639,64.24419713020325,1283,12046,jpeg,0.05233430862426758
1778635817.519574,64.29713201522827,1284,11919,jpeg,0.052934885025024414
1778635817.566571,64.34412908554077,1285,11776,jpeg,0.0469970703125
1778635817.6151679,64.39272594451904,1286,11756,jpeg,0.048596858978271484
1778635817.667188,64.44474601745605,1287,11919,jpeg,0.05202007293701172
1778635817.7147224,64.49228048324585,1288,11783,jpeg,0.04753446578979492
1778635817.7647703,64.54232835769653,1289,11512,jpeg,0.050047874450683594
1778635817.8156574,64.59321546554565,1290,11606,jpeg,0.050887107849121094
1778635817.8644054,64.64196348190308,1291,11944,jpeg,0.048748016357421875
1778635817.9160864,64.6936445236206,1292,11996,jpeg,0.0516810417175293
1778635817.9687002,64.74625825881958,1293,11529,jpeg,0.05261373519897461
1778635818.0185661,64.79612421989441,1294,11762,jpeg,0.0498659610748291
1778635818.0647392,64.84229731559753,1295,11765,jpeg,0.046173095703125
1778635818.1141105,64.89166855812073,1296,11625,jpeg,0.04937124252319336
1778635818.1655056,64.94306373596191,1297,11585,jpeg,0.05139517784118652
1778635818.2167683,64.99432635307312,1298,11529,jpeg,0.051262617111206055
1778635818.2632408,65.0407989025116,1299,11682,jpeg,0.04647254943847656
1778635818.3194532,65.09701132774353,1300,11515,jpeg,0.056212425231933594
1778635818.3654065,65.14296460151672,1301,11393,jpeg,0.04595327377319336
1778635818.4139502,65.19150829315186,1302,11458,jpeg,0.048543691635131836
1778635818.4684045,65.2459626197815,1303,11334,jpeg,0.05445432662963867
1778635818.5145822,65.29214024543762,1304,11374,jpeg,0.04617762565612793
1778635818.5689049,65.3464629650116,1305,11450,jpeg,0.05432271957397461
1778635818.6122162,65.38977432250977,1306,11483,jpeg,0.043311357498168945
1778635818.6642747,65.44183278083801,1307,11398,jpeg,0.05205845832824707
1778635818.7118387,65.48939681053162,1308,11227,jpeg,0.047564029693603516
1778635818.7637434,65.54130148887634,1309,11374,jpeg,0.05190467834472656
1778635818.8135974,65.59115552902222,1310,11281,jpeg,0.04985404014587402
1778635818.8633065,65.640864610672,1311,11279,jpeg,0.04970908164978027
1778635818.9154572,65.69301533699036,1312,11253,jpeg,0.052150726318359375
1778635818.9634953,65.74105334281921,1313,11034,jpeg,0.04803800582885742
1778635819.01334,65.7908980846405,1314,10944,jpeg,0.04984474182128906
1778635819.0655677,65.84312582015991,1315,11021,jpeg,0.05222773551940918
1778635819.1145008,65.89205884933472,1316,11037,jpeg,0.04893302917480469
1778635819.1619096,65.93946766853333,1317,11028,jpeg,0.0474088191986084
1778635819.2135618,65.99111986160278,1318,10999,jpeg,0.05165219306945801
1778635819.263156,66.04071402549744,1319,10985,jpeg,0.04959416389465332
1778635819.3106647,66.08822274208069,1320,11107,jpeg,0.04750871658325195
1778635819.3644552,66.14201331138611,1321,10839,jpeg,0.05379056930541992
1778635819.4124694,66.19002747535706,1322,11124,jpeg,0.048014163970947266
1778635819.46668,66.24423813819885,1323,10971,jpeg,0.054210662841796875
1778635819.5105224,66.28808045387268,1324,10801,jpeg,0.043842315673828125
1778635819.5618563,66.33941435813904,1325,10931,jpeg,0.05133390426635742
1778635819.6188116,66.39636969566345,1326,11009,jpeg,0.05695533752441406
1778635819.6664555,66.44401359558105,1327,10971,jpeg,0.04764389991760254
1778635819.7139099,66.49146795272827,1328,10732,jpeg,0.0474543571472168
1778635819.7616482,66.5392062664032,1329,10711,jpeg,0.04773831367492676
1778635819.8120384,66.58959650993347,1330,10999,jpeg,0.05039024353027344
1778635819.8636575,66.64121556282043,1331,10997,jpeg,0.05161905288696289
1778635819.9109435,66.6885015964508,1332,10982,jpeg,0.047286033630371094
1778635819.9688973,66.7464554309845,1333,10929,jpeg,0.057953834533691406
1778635820.0125637,66.79012179374695,1334,11022,jpeg,0.04366636276245117
1778635820.0603416,66.837899684906,1335,11110,jpeg,0.04777789115905762
1778635820.112934,66.89049220085144,1336,10840,jpeg,0.05259251594543457
1778635820.1628864,66.9404444694519,1337,10827,jpeg,0.04995226860046387
1778635820.2113104,66.98886847496033,1338,10997,jpeg,0.04842400550842285
1778635820.2639527,67.0415108203888,1339,11187,jpeg,0.0526423454284668
1778635820.313755,67.091313123703,1340,11394,jpeg,0.049802303314208984
1778635820.3609457,67.13850378990173,1341,11354,jpeg,0.04719066619873047
1778635820.4139216,67.19147968292236,1342,11311,jpeg,0.05297589302062988
1778635820.4637225,67.2412805557251,1343,11441,jpeg,0.049800872802734375
1778635820.514929,67.29248714447021,1344,11485,jpeg,0.05120658874511719
1778635820.562173,67.33973097801208,1345,11473,jpeg,0.04724383354187012
1778635820.6163838,67.39394187927246,1346,11516,jpeg,0.05421090126037598
1778635820.6606116,67.4381697177887,1347,11558,jpeg,0.04422783851623535
1778635820.7091472,67.48670530319214,1348,11455,jpeg,0.04853558540344238
1778635820.763537,67.54109501838684,1349,11493,jpeg,0.05438971519470215
1778635820.8107762,67.58833432197571,1350,11716,jpeg,0.04723930358886719
1778635820.8613644,67.63892245292664,1351,11895,jpeg,0.050588130950927734
1778635820.9175594,67.6951174736023,1352,12017,jpeg,0.05619502067565918
1778635820.9599133,67.73747134208679,1353,12141,jpeg,0.04235386848449707
1778635821.0177839,67.79534196853638,1354,12304,jpeg,0.05787062644958496
1778635821.0630403,67.84059834480286,1355,12358,jpeg,0.04525637626647949
1778635821.1098764,67.88743448257446,1356,12250,jpeg,0.046836137771606445
1778635821.1638975,67.94145560264587,1357,12281,jpeg,0.05402112007141113
1778635821.2119818,67.98953986167908,1358,12309,jpeg,0.048084259033203125
1778635821.2601924,68.0377504825592,1359,12493,jpeg,0.04821062088012695
1778635821.312375,68.08993315696716,1360,12623,jpeg,0.052182674407958984
1778635821.3680098,68.14556789398193,1361,12673,jpeg,0.05563473701477051
1778635821.4117322,68.18929028511047,1362,12851,jpeg,0.04372239112854004
1778635821.4624546,68.24001264572144,1363,12964,jpeg,0.050722360610961914
1778635821.5229862,68.30054426193237,1364,12784,jpeg,0.0605316162109375
1778635821.561258,68.33881616592407,1365,12844,jpeg,0.03827190399169922
1778635821.610387,68.3879451751709,1366,12580,jpeg,0.04912900924682617
1778635821.6722453,68.44980335235596,1367,12440,jpeg,0.061858177185058594
1778635821.7123318,68.4898898601532,1368,12658,jpeg,0.04008650779724121
1778635821.7656727,68.54323077201843,1369,12783,jpeg,0.053340911865234375
1778635821.8134067,68.59096479415894,1370,12783,jpeg,0.04773402214050293
1778635821.8646116,68.642169713974,1371,12796,jpeg,0.05120491981506348
1778635821.9116974,68.68925547599792,1372,12712,jpeg,0.04708576202392578
1778635821.9627256,68.74028372764587,1373,12566,jpeg,0.05102825164794922
1778635822.0159357,68.79349374771118,1374,12536,jpeg,0.05321002006530762
1778635822.0649242,68.84248232841492,1375,12439,jpeg,0.04898858070373535
1778635822.1154923,68.8930504322052,1376,12536,jpeg,0.0505681037902832
1778635822.160127,68.93768501281738,1377,12511,jpeg,0.04463458061218262
1778635822.218733,68.9962911605835,1378,12765,jpeg,0.05860614776611328
1778635822.2645948,69.04215288162231,1379,12715,jpeg,0.04586172103881836
1778635822.313632,69.09119009971619,1380,12857,jpeg,0.04903721809387207
1778635822.362158,69.13971614837646,1381,12554,jpeg,0.04852604866027832
1778635822.41589,69.19344806671143,1382,12373,jpeg,0.05373191833496094
1778635822.4653141,69.24287223815918,1383,12565,jpeg,0.049424171447753906
1778635822.5111294,69.28868746757507,1384,12636,jpeg,0.045815229415893555
1778635822.5652976,69.34285569190979,1385,12751,jpeg,0.0541682243347168
1778635822.6130764,69.39063453674316,1386,13079,jpeg,0.04777884483337402
1778635822.6606257,69.43818378448486,1387,13217,jpeg,0.04754924774169922
1778635822.714945,69.49250316619873,1388,13388,jpeg,0.05431938171386719
1778635822.7618582,69.53941631317139,1389,13295,jpeg,0.04691314697265625
1778635822.812881,69.59043908119202,1390,13496,jpeg,0.05102276802062988
1778635822.8638763,69.64143443107605,1391,13412,jpeg,0.0509953498840332
1778635822.9104116,69.68796968460083,1392,13590,jpeg,0.04653525352478027
1778635822.9603739,69.73793196678162,1393,13501,jpeg,0.04996228218078613
1778635823.0119824,69.7895405292511,1394,13505,jpeg,0.05160856246948242
1778635823.0599823,69.8375403881073,1395,13600,jpeg,0.04799985885620117
1778635823.110859,69.88841700553894,1396,13603,jpeg,0.050876617431640625
1778635823.1625836,69.94014167785645,1397,13750,jpeg,0.05172467231750488
1778635823.2108967,69.98845481872559,1398,13825,jpeg,0.048313140869140625
1778635823.2622318,70.03978991508484,1399,13843,jpeg,0.05133509635925293
1778635823.3175862,70.09514427185059,1400,13791,jpeg,0.05535435676574707
1778635823.359921,70.13747906684875,1401,13701,jpeg,0.042334794998168945
1778635823.4125957,70.19015383720398,1402,13767,jpeg,0.05267477035522461
1778635823.4622514,70.23980951309204,1403,13796,jpeg,0.04965567588806152
1778635823.510081,70.28763914108276,1404,13506,jpeg,0.047829627990722656
1778635823.5630813,70.34063935279846,1405,13926,jpeg,0.05300021171569824
1778635823.6136284,70.39118647575378,1406,13932,jpeg,0.050547122955322266
1778635823.6616712,70.43922924995422,1407,14140,jpeg,0.04804277420043945
1778635823.7115376,70.48909568786621,1408,14070,jpeg,0.049866437911987305
1778635823.7640853,70.54164338111877,1409,14087,jpeg,0.05254769325256348
1778635823.812129,70.58968710899353,1410,14604,jpeg,0.04804372787475586
1778635823.8611817,70.63873982429504,1411,14493,jpeg,0.04905271530151367
1778635823.9155202,70.69307827949524,1412,14683,jpeg,0.05433845520019531
1778635823.962487,70.7400450706482,1413,14407,jpeg,0.0469667911529541
1778635824.01478,70.79233813285828,1414,14686,jpeg,0.05229306221008301
1778635824.0647242,70.84228229522705,1415,14281,jpeg,0.049944162368774414
1778635824.1124132,70.8899712562561,1416,13874,jpeg,0.047688961029052734
1778635824.1664293,70.94398736953735,1417,13592,jpeg,0.05401611328125
1778635824.2141306,70.99168872833252,1418,13515,jpeg,0.047701358795166016
1778635824.26145,71.03900814056396,1419,13238,jpeg,0.04731941223144531
1778635824.3169615,71.09451961517334,1420,13163,jpeg,0.055511474609375
1778635824.364584,71.14214205741882,1421,13189,jpeg,0.0476224422454834
1778635824.413214,71.19077205657959,1422,13450,jpeg,0.0486299991607666
1778635824.467094,71.24465203285217,1423,13759,jpeg,0.05387997627258301
1778635824.513664,71.2912220954895,1424,14252,jpeg,0.0465700626373291
1778635824.567942,71.3454999923706,1425,14310,jpeg,0.054277896881103516
1778635824.6181245,71.39568257331848,1426,13735,jpeg,0.05018258094787598
1778635824.6658897,71.44344782829285,1427,13680,jpeg,0.047765254974365234
1778635824.7160811,71.49363923072815,1428,13784,jpeg,0.050191402435302734
1778635824.765757,71.54331517219543,1429,13574,jpeg,0.049675941467285156
1778635824.816292,71.59385013580322,1430,13491,jpeg,0.050534963607788086
1778635824.860247,71.63780498504639,1431,13548,jpeg,0.04395484924316406
1778635824.91028,71.68783807754517,1432,13589,jpeg,0.0500330924987793
1778635824.9670024,71.7445604801178,1433,14316,jpeg,0.056722402572631836
1778635825.0116158,71.78917384147644,1434,14583,jpeg,0.04461336135864258
1778635825.061131,71.83868908882141,1435,14439,jpeg,0.0495152473449707
1778635825.1124508,71.8900089263916,1436,14044,jpeg,0.05131983757019043
1778635825.1609416,71.93849968910217,1437,14085,jpeg,0.04849076271057129
1778635825.2108881,71.98844623565674,1438,14629,jpeg,0.04994654655456543
1778635825.2645884,72.04214644432068,1439,14902,jpeg,0.05370020866394043
1778635825.3142595,72.09181761741638,1440,15289,jpeg,0.049671173095703125
1778635825.3623025,72.1398606300354,1441,15846,jpeg,0.048043012619018555
1778635825.4140427,72.19160079956055,1442,15826,jpeg,0.051740169525146484
1778635825.4642525,72.24181056022644,1443,15843,jpeg,0.050209760665893555
1778635825.5139256,72.29148364067078,1444,15585,jpeg,0.04967308044433594
1778635825.567212,72.34477019309998,1445,14933,jpeg,0.05328655242919922
1778635825.6133664,72.39092445373535,1446,14050,jpeg,0.04615426063537598
1778635825.6678922,72.44545030593872,1447,14834,jpeg,0.05452585220336914
1778635825.711913,72.4894711971283,1448,14707,jpeg,0.044020891189575195
1778635825.764118,72.54167604446411,1449,15137,jpeg,0.05220484733581543
1778635825.8198953,72.59745335578918,1450,14253,jpeg,0.05577731132507324
1778635825.8686526,72.64621067047119,1451,14352,jpeg,0.048757314682006836
1778635825.9122725,72.68983054161072,1452,14124,jpeg,0.04361987113952637
1778635825.9641273,72.74168539047241,1453,14123,jpeg,0.051854848861694336
1778635826.013715,72.79127311706543,1454,14138,jpeg,0.04958772659301758
1778635826.064495,72.84205317497253,1455,14283,jpeg,0.05078005790710449
1778635826.1139996,72.89155769348145,1456,16333,jpeg,0.04950451850891113
1778635826.1688066,72.94636464118958,1457,16513,jpeg,0.05480694770812988
1778635826.2153878,72.99294590950012,1458,15381,jpeg,0.046581268310546875
1778635826.2617383,73.0392963886261,1459,14597,jpeg,0.04635047912597656
1778635826.3202972,73.09785532951355,1460,15575,jpeg,0.05855894088745117
1778635826.3663177,73.14387583732605,1461,14903,jpeg,0.0460205078125
1778635826.4131265,73.19068455696106,1462,14863,jpeg,0.046808719635009766
1778635826.4688907,73.24644875526428,1463,15588,jpeg,0.055764198303222656
1778635826.512107,73.28966498374939,1464,15722,jpeg,0.04321622848510742
1778635826.563305,73.34086298942566,1465,15578,jpeg,0.05119800567626953
1778635826.6174877,73.3950457572937,1466,16339,jpeg,0.05418276786804199
1778635826.6651008,73.4426589012146,1467,16167,jpeg,0.04761314392089844
1778635826.7189763,73.49653434753418,1468,15893,jpeg,0.05387544631958008
1778635826.77588,73.55343818664551,1469,16049,jpeg,0.056903839111328125
1778635826.8170621,73.59462022781372,1470,17207,jpeg,0.04118204116821289
1778635826.8656263,73.64318442344666,1471,17074,jpeg,0.04856419563293457
1778635826.9164736,73.69403171539307,1472,16334,jpeg,0.05084729194641113
1778635826.9646618,73.74221992492676,1473,17084,jpeg,0.048188209533691406
1778635827.0265398,73.80409789085388,1474,16673,jpeg,0.06187796592712402
1778635827.064612,73.8421700000763,1475,16388,jpeg,0.03807210922241211
1778635827.1121554,73.8897135257721,1476,17040,jpeg,0.04754352569580078
1778635827.1633084,73.94086647033691,1477,15948,jpeg,0.051152944564819336
1778635827.2163754,73.99393343925476,1478,16344,jpeg,0.05306696891784668
1778635827.2639477,74.04150581359863,1479,16621,jpeg,0.04757237434387207
1778635827.3122077,74.08976578712463,1480,15583,jpeg,0.04825997352600098
1778635827.3634307,74.14098882675171,1481,16000,jpeg,0.051223039627075195
1778635827.4131734,74.19073152542114,1482,16612,jpeg,0.049742698669433594
1778635827.4623322,74.23989033699036,1483,16383,jpeg,0.04915881156921387
1778635827.5123663,74.28992438316345,1484,16595,jpeg,0.0500340461730957
1778635827.563953,74.34151101112366,1485,17045,jpeg,0.05158662796020508
1778635827.612955,74.3905131816864,1486,16331,jpeg,0.04900217056274414
1778635827.6638987,74.44145679473877,1487,16996,jpeg,0.050943613052368164
1778635827.7124805,74.49003863334656,1488,16335,jpeg,0.048581838607788086
1778635827.7643008,74.54185891151428,1489,16595,jpeg,0.05182027816772461
1778635827.8156168,74.5931749343872,1490,15870,jpeg,0.051316022872924805
1778635827.8620164,74.63957452774048,1491,15398,jpeg,0.046399593353271484
1778635827.914796,74.69235420227051,1492,14952,jpeg,0.0527796745300293
1778635827.9662461,74.74380421638489,1493,14875,jpeg,0.05145001411437988
1778635828.012434,74.78999209403992,1494,15323,jpeg,0.0461878776550293
1778635828.0627239,74.84028196334839,1495,15012,jpeg,0.05028986930847168
1778635828.1141696,74.89172768592834,1496,15388,jpeg,0.051445722579956055
1778635828.162023,74.93958115577698,1497,15208,jpeg,0.04785346984863281
1778635828.21881,74.99636816978455,1498,15348,jpeg,0.05678701400756836
1778635828.2651813,75.0427393913269,1499,15198,jpeg,0.0463712215423584
1778635828.3125765,75.0901346206665,1500,15595,jpeg,0.04739522933959961
1778635828.3657498,75.14330792427063,1501,15036,jpeg,0.05317330360412598
1778635828.413987,75.19154500961304,1502,15592,jpeg,0.04823708534240723
1778635828.4602363,75.23779439926147,1503,14133,jpeg,0.0462493896484375
1778635828.5154018,75.29295992851257,1504,15271,jpeg,0.05516552925109863
1778635828.5664587,75.34401679039001,1505,15294,jpeg,0.051056861877441406
1778635828.6116507,75.38920879364014,1506,15440,jpeg,0.04519200325012207
1778635828.6682718,75.44582986831665,1507,16059,jpeg,0.05662107467651367
1778635828.7177444,75.49530243873596,1508,15259,jpeg,0.04947257041931152
1778635828.7640085,75.5415666103363,1509,16119,jpeg,0.0462641716003418
1778635828.815663,75.59322118759155,1510,16040,jpeg,0.05165457725524902
1778635828.8674803,75.64503836631775,1511,16100,jpeg,0.05181717872619629
1778635828.9119582,75.68951630592346,1512,16452,jpeg,0.04447793960571289
1778635828.9656415,75.74319958686829,1513,16466,jpeg,0.05368328094482422
1778635829.018799,75.79635715484619,1514,15908,jpeg,0.05315756797790527
1778635829.066197,75.84375500679016,1515,15840,jpeg,0.04739785194396973
1778635829.1152418,75.89279985427856,1516,16592,jpeg,0.04904484748840332
1778635829.1660016,75.94355964660645,1517,16389,jpeg,0.05075979232788086
1778635829.2092116,75.9867696762085,1518,16377,jpeg,0.04321002960205078
1778635829.2649062,76.04246425628662,1519,16493,jpeg,0.055694580078125
1778635829.3136082,76.09116625785828,1520,16023,jpeg,0.04870200157165527
1778635829.3613112,76.1388692855835,1521,16022,jpeg,0.04770302772521973
1778635829.4196892,76.19724726676941,1522,16012,jpeg,0.058377981185913086
1778635829.4650884,76.24264645576477,1523,16976,jpeg,0.04539918899536133
1778635829.5175066,76.29506468772888,1524,16117,jpeg,0.05241823196411133
1778635829.5637264,76.34128451347351,1525,16300,jpeg,0.046219825744628906
1778635829.6127057,76.39026379585266,1526,16279,jpeg,0.04897928237915039
1778635829.665524,76.4430820941925,1527,16395,jpeg,0.05281829833984375
1778635829.7157278,76.49328589439392,1528,16383,jpeg,0.050203800201416016
1778635829.766386,76.5439441204071,1529,16508,jpeg,0.050658226013183594
1778635829.8153813,76.59293937683105,1530,16040,jpeg,0.048995256423950195
1778635829.8668733,76.64443135261536,1531,15845,jpeg,0.05149197578430176
1778635829.9150586,76.6926167011261,1532,16190,jpeg,0.04818534851074219
1778635829.9664764,76.7440345287323,1533,15889,jpeg,0.05141782760620117
1778635830.0184236,76.7959816455841,1534,15377,jpeg,0.05194711685180664
1778635830.067087,76.84464502334595,1535,16103,jpeg,0.04866337776184082
1778635830.1141179,76.89167594909668,1536,15772,jpeg,0.04703092575073242
1778635830.1657758,76.94333386421204,1537,15487,jpeg,0.051657915115356445
1778635830.2147677,76.99232578277588,1538,15142,jpeg,0.04899191856384277
1778635830.2666135,77.04417157173157,1539,15774,jpeg,0.05184578895568848
1778635830.3136098,77.09116792678833,1540,15876,jpeg,0.046996355056762695
1778635830.365828,77.14338612556458,1541,15073,jpeg,0.05221819877624512
1778635830.4163456,77.19390368461609,1542,14908,jpeg,0.05051755905151367
1778635830.4627116,77.2402696609497,1543,14630,jpeg,0.046365976333618164
1778635830.516985,77.29454302787781,1544,15476,jpeg,0.054273366928100586
1778635830.565809,77.34336709976196,1545,15686,jpeg,0.04882407188415527
1778635830.6189277,77.39648580551147,1546,15322,jpeg,0.05311870574951172
1778635830.6629536,77.44051170349121,1547,15487,jpeg,0.04402589797973633
1778635830.716824,77.49438214302063,1548,15210,jpeg,0.053870439529418945
1778635830.7666724,77.5442304611206,1549,16067,jpeg,0.049848318099975586
1778635830.8137043,77.59126234054565,1550,16077,jpeg,0.04703187942504883
1778635830.8616557,77.6392138004303,1551,15868,jpeg,0.047951459884643555
1778635830.917866,77.69542407989502,1552,15356,jpeg,0.05621027946472168
1778635831.0136106,77.79116868972778,1553,15261,jpeg,0.09574460983276367
1778635831.0669708,77.84452891349792,1554,15076,jpeg,0.0533602237701416
1778635831.1202471,77.89780521392822,1555,14876,jpeg,0.05327630043029785
1778635831.1638653,77.9414234161377,1556,14522,jpeg,0.043618202209472656
1778635831.2154813,77.99303936958313,1557,14952,jpeg,0.05161595344543457
1778635831.2611086,78.03866672515869,1558,14676,jpeg,0.04562735557556152
1778635831.3119993,78.0895574092865,1559,15146,jpeg,0.05089068412780762
1778635831.3650217,78.14257979393005,1560,15659,jpeg,0.05302238464355469
1778635831.41302,78.1905779838562,1561,15572,jpeg,0.04799818992614746
1778635831.466677,78.24423503875732,1562,16269,jpeg,0.05365705490112305
1778635831.5154455,78.29300355911255,1563,15658,jpeg,0.04876852035522461
1778635831.5622866,78.33984470367432,1564,15708,jpeg,0.04684114456176758
1778635831.6128771,78.39043521881104,1565,14878,jpeg,0.05059051513671875
1778635831.662652,78.44021010398865,1566,15023,jpeg,0.049774885177612305
1778635831.7117782,78.48933625221252,1567,15917,jpeg,0.04912614822387695
1778635831.7649438,78.54250192642212,1568,16322,jpeg,0.05316567420959473
1778635831.8122401,78.58979821205139,1569,15696,jpeg,0.04729628562927246
1778635831.86091,78.63846802711487,1570,16142,jpeg,0.04866981506347656
1778635831.9113781,78.68893623352051,1571,15702,jpeg,0.05046820640563965
1778635831.9613292,78.73888731002808,1572,15737,jpeg,0.04995107650756836
1778635832.0144656,78.79202365875244,1573,15409,jpeg,0.053136348724365234
1778635832.0618255,78.83938360214233,1574,15379,jpeg,0.04735994338989258
1778635832.111831,78.88938903808594,1575,14001,jpeg,0.050005435943603516
1778635832.1659443,78.94350242614746,1576,15107,jpeg,0.05411338806152344
1778635832.2115133,78.98907136917114,1577,14080,jpeg,0.04556894302368164
1778635832.2651138,79.04267191886902,1578,15091,jpeg,0.05360054969787598
1778635832.3151827,79.09274077415466,1579,14487,jpeg,0.05006885528564453
1778635832.3611698,79.13872790336609,1580,16648,jpeg,0.04598712921142578
1778635832.4146059,79.19216394424438,1581,15665,jpeg,0.0534360408782959
1778635832.4654725,79.2430305480957,1582,16054,jpeg,0.05086660385131836
1778635832.5109522,79.2885103225708,1583,13651,jpeg,0.045479774475097656
1778635832.5634701,79.34102821350098,1584,15158,jpeg,0.05251789093017578
1778635832.6114101,79.38896822929382,1585,14916,jpeg,0.04794001579284668
1778635832.6625018,79.44005990028381,1586,15003,jpeg,0.051091670989990234
1778635832.7193966,79.49695467948914,1587,15132,jpeg,0.056894779205322266
1778635832.7653422,79.5429003238678,1588,15015,jpeg,0.04594564437866211
1778635832.811206,79.58876419067383,1589,15834,jpeg,0.04586386680603027
1778635832.8686004,79.64615845680237,1590,15222,jpeg,0.05739426612854004
1778635832.9100509,79.68760895729065,1591,12830,jpeg,0.04145050048828125
1778635832.9650528,79.74261093139648,1592,12836,jpeg,0.05500197410583496
1778635833.0116532,79.78921127319336,1593,13407,jpeg,0.046600341796875
1778635833.0661979,79.84375596046448,1594,14611,jpeg,0.054544687271118164
1778635833.108897,79.88645505905151,1595,14017,jpeg,0.04269909858703613
1778635833.1646695,79.942227602005,1596,14547,jpeg,0.05577254295349121
1778635833.2156703,79.99322843551636,1597,14528,jpeg,0.05100083351135254
1778635833.25849,80.03604817390442,1598,14784,jpeg,0.04281973838806152
1778635833.308751,80.08630919456482,1599,14463,jpeg,0.05026102066040039
1778635833.3610406,80.13859868049622,1600,14478,jpeg,0.052289485931396484
1778635833.408556,80.18611407279968,1601,14211,jpeg,0.0475153923034668
1778635833.4599628,80.23752093315125,1602,14642,jpeg,0.0514068603515625
1778635833.5109637,80.2885217666626,1603,14291,jpeg,0.05100083351135254
1778635833.5580537,80.33561182022095,1604,14099,jpeg,0.04709005355834961
1778635833.617034,80.39459204673767,1605,14601,jpeg,0.05898022651672363
1778635833.666182,80.44374012947083,1606,14473,jpeg,0.0491480827331543
1778635833.7077463,80.48530435562134,1607,14905,jpeg,0.041564226150512695
1778635833.7612576,80.53881573677063,1608,14785,jpeg,0.05351138114929199
1778635833.8110223,80.58858036994934,1609,15002,jpeg,0.04976463317871094
1778635833.8604286,80.63798666000366,1610,15116,jpeg,0.04940629005432129
1778635833.9113228,80.68888092041016,1611,15290,jpeg,0.05089426040649414
1778635833.961256,80.73881411552429,1612,15870,jpeg,0.04993319511413574
1778635834.0099936,80.78755164146423,1613,15517,jpeg,0.048737525939941406
1778635834.060418,80.83797597885132,1614,15127,jpeg,0.05042433738708496
1778635834.1118834,80.88944149017334,1615,15299,jpeg,0.051465511322021484
1778635834.1598067,80.93736481666565,1616,15328,jpeg,0.04792332649230957
1778635834.2098784,80.98743653297424,1617,15311,jpeg,0.05007171630859375
1778635834.27001,81.04756808280945,1618,15429,jpeg,0.06013154983520508
1778635834.3092437,81.08680176734924,1619,15197,jpeg,0.03923368453979492
1778635834.3596146,81.13717269897461,1620,15346,jpeg,0.05037093162536621
1778635834.4164433,81.19400143623352,1621,15248,jpeg,0.05682873725891113
1778635834.461726,81.2392840385437,1622,15524,jpeg,0.045282602310180664
1778635834.5204012,81.29795932769775,1623,15250,jpeg,0.058675289154052734
1778635834.5592842,81.33684229850769,1624,15423,jpeg,0.03888297080993652
1778635834.6124845,81.39004254341125,1625,16084,jpeg,0.05320024490356445
1778635834.679762,81.45731997489929,1626,15946,jpeg,0.06727743148803711
1778635834.7147055,81.49226355552673,1627,15851,jpeg,0.034943580627441406
1778635834.7610302,81.53858828544617,1628,15863,jpeg,0.046324729919433594
1778635834.815268,81.59282612800598,1629,16312,jpeg,0.05423784255981445
1778635834.865109,81.64266705513,1630,16132,jpeg,0.04984092712402344
1778635834.910864,81.68842220306396,1631,15911,jpeg,0.04575514793395996
1778635834.959135,81.7366931438446,1632,16164,jpeg,0.04827094078063965
1778635835.012843,81.79040098190308,1633,16101,jpeg,0.05370783805847168
1778635835.0609217,81.83847975730896,1634,16244,jpeg,0.04807877540588379
1778635835.1094425,81.8870005607605,1635,15810,jpeg,0.048520803451538086
1778635835.1657531,81.94331121444702,1636,16817,jpeg,0.05631065368652344
1778635835.2170103,81.99456834793091,1637,16156,jpeg,0.05125713348388672
1778635835.2601724,82.03773045539856,1638,16633,jpeg,0.04316210746765137
1778635835.3138788,82.09143686294556,1639,16614,jpeg,0.05370640754699707
1778635835.36896,82.14651799201965,1640,16902,jpeg,0.05508112907409668
1778635835.4088898,82.18644785881042,1641,16887,jpeg,0.039929866790771484
1778635835.4642081,82.24176621437073,1642,15775,jpeg,0.055318355560302734
1778635835.5116365,82.28919458389282,1643,16612,jpeg,0.04742836952209473
1778635835.560378,82.33793616294861,1644,16848,jpeg,0.04874157905578613
1778635835.6103327,82.38789081573486,1645,16579,jpeg,0.04995465278625488
1778635835.6670754,82.44463348388672,1646,16568,jpeg,0.05674266815185547
1778635835.7110758,82.48863387107849,1647,16548,jpeg,0.04400038719177246
1778635835.760985,82.53854298591614,1648,16191,jpeg,0.049909114837646484
1778635835.811465,82.58902311325073,1649,16612,jpeg,0.05048012733459473
1778635835.8613014,82.63885951042175,1650,16121,jpeg,0.04983639717102051
1778635835.9101768,82.68773484230042,1651,15976,jpeg,0.04887533187866211
1778635835.9636164,82.7411744594574,1652,15885,jpeg,0.05343961715698242
1778635836.0132837,82.79084181785583,1653,15808,jpeg,0.0496673583984375
1778635836.0658562,82.84341430664062,1654,17068,jpeg,0.05257248878479004
1778635836.1105328,82.88809084892273,1655,16874,jpeg,0.04467654228210449
1778635836.161253,82.93881106376648,1656,15694,jpeg,0.05072021484375
1778635836.2143607,82.99191880226135,1657,15739,jpeg,0.05310773849487305
1778635836.2606049,83.03816294670105,1658,16176,jpeg,0.046244144439697266
1778635836.3111696,83.08872771263123,1659,16273,jpeg,0.05056476593017578
1778635836.3627062,83.14026427268982,1660,16415,jpeg,0.05153656005859375
1778635836.4114685,83.18902659416199,1661,16302,jpeg,0.04876232147216797
1778635836.4612496,83.23880767822266,1662,16271,jpeg,0.049781084060668945
1778635836.5118022,83.2893602848053,1663,15880,jpeg,0.0505526065826416
1778635836.561215,83.33877301216125,1664,16146,jpeg,0.04941272735595703
1778635836.6141546,83.39171266555786,1665,16136,jpeg,0.052939653396606445
1778635836.6619787,83.43953680992126,1666,16360,jpeg,0.04782414436340332
1778635836.7116544,83.48921251296997,1667,15896,jpeg,0.049675703048706055
1778635836.763204,83.54076218605042,1668,15570,jpeg,0.051549673080444336
1778635836.8199992,83.59755730628967,1669,15119,jpeg,0.05679512023925781
1778635836.868977,83.64653515815735,1670,15775,jpeg,0.04897785186767578
1778635836.9124262,83.68998432159424,1671,16626,jpeg,0.04344916343688965
1778635836.9647987,83.74235677719116,1672,16724,jpeg,0.05237245559692383
1778635837.0122268,83.78978490829468,1673,16636,jpeg,0.047428131103515625
1778635837.065664,83.84322214126587,1674,17412,jpeg,0.053437232971191406
1778635837.1102636,83.88782167434692,1675,17782,jpeg,0.04459953308105469
1778635837.1626472,83.94020533561707,1676,17655,jpeg,0.0523836612701416
1778635837.2133973,83.9909553527832,1677,16252,jpeg,0.050750017166137695
1778635837.264314,84.04187202453613,1678,16652,jpeg,0.05091667175292969
1778635837.30986,84.08741807937622,1679,17240,jpeg,0.04554605484008789
1778635837.3665364,84.14409446716309,1680,17553,jpeg,0.056676387786865234
1778635837.4152315,84.19278955459595,1681,16727,jpeg,0.04869508743286133
1778635837.4595642,84.23712229728699,1682,16894,jpeg,0.04433274269104004
1778635837.5129282,84.2904863357544,1683,17221,jpeg,0.05336403846740723
1778635837.560011,84.33756899833679,1684,16862,jpeg,0.04708266258239746
1778635837.6100364,84.38759446144104,1685,16747,jpeg,0.05002546310424805
1778635837.6656578,84.44321584701538,1686,17144,jpeg,0.05562138557434082
1778635837.709375,84.48693299293518,1687,15390,jpeg,0.043717145919799805
1778635837.760529,84.5380871295929,1688,17284,jpeg,0.051154136657714844
1778635837.814077,84.59163498878479,1689,17294,jpeg,0.05354785919189453
1778635837.8649316,84.64248967170715,1690,17263,jpeg,0.05085468292236328
1778635837.911374,84.68893218040466,1691,16857,jpeg,0.046442508697509766
1778635837.9580882,84.73564624786377,1692,16715,jpeg,0.046714067459106445
1778635838.0127912,84.79034924507141,1693,17005,jpeg,0.0547029972076416
1778635838.0609844,84.83854246139526,1694,17072,jpeg,0.04819321632385254
1778635838.108277,84.88583517074585,1695,16832,jpeg,0.04729270935058594
1778635838.164828,84.94238615036011,1696,17305,jpeg,0.05655097961425781
1778635838.2132056,84.9907636642456,1697,17229,jpeg,0.04837751388549805
1778635838.2612708,85.03882884979248,1698,16782,jpeg,0.048065185546875
1778635838.3150134,85.0925714969635,1699,16990,jpeg,0.05374264717102051
1778635838.361378,85.13893604278564,1700,15029,jpeg,0.046364545822143555
1778635838.4136667,85.1912248134613,1701,14803,jpeg,0.05228877067565918
1778635838.4621887,85.23974680900574,1702,15427,jpeg,0.048521995544433594
1778635838.5099604,85.28751850128174,1703,15427,jpeg,0.04777169227600098
1778635838.5583456,85.33590364456177,1704,15511,jpeg,0.0483851432800293
1778635838.6121135,85.38967156410217,1705,15438,jpeg,0.05376791954040527
1778635838.6606116,85.4381697177887,1706,15062,jpeg,0.04849815368652344
1778635838.7075062,85.48506426811218,1707,14174,jpeg,0.04689455032348633
1778635838.7645211,85.54207921028137,1708,14413,jpeg,0.05701494216918945
1778635838.8096213,85.58717942237854,1709,14560,jpeg,0.04510021209716797
1778635838.857061,85.63461899757385,1710,14130,jpeg,0.0474395751953125
1778635838.9133945,85.69095253944397,1711,13865,jpeg,0.05633354187011719
1778635838.9611802,85.73873829841614,1712,14204,jpeg,0.04778575897216797
1778635839.0133688,85.79092693328857,1713,14100,jpeg,0.05218863487243652
1778635839.061086,85.83864402770996,1714,14987,jpeg,0.04771709442138672
1778635839.1132777,85.89083576202393,1715,14441,jpeg,0.052191734313964844
1778635839.1603868,85.9379448890686,1716,15453,jpeg,0.047109127044677734
1778635839.2106054,85.98816347122192,1717,14863,jpeg,0.05021858215332031
1778635839.2629032,86.04046130180359,1718,15266,jpeg,0.05229783058166504
1778635839.3167408,86.09429883956909,1719,15580,jpeg,0.05383753776550293
1778635839.3602986,86.13785672187805,1720,15113,jpeg,0.04355788230895996
1778635839.4058845,86.18344259262085,1721,14411,jpeg,0.04558587074279785
1778635839.4570048,86.23456287384033,1722,14631,jpeg,0.05112028121948242
1778635839.5097017,86.28725981712341,1723,14583,jpeg,0.052696943283081055
1778635839.5618043,86.3393623828888,1724,14402,jpeg,0.05210256576538086
1778635839.6204724,86.39803051948547,1725,14976,jpeg,0.05866813659667969
1778635839.658495,86.43605303764343,1726,14998,jpeg,0.038022518157958984
1778635839.7054973,86.48305535316467,1727,14783,jpeg,0.047002315521240234
1778635839.7797923,86.55735039710999,1728,15504,jpeg,0.0742950439453125
1778635839.8091886,86.58674669265747,1729,15583,jpeg,0.02939629554748535
1778635839.8839734,86.66153144836426,1730,15064,jpeg,0.07478475570678711
1778635839.9090245,86.68658256530762,1731,15247,jpeg,0.025051116943359375
1778635839.9850202,86.76257824897766,1732,15492,jpeg,0.07599568367004395
1778635840.008019,86.78557705879211,1733,15204,jpeg,0.022998809814453125
1778635840.0870044,86.86456251144409,1734,15066,jpeg,0.07898545265197754
1778635840.1090865,86.8866446018219,1735,15424,jpeg,0.022082090377807617
1778635840.1891303,86.96668839454651,1736,15683,jpeg,0.08004379272460938
1778635840.2126396,86.99019765853882,1737,15263,jpeg,0.02350926399230957
1778635840.292244,87.06980204582214,1738,15549,jpeg,0.0796043872833252
1778635840.3097227,87.08728075027466,1739,15501,jpeg,0.01747870445251465
1778635840.3974621,87.17502021789551,1740,14933,jpeg,0.08773946762084961
1778635840.4118557,87.18941378593445,1741,15313,jpeg,0.01439356803894043
1778635840.4958627,87.27342081069946,1742,15535,jpeg,0.08400702476501465
1778635840.5164833,87.29404139518738,1743,15150,jpeg,0.02062058448791504
1778635840.561102,87.33866000175476,1744,15466,jpeg,0.04461860656738281
1778635840.608096,87.38565397262573,1745,15115,jpeg,0.04699397087097168
1778635840.7008665,87.47842454910278,1746,13851,jpeg,0.09277057647705078
1778635840.7102976,87.4878556728363,1747,14020,jpeg,0.009431123733520508
1778635840.8034232,87.58098125457764,1748,15121,jpeg,0.09312558174133301
1778635840.8237572,87.60131525993347,1749,15640,jpeg,0.02033400535583496
1778635840.8595443,87.63710236549377,1750,14175,jpeg,0.035787105560302734
1778635841.0657434,87.84330153465271,1751,14591,jpeg,0.20619916915893555
1778635841.070039,87.84759712219238,1752,15066,jpeg,0.0042955875396728516
1778635841.0740576,87.85161566734314,1753,15553,jpeg,0.004018545150756836
1778635841.0794692,87.85702729225159,1754,16000,jpeg,0.005411624908447266
1778635841.1054976,87.88305568695068,1755,15665,jpeg,0.02602839469909668
1778635841.2750835,88.05264163017273,1756,14479,jpeg,0.1695859432220459
1778635841.2801552,88.05771327018738,1757,14193,jpeg,0.0050716400146484375
1778635841.284075,88.06163311004639,1758,15311,jpeg,0.003919839859008789
1778635841.3077679,88.0853259563446,1759,15079,jpeg,0.023692846298217773
1778635841.480254,88.25781202316284,1760,15616,jpeg,0.1724860668182373
1778635841.4885833,88.26614141464233,1761,15394,jpeg,0.008329391479492188
1778635841.4946797,88.27223777770996,1762,15233,jpeg,0.006096363067626953
1778635841.508096,88.28565406799316,1763,14731,jpeg,0.013416290283203125
1778635841.6952486,88.47280669212341,1764,14631,jpeg,0.18715262413024902
1778635841.7010074,88.47856545448303,1765,15514,jpeg,0.005758762359619141
1778635841.705659,88.4832170009613,1766,15599,jpeg,0.004651546478271484
1778635841.7106953,88.48825335502625,1767,14719,jpeg,0.005036354064941406
1778635841.901904,88.67946219444275,1768,14744,jpeg,0.1912088394165039
1778635841.906078,88.68363618850708,1769,14981,jpeg,0.004173994064331055
1778635841.910746,88.68830418586731,1770,15254,jpeg,0.004667997360229492
1778635841.9164076,88.69396567344666,1771,15778,jpeg,0.005661487579345703
1778635842.1072493,88.88480734825134,1772,15987,jpeg,0.1908416748046875
1778635842.1122622,88.88982033729553,1773,15920,jpeg,0.005012989044189453
1778635842.118805,88.89636301994324,1774,15347,jpeg,0.006542682647705078
1778635842.1223722,88.89993023872375,1775,15801,jpeg,0.003567218780517578
1778635842.3165631,89.09412121772766,1776,15636,jpeg,0.19419097900390625
1778635842.3247974,89.10235548019409,1777,15750,jpeg,0.008234262466430664
1778635842.3319821,89.10954022407532,1778,15568,jpeg,0.007184743881225586
1778635842.3360934,89.11365151405334,1779,15998,jpeg,0.004111289978027344
1778635842.5202193,89.2977774143219,1780,15622,jpeg,0.1841259002685547
1778635842.5257485,89.30330657958984,1781,15182,jpeg,0.005529165267944336
1778635842.5305529,89.30811095237732,1782,16066,jpeg,0.004804372787475586
1778635842.538436,89.31599402427673,1783,15120,jpeg,0.007883071899414062
1778635842.5572288,89.33478689193726,1784,15555,jpeg,0.01879286766052246
1778635842.7238321,89.50139021873474,1785,15160,jpeg,0.16660332679748535
1778635842.7287552,89.50631332397461,1786,15723,jpeg,0.004923105239868164
1778635842.7337356,89.51129364967346,1787,15929,jpeg,0.004980325698852539
1778635842.7568278,89.53438591957092,1788,16038,jpeg,0.023092269897460938
1778635842.9315653,89.70912337303162,1789,15725,jpeg,0.17473745346069336
1778635842.9387226,89.71628069877625,1790,15982,jpeg,0.007157325744628906
1778635842.9462616,89.72381973266602,1791,15319,jpeg,0.007539033889770508
1778635842.9615965,89.73915457725525,1792,14616,jpeg,0.015334844589233398
1778635843.1386464,89.91620445251465,1793,15679,jpeg,0.17704987525939941
1778635843.1445596,89.92211771011353,1794,14928,jpeg,0.005913257598876953
1778635843.1535363,89.93109440803528,1795,14928,jpeg,0.00897669792175293
1778635843.1606677,89.93822574615479,1796,14033,jpeg,0.007131338119506836
1778635843.345021,90.1225790977478,1797,14444,jpeg,0.18435335159301758
1778635843.3544521,90.13201022148132,1798,15110,jpeg,0.009431123733520508
1778635843.3595185,90.13707661628723,1799,15633,jpeg,0.005066394805908203
1778635843.3671515,90.14470958709717,1800,16085,jpeg,0.0076329708099365234
1778635843.5555182,90.3330762386322,1801,15578,jpeg,0.18836665153503418
1778635843.5674658,90.34502387046814,1802,15867,jpeg,0.0119476318359375
1778635843.5730586,90.3506166934967,1803,15676,jpeg,0.005592823028564453
1778635843.581487,90.35904502868652,1804,15175,jpeg,0.008428335189819336
1778635843.758831,90.53638911247253,1805,13950,jpeg,0.17734408378601074
1778635843.7698238,90.54738187789917,1806,13721,jpeg,0.010992765426635742
1778635843.7722878,90.54984593391418,1807,13344,jpeg,0.0024640560150146484
1778635843.776129,90.55368709564209,1808,13040,jpeg,0.0038411617279052734
1778635843.9609966,90.73855471611023,1809,13142,jpeg,0.18486762046813965
1778635843.9700615,90.74761962890625,1810,13501,jpeg,0.009064912796020508
1778635843.9740105,90.75156855583191,1811,13558,jpeg,0.00394892692565918
1778635843.978461,90.756019115448,1812,14266,jpeg,0.004450559616088867
1778635844.1675193,90.945077419281,1813,14373,jpeg,0.1890583038330078
1778635844.1765819,90.95413994789124,1814,13537,jpeg,0.009062528610229492
1778635844.1845589,90.96211695671082,1815,13533,jpeg,0.007977008819580078
1778635844.1894133,90.9669713973999,1816,14141,jpeg,0.004854440689086914
1778635844.2093034,90.98686146736145,1817,13908,jpeg,0.01989006996154785
1778635844.3733585,91.1509165763855,1818,13955,jpeg,0.16405510902404785
1778635844.3812833,91.15884137153625,1819,13810,jpeg,0.007924795150756836
1778635844.3869405,91.16449856758118,1820,14431,jpeg,0.005657196044921875
1778635844.4076324,91.18519043922424,1821,14262,jpeg,0.020691871643066406
1778635844.5797944,91.35735249519348,1822,14299,jpeg,0.17216205596923828
1778635844.5866706,91.36422872543335,1823,14877,jpeg,0.006876230239868164
1778635844.5907438,91.36830186843872,1824,15442,jpeg,0.004073143005371094
1778635844.6112123,91.38877034187317,1825,16159,jpeg,0.020468473434448242
1778635844.7910104,91.56856846809387,1826,16552,jpeg,0.17979812622070312
1778635844.7989655,91.57652354240417,1827,16695,jpeg,0.007955074310302734
1778635844.8032238,91.58078193664551,1828,16228,jpeg,0.004258394241333008
1778635844.8114927,91.58905076980591,1829,15639,jpeg,0.00826883316040039
1778635844.993186,91.77074408531189,1830,15354,jpeg,0.18169331550598145
1778635845.001627,91.7791850566864,1831,16115,jpeg,0.008440971374511719
1778635845.0074496,91.78500771522522,1832,15767,jpeg,0.005822658538818359
1778635845.0110836,91.78864169120789,1833,15718,jpeg,0.0036339759826660156
1778635845.1961095,91.97366762161255,1834,15681,jpeg,0.18502593040466309
1778635845.2023807,91.97993874549866,1835,16518,jpeg,0.0062711238861083984
1778635845.2082617,91.98581981658936,1836,15938,jpeg,0.005881071090698242
1778635845.212336,91.98989415168762,1837,16567,jpeg,0.0040743350982666016
1778635845.404331,92.18188905715942,1838,16390,jpeg,0.19199490547180176
1778635845.4188848,92.19644284248352,1839,16105,jpeg,0.01455378532409668
1778635845.4267163,92.20427441596985,1840,16608,jpeg,0.007831573486328125
1778635845.4330413,92.21059942245483,1841,16451,jpeg,0.0063250064849853516
1778635845.6065712,92.38412928581238,1842,16322,jpeg,0.17352986335754395
1778635845.6105359,92.38809394836426,1843,16337,jpeg,0.003964662551879883
1778635845.6146512,92.39220929145813,1844,16305,jpeg,0.00411534309387207
1778635845.6192458,92.396803855896,1845,16333,jpeg,0.004594564437866211
1778635845.8135693,92.59112739562988,1846,15982,jpeg,0.19432353973388672
1778635845.8189354,92.59649348258972,1847,16809,jpeg,0.005366086959838867
1778635845.8237426,92.60130071640015,1848,16190,jpeg,0.004807233810424805
1778635845.8305357,92.60809373855591,1849,17022,jpeg,0.006793022155761719
1778635846.0181756,92.79573369026184,1850,16783,jpeg,0.18763995170593262
1778635846.0231495,92.80070757865906,1851,16635,jpeg,0.004973888397216797
1778635846.0272348,92.80479288101196,1852,16637,jpeg,0.0040853023529052734
1778635846.0320976,92.80965566635132,1853,16727,jpeg,0.004862785339355469
1778635846.058971,92.83652901649475,1854,17030,jpeg,0.026873350143432617
1778635846.1104708,92.88802886009216,1855,17199,jpeg,0.05149984359741211
1778635846.1575282,92.93508625030518,1856,17135,jpeg,0.047057390213012695
1778635846.2124877,92.99004578590393,1857,16981,jpeg,0.05495953559875488
1778635846.2616608,93.03921890258789,1858,16963,jpeg,0.04917311668395996
1778635846.308871,93.08642911911011,1859,17119,jpeg,0.0472102165222168
1778635846.364062,93.14162015914917,1860,17111,jpeg,0.0551910400390625
1778635846.4147985,93.1923565864563,1861,17167,jpeg,0.050736427307128906
1778635846.458553,93.23611116409302,1862,17162,jpeg,0.04375457763671875
1778635846.5091162,93.28667426109314,1863,17121,jpeg,0.05056309700012207
1778635846.5608811,93.33843922615051,1864,17155,jpeg,0.05176496505737305
1778635846.6086872,93.3862452507019,1865,17152,jpeg,0.0478060245513916
1778635846.6588235,93.43638157844543,1866,17160,jpeg,0.05013632774353027
1778635846.7115903,93.48914837837219,1867,17168,jpeg,0.05276679992675781
1778635846.7619705,93.53952860832214,1868,17126,jpeg,0.05038022994995117
1778635846.8134158,93.59097385406494,1869,17213,jpeg,0.05144524574279785
1778635846.8656743,93.64323234558105,1870,17142,jpeg,0.05225849151611328
1778635846.9093206,93.68687868118286,1871,17180,jpeg,0.04364633560180664
1778635846.959626,93.73718404769897,1872,17210,jpeg,0.05030536651611328
1778635847.011393,93.78895115852356,1873,17191,jpeg,0.05176711082458496
1778635847.0612755,93.83883357048035,1874,17243,jpeg,0.04988241195678711
1778635847.1115158,93.88907384872437,1875,17235,jpeg,0.050240278244018555
1778635847.1681204,93.94567847251892,1876,17239,jpeg,0.056604623794555664
1778635847.2095244,93.98708248138428,1877,17216,jpeg,0.041404008865356445
1778635847.2797458,94.05730390548706,1878,17237,jpeg,0.0702214241027832
1778635847.3080804,94.0856385231018,1879,17204,jpeg,0.028334617614746094
1778635847.3587363,94.1362943649292,1880,17181,jpeg,0.05065584182739258
1778635847.414337,94.19189500808716,1881,17202,jpeg,0.055600643157958984
1778635847.4581811,94.23573923110962,1882,17211,jpeg,0.04384422302246094
1778635847.515119,94.29267716407776,1883,17226,jpeg,0.05693793296813965
1778635847.5577002,94.33525824546814,1884,17233,jpeg,0.04258108139038086
1778635847.608723,94.38628101348877,1885,17242,jpeg,0.05102276802062988
1778635847.6575623,94.43512034416199,1886,17243,jpeg,0.04883933067321777
1778635847.710236,94.4877941608429,1887,17274,jpeg,0.0526738166809082
1778635847.7596257,94.53718376159668,1888,17253,jpeg,0.04938960075378418
1778635847.8077164,94.58527445793152,1889,17246,jpeg,0.04809069633483887
1778635847.8601742,94.63773226737976,1890,17215,jpeg,0.05245780944824219
1778635847.9093008,94.6868588924408,1891,17252,jpeg,0.049126625061035156
1778635847.9578898,94.73544788360596,1892,17234,jpeg,0.04858899116516113
1778635848.0102925,94.78785061836243,1893,17209,jpeg,0.05240273475646973
1778635848.0593874,94.83694553375244,1894,17208,jpeg,0.04909491539001465
1778635848.114341,94.89189910888672,1895,17245,jpeg,0.054953575134277344
1778635848.1608355,94.93839359283447,1896,17236,jpeg,0.046494483947753906
1778635848.2115495,94.98910760879517,1897,17253,jpeg,0.05071401596069336
1778635848.264413,95.04197120666504,1898,17217,jpeg,0.05286359786987305
1778635848.3136075,95.09116554260254,1899,17258,jpeg,0.0491943359375
1778635848.365212,95.14277005195618,1900,17248,jpeg,0.051604509353637695
1778635848.4084349,95.1859929561615,1901,17247,jpeg,0.043222904205322266
1778635848.4609072,95.23846530914307,1902,17229,jpeg,0.05247235298156738
1778635848.5136042,95.29116225242615,1903,17244,jpeg,0.052696943283081055
1778635848.558013,95.33557105064392,1904,17242,jpeg,0.04440879821777344
1778635848.6101887,95.38774681091309,1905,17251,jpeg,0.05217576026916504
1778635848.6616528,95.43921089172363,1906,17283,jpeg,0.051464080810546875
1778635848.7079227,95.48548078536987,1907,17263,jpeg,0.046269893646240234
1778635848.7624242,95.53998231887817,1908,17257,jpeg,0.05450153350830078
1778635848.8121915,95.58974957466125,1909,17242,jpeg,0.049767255783081055
1778635848.8577423,95.63530039787292,1910,17259,jpeg,0.04555082321166992
1778635848.91027,95.68782806396484,1911,17276,jpeg,0.052527666091918945
1778635848.962273,95.73983097076416,1912,17241,jpeg,0.052002906799316406
1778635849.0088713,95.7864294052124,1913,17215,jpeg,0.04659843444824219
1778635849.0651891,95.8427472114563,1914,17238,jpeg,0.056317806243896484
1778635849.1112916,95.88884973526001,1915,17244,jpeg,0.04610252380371094
1778635849.1587763,95.93633437156677,1916,17233,jpeg,0.047484636306762695
1778635849.2086241,95.98618221282959,1917,17245,jpeg,0.04984784126281738
1778635849.2606976,96.03825569152832,1918,17234,jpeg,0.05207347869873047
1778635849.3110716,96.08862972259521,1919,17228,jpeg,0.05037403106689453
1778635849.3593721,96.13693022727966,1920,17247,jpeg,0.04830050468444824
1778635849.416324,96.19388198852539,1921,17214,jpeg,0.05695176124572754
1778635849.460235,96.23779320716858,1922,17245,jpeg,0.04391121864318848
1778635849.5082712,96.2858293056488,1923,17235,jpeg,0.04803609848022461
1778635849.5635536,96.34111166000366,1924,17215,jpeg,0.0552823543548584
1778635849.609705,96.38726305961609,1925,17213,jpeg,0.04615139961242676
1778635849.662648,96.4402060508728,1926,17212,jpeg,0.05294299125671387
1778635849.7130017,96.49055981636047,1927,17245,jpeg,0.0503537654876709
1778635849.7645984,96.542156457901,1928,17236,jpeg,0.051596641540527344
1778635849.8082695,96.58582758903503,1929,17217,jpeg,0.0436711311340332
1778635849.8662295,96.64378762245178,1930,17233,jpeg,0.05796003341674805
1778635849.913977,96.69153499603271,1931,17233,jpeg,0.04774737358093262
1778635849.9589183,96.7364764213562,1932,17216,jpeg,0.04494142532348633
1778635850.0093017,96.78685975074768,1933,17245,jpeg,0.05038332939147949
1778635850.0590768,96.83663487434387,1934,17224,jpeg,0.049775123596191406
1778635850.1083534,96.88591146469116,1935,17223,jpeg,0.04927659034729004
1778635850.1603184,96.9378764629364,1936,17253,jpeg,0.05196499824523926
1778635850.208523,96.98608112335205,1937,17254,jpeg,0.048204660415649414
1778635850.2747722,97.05233025550842,1938,17249,jpeg,0.06624913215637207
1778635850.311357,97.0889151096344,1939,17199,jpeg,0.03658485412597656
1778635850.3604789,97.13803696632385,1940,17217,jpeg,0.049121856689453125
1778635850.4085438,97.18610191345215,1941,17220,jpeg,0.0480649471282959
1778635850.4610884,97.23864650726318,1942,17237,jpeg,0.052544593811035156
1778635850.5118935,97.2894515991211,1943,17192,jpeg,0.050805091857910156
1778635850.5612006,97.33875870704651,1944,17236,jpeg,0.04930710792541504
1778635850.6130128,97.39057087898254,1945,17225,jpeg,0.051812171936035156
1778635850.6618736,97.43943166732788,1946,17206,jpeg,0.048860788345336914
1778635850.7091217,97.48667979240417,1947,17266,jpeg,0.047248125076293945
1778635850.7610404,97.53859853744507,1948,17217,jpeg,0.051918745040893555
1778635850.8096015,97.58715963363647,1949,17226,jpeg,0.04856109619140625
1778635850.8591523,97.63671040534973,1950,17223,jpeg,0.049550771713256836
1778635850.9117165,97.68927454948425,1951,17230,jpeg,0.052564144134521484
1778635850.9616292,97.73918724060059,1952,17220,jpeg,0.04991269111633301
1778635851.0097384,97.7872965335846,1953,17214,jpeg,0.04810929298400879
1778635851.065874,97.84343218803406,1954,17228,jpeg,0.05613565444946289
1778635851.1100209,97.8875789642334,1955,17217,jpeg,0.04414677619934082
1778635851.1597946,97.93735265731812,1956,17210,jpeg,0.0497736930847168
1778635851.2119029,97.9894609451294,1957,17207,jpeg,0.0521082878112793
1778635851.2616842,98.03924226760864,1958,17229,jpeg,0.04978132247924805
1778635851.311396,98.0889539718628,1959,17251,jpeg,0.04971170425415039
1778635851.3602238,98.13778185844421,1960,17243,jpeg,0.0488278865814209
1778635851.4116356,98.18919372558594,1961,17228,jpeg,0.05141186714172363
1778635851.4652178,98.24277591705322,1962,17257,jpeg,0.053582191467285156
1778635851.5128448,98.29040288925171,1963,17245,jpeg,0.04762697219848633
1778635851.5639844,98.3415424823761,1964,17246,jpeg,0.05113959312438965
1778635851.6125875,98.39014554023743,1965,17238,jpeg,0.048603057861328125
1778635851.6572332,98.43479132652283,1966,17258,jpeg,0.04464578628540039
1778635851.7127492,98.4903073310852,1967,17232,jpeg,0.05551600456237793
1778635851.7562127,98.53377079963684,1968,17246,jpeg,0.04346346855163574
1778635851.8077648,98.58532285690308,1969,17237,jpeg,0.05155205726623535
1778635851.8570313,98.63458943367004,1970,17217,jpeg,0.04926657676696777
1778635851.9082704,98.68582844734192,1971,17242,jpeg,0.051239013671875
1778635851.957834,98.73539209365845,1972,17214,jpeg,0.04956364631652832
1778635852.0081046,98.78566265106201,1973,17225,jpeg,0.05027055740356445
1778635852.0597765,98.83733463287354,1974,17251,jpeg,0.05167198181152344
1778635852.1081746,98.88573265075684,1975,17206,jpeg,0.04839801788330078
1778635852.1580708,98.93562889099121,1976,17216,jpeg,0.049896240234375
1778635852.207546,98.98510408401489,1977,17230,jpeg,0.04947519302368164
1778635852.2600033,99.03756141662598,1978,17235,jpeg,0.052457332611083984
1778635852.309485,99.0870430469513,1979,17220,jpeg,0.04948163032531738
1778635852.3645418,99.14209985733032,1980,17213,jpeg,0.05505681037902832
1778635852.4097266,99.18728470802307,1981,17200,jpeg,0.04518485069274902
1778635852.4584424,99.23600053787231,1982,17246,jpeg,0.048715829849243164
1778635852.508581,99.28613901138306,1983,17220,jpeg,0.05013847351074219
1778635852.55947,99.33702802658081,1984,17207,jpeg,0.050889015197753906
1778635852.6091194,99.38667750358582,1985,17233,jpeg,0.04964947700500488
1778635852.6590776,99.43663573265076,1986,17224,jpeg,0.049958229064941406
1778635852.7093556,99.48691368103027,1987,17232,jpeg,0.0502779483795166
1778635852.7628477,99.54040575027466,1988,17223,jpeg,0.053492069244384766
1778635852.8096957,99.58725380897522,1989,17229,jpeg,0.04684805870056152
1778635852.860188,99.63774609565735,1990,17230,jpeg,0.050492286682128906
1778635852.908672,99.6862301826477,1991,17267,jpeg,0.048484086990356445
1778635852.9624887,99.74004673957825,1992,17227,jpeg,0.05381655693054199
1778635853.0149236,99.7924816608429,1993,17211,jpeg,0.05243492126464844
1778635853.055375,99.83293318748474,1994,17226,jpeg,0.0404515266418457
1778635853.108397,99.88595509529114,1995,17255,jpeg,0.053021907806396484
1778635853.1594968,99.93705487251282,1996,17242,jpeg,0.05109977722167969
1778635853.2067835,99.98434162139893,1997,17257,jpeg,0.0472867488861084
1778635853.2604506,100.03800868988037,1998,17245,jpeg,0.05366706848144531
1778635853.3145564,100.09211444854736,1999,17263,jpeg,0.05410575866699219
1778635853.356579,100.13413715362549,2000,17227,jpeg,0.042022705078125
1778635853.4084594,100.18601751327515,2001,17201,jpeg,0.0518803596496582
1778635853.4767992,100.25435733795166,2002,17226,jpeg,0.06833982467651367
1778635853.5088766,100.28643465042114,2003,17218,jpeg,0.03207731246948242
1778635853.5575016,100.33505964279175,2004,17231,jpeg,0.04862499237060547
1778635853.611609,100.3891670703888,2005,17246,jpeg,0.0541074275970459
1778635853.6619375,100.43949556350708,2006,17211,jpeg,0.05032849311828613
1778635853.7078106,100.4853687286377,2007,17181,jpeg,0.045873165130615234
1778635853.7610428,100.53860092163086,2008,17216,jpeg,0.05323219299316406
1778635853.810001,100.58755898475647,2009,17223,jpeg,0.04895806312561035
1778635853.8624334,100.63999152183533,2010,17232,jpeg,0.05243253707885742
1778635853.9099684,100.68752646446228,2011,17237,jpeg,0.047534942626953125
1778635853.957552,100.73511004447937,2012,17238,jpeg,0.047583580017089844
1778635854.0173929,100.79495096206665,2013,17181,jpeg,0.05984091758728027
1778635854.0630398,100.8405978679657,2014,17233,jpeg,0.04564690589904785
1778635854.1069803,100.88453841209412,2015,17241,jpeg,0.04394054412841797
1778635854.1547537,100.93231177330017,2016,17259,jpeg,0.04777336120605469
1778635854.2064233,100.9839813709259,2017,17217,jpeg,0.05166959762573242
1778635854.2594862,101.0370442867279,2018,17252,jpeg,0.05306291580200195
1778635854.3070364,101.08459448814392,2019,17230,jpeg,0.047550201416015625
1778635854.3609204,101.13847851753235,2020,17223,jpeg,0.053884029388427734
1778635854.4060605,101.18361854553223,2021,17201,jpeg,0.04514002799987793
1778635854.4572864,101.23484444618225,2022,17256,jpeg,0.051225900650024414
1778635854.5065837,101.28414177894592,2023,17217,jpeg,0.049297332763671875
1778635854.5645037,101.34206175804138,2024,17222,jpeg,0.057919979095458984
1778635854.6097295,101.38728761672974,2025,17222,jpeg,0.04522585868835449
1778635854.6609282,101.43848633766174,2026,17195,jpeg,0.051198720932006836
1778635854.7101526,101.48771071434021,2027,17192,jpeg,0.0492243766784668
1778635854.7550876,101.53264570236206,2028,17209,jpeg,0.044934988021850586
1778635854.8153028,101.59286093711853,2029,17206,jpeg,0.06021523475646973
1778635854.859526,101.63708400726318,2030,17223,jpeg,0.04422307014465332
1778635854.9044144,101.68197250366211,2031,17217,jpeg,0.04488849639892578
1778635854.9566193,101.73417735099792,2032,17227,jpeg,0.05220484733581543
1778635855.009738,101.78729605674744,2033,17227,jpeg,0.05311870574951172
1778635855.055184,101.8327419757843,2034,17221,jpeg,0.045445919036865234
1778635855.1071224,101.88468050956726,2035,17215,jpeg,0.051938533782958984
1778635855.1589398,101.93649792671204,2036,17223,jpeg,0.05181741714477539
1778635855.2056978,101.9832558631897,2037,17191,jpeg,0.04675793647766113
1778635855.2599804,102.03753852844238,2038,17234,jpeg,0.05428266525268555
1778635855.3048189,102.0823769569397,2039,17216,jpeg,0.04483842849731445
1778635855.3562698,102.1338279247284,2040,17182,jpeg,0.05145096778869629
1778635855.411645,102.18920302391052,2041,17201,jpeg,0.055375099182128906
1778635855.4580224,102.23558044433594,2042,17217,jpeg,0.04637742042541504
1778635855.5061226,102.28368067741394,2043,17223,jpeg,0.04810023307800293
1778635855.5574605,102.33501863479614,2044,17214,jpeg,0.05133795738220215
1778635855.6093256,102.38688373565674,2045,17225,jpeg,0.0518651008605957
1778635855.659387,102.43694519996643,2046,17230,jpeg,0.05006146430969238
1778635855.7081323,102.4856903553009,2047,17235,jpeg,0.048745155334472656
1778635855.7573862,102.53494429588318,2048,17179,jpeg,0.04925394058227539
1778635855.8110845,102.58864259719849,2049,17241,jpeg,0.05369830131530762
1778635855.864676,102.64223408699036,2050,17227,jpeg,0.05359148979187012
1778635855.9107757,102.68833374977112,2051,17227,jpeg,0.04609966278076172
1778635855.9582937,102.73585176467896,2052,17206,jpeg,0.047518014907836914
1778635856.0139344,102.7914924621582,2053,17221,jpeg,0.05564069747924805
1778635856.0540028,102.83156085014343,2054,17195,jpeg,0.04006838798522949
1778635856.107336,102.88489413261414,2055,17198,jpeg,0.053333282470703125
1778635856.1626246,102.94018268585205,2056,17223,jpeg,0.05528855323791504
1778635856.2094026,102.98696064949036,2057,17230,jpeg,0.046777963638305664
1778635856.2589478,103.0365059375763,2058,17238,jpeg,0.0495452880859375
1778635856.3070266,103.08458471298218,2059,17189,jpeg,0.04807877540588379
1778635856.3582895,103.13584756851196,2060,17212,jpeg,0.051262855529785156
1778635856.403724,103.18128204345703,2061,17219,jpeg,0.04543447494506836
1778635856.4602494,103.23780751228333,2062,17220,jpeg,0.056525468826293945
1778635856.5080502,103.28560829162598,2063,17198,jpeg,0.04780077934265137
1778635856.554342,103.3319001197815,2064,17228,jpeg,0.04629182815551758
1778635856.6050787,103.3826367855072,2065,17247,jpeg,0.05073666572570801
1778635856.6562743,103.43383240699768,2066,17225,jpeg,0.051195621490478516
1778635856.7042475,103.48180556297302,2067,17212,jpeg,0.0479731559753418
1778635856.7608893,103.53844738006592,2068,17195,jpeg,0.05664181709289551
1778635856.8089535,103.58651161193848,2069,17229,jpeg,0.048064231872558594
1778635856.856279,103.6338369846344,2070,17216,jpeg,0.04732537269592285
1778635856.9118905,103.689448595047,2071,17223,jpeg,0.055611610412597656
1778635856.956782,103.73434019088745,2072,17241,jpeg,0.0448915958404541
1778635857.0061147,103.78367280960083,2073,17237,jpeg,0.049332618713378906
1778635857.0619287,103.83948683738708,2074,17199,jpeg,0.05581402778625488
1778635857.1074393,103.88499736785889,2075,17204,jpeg,0.04551053047180176
1778635857.1558273,103.93338537216187,2076,17202,jpeg,0.048388004302978516
1778635857.2054124,103.98297047615051,2077,17202,jpeg,0.04958510398864746
1778635857.26725,104.04480814933777,2078,17246,jpeg,0.06183767318725586
1778635857.3071592,104.08471727371216,2079,17223,jpeg,0.03990912437438965
1778635857.3552394,104.13279747962952,2080,17218,jpeg,0.0480802059173584
1778635857.408029,104.18558716773987,2081,17225,jpeg,0.05278968811035156
1778635857.4577954,104.23535346984863,2082,17225,jpeg,0.04976630210876465
1778635857.5060549,104.28361296653748,2083,17180,jpeg,0.04825949668884277
1778635857.5541677,104.33172583580017,2084,17217,jpeg,0.04811286926269531
1778635857.6078131,104.38537120819092,2085,17221,jpeg,0.05364537239074707
1778635857.6562092,104.43376731872559,2086,17230,jpeg,0.04839611053466797
1778635857.703857,104.48141503334045,2087,17209,jpeg,0.047647714614868164
1778635857.7567902,104.53434824943542,2088,17225,jpeg,0.0529332160949707
1778635857.8100684,104.58762645721436,2089,17233,jpeg,0.053278207778930664
1778635857.8584268,104.63598489761353,2090,17207,jpeg,0.04835844039916992
1778635857.9068372,104.68439531326294,2091,17198,jpeg,0.04841041564941406
1778635857.961033,104.73859119415283,2092,17206,jpeg,0.05419588088989258
1778635858.006547,104.78410506248474,2093,17167,jpeg,0.04551386833190918
1778635858.0610874,104.83864545822144,2094,17185,jpeg,0.054540395736694336
1778635858.1085832,104.88614130020142,2095,17222,jpeg,0.04749584197998047
1778635858.1612756,104.9388337135315,2096,17211,jpeg,0.052692413330078125
1778635858.20928,104.9868381023407,2097,17199,jpeg,0.0480043888092041
1778635858.2603369,105.03789496421814,2098,17192,jpeg,0.051056861877441406
1778635858.307807,105.08536505699158,2099,17207,jpeg,0.0474700927734375
1778635858.3541625,105.13172054290771,2100,17247,jpeg,0.046355485916137695
1778635858.4093823,105.18694043159485,2101,17212,jpeg,0.05521988868713379
1778635858.4616263,105.23918437957764,2102,17233,jpeg,0.052243947982788086
1778635858.5042737,105.28183174133301,2103,17209,jpeg,0.042647361755371094
1778635858.5578518,105.33540987968445,2104,17208,jpeg,0.05357813835144043
1778635858.6043823,105.38194036483765,2105,17186,jpeg,0.04653048515319824
1778635858.6549823,105.43254041671753,2106,17215,jpeg,0.05060005187988281
1778635858.7106812,105.48823928833008,2107,17245,jpeg,0.05569887161254883
1778635858.7547345,105.53229260444641,2108,17224,jpeg,0.04405331611633301
1778635858.803731,105.58128905296326,2109,17253,jpeg,0.0489964485168457
1778635858.8657331,105.64329123497009,2110,17220,jpeg,0.06200218200683594
1778635858.9108987,105.68845677375793,2111,17218,jpeg,0.0451655387878418
1778635858.954836,105.73239398002625,2112,17193,jpeg,0.04393720626831055
1778635859.0162334,105.79379153251648,2113,17171,jpeg,0.061397552490234375
1778635859.0622218,105.8397798538208,2114,17190,jpeg,0.04598832130432129
1778635859.1169863,105.89454436302185,2115,17199,jpeg,0.054764509201049805
1778635859.1580946,105.93565273284912,2116,17205,jpeg,0.04110836982727051
1778635859.206441,105.98399901390076,2117,17229,jpeg,0.04834628105163574
1778635859.2568302,106.03438830375671,2118,17206,jpeg,0.05038928985595703
1778635859.306669,106.08422708511353,2119,17183,jpeg,0.04983878135681152
1778635859.3557868,106.13334488868713,2120,17232,jpeg,0.0491178035736084
1778635859.4080024,106.18556046485901,2121,17218,jpeg,0.052215576171875
1778635859.4584963,106.23605442047119,2122,17237,jpeg,0.05049395561218262
1778635859.5077074,106.28526544570923,2123,17234,jpeg,0.04921102523803711
1778635859.557777,106.33533501625061,2124,17228,jpeg,0.050069570541381836
1778635859.609834,106.38739204406738,2125,17234,jpeg,0.05205702781677246
1778635859.6585953,106.43615341186523,2126,17218,jpeg,0.04876136779785156
1778635859.7078207,106.48537874221802,2127,17187,jpeg,0.0492253303527832
1778635859.7574856,106.53504371643066,2128,17212,jpeg,0.049664974212646484
1778635859.8045764,106.58213448524475,2129,17219,jpeg,0.047090768814086914
1778635859.8584805,106.63603854179382,2130,17192,jpeg,0.053904056549072266
1778635859.9150364,106.69259452819824,2131,17205,jpeg,0.056555986404418945
1778635859.9557185,106.73327660560608,2132,17215,jpeg,0.040682077407836914
1778635860.0072722,106.78483033180237,2133,17216,jpeg,0.05155372619628906
1778635860.0572736,106.83483171463013,2134,17236,jpeg,0.05000138282775879
1778635860.1113331,106.88889122009277,2135,17230,jpeg,0.054059505462646484
1778635860.1525953,106.93015336990356,2136,17237,jpeg,0.041262149810791016
1778635860.2120535,106.98961162567139,2137,17204,jpeg,0.059458255767822266
1778635860.2619343,107.03949236869812,2138,17207,jpeg,0.0498807430267334
1778635860.305792,107.08335018157959,2139,17242,jpeg,0.04385781288146973
1778635860.3562915,107.13384962081909,2140,17226,jpeg,0.05049943923950195
1778635860.4125125,107.19007062911987,2141,17195,jpeg,0.05622100830078125
1778635860.4566665,107.23422455787659,2142,17215,jpeg,0.04415392875671387
1778635860.508831,107.28638911247253,2143,17207,jpeg,0.052164554595947266
1778635860.5580559,107.33561396598816,2144,17232,jpeg,0.049224853515625
1778635860.6065643,107.38412237167358,2145,17213,jpeg,0.048508405685424805
1778635860.656929,107.4344871044159,2146,17191,jpeg,0.05036473274230957
1778635860.7090142,107.486572265625,2147,17221,jpeg,0.052085161209106445
1778635860.757705,107.53526306152344,2148,17267,jpeg,0.0486907958984375
1778635860.8088665,107.5864245891571,2149,17248,jpeg,0.05116152763366699
1778635860.8534951,107.63105320930481,2150,17218,jpeg,0.04462862014770508
1778635860.9077187,107.68527674674988,2151,17221,jpeg,0.05422353744506836
1778635860.9631002,107.74065828323364,2152,17194,jpeg,0.05538153648376465
1778635861.0030906,107.7806487083435,2153,17233,jpeg,0.03999042510986328
1778635861.0560594,107.83361744880676,2154,17232,jpeg,0.052968740463256836
1778635861.1085513,107.88610935211182,2155,17227,jpeg,0.05249190330505371
1778635861.1548333,107.93239140510559,2156,17210,jpeg,0.046282052993774414
1778635861.2089612,107.98651933670044,2157,17186,jpeg,0.05412793159484863
1778635861.255819,108.03337717056274,2158,17170,jpeg,0.04685783386230469
1778635861.305804,108.08336210250854,2159,17188,jpeg,0.04998493194580078
1778635861.3548028,108.13236093521118,2160,17215,jpeg,0.04899883270263672
1778635861.4096448,108.18720293045044,2161,17253,jpeg,0.05484199523925781
1778635861.4583225,108.23588061332703,2162,17238,jpeg,0.048677682876586914
1778635861.5064065,108.28396463394165,2163,17220,jpeg,0.04808402061462402
1778635861.5556307,108.33318877220154,2164,17230,jpeg,0.049224138259887695
1778635861.6047847,108.38234281539917,2165,17189,jpeg,0.049154043197631836
1778635861.6562555,108.43381357192993,2166,17211,jpeg,0.05147075653076172
1778635861.7046187,108.48217678070068,2167,17246,jpeg,0.04836320877075195
1778635861.7565236,108.53408169746399,2168,17231,jpeg,0.051904916763305664
1778635861.806716,108.58427405357361,2169,17219,jpeg,0.05019235610961914
1778635861.8543801,108.63193821907043,2170,17232,jpeg,0.04766416549682617
1778635861.9060562,108.6836142539978,2171,17238,jpeg,0.051676034927368164
1778635861.954278,108.73183608055115,2172,17220,jpeg,0.04822182655334473
1778635862.0085838,108.786141872406,2173,17208,jpeg,0.0543057918548584
1778635862.0573423,108.83490037918091,2174,17214,jpeg,0.048758506774902344
1778635862.10457,108.8821280002594,2175,17241,jpeg,0.04722762107849121
1778635862.1590786,108.93663668632507,2176,17238,jpeg,0.05450868606567383
1778635862.201362,108.97891998291016,2177,17218,jpeg,0.04228329658508301
1778635862.2576635,109.03522157669067,2178,17245,jpeg,0.05630159378051758
1778635862.303212,109.08077001571655,2179,17226,jpeg,0.045548439025878906
1778635862.3547583,109.13231635093689,2180,17259,jpeg,0.051546335220336914
1778635862.4019763,109.17953443527222,2181,17231,jpeg,0.04721808433532715
1778635862.4563842,109.23394227027893,2182,17214,jpeg,0.05440783500671387
1778635862.5064225,109.28398060798645,2183,17225,jpeg,0.05003833770751953
1778635862.5535998,109.33115792274475,2184,17215,jpeg,0.04717731475830078
1778635862.6079922,109.38555026054382,2185,17244,jpeg,0.054392337799072266
1778635862.6578684,109.43542647361755,2186,17243,jpeg,0.04987621307373047
1778635862.7038083,109.48136639595032,2187,17230,jpeg,0.04593992233276367
1778635862.7599041,109.53746223449707,2188,17227,jpeg,0.05609583854675293
1778635862.8082616,109.58581972122192,2189,17241,jpeg,0.048357486724853516
1778635862.8549366,109.63249468803406,2190,17237,jpeg,0.04667496681213379
1778635862.9089513,109.68650937080383,2191,17237,jpeg,0.05401468276977539
1778635862.9592555,109.73681354522705,2192,17229,jpeg,0.05030417442321777
1778635863.0063233,109.78388142585754,2193,17237,jpeg,0.047067880630493164
1778635863.0561757,109.83373379707336,2194,17253,jpeg,0.04985237121582031
1778635863.1067123,109.8842704296112,2195,17243,jpeg,0.0505366325378418
1778635863.155518,109.93307614326477,2196,17244,jpeg,0.04880571365356445
1778635863.207828,109.98538613319397,2197,17231,jpeg,0.05230998992919922
1778635863.2580616,110.03561973571777,2198,17228,jpeg,0.05023360252380371
1778635863.305308,110.08286619186401,2199,17238,jpeg,0.047246456146240234
1778635863.35858,110.13613820075989,2200,17219,jpeg,0.05327200889587402
1778635863.402409,110.17996716499329,2201,17215,jpeg,0.04382896423339844
1778635863.4572628,110.23482084274292,2202,17206,jpeg,0.05485367774963379
1778635863.5028872,110.28044533729553,2203,17203,jpeg,0.045624494552612305
1778635863.555104,110.3326621055603,2204,17256,jpeg,0.05221676826477051
1778635863.607223,110.38478112220764,2205,17211,jpeg,0.05211901664733887
1778635863.6574712,110.43502926826477,2206,17205,jpeg,0.050248146057128906
1778635863.7086663,110.48622441291809,2207,17252,jpeg,0.05119514465332031
1778635863.755033,110.53259110450745,2208,17226,jpeg,0.04636669158935547
1778635863.8091736,110.58673167228699,2209,17195,jpeg,0.054140567779541016
1778635863.8571203,110.63467836380005,2210,17198,jpeg,0.04794669151306152
1778635863.9053104,110.68286848068237,2211,17220,jpeg,0.04819011688232422
1778635863.9564052,110.73396325111389,2212,17245,jpeg,0.051094770431518555
1778635864.0053976,110.78295564651489,2213,17229,jpeg,0.04899239540100098
1778635864.0629756,110.84053373336792,2214,17188,jpeg,0.057578086853027344
1778635864.1095095,110.88706755638123,2215,17240,jpeg,0.046533823013305664
1778635864.1599972,110.93755531311035,2216,17224,jpeg,0.05048775672912598
1778635864.2100008,110.98755884170532,2217,17234,jpeg,0.0500035285949707
1778635864.2630746,111.04063272476196,2218,17222,jpeg,0.053073883056640625
1778635864.310062,111.08762001991272,2219,17233,jpeg,0.046987295150756836
1778635864.3526785,111.13023662567139,2220,17226,jpeg,0.04261660575866699
1778635864.4116974,111.18925547599792,2221,17249,jpeg,0.059018850326538086
1778635864.4602282,111.23778629302979,2222,17227,jpeg,0.04853081703186035
1778635864.5044222,111.28198027610779,2223,17215,jpeg,0.04419398307800293
1778635864.557289,111.33484697341919,2224,17225,jpeg,0.05286669731140137
1778635864.6087005,111.38625860214233,2225,17214,jpeg,0.05141162872314453
1778635864.6545725,111.43213057518005,2226,17202,jpeg,0.04587197303771973
1778635864.7097363,111.4872944355011,2227,17192,jpeg,0.05516386032104492
1778635864.754229,111.53178715705872,2228,17205,jpeg,0.04449272155761719
1778635864.8065748,111.58413290977478,2229,17218,jpeg,0.05234575271606445
1778635864.8540065,111.63156461715698,2230,17231,jpeg,0.04743170738220215
1778635864.9067147,111.68427276611328,2231,17224,jpeg,0.05270814895629883
1778635864.9546394,111.73219752311707,2232,17210,jpeg,0.04792475700378418
1778635865.0040715,111.78162956237793,2233,17211,jpeg,0.04943203926086426
1778635865.0560846,111.83364272117615,2234,17203,jpeg,0.05201315879821777
1778635865.104632,111.88218998908997,2235,17201,jpeg,0.04854726791381836
1778635865.1550655,111.93262362480164,2236,17216,jpeg,0.05043363571166992
1778635865.2075005,111.98505854606628,2237,17223,jpeg,0.05243492126464844
1778635865.2567365,112.03429460525513,2238,17214,jpeg,0.04923605918884277
1778635865.3078563,112.08541440963745,2239,17224,jpeg,0.05111980438232422
1778635865.3554468,112.13300490379333,2240,17209,jpeg,0.04759049415588379
1778635865.4039636,112.18152165412903,2241,17210,jpeg,0.04851675033569336
1778635865.4581223,112.23568034172058,2242,17191,jpeg,0.054158687591552734
1778635865.5064166,112.28397464752197,2243,17203,jpeg,0.0482943058013916
1778635865.5553284,112.33288645744324,2244,17238,jpeg,0.04891180992126465
1778635865.6059477,112.38350582122803,2245,17225,jpeg,0.05061936378479004
1778635865.6566868,112.43424487113953,2246,17242,jpeg,0.05073904991149902
1778635865.7077832,112.4853413105011,2247,17243,jpeg,0.051096439361572266
1778635865.7570624,112.53462052345276,2248,17228,jpeg,0.049279212951660156
1778635865.8079748,112.58553290367126,2249,17245,jpeg,0.05091238021850586
1778635865.8566892,112.63424730300903,2250,17191,jpeg,0.048714399337768555
1778635865.9085236,112.68608164787292,2251,17226,jpeg,0.0518343448638916
1778635865.9611802,112.73873829841614,2252,17220,jpeg,0.05265665054321289
1778635866.0052738,112.78283190727234,2253,17229,jpeg,0.04409360885620117
1778635866.0524743,112.83003234863281,2254,17229,jpeg,0.04720044136047363
1778635866.1064394,112.88399744033813,2255,17240,jpeg,0.053965091705322266
1778635866.155553,112.9331111907959,2256,17197,jpeg,0.04911375045776367
1778635866.2062607,112.98381876945496,2257,17210,jpeg,0.05070757865905762
1778635866.2571323,113.03469038009644,2258,17218,jpeg,0.05087161064147949
1778635866.303232,113.0807900428772,2259,17224,jpeg,0.04609966278076172
1778635866.3568456,113.13440370559692,2260,17199,jpeg,0.05361366271972656
1778635866.4013708,113.1789288520813,2261,17218,jpeg,0.044525146484375
1778635866.4559462,113.23350429534912,2262,17209,jpeg,0.054575443267822266
1778635866.5077693,113.2853274345398,2263,17217,jpeg,0.05182313919067383
1778635866.5697527,113.34731078147888,2264,17218,jpeg,0.061983346939086914
1778635866.604643,113.38220119476318,2265,17207,jpeg,0.03489041328430176
1778635866.6579812,113.43553924560547,2266,17211,jpeg,0.053338050842285156
1778635866.7052894,113.4828474521637,2267,17213,jpeg,0.04730820655822754
1778635866.7515526,113.52911067008972,2268,17212,jpeg,0.04626321792602539
1778635866.8028238,113.58038187026978,2269,17215,jpeg,0.05127120018005371
1778635866.854008,113.63156604766846,2270,17230,jpeg,0.05118417739868164
1778635866.9013271,113.67888522148132,2271,17224,jpeg,0.04731917381286621
1778635866.9516685,113.72922658920288,2272,17197,jpeg,0.05034136772155762
1778635867.0079272,113.78548526763916,2273,17175,jpeg,0.0562586784362793
1778635867.0519068,113.82946491241455,2274,17170,jpeg,0.043979644775390625
1778635867.1017325,113.87929058074951,2275,17208,jpeg,0.04982566833496094
1778635867.1546235,113.93218159675598,2276,17172,jpeg,0.05289101600646973
1778635867.2037735,113.98133158683777,2277,17212,jpeg,0.04914999008178711
1778635867.2550104,114.03256845474243,2278,17227,jpeg,0.051236867904663086
1778635867.304178,114.08173608779907,2279,17188,jpeg,0.049167633056640625
1778635867.3535032,114.1310613155365,2280,17191,jpeg,0.04932522773742676
1778635867.407562,114.18512010574341,2281,17213,jpeg,0.05405879020690918
1778635867.4584315,114.23598957061768,2282,17218,jpeg,0.05086946487426758
1778635867.5035484,114.28110647201538,2283,17211,jpeg,0.04511690139770508
1778635867.5551262,114.33268427848816,2284,17230,jpeg,0.05157780647277832
1778635867.6068435,114.38440155982971,2285,17213,jpeg,0.051717281341552734
1778635867.6561227,114.43368077278137,2286,17237,jpeg,0.049279212951660156
1778635867.7067385,114.48429656028748,2287,17223,jpeg,0.050615787506103516
1778635867.7558887,114.53344678878784,2288,17220,jpeg,0.04915022850036621
1778635867.8013597,114.57891774177551,2289,17250,jpeg,0.0454709529876709
1778635867.8528585,114.63041663169861,2290,17198,jpeg,0.0514988899230957
1778635867.9011679,114.67872595787048,2291,17194,jpeg,0.048309326171875
1778635867.9514234,114.72898149490356,2292,17216,jpeg,0.050255537033081055
1778635868.002766,114.78032398223877,2293,17225,jpeg,0.05134248733520508
1778635868.0529356,114.83049368858337,2294,17217,jpeg,0.05016970634460449
1778635868.1016347,114.87919282913208,2295,17221,jpeg,0.048699140548706055
1778635868.1547291,114.93228721618652,2296,17226,jpeg,0.05309438705444336
1778635868.2040334,114.98159146308899,2297,17218,jpeg,0.04930424690246582
1778635868.254118,115.03167605400085,2298,17220,jpeg,0.050084590911865234
1778635868.3071046,115.08466267585754,2299,17227,jpeg,0.05298662185668945
1778635868.3544428,115.13200092315674,2300,17217,jpeg,0.047338247299194336
1778635868.4044342,115.18199229240417,2301,17226,jpeg,0.04999136924743652
1778635868.4521782,115.229736328125,2302,17199,jpeg,0.047744035720825195
1778635868.5112329,115.2887909412384,2303,17208,jpeg,0.05905461311340332
1778635868.554563,115.33212113380432,2304,17238,jpeg,0.04333019256591797
1778635868.6078572,115.38541531562805,2305,17225,jpeg,0.05329418182373047
1778635868.659612,115.43717002868652,2306,17196,jpeg,0.05175471305847168
1778635868.7067313,115.4842894077301,2307,17237,jpeg,0.0471193790435791
1778635868.7575922,115.53515028953552,2308,17220,jpeg,0.05086088180541992
1778635868.8090422,115.5866003036499,2309,17194,jpeg,0.05145001411437988
1778635868.854518,115.63207602500916,2310,17226,jpeg,0.04547572135925293
1778635868.9083366,115.68589472770691,2311,17259,jpeg,0.053818702697753906
1778635868.9585357,115.73609375953674,2312,17206,jpeg,0.050199031829833984
1778635869.0090387,115.78659677505493,2313,17204,jpeg,0.05050301551818848
1778635869.0580146,115.83557271957397,2314,17217,jpeg,0.04897594451904297
1778635869.1017547,115.87931275367737,2315,17207,jpeg,0.043740034103393555
1778635869.1512747,115.92883276939392,2316,17232,jpeg,0.049520015716552734
1778635869.2065713,115.98412942886353,2317,17240,jpeg,0.05529665946960449
1778635869.2587717,116.03632974624634,2318,17237,jpeg,0.0522003173828125
1778635869.3077989,116.08535695075989,2319,17229,jpeg,0.049027204513549805
1778635869.3585784,116.13613653182983,2320,17235,jpeg,0.05077958106994629
1778635869.407084,116.18464207649231,2321,17217,jpeg,0.048505544662475586
1778635869.454466,116.23202419281006,2322,17263,jpeg,0.04738211631774902
1778635869.5033216,116.28087973594666,2323,17241,jpeg,0.04885554313659668
1778635869.556749,116.3343071937561,2324,17242,jpeg,0.05342745780944824
1778635869.6072276,116.38478565216064,2325,17224,jpeg,0.050478458404541016
1778635869.6539733,116.43153142929077,2326,17220,jpeg,0.04674577713012695
1778635869.7069323,116.48449039459229,2327,17232,jpeg,0.05295896530151367
1778635869.7515647,116.52912282943726,2328,17224,jpeg,0.0446324348449707
1778635869.8051848,116.58274292945862,2329,17184,jpeg,0.053620100021362305
1778635869.8576767,116.63523483276367,2330,17234,jpeg,0.05249190330505371
1778635869.9034076,116.68096566200256,2331,17214,jpeg,0.0457308292388916
1778635869.9556277,116.73318576812744,2332,17228,jpeg,0.05222010612487793
1778635870.0052648,116.78282284736633,2333,17223,jpeg,0.0496370792388916
1778635870.0533817,116.83093976974487,2334,16872,jpeg,0.04811692237854004
1778635870.106868,116.88442611694336,2335,14205,jpeg,0.05348634719848633
1778635870.1573353,116.93489336967468,2336,14944,jpeg,0.05046725273132324
1778635870.2029169,116.98047494888306,2337,15636,jpeg,0.04558157920837402
1778635870.256742,117.03430008888245,2338,16232,jpeg,0.05382513999938965
1778635870.3054748,117.0830328464508,2339,15835,jpeg,0.048732757568359375
1778635870.3535771,117.13113522529602,2340,16747,jpeg,0.048102378845214844
1778635870.4059405,117.18349862098694,2341,16731,jpeg,0.05236339569091797
1778635870.4586856,117.236243724823,2342,16759,jpeg,0.05274510383605957
1778635870.503978,117.28153610229492,2343,16799,jpeg,0.04529237747192383
1778635870.5556936,117.33325171470642,2344,16995,jpeg,0.05171561241149902
1778635870.6075172,117.38507533073425,2345,17045,jpeg,0.05182361602783203
1778635870.6573522,117.4349102973938,2346,17034,jpeg,0.0498349666595459
1778635870.7075415,117.48509955406189,2347,17036,jpeg,0.05018925666809082
1778635870.7572355,117.53479361534119,2348,17053,jpeg,0.049694061279296875
1778635870.8021133,117.57967138290405,2349,17063,jpeg,0.04487776756286621
1778635870.8555388,117.63309693336487,2350,17080,jpeg,0.05342555046081543
1778635870.9025424,117.680100440979,2351,17057,jpeg,0.04700350761413574
1778635870.9554498,117.73300790786743,2352,17063,jpeg,0.052907466888427734
1778635871.0084214,117.78597950935364,2353,17080,jpeg,0.052971601486206055
1778635871.0578778,117.83543586730957,2354,17117,jpeg,0.04945635795593262
1778635871.1065862,117.88414430618286,2355,17139,jpeg,0.048708438873291016
1778635871.152265,117.92982316017151,2356,17141,jpeg,0.04567885398864746
1778635871.202427,117.979984998703,2357,17134,jpeg,0.05016183853149414
1778635871.25632,118.03387808799744,2358,17147,jpeg,0.053893089294433594
1778635871.3014097,118.07896780967712,2359,17140,jpeg,0.0450897216796875
1778635871.3523355,118.12989354133606,2360,17114,jpeg,0.05092573165893555
1778635871.402857,118.18041515350342,2361,17125,jpeg,0.0505216121673584
1778635871.4578764,118.23543453216553,2362,17104,jpeg,0.055019378662109375
1778635871.5028672,118.28042531013489,2363,17108,jpeg,0.04499077796936035
1778635871.5566351,118.3341932296753,2364,17138,jpeg,0.05376791954040527
1778635871.6025455,118.38010358810425,2365,17154,jpeg,0.04591035842895508
1778635871.6543043,118.43186235427856,2366,17141,jpeg,0.051758766174316406
1778635871.7060523,118.48361039161682,2367,17122,jpeg,0.051748037338256836
1778635871.7533832,118.53094124794006,2368,17134,jpeg,0.04733085632324219
1778635871.8049738,118.58253192901611,2369,17134,jpeg,0.051590681076049805
1778635871.8553648,118.63292288780212,2370,17135,jpeg,0.05039095878601074
1778635871.9012752,118.67883324623108,2371,16704,jpeg,0.04591035842895508
1778635871.950979,118.72853708267212,2372,14909,jpeg,0.04970383644104004
1778635872.0019941,118.77955222129822,2373,14502,jpeg,0.05101513862609863
1778635872.0534089,118.83096694946289,2374,14725,jpeg,0.05141472816467285
1778635872.1027503,118.8803083896637,2375,15086,jpeg,0.049341440200805664
1778635872.1547484,118.93230652809143,2376,14722,jpeg,0.051998138427734375
1778635872.2025845,118.98014259338379,2377,14315,jpeg,0.0478360652923584
1778635872.251107,119.02866506576538,2378,14203,jpeg,0.0485224723815918
1778635872.3076577,119.08521580696106,2379,14434,jpeg,0.05655074119567871
1778635872.3519676,119.1295256614685,2380,14533,jpeg,0.04430985450744629
1778635872.4090624,119.1866204738617,2381,14725,jpeg,0.05709481239318848
1778635872.4519541,119.22951221466064,2382,14856,jpeg,0.042891740798950195
1778635872.501058,119.27861618995667,2383,16124,jpeg,0.04910397529602051
1778635872.5511003,119.32865834236145,2384,15863,jpeg,0.050042152404785156
1778635872.6021035,119.3796615600586,2385,15332,jpeg,0.051003217697143555
1778635872.652323,119.42988109588623,2386,14734,jpeg,0.05021953582763672
1778635872.7052062,119.48276424407959,2387,15025,jpeg,0.052883148193359375
1778635872.7529025,119.5304605960846,2388,16360,jpeg,0.04769635200500488
1778635872.8056018,119.58315992355347,2389,15714,jpeg,0.05269932746887207
1778635872.8501692,119.62772727012634,2390,16671,jpeg,0.04456734657287598
1778635872.9025085,119.68006658554077,2391,15985,jpeg,0.05233931541442871
1778635872.9534867,119.73104476928711,2392,15596,jpeg,0.05097818374633789
1778635873.003731,119.78128910064697,2393,15887,jpeg,0.05024433135986328
1778635873.0519834,119.82954144477844,2394,16020,jpeg,0.04825234413146973
1778635873.1052046,119.88276267051697,2395,16010,jpeg,0.05322122573852539
1778635873.1529536,119.93051171302795,2396,16330,jpeg,0.04774904251098633
1778635873.2013583,119.97891640663147,2397,16660,jpeg,0.048404693603515625
1778635873.2556214,120.03317952156067,2398,16233,jpeg,0.05426311492919922
1778635873.3021808,120.07973885536194,2399,15948,jpeg,0.04655933380126953
1778635873.3520007,120.129558801651,2400,15936,jpeg,0.0498199462890625
1778635873.4048371,120.18239521980286,2401,16787,jpeg,0.05283641815185547
1778635873.5035455,120.28110361099243,2402,17204,jpeg,0.0987083911895752
1778635873.5545733,120.33213138580322,2403,16740,jpeg,0.051027774810791016
1778635873.6008914,120.37844944000244,2404,16439,jpeg,0.04631805419921875
1778635873.6515782,120.42913627624512,2405,16215,jpeg,0.05068683624267578
1778635873.7036989,120.48125696182251,2406,16868,jpeg,0.05212068557739258
1778635873.7517262,120.52928423881531,2407,17192,jpeg,0.04802727699279785
1778635873.8011723,120.57873034477234,2408,17010,jpeg,0.04944610595703125
1778635873.8536084,120.63116645812988,2409,16839,jpeg,0.052436113357543945
1778635873.9006944,120.67825245857239,2410,16924,jpeg,0.04708600044250488
1778635873.951478,120.72903609275818,2411,17120,jpeg,0.050783634185791016
1778635874.0122619,120.7898199558258,2412,17222,jpeg,0.06078386306762695
1778635874.0617266,120.839284658432,2413,17093,jpeg,0.04946470260620117
1778635874.1005588,120.8781168460846,2414,17028,jpeg,0.03883218765258789
1778635874.1632924,120.94085049629211,2415,17129,jpeg,0.06273365020751953
1778635874.2057,120.98325800895691,2416,17168,jpeg,0.04240751266479492
1778635874.2508848,121.02844285964966,2417,17235,jpeg,0.04518485069274902
1778635874.3062987,121.08385682106018,2418,17169,jpeg,0.05541396141052246
1778635874.3570607,121.13461875915527,2419,17198,jpeg,0.05076193809509277
1778635874.4046834,121.18224143981934,2420,17219,jpeg,0.0476226806640625
1778635874.459648,121.23720598220825,2421,17197,jpeg,0.054964542388916016
1778635874.5058453,121.28340339660645,2422,17224,jpeg,0.04619741439819336
1778635874.550606,121.32816410064697,2423,17197,jpeg,0.044760704040527344
1778635874.6042202,121.38177824020386,2424,17175,jpeg,0.053614139556884766
1778635874.650311,121.42786908149719,2425,17206,jpeg,0.04609084129333496
1778635874.700671,121.47822904586792,2426,17202,jpeg,0.05035996437072754
1778635874.7559638,121.53352189064026,2427,17223,jpeg,0.05529284477233887
1778635874.807991,121.58554911613464,2428,17217,jpeg,0.052027225494384766
1778635874.8559644,121.63352251052856,2429,17237,jpeg,0.0479733943939209
1778635874.9042625,121.68182063102722,2430,17222,jpeg,0.04829812049865723
1778635874.9563024,121.7338604927063,2431,17196,jpeg,0.05203986167907715
1778635875.0064843,121.78404235839844,2432,17201,jpeg,0.05018186569213867
1778635875.0521896,121.82974767684937,2433,17186,jpeg,0.045705318450927734
1778635875.104742,121.88230013847351,2434,17236,jpeg,0.05255246162414551
1778635875.1553335,121.93289160728455,2435,17238,jpeg,0.050591468811035156
1778635875.2038486,121.98140668869019,2436,17207,jpeg,0.04851508140563965
1778635875.2561178,122.03367590904236,2437,17219,jpeg,0.05226922035217285
1778635875.3056488,122.08320689201355,2438,17252,jpeg,0.049530982971191406
1778635875.3587856,122.13634371757507,2439,17261,jpeg,0.05313682556152344
1778635875.4014826,122.1790406703949,2440,17257,jpeg,0.04269695281982422
1778635875.4498055,122.22736358642578,2441,17224,jpeg,0.04832291603088379
1778635875.5009894,122.27854752540588,2442,17229,jpeg,0.05118393898010254
1778635875.5505743,122.32813239097595,2443,17243,jpeg,0.04958486557006836
1778635875.5991774,122.37673544883728,2444,17227,jpeg,0.048603057861328125
1778635875.6513321,122.42889022827148,2445,17217,jpeg,0.0521547794342041
1778635875.7015522,122.47911024093628,2446,17217,jpeg,0.05022001266479492
1778635875.749969,122.52752709388733,2447,17227,jpeg,0.048416852951049805
1778635875.8013322,122.57889032363892,2448,17256,jpeg,0.051363229751586914
1778635875.8512897,122.62884783744812,2449,17230,jpeg,0.0499575138092041
1778635875.9072268,122.68478488922119,2450,17220,jpeg,0.05593705177307129
1778635875.9504995,122.72805762290955,2451,17211,jpeg,0.04327273368835449
1778635876.0028703,122.78042840957642,2452,17232,jpeg,0.05237078666687012
1778635876.0483568,122.82591485977173,2453,17261,jpeg,0.0454864501953125
1778635876.1017098,122.8792679309845,2454,17246,jpeg,0.053353071212768555
1778635876.1555324,122.93309044837952,2455,17229,jpeg,0.05382251739501953
1778635876.1997945,122.97735261917114,2456,17225,jpeg,0.04426217079162598
1778635876.2521672,123.02972531318665,2457,17236,jpeg,0.05237269401550293
1778635876.3036716,123.08122968673706,2458,17205,jpeg,0.05150437355041504
1778635876.3496268,123.12718486785889,2459,17226,jpeg,0.04595518112182617
1778635876.4024932,123.18005132675171,2460,17235,jpeg,0.052866458892822266
1778635876.450845,123.22840309143066,2461,17228,jpeg,0.04835176467895508
1778635876.4996014,123.27715945243835,2462,17235,jpeg,0.04875636100769043
1778635876.5525324,123.33009052276611,2463,17236,jpeg,0.05293107032775879
1778635876.6056836,123.38324165344238,2464,17240,jpeg,0.05315113067626953
1778635876.6525936,123.43015170097351,2465,17261,jpeg,0.04691004753112793
1778635876.701296,123.47885417938232,2466,17259,jpeg,0.04870247840881348
1778635876.7482626,123.5258207321167,2467,17241,jpeg,0.046966552734375
1778635876.8029296,123.5804877281189,2468,17238,jpeg,0.054666996002197266
1778635876.8528247,123.63038277626038,2469,17243,jpeg,0.04989504814147949
1778635876.9016623,123.67922043800354,2470,17241,jpeg,0.04883766174316406
1778635876.9528193,123.7303774356842,2471,17194,jpeg,0.05115699768066406
1778635877.0069442,123.78450226783752,2472,17206,jpeg,0.05412483215332031
1778635877.0545526,123.83211064338684,2473,17201,jpeg,0.047608375549316406
1778635877.1025596,123.88011765480042,2474,17230,jpeg,0.04800701141357422
1778635877.1500454,123.92760348320007,2475,17186,jpeg,0.0474858283996582
1778635877.2066717,123.98422980308533,2476,17232,jpeg,0.056626319885253906
1778635877.253683,124.03124117851257,2477,17218,jpeg,0.047011375427246094
1778635877.3053608,124.08291888237,2478,17207,jpeg,0.051677703857421875
1778635877.3565514,124.13410949707031,2479,17223,jpeg,0.05119061470031738
1778635877.4009097,124.17846775054932,2480,17222,jpeg,0.044358253479003906
1778635877.4520469,124.22960495948792,2481,17213,jpeg,0.05113720893859863
1778635877.5032012,124.28075933456421,2482,17209,jpeg,0.051154375076293945
1778635877.5530598,124.33061790466309,2483,17230,jpeg,0.04985857009887695
1778635877.602112,124.37967014312744,2484,17218,jpeg,0.04905223846435547
1778635877.6551979,124.43275594711304,2485,17232,jpeg,0.0530858039855957
1778635877.700928,124.47848606109619,2486,17196,jpeg,0.0457301139831543
1778635877.754414,124.5319721698761,2487,17205,jpeg,0.05348610877990723
1778635877.803712,124.58126997947693,2488,17212,jpeg,0.04929780960083008
1778635877.8520055,124.62956357002258,2489,17230,jpeg,0.0482935905456543
1778635877.9014657,124.67902374267578,2490,17230,jpeg,0.04946017265319824
1778635877.952852,124.73041009902954,2491,17206,jpeg,0.051386356353759766
1778635878.002497,124.78005504608154,2492,17212,jpeg,0.04964494705200195
1778635878.0545304,124.83208847045898,2493,17204,jpeg,0.052033424377441406
1778635878.0986898,124.87624788284302,2494,17216,jpeg,0.0441594123840332
1778635878.154096,124.93165397644043,2495,17200,jpeg,0.05540609359741211
1778635878.2004733,124.97803139686584,2496,17204,jpeg,0.04637742042541504
1778635878.2521696,125.02972769737244,2497,17216,jpeg,0.0516963005065918
1778635878.3013766,125.07893466949463,2498,17212,jpeg,0.04920697212219238
1778635878.3496048,125.12716293334961,2499,17198,jpeg,0.04822826385498047
1778635878.3983927,125.17595076560974,2500,17205,jpeg,0.048787832260131836
1778635878.4534478,125.23100590705872,2501,17188,jpeg,0.05505514144897461
1778635878.4997456,125.27730369567871,2502,17229,jpeg,0.04629778861999512
1778635878.5487623,125.32632040977478,2503,17212,jpeg,0.049016714096069336
1778635878.5984101,125.37596821784973,2504,17224,jpeg,0.04964780807495117
1778635878.6498275,125.42738556861877,2505,17222,jpeg,0.05141735076904297
1778635878.700461,125.47801899909973,2506,17217,jpeg,0.05063343048095703
1778635878.7496152,125.52717328071594,2507,17217,jpeg,0.04915428161621094
1778635878.8012686,125.5788266658783,2508,17242,jpeg,0.051653385162353516
1778635878.8490083,125.6265664100647,2509,17247,jpeg,0.04773974418640137
1778635878.8980675,125.67562556266785,2510,17218,jpeg,0.049059152603149414
1778635878.9548986,125.73245668411255,2511,17212,jpeg,0.05683112144470215
1778635879.0012422,125.77880024909973,2512,17213,jpeg,0.04634356498718262
1778635879.0536978,125.83125591278076,2513,17213,jpeg,0.05245566368103027
1778635879.1018162,125.87937426567078,2514,17208,jpeg,0.04811835289001465
1778635879.1552465,125.93280458450317,2515,17200,jpeg,0.05343031883239746
1778635879.1982698,125.97582793235779,2516,16505,jpeg,0.04302334785461426
1778635879.2567282,126.03428626060486,2517,15921,jpeg,0.05845832824707031
1778635879.3029053,126.08046340942383,2518,17085,jpeg,0.04617714881896973
1778635879.351777,126.1293351650238,2519,17102,jpeg,0.048871755599975586
1778635879.4040213,126.18157935142517,2520,17097,jpeg,0.05224418640136719
1778635879.4472878,126.22484588623047,2521,17100,jpeg,0.04326653480529785
1778635879.501882,126.27944016456604,2522,17111,jpeg,0.05459427833557129
1778635879.5507855,126.32834362983704,2523,17116,jpeg,0.048903465270996094
1778635879.5991807,126.37673878669739,2524,17148,jpeg,0.04839515686035156
1778635879.6533139,126.43087196350098,2525,17148,jpeg,0.05413317680358887
1778635879.7035487,126.48110675811768,2526,17157,jpeg,0.05023479461669922
1778635879.7499814,126.52753949165344,2527,17163,jpeg,0.0464327335357666
1778635879.7984815,126.5760395526886,2528,17179,jpeg,0.04850006103515625
1778635879.8521092,126.62966728210449,2529,17171,jpeg,0.053627729415893555
1778635879.9002578,126.67781591415405,2530,17178,jpeg,0.04814863204956055
1778635879.9479225,126.72548055648804,2531,17138,jpeg,0.047664642333984375
1778635880.00134,126.77889800071716,2532,17153,jpeg,0.05341744422912598
1778635880.0505135,126.82807159423828,2533,17170,jpeg,0.049173593521118164
1778635880.1036584,126.8812165260315,2534,17168,jpeg,0.05314493179321289
1778635880.152003,126.92956113815308,2535,17164,jpeg,0.04834461212158203
1778635880.1991503,126.97670841217041,2536,17160,jpeg,0.047147274017333984
1778635880.2525015,127.03005957603455,2537,17176,jpeg,0.05335116386413574
1778635880.3014789,127.07903695106506,2538,17158,jpeg,0.04897737503051758
1778635880.3496754,127.12723350524902,2539,17178,jpeg,0.04819655418395996
1778635880.403743,127.18130111694336,2540,17153,jpeg,0.05406761169433594
1778635880.4520743,127.22963237762451,2541,17134,jpeg,0.048331260681152344
1778635880.4997766,127.277334690094,2542,17134,jpeg,0.04770231246948242
1778635880.5528326,127.3303906917572,2543,17120,jpeg,0.05305600166320801
1778635880.6023953,127.37995338439941,2544,17153,jpeg,0.049562692642211914
1778635880.650128,127.42768597602844,2545,17149,jpeg,0.04773259162902832
1778635880.703029,127.48058700561523,2546,17144,jpeg,0.05290102958679199
1778635880.7550015,127.532559633255,2547,17137,jpeg,0.05197262763977051
1778635880.8038833,127.5814414024353,2548,17131,jpeg,0.04888176918029785
1778635880.8513196,127.62887763977051,2549,17160,jpeg,0.04743623733520508
1778635880.899079,127.67663717269897,2550,17126,jpeg,0.0477595329284668
1778635880.955573,127.73313117027283,2551,17166,jpeg,0.05649399757385254
1778635881.0026827,127.78024077415466,2552,17174,jpeg,0.04710960388183594
1778635881.0492787,127.82683682441711,2553,17146,jpeg,0.04659605026245117
1778635881.1052918,127.88284993171692,2554,17156,jpeg,0.05601310729980469
1778635881.1524496,127.93000769615173,2555,17148,jpeg,0.04715776443481445
1778635881.2042751,127.9818332195282,2556,17144,jpeg,0.051825523376464844
1778635881.2477164,128.02527451515198,2557,17149,jpeg,0.0434412956237793
1778635881.3021789,128.0797369480133,2558,17156,jpeg,0.054462432861328125
1778635881.3534734,128.1310315132141,2559,17165,jpeg,0.051294565200805664
1778635881.4024775,128.1800355911255,2560,17169,jpeg,0.04900407791137695
1778635881.4492989,128.2268569469452,2561,17164,jpeg,0.04682135581970215
1778635881.499703,128.27726101875305,2562,17184,jpeg,0.05040407180786133
1778635881.5471117,128.32466983795166,2563,17157,jpeg,0.0474088191986084
1778635881.5995722,128.37713027000427,2564,17185,jpeg,0.052460432052612305
1778635881.650062,128.4276201725006,2565,17157,jpeg,0.05048990249633789
1778635881.697689,128.4752471446991,2566,17156,jpeg,0.04762697219848633
1778635881.7529817,128.53053975105286,2567,17162,jpeg,0.055292606353759766
1778635881.8049147,128.5824728012085,2568,17143,jpeg,0.05193305015563965
1778635881.8475652,128.6251232624054,2569,17155,jpeg,0.042650461196899414
1778635881.8975644,128.67512249946594,2570,17195,jpeg,0.049999237060546875
1778635881.948823,128.7263810634613,2571,17144,jpeg,0.05125856399536133
1778635881.9979203,128.7754783630371,2572,17153,jpeg,0.049097299575805664
1778635882.0476599,128.82521796226501,2573,17139,jpeg,0.04973959922790527
1778635882.0989842,128.8765423297882,2574,17144,jpeg,0.05132436752319336
1778635882.148492,128.92605018615723,2575,17148,jpeg,0.049507856369018555
1778635882.2009559,128.97851395606995,2576,17160,jpeg,0.05246376991271973
1778635882.2498593,129.02741742134094,2577,17171,jpeg,0.048903465270996094
1778635882.2986555,129.07621359825134,2578,17162,jpeg,0.04879617691040039
1778635882.3494034,129.12696146965027,2579,17177,jpeg,0.05074787139892578
1778635882.4004805,129.17803859710693,2580,17151,jpeg,0.05107712745666504
1778635882.4503486,129.22790670394897,2581,17167,jpeg,0.049868106842041016
1778635882.4983602,129.27591824531555,2582,17174,jpeg,0.04801154136657715
1778635882.551654,129.3292121887207,2583,17138,jpeg,0.05329394340515137
1778635882.6009102,129.3784682750702,2584,17145,jpeg,0.049256086349487305
1778635882.648359,129.4259171485901,2585,17171,jpeg,0.04744887351989746
1778635882.7034328,129.48099088668823,2586,17186,jpeg,0.05507373809814453
1778635882.7566032,129.5341613292694,2587,17158,jpeg,0.05317044258117676
1778635882.7991998,129.57675790786743,2588,17144,jpeg,0.04259657859802246
1778635882.856318,129.63387608528137,2589,17137,jpeg,0.05711817741394043
1778635882.8991027,129.6766607761383,2590,17132,jpeg,0.042784690856933594
1778635882.9488032,129.72636127471924,2591,17148,jpeg,0.04970049858093262
1778635883.0009706,129.77852869033813,2592,17125,jpeg,0.052167415618896484
1778635883.0570655,129.83462357521057,2593,17111,jpeg,0.05609488487243652
1778635883.0972142,129.87477231025696,2594,17125,jpeg,0.04014873504638672
1778635883.1518452,129.9294033050537,2595,17131,jpeg,0.05463099479675293
1778635883.1988437,129.97640180587769,2596,17170,jpeg,0.04699850082397461
1778635883.2505167,130.02807474136353,2597,17139,jpeg,0.051672935485839844
1778635883.3005276,130.07808566093445,2598,17141,jpeg,0.05001091957092285
1778635883.3526447,130.13020277023315,2599,17142,jpeg,0.052117109298706055
1778635883.4016657,130.17922377586365,2600,17151,jpeg,0.049021005630493164
1778635883.455962,130.23352003097534,2601,17148,jpeg,0.054296255111694336
1778635883.505377,130.2829351425171,2602,17137,jpeg,0.04941511154174805
1778635883.5541346,130.33169269561768,2603,17142,jpeg,0.04875755310058594
1778635883.598284,130.3758420944214,2604,17146,jpeg,0.04414939880371094
1778635883.6470537,130.4246118068695,2605,17159,jpeg,0.04876971244812012
1778635883.7029657,130.48052382469177,2606,17121,jpeg,0.055912017822265625
1778635883.7495282,130.52708625793457,2607,17145,jpeg,0.04656243324279785
1778635883.7983413,130.5758993625641,2608,17175,jpeg,0.0488131046295166
1778635883.851964,130.62952208518982,2609,17170,jpeg,0.05362272262573242
1778635883.9005532,130.67811131477356,2610,17139,jpeg,0.048589229583740234
1778635883.9477882,130.725346326828,2611,17152,jpeg,0.04723501205444336
1778635884.0015738,130.77913188934326,2612,17153,jpeg,0.05378556251525879
1778635884.0523996,130.82995772361755,2613,17122,jpeg,0.05082583427429199
1778635884.0989537,130.87651181221008,2614,17142,jpeg,0.0465540885925293
1778635884.1473708,130.9249289035797,2615,17150,jpeg,0.048417091369628906
1778635884.2018557,130.97941374778748,2616,17159,jpeg,0.05448484420776367
1778635884.249435,131.02699303627014,2617,17176,jpeg,0.047579288482666016
1778635884.2983193,131.0758774280548,2618,17146,jpeg,0.04888439178466797
1778635884.3545153,131.13207340240479,2619,17145,jpeg,0.056195974349975586
1778635884.4027636,131.1803216934204,2620,17164,jpeg,0.048248291015625
1778635884.450171,131.22772908210754,2621,17206,jpeg,0.04740738868713379
1778635884.5023944,131.27995252609253,2622,17166,jpeg,0.05222344398498535
1778635884.5506516,131.32820963859558,2623,17163,jpeg,0.04825711250305176
1778635884.6011152,131.37867331504822,2624,17163,jpeg,0.05046367645263672
1778635884.6521518,131.42970991134644,2625,17168,jpeg,0.05103659629821777
1778635884.7014544,131.47901248931885,2626,17140,jpeg,0.04930257797241211
1778635884.7533305,131.53088855743408,2627,17155,jpeg,0.051876068115234375
1778635884.8007596,131.5783176422119,2628,17140,jpeg,0.04742908477783203
1778635884.8509302,131.62848830223083,2629,17124,jpeg,0.0501706600189209
1778635884.903913,131.68147110939026,2630,17143,jpeg,0.05298280715942383
1778635884.9522913,131.7298493385315,2631,17154,jpeg,0.04837822914123535
1778635884.9959502,131.773508310318,2632,17152,jpeg,0.04365897178649902
1778635885.0488734,131.82643151283264,2633,17144,jpeg,0.05292320251464844
1778635885.1019623,131.87952041625977,2634,17153,jpeg,0.05308890342712402
1778635885.1514757,131.9290337562561,2635,17161,jpeg,0.04951333999633789
1778635885.2010934,131.9786515235901,2636,17139,jpeg,0.049617767333984375
1778635885.2496858,132.02724385261536,2637,17154,jpeg,0.048592329025268555
1778635885.3036237,132.08118176460266,2638,17138,jpeg,0.05393791198730469
1778635885.35013,132.12768816947937,2639,17132,jpeg,0.046506404876708984
1778635885.4040458,132.18160390853882,2640,17148,jpeg,0.05391573905944824
1778635885.4469607,132.22451877593994,2641,17148,jpeg,0.04291486740112305
1778635885.502744,132.2803020477295,2642,17142,jpeg,0.05578327178955078
1778635885.5494835,132.32704162597656,2643,17121,jpeg,0.04673957824707031
1778635885.5985644,132.3761224746704,2644,17147,jpeg,0.049080848693847656
1778635885.6481655,132.42572355270386,2645,17146,jpeg,0.049601078033447266
1778635885.7010882,132.47864627838135,2646,17143,jpeg,0.052922725677490234
1778635885.7487333,132.52629137039185,2647,17137,jpeg,0.04764509201049805
1778635885.7984774,132.57603549957275,2648,17150,jpeg,0.0497441291809082
1778635885.854885,132.63244318962097,2649,17123,jpeg,0.05640769004821777
1778635885.9058867,132.68344473838806,2650,17138,jpeg,0.051001548767089844
1778635885.95038,132.72793817520142,2651,17123,jpeg,0.04449343681335449
1778635886.0029173,132.7804753780365,2652,17158,jpeg,0.05253720283508301
1778635886.05142,132.82897806167603,2653,17178,jpeg,0.04850268363952637
1778635886.1005056,132.87806367874146,2654,17153,jpeg,0.04908561706542969
1778635886.1476417,132.92519974708557,2655,17144,jpeg,0.04713606834411621
1778635886.2013588,132.97891688346863,2656,17152,jpeg,0.05371713638305664
1778635886.251357,133.02891516685486,2657,17130,jpeg,0.04999828338623047
1778635886.2986338,133.07619190216064,2658,17144,jpeg,0.04727673530578613
1778635886.3516765,133.12923455238342,2659,17138,jpeg,0.05304265022277832
1778635886.3959408,133.17349886894226,2660,17167,jpeg,0.04426431655883789
1778635886.448441,133.22599911689758,2661,17133,jpeg,0.052500247955322266
1778635886.4964612,133.274019241333,2662,17153,jpeg,0.048020124435424805
1778635886.548784,133.32634210586548,2663,17164,jpeg,0.0523228645324707
1778635886.6022484,133.3798065185547,2664,17159,jpeg,0.053464412689208984
1778635886.6459289,133.4234869480133,2665,17155,jpeg,0.043680429458618164
1778635886.697746,133.4753041267395,2666,17115,jpeg,0.05181717872619629
1778635886.7490823,133.52664041519165,2667,17132,jpeg,0.05133628845214844
1778635886.8009005,133.57845854759216,2668,17130,jpeg,0.051818132400512695
1778635886.8486373,133.62619543075562,2669,17117,jpeg,0.04773688316345215
1778635886.9015846,133.67914271354675,2670,17154,jpeg,0.052947282791137695
1778635886.9510365,133.72859454154968,2671,17145,jpeg,0.04945182800292969
1778635887.0013103,133.77886843681335,2672,17130,jpeg,0.050273895263671875
1778635887.0525074,133.8300654888153,2673,17125,jpeg,0.051197052001953125
1778635887.1044924,133.8820505142212,2674,17132,jpeg,0.05198502540588379
1778635887.1459074,133.9234654903412,2675,17147,jpeg,0.04141497611999512
1778635887.2016735,133.97923159599304,2676,17148,jpeg,0.05576610565185547
1778635887.2471642,134.02472233772278,2677,17152,jpeg,0.04549074172973633
1778635887.296656,134.07421398162842,2678,17138,jpeg,0.04949164390563965
1778635887.3629951,134.1405532360077,2679,17166,jpeg,0.06633925437927246
1778635887.3958917,134.17344975471497,2680,17167,jpeg,0.03289651870727539
1778635887.448943,134.2265009880066,2681,17166,jpeg,0.05305123329162598
1778635887.50068,134.2782380580902,2682,17162,jpeg,0.051737070083618164
1778635887.5507166,134.32827472686768,2683,17162,jpeg,0.05003666877746582
1778635887.6008484,134.3784065246582,2684,17139,jpeg,0.050131797790527344
1778635887.654709,134.43226718902588,2685,17141,jpeg,0.05386066436767578
1778635887.7005534,134.47811150550842,2686,17146,jpeg,0.045844316482543945
1778635887.7509196,134.5284776687622,2687,17126,jpeg,0.05036616325378418
1778635887.7980268,134.57558488845825,2688,17115,jpeg,0.04710721969604492
1778635887.8510134,134.62857151031494,2689,17131,jpeg,0.05298662185668945
1778635887.8991094,134.67666745185852,2690,17137,jpeg,0.0480959415435791
1778635887.9594178,134.73697590827942,2691,17123,jpeg,0.06030845642089844
1778635888.0036564,134.7812144756317,2692,17144,jpeg,0.04423856735229492
1778635888.0507376,134.82829570770264,2693,17139,jpeg,0.04708123207092285
1778635888.1047792,134.88233733177185,2694,17164,jpeg,0.05404162406921387
1778635888.145441,134.92299914360046,2695,17131,jpeg,0.04066181182861328
1778635888.1989515,134.97650957107544,2696,17148,jpeg,0.053510427474975586
1778635888.2496223,135.02718043327332,2697,17156,jpeg,0.05067086219787598
1778635888.2955613,135.07311940193176,2698,17145,jpeg,0.045938968658447266
1778635888.350205,135.1277630329132,2699,17142,jpeg,0.05464363098144531
1778635888.4018478,135.17940592765808,2700,17127,jpeg,0.05164289474487305
1778635888.4466276,135.22418570518494,2701,17125,jpeg,0.04477977752685547
1778635888.5004737,135.2780318260193,2702,17138,jpeg,0.053846120834350586
1778635888.5507867,135.32834482192993,2703,16657,jpeg,0.05031299591064453
1778635888.5958536,135.37341165542603,2704,15293,jpeg,0.04506683349609375
1778635888.6473472,135.42490530014038,2705,17018,jpeg,0.05149364471435547
1778635888.7017324,135.47929048538208,2706,17431,jpeg,0.05438518524169922
1778635888.7462142,135.52377223968506,2707,17433,jpeg,0.044481754302978516
1778635888.7981653,135.5757234096527,2708,17433,jpeg,0.05195116996765137
1778635888.8511784,135.62873649597168,2709,17509,jpeg,0.05301308631896973
1778635888.8966663,135.67422437667847,2710,17477,jpeg,0.04548788070678711
1778635888.949224,135.72678208351135,2711,17497,jpeg,0.05255770683288574
1778635889.0104973,135.78805541992188,2712,17520,jpeg,0.06127333641052246
1778635889.0486891,135.826247215271,2713,17506,jpeg,0.038191795349121094
1778635889.098556,135.87611413002014,2714,17518,jpeg,0.04986691474914551
1778635889.153667,135.93122506141663,2715,17542,jpeg,0.055110931396484375
1778635889.1989312,135.97648930549622,2716,17520,jpeg,0.045264244079589844
1778635889.248026,136.02558398246765,2717,17545,jpeg,0.04909467697143555
1778635889.3024426,136.0800006389618,2718,17510,jpeg,0.054416656494140625
1778635889.3505392,136.1280972957611,2719,17559,jpeg,0.048096656799316406
1778635889.3982263,136.17578434944153,2720,17538,jpeg,0.04768705368041992
1778635889.446885,136.22444319725037,2721,17575,jpeg,0.04865884780883789
1778635889.4998555,136.27741360664368,2722,17543,jpeg,0.05297040939331055
1778635889.5480943,136.32565236091614,2723,16901,jpeg,0.04823875427246094
1778635889.6008525,136.37841057777405,2724,15079,jpeg,0.052758216857910156
1778635889.650232,136.4277901649475,2725,17658,jpeg,0.049379587173461914
1778635889.702224,136.4797821044922,2726,17828,jpeg,0.051991939544677734
1778635889.7522812,136.52983927726746,2727,17817,jpeg,0.050057172775268555
1778635889.8016698,136.57922792434692,2728,17814,jpeg,0.04938864707946777
1778635889.8464515,136.6240096092224,2729,17816,jpeg,0.04478168487548828
1778635889.900274,136.67783212661743,2730,17788,jpeg,0.05382251739501953
1778635889.9459393,136.72349739074707,2731,17832,jpeg,0.04566526412963867
1778635890.0025094,136.78006744384766,2732,17791,jpeg,0.05657005310058594
1778635890.0528822,136.83044028282166,2733,17786,jpeg,0.05037283897399902
1778635890.097363,136.87492108345032,2734,17798,jpeg,0.04448080062866211
1778635890.146025,136.92358303070068,2735,17792,jpeg,0.04866194725036621
1778635890.2044058,136.98196387290955,2736,17808,jpeg,0.058380842208862305
1778635890.2485995,137.02615761756897,2737,17806,jpeg,0.04419374465942383
1778635890.2952132,137.07277131080627,2738,17808,jpeg,0.04661369323730469
1778635890.3511775,137.12873554229736,2739,17784,jpeg,0.05596423149108887
1778635890.4017863,137.17934441566467,2740,17797,jpeg,0.05060887336730957
1778635890.4472988,137.2248568534851,2741,17778,jpeg,0.04551243782043457
1778635890.4977736,137.27533173561096,2742,17790,jpeg,0.05047488212585449
1778635890.5501118,137.3276698589325,2743,17803,jpeg,0.0523381233215332
1778635890.5969079,137.3744659423828,2744,17809,jpeg,0.04679608345031738
1778635890.6504245,137.42798256874084,2745,17802,jpeg,0.05351662635803223
1778635890.6963022,137.47386026382446,2746,17796,jpeg,0.045877695083618164
1778635890.7473595,137.52491760253906,2747,17791,jpeg,0.05105733871459961
1778635890.802356,137.57991409301758,2748,17785,jpeg,0.054996490478515625
1778635890.8494864,137.6270444393158,2749,17783,jpeg,0.04713034629821777
1778635890.8996756,137.6772336959839,2750,17778,jpeg,0.05018925666809082
1778635890.951398,137.7289559841156,2751,17751,jpeg,0.05172228813171387
1778635891.0000036,137.7775616645813,2752,17773,jpeg,0.04860568046569824
1778635891.0480058,137.8255639076233,2753,17786,jpeg,0.04800224304199219
1778635891.1007247,137.87828278541565,2754,17800,jpeg,0.0527188777923584
1778635891.1533015,137.93085956573486,2755,17785,jpeg,0.05257678031921387
1778635891.205976,137.9835340976715,2756,17786,jpeg,0.05267453193664551
1778635891.2524114,138.02996945381165,2757,17783,jpeg,0.04643535614013672
1778635891.3056178,138.08317589759827,2758,17789,jpeg,0.053206443786621094
1778635891.3549285,138.13248658180237,2759,17796,jpeg,0.04931068420410156
1778635891.4018295,138.1793875694275,2760,17796,jpeg,0.04690098762512207
1778635891.4465017,138.22405982017517,2761,17767,jpeg,0.044672250747680664
1778635891.499834,138.27739214897156,2762,17784,jpeg,0.05333232879638672
1778635891.5511777,138.32873582839966,2763,17788,jpeg,0.051343679428100586
1778635891.59859,138.37614798545837,2764,17777,jpeg,0.04741215705871582
1778635891.6515946,138.42915272712708,2765,17802,jpeg,0.05300474166870117
1778635891.6998227,138.47738075256348,2766,17815,jpeg,0.04822802543640137
1778635891.752595,138.53015303611755,2767,17819,jpeg,0.05277228355407715
1778635891.8013694,138.57892751693726,2768,17819,jpeg,0.04877448081970215
1778635891.8537076,138.6312656402588,2769,17783,jpeg,0.0523381233215332
1778635891.9013693,138.67892742156982,2770,17798,jpeg,0.047661781311035156
1778635891.951294,138.7288520336151,2771,17807,jpeg,0.049924612045288086
1778635891.9988432,138.7764012813568,2772,17813,jpeg,0.04754924774169922
1778635892.0511239,138.82868194580078,2773,17803,jpeg,0.05228066444396973
1778635892.1011646,138.8787226676941,2774,17818,jpeg,0.05004072189331055
1778635892.1535287,138.93108677864075,2775,17793,jpeg,0.05236411094665527
1778635892.200388,138.97794604301453,2776,17787,jpeg,0.0468592643737793
1778635892.2492316,139.02678966522217,2777,17800,jpeg,0.0488436222076416
1778635892.3008215,139.07837963104248,2778,17819,jpeg,0.0515899658203125
1778635892.3514032,139.12896132469177,2779,17813,jpeg,0.05058169364929199
1778635892.4002123,139.17777037620544,2780,17813,jpeg,0.048809051513671875
1778635892.4508681,139.22842621803284,2781,17816,jpeg,0.05065584182739258
1778635892.4954903,139.2730484008789,2782,17818,jpeg,0.044622182846069336
1778635892.5509112,139.32846927642822,2783,17803,jpeg,0.055420875549316406
1778635892.6047852,139.38234329223633,2784,17823,jpeg,0.05387401580810547
1778635892.6474764,139.42503452301025,2785,17819,jpeg,0.04269123077392578
1778635892.7014213,139.47897934913635,2786,17798,jpeg,0.05394482612609863
1778635892.7478256,139.5253837108612,2787,17827,jpeg,0.046404361724853516
1778635892.7980278,139.57558584213257,2788,17793,jpeg,0.050202131271362305
1778635892.8520043,139.6295623779297,2789,17787,jpeg,0.05397653579711914
1778635892.9024794,139.68003749847412,2790,17803,jpeg,0.050475120544433594
1778635892.9477468,139.72530484199524,2791,17796,jpeg,0.045267343521118164
1778635892.996568,139.77412605285645,2792,17811,jpeg,0.048821210861206055
1778635893.0493336,139.8268916606903,2793,17819,jpeg,0.052765607833862305
1778635893.1002927,139.87785077095032,2794,17799,jpeg,0.050959110260009766
1778635893.1479063,139.92546439170837,2795,17787,jpeg,0.04761362075805664
1778635893.1989152,139.97647333145142,2796,17788,jpeg,0.05100893974304199
1778635893.251225,140.02878308296204,2797,17806,jpeg,0.05230975151062012
1778635893.3003623,140.07792043685913,2798,17784,jpeg,0.04913735389709473
1778635893.3525336,140.1300916671753,2799,17780,jpeg,0.05217123031616211
1778635893.4033482,140.18090629577637,2800,17803,jpeg,0.05081462860107422
1778635893.4472792,140.22483730316162,2801,17786,jpeg,0.043931007385253906
1778635893.4980037,140.2755618095398,2802,17830,jpeg,0.05072450637817383
1778635893.5459647,140.3235228061676,2803,17823,jpeg,0.04796099662780762
1778635893.597276,140.37483406066895,2804,17829,jpeg,0.05131125450134277
1778635893.6477938,140.42535185813904,2805,17822,jpeg,0.05051779747009277
1778635893.6996746,140.47723269462585,2806,17831,jpeg,0.051880836486816406
1778635893.7473052,140.52486324310303,2807,17805,jpeg,0.04763054847717285
1778635893.8015666,140.57912468910217,2808,17821,jpeg,0.05426144599914551
1778635893.8499818,140.62753987312317,2809,17833,jpeg,0.048415184020996094
1778635893.9013612,140.67891931533813,2810,17808,jpeg,0.05137944221496582
1778635893.9512472,140.7288053035736,2811,17787,jpeg,0.04988598823547363
1778635893.9969976,140.774555683136,2812,17794,jpeg,0.04575037956237793
1778635894.0449183,140.82247638702393,2813,17772,jpeg,0.04792070388793945
1778635894.1003866,140.87794470787048,2814,17768,jpeg,0.05546832084655762
1778635894.1465428,140.9241008758545,2815,17790,jpeg,0.04615616798400879
1778635894.1957338,140.97329187393188,2816,17814,jpeg,0.04919099807739258
1778635894.2510478,141.02860593795776,2817,17806,jpeg,0.055314064025878906
1778635894.294349,141.07190704345703,2818,17822,jpeg,0.04330110549926758
1778635894.3449469,141.1225049495697,2819,17801,jpeg,0.0505979061126709
1778635894.404216,141.1817741394043,2820,17829,jpeg,0.05926918983459473
1778635894.445268,141.22282600402832,2821,17796,jpeg,0.04105186462402344
1778635894.4951077,141.27266573905945,2822,17787,jpeg,0.04983973503112793
1778635894.5515642,141.32912230491638,2823,17765,jpeg,0.056456565856933594
1778635894.5982568,141.37581491470337,2824,17776,jpeg,0.046692609786987305
1778635894.6447945,141.42235255241394,2825,17769,jpeg,0.04653763771057129
1778635894.7007878,141.47834587097168,2826,17774,jpeg,0.05599331855773926
1778635894.7490685,141.52662658691406,2827,17783,jpeg,0.04828071594238281
1778635894.7955751,141.57313323020935,2828,16821,jpeg,0.046506643295288086
1778635894.847621,141.6251790523529,2829,15160,jpeg,0.05204582214355469
1778635894.8993652,141.6769232749939,2830,17671,jpeg,0.05174422264099121
1778635894.9474158,141.72497391700745,2831,17713,jpeg,0.048050642013549805
1778635895.0108376,141.78839564323425,2832,17665,jpeg,0.06342172622680664
1778635895.0474231,141.82498121261597,2833,17688,jpeg,0.03658556938171387
1778635895.096339,141.87389707565308,2834,17691,jpeg,0.048915863037109375
1778635895.152431,141.92998909950256,2835,17674,jpeg,0.056092023849487305
1778635895.1970525,141.9746105670929,2836,17673,jpeg,0.04462146759033203
1778635895.2480443,142.02560234069824,2837,17660,jpeg,0.05099177360534668
1778635895.301237,142.07879519462585,2838,17657,jpeg,0.053192853927612305
1778635895.348917,142.1264750957489,2839,17646,jpeg,0.047679901123046875
1778635895.3985865,142.17614459991455,2840,17685,jpeg,0.049669504165649414
1778635895.4529998,142.23055791854858,2841,17650,jpeg,0.0544133186340332
1778635895.499778,142.27733612060547,2842,17652,jpeg,0.046778202056884766
1778635895.544663,142.3222210407257,2843,17664,jpeg,0.04488492012023926
1778635895.599981,142.37753915786743,2844,17676,jpeg,0.05531811714172363
1778635895.649345,142.42690300941467,2845,17657,jpeg,0.04936385154724121
1778635895.6946433,142.47220134735107,2846,17690,jpeg,0.04529833793640137
1778635895.755146,142.53270411491394,2847,17676,jpeg,0.06050276756286621
1778635895.8008456,142.57840371131897,2848,17705,jpeg,0.0456995964050293
1778635895.8565447,142.6341028213501,2849,17664,jpeg,0.05569911003112793
1778635895.8942285,142.67178654670715,2850,17687,jpeg,0.037683725357055664
1778635895.9500139,142.72757196426392,2851,17659,jpeg,0.055785417556762695
1778635895.9962249,142.77378296852112,2852,17685,jpeg,0.04621100425720215
1778635896.051501,142.82905912399292,2853,17667,jpeg,0.05527615547180176
1778635896.0943017,142.87185978889465,2854,17661,jpeg,0.0428006649017334
1778635896.1476128,142.9251708984375,2855,17677,jpeg,0.05331110954284668
1778635896.1975214,142.975079536438,2856,17672,jpeg,0.04990863800048828
1778635896.2475643,143.0251224040985,2857,17651,jpeg,0.05004286766052246
1778635896.2988672,143.07642531394958,2858,17694,jpeg,0.05130290985107422
1778635896.3513486,143.12890672683716,2859,17692,jpeg,0.05248141288757324
1778635896.4175081,143.1950662136078,2860,17676,jpeg,0.06615948677062988
1778635896.4459088,143.22346687316895,2861,17667,jpeg,0.028400659561157227
1778635896.49889,143.27644801139832,2862,17659,jpeg,0.05298113822937012
1778635896.5446143,143.32217240333557,2863,17668,jpeg,0.04572439193725586
1778635896.5971084,143.37466645240784,2864,17656,jpeg,0.052494049072265625
1778635896.6493585,143.42691659927368,2865,17677,jpeg,0.05225014686584473
1778635896.697393,143.47495102882385,2866,17645,jpeg,0.0480344295501709
1778635896.747626,143.5251841545105,2867,17662,jpeg,0.05023312568664551
1778635896.7997456,143.577303647995,2868,17662,jpeg,0.05211949348449707
1778635896.848275,143.62583303451538,2869,17666,jpeg,0.04852938652038574
1778635896.8989897,143.6765477657318,2870,17662,jpeg,0.050714731216430664
1778635896.9480715,143.72562956809998,2871,17661,jpeg,0.04908180236816406
1778635896.9984493,143.77600741386414,2872,17651,jpeg,0.050377845764160156
1778635897.0436265,143.82118463516235,2873,17662,jpeg,0.04517722129821777
1778635897.1020606,143.87961864471436,2874,17669,jpeg,0.05843400955200195
1778635897.1489277,143.92648577690125,2875,17653,jpeg,0.04686713218688965
1778635897.19452,143.97207808494568,2876,17672,jpeg,0.045592308044433594
1778635897.2482212,144.02577924728394,2877,17683,jpeg,0.053701162338256836
1778635897.2984395,144.07599759101868,2878,17677,jpeg,0.05021834373474121
1778635897.34326,144.12081813812256,2879,17616,jpeg,0.044820547103881836
1778635897.3993688,144.17692685127258,2880,17650,jpeg,0.056108713150024414
1778635897.4499154,144.22747349739075,2881,17682,jpeg,0.05054664611816406
1778635897.4957027,144.27326083183289,2882,17652,jpeg,0.04578733444213867
1778635897.5581324,144.33569049835205,2883,17670,jpeg,0.06242966651916504
1778635897.6135833,144.39114141464233,2884,17681,jpeg,0.0554509162902832
1778635897.6450565,144.42261457443237,2885,17678,jpeg,0.03147315979003906
1778635897.7049322,144.4824903011322,2886,17666,jpeg,0.0598757266998291
1778635897.7457068,144.52326488494873,2887,17661,jpeg,0.04077458381652832
1778635897.7951553,144.57271337509155,2888,17682,jpeg,0.049448490142822266
1778635897.8455913,144.623149394989,2889,17640,jpeg,0.05043601989746094
1778635897.8990057,144.6765637397766,2890,17643,jpeg,0.053414344787597656
1778635897.9477274,144.72528553009033,2891,17662,jpeg,0.0487217903137207
1778635897.998428,144.7759861946106,2892,17677,jpeg,0.05070066452026367
1778635898.043423,144.8209810256958,2893,17654,jpeg,0.04499483108520508
1778635898.0998542,144.87741231918335,2894,17668,jpeg,0.05643129348754883
1778635898.151512,144.92906999588013,2895,17637,jpeg,0.051657676696777344
1778635898.1939955,144.97155356407166,2896,17660,jpeg,0.04248356819152832
1778635898.2433052,145.02086329460144,2897,17685,jpeg,0.049309730529785156
1778635898.2981184,145.07567644119263,2898,17684,jpeg,0.05481314659118652
1778635898.3450675,145.12262558937073,2899,17685,jpeg,0.046949148178100586
1778635898.3938906,145.17144870758057,2900,17665,jpeg,0.04882311820983887
1778635898.4482691,145.22582721710205,2901,17623,jpeg,0.054378509521484375
1778635898.4966445,145.27420258522034,2902,17644,jpeg,0.04837536811828613
1778635898.5493681,145.32692623138428,2903,17665,jpeg,0.05272364616394043
1778635898.6040142,145.3815722465515,2904,17678,jpeg,0.05464601516723633
1778635898.646475,145.42403316497803,2905,17689,jpeg,0.04246091842651367
1778635898.6954446,145.47300267219543,2906,17680,jpeg,0.04896950721740723
1778635898.7467356,145.52429366111755,2907,17671,jpeg,0.05129098892211914
1778635898.799269,145.57682704925537,2908,17644,jpeg,0.05253338813781738
1778635898.847189,145.62474703788757,2909,17693,jpeg,0.04791998863220215
1778635898.903807,145.68136501312256,2910,17676,jpeg,0.05661797523498535
1778635898.9480422,145.72560024261475,2911,17680,jpeg,0.0442352294921875
1778635898.9980102,145.77556824684143,2912,17659,jpeg,0.04996800422668457
1778635899.0531049,145.83066296577454,2913,17654,jpeg,0.05509471893310547
1778635899.099551,145.87710905075073,2914,17642,jpeg,0.04644608497619629
1778635899.1485493,145.9261074066162,2915,17679,jpeg,0.048998355865478516
1778635899.2022948,145.97985291481018,2916,17690,jpeg,0.05374550819396973
1778635899.2428987,146.02045679092407,2917,17625,jpeg,0.0406038761138916
1778635899.2935143,146.0710723400116,2918,17648,jpeg,0.050615549087524414
1778635899.3459156,146.1234736442566,2919,17644,jpeg,0.05240130424499512
1778635899.3941278,146.17168593406677,2920,17657,jpeg,0.048212289810180664
1778635899.4443128,146.22187089920044,2921,17656,jpeg,0.05018496513366699
1778635899.4964387,146.27399682998657,2922,17677,jpeg,0.05212593078613281
1778635899.545215,146.32277297973633,2923,17680,jpeg,0.04877614974975586
1778635899.5940692,146.37162733078003,2924,17676,jpeg,0.04885435104370117
1778635899.6504703,146.42802834510803,2925,17697,jpeg,0.05640101432800293
1778635899.6983085,146.4758665561676,2926,17697,jpeg,0.04783821105957031
1778635899.7461705,146.52372860908508,2927,17707,jpeg,0.04786205291748047
1778635899.7976296,146.57518768310547,2928,17654,jpeg,0.05145907402038574
1778635899.8462036,146.62376165390015,2929,17710,jpeg,0.048573970794677734
1778635899.897683,146.67524099349976,2930,17669,jpeg,0.051479339599609375
1778635899.9499738,146.72753190994263,2931,17658,jpeg,0.052290916442871094
1778635900.0000348,146.77759289741516,2932,17670,jpeg,0.05006098747253418
1778635900.0478132,146.82537126541138,2933,17671,jpeg,0.04777836799621582
1778635900.0946705,146.87222862243652,2934,17678,jpeg,0.046857357025146484
1778635900.1485386,146.92609667778015,2935,17655,jpeg,0.05386805534362793
1778635900.1986778,146.97623586654663,2936,17679,jpeg,0.05013918876647949
1778635900.2508252,147.02838325500488,2937,17678,jpeg,0.05214738845825195
1778635900.3004065,147.07796454429626,2938,17657,jpeg,0.049581289291381836
1778635900.3493004,147.1268584728241,2939,17654,jpeg,0.04889392852783203
1778635900.398373,147.17593097686768,2940,17655,jpeg,0.0490725040435791
1778635900.4437099,147.2212679386139,2941,17657,jpeg,0.04533696174621582
1778635900.4944088,147.2719669342041,2942,17672,jpeg,0.05069899559020996
1778635900.5482745,147.32583260536194,2943,15547,jpeg,0.053865671157836914
1778635900.593878,147.3714361190796,2944,17489,jpeg,0.04560351371765137
1778635900.653419,147.43097710609436,2945,17643,jpeg,0.05954098701477051
1778635900.695195,147.47275304794312,2946,17644,jpeg,0.04177594184875488
1778635900.7420244,147.5195825099945,2947,17644,jpeg,0.0468294620513916
1778635900.7951474,147.57270550727844,2948,17644,jpeg,0.05312299728393555
1778635900.856611,147.6341691017151,2949,17631,jpeg,0.06146359443664551
1778635900.8972867,147.6748447418213,2950,17669,jpeg,0.04067564010620117
1778635900.947774,147.72533202171326,2951,17619,jpeg,0.05048727989196777
1778635900.9988415,147.77639961242676,2952,17670,jpeg,0.05106759071350098
1778635901.0485687,147.82612681388855,2953,17661,jpeg,0.04972720146179199
1778635901.0916152,147.86917328834534,2954,17677,jpeg,0.04304647445678711
1778635901.1442745,147.92183256149292,2955,17680,jpeg,0.05265927314758301
1778635901.191305,147.9688630104065,2956,17657,jpeg,0.04703044891357422
1778635901.243071,148.02062916755676,2957,17628,jpeg,0.051766157150268555
1778635901.298213,148.07577109336853,2958,17661,jpeg,0.05514192581176758
1778635901.3414302,148.11898827552795,2959,17633,jpeg,0.04321718215942383
1778635901.4084709,148.18602895736694,2960,17670,jpeg,0.06704068183898926
1778635901.4432106,148.22076869010925,2961,17652,jpeg,0.03473973274230957
1778635901.4915338,148.26909184455872,2962,17665,jpeg,0.04832315444946289
1778635901.544523,148.32208108901978,2963,17619,jpeg,0.05298924446105957
1778635901.5966144,148.37417244911194,2964,17646,jpeg,0.052091360092163086
1778635901.6440573,148.42161536216736,2965,17661,jpeg,0.04744291305541992
1778635901.6948938,148.4724519252777,2966,17667,jpeg,0.05083656311035156
1778635901.7465844,148.5241425037384,2967,17650,jpeg,0.05169057846069336
1778635901.7928298,148.570387840271,2968,17681,jpeg,0.04624533653259277
1778635901.8452954,148.62285351753235,2969,17681,jpeg,0.05246567726135254
1778635901.8972995,148.67485761642456,2970,17657,jpeg,0.052004098892211914
1778635901.9454167,148.72297477722168,2971,17699,jpeg,0.04811716079711914
1778635901.9971979,148.77475595474243,2972,17648,jpeg,0.05178117752075195
1778635902.047456,148.82501411437988,2973,17648,jpeg,0.05025815963745117
1778635902.096832,148.87439012527466,2974,17673,jpeg,0.04937601089477539
1778635902.1500504,148.92760848999023,2975,17652,jpeg,0.05321836471557617
1778635902.1988578,148.97641587257385,2976,17679,jpeg,0.048807382583618164
1778635902.2473125,149.02487063407898,2977,17657,jpeg,0.04845476150512695
1778635902.3043036,149.08186173439026,2978,17663,jpeg,0.0569911003112793
1778635902.3446314,149.12218952178955,2979,17694,jpeg,0.04032778739929199
1778635902.396251,149.17380905151367,2980,17670,jpeg,0.051619529724121094
1778635902.445013,149.22257113456726,2981,17668,jpeg,0.04876208305358887
1778635902.4979851,149.27554321289062,2982,17659,jpeg,0.05297207832336426
1778635902.5475295,149.32508754730225,2983,17642,jpeg,0.049544334411621094
1778635902.597973,149.37553119659424,2984,17636,jpeg,0.05044364929199219
1778635902.6494648,149.42702293395996,2985,17642,jpeg,0.051491737365722656
1778635902.6931584,149.47071647644043,2986,17669,jpeg,0.04369354248046875
1778635902.745662,149.52322006225586,2987,17673,jpeg,0.05250358581542969
1778635902.7950175,149.57257556915283,2988,17658,jpeg,0.049355506896972656
1778635902.8416617,149.61921977996826,2989,17655,jpeg,0.04664421081542969
1778635902.897714,149.67527198791504,2990,17640,jpeg,0.056052207946777344
1778635902.9463377,149.72389578819275,2991,17625,jpeg,0.04862380027770996
1778635902.992235,149.76979303359985,2992,17646,jpeg,0.04589724540710449
1778635903.0446436,149.8222017288208,2993,17654,jpeg,0.052408695220947266
1778635903.0964334,149.8739914894104,2994,17659,jpeg,0.05178976058959961
1778635903.1448686,149.92242670059204,2995,17684,jpeg,0.048435211181640625
1778635903.1943235,149.9718816280365,2996,17649,jpeg,0.04945492744445801
1778635903.2457151,150.023273229599,2997,17687,jpeg,0.0513916015625
1778635903.2973604,150.07491850852966,2998,17704,jpeg,0.05164527893066406
1778635903.343739,150.12129712104797,2999,17657,jpeg,0.04637861251831055
1778635903.4024556,150.1800136566162,3000,17685,jpeg,0.058716535568237305
1778635903.4453292,150.22288727760315,3001,17668,jpeg,0.04287362098693848
1778635903.4926903,150.27024841308594,3002,17655,jpeg,0.047361135482788086
1778635903.5454159,150.3229739665985,3003,17667,jpeg,0.05272555351257324
1778635903.5958142,150.37337231636047,3004,17648,jpeg,0.05039834976196289
1778635903.6437364,150.4212944507599,3005,17668,jpeg,0.04792213439941406
1778635903.6965284,150.47408652305603,3006,17663,jpeg,0.05279207229614258
1778635903.7480712,150.52562928199768,3007,17639,jpeg,0.05154275894165039
1778635903.7946866,150.57224464416504,3008,17669,jpeg,0.0466153621673584
1778635903.8498933,150.62745141983032,3009,17649,jpeg,0.0552067756652832
1778635903.9068434,150.684401512146,3010,17688,jpeg,0.05695009231567383
1778635903.942357,150.71991515159607,3011,17656,jpeg,0.03551363945007324
1778635903.9942732,150.7718312740326,3012,17693,jpeg,0.05191612243652344
1778635904.0458584,150.82341647148132,3013,17658,jpeg,0.05158519744873047
1778635904.0962884,150.8738465309143,3014,17675,jpeg,0.0504300594329834
1778635904.1444724,150.92203044891357,3015,17661,jpeg,0.04818391799926758
1778635904.1984491,150.97600722312927,3016,17650,jpeg,0.05397677421569824
1778635904.2464225,151.0239806175232,3017,17665,jpeg,0.0479733943939209
1778635904.2988417,151.07639980316162,3018,17658,jpeg,0.052419185638427734
1778635904.3510833,151.12864136695862,3019,17663,jpeg,0.05224156379699707
1778635904.399401,151.17695903778076,3020,17705,jpeg,0.048317670822143555
1778635904.4476964,151.22525453567505,3021,17651,jpeg,0.04829549789428711
1778635904.4958432,151.27340126037598,3022,17667,jpeg,0.048146724700927734
1778635904.551222,151.32878017425537,3023,17668,jpeg,0.05537891387939453
1778635904.5997646,151.3773226737976,3024,17671,jpeg,0.04854249954223633
1778635904.6463141,151.42387223243713,3025,17648,jpeg,0.04654955863952637
1778635904.6916552,151.4692132472992,3026,17660,jpeg,0.04534101486206055
1778635904.7496033,151.527161359787,3027,17643,jpeg,0.05794811248779297
1778635904.7963343,151.5738923549652,3028,17675,jpeg,0.046730995178222656
1778635904.8430393,151.6205973625183,3029,17670,jpeg,0.046705007553100586
1778635904.897104,151.6746621131897,3030,17663,jpeg,0.05406475067138672
1778635904.9458559,151.72341394424438,3031,17649,jpeg,0.0487518310546875
1778635904.993123,151.770681142807,3032,17650,jpeg,0.04726719856262207
1778635905.045932,151.82349014282227,3033,17635,jpeg,0.05280900001525879
1778635905.096436,151.87399411201477,3034,17627,jpeg,0.05050396919250488
1778635905.143153,151.92071104049683,3035,17646,jpeg,0.046716928482055664
1778635905.200244,151.97780203819275,3036,17632,jpeg,0.05709099769592285
1778635905.2410352,152.01859331130981,3037,17663,jpeg,0.04079127311706543
1778635905.2927814,152.07033944129944,3038,17646,jpeg,0.05174612998962402
1778635905.3453608,152.12291884422302,3039,17634,jpeg,0.052579402923583984
1778635905.3912802,152.16883826255798,3040,17638,jpeg,0.04591941833496094
1778635905.443121,152.2206790447235,3041,17668,jpeg,0.051840782165527344
1778635905.4980717,152.27562975883484,3042,17650,jpeg,0.054950714111328125
1778635905.543245,152.3208031654358,3043,17637,jpeg,0.04517340660095215
1778635905.593966,152.37152409553528,3044,17635,jpeg,0.050720930099487305
1778635905.6463249,152.4238829612732,3045,17632,jpeg,0.05235886573791504
1778635905.693602,152.47116017341614,3046,17650,jpeg,0.047277212142944336
1778635905.7445064,152.52206444740295,3047,17641,jpeg,0.050904273986816406
1778635905.7998016,152.57735967636108,3048,17651,jpeg,0.05529522895812988
1778635905.8478587,152.62541675567627,3049,17652,jpeg,0.04805707931518555
1778635905.893595,152.67115306854248,3050,17654,jpeg,0.04573631286621094
1778635905.949561,152.7271192073822,3051,17623,jpeg,0.05596613883972168
1778635905.9985213,152.77607941627502,3052,17649,jpeg,0.048960208892822266
1778635906.0460896,152.82364773750305,3053,17634,jpeg,0.047568321228027344
1778635906.106123,152.88368105888367,3054,16460,jpeg,0.060033321380615234
1778635906.1442058,152.92176389694214,3055,16793,jpeg,0.03808283805847168
1778635906.195652,152.97321009635925,3056,17504,jpeg,0.05144619941711426
1778635906.2462873,153.02384543418884,3057,17515,jpeg,0.050635337829589844
1778635906.2956192,153.07317733764648,3058,17528,jpeg,0.0493319034576416
1778635906.3438215,153.12137961387634,3059,17518,jpeg,0.0482022762298584
1778635906.3989823,153.17654037475586,3060,17529,jpeg,0.0551607608795166
1778635906.461178,153.23873615264893,3061,17513,jpeg,0.062195777893066406
1778635906.4983585,153.2759165763855,3062,17538,jpeg,0.037180423736572266
1778635906.5504494,153.3280074596405,3063,17542,jpeg,0.05209088325500488
1778635906.5929096,153.37046766281128,3064,17550,jpeg,0.04246020317077637
1778635906.6482847,153.4258427619934,3065,17552,jpeg,0.055375099182128906
1778635906.7098196,153.4873776435852,3066,17530,jpeg,0.061534881591796875
1778635906.741392,153.51894998550415,3067,17521,jpeg,0.03157234191894531
1778635906.7962778,153.57383584976196,3068,17544,jpeg,0.0548858642578125
1778635906.850297,153.62785506248474,3069,17528,jpeg,0.05401921272277832
1778635906.8978722,153.67543029785156,3070,17520,jpeg,0.04757523536682129
1778635906.9478607,153.72541880607605,3071,17534,jpeg,0.049988508224487305
1778635906.9982479,153.7758059501648,3072,17531,jpeg,0.05038714408874512
1778635907.0410414,153.81859946250916,3073,17521,jpeg,0.04279351234436035
1778635907.0960326,153.87359070777893,3074,17549,jpeg,0.05499124526977539
1778635907.1456704,153.92322850227356,3075,17555,jpeg,0.049637794494628906
1778635907.1926847,153.97024273872375,3076,17521,jpeg,0.04701423645019531
1778635907.2456753,154.0232334136963,3077,17551,jpeg,0.05299067497253418
1778635907.2985501,154.07610821723938,3078,17542,jpeg,0.05287480354309082
1778635907.342995,154.1205530166626,3079,17539,jpeg,0.04444479942321777
1778635907.3954399,154.17299795150757,3080,17543,jpeg,0.0524449348449707
1778635907.450165,154.22772312164307,3081,17551,jpeg,0.05472517013549805
1778635907.493382,154.2709400653839,3082,17554,jpeg,0.04321694374084473
1778635907.5437648,154.32132291793823,3083,17542,jpeg,0.05038285255432129
1778635907.5951133,154.37267136573792,3084,17511,jpeg,0.05134844779968262
1778635907.6435328,154.42109084129333,3085,17520,jpeg,0.04841947555541992
1778635907.6960158,154.47357392311096,3086,17541,jpeg,0.05248308181762695
1778635907.7477162,154.5252742767334,3087,17522,jpeg,0.05170035362243652
1778635907.795292,154.57284998893738,3088,17520,jpeg,0.04757571220397949
1778635907.8432655,154.62082362174988,3089,17541,jpeg,0.0479736328125
1778635907.894378,154.67193603515625,3090,17515,jpeg,0.05111241340637207
1778635907.9434202,154.72097826004028,3091,17533,jpeg,0.0490422248840332
1778635907.9922745,154.76983261108398,3092,17544,jpeg,0.04885435104370117
1778635908.0479484,154.82550644874573,3093,17561,jpeg,0.055673837661743164
1778635908.0934637,154.8710217475891,3094,17553,jpeg,0.04551529884338379
1778635908.1452763,154.9228343963623,3095,17537,jpeg,0.05181264877319336
1778635908.1989896,154.9765477180481,3096,17537,jpeg,0.053713321685791016
1778635908.2455769,155.02313494682312,3097,17545,jpeg,0.046587228775024414
1778635908.2959874,155.07354545593262,3098,17529,jpeg,0.05041050910949707
1778635908.3470366,155.12459468841553,3099,17549,jpeg,0.051049232482910156
1778635908.398966,155.17652416229248,3100,17552,jpeg,0.051929473876953125
1778635908.4458518,155.22340989112854,3101,17556,jpeg,0.04688572883605957
1778635908.4954476,155.27300572395325,3102,17560,jpeg,0.04959583282470703
1778635908.5476058,155.32516384124756,3103,17534,jpeg,0.05215811729431152
1778635908.5975828,155.37514090538025,3104,17509,jpeg,0.04997706413269043
1778635908.64929,155.42684817314148,3105,17533,jpeg,0.05170726776123047
1778635908.6955419,155.4730999469757,3106,17535,jpeg,0.046251773834228516
1778635908.7471673,155.5247254371643,3107,17477,jpeg,0.05162549018859863
1778635908.7935038,155.57106184959412,3108,17536,jpeg,0.04633641242980957
1778635908.8456416,155.6231997013092,3109,17563,jpeg,0.05213785171508789
1778635908.891298,155.66885614395142,3110,17551,jpeg,0.045656442642211914
1778635908.949798,155.72735619544983,3111,17510,jpeg,0.058500051498413086
1778635908.9950147,155.7725727558136,3112,17528,jpeg,0.04521656036376953
1778635909.040709,155.8182671070099,3113,17566,jpeg,0.04569435119628906
1778635909.092546,155.87010407447815,3114,17559,jpeg,0.05183696746826172
1778635909.1444592,155.92201733589172,3115,17563,jpeg,0.05191326141357422
1778635909.190784,155.96834206581116,3116,17565,jpeg,0.046324729919433594
1778635909.244692,156.02225017547607,3117,17541,jpeg,0.05390810966491699
1778635909.2928922,156.07045030593872,3118,17539,jpeg,0.048200130462646484
1778635909.3419766,156.11953473091125,3119,17537,jpeg,0.04908442497253418
1778635909.3985088,156.17606687545776,3120,17518,jpeg,0.05653214454650879
1778635909.4456005,156.22315859794617,3121,17563,jpeg,0.04709172248840332
1778635909.5027173,156.28027534484863,3122,17536,jpeg,0.05711674690246582
1778635909.5467026,156.32426071166992,3123,17540,jpeg,0.04398536682128906
1778635909.5949786,156.37253665924072,3124,17530,jpeg,0.04827594757080078
1778635909.642685,156.42024302482605,3125,17521,jpeg,0.04770636558532715
1778635909.6943548,156.47191286087036,3126,17538,jpeg,0.05166983604431152
1778635909.7439864,156.52154445648193,3127,17539,jpeg,0.049631595611572266
1778635909.793851,156.5714089870453,3128,17543,jpeg,0.04986453056335449
1778635909.8466036,156.62416172027588,3129,17544,jpeg,0.05275273323059082
1778635909.898113,156.67567110061646,3130,17536,jpeg,0.05150938034057617
1778635909.9443846,156.72194266319275,3131,17521,jpeg,0.046271562576293945
1778635909.9975889,156.77514696121216,3132,17522,jpeg,0.05320429801940918
1778635910.045228,156.82278609275818,3133,17546,jpeg,0.04763913154602051
1778635910.0951324,156.87269043922424,3134,17569,jpeg,0.04990434646606445
1778635910.1505241,156.9280822277069,3135,17528,jpeg,0.055391788482666016
1778635910.195134,156.97269201278687,3136,17533,jpeg,0.044609785079956055
1778635910.2436414,157.02119946479797,3137,17521,jpeg,0.0485074520111084
1778635910.3046978,157.0822558403015,3138,17508,jpeg,0.06105637550354004
1778635910.3453279,157.1228859424591,3139,17510,jpeg,0.04063010215759277
1778635910.3969536,157.17451167106628,3140,17536,jpeg,0.051625728607177734
1778635910.4459684,157.22352647781372,3141,17535,jpeg,0.04901480674743652
1778635910.496587,157.27414512634277,3142,17545,jpeg,0.050618648529052734
1778635910.5495365,157.32709455490112,3143,17529,jpeg,0.05294942855834961
1778635910.5950809,157.37263894081116,3144,17524,jpeg,0.04554438591003418
1778635910.645258,157.4228160381317,3145,17542,jpeg,0.05017709732055664
1778635910.6981702,157.47572827339172,3146,17542,jpeg,0.052912235260009766
1778635910.7473147,157.5248727798462,3147,17544,jpeg,0.04914450645446777
1778635910.7978148,157.57537293434143,3148,17533,jpeg,0.05050015449523926
1778635910.846793,157.62435102462769,3149,17534,jpeg,0.04897809028625488
1778635910.8992488,157.6768069267273,3150,17509,jpeg,0.052455902099609375
1778635910.9410005,157.71855854988098,3151,17530,jpeg,0.04175162315368652
1778635910.9943984,157.77195644378662,3152,17501,jpeg,0.05339789390563965
1778635911.0430057,157.82056379318237,3153,17526,jpeg,0.04860734939575195
1778635911.0950959,157.87265396118164,3154,17543,jpeg,0.05209016799926758
1778635911.1428232,157.92038130760193,3155,17534,jpeg,0.047727346420288086
1778635911.1938608,157.97141885757446,3156,17541,jpeg,0.05103754997253418
1778635911.2428124,158.02037048339844,3157,17524,jpeg,0.04895162582397461
1778635911.2942533,158.0718114376068,3158,17552,jpeg,0.05144095420837402
1778635911.3437057,158.1212637424469,3159,17505,jpeg,0.04945230484008789
1778635911.3917677,158.16932582855225,3160,17506,jpeg,0.04806208610534668
1778635911.4441185,158.22167658805847,3161,17520,jpeg,0.052350759506225586
1778635911.4937716,158.27132964134216,3162,17584,jpeg,0.049653053283691406
1778635911.5423071,158.3198652267456,3163,17560,jpeg,0.04853558540344238
1778635911.5950198,158.3725779056549,3164,17563,jpeg,0.05271267890930176
1778635911.6444097,158.42196774482727,3165,17561,jpeg,0.04938983917236328
1778635911.6918015,158.46935963630676,3166,17540,jpeg,0.04739189147949219
1778635911.7390008,158.51655888557434,3167,17560,jpeg,0.047199249267578125
1778635911.7944458,158.57200384140015,3168,17577,jpeg,0.055444955825805664
1778635911.8450963,158.6226544380188,3169,17560,jpeg,0.050650596618652344
1778635911.89126,158.66881799697876,3170,15544,jpeg,0.04616355895996094
1778635911.9467285,158.7242865562439,3171,15270,jpeg,0.05546855926513672
1778635911.990872,158.76842999458313,3172,15479,jpeg,0.0441434383392334
1778635912.0401266,158.81768465042114,3173,16010,jpeg,0.049254655838012695
1778635912.0919855,158.86954355239868,3174,16913,jpeg,0.05185890197753906
1778635912.1407256,158.918283700943,3175,17045,jpeg,0.04874014854431152
1778635912.1901336,158.96769165992737,3176,17793,jpeg,0.049407958984375
1778635912.2418451,159.01940321922302,3177,17736,jpeg,0.0517115592956543
1778635912.291113,159.06867098808289,3178,17793,jpeg,0.04926776885986328
1778635912.3455625,159.12312054634094,3179,17809,jpeg,0.05444955825805664
1778635912.3929923,159.1705503463745,3180,16339,jpeg,0.047429800033569336
1778635912.4415107,159.21906876564026,3181,16239,jpeg,0.04851841926574707
1778635912.493053,159.27061104774475,3182,16120,jpeg,0.05154228210449219
1778635912.5514061,159.32896423339844,3183,15794,jpeg,0.05835318565368652
1778635912.5920641,159.36962223052979,3184,16065,jpeg,0.040657997131347656
1778635912.640919,159.41847705841064,3185,16185,jpeg,0.048854827880859375
1778635912.6948946,159.47245264053345,3186,16016,jpeg,0.053975582122802734
1778635912.7456515,159.52320957183838,3187,15623,jpeg,0.05075693130493164
1778635912.7908974,159.56845545768738,3188,15254,jpeg,0.04524588584899902
1778635912.848594,159.62615203857422,3189,15333,jpeg,0.05769658088684082
1778635912.8924916,159.6700496673584,3190,15269,jpeg,0.04389762878417969
1778635912.9397004,159.71725845336914,3191,14978,jpeg,0.04720878601074219
1778635912.9900126,159.76757073402405,3192,14651,jpeg,0.05031228065490723
1778635913.0431159,159.82067394256592,3193,14278,jpeg,0.05310320854187012
1778635913.09337,159.87092804908752,3194,14139,jpeg,0.050254106521606445
1778635913.1473093,159.9248673915863,3195,14818,jpeg,0.0539393424987793
1778635913.1938338,159.97139191627502,3196,14844,jpeg,0.0465245246887207
1778635913.2560632,160.03362131118774,3197,17689,jpeg,0.06222939491271973
1778635913.2923903,160.0699484348297,3198,17529,jpeg,0.03632712364196777
1778635913.3401723,160.11773037910461,3199,17413,jpeg,0.047781944274902344
1778635913.396896,160.17445397377014,3200,13937,jpeg,0.056723594665527344
1778635913.4430482,160.22060632705688,3201,13525,jpeg,0.046152353286743164
1778635913.489517,160.2670750617981,3202,12998,jpeg,0.04646873474121094
1778635913.543164,160.3207221031189,3203,12641,jpeg,0.05364704132080078
1778635913.597096,160.37465405464172,3204,12287,jpeg,0.05393195152282715
1778635913.6387498,160.41630792617798,3205,11936,jpeg,0.04165387153625488
1778635913.6887898,160.46634793281555,3206,11676,jpeg,0.05004000663757324
1778635913.7400444,160.51760244369507,3207,12379,jpeg,0.0512545108795166
1778635913.786269,160.56382703781128,3208,12844,jpeg,0.04622459411621094
1778635913.8377016,160.61525964736938,3209,13477,jpeg,0.05143260955810547
1778635913.891787,160.66934514045715,3210,13852,jpeg,0.054085493087768555
1778635913.9389818,160.71653985977173,3211,14405,jpeg,0.047194719314575195
1778635913.9874127,160.76497077941895,3212,15004,jpeg,0.0484309196472168
1778635914.040186,160.81774401664734,3213,15227,jpeg,0.052773237228393555
1778635914.0890605,160.86661863327026,3214,15380,jpeg,0.048874616622924805
1778635914.1392834,160.916841506958,3215,15541,jpeg,0.05022287368774414
1778635914.1938243,160.97138237953186,3216,15813,jpeg,0.05454087257385254
1778635914.2395396,161.0170977115631,3217,15917,jpeg,0.04571533203125
1778635914.292016,161.06957411766052,3218,16085,jpeg,0.05247640609741211
1778635914.3474026,161.12496066093445,3219,16602,jpeg,0.05538654327392578
1778635914.3924203,161.16997838020325,3220,16840,jpeg,0.04501771926879883
1778635914.4447434,161.2223014831543,3221,17215,jpeg,0.052323102951049805
1778635914.4919088,161.26946687698364,3222,17798,jpeg,0.0471653938293457
1778635914.5448174,161.32237553596497,3223,17620,jpeg,0.05290865898132324
1778635914.5944378,161.37199592590332,3224,17175,jpeg,0.04962038993835449
1778635914.6470006,161.42455863952637,3225,16842,jpeg,0.052562713623046875
1778635914.6938398,161.4713978767395,3226,16809,jpeg,0.046839237213134766
1778635914.7474873,161.52504539489746,3227,16776,jpeg,0.053647518157958984
1778635914.7947721,161.57233023643494,3228,16698,jpeg,0.047284841537475586
1778635914.8389473,161.6165053844452,3229,16630,jpeg,0.044175148010253906
1778635914.895214,161.67277216911316,3230,16470,jpeg,0.05626678466796875
1778635914.9421608,161.71971893310547,3231,16283,jpeg,0.04694676399230957
1778635914.9914122,161.76897025108337,3232,16153,jpeg,0.04925131797790527
1778635915.0407677,161.81832575798035,3233,16181,jpeg,0.049355506896972656
1778635915.0928197,161.87037777900696,3234,16026,jpeg,0.05205202102661133
1778635915.1412692,161.91882729530334,3235,16646,jpeg,0.04844951629638672
1778635915.193465,161.97102308273315,3236,16986,jpeg,0.05219578742980957
1778635915.247604,162.02516198158264,3237,17573,jpeg,0.054138898849487305
1778635915.2958763,162.07343435287476,3238,17138,jpeg,0.04827237129211426
1778635915.3418198,162.1193778514862,3239,16826,jpeg,0.045943498611450195
1778635915.3986244,162.17618250846863,3240,16453,jpeg,0.056804656982421875
1778635915.4455943,162.2231523990631,3241,16451,jpeg,0.04696989059448242
1778635915.4909885,162.2685465812683,3242,16474,jpeg,0.045394182205200195
1778635915.542925,162.32048296928406,3243,16745,jpeg,0.05193638801574707
1778635915.589017,162.3665750026703,3244,17208,jpeg,0.04609203338623047
1778635915.6415892,162.4191472530365,3245,17544,jpeg,0.05257225036621094
1778635915.699188,162.4767460823059,3246,17057,jpeg,0.05759882926940918
1778635915.7427053,162.52026343345642,3247,16460,jpeg,0.043517351150512695
1778635915.7902164,162.56777453422546,3248,16704,jpeg,0.04751110076904297
1778635915.844675,162.62223315238953,3249,17047,jpeg,0.0544586181640625
1778635915.8960805,162.67363858222961,3250,17179,jpeg,0.05140542984008789
1778635915.942013,162.71957111358643,3251,17682,jpeg,0.04593253135681152
1778635915.998654,162.776211977005,3252,17328,jpeg,0.0566408634185791
1778635916.048155,162.8257131576538,3253,17168,jpeg,0.04950118064880371
1778635916.0911076,162.86866569519043,3254,17139,jpeg,0.042952537536621094
1778635916.1458733,162.92343139648438,3255,17287,jpeg,0.05476570129394531
1778635916.1909573,162.96851539611816,3256,17640,jpeg,0.04508399963378906
1778635916.244505,163.02206301689148,3257,17813,jpeg,0.05354762077331543
1778635916.301034,163.07859206199646,3258,17735,jpeg,0.05652904510498047
1778635916.3426178,163.12017583847046,3259,17526,jpeg,0.04158377647399902
1778635916.3885584,163.16611647605896,3260,17338,jpeg,0.04594063758850098
1778635916.445038,163.22259616851807,3261,17404,jpeg,0.056479692459106445
1778635916.4962006,163.27375864982605,3262,17590,jpeg,0.0511624813079834
1778635916.54373,163.32128810882568,3263,17632,jpeg,0.04752945899963379
1778635916.5958424,163.3734004497528,3264,17638,jpeg,0.05211234092712402
1778635916.6547637,163.4323217868805,3265,17610,jpeg,0.05892133712768555
1778635916.6925416,163.4700996875763,3266,17543,jpeg,0.03777790069580078
1778635916.744437,163.52199506759644,3267,17513,jpeg,0.0518953800201416
1778635916.79391,163.5714681148529,3268,17542,jpeg,0.04947304725646973
1778635916.842939,163.6204969882965,3269,17570,jpeg,0.049028873443603516
1778635916.8988028,163.6763608455658,3270,17615,jpeg,0.05586385726928711
1778635916.9461741,163.72373223304749,3271,17578,jpeg,0.04737138748168945
1778635916.9902337,163.76779174804688,3272,17590,jpeg,0.04405951499938965
1778635917.0475707,163.82512879371643,3273,17572,jpeg,0.057337045669555664
1778635917.0891294,163.86668753623962,3274,17615,jpeg,0.04155874252319336
1778635917.1559892,163.93354725837708,3275,17588,jpeg,0.06685972213745117
1778635917.1956394,163.97319746017456,3276,17656,jpeg,0.03965020179748535
1778635917.2422018,164.01975989341736,3277,17640,jpeg,0.04656243324279785
1778635917.2892795,164.0668375492096,3278,17640,jpeg,0.04707765579223633
1778635917.348868,164.1264259815216,3279,17580,jpeg,0.05958843231201172
1778635917.3934371,164.17099523544312,3280,17606,jpeg,0.04456925392150879
1778635917.4442718,164.22182989120483,3281,17598,jpeg,0.05083465576171875
1778635917.4944792,164.27203726768494,3282,17616,jpeg,0.05020737648010254
1778635917.5440984,164.3216564655304,3283,17611,jpeg,0.049619197845458984
1778635917.5919843,164.3695423603058,3284,15997,jpeg,0.047885894775390625
1778635917.6404822,164.41804027557373,3285,17316,jpeg,0.048497915267944336
1778635917.6926959,164.47025394439697,3286,17841,jpeg,0.05221366882324219
1778635917.7431896,164.52074766159058,3287,17916,jpeg,0.050493717193603516
1778635917.7913835,164.56894159317017,3288,17891,jpeg,0.048193931579589844
1778635917.8412135,164.61877155303955,3289,17910,jpeg,0.049829959869384766
1778635917.8925283,164.67008638381958,3290,17905,jpeg,0.0513148307800293
1778635917.9441988,164.72175693511963,3291,17931,jpeg,0.05167055130004883
1778635917.9937136,164.77127170562744,3292,17923,jpeg,0.0495147705078125
1778635918.0427463,164.8203043937683,3293,17939,jpeg,0.04903268814086914
1778635918.09655,164.87410807609558,3294,17944,jpeg,0.05380368232727051
1778635918.1422935,164.91985154151917,3295,17960,jpeg,0.045743465423583984
1778635918.1878335,164.96539163589478,3296,17958,jpeg,0.04554009437561035
1778635918.245295,165.02285313606262,3297,17950,jpeg,0.05746150016784668
1778635918.2934318,165.07098984718323,3298,17931,jpeg,0.04813671112060547
1778635918.3399785,165.1175365447998,3299,17953,jpeg,0.04654669761657715
1778635918.3988793,165.1764373779297,3300,17945,jpeg,0.05890083312988281
1778635918.442439,165.21999716758728,3301,15579,jpeg,0.04355978965759277
1778635918.4896812,165.2672393321991,3302,16329,jpeg,0.047242164611816406
1778635918.545345,165.32290315628052,3303,16454,jpeg,0.0556638240814209
1778635918.592917,165.37047505378723,3304,16321,jpeg,0.04757189750671387
1778635918.63963,165.41718816757202,3305,16274,jpeg,0.04671311378479004
1778635918.6977603,165.47531843185425,3306,17003,jpeg,0.05813026428222656
1778635918.7397943,165.5173523426056,3307,16386,jpeg,0.04203391075134277
1778635918.7899039,165.56746196746826,3308,17141,jpeg,0.0501096248626709
1778635918.842214,165.61977219581604,3309,16792,jpeg,0.05231022834777832
1778635918.88959,165.66714811325073,3310,17061,jpeg,0.04737591743469238
1778635918.9439812,165.7215392589569,3311,15767,jpeg,0.05439114570617676
1778635918.9979715,165.77552962303162,3312,15997,jpeg,0.05399036407470703
1778635919.040281,165.8178391456604,3313,16950,jpeg,0.04230952262878418
1778635919.0943856,165.8719437122345,3314,17538,jpeg,0.05410456657409668
1778635919.1428542,165.9204123020172,3315,16744,jpeg,0.048468589782714844
1778635919.1927485,165.97030663490295,3316,16608,jpeg,0.04989433288574219
1778635919.243808,166.02136611938477,3317,17078,jpeg,0.05105948448181152
1778635919.3049588,166.08251690864563,3318,15917,jpeg,0.06115078926086426
1778635919.3363805,166.11393857002258,3319,14706,jpeg,0.031421661376953125
1778635919.3918798,166.16943788528442,3320,15483,jpeg,0.05549931526184082
1778635919.4382734,166.21583151817322,3321,16298,jpeg,0.046393632888793945
1778635919.493407,166.27096509933472,3322,16037,jpeg,0.05513358116149902
1778635919.5428708,166.3204288482666,3323,15850,jpeg,0.049463748931884766
1778635919.58955,166.36710810661316,3324,16547,jpeg,0.04667925834655762
1778635919.6440358,166.42159390449524,3325,15107,jpeg,0.05448579788208008
1778635919.6899338,166.46749186515808,3326,15740,jpeg,0.0458979606628418
1778635919.738958,166.5165159702301,3327,16011,jpeg,0.049024105072021484
1778635919.7878704,166.5654284954071,3328,15702,jpeg,0.04891252517700195
1778635919.8391502,166.616708278656,3329,15252,jpeg,0.05127978324890137
1778635919.8887477,166.66630578041077,3330,15705,jpeg,0.04959750175476074
1778635919.9377987,166.71535682678223,3331,15529,jpeg,0.04905104637145996
1778635919.988507,166.76606512069702,3332,15333,jpeg,0.05070829391479492
1778635920.0408983,166.8184564113617,3333,15177,jpeg,0.05239129066467285
1778635920.089553,166.8671112060547,3334,15769,jpeg,0.048654794692993164
1778635920.1389148,166.91647291183472,3335,15034,jpeg,0.0493617057800293
1778635920.1952574,166.97281551361084,3336,14898,jpeg,0.05634260177612305
1778635920.2363276,167.01388573646545,3337,15153,jpeg,0.04107022285461426
1778635920.2876518,167.06520986557007,3338,14984,jpeg,0.05132412910461426
1778635920.338035,167.11559319496155,3339,14582,jpeg,0.05038332939147949
1778635920.3875787,167.16513681411743,3340,15194,jpeg,0.04954361915588379
1778635920.4385521,167.2161102294922,3341,15491,jpeg,0.05097341537475586
1778635920.4897459,167.26730394363403,3342,14492,jpeg,0.0511937141418457
1778635920.5368564,167.31441450119019,3343,15522,jpeg,0.047110557556152344
1778635920.5916321,167.36919021606445,3344,14876,jpeg,0.05477571487426758
1778635920.6396513,167.41720938682556,3345,15330,jpeg,0.0480191707611084
1778635920.693387,167.4709451198578,3346,15222,jpeg,0.05373573303222656
1778635920.7415202,167.5190782546997,3347,14913,jpeg,0.048133134841918945
1778635920.787519,167.5650770664215,3348,14573,jpeg,0.04599881172180176
1778635920.83569,167.6132481098175,3349,14612,jpeg,0.048171043395996094
1778635920.889416,167.666974067688,3350,14182,jpeg,0.0537259578704834
1778635920.937165,167.71472311019897,3351,14388,jpeg,0.04774904251098633
1778635920.9860601,167.7636182308197,3352,14261,jpeg,0.04889512062072754
1778635921.0382357,167.8157937526703,3353,14599,jpeg,0.05217552185058594
1778635921.086944,167.86450219154358,3354,14051,jpeg,0.048708438873291016
1778635921.1383877,167.91594576835632,3355,14269,jpeg,0.05144357681274414
1778635921.1880794,167.96563744544983,3356,14109,jpeg,0.04969167709350586
1778635921.2408319,168.01838994026184,3357,14772,jpeg,0.05275249481201172
1778635921.2902594,168.0678174495697,3358,15113,jpeg,0.04942750930786133
1778635921.3430998,168.1206579208374,3359,14930,jpeg,0.052840471267700195
1778635921.3944724,168.17203044891357,3360,15217,jpeg,0.051372528076171875
1778635921.4385293,168.2160873413086,3361,15389,jpeg,0.04405689239501953
1778635921.4986196,168.27617764472961,3362,15316,jpeg,0.06009030342102051
1778635921.5396786,168.317236661911,3363,16164,jpeg,0.041059017181396484
1778635921.5868504,168.364408493042,3364,15492,jpeg,0.047171831130981445
1778635921.6423056,168.4198637008667,3365,15541,jpeg,0.05545520782470703
1778635921.6910636,168.46862173080444,3366,15520,jpeg,0.04875802993774414
1778635921.7382307,168.51578879356384,3367,15773,jpeg,0.047167062759399414
1778635921.7932546,168.57081270217896,3368,16283,jpeg,0.055023908615112305
1778635921.843698,168.62125611305237,3369,15915,jpeg,0.050443410873413086
1778635921.889837,168.66739511489868,3370,16420,jpeg,0.04613900184631348
1778635921.940893,168.7184510231018,3371,15828,jpeg,0.051055908203125
1778635921.9924252,168.76998329162598,3372,15760,jpeg,0.05153226852416992
1778635922.038882,168.81644010543823,3373,15577,jpeg,0.04645681381225586
1778635922.0904262,168.86798429489136,3374,16139,jpeg,0.051544189453125
1778635922.1414833,168.91904139518738,3375,15558,jpeg,0.05105710029602051
1778635922.1897955,168.9673535823822,3376,15423,jpeg,0.04831218719482422
1778635922.2449646,169.022522687912,3377,15629,jpeg,0.055169105529785156
1778635922.2913024,169.06886053085327,3378,15683,jpeg,0.04633784294128418
1778635922.3385093,169.11606740951538,3379,15635,jpeg,0.047206878662109375
1778635922.393329,169.1708869934082,3380,15553,jpeg,0.054819583892822266
1778635922.4405985,169.21815657615662,3381,14848,jpeg,0.047269582748413086
1778635922.4881988,169.26575684547424,3382,16166,jpeg,0.04760026931762695
1778635922.5403035,169.31786155700684,3383,15576,jpeg,0.05210471153259277
1778635922.5956101,169.37316823005676,3384,15888,jpeg,0.05530667304992676
1778635922.6381578,169.41571593284607,3385,15645,jpeg,0.04254770278930664
1778635922.6898808,169.46743893623352,3386,15416,jpeg,0.05172300338745117
1778635922.7425454,169.52010345458984,3387,15184,jpeg,0.05266451835632324
1778635922.7873867,169.5649447441101,3388,15914,jpeg,0.04484128952026367
1778635922.8406198,169.6181778907776,3389,15639,jpeg,0.05323314666748047
1778635922.8941178,169.67167592048645,3390,15516,jpeg,0.053498029708862305
1778635922.940413,169.71797108650208,3391,15190,jpeg,0.046295166015625
1778635922.990352,169.7679100036621,3392,16084,jpeg,0.04993891716003418
1778635923.0400453,169.81760334968567,3393,15406,jpeg,0.04969334602355957
1778635923.0902543,169.86781239509583,3394,15753,jpeg,0.05020904541015625
1778635923.1421008,169.91965889930725,3395,15426,jpeg,0.05184650421142578
1778635923.192011,169.9695692062378,3396,15575,jpeg,0.04991030693054199
1778635923.238134,170.01569199562073,3397,15567,jpeg,0.04612278938293457
1778635923.2915883,170.06914639472961,3398,15159,jpeg,0.05345439910888672
1778635923.3404746,170.11803269386292,3399,15973,jpeg,0.04888629913330078
1778635923.391205,170.16876316070557,3400,15627,jpeg,0.05073046684265137
1778635923.4365456,170.21410369873047,3401,15545,jpeg,0.045340538024902344
1778635923.4972084,170.2747664451599,3402,16366,jpeg,0.06066274642944336
1778635923.5422974,170.31985545158386,3403,15576,jpeg,0.045089006423950195
1778635923.5892603,170.36681842803955,3404,16048,jpeg,0.04696297645568848
1778635923.644494,170.42205214500427,3405,15960,jpeg,0.05523371696472168
1778635923.6927743,170.4703323841095,3406,15689,jpeg,0.04828023910522461
1778635923.737753,170.51531100273132,3407,15819,jpeg,0.04497861862182617
1778635923.7966948,170.5742528438568,3408,15985,jpeg,0.05894184112548828
1778635923.8438742,170.62143230438232,3409,16160,jpeg,0.047179460525512695
1778635923.8892603,170.66681838035583,3410,16344,jpeg,0.04538607597351074
1778635923.948261,170.72581911087036,3411,16375,jpeg,0.05900073051452637
1778635923.994866,170.77242398262024,3412,16473,jpeg,0.04660487174987793
1778635924.0445282,170.82208633422852,3413,16287,jpeg,0.04966235160827637
1778635924.0957167,170.87327480316162,3414,16604,jpeg,0.05118846893310547
1778635924.1419585,170.91951656341553,3415,15819,jpeg,0.04624176025390625
1778635924.1922405,170.9697985649109,3416,16450,jpeg,0.05028200149536133
1778635924.2445087,171.02206683158875,3417,16311,jpeg,0.052268266677856445
1778635924.2927969,171.07035493850708,3418,16351,jpeg,0.04828810691833496
1778635924.340867,171.11842513084412,3419,16335,jpeg,0.04807019233703613
1778635924.3919916,171.16954970359802,3420,16358,jpeg,0.05112457275390625
1778635924.440467,171.21802496910095,3421,16294,jpeg,0.04847526550292969
1778635924.4911928,171.2687509059906,3422,16361,jpeg,0.05072593688964844
1778635924.5466807,171.32423877716064,3423,16450,jpeg,0.055487871170043945
1778635924.5935163,171.3710744380951,3424,16488,jpeg,0.04683566093444824
1778635924.6437967,171.4213547706604,3425,16510,jpeg,0.05028033256530762
1778635924.6990125,171.4765706062317,3426,16169,jpeg,0.05521583557128906
1778635924.7434394,171.52099752426147,3427,16468,jpeg,0.044426918029785156
1778635924.7928176,171.57037568092346,3428,16586,jpeg,0.049378156661987305
1778635924.8426845,171.6202425956726,3429,16294,jpeg,0.04986691474914551
1778635924.893099,171.67065715789795,3430,16533,jpeg,0.0504145622253418
1778635924.9399624,171.71752047538757,3431,16620,jpeg,0.04686331748962402
1778635925.0034332,171.78099131584167,3432,16631,jpeg,0.06347084045410156
1778635925.044,171.82155799865723,3433,16634,jpeg,0.04056668281555176
1778635925.0893,171.86685800552368,3434,16671,jpeg,0.04530000686645508
1778635925.1372619,171.9148199558258,3435,16679,jpeg,0.04796195030212402
1778635925.1913004,171.9688584804535,3436,16677,jpeg,0.05403852462768555
1778635925.238614,172.01617217063904,3437,16669,jpeg,0.047313690185546875
1778635925.2879136,172.06547164916992,3438,16599,jpeg,0.04929947853088379
1778635925.3407872,172.11834526062012,3439,16589,jpeg,0.05287361145019531
1778635925.3893452,172.16690325737,3440,16605,jpeg,0.04855799674987793
1778635925.440621,172.21817898750305,3441,16602,jpeg,0.05127573013305664
1778635925.4913778,172.26893591880798,3442,16631,jpeg,0.05075693130493164
1778635925.541409,172.31896710395813,3443,16639,jpeg,0.050031185150146484
1778635925.5920417,172.36959981918335,3444,16537,jpeg,0.05063271522521973
1778635925.6377046,172.4152626991272,3445,15892,jpeg,0.045662879943847656
1778635925.6875775,172.46513557434082,3446,16527,jpeg,0.04987287521362305
1778635925.74758,172.52513813972473,3447,16488,jpeg,0.06000256538391113
1778635925.78664,172.56419801712036,3448,16426,jpeg,0.03905987739562988
1778635925.8367379,172.61429595947266,3449,16403,jpeg,0.05009794235229492
1778635925.888132,172.66569018363953,3450,16458,jpeg,0.05139422416687012
1778635925.9408085,172.7183666229248,3451,16423,jpeg,0.05267643928527832
1778635925.9853122,172.76287031173706,3452,15697,jpeg,0.04450368881225586
1778635926.0358992,172.8134572505951,3453,16523,jpeg,0.05058693885803223
1778635926.08491,172.86246800422668,3454,16594,jpeg,0.0490107536315918
1778635926.1360753,172.91363334655762,3455,16599,jpeg,0.05116534233093262
1778635926.1889315,172.96648955345154,3456,16569,jpeg,0.0528562068939209
1778635926.2365925,173.01415061950684,3457,16563,jpeg,0.04766106605529785
1778635926.2876265,173.06518459320068,3458,16596,jpeg,0.051033973693847656
1778635926.3383615,173.11591958999634,3459,16594,jpeg,0.0507349967956543
1778635926.3866453,173.16420340538025,3460,16609,jpeg,0.04828381538391113
1778635926.4372132,173.21477127075195,3461,16604,jpeg,0.0505678653717041
1778635926.4919937,173.2695517539978,3462,16593,jpeg,0.05478048324584961
1778635926.5355158,173.3130738735199,3463,16589,jpeg,0.04352211952209473
1778635926.5873477,173.364905834198,3464,16597,jpeg,0.051831960678100586
1778635926.6394353,173.4169933795929,3465,16602,jpeg,0.05208754539489746
1778635926.686532,173.46409010887146,3466,16600,jpeg,0.04709672927856445
1778635926.7385159,173.51607394218445,3467,16592,jpeg,0.05198383331298828
1778635926.7915978,173.56915593147278,3468,16601,jpeg,0.05308198928833008
1778635926.8384135,173.61597156524658,3469,16614,jpeg,0.04681563377380371
1778635926.8876662,173.66522431373596,3470,16554,jpeg,0.04925274848937988
1778635926.9433618,173.7209198474884,3471,16567,jpeg,0.055695533752441406
1778635926.9914203,173.76897835731506,3472,16556,jpeg,0.048058509826660156
1778635927.0425074,173.82006549835205,3473,16571,jpeg,0.051087141036987305
1778635927.094789,173.87234711647034,3474,16573,jpeg,0.05228161811828613
1778635927.1376374,173.9151954650879,3475,16558,jpeg,0.04284834861755371
1778635927.1904716,173.96802973747253,3476,16604,jpeg,0.052834272384643555
1778635927.2399297,174.01748776435852,3477,16597,jpeg,0.04945802688598633
1778635927.2868,174.06435799598694,3478,16611,jpeg,0.04687023162841797
1778635927.338154,174.11571216583252,3479,16614,jpeg,0.051354169845581055
1778635927.3898227,174.16738080978394,3480,16593,jpeg,0.051668643951416016
1778635927.436227,174.2137851715088,3481,16604,jpeg,0.046404361724853516
1778635927.4899445,174.26750254631042,3482,16586,jpeg,0.05371737480163574
1778635927.5426207,174.32017874717712,3483,16569,jpeg,0.05267620086669922
1778635927.591876,174.36943411827087,3484,16581,jpeg,0.04925537109375
1778635927.6374087,174.41496682167053,3485,16588,jpeg,0.0455327033996582
1778635927.6969104,174.47446846961975,3486,16605,jpeg,0.05950164794921875
1778635927.737675,174.51523303985596,3487,16609,jpeg,0.040764570236206055
1778635927.7883527,174.56591081619263,3488,16608,jpeg,0.05067777633666992
1778635927.836488,174.61404609680176,3489,16621,jpeg,0.04813528060913086
1778635927.8905692,174.6681272983551,3490,16610,jpeg,0.05408120155334473
1778635927.9409368,174.71849489212036,3491,16621,jpeg,0.05036759376525879
1778635927.9889896,174.76654767990112,3492,16584,jpeg,0.04805278778076172
1778635928.0414305,174.81898856163025,3493,16617,jpeg,0.05244088172912598
1778635928.0869894,174.8645474910736,3494,16597,jpeg,0.045558929443359375
1778635928.1373646,174.9149227142334,3495,16637,jpeg,0.05037522315979004
1778635928.190859,174.96841716766357,3496,16599,jpeg,0.05349445343017578
1778635928.238312,175.01587009429932,3497,16627,jpeg,0.04745292663574219
1778635928.2876067,175.06516480445862,3498,16651,jpeg,0.04929471015930176
1778635928.3364344,175.11399245262146,3499,16677,jpeg,0.0488276481628418
1778635928.3879414,175.16549944877625,3500,16660,jpeg,0.051506996154785156
1778635928.436681,175.2142391204834,3501,16614,jpeg,0.04873967170715332
1778635928.4865963,175.2641544342041,3502,16616,jpeg,0.049915313720703125
1778635928.538659,175.31621718406677,3503,16611,jpeg,0.0520627498626709
1778635928.5874898,175.36504793167114,3504,16621,jpeg,0.04883074760437012
1778635928.647322,175.424880027771,3505,16644,jpeg,0.059832096099853516
1778635928.6904511,175.46800923347473,3506,16632,jpeg,0.04312920570373535
1778635928.7393744,175.5169324874878,3507,16670,jpeg,0.04892325401306152
1778635928.7868307,175.56438875198364,3508,16659,jpeg,0.04745626449584961
1778635928.838077,175.61563515663147,3509,16656,jpeg,0.05124640464782715
1778635928.8920898,175.6696479320526,3510,16688,jpeg,0.05401277542114258
1778635928.939104,175.7166621685028,3511,16672,jpeg,0.04701423645019531
1778635929.0004675,175.77802562713623,3512,16707,jpeg,0.06136345863342285
1778635929.0376575,175.81521558761597,3513,16664,jpeg,0.03718996047973633
1778635929.0861957,175.86375379562378,3514,16656,jpeg,0.0485382080078125
1778635929.138856,175.91641402244568,3515,16618,jpeg,0.052660226821899414
1778635929.194406,175.97196412086487,3516,16652,jpeg,0.05555009841918945
1778635929.2402487,176.01780676841736,3517,16662,jpeg,0.045842647552490234
1778635929.2886498,176.0662078857422,3518,16675,jpeg,0.0484011173248291
1778635929.3471558,176.12471389770508,3519,16650,jpeg,0.058506011962890625
1778635929.3887916,176.16634964942932,3520,16688,jpeg,0.041635751724243164
1778635929.4370403,176.2145984172821,3521,16672,jpeg,0.0482487678527832
1778635929.490972,176.26853013038635,3522,16673,jpeg,0.05393171310424805
1778635929.5395265,176.31708455085754,3523,16650,jpeg,0.048554420471191406
1778635929.5873275,176.36488556861877,3524,16657,jpeg,0.04780101776123047
1778635929.6417925,176.41935062408447,3525,16659,jpeg,0.05446505546569824
1778635929.6882367,176.46579480171204,3526,16683,jpeg,0.04644417762756348
1778635929.7415984,176.51915645599365,3527,16679,jpeg,0.05336165428161621
1778635929.792432,176.56999015808105,3528,16651,jpeg,0.050833702087402344
1778635929.8429437,176.6205017566681,3529,16655,jpeg,0.05051159858703613
1778635929.8881507,176.6657087802887,3530,16660,jpeg,0.04520702362060547
1778635929.9398913,176.717449426651,3531,16653,jpeg,0.05174064636230469
1778635929.9854481,176.76300621032715,3532,16653,jpeg,0.04555678367614746
1778635930.0360587,176.8136167526245,3533,16663,jpeg,0.05061054229736328
1778635930.0924652,176.87002325057983,3534,16704,jpeg,0.056406497955322266
1778635930.1374812,176.91503930091858,3535,16681,jpeg,0.04501605033874512
1778635930.192381,176.96993899345398,3536,16690,jpeg,0.05489969253540039
1778635930.2394767,177.01703476905823,3537,16678,jpeg,0.04709577560424805
1778635930.2884102,177.0659682750702,3538,16680,jpeg,0.04893350601196289
1778635930.340008,177.1175661087036,3539,16702,jpeg,0.05159783363342285
1778635930.3915675,177.1691255569458,3540,16675,jpeg,0.0515594482421875
1778635930.4376256,177.2151837348938,3541,16689,jpeg,0.04605817794799805
1778635930.489315,177.2668731212616,3542,16669,jpeg,0.05168938636779785
1778635930.539704,177.31726217269897,3543,16646,jpeg,0.05038905143737793
1778635930.590466,177.36802411079407,3544,16664,jpeg,0.05076193809509277
1778635930.6384642,177.41602230072021,3545,16631,jpeg,0.04799818992614746
1778635930.6940062,177.47156429290771,3546,16666,jpeg,0.0555419921875
1778635930.73539,177.51294803619385,3547,16691,jpeg,0.04138374328613281
1778635930.789007,177.56656503677368,3548,16675,jpeg,0.053617000579833984
1778635930.8426075,177.62016558647156,3549,16693,jpeg,0.05360054969787598
1778635930.8876133,177.6651713848114,3550,16684,jpeg,0.04500579833984375
1778635930.9398177,177.71737575531006,3551,16668,jpeg,0.05220437049865723
1778635930.9879634,177.76552152633667,3552,16703,jpeg,0.04814577102661133
1778635931.0373445,177.8149025440216,3553,16667,jpeg,0.04938101768493652
1778635931.088219,177.86577701568604,3554,16708,jpeg,0.05087447166442871
1778635931.138206,177.91576409339905,3555,16653,jpeg,0.049987077713012695
1778635931.1870205,177.96457862854004,3556,16647,jpeg,0.04881453514099121
1778635931.2379282,178.01548624038696,3557,16712,jpeg,0.05090761184692383
1778635931.2899206,178.0674786567688,3558,16689,jpeg,0.05199241638183594
1778635931.3385403,178.11609840393066,3559,16673,jpeg,0.048619747161865234
1778635931.3881614,178.16571950912476,3560,16685,jpeg,0.0496211051940918
1778635931.4391263,178.21668434143066,3561,16665,jpeg,0.0509648323059082
1778635931.4899976,178.26755571365356,3562,16694,jpeg,0.05087137222290039
1778635931.5506845,178.3282425403595,3563,16694,jpeg,0.06068682670593262
1778635931.59105,178.3686079978943,3564,16692,jpeg,0.04036545753479004
1778635931.6402473,178.41780543327332,3565,16682,jpeg,0.04919743537902832
1778635931.6903598,178.46791791915894,3566,16680,jpeg,0.05011248588562012
1778635931.7390609,178.51661896705627,3567,16669,jpeg,0.04870104789733887
1778635931.7922087,178.56976675987244,3568,16676,jpeg,0.05314779281616211
1778635931.838101,178.61565899848938,3569,16682,jpeg,0.04589223861694336
1778635931.893228,178.67078614234924,3570,16700,jpeg,0.05512714385986328
1778635931.9363916,178.71394968032837,3571,16694,jpeg,0.04316353797912598
1778635931.9944916,178.77204966545105,3572,16681,jpeg,0.058099985122680664
1778635932.0472147,178.82477283477783,3573,16685,jpeg,0.05272316932678223
1778635932.0901682,178.86772632598877,3574,16683,jpeg,0.0429534912109375
1778635932.1399496,178.91750764846802,3575,16695,jpeg,0.04978132247924805
1778635932.1908393,178.9683973789215,3576,16699,jpeg,0.05088973045349121
1778635932.239942,179.01750016212463,3577,16690,jpeg,0.049102783203125
1778635932.287602,179.06516003608704,3578,16648,jpeg,0.047659873962402344
1778635932.3401086,179.117666721344,3579,16682,jpeg,0.05250668525695801
1778635932.3878253,179.16538333892822,3580,16658,jpeg,0.047716617584228516
1778635932.436348,179.2139060497284,3581,16653,jpeg,0.0485227108001709
1778635932.491945,179.26950311660767,3582,16676,jpeg,0.05559706687927246
1778635932.5379329,179.31549096107483,3583,16669,jpeg,0.045987844467163086
1778635932.5879645,179.36552262306213,3584,16663,jpeg,0.05003166198730469
1778635932.635991,179.4135491847992,3585,16682,jpeg,0.04802656173706055
1778635932.6886392,179.46619725227356,3586,16671,jpeg,0.052648067474365234
1778635932.737632,179.51519012451172,3587,16666,jpeg,0.04899287223815918
1778635932.787305,179.56486320495605,3588,16651,jpeg,0.04967308044433594
1778635932.8398485,179.6174066066742,3589,16637,jpeg,0.05254340171813965
1778635932.8876517,179.66520977020264,3590,16654,jpeg,0.04780316352844238
1778635932.937228,179.71478605270386,3591,16660,jpeg,0.0495762825012207
1778635932.9908755,179.76843357086182,3592,16657,jpeg,0.053647518157958984
1778635933.037913,179.81547117233276,3593,16678,jpeg,0.047037601470947266
1778635933.0871158,179.86467385292053,3594,16675,jpeg,0.049202680587768555
1778635933.1396983,179.91725635528564,3595,16683,jpeg,0.052582502365112305
1778635933.187435,179.96499300003052,3596,16687,jpeg,0.04773664474487305
1778635933.236473,180.0140311717987,3597,16663,jpeg,0.04903817176818848
1778635933.2877517,180.0653097629547,3598,16682,jpeg,0.05127859115600586
1778635933.3374653,180.1150233745575,3599,16646,jpeg,0.0497136116027832
1778635933.3865733,180.16413140296936,3600,16634,jpeg,0.049108028411865234
1778635933.437305,180.2148630619049,3601,16627,jpeg,0.050731658935546875
1778635933.4884477,180.26600575447083,3602,16669,jpeg,0.05114269256591797
1778635933.5373278,180.31488585472107,3603,16654,jpeg,0.04888010025024414
1778635933.5876663,180.36522436141968,3604,16667,jpeg,0.0503385066986084
1778635933.640665,180.4182231426239,3605,16635,jpeg,0.05299878120422363
1778635933.690122,180.467679977417,3606,16701,jpeg,0.04945683479309082
1778635933.7387824,180.51634049415588,3607,16641,jpeg,0.0486605167388916
1778635933.789307,180.56686520576477,3608,16652,jpeg,0.05052471160888672
1778635933.8420165,180.61957454681396,3609,16630,jpeg,0.052709341049194336
1778635933.8877413,180.66529941558838,3610,16637,jpeg,0.04572486877441406
1778635933.9417198,180.71927785873413,3611,16640,jpeg,0.05397844314575195
1778635933.9910452,180.76860332489014,3612,16627,jpeg,0.04932546615600586
1778635934.0424497,180.8200078010559,3613,16638,jpeg,0.051404476165771484
1778635934.08806,180.86561799049377,3614,16663,jpeg,0.04561018943786621
1778635934.1381044,180.91566252708435,3615,16632,jpeg,0.05004453659057617
1778635934.1849093,180.9624674320221,3616,16623,jpeg,0.04680490493774414
1778635934.2393095,181.01686763763428,3617,16657,jpeg,0.05440020561218262
1778635934.289361,181.06691908836365,3618,16650,jpeg,0.05005145072937012
1778635934.3351047,181.1126627922058,3619,16615,jpeg,0.045743703842163086
1778635934.3873544,181.1649124622345,3620,16653,jpeg,0.05224967002868652
1778635934.4463181,181.22387623786926,3621,16667,jpeg,0.058963775634765625
1778635934.486463,181.26402115821838,3622,16661,jpeg,0.040144920349121094
1778635934.539366,181.3169240951538,3623,16656,jpeg,0.052902936935424805
1778635934.5866976,181.3642556667328,3624,16631,jpeg,0.04733157157897949
1778635934.6354666,181.41302466392517,3625,16635,jpeg,0.04876899719238281
1778635934.6879141,181.4654722213745,3626,16624,jpeg,0.05244755744934082
1778635934.7364383,181.51399636268616,3627,16665,jpeg,0.04852414131164551
1778635934.7856147,181.56317281723022,3628,16646,jpeg,0.04917645454406738
1778635934.839746,181.61730408668518,3629,16665,jpeg,0.054131269454956055
1778635934.8984184,181.67597651481628,3630,16636,jpeg,0.058672428131103516
1778635934.9456594,181.7232174873352,3631,16625,jpeg,0.0472409725189209
1778635934.989818,181.7673761844635,3632,16637,jpeg,0.0441586971282959
1778635935.0394402,181.8169982433319,3633,16666,jpeg,0.0496220588684082
1778635935.084289,181.8618471622467,3634,16634,jpeg,0.04484891891479492
1778635935.1508074,181.92836546897888,3635,16628,jpeg,0.06651830673217773
1778635935.201752,181.97931003570557,3636,16656,jpeg,0.05094456672668457
1778635935.236798,182.01435613632202,3637,16639,jpeg,0.03504610061645508
1778635935.286789,182.0643470287323,3638,16620,jpeg,0.04999089241027832
1778635935.3391657,182.11672377586365,3639,16648,jpeg,0.052376747131347656
1778635935.385925,182.16348314285278,3640,16626,jpeg,0.04675936698913574
1778635935.441543,182.21910119056702,3641,16636,jpeg,0.0556180477142334
1778635935.489481,182.26703906059265,3642,16651,jpeg,0.047937870025634766
1778635935.5373752,182.3149333000183,3643,16601,jpeg,0.04789423942565918
1778635935.5867777,182.36433577537537,3644,16587,jpeg,0.049402475357055664
1778635935.649642,182.42720007896423,3645,16604,jpeg,0.06286430358886719
1778635935.6910355,182.4685935974121,3646,16566,jpeg,0.04139351844787598
1778635935.7387853,182.51634335517883,3647,16603,jpeg,0.04774975776672363
1778635935.79078,182.56833815574646,3648,16615,jpeg,0.05199480056762695
1778635935.836266,182.61382412910461,3649,16625,jpeg,0.0454859733581543
1778635935.8891013,182.66665935516357,3650,16621,jpeg,0.05283522605895996
1778635935.9461594,182.72371745109558,3651,16609,jpeg,0.057058095932006836
1778635935.990316,182.76787400245667,3652,16614,jpeg,0.044156551361083984
1778635936.0410018,182.81855988502502,3653,16601,jpeg,0.050685882568359375
1778635936.0944412,182.87199926376343,3654,16573,jpeg,0.05343937873840332
1778635936.1417248,182.919282913208,3655,16602,jpeg,0.04728364944458008
1778635936.1907525,182.96831059455872,3656,16633,jpeg,0.04902768135070801
1778635936.2362654,183.0138235092163,3657,16604,jpeg,0.04551291465759277
1778635936.289094,183.06665205955505,3658,16606,jpeg,0.05282855033874512
1778635936.344317,183.12187504768372,3659,16623,jpeg,0.05522298812866211
1778635936.388199,183.16575717926025,3660,16614,jpeg,0.043882131576538086
1778635936.44565,183.22320818901062,3661,16602,jpeg,0.05745100975036621
1778635936.4840913,183.26164937019348,3662,16626,jpeg,0.03844118118286133
1778635936.538788,183.31634616851807,3663,16622,jpeg,0.05469679832458496
1778635936.5918322,183.36939024925232,3664,16640,jpeg,0.05304408073425293
1778635936.6407957,183.41835379600525,3665,16625,jpeg,0.04896354675292969
1778635936.691024,183.4685821533203,3666,16639,jpeg,0.05022835731506348
1778635936.737104,183.514662027359,3667,16638,jpeg,0.04607987403869629
1778635936.7879395,183.56549763679504,3668,16618,jpeg,0.050835609436035156
1778635936.8409514,183.61850953102112,3669,16613,jpeg,0.05301189422607422
1778635936.887432,183.66499018669128,3670,16621,jpeg,0.046480655670166016
1778635936.937039,183.71459698677063,3671,16568,jpeg,0.0496068000793457
1778635936.9883668,183.7659249305725,3672,16607,jpeg,0.05132794380187988
1778635937.0377102,183.81526827812195,3673,16604,jpeg,0.04934334754943848
1778635937.0886035,183.86616158485413,3674,16610,jpeg,0.050893306732177734
1778635937.1412022,183.91876029968262,3675,16622,jpeg,0.05259871482849121
1778635937.1897194,183.96727752685547,3676,16631,jpeg,0.04851722717285156
1778635937.2378726,184.01543068885803,3677,16604,jpeg,0.04815316200256348
1778635937.2889004,184.06645846366882,3678,16605,jpeg,0.051027774810791016
1778635937.3319168,184.10947489738464,3679,16634,jpeg,0.04301643371582031
1778635937.387425,184.1649830341339,3680,16616,jpeg,0.05550813674926758
1778635937.4337199,184.21127796173096,3681,16609,jpeg,0.0462949275970459
1778635937.4826071,184.26016521453857,3682,16624,jpeg,0.04888725280761719
1778635937.534749,184.3123071193695,3683,16627,jpeg,0.05214190483093262
1778635937.585003,184.36256098747253,3684,16635,jpeg,0.050253868103027344
1778635937.63423,184.41178798675537,3685,16595,jpeg,0.049226999282836914
1778635937.6870108,184.4645688533783,3686,16615,jpeg,0.052780866622924805
1778635937.734072,184.51163005828857,3687,16616,jpeg,0.04706120491027832
1778635937.785081,184.56263899803162,3688,16588,jpeg,0.05100893974304199
1778635937.8403637,184.61792182922363,3689,16614,jpeg,0.0552828311920166
1778635937.889424,184.66698217391968,3690,16656,jpeg,0.04906034469604492
1778635937.9368675,184.71442556381226,3691,16618,jpeg,0.047443389892578125
1778635937.984694,184.76225209236145,3692,16609,jpeg,0.047826528549194336
1778635938.0384471,184.81600522994995,3693,16617,jpeg,0.05375313758850098
1778635938.0870085,184.86456656455994,3694,16620,jpeg,0.04856133460998535
1778635938.1378815,184.9154396057129,3695,16616,jpeg,0.0508730411529541
1778635938.1895516,184.96710968017578,3696,16605,jpeg,0.051670074462890625
1778635938.2324662,185.01002430915833,3697,16638,jpeg,0.042914628982543945
1778635938.2835717,185.0611298084259,3698,16623,jpeg,0.051105499267578125
1778635938.338721,185.11627912521362,3699,16611,jpeg,0.05514931678771973
1778635938.3844593,185.16201734542847,3700,16624,jpeg,0.04573822021484375
1778635938.4374177,185.21497583389282,3701,16654,jpeg,0.05295848846435547
1778635938.4870162,185.2645742893219,3702,16628,jpeg,0.04959845542907715
1778635938.5348318,185.31238985061646,3703,16605,jpeg,0.047815561294555664
1778635938.592829,185.37038707733154,3704,16607,jpeg,0.05799722671508789
1778635938.6356978,185.4132559299469,3705,16616,jpeg,0.042868852615356445
1778635938.682976,185.46053409576416,3706,16626,jpeg,0.04727816581726074
1778635938.7494457,185.5270037651062,3707,16643,jpeg,0.06646966934204102
1778635938.7856712,185.56322932243347,3708,16624,jpeg,0.03622555732727051
1778635938.8325846,185.6101427078247,3709,16632,jpeg,0.04691338539123535
1778635938.8864512,185.66400933265686,3710,16630,jpeg,0.05386662483215332
1778635938.9366078,185.71416592597961,3711,16642,jpeg,0.050156593322753906
1778635938.9840806,185.76163864135742,3712,16611,jpeg,0.04747271537780762
1778635939.0514958,185.82905387878418,3713,16626,jpeg,0.06741523742675781
1778635939.0877311,185.8652892112732,3714,16604,jpeg,0.03623533248901367
1778635939.1332834,185.91084146499634,3715,16626,jpeg,0.04555225372314453
1778635939.181906,185.95946407318115,3716,16617,jpeg,0.04862260818481445
1778635939.2391682,186.01672625541687,3717,16627,jpeg,0.05726218223571777
1778635939.2870488,186.06460690498352,3718,16614,jpeg,0.04788064956665039
1778635939.3350735,186.11263155937195,3719,16598,jpeg,0.048024654388427734
1778635939.3880858,186.16564393043518,3720,16603,jpeg,0.05301237106323242
1778635939.438074,186.2156322002411,3721,16588,jpeg,0.0499882698059082
1778635939.487724,186.26528215408325,3722,16632,jpeg,0.049649953842163086
1778635939.538568,186.31612610816956,3723,16635,jpeg,0.05084395408630371
1778635939.5823393,186.3598973751068,3724,16644,jpeg,0.04377126693725586
1778635939.63475,186.4123079776764,3725,16595,jpeg,0.05241060256958008
1778635939.686592,186.4641501903534,3726,16607,jpeg,0.05184221267700195
1778635939.7334013,186.51095938682556,3727,16596,jpeg,0.04680919647216797
1778635939.7880714,186.5656294822693,3728,16628,jpeg,0.054670095443725586
1778635939.840421,186.61797904968262,3729,16645,jpeg,0.05234956741333008
1778635939.8825047,186.660062789917,3730,16623,jpeg,0.042083740234375
1778635939.9369366,186.7144947052002,3731,16625,jpeg,0.054431915283203125
1778635939.9839222,186.7614803314209,3732,16623,jpeg,0.046985626220703125
1778635940.0328825,186.81044054031372,3733,16609,jpeg,0.048960208892822266
1778635940.0889308,186.86648893356323,3734,16613,jpeg,0.05604839324951172
1778635940.1352305,186.91278862953186,3735,16623,jpeg,0.04629969596862793
1778635940.195994,186.97355198860168,3736,16628,jpeg,0.06076335906982422
1778635940.236292,187.0138499736786,3737,16597,jpeg,0.0402979850769043
1778635940.287919,187.06547713279724,3738,16611,jpeg,0.051627159118652344
1778635940.333272,187.11083006858826,3739,16639,jpeg,0.045352935791015625
1778635940.389298,187.16685605049133,3740,16601,jpeg,0.05602598190307617
1778635940.4371846,187.21474266052246,3741,16583,jpeg,0.04788661003112793
1778635940.4882839,187.26584196090698,3742,16633,jpeg,0.051099300384521484
1778635940.5384288,187.31598687171936,3743,16631,jpeg,0.05014491081237793
1778635940.589615,187.36717319488525,3744,16614,jpeg,0.051186323165893555
1778635940.637372,187.41493010520935,3745,16597,jpeg,0.04775691032409668
1778635940.6852703,187.46282839775085,3746,16607,jpeg,0.047898292541503906
1778635940.7428446,187.52040266990662,3747,16642,jpeg,0.05757427215576172
1778635940.784863,187.56242108345032,3748,16616,jpeg,0.04201841354370117
1778635940.8345575,187.61211562156677,3749,16647,jpeg,0.04969453811645508
1778635940.884623,187.6621811389923,3750,16646,jpeg,0.05006551742553711
1778635940.9339263,187.71148443222046,3751,16634,jpeg,0.049303293228149414
1778635940.9857223,187.76328039169312,3752,16605,jpeg,0.05179595947265625
1778635941.0353467,187.81290483474731,3753,16629,jpeg,0.04962444305419922
1778635941.0846996,187.86225771903992,3754,16608,jpeg,0.04935288429260254
1778635941.1387684,187.91632652282715,3755,16632,jpeg,0.054068803787231445
1778635941.1892045,187.9667625427246,3756,16636,jpeg,0.05043601989746094
1778635941.234078,188.01163601875305,3757,16629,jpeg,0.04487347602844238
1778635941.2874174,188.0649755001068,3758,16636,jpeg,0.053339481353759766
1778635941.3392653,188.1168234348297,3759,16640,jpeg,0.05184793472290039
1778635941.3858924,188.16345047950745,3760,16635,jpeg,0.046627044677734375
1778635941.4369986,188.21455669403076,3761,16608,jpeg,0.05110621452331543
1778635941.4826627,188.2602207660675,3762,16618,jpeg,0.045664072036743164
1778635941.5360491,188.31360721588135,3763,16632,jpeg,0.05338644981384277
1778635941.5846097,188.3621678352356,3764,16618,jpeg,0.04856061935424805
1778635941.6337383,188.41129636764526,3765,16641,jpeg,0.04912853240966797
1778635941.6859052,188.463463306427,3766,16645,jpeg,0.05216693878173828
1778635941.7371209,188.51467895507812,3767,16635,jpeg,0.05121564865112305
1778635941.7831864,188.56074452400208,3768,16629,jpeg,0.046065568923950195
1778635941.8363733,188.6139314174652,3769,16614,jpeg,0.053186893463134766
1778635941.8887722,188.6663303375244,3770,16636,jpeg,0.0523989200592041
1778635941.938741,188.71629905700684,3771,16641,jpeg,0.049968719482421875
1778635941.9872086,188.76476669311523,3772,16622,jpeg,0.04846763610839844
1778635942.0386198,188.81617784500122,3773,16603,jpeg,0.05141115188598633
1778635942.086942,188.86450004577637,3774,16616,jpeg,0.048322200775146484
1778635942.1348693,188.91242742538452,3775,16634,jpeg,0.0479273796081543
1778635942.1872575,188.96481561660767,3776,16616,jpeg,0.05238819122314453
1778635942.2381854,189.0157434940338,3777,16641,jpeg,0.05092787742614746
1778635942.2851298,189.06268787384033,3778,16646,jpeg,0.046944379806518555
1778635942.3395677,189.117125749588,3779,16622,jpeg,0.054437875747680664
1778635942.3964677,189.17402577400208,3780,16611,jpeg,0.0569000244140625
1778635942.4403603,189.2179183959961,3781,16600,jpeg,0.043892621994018555
1778635942.4879055,189.26546359062195,3782,16624,jpeg,0.04754519462585449
1778635942.544728,189.3222861289978,3783,16597,jpeg,0.05682253837585449
1778635942.5836635,189.36122155189514,3784,16599,jpeg,0.03893542289733887
1778635942.6384597,189.4160177707672,3785,16589,jpeg,0.05479621887207031
1778635942.6952055,189.4727635383606,3786,16622,jpeg,0.05674576759338379
1778635942.7366424,189.51420044898987,3787,16614,jpeg,0.04143691062927246
1778635942.7864804,189.56403851509094,3788,16636,jpeg,0.04983806610107422
1778635942.8398273,189.61738538742065,3789,16635,jpeg,0.053346872329711914
1778635942.8849833,189.66254138946533,3790,16619,jpeg,0.045156002044677734
1778635942.936427,189.71398520469666,3791,16618,jpeg,0.05144381523132324
1778635942.9903183,189.76787638664246,3792,16614,jpeg,0.05389118194580078
1778635943.0347095,189.81226754188538,3793,16633,jpeg,0.04439115524291992
1778635943.0860415,189.8635995388031,3794,16627,jpeg,0.05133199691772461
1778635943.1387684,189.91632652282715,3795,16653,jpeg,0.05272698402404785
1778635943.1863966,189.96395468711853,3796,16612,jpeg,0.047628164291381836
1778635943.238033,190.01559114456177,3797,16610,jpeg,0.051636457443237305
1778635943.2842317,190.06178975105286,3798,16624,jpeg,0.04619860649108887
1778635943.336108,190.11366605758667,3799,16607,jpeg,0.05187630653381348
1778635943.3845308,190.1620888710022,3800,16638,jpeg,0.048422813415527344
1778635943.4335442,190.21110224723816,3801,16617,jpeg,0.049013376235961914
1778635943.4843082,190.26186633110046,3802,16602,jpeg,0.05076408386230469
1778635943.5374603,190.31501841545105,3803,16610,jpeg,0.05315208435058594
1778635943.5843058,190.36186385154724,3804,16635,jpeg,0.046845436096191406
1778635943.6349921,190.41255021095276,3805,16637,jpeg,0.05068635940551758
1778635943.6837788,190.46133685112,3806,16623,jpeg,0.04878664016723633
1778635943.7351747,190.51273274421692,3807,16619,jpeg,0.05139589309692383
1778635943.7848759,190.5624339580536,3808,16618,jpeg,0.04970121383666992
1778635943.8390224,190.6165804862976,3809,16636,jpeg,0.054146528244018555
1778635943.8904016,190.667959690094,3810,16612,jpeg,0.05137920379638672
1778635943.936427,190.71398520469666,3811,16647,jpeg,0.04602551460266113
1778635943.9863243,190.76388239860535,3812,16659,jpeg,0.049897193908691406
1778635944.040879,190.8184370994568,3813,16645,jpeg,0.05455470085144043
1778635944.0869846,190.86454272270203,3814,16621,jpeg,0.04610562324523926
1778635944.1346807,190.91223883628845,3815,16629,jpeg,0.04769611358642578
1778635944.1938372,190.97139525413513,3816,16662,jpeg,0.05915641784667969
1778635944.2371054,191.01466345787048,3817,16674,jpeg,0.04326820373535156
1778635944.2867079,191.0642659664154,3818,16663,jpeg,0.049602508544921875
1778635944.339151,191.11670899391174,3819,16668,jpeg,0.05244302749633789
1778635944.3884883,191.1660463809967,3820,16659,jpeg,0.04933738708496094
1778635944.4368384,191.2143964767456,3821,16632,jpeg,0.04835009574890137
1778635944.4906073,191.26816534996033,3822,16612,jpeg,0.05376887321472168
1778635944.5330122,191.31057024002075,3823,16639,jpeg,0.042404890060424805
1778635944.5883927,191.3659508228302,3824,16643,jpeg,0.05538058280944824
1778635944.634303,191.41186118125916,3825,16656,jpeg,0.04591035842895508
1778635944.6836483,191.46120643615723,3826,16614,jpeg,0.04934525489807129
1778635944.7340019,191.51155996322632,3827,16648,jpeg,0.0503535270690918
1778635944.786562,191.564120054245,3828,16645,jpeg,0.05256009101867676
1778635944.8342679,191.61182594299316,3829,16611,jpeg,0.047705888748168945
1778635944.885518,191.66307616233826,3830,16639,jpeg,0.05125021934509277
1778635944.9374402,191.71499824523926,3831,16654,jpeg,0.05192208290100098
1778635944.9845133,191.7620713710785,3832,16647,jpeg,0.0470731258392334
1778635945.0335076,191.81106567382812,3833,16647,jpeg,0.04899430274963379
1778635945.0898237,191.86738181114197,3834,16637,jpeg,0.05631613731384277
1778635945.1374912,191.9150493144989,3835,16628,jpeg,0.047667503356933594
1778635945.1853704,191.96292853355408,3836,16639,jpeg,0.04787921905517578
1778635945.2484572,192.02601528167725,3837,16619,jpeg,0.06308674812316895
1778635945.287358,192.06491613388062,3838,16618,jpeg,0.03890085220336914
1778635945.337922,192.11548018455505,3839,16637,jpeg,0.05056405067443848
1778635945.384672,192.16223001480103,3840,16624,jpeg,0.04674983024597168
1778635945.435916,192.21347403526306,3841,16616,jpeg,0.05124402046203613
1778635945.4868953,192.2644534111023,3842,16623,jpeg,0.0509793758392334
1778635945.5403712,192.3179292678833,3843,16622,jpeg,0.05347585678100586
1778635945.5853171,192.3628752231598,3844,16626,jpeg,0.04494595527648926
1778635945.6359284,192.4134864807129,3845,16633,jpeg,0.050611257553100586
1778635945.6865857,192.46414375305176,3846,16630,jpeg,0.05065727233886719
1778635945.7319465,192.50950455665588,3847,16612,jpeg,0.04536080360412598
1778635945.7836936,192.56125164031982,3848,16626,jpeg,0.05174708366394043
1778635945.837347,192.61490511894226,3849,16634,jpeg,0.05365347862243652
1778635945.9179895,192.695547580719,3850,16632,jpeg,0.0806424617767334
1778635945.9396486,192.71720671653748,3851,16624,jpeg,0.021659135818481445
1778635945.9938486,192.7714066505432,3852,16639,jpeg,0.054199934005737305
1778635946.034462,192.81202006340027,3853,16607,jpeg,0.040613412857055664
1778635946.0864103,192.86396837234497,3854,16622,jpeg,0.05194830894470215
1778635946.1325674,192.9101254940033,3855,16621,jpeg,0.046157121658325195
1778635946.1843202,192.96187829971313,3856,16631,jpeg,0.05175280570983887
1778635946.2350767,193.0126347541809,3857,16612,jpeg,0.05075645446777344
1778635946.2889104,193.06646847724915,3858,16625,jpeg,0.053833723068237305
1778635946.3345268,193.11208486557007,3859,16655,jpeg,0.04561638832092285
1778635946.3894744,193.16703248023987,3860,16668,jpeg,0.054947614669799805
1778635946.4403305,193.2178885936737,3861,16627,jpeg,0.05085611343383789
1778635946.48563,193.263188123703,3862,16615,jpeg,0.045299530029296875
1778635946.5388627,193.31642079353333,3863,16633,jpeg,0.053232669830322266
1778635946.593171,193.37072896957397,3864,16627,jpeg,0.054308176040649414
1778635946.6357045,193.41326260566711,3865,16595,jpeg,0.04253363609313965
1778635946.6808074,193.45836544036865,3866,16581,jpeg,0.045102834701538086
1778635946.7323833,193.5099413394928,3867,16633,jpeg,0.05157589912414551
1778635946.7824194,193.5599775314331,3868,16662,jpeg,0.05003619194030762
1778635946.839543,193.61710119247437,3869,16640,jpeg,0.057123661041259766
1778635946.8877075,193.66526556015015,3870,16625,jpeg,0.04816436767578125
1778635946.936262,193.71381998062134,3871,16627,jpeg,0.048554420471191406
1778635946.9876218,193.76517987251282,3872,16636,jpeg,0.05135989189147949
1778635947.042324,193.81988215446472,3873,16631,jpeg,0.0547022819519043
1778635947.0818539,193.85941195487976,3874,16603,jpeg,0.03952980041503906
1778635947.1302047,193.9077627658844,3875,16596,jpeg,0.04835081100463867
1778635947.19322,193.97077798843384,3876,16620,jpeg,0.06301522254943848
1778635947.2302525,194.00781059265137,3877,16623,jpeg,0.0370326042175293
1778635947.2950516,194.07260966300964,3878,16617,jpeg,0.06479907035827637
1778635947.3305285,194.10808658599854,3879,16630,jpeg,0.0354769229888916
1778635947.3793733,194.15693140029907,3880,16621,jpeg,0.04884481430053711
1778635947.4320645,194.20962262153625,3881,16610,jpeg,0.05269122123718262
1778635947.4823709,194.25992894172668,3882,16606,jpeg,0.05030632019042969
1778635947.5303879,194.30794596672058,3883,16622,jpeg,0.048017024993896484
1778635947.582748,194.3603060245514,3884,16588,jpeg,0.05236005783081055
1778635947.6388621,194.41642022132874,3885,16586,jpeg,0.05611419677734375
1778635947.6804407,194.457998752594,3886,16584,jpeg,0.04157853126525879
1778635947.7323704,194.50992846488953,3887,16599,jpeg,0.05192971229553223
1778635947.787296,194.56485414505005,3888,16601,jpeg,0.05492568016052246
1778635947.831251,194.6088089942932,3889,16629,jpeg,0.04395484924316406
1778635947.8849897,194.66254782676697,3890,16603,jpeg,0.05373883247375488
1778635947.9380531,194.71561121940613,3891,16591,jpeg,0.053063392639160156
1778635947.9842281,194.76178622245789,3892,16583,jpeg,0.04617500305175781
1778635948.0391998,194.81675791740417,3893,16608,jpeg,0.05497169494628906
1778635948.0854447,194.8630027770996,3894,16599,jpeg,0.04624485969543457
1778635948.1315691,194.9091272354126,3895,16619,jpeg,0.04612445831298828
1778635948.1813765,194.95893454551697,3896,16601,jpeg,0.04980731010437012
1778635948.2349117,195.01246976852417,3897,16600,jpeg,0.05353522300720215
1778635948.2819514,195.05950951576233,3898,16602,jpeg,0.04703974723815918
1778635948.3359613,195.11351943016052,3899,16626,jpeg,0.05400991439819336
1778635948.3852947,195.16285276412964,3900,16588,jpeg,0.04933333396911621
1778635948.436505,195.21406316757202,3901,16603,jpeg,0.05121040344238281
1778635948.4860566,195.26361465454102,3902,16607,jpeg,0.04955148696899414
1778635948.540303,195.31786108016968,3903,16616,jpeg,0.05424642562866211
1778635948.586536,195.36409401893616,3904,16638,jpeg,0.04623293876647949
1778635948.636209,195.4137670993805,3905,16617,jpeg,0.04967308044433594
1778635948.68744,195.46499800682068,3906,16627,jpeg,0.05123090744018555
1778635948.7333407,195.51089882850647,3907,16604,jpeg,0.045900821685791016
1778635948.7883437,195.56590175628662,3908,16643,jpeg,0.05500292778015137
1778635948.8367112,195.6142692565918,3909,16632,jpeg,0.04836750030517578
1778635948.8840263,195.66158437728882,3910,16589,jpeg,0.047315120697021484
1778635948.9308512,195.7084093093872,3911,16600,jpeg,0.04682493209838867
1778635948.9866688,195.76422691345215,3912,16608,jpeg,0.055817604064941406
1778635949.0348992,195.81245732307434,3913,16616,jpeg,0.04823040962219238
1778635949.0812974,195.85885548591614,3914,16616,jpeg,0.046398162841796875
1778635949.132225,195.9097831249237,3915,16623,jpeg,0.05092763900756836
1778635949.1954148,195.97297286987305,3916,16603,jpeg,0.06318974494934082
1778635949.2315598,196.00911784172058,3917,16626,jpeg,0.03614497184753418
1778635949.2822073,196.0597653388977,3918,16598,jpeg,0.05064749717712402
1778635949.330286,196.1078441143036,3919,16586,jpeg,0.04807877540588379
1778635949.3818426,196.15940070152283,3920,16584,jpeg,0.05155658721923828
1778635949.433957,196.21151518821716,3921,16636,jpeg,0.05211448669433594
1778635949.4826188,196.26017689704895,3922,16628,jpeg,0.04866170883178711
1778635949.5330808,196.31063890457153,3923,16630,jpeg,0.05046200752258301
1778635949.5838501,196.36140823364258,3924,16646,jpeg,0.05076932907104492
1778635949.631521,196.40907907485962,3925,16603,jpeg,0.047670841217041016
1778635949.6866572,196.4642152786255,3926,16608,jpeg,0.05513620376586914
1778635949.7332213,196.51077938079834,3927,16621,jpeg,0.04656410217285156
1778635949.781287,196.55884504318237,3928,16620,jpeg,0.0480656623840332
1778635949.832757,196.6103150844574,3929,16581,jpeg,0.051470041275024414
1778635949.8842092,196.661767244339,3930,16599,jpeg,0.0514521598815918
1778635949.9310334,196.70859146118164,3931,16589,jpeg,0.04682421684265137
1778635949.9821343,196.75969243049622,3932,16604,jpeg,0.051100969314575195
1778635950.0357301,196.8132882118225,3933,16620,jpeg,0.053595781326293945
1778635950.0860226,196.86358070373535,3934,16629,jpeg,0.0502924919128418
1778635950.1322908,196.90984892845154,3935,16613,jpeg,0.04626822471618652
1778635950.186338,196.96389603614807,3936,16615,jpeg,0.0540471076965332
1778635950.2344089,197.01196694374084,3937,16626,jpeg,0.04807090759277344
1778635950.2826214,197.0601794719696,3938,16611,jpeg,0.048212528228759766
1778635950.3310487,197.10860681533813,3939,16598,jpeg,0.04842734336853027
1778635950.382627,197.16018509864807,3940,16633,jpeg,0.05157828330993652
1778635950.43254,197.21009802818298,3941,16611,jpeg,0.04991292953491211
1778635950.482624,197.2601821422577,3942,16595,jpeg,0.05008411407470703
1778635950.5448449,197.32240295410156,3943,16597,jpeg,0.06222081184387207
1778635950.5809937,197.35855174064636,3944,16612,jpeg,0.036148786544799805
1778635950.6360257,197.41358375549316,3945,16594,jpeg,0.05503201484680176
1778635950.6797717,197.45732975006104,3946,16591,jpeg,0.043745994567871094
1778635950.7364857,197.5140438079834,3947,16573,jpeg,0.05671405792236328
1778635950.7897305,197.56728863716125,3948,16593,jpeg,0.053244829177856445
1778635950.836924,197.61448216438293,3949,16602,jpeg,0.04719352722167969
1778635950.8892577,197.66681575775146,3950,16602,jpeg,0.05233359336853027
1778635950.9402587,197.7178168296814,3951,16616,jpeg,0.05100107192993164
1778635950.9792178,197.75677585601807,3952,16614,jpeg,0.03895902633666992
1778635951.0342386,197.81179666519165,3953,16632,jpeg,0.055020809173583984
1778635951.0883512,197.86590933799744,3954,16637,jpeg,0.05411267280578613
1778635951.1380658,197.91562390327454,3955,16603,jpeg,0.04971456527709961
1778635951.1826692,197.96022725105286,3956,16623,jpeg,0.04460334777832031
1778635951.231906,198.00946402549744,3957,16620,jpeg,0.04923677444458008
1778635951.2875435,198.06510162353516,3958,16571,jpeg,0.05563759803771973
1778635951.3324332,198.10999131202698,3959,16586,jpeg,0.04488968849182129
1778635951.3826563,198.1602144241333,3960,16612,jpeg,0.05022311210632324
1778635951.4293144,198.20687246322632,3961,16615,jpeg,0.04665803909301758
1778635951.481405,198.25896310806274,3962,16580,jpeg,0.05209064483642578
1778635951.5333683,198.31092643737793,3963,16607,jpeg,0.05196332931518555
1778635951.5790193,198.35657739639282,3964,16605,jpeg,0.04565095901489258
1778635951.63104,198.40859818458557,3965,16619,jpeg,0.05202078819274902
1778635951.6860955,198.46365356445312,3966,16612,jpeg,0.05505537986755371
1778635951.7306263,198.5081844329834,3967,16594,jpeg,0.04453086853027344
1778635951.7895684,198.56712651252747,3968,16621,jpeg,0.05894207954406738
1778635951.8370898,198.6146478652954,3969,16592,jpeg,0.047521352767944336
1778635951.8806643,198.6582224369049,3970,16600,jpeg,0.04357457160949707
1778635951.9364874,198.71404552459717,3971,16599,jpeg,0.05582308769226074
1778635951.9852405,198.76279854774475,3972,16630,jpeg,0.04875302314758301
1778635952.0334527,198.81101083755493,3973,16634,jpeg,0.048212289810180664
1778635952.0811625,198.85872054100037,3974,16608,jpeg,0.04770970344543457
1778635952.1344368,198.91199493408203,3975,16582,jpeg,0.05327439308166504
1778635952.178317,198.95587515830994,3976,16627,jpeg,0.04388022422790527
1778635952.2372677,199.01482582092285,3977,16605,jpeg,0.05895066261291504
1778635952.2844326,199.06199073791504,3978,16628,jpeg,0.0471649169921875
1778635952.328692,199.10625004768372,3979,16625,jpeg,0.04425930976867676
1778635952.3863273,199.16388535499573,3980,16602,jpeg,0.05763530731201172
1778635952.4353878,199.21294593811035,3981,16623,jpeg,0.04906058311462402
1778635952.479671,199.25722908973694,3982,16616,jpeg,0.044283151626586914
1778635952.5312054,199.30876350402832,3983,16627,jpeg,0.051534414291381836
1778635952.5844336,199.36199164390564,3984,16609,jpeg,0.053228139877319336
1778635952.6329408,199.41049885749817,3985,16635,jpeg,0.0485072135925293
1778635952.684136,199.4616940021515,3986,16621,jpeg,0.05119514465332031
1778635952.7364168,199.51397490501404,3987,16617,jpeg,0.05228090286254883
1778635952.78465,199.56220817565918,3988,16613,jpeg,0.0482332706451416
1778635952.8314598,199.6090178489685,3989,16586,jpeg,0.04680967330932617
1778635952.8870072,199.66456532478333,3990,16600,jpeg,0.055547475814819336
1778635952.939734,199.7172920703888,3991,16615,jpeg,0.05272674560546875
1778635952.9900875,199.76764559745789,3992,16589,jpeg,0.0503535270690918
1778635953.0320954,199.8096535205841,3993,16600,jpeg,0.0420079231262207
1778635953.0886369,199.8661949634552,3994,16597,jpeg,0.05654144287109375
1778635953.1371243,199.91468238830566,3995,16593,jpeg,0.04848742485046387
1778635953.183188,199.96074604988098,3996,16631,jpeg,0.04606366157531738
1778635953.2362468,200.01380491256714,3997,16606,jpeg,0.05305886268615723
1778635953.2806835,200.05824160575867,3998,16581,jpeg,0.04443669319152832
1778635953.3340118,200.1115698814392,3999,16622,jpeg,0.05332827568054199
1778635953.3793986,200.15695667266846,4000,16609,jpeg,0.04538679122924805
1778635953.4293432,200.2069013118744,4001,16627,jpeg,0.04994463920593262
1778635953.4834232,200.26098132133484,4002,16618,jpeg,0.05408000946044922
1778635953.5298185,200.3073766231537,4003,16619,jpeg,0.046395301818847656
1778635953.5792449,200.35680294036865,4004,16607,jpeg,0.04942631721496582
1778635953.6346474,200.41220545768738,4005,16635,jpeg,0.055402517318725586
1778635953.6800807,200.45763874053955,4006,16618,jpeg,0.04543328285217285
1778635953.7342224,200.511780500412,4007,16636,jpeg,0.05414175987243652
1778635953.784133,200.5616910457611,4008,16636,jpeg,0.049910545349121094
1778635953.8310301,200.60858821868896,4009,16616,jpeg,0.046897172927856445
1778635953.882037,200.6595950126648,4010,16597,jpeg,0.05100679397583008
1778635953.9331675,200.71072554588318,4011,16641,jpeg,0.05113053321838379
1778635953.981584,200.75914216041565,4012,16589,jpeg,0.0484166145324707
1778635954.0322635,200.80982160568237,4013,16624,jpeg,0.05067944526672363
1778635954.083636,200.86119413375854,4014,16627,jpeg,0.051372528076171875
1778635954.1315217,200.90907979011536,4015,16620,jpeg,0.04788565635681152
1778635954.182351,200.95990920066833,4016,16620,jpeg,0.050829410552978516
1778635954.233534,201.01109218597412,4017,16601,jpeg,0.05118298530578613
1778635954.285208,201.06276607513428,4018,16628,jpeg,0.05167388916015625
1778635954.3360918,201.1136498451233,4019,16629,jpeg,0.05088376998901367
1778635954.3848217,201.1623797416687,4020,16627,jpeg,0.048729896545410156
1778635954.433404,201.21096205711365,4021,16600,jpeg,0.04858231544494629
1778635954.4814796,201.259037733078,4022,16615,jpeg,0.04807567596435547
1778635954.5356524,201.31321048736572,4023,16592,jpeg,0.05417275428771973
1778635954.5812347,201.35879278182983,4024,16624,jpeg,0.04558229446411133
1778635954.631337,201.40889501571655,4025,16628,jpeg,0.05010223388671875
1778635954.6879199,201.4654779434204,4026,16620,jpeg,0.05658292770385742
1778635954.7333708,201.51092886924744,4027,16606,jpeg,0.04545092582702637
1778635954.785909,201.56346702575684,4028,16626,jpeg,0.052538156509399414
1778635954.8299625,201.60752058029175,4029,16628,jpeg,0.04405355453491211
1778635954.8831866,201.66074466705322,4030,16617,jpeg,0.05322408676147461
1778635954.9376235,201.7151815891266,4031,16610,jpeg,0.05443692207336426
1778635954.9808645,201.75842261314392,4032,16644,jpeg,0.043241024017333984
1778635955.0345984,201.81215643882751,4033,16619,jpeg,0.05373382568359375
1778635955.084659,201.86221718788147,4034,16610,jpeg,0.05006074905395508
1778635955.1312253,201.90878343582153,4035,16616,jpeg,0.04656624794006348
1778635955.179269,201.9568271636963,4036,16593,jpeg,0.04804372787475586
1778635955.234965,202.0125231742859,4037,16619,jpeg,0.05569601058959961
1778635955.2817733,202.05933141708374,4038,16599,jpeg,0.04680824279785156
1778635955.3407028,202.11826086044312,4039,16570,jpeg,0.058929443359375
1778635955.3862503,202.16380834579468,4040,16596,jpeg,0.0455474853515625
1778635955.4375591,202.21511721611023,4041,16578,jpeg,0.05130887031555176
1778635955.4904902,202.268048286438,4042,16617,jpeg,0.05293107032775879
1778635955.529134,202.3066921234131,4043,16624,jpeg,0.038643836975097656
1778635955.585541,202.36309909820557,4044,16625,jpeg,0.05640697479248047
1778635955.6338718,202.41142988204956,4045,16626,jpeg,0.04833078384399414
1778635955.6833377,202.46089577674866,4046,16628,jpeg,0.04946589469909668
1778635955.733743,202.5113010406494,4047,16598,jpeg,0.050405263900756836
1778635955.7786698,202.55622792243958,4048,16606,jpeg,0.04492688179016113
1778635955.830986,202.60854411125183,4049,16648,jpeg,0.05231618881225586
1778635955.885965,202.66352319717407,4050,16647,jpeg,0.05497908592224121
1778635955.9337542,202.71131229400635,4051,16655,jpeg,0.04778909683227539
1778635955.9810627,202.75862073898315,4052,16644,jpeg,0.04730844497680664
1778635956.035149,202.81270718574524,4053,16618,jpeg,0.05408644676208496
1778635956.0832934,202.86085152626038,4054,16623,jpeg,0.04814434051513672
1778635956.1294966,202.90705466270447,4055,16642,jpeg,0.0462031364440918
1778635956.1836615,202.96121954917908,4056,16638,jpeg,0.054164886474609375
1778635956.2320197,203.00957775115967,4057,16614,jpeg,0.04835820198059082
1778635956.2801712,203.05772924423218,4058,16629,jpeg,0.048151493072509766
1778635956.3456156,203.12317371368408,4059,16624,jpeg,0.0654444694519043
1778635956.3826318,203.16018986701965,4060,16619,jpeg,0.03701615333557129
1778635956.4332228,203.21078085899353,4061,16606,jpeg,0.05059099197387695
1778635956.4791706,203.2567286491394,4062,16624,jpeg,0.04594779014587402
1778635956.53276,203.31031799316406,4063,16637,jpeg,0.0535893440246582
1778635956.584618,203.36217617988586,4064,16625,jpeg,0.05185818672180176
1778635956.630168,203.40772604942322,4065,16601,jpeg,0.045549869537353516
1778635956.6834517,203.46100974082947,4066,16629,jpeg,0.05328369140625
1778635956.7343743,203.51193237304688,4067,16653,jpeg,0.05092263221740723
1778635956.7861805,203.56373858451843,4068,16619,jpeg,0.05180621147155762
1778635956.8274415,203.60499954223633,4069,16632,jpeg,0.04126095771789551
1778635956.8832998,203.6608579158783,4070,16620,jpeg,0.05585837364196777
1778635956.9353964,203.7129545211792,4071,16610,jpeg,0.05209660530090332
1778635956.981688,203.75924611091614,4072,16622,jpeg,0.04629158973693848
1778635957.0369263,203.81448435783386,4073,16586,jpeg,0.05523824691772461
1778635957.0856354,203.8631935119629,4074,16620,jpeg,0.04870915412902832
1778635957.1335676,203.91112565994263,4075,16628,jpeg,0.04793214797973633
1778635957.1852267,203.96278476715088,4076,16631,jpeg,0.05165910720825195
1778635957.236597,204.01415514945984,4077,16639,jpeg,0.05137038230895996
1778635957.279543,204.05710101127625,4078,16606,jpeg,0.04294586181640625
1778635957.3274298,204.10498785972595,4079,16589,jpeg,0.04788684844970703
1778635957.3815327,204.15909075737,4080,16616,jpeg,0.05410289764404297
1778635957.4293828,204.20694088935852,4081,16622,jpeg,0.04785013198852539
1778635957.477464,204.2550220489502,4082,16606,jpeg,0.048081159591674805
1778635957.533789,204.31134700775146,4083,16611,jpeg,0.05632495880126953
1778635957.5848238,204.36238193511963,4084,16644,jpeg,0.05103492736816406
1778635957.6285095,204.406067609787,4085,16637,jpeg,0.0436856746673584
1778635957.6826644,204.46022248268127,4086,16623,jpeg,0.05415487289428711
1778635957.7296686,204.50722670555115,4087,16628,jpeg,0.04700422286987305
1778635957.7784345,204.555992603302,4088,16627,jpeg,0.04876589775085449
1778635957.8341947,204.61175274848938,4089,16627,jpeg,0.05576014518737793
1778635957.8830836,204.66064167022705,4090,16545,jpeg,0.0488889217376709
1778635957.9297626,204.70732069015503,4091,16610,jpeg,0.046679019927978516
1778635957.985798,204.7633559703827,4092,16581,jpeg,0.05603528022766113
1778635958.0322783,204.80983638763428,4093,16621,jpeg,0.046480417251586914
1778635958.0800261,204.85758423805237,4094,16631,jpeg,0.04774785041809082
1778635958.1302307,204.90778875350952,4095,16601,jpeg,0.05020451545715332
1778635958.183276,204.96083402633667,4096,16611,jpeg,0.05304527282714844
1778635958.2345235,205.0120816230774,4097,16607,jpeg,0.051247596740722656
1778635958.2804468,205.05800485610962,4098,16580,jpeg,0.04592323303222656
1778635958.3330202,205.11057829856873,4099,16594,jpeg,0.052573442459106445
1778635958.377639,205.1551971435547,4100,16605,jpeg,0.044618844985961914
1778635958.4304216,205.20797967910767,4101,16599,jpeg,0.052782535552978516
1778635958.4821832,205.25974130630493,4102,16566,jpeg,0.051761627197265625
1778635958.5286212,205.30617928504944,4103,16588,jpeg,0.046437978744506836
1778635958.5848892,205.3624472618103,4104,16582,jpeg,0.05626797676086426
1778635958.629963,205.4075210094452,4105,16595,jpeg,0.045073747634887695
1778635958.6785235,205.45608162879944,4106,16613,jpeg,0.04856061935424805
1778635958.7347145,205.51227259635925,4107,16631,jpeg,0.05619096755981445
1778635958.7799726,205.5575306415558,4108,16638,jpeg,0.0452580451965332
1778635958.828492,205.60605001449585,4109,16601,jpeg,0.04851937294006348
1778635958.8826478,205.66020584106445,4110,16618,jpeg,0.054155826568603516
1778635958.9297638,205.70732188224792,4111,16598,jpeg,0.04711604118347168
1778635958.9781902,205.75574827194214,4112,16614,jpeg,0.04842638969421387
1778635959.0341883,205.81174635887146,4113,16591,jpeg,0.05599808692932129
1778635959.07928,205.85683798789978,4114,16609,jpeg,0.04509162902832031
1778635959.132039,205.909597158432,4115,16578,jpeg,0.05275917053222656
1778635959.1817296,205.95928764343262,4116,16597,jpeg,0.04969048500061035
1778635959.2320259,206.00958395004272,4117,16596,jpeg,0.05029630661010742
1778635959.279575,206.05713319778442,4118,16617,jpeg,0.04754924774169922
1778635959.3356826,206.11324071884155,4119,16618,jpeg,0.056107521057128906
1778635959.3773897,206.15494775772095,4120,16605,jpeg,0.04170703887939453
1778635959.429925,206.2074830532074,4121,16591,jpeg,0.052535295486450195
1778635959.4801648,206.25772285461426,4122,16621,jpeg,0.05023980140686035
1778635959.5311267,206.30868482589722,4123,16606,jpeg,0.050961971282958984
1778635959.5798979,206.3574559688568,4124,16607,jpeg,0.04877114295959473
1778635959.6334674,206.4110255241394,4125,16630,jpeg,0.05356955528259277
1778635959.683111,206.46066904067993,4126,16623,jpeg,0.049643516540527344
1778635959.729572,206.5071301460266,4127,16623,jpeg,0.04646110534667969
1778635959.781709,206.55926704406738,4128,16585,jpeg,0.052136898040771484
1778635959.8309636,206.6085216999054,4129,16603,jpeg,0.049254655838012695
1778635959.8808725,206.65843057632446,4130,16600,jpeg,0.04990887641906738
1778635959.9317484,206.70930647850037,4131,16617,jpeg,0.05087590217590332
1778635959.9819663,206.75952434539795,4132,16619,jpeg,0.05021786689758301
1778635960.0320666,206.80962467193604,4133,16583,jpeg,0.05010032653808594
1778635960.082006,206.85956406593323,4134,16585,jpeg,0.04993939399719238
1778635960.1322236,206.90978169441223,4135,16624,jpeg,0.050217628479003906
1778635960.187916,206.96547412872314,4136,16634,jpeg,0.055692434310913086
1778635960.2319572,207.00951528549194,4137,16640,jpeg,0.04404115676879883
1778635960.2779603,207.05551838874817,4138,16611,jpeg,0.046003103256225586
1778635960.367593,207.14515113830566,4139,16607,jpeg,0.08963274955749512
1778635960.3880558,207.1656138896942,4140,16626,jpeg,0.020462751388549805
1778635960.4282959,207.2058539390564,4141,16637,jpeg,0.04024004936218262
1778635960.482618,207.2601761817932,4142,16641,jpeg,0.054322242736816406
1778635960.5381303,207.31568837165833,4143,16615,jpeg,0.055512189865112305
1778635960.5793455,207.35690355300903,4144,16641,jpeg,0.04121518135070801
1778635960.6338046,207.41136264801025,4145,16639,jpeg,0.0544590950012207
1778635960.6782606,207.4558186531067,4146,16598,jpeg,0.04445600509643555
1778635960.7323923,207.5099503993988,4147,16605,jpeg,0.05413174629211426
1778635960.782579,207.56013703346252,4148,16621,jpeg,0.0501866340637207
1778635960.829761,207.6073191165924,4149,16622,jpeg,0.04718208312988281
1778635960.8789701,207.6565282344818,4150,16621,jpeg,0.0492091178894043
1778635960.932833,207.7103910446167,4151,16598,jpeg,0.053862810134887695
1778635960.980082,207.7576401233673,4152,16584,jpeg,0.04724907875061035
1778635961.0310972,207.8086552619934,4153,16616,jpeg,0.05101513862609863
1778635961.0780327,207.8555908203125,4154,16617,jpeg,0.0469355583190918
1778635961.1336071,207.91116523742676,4155,16588,jpeg,0.05557441711425781
1778635961.1815438,207.9591019153595,4156,16594,jpeg,0.04793667793273926
1778635961.230394,208.00795197486877,4157,16624,jpeg,0.048850059509277344
1778635961.2864544,208.06401252746582,4158,16626,jpeg,0.0560605525970459
1778635961.3322737,208.10983180999756,4159,16616,jpeg,0.04581928253173828
1778635961.3860245,208.16358256340027,4160,16633,jpeg,0.05375075340270996
1778635961.4302225,208.20778059959412,4161,16613,jpeg,0.044198036193847656
1778635961.4838526,208.2614107131958,4162,16596,jpeg,0.05363011360168457
1778635961.5268817,208.3044397830963,4163,16611,jpeg,0.043029069900512695
1778635961.5801003,208.35765838623047,4164,16622,jpeg,0.05321860313415527
1778635961.6277292,208.4052872657776,4165,16586,jpeg,0.04762887954711914
1778635961.677366,208.4549241065979,4166,16608,jpeg,0.0496368408203125
1778635961.7300725,208.50763058662415,4167,16612,jpeg,0.05270648002624512
1778635961.779506,208.55706405639648,4168,16616,jpeg,0.04943346977233887
1778635961.8276322,208.6051902770996,4169,16614,jpeg,0.048126220703125
1778635961.8799105,208.6574685573578,4170,16612,jpeg,0.05227828025817871
1778635961.9292068,208.70676493644714,4171,16599,jpeg,0.04929637908935547
1778635961.9779627,208.75552082061768,4172,16597,jpeg,0.04875588417053223
1778635962.0298991,208.80745720863342,4173,16630,jpeg,0.05193638801574707
1778635962.0816576,208.85921573638916,4174,16630,jpeg,0.051758527755737305
1778635962.128008,208.90556597709656,4175,16617,jpeg,0.04635024070739746
1778635962.1851285,208.9626865386963,4176,16616,jpeg,0.057120561599731445
1778635962.226309,209.00386714935303,4177,16593,jpeg,0.04118061065673828
1778635962.278455,209.0560131072998,4178,16629,jpeg,0.052145957946777344
1778635962.3288114,209.10636949539185,4179,16642,jpeg,0.050356388092041016
1778635962.378551,209.15610909461975,4180,16626,jpeg,0.04973959922790527
1778635962.4322205,209.209778547287,4181,16619,jpeg,0.05366945266723633
1778635962.4794517,209.25700974464417,4182,16624,jpeg,0.047231197357177734
1778635962.5299044,209.30746245384216,4183,16644,jpeg,0.05045270919799805
1778635962.5822513,209.35980939865112,4184,16606,jpeg,0.05234694480895996
1778635962.6297357,209.4072937965393,4185,16624,jpeg,0.047484397888183594
1778635962.6804097,209.4579677581787,4186,16620,jpeg,0.0506739616394043
1778635962.7283561,209.5059142112732,4187,16608,jpeg,0.04794645309448242
1778635962.7802107,209.5577688217163,4188,16612,jpeg,0.051854610443115234
1778635962.8304908,209.60804891586304,4189,16607,jpeg,0.050280094146728516
1778635962.8827984,209.66035652160645,4190,16631,jpeg,0.0523076057434082
1778635962.933208,209.71076607704163,4191,16588,jpeg,0.050409555435180664
1778635962.980136,209.7576940059662,4192,16620,jpeg,0.04692792892456055
1778635963.0298536,209.80741167068481,4193,16637,jpeg,0.04971766471862793
1778635963.0816584,209.8592164516449,4194,16613,jpeg,0.05180478096008301
1778635963.1292326,209.9067907333374,4195,16609,jpeg,0.04757428169250488
1778635963.1841142,209.9616723060608,4196,16607,jpeg,0.05488157272338867
1778635963.2301366,210.00769472122192,4197,16612,jpeg,0.04602241516113281
1778635963.2793543,210.05691242218018,4198,16612,jpeg,0.04921770095825195
1778635963.3321648,210.1097228527069,4199,16610,jpeg,0.0528104305267334
1778635963.3868294,210.16438746452332,4200,16610,jpeg,0.05466461181640625
1778635963.4325414,210.21009945869446,4201,16622,jpeg,0.04571199417114258
1778635963.4764936,210.25405168533325,4202,16617,jpeg,0.043952226638793945
1778635963.5360665,210.31362462043762,4203,16632,jpeg,0.05957293510437012
1778635963.5773723,210.3549304008484,4204,16621,jpeg,0.0413057804107666
1778635963.6288512,210.40640926361084,4205,16609,jpeg,0.05147886276245117
1778635963.679931,210.45748901367188,4206,16638,jpeg,0.051079750061035156
1778635963.7344885,210.51204657554626,4207,16620,jpeg,0.05455756187438965
1778635963.778898,210.55645608901978,4208,16594,jpeg,0.04440951347351074
1778635963.8337722,210.6113302707672,4209,16624,jpeg,0.05487418174743652
1778635963.8826377,210.66019582748413,4210,16597,jpeg,0.048865556716918945
1778635963.92887,210.70642805099487,4211,16611,jpeg,0.04623222351074219
1778635963.9816773,210.75923538208008,4212,16618,jpeg,0.05280733108520508
1778635964.0257266,210.80328464508057,4213,16638,jpeg,0.04404926300048828
1778635964.07768,210.855238199234,4214,16629,jpeg,0.05195355415344238
1778635964.129632,210.9071900844574,4215,16605,jpeg,0.05195188522338867
1778635964.176634,210.95419216156006,4216,16618,jpeg,0.04700207710266113
1778635964.2281773,211.00573539733887,4217,16628,jpeg,0.051543235778808594
1778635964.2827399,211.06029796600342,4218,16598,jpeg,0.05456256866455078
1778635964.327086,211.1046440601349,4219,16613,jpeg,0.04434609413146973
1778635964.3775468,211.15510487556458,4220,16609,jpeg,0.0504608154296875
1778635964.430458,211.20801615715027,4221,16584,jpeg,0.05291128158569336
1778635964.4777884,211.25534653663635,4222,16605,jpeg,0.047330379486083984
1778635964.527719,211.30527710914612,4223,16597,jpeg,0.049930572509765625
1778635964.584049,211.36160707473755,4224,16639,jpeg,0.056329965591430664
1778635964.628677,211.40623497962952,4225,16639,jpeg,0.04462790489196777
1778635964.6776013,211.45515942573547,4226,16610,jpeg,0.04892444610595703
1778635964.7297454,211.50730347633362,4227,16641,jpeg,0.05214405059814453
1778635964.778291,211.55584907531738,4228,16626,jpeg,0.04854559898376465
1778635964.8296163,211.6071743965149,4229,16632,jpeg,0.051325321197509766
1778635964.879707,211.65726518630981,4230,16624,jpeg,0.050090789794921875
1778635964.9285374,211.70609545707703,4231,16614,jpeg,0.048830270767211914
1778635964.9795504,211.7571084499359,4232,16623,jpeg,0.05101299285888672
1778635965.0308838,211.8084418773651,4233,16600,jpeg,0.05133342742919922
1778635965.0788672,211.85642528533936,4234,16602,jpeg,0.047983407974243164
1778635965.129726,211.90728402137756,4235,16610,jpeg,0.05085873603820801
1778635965.1808865,211.9584445953369,4236,16598,jpeg,0.051160573959350586
1778635965.2298012,212.00735926628113,4237,16608,jpeg,0.04891467094421387
1778635965.278352,212.05591011047363,4238,16618,jpeg,0.04855084419250488
1778635965.3334284,212.11098647117615,4239,16611,jpeg,0.05507636070251465
1778635965.382436,212.1599941253662,4240,16620,jpeg,0.04900765419006348
1778635965.4380116,212.21556973457336,4241,16628,jpeg,0.05557560920715332
1778635965.485118,212.2626760005951,4242,16617,jpeg,0.047106266021728516
1778635965.5329478,212.3105058670044,4243,16634,jpeg,0.04782986640930176
1778635965.5847316,212.36228966712952,4244,16635,jpeg,0.05178380012512207
1778635965.6345634,212.41212153434753,4245,16615,jpeg,0.04983186721801758
1778635965.6843987,212.46195673942566,4246,16624,jpeg,0.049835205078125
1778635965.7285757,212.50613379478455,4247,16643,jpeg,0.04417705535888672
1778635965.7851708,212.56272888183594,4248,16655,jpeg,0.0565950870513916
1778635965.827332,212.60489010810852,4249,16683,jpeg,0.04216122627258301
1778635965.881601,212.6591591835022,4250,16616,jpeg,0.05426907539367676
1778635965.9284737,212.7060317993164,4251,16639,jpeg,0.046872615814208984
1778635965.9840071,212.76156520843506,4252,16608,jpeg,0.055533409118652344
1778635966.0304503,212.8080084323883,4253,16606,jpeg,0.04644322395324707
1778635966.0790575,212.85661554336548,4254,16636,jpeg,0.04860711097717285
1778635966.1286926,212.90625071525574,4255,16624,jpeg,0.04963517189025879
1778635966.1815097,212.95906782150269,4256,16616,jpeg,0.05281710624694824
1778635966.2300155,213.00757360458374,4257,16621,jpeg,0.04850578308105469
1778635966.282686,213.06024408340454,4258,16622,jpeg,0.05267047882080078
1778635966.334192,213.111750125885,4259,16630,jpeg,0.05150604248046875
1778635966.3813093,213.15886735916138,4260,16615,jpeg,0.04711723327636719
1778635966.4322348,213.20979285240173,4261,16628,jpeg,0.050925493240356445
1778635966.4817715,213.25932955741882,4262,16608,jpeg,0.049536705017089844
1778635966.537302,213.31486010551453,4263,16647,jpeg,0.055530548095703125
1778635966.583726,213.36128401756287,4264,16621,jpeg,0.046423912048339844
1778635966.634274,213.4118320941925,4265,16615,jpeg,0.05054807662963867
1778635966.685244,213.46280217170715,4266,16601,jpeg,0.05097007751464844
1778635966.732678,213.51023602485657,4267,16621,jpeg,0.04743385314941406
1778635966.77781,213.55536818504333,4268,16624,jpeg,0.04513216018676758
1778635966.8304756,213.60803365707397,4269,16604,jpeg,0.05266547203063965
1778635966.8793433,213.6569013595581,4270,16602,jpeg,0.04886770248413086
1778635966.931934,213.7094922065735,4271,16636,jpeg,0.05259084701538086
1778635966.9815009,213.75905895233154,4272,16630,jpeg,0.04956674575805664
1778635967.027756,213.80531406402588,4273,16623,jpeg,0.04625511169433594
1778635967.0819917,213.85954976081848,4274,16637,jpeg,0.05423569679260254
1778635967.1322203,213.90977835655212,4275,16644,jpeg,0.05022859573364258
1778635967.1777146,213.95527267456055,4276,16617,jpeg,0.04549431800842285
1778635967.2367523,214.01431035995483,4277,16634,jpeg,0.05903768539428711
1778635967.2823231,214.05988121032715,4278,16645,jpeg,0.04557085037231445
1778635967.3274546,214.10501265525818,4279,16623,jpeg,0.04513144493103027
1778635967.3845413,214.16209936141968,4280,16613,jpeg,0.05708670616149902
1778635967.4286044,214.20616245269775,4281,16626,jpeg,0.04406309127807617
1778635967.4793966,214.2569546699524,4282,16640,jpeg,0.05079221725463867
1778635967.5357385,214.31329655647278,4283,16629,jpeg,0.05634188652038574
1778635967.580741,214.35829901695251,4284,16617,jpeg,0.04500246047973633
1778635967.6323962,214.4099543094635,4285,16620,jpeg,0.05165529251098633
1778635967.6769712,214.4545292854309,4286,16595,jpeg,0.04457497596740723
1778635967.7333045,214.51086258888245,4287,16582,jpeg,0.056333303451538086
1778635967.7821236,214.55968165397644,4288,16603,jpeg,0.04881906509399414
1778635967.8346841,214.61224222183228,4289,16612,jpeg,0.05256056785583496
1778635967.8836792,214.66123723983765,4290,16605,jpeg,0.048995018005371094
1778635967.929412,214.70696997642517,4291,16636,jpeg,0.045732736587524414
1778635967.9776888,214.7552468776703,4292,16593,jpeg,0.04827690124511719
1778635968.0334663,214.81102442741394,4293,16590,jpeg,0.055777549743652344
1778635968.084167,214.8617250919342,4294,16618,jpeg,0.05070066452026367
1778635968.1279464,214.90550446510315,4295,16598,jpeg,0.04377937316894531
1778635968.1784675,214.95602560043335,4296,16575,jpeg,0.050521135330200195
1778635968.2351847,215.01274275779724,4297,16579,jpeg,0.0567171573638916
1778635968.2764645,215.05402255058289,4298,16605,jpeg,0.04127979278564453
1778635968.3272235,215.10478162765503,4299,16610,jpeg,0.050759077072143555
1778635968.3764493,215.15400743484497,4300,16588,jpeg,0.049225807189941406
1778635968.4270308,215.20458889007568,4301,16588,jpeg,0.05058145523071289
1778635968.477575,215.25513315200806,4302,16585,jpeg,0.05054426193237305
1778635968.5272226,215.30478072166443,4303,16579,jpeg,0.04964756965637207
1778635968.5769444,215.3545024394989,4304,16606,jpeg,0.049721717834472656
1778635968.6274023,215.40496039390564,4305,16606,jpeg,0.05045795440673828
1778635968.6789522,215.45651030540466,4306,16600,jpeg,0.05154991149902344
1778635968.727315,215.50487303733826,4307,16631,jpeg,0.04836273193359375
1778635968.7843015,215.56185960769653,4308,16598,jpeg,0.05698657035827637
1778635968.8278217,215.60537981987,4309,16603,jpeg,0.043520212173461914
1778635968.8753707,215.65292882919312,4310,16613,jpeg,0.04754900932312012
1778635968.926924,215.70448207855225,4311,16599,jpeg,0.05155324935913086
1778635968.9780464,215.75560450553894,4312,16591,jpeg,0.051122426986694336
1778635969.0294452,215.8070032596588,4313,16623,jpeg,0.05139875411987305
1778635969.0821166,215.85967469215393,4314,16636,jpeg,0.05267143249511719
1778635969.1343782,215.91193628311157,4315,16602,jpeg,0.0522615909576416
1778635969.17989,215.95744800567627,4316,16593,jpeg,0.045511722564697266
1778635969.2298992,216.00745725631714,4317,16624,jpeg,0.05000925064086914
1778635969.28153,216.05908799171448,4318,16586,jpeg,0.05163073539733887
1778635969.3307137,216.1082718372345,4319,16606,jpeg,0.04918384552001953
1778635969.3826077,216.16016578674316,4320,16596,jpeg,0.05189394950866699
1778635969.4313169,216.2088749408722,4321,16642,jpeg,0.04870915412902832
1778635969.478374,216.25593209266663,4322,16617,jpeg,0.047057151794433594
1778635969.5307071,216.308265209198,4323,16600,jpeg,0.05233311653137207
1778635969.577048,216.3546061515808,4324,16597,jpeg,0.0463409423828125
1778635969.6288533,216.40641140937805,4325,16588,jpeg,0.05180525779724121
1778635969.6808927,216.45845079421997,4326,16596,jpeg,0.052039384841918945
1778635969.727635,216.5051929950714,4327,16623,jpeg,0.04674220085144043
1778635969.7827356,216.560293674469,4328,16630,jpeg,0.05510067939758301
1778635969.8304875,216.60804557800293,4329,16630,jpeg,0.04775190353393555
1778635969.8825858,216.6601438522339,4330,16618,jpeg,0.05209827423095703
1778635969.9303668,216.70792484283447,4331,16642,jpeg,0.04778099060058594
1778635969.9840248,216.7615828514099,4332,16626,jpeg,0.05365800857543945
1778635970.030866,216.80842399597168,4333,16648,jpeg,0.04684114456176758
1778635970.080546,216.8581039905548,4334,16625,jpeg,0.04967999458312988
1778635970.128371,216.90592908859253,4335,16633,jpeg,0.04782509803771973
1778635970.1746197,216.95217776298523,4336,16622,jpeg,0.046248674392700195
1778635970.2291005,217.00665855407715,4337,16599,jpeg,0.054480791091918945
1778635970.2840934,217.06165146827698,4338,16611,jpeg,0.0549929141998291
1778635970.3253298,217.10288786888123,4339,16603,jpeg,0.04123640060424805
1778635970.376973,217.15453100204468,4340,16610,jpeg,0.05164313316345215
1778635970.426612,217.2041699886322,4341,16585,jpeg,0.049638986587524414
1778635970.4755473,217.2531054019928,4342,16614,jpeg,0.0489354133605957
1778635970.526842,217.30440020561218,4343,16597,jpeg,0.051294803619384766
1778635970.5759473,217.3535053730011,4344,16622,jpeg,0.049105167388916016
1778635970.6249132,217.40247130393982,4345,16620,jpeg,0.0489659309387207
1778635970.6762016,217.45375967025757,4346,16602,jpeg,0.05128836631774902
1778635970.731038,217.5085961818695,4347,16604,jpeg,0.05483651161193848
1778635970.7759619,217.55351996421814,4348,16597,jpeg,0.04492378234863281
1778635970.8291001,217.60665822029114,4349,16616,jpeg,0.05313825607299805
1778635970.8755863,217.65314435958862,4350,16612,jpeg,0.04648613929748535
1778635970.9284356,217.70599365234375,4351,16588,jpeg,0.05284929275512695
1778635970.9793396,217.756897687912,4352,16605,jpeg,0.050904035568237305
1778635971.0264995,217.804057598114,4353,16634,jpeg,0.04715991020202637
1778635971.078445,217.85600304603577,4354,16586,jpeg,0.05194544792175293
1778635971.126871,217.9044291973114,4355,16584,jpeg,0.048426151275634766
1778635971.1782591,217.95581722259521,4356,16596,jpeg,0.05138802528381348
1778635971.2256606,218.00321865081787,4357,16588,jpeg,0.04740142822265625
1778635971.2810178,218.05857586860657,4358,16600,jpeg,0.05535721778869629
1778635971.328233,218.10579109191895,4359,16609,jpeg,0.04721522331237793
1778635971.3779485,218.15550661087036,4360,16603,jpeg,0.049715518951416016
1778635971.4339197,218.21147775650024,4361,16606,jpeg,0.05597114562988281
1778635971.4783592,218.25591731071472,4362,16596,jpeg,0.04443955421447754
1778635971.5273201,218.30487823486328,4363,16604,jpeg,0.04896092414855957
1778635971.578207,218.35576510429382,4364,16638,jpeg,0.05088686943054199
1778635971.6279624,218.40552043914795,4365,16594,jpeg,0.04975533485412598
1778635971.6758006,218.45335865020752,4366,16619,jpeg,0.04783821105957031
1778635971.7285893,218.50614738464355,4367,16596,jpeg,0.052788734436035156
1778635971.7774942,218.55505228042603,4368,16598,jpeg,0.0489048957824707
1778635971.828906,218.60646414756775,4369,16600,jpeg,0.05141186714172363
1778635971.879292,218.6568500995636,4370,16607,jpeg,0.05038595199584961
1778635971.93129,218.70884799957275,4371,16609,jpeg,0.05199790000915527
1778635971.9764886,218.7540466785431,4372,16609,jpeg,0.045198678970336914
1778635972.029272,218.80683016777039,4373,16602,jpeg,0.05278348922729492
1778635972.0762024,218.85376048088074,4374,16598,jpeg,0.04693031311035156
1778635972.127738,218.90529608726501,4375,16621,jpeg,0.051535606384277344
1778635972.174201,218.95175909996033,4376,16577,jpeg,0.0464630126953125
1778635972.2298448,219.0074028968811,4377,16584,jpeg,0.05564379692077637
1778635972.2812047,219.05876278877258,4378,16603,jpeg,0.05135989189147949
1778635972.324131,219.1016891002655,4379,16629,jpeg,0.04292631149291992
1778635972.3765147,219.15407276153564,4380,16610,jpeg,0.0523836612701416
1778635972.425551,219.2031090259552,4381,16591,jpeg,0.049036264419555664
1778635972.473826,219.25138401985168,4382,16588,jpeg,0.048274993896484375
1778635972.5269756,219.30453372001648,4383,16590,jpeg,0.05314970016479492
1778635972.5762808,219.35383892059326,4384,16603,jpeg,0.04930520057678223
1778635972.6238434,219.4014015197754,4385,16603,jpeg,0.047562599182128906
1778635972.6775687,219.45512676239014,4386,16612,jpeg,0.053725242614746094
1778635972.7285635,219.506121635437,4387,16610,jpeg,0.050994873046875
1778635972.7778528,219.555410861969,4388,16611,jpeg,0.04928922653198242
1778635972.8307836,219.60834169387817,4389,16632,jpeg,0.05293083190917969
1778635972.878898,219.65645599365234,4390,16599,jpeg,0.04811429977416992
1778635972.9282181,219.7057762145996,4391,16595,jpeg,0.049320220947265625
1778635972.9776921,219.7552502155304,4392,16604,jpeg,0.04947400093078613
1778635973.0253522,219.80291032791138,4393,16581,jpeg,0.047660112380981445
1778635973.0787065,219.85626459121704,4394,16595,jpeg,0.05335426330566406
1778635973.1276634,219.90522146224976,4395,16606,jpeg,0.048956871032714844
1778635973.1754751,219.95303320884705,4396,16634,jpeg,0.04781174659729004
1778635973.2264047,220.00396275520325,4397,16587,jpeg,0.05092954635620117
1778635973.2774668,220.05502486228943,4398,16604,jpeg,0.05106210708618164
1778635973.3288236,220.10638165473938,4399,16578,jpeg,0.05135679244995117
1778635973.3766284,220.15418648719788,4400,16599,jpeg,0.047804832458496094
1778635973.427336,220.20489406585693,4401,16605,jpeg,0.05070757865905762
1778635973.4826949,220.26025295257568,4402,16610,jpeg,0.05535888671875
1778635973.5259643,220.30352234840393,4403,16583,jpeg,0.04326939582824707
1778635973.5777562,220.35531425476074,4404,16570,jpeg,0.05179190635681152
1778635973.6267195,220.4042775630951,4405,16598,jpeg,0.048963308334350586
1778635973.6785374,220.45609545707703,4406,16581,jpeg,0.051817893981933594
1778635973.7295918,220.50714993476868,4407,16571,jpeg,0.05105447769165039
1778635973.7793841,220.55694222450256,4408,16579,jpeg,0.04979228973388672
1778635973.8265638,220.60412192344666,4409,16613,jpeg,0.0471796989440918
1778635973.8801172,220.65767526626587,4410,16574,jpeg,0.05355334281921387
1778635973.9254217,220.70297980308533,4411,16590,jpeg,0.04530453681945801
1778635973.9812193,220.75877737998962,4412,16590,jpeg,0.055797576904296875
1778635974.0278873,220.80544543266296,4413,16580,jpeg,0.046668052673339844
1778635974.0740623,220.85162043571472,4414,16607,jpeg,0.04617500305175781
1778635974.1293583,220.9069163799286,4415,16605,jpeg,0.05529594421386719
1778635974.1778705,220.95542860031128,4416,16582,jpeg,0.04851222038269043
1778635974.2257886,221.00334668159485,4417,16607,jpeg,0.047918081283569336
1778635974.2784162,221.0559742450714,4418,16630,jpeg,0.0526275634765625
1778635974.3279946,221.10555267333984,4419,16607,jpeg,0.04957842826843262
1778635974.3739173,221.1514754295349,4420,16583,jpeg,0.04592275619506836
1778635974.4266596,221.20421767234802,4421,16625,jpeg,0.05274224281311035
1778635974.477355,221.25491309165955,4422,16591,jpeg,0.05069541931152344
1778635974.5263145,221.30387258529663,4423,16591,jpeg,0.04895949363708496
1778635974.5761886,221.35374665260315,4424,16590,jpeg,0.049874067306518555
1778635974.6270905,221.40464854240417,4425,16580,jpeg,0.05090188980102539
1778635974.6781843,221.45574235916138,4426,16605,jpeg,0.05109381675720215
1778635974.7256188,221.50317692756653,4427,16607,jpeg,0.04743456840515137
1778635974.7759657,221.5535237789154,4428,16585,jpeg,0.05034685134887695
1778635974.826496,221.6040539741516,4429,16612,jpeg,0.050530195236206055
1778635974.8778992,221.6554572582245,4430,16585,jpeg,0.05140328407287598
1778635974.9265444,221.70410251617432,4431,16612,jpeg,0.0486452579498291
1778635974.9758232,221.75338125228882,4432,16615,jpeg,0.04927873611450195
1778635975.0257034,221.8032615184784,4433,16604,jpeg,0.049880266189575195
1778635975.0761735,221.85373163223267,4434,16580,jpeg,0.05047011375427246
1778635975.1274908,221.9050488471985,4435,16578,jpeg,0.05131721496582031
1778635975.1751707,221.95272874832153,4436,16595,jpeg,0.047679901123046875
1778635975.225938,222.00349617004395,4437,16600,jpeg,0.05076742172241211
1778635975.2765636,222.0541217327118,4438,16570,jpeg,0.05062556266784668
1778635975.3259702,222.1035282611847,4439,16603,jpeg,0.04940652847290039
1778635975.3765724,222.1541304588318,4440,16596,jpeg,0.05060219764709473
1778635975.4262328,222.20379090309143,4441,16586,jpeg,0.049660444259643555
1778635975.4758093,222.25336742401123,4442,16615,jpeg,0.049576520919799805
1778635975.5259109,222.3034689426422,4443,16608,jpeg,0.050101518630981445
1778635975.5753274,222.35288548469543,4444,16613,jpeg,0.049416542053222656
1778635975.626868,222.40442609786987,4445,16607,jpeg,0.05154061317443848
1778635975.6853585,222.46291661262512,4446,16608,jpeg,0.05849051475524902
1778635975.729464,222.50702214241028,4447,16626,jpeg,0.04410552978515625
1778635975.7766113,222.5541694164276,4448,16632,jpeg,0.047147274017333984
1778635975.8276255,222.6051836013794,4449,16630,jpeg,0.05101418495178223
1778635975.8773515,222.6549096107483,4450,16608,jpeg,0.049726009368896484
1778635975.9292877,222.70684576034546,4451,16584,jpeg,0.05193614959716797
1778635975.9813378,222.75889587402344,4452,16595,jpeg,0.052050113677978516
1778635976.0279357,222.80549383163452,4453,16593,jpeg,0.046597957611083984
1778635976.0772326,222.85479068756104,4454,16591,jpeg,0.04929685592651367
1778635976.1319008,222.90945887565613,4455,16579,jpeg,0.05466818809509277
1778635976.179498,222.95705604553223,4456,16602,jpeg,0.04759716987609863
1778635976.230453,223.0080111026764,4457,16622,jpeg,0.05095505714416504
1778635976.2749739,223.05253195762634,4458,16582,jpeg,0.04452085494995117
1778635976.3269558,223.1045138835907,4459,16618,jpeg,0.05198192596435547
1778635976.380576,223.15813398361206,4460,16577,jpeg,0.053620100021362305
1778635976.4298904,223.20744848251343,4461,16577,jpeg,0.04931449890136719
1778635976.4795272,223.25708532333374,4462,16582,jpeg,0.0496368408203125
1778635976.530831,223.30838918685913,4463,16600,jpeg,0.051303863525390625
1778635976.5806108,223.35816884040833,4464,16590,jpeg,0.049779653549194336
1778635976.632114,223.40967202186584,4465,16609,jpeg,0.05150318145751953
1778635976.6856396,223.46319770812988,4466,16603,jpeg,0.053525686264038086
1778635976.7281294,223.50568747520447,4467,16570,jpeg,0.04248976707458496
1778635976.7767222,223.5542802810669,4468,16593,jpeg,0.04859280586242676
1778635976.82772,223.60527801513672,4469,16622,jpeg,0.05099773406982422
1778635976.879127,223.65668511390686,4470,16605,jpeg,0.0514070987701416
1778635976.926756,223.70431399345398,4471,16618,jpeg,0.04762887954711914
1778635976.9768667,223.75442481040955,4472,16616,jpeg,0.050110816955566406
1778635977.0289176,223.80647563934326,4473,16586,jpeg,0.05205082893371582
1778635977.0755353,223.8530933856964,4474,16577,jpeg,0.046617746353149414
1778635977.1251776,223.90273571014404,4475,16588,jpeg,0.049642324447631836
1778635977.178842,223.95640015602112,4476,16587,jpeg,0.053664445877075195
1778635977.2283041,224.00586223602295,4477,16630,jpeg,0.049462080001831055
1778635977.2772372,224.05479526519775,4478,16592,jpeg,0.04893302917480469
1778635977.3263662,224.10392427444458,4479,16590,jpeg,0.04912900924682617
1778635977.3753033,224.15286135673523,4480,16619,jpeg,0.048937082290649414
1778635977.4250908,224.20264887809753,4481,16616,jpeg,0.04978752136230469
1778635977.4779387,224.2554967403412,4482,16595,jpeg,0.052847862243652344
1778635977.5288398,224.30639791488647,4483,16597,jpeg,0.050901174545288086
1778635977.5753074,224.3528654575348,4484,16575,jpeg,0.04646754264831543
1778635977.630298,224.40785598754883,4485,16624,jpeg,0.054990530014038086
1778635977.6796274,224.45718550682068,4486,16594,jpeg,0.049329519271850586
1778635977.727117,224.5046751499176,4487,16630,jpeg,0.04748964309692383
1778635977.7825246,224.5600826740265,4488,16594,jpeg,0.05540752410888672
1778635977.8256934,224.60325145721436,4489,16592,jpeg,0.04316878318786621
1778635977.8787682,224.6563262939453,4490,16579,jpeg,0.05307483673095703
1778635977.9293654,224.70692348480225,4491,16613,jpeg,0.050597190856933594
1778635977.9770048,224.75456285476685,4492,16608,jpeg,0.04763936996459961
1778635978.0248847,224.80244278907776,4493,16605,jpeg,0.047879934310913086
1778635978.0765438,224.854101896286,4494,16624,jpeg,0.05165910720825195
1778635978.1248682,224.90242624282837,4495,16613,jpeg,0.0483243465423584
1778635978.179621,224.95717906951904,4496,16607,jpeg,0.05475282669067383
1778635978.2293034,225.00686144828796,4497,16575,jpeg,0.0496823787689209
1778635978.2784042,225.05596232414246,4498,16589,jpeg,0.04910087585449219
1778635978.3262215,225.10377955436707,4499,16611,jpeg,0.047817230224609375
1778635978.3750894,225.15264749526978,4500,16569,jpeg,0.04886794090270996
1778635978.4237607,225.20131874084473,4501,16590,jpeg,0.04867124557495117
1778635978.4760516,225.2536096572876,4502,16588,jpeg,0.052290916442871094
1778635978.5291774,225.30673551559448,4503,16599,jpeg,0.053125858306884766
1778635978.5789914,225.35654950141907,4504,16614,jpeg,0.04981398582458496
1778635978.6288931,225.40645122528076,4505,16601,jpeg,0.049901723861694336
1778635978.6739407,225.45149874687195,4506,16600,jpeg,0.04504752159118652
1778635978.728512,225.50607013702393,4507,16591,jpeg,0.05457139015197754
1778635978.7722034,225.54976153373718,4508,16577,jpeg,0.043691396713256836
1778635978.824415,225.6019730567932,4509,16602,jpeg,0.05221152305603027
1778635978.8761036,225.65366172790527,4510,16621,jpeg,0.05168867111206055
1778635978.923444,225.70100212097168,4511,16605,jpeg,0.04734039306640625
1778635978.973667,225.75122499465942,4512,16619,jpeg,0.05022287368774414
1778635979.0275924,225.80515050888062,4513,16629,jpeg,0.053925514221191406
1778635979.0768929,225.85445094108582,4514,16612,jpeg,0.049300432205200195
1778635979.1291778,225.9067358970642,4515,16609,jpeg,0.052284955978393555
1778635979.1746674,225.95222544670105,4516,16587,jpeg,0.04548954963684082
1778635979.2244358,226.00199389457703,4517,16585,jpeg,0.04976844787597656
1778635979.2773187,226.0548768043518,4518,16608,jpeg,0.05288290977478027
1778635979.3245957,226.10215377807617,4519,16566,jpeg,0.047276973724365234
1778635979.3766983,226.15425634384155,4520,16554,jpeg,0.05210256576538086
1778635979.426327,226.20388507843018,4521,16599,jpeg,0.04962873458862305
1778635979.4769197,226.2544777393341,4522,16599,jpeg,0.050592660903930664
1778635979.5243754,226.3019335269928,4523,16556,jpeg,0.047455787658691406
1778635979.5783825,226.35594058036804,4524,16562,jpeg,0.05400705337524414
1778635979.6262422,226.40380024909973,4525,16578,jpeg,0.04785966873168945
1778635979.6773074,226.45486545562744,4526,16590,jpeg,0.05106520652770996
1778635979.7283788,226.5059368610382,4527,16589,jpeg,0.0510714054107666
1778635979.783295,226.56085300445557,4528,16607,jpeg,0.0549161434173584
1778635979.82942,226.6069781780243,4529,16585,jpeg,0.046125173568725586
1778635979.8764718,226.6540298461914,4530,16582,jpeg,0.04705166816711426
1778635979.9224763,226.7000343799591,4531,16612,jpeg,0.046004533767700195
1778635979.9715598,226.74911785125732,4532,16604,jpeg,0.04908347129821777
1778635980.0289283,226.80648636817932,4533,16576,jpeg,0.05736851692199707
1778635980.0737896,226.85134768486023,4534,16576,jpeg,0.0448613166809082
1778635980.1239395,226.90149760246277,4535,16593,jpeg,0.05014991760253906
1778635980.1807034,226.95826148986816,4536,16598,jpeg,0.05676388740539551
1778635980.2275279,227.0050859451294,4537,16626,jpeg,0.04682445526123047
1778635980.2751174,227.05267548561096,4538,16597,jpeg,0.04758954048156738
1778635980.3307807,227.10833883285522,4539,16624,jpeg,0.055663347244262695
1778635980.3719378,227.14949584007263,4540,16603,jpeg,0.04115700721740723
1778635980.4282157,227.20577383041382,4541,16612,jpeg,0.05627799034118652
1778635980.4797356,227.25729370117188,4542,16592,jpeg,0.05151987075805664
1778635980.5235987,227.30115675926208,4543,16603,jpeg,0.04386305809020996
1778635980.5766094,227.35416746139526,4544,16594,jpeg,0.05301070213317871
1778635980.6287708,227.40632891654968,4545,16602,jpeg,0.052161455154418945
1778635980.6740997,227.4516577720642,4546,16627,jpeg,0.04532885551452637
1778635980.727929,227.50548720359802,4547,16559,jpeg,0.05382943153381348
1778635980.778516,227.55607414245605,4548,16620,jpeg,0.05058693885803223
1778635980.822709,227.60026717185974,4549,16611,jpeg,0.04419302940368652
1778635980.8748083,227.65236639976501,4550,16600,jpeg,0.05209922790527344
1778635980.9261045,227.70366263389587,4551,16618,jpeg,0.051296234130859375
1778635980.974926,227.75248408317566,4552,16628,jpeg,0.048821449279785156
1778635981.024723,227.80228114128113,4553,16621,jpeg,0.04979705810546875
1778635981.0751545,227.8527126312256,4554,16614,jpeg,0.05043148994445801
1778635981.123904,227.90146207809448,4555,16585,jpeg,0.048749446868896484
1778635981.1765175,227.95407557487488,4556,16616,jpeg,0.05261349678039551
1778635981.2264123,228.00397038459778,4557,16613,jpeg,0.04989480972290039
1778635981.2736897,228.0512478351593,4558,16597,jpeg,0.04727745056152344
1778635981.3246496,228.10220766067505,4559,16594,jpeg,0.05095982551574707
1778635981.3767338,228.15429186820984,4560,16592,jpeg,0.05208420753479004
1778635981.4234018,228.20095992088318,4561,16591,jpeg,0.046668052673339844
1778635981.4768407,228.25439882278442,4562,16605,jpeg,0.05343890190124512
1778635981.5290504,228.30660843849182,4563,16617,jpeg,0.05220961570739746
1778635981.575184,228.3527421951294,4564,16620,jpeg,0.04613375663757324
1778635981.6243975,228.40195560455322,4565,16610,jpeg,0.049213409423828125
1778635981.6733694,228.45092749595642,4566,16594,jpeg,0.04897189140319824
1778635981.7289355,228.5064935684204,4567,16635,jpeg,0.05556607246398926
1778635981.7724967,228.55005478858948,4568,16614,jpeg,0.04356122016906738
1778635981.8290334,228.606591463089,4569,16601,jpeg,0.05653667449951172
1778635981.878706,228.65626406669617,4570,16591,jpeg,0.049672603607177734
1778635981.9237206,228.70127868652344,4571,16559,jpeg,0.04501461982727051
1778635981.9810984,228.75865650177002,4572,16611,jpeg,0.05737781524658203
1778635982.026321,228.80387902259827,4573,16590,jpeg,0.04522252082824707
1778635982.074258,228.85181617736816,4574,16565,jpeg,0.04793715476989746
1778635982.1289344,228.90649247169495,4575,16571,jpeg,0.05467629432678223
1778635982.1751053,228.95266342163086,4576,16589,jpeg,0.046170949935913086
1778635982.2234268,229.00098490715027,4577,16608,jpeg,0.04832148551940918
1778635982.2791977,229.0567557811737,4578,16586,jpeg,0.0557708740234375
1778635982.3249812,229.10253930091858,4579,16579,jpeg,0.04578351974487305
1778635982.3782215,229.15577960014343,4580,16615,jpeg,0.053240299224853516
1778635982.4268773,229.20443534851074,4581,16616,jpeg,0.04865574836730957
1778635982.477979,229.25553703308105,4582,16609,jpeg,0.0511016845703125
1778635982.5233524,229.30091047286987,4583,16572,jpeg,0.04537343978881836
1778635982.5814896,229.3590476512909,4584,16613,jpeg,0.05813717842102051
1778635982.631181,229.40873908996582,4585,16607,jpeg,0.04969143867492676
1778635982.6779065,229.45546460151672,4586,16619,jpeg,0.04672551155090332
1778635982.7227304,229.5002884864807,4587,16619,jpeg,0.04482388496398926
1778635982.77527,229.5528280735016,4588,16642,jpeg,0.05253958702087402
1778635982.824567,229.60212516784668,4589,16625,jpeg,0.04929709434509277
1778635982.8741596,229.65171766281128,4590,16607,jpeg,0.04959249496459961
1778635982.9268193,229.70437741279602,4591,16630,jpeg,0.05265974998474121
1778635982.981286,229.75884413719177,4592,16608,jpeg,0.05446672439575195
1778635983.0264797,229.80403780937195,4593,16605,jpeg,0.04519367218017578
1778635983.0785458,229.85610389709473,4594,16620,jpeg,0.05206608772277832
1778635983.1234252,229.90098333358765,4595,16585,jpeg,0.04487943649291992
1778635983.1776237,229.9551818370819,4596,16612,jpeg,0.054198503494262695
1778635983.2237346,230.0012927055359,4597,16617,jpeg,0.04611086845397949
1778635983.2772052,230.05476331710815,4598,16549,jpeg,0.053470611572265625
1778635983.3255756,230.10313367843628,4599,16220,jpeg,0.048370361328125
1778635983.3748581,230.15241622924805,4600,15564,jpeg,0.04928255081176758
1778635983.4208531,230.19841122627258,4601,14266,jpeg,0.04599499702453613
1778635983.476674,230.25423216819763,4602,13608,jpeg,0.05582094192504883
1778635983.5265303,230.30408835411072,4603,13471,jpeg,0.04985618591308594
1778635983.5760334,230.35359144210815,4604,13456,jpeg,0.04950308799743652
1778635983.6296947,230.4072527885437,4605,13393,jpeg,0.053661346435546875
1778635983.677984,230.45554208755493,4606,13219,jpeg,0.04828929901123047
1778635983.723743,230.50130105018616,4607,13271,jpeg,0.045758962631225586
1778635983.773625,230.5511829853058,4608,14058,jpeg,0.049881935119628906
1778635983.8232837,230.60084176063538,4609,14830,jpeg,0.049658775329589844
1778635983.8753471,230.65290522575378,4610,15182,jpeg,0.0520634651184082
1778635983.924162,230.70171999931335,4611,14731,jpeg,0.04881477355957031
1778635983.9742713,230.75182938575745,4612,15102,jpeg,0.0501093864440918
1778635984.045407,230.82296514511108,4613,15053,jpeg,0.0711357593536377
1778635984.0834734,230.8610315322876,4614,15492,jpeg,0.03806638717651367
1778635984.122287,230.89984512329102,4615,15470,jpeg,0.03881359100341797
1778635984.1729014,230.95045948028564,4616,15346,jpeg,0.050614356994628906
1778635984.2358084,231.01336646080017,4617,14919,jpeg,0.06290698051452637
1778635984.2763996,231.05395770072937,4618,15413,jpeg,0.04059123992919922
1778635984.3358855,231.11344361305237,4619,15187,jpeg,0.05948591232299805
1778635984.3741255,231.15168356895447,4620,15308,jpeg,0.03823995590209961
1778635984.4287782,231.20633625984192,4621,15632,jpeg,0.05465269088745117
1778635984.4751816,231.25273966789246,4622,15652,jpeg,0.04640340805053711
1778635984.5295484,231.30710649490356,4623,15851,jpeg,0.0543668270111084
1778635984.5778182,231.3553762435913,4624,15432,jpeg,0.04826974868774414
1778635984.628487,231.40604519844055,4625,15705,jpeg,0.050668954849243164
1778635984.6798713,231.4574294090271,4626,15931,jpeg,0.05138421058654785
1778635984.7257628,231.5033209323883,4627,15935,jpeg,0.045891523361206055
1778635984.7728598,231.55041790008545,4628,15914,jpeg,0.047096967697143555
1778635984.8260272,231.6035852432251,4629,15896,jpeg,0.05316734313964844
1778635984.87826,231.65581798553467,4630,15932,jpeg,0.05223274230957031
1778635984.9250603,231.7026183605194,4631,15831,jpeg,0.04680037498474121
1778635984.9795215,231.75707960128784,4632,15872,jpeg,0.05446124076843262
1778635985.030744,231.80830216407776,4633,15968,jpeg,0.05122256278991699
1778635985.0733497,231.8509078025818,4634,15853,jpeg,0.04260563850402832
1778635985.1331277,231.91068577766418,4635,15776,jpeg,0.05977797508239746
1778635985.172369,231.9499270915985,4636,15871,jpeg,0.03924131393432617
1778635985.229214,232.0067720413208,4637,15882,jpeg,0.05684494972229004
1778635985.2827237,232.06028175354004,4638,15877,jpeg,0.05350971221923828
1778635985.326974,232.1045320034027,4639,15877,jpeg,0.0442502498626709
1778635985.3939142,232.1714723110199,4640,15900,jpeg,0.0669403076171875
1778635985.4313564,232.20891451835632,4641,15907,jpeg,0.03744220733642578
1778635985.4735487,232.2511067390442,4642,15874,jpeg,0.04219222068786621
1778635985.5213747,232.29893279075623,4643,15902,jpeg,0.04782605171203613
1778635985.574222,232.35178017616272,4644,15911,jpeg,0.05284738540649414
1778635985.625299,232.4028570652008,4645,15880,jpeg,0.05107688903808594
1778635985.6768463,232.45440435409546,4646,15906,jpeg,0.05154728889465332
1778635985.7241626,232.50172066688538,4647,15791,jpeg,0.04731631278991699
1778635985.7749097,232.55246782302856,4648,15817,jpeg,0.05074715614318848
1778635985.8290212,232.60657930374146,4649,15798,jpeg,0.054111480712890625
1778635985.8739471,232.6515052318573,4650,15829,jpeg,0.04492592811584473
1778635985.9280171,232.70557522773743,4651,15907,jpeg,0.05406999588012695
1778635985.9742925,232.751850605011,4652,15899,jpeg,0.04627537727355957
1778635986.025859,232.80341720581055,4653,15833,jpeg,0.05156660079956055
1778635986.07693,232.85448813438416,4654,15923,jpeg,0.0510709285736084
1778635986.1229873,232.90054535865784,4655,15994,jpeg,0.04605722427368164
1778635986.1762803,232.95383834838867,4656,15951,jpeg,0.05329298973083496
1778635986.2246447,233.00220274925232,4657,15790,jpeg,0.04836440086364746
1778635986.2798688,233.05742692947388,4658,15798,jpeg,0.05522418022155762
1778635986.3279564,233.1055145263672,4659,15754,jpeg,0.04808759689331055
1778635986.3791614,233.15671944618225,4660,15798,jpeg,0.05120491981506348
1778635986.433809,233.21136713027954,4661,15803,jpeg,0.05464768409729004
1778635986.4781008,233.25565886497498,4662,15837,jpeg,0.04429173469543457
1778635986.5243542,233.30191230773926,4663,15829,jpeg,0.04625344276428223
1778635986.5779338,233.35549187660217,4664,15889,jpeg,0.05357956886291504
1778635986.6254604,233.40301847457886,4665,15888,jpeg,0.04752659797668457
1778635986.6812758,233.4588339328766,4666,15906,jpeg,0.05581545829772949
1778635986.742967,233.5205249786377,4667,15937,jpeg,0.0616910457611084
1778635986.7884061,233.56596422195435,4668,15855,jpeg,0.04543924331665039
1778635986.8935573,233.67111539840698,4669,15904,jpeg,0.10515117645263672
1778635986.9248312,233.7023892402649,4670,15838,jpeg,0.031273841857910156
1778635986.9698493,233.74740743637085,4671,15838,jpeg,0.04501819610595703
1778635987.048592,233.8261501789093,4672,15828,jpeg,0.07874274253845215
1778635987.0832608,233.86081886291504,4673,15811,jpeg,0.034668684005737305
1778635987.1198063,233.89736437797546,4674,15910,jpeg,0.036545515060424805
1778635987.12648,233.90403819084167,4675,15930,jpeg,0.0066738128662109375
1778635987.180924,233.95848202705383,4676,15927,jpeg,0.0544438362121582
1778635987.2663515,234.04390954971313,4677,15968,jpeg,0.08542752265930176
1778635987.2884965,234.06605458259583,4678,15944,jpeg,0.02214503288269043
1778635987.377923,234.1554811000824,4679,15889,jpeg,0.08942651748657227
1778635987.5020432,234.2796013355255,4680,15862,jpeg,0.12412023544311523
1778635987.5661128,234.34367084503174,4681,15837,jpeg,0.06406950950622559
1778635987.57092,234.34847807884216,4682,15839,jpeg,0.004807233810424805
1778635987.5776591,234.35521721839905,4683,15849,jpeg,0.006739139556884766
1778635987.5818467,234.3594048023224,4684,15859,jpeg,0.004187583923339844
1778635987.6423547,234.419912815094,4685,15860,jpeg,0.060508012771606445
1778635987.671924,234.4494822025299,4686,15880,jpeg,0.029569387435913086
1778635987.7302759,234.50783395767212,4687,15890,jpeg,0.058351755142211914
1778635987.8006196,234.57817769050598,4688,15869,jpeg,0.0703437328338623
1778635987.8316238,234.60918188095093,4689,15858,jpeg,0.03100419044494629
1778635987.911406,234.68896412849426,4690,15840,jpeg,0.07978224754333496
1778635987.950605,234.7281630039215,4691,15850,jpeg,0.039198875427246094
1778635987.9792514,234.75680947303772,4692,15839,jpeg,0.028646469116210938
1778635988.0274708,234.80502891540527,4693,15850,jpeg,0.04821944236755371
1778635988.077955,234.8555130958557,4694,15829,jpeg,0.05048418045043945
1778635988.1229832,234.900541305542,4695,15864,jpeg,0.0450282096862793
1778635988.1706958,234.94825387001038,4696,15860,jpeg,0.04771256446838379
1778635988.2484736,235.0260317325592,4697,15822,jpeg,0.07777786254882812
1778635988.2776582,235.05521631240845,4698,15846,jpeg,0.029184579849243164
1778635988.329539,235.10709714889526,4699,15848,jpeg,0.051880836486816406
1778635988.3751543,235.1527123451233,4700,15850,jpeg,0.045615196228027344
1778635988.427835,235.205393075943,4701,15849,jpeg,0.05268073081970215
1778635988.4773488,235.2549068927765,4702,15832,jpeg,0.049513816833496094
1778635988.5255954,235.30315351486206,4703,15853,jpeg,0.04824662208557129
1778635988.5800517,235.35760974884033,4704,15882,jpeg,0.054456233978271484
1778635988.6267223,235.40428042411804,4705,15847,jpeg,0.04667067527770996
1778635988.69259,235.47014808654785,4706,15856,jpeg,0.06586766242980957
1778635988.7353733,235.5129313468933,4707,15852,jpeg,0.042783260345458984
1778635988.774757,235.55231499671936,4708,15855,jpeg,0.039383649826049805
1778635988.8272889,235.6048469543457,4709,15866,jpeg,0.05253195762634277
1778635988.8757062,235.6532642841339,4710,15857,jpeg,0.04841732978820801
1778635988.9217777,235.69933581352234,4711,15866,jpeg,0.046071529388427734
1778635988.9690228,235.7465808391571,4712,15837,jpeg,0.047245025634765625
1778635989.0269866,235.80454468727112,4713,15822,jpeg,0.05796384811401367
1778635989.0759037,235.85346174240112,4714,15843,jpeg,0.04891705513000488
1778635989.1272414,235.90479946136475,4715,15839,jpeg,0.05133771896362305
1778635989.1713912,235.94894933700562,4716,15833,jpeg,0.04414987564086914
1778635989.2230513,236.00060939788818,4717,15829,jpeg,0.05166006088256836
1778635989.2736585,236.05121660232544,4718,15863,jpeg,0.05060720443725586
1778635989.3243132,236.10187125205994,4719,15865,jpeg,0.05065464973449707
1778635989.377214,236.15477204322815,4720,15851,jpeg,0.05290079116821289
1778635989.426857,236.20441508293152,4721,15813,jpeg,0.04964303970336914
1778635989.4758573,236.25341534614563,4722,15841,jpeg,0.04900026321411133
1778635989.5236075,236.3011655807495,4723,15842,jpeg,0.047750234603881836
1778635989.5722477,236.34980583190918,4724,15828,jpeg,0.04864025115966797
1778635989.62488,236.40243816375732,4725,15843,jpeg,0.05263233184814453
1778635989.6784515,236.45600962638855,4726,15865,jpeg,0.053571462631225586
1778635989.7481365,236.52569460868835,4727,15861,jpeg,0.06968498229980469
1778635989.773213,236.5507709980011,4728,15872,jpeg,0.02507638931274414
1778635989.8297331,236.60729122161865,4729,15860,jpeg,0.05652022361755371
1778635989.8687959,236.64635396003723,4730,15900,jpeg,0.0390627384185791
1778635989.9227984,236.70035648345947,4731,15851,jpeg,0.05400252342224121
1778635989.9701993,236.74775743484497,4732,15851,jpeg,0.04740095138549805
1778635990.038365,236.81592297554016,4733,15841,jpeg,0.06816554069519043
1778635990.073256,236.8508141040802,4734,15872,jpeg,0.03489112854003906
1778635990.1213615,236.89891958236694,4735,15871,jpeg,0.048105478286743164
1778635990.1943989,236.9719569683075,4736,15845,jpeg,0.07303738594055176
1778635990.225535,237.00309300422668,4737,15877,jpeg,0.031136035919189453
1778635990.2742295,237.0517876148224,4738,15883,jpeg,0.048694610595703125
1778635990.3273056,237.10486364364624,4739,15838,jpeg,0.05307602882385254
1778635990.3771682,237.15472626686096,4740,15840,jpeg,0.04986262321472168
1778635990.4287086,237.20626664161682,4741,15844,jpeg,0.051540374755859375
1778635990.4805586,237.25811672210693,4742,15830,jpeg,0.051850080490112305
1778635990.5319781,237.3095362186432,4743,15826,jpeg,0.05141949653625488
1778635990.5737555,237.35131359100342,4744,15827,jpeg,0.04177737236022949
1778635990.637362,237.41492009162903,4745,15874,jpeg,0.06360650062561035
1778635990.6896434,237.46720147132874,4746,15866,jpeg,0.05228137969970703
1778635990.7198102,237.49736833572388,4747,15833,jpeg,0.0301668643951416
1778635990.8125339,237.59009194374084,4748,15835,jpeg,0.09272360801696777
1778635990.8251688,237.60272693634033,4749,15857,jpeg,0.012634992599487305
1778635990.876365,237.65392303466797,4750,15848,jpeg,0.05119609832763672
1778635990.9186647,237.696222782135,4751,15884,jpeg,0.042299747467041016
1778635990.9712648,237.74882292747498,4752,15864,jpeg,0.05260014533996582
1778635991.0194163,237.79697442054749,4753,15830,jpeg,0.048151493072509766
1778635991.0931964,237.87075448036194,4754,15843,jpeg,0.07378005981445312
1778635991.1223316,237.8998897075653,4755,15845,jpeg,0.02913522720336914
1778635991.1759534,237.95351147651672,4756,15853,jpeg,0.053621768951416016
1778635991.2487059,238.02626395225525,4757,15871,jpeg,0.07275247573852539
1778635991.2781272,238.05568528175354,4758,15843,jpeg,0.029421329498291016
1778635991.3251672,238.10272526741028,4759,15853,jpeg,0.04703998565673828
1778635991.3773177,238.15487575531006,4760,15859,jpeg,0.05215048789978027
1778635991.431774,238.20933198928833,4761,15869,jpeg,0.054456233978271484
1778635991.478816,238.25637412071228,4762,15844,jpeg,0.047042131423950195
1778635991.5468822,238.32444024085999,4763,15892,jpeg,0.06806612014770508
1778635991.5711985,238.34875655174255,4764,15864,jpeg,0.02431631088256836
1778635991.627006,238.40456414222717,4765,15876,jpeg,0.05580759048461914
1778635991.696647,238.47420501708984,4766,15854,jpeg,0.0696408748626709
1778635991.7238092,238.50136733055115,4767,15831,jpeg,0.02716231346130371
1778635991.769116,238.54667401313782,4768,15839,jpeg,0.04530668258666992
1778635991.8442082,238.62176632881165,4769,15831,jpeg,0.07509231567382812
1778635991.8735392,238.65109729766846,4770,15847,jpeg,0.029330968856811523
1778635991.923115,238.70067310333252,4771,15865,jpeg,0.0495758056640625
1778635992.0008295,238.7783875465393,4772,15846,jpeg,0.07771444320678711
1778635992.025601,238.80315899848938,4773,15823,jpeg,0.024771451950073242
1778635992.0709813,238.848539352417,4774,15848,jpeg,0.045380353927612305
1778635992.12174,238.89929819107056,4775,15851,jpeg,0.05075883865356445
1778635992.1770127,238.95457077026367,4776,15849,jpeg,0.055272579193115234
1778635992.2244093,239.00196743011475,4777,15858,jpeg,0.04739665985107422
1778635992.287439,239.0649971961975,4778,15828,jpeg,0.06302976608276367
1778635992.3227265,239.10028457641602,4779,15836,jpeg,0.03528738021850586
1778635992.3825257,239.16008377075195,4780,15879,jpeg,0.0597991943359375
1778635992.4213812,239.1989393234253,4781,15845,jpeg,0.038855552673339844
1778635992.47181,239.24936819076538,4782,15861,jpeg,0.05042886734008789
1778635992.5267093,239.30426740646362,4783,15883,jpeg,0.05489921569824219
1778635992.5710714,239.3486294746399,4784,15876,jpeg,0.04436206817626953
1778635992.6223094,239.39986753463745,4785,15864,jpeg,0.051238059997558594
1778635992.6763859,239.4539439678192,4786,15858,jpeg,0.054076433181762695
1778635992.7288866,239.5064446926117,4787,15862,jpeg,0.05250072479248047
1778635992.78219,239.55974817276,4788,15837,jpeg,0.05330348014831543
1778635992.867299,239.64485716819763,4789,15885,jpeg,0.08510899543762207
1778635992.9193287,239.6968867778778,4790,15860,jpeg,0.05202960968017578
1778635992.927877,239.70543503761292,4791,15861,jpeg,0.008548259735107422
1778635992.97907,239.75662803649902,4792,15883,jpeg,0.0511929988861084
1778635993.0332477,239.8108057975769,4793,15848,jpeg,0.05417776107788086
1778635993.0854657,239.86302375793457,4794,15890,jpeg,0.052217960357666016
1778635993.1266034,239.90416145324707,4795,15850,jpeg,0.0411376953125
1778635993.181329,239.95888710021973,4796,15846,jpeg,0.05472564697265625
1778635993.2264624,240.0040204524994,4797,15863,jpeg,0.045133352279663086
1778635993.2744782,240.0520362854004,4798,15856,jpeg,0.04801583290100098
1778635993.3253045,240.10286259651184,4799,15842,jpeg,0.050826311111450195
1778635993.3752759,240.15283393859863,4800,15879,jpeg,0.04997134208679199
1778635993.4267266,240.20428466796875,4801,15831,jpeg,0.05145072937011719
1778635993.4728937,240.2504518032074,4802,15877,jpeg,0.04616713523864746
1778635993.5293128,240.3068709373474,4803,15889,jpeg,0.05641913414001465
1778635993.568451,240.346009016037,4804,15850,jpeg,0.039138078689575195
1778635993.6335719,240.41112995147705,4805,15857,jpeg,0.06512093544006348
1778635993.6736524,240.45121049880981,4806,15852,jpeg,0.04008054733276367
1778635993.7214546,240.49901270866394,4807,15877,jpeg,0.04780220985412598
1778635993.7896998,240.56725788116455,4808,15889,jpeg,0.06824517250061035
1778635993.8285675,240.60612559318542,4809,15867,jpeg,0.03886771202087402
1778635993.887037,240.6645951271057,4810,15890,jpeg,0.058469533920288086
1778635993.9414415,240.71899962425232,4811,15870,jpeg,0.054404497146606445
1778635993.9741569,240.75171494483948,4812,15859,jpeg,0.0327153205871582
1778635994.0319963,240.8095543384552,4813,15863,jpeg,0.057839393615722656
1778635994.0697842,240.84734225273132,4814,15854,jpeg,0.03778791427612305
1778635994.126716,240.9042739868164,4815,15855,jpeg,0.05693173408508301
1778635994.1714666,240.9490246772766,4816,15871,jpeg,0.04475069046020508
1778635994.2443953,241.0219533443451,4817,15879,jpeg,0.07292866706848145
1778635994.2770996,241.0546576976776,4818,15862,jpeg,0.03270435333251953
1778635994.379857,241.15741515159607,4819,15869,jpeg,0.10275745391845703
1778635994.396317,241.17387509346008,4820,15860,jpeg,0.016459941864013672
1778635994.425318,241.20287609100342,4821,15838,jpeg,0.02900099754333496
1778635994.4679637,241.24552178382874,4822,15860,jpeg,0.04264569282531738
1778635994.519991,241.29754900932312,4823,15870,jpeg,0.052027225494384766
1778635994.5723543,241.34991240501404,4824,15849,jpeg,0.05236339569091797
1778635994.6204321,241.3979902267456,4825,15877,jpeg,0.04807782173156738
1778635994.6749876,241.45254564285278,4826,15858,jpeg,0.054555416107177734
1778635994.7224526,241.50001072883606,4827,15865,jpeg,0.04746508598327637
1778635994.7699647,241.54752278327942,4828,15886,jpeg,0.047512054443359375
1778635994.838861,241.61641907691956,4829,15864,jpeg,0.06889629364013672
1778635994.8789685,241.65652656555176,4830,15896,jpeg,0.04010748863220215
1778635994.9265025,241.7040605545044,4831,15854,jpeg,0.04753398895263672
1778635994.9824812,241.7600393295288,4832,15869,jpeg,0.05597877502441406
1778635995.0208228,241.7983808517456,4833,15858,jpeg,0.038341522216796875
1778635995.0679257,241.84548377990723,4834,15863,jpeg,0.047102928161621094
1778635995.117902,241.89546012878418,4835,15874,jpeg,0.049976348876953125
1778635995.177437,241.95499515533447,4836,15866,jpeg,0.05953502655029297
1778635995.218007,241.99556517601013,4837,15872,jpeg,0.04057002067565918
1778635995.270219,242.04777717590332,4838,15872,jpeg,0.05221199989318848
1778635995.3220046,242.0995626449585,4839,15879,jpeg,0.05178546905517578
1778635995.37655,242.15410804748535,4840,15874,jpeg,0.05454540252685547
1778635995.4329908,242.21054887771606,4841,15871,jpeg,0.05644083023071289
1778635995.4793663,242.25692439079285,4842,15853,jpeg,0.04637551307678223
1778635995.5258322,242.3033902645111,4843,15875,jpeg,0.04646587371826172
1778635995.570093,242.34765100479126,4844,15881,jpeg,0.04426074028015137
1778635995.6224346,242.39999270439148,4845,15872,jpeg,0.05234169960021973
1778635995.6756265,242.45318460464478,4846,15860,jpeg,0.0531919002532959
1778635995.7411776,242.51873564720154,4847,15877,jpeg,0.0655510425567627
1778635995.7743897,242.55194783210754,4848,15867,jpeg,0.03321218490600586
1778635995.819398,242.59695601463318,4849,15835,jpeg,0.045008182525634766
1778635995.8857706,242.66332864761353,4850,15818,jpeg,0.06637263298034668
1778635995.9296436,242.70720171928406,4851,15838,jpeg,0.04387307167053223
1778635995.973932,242.75149011611938,4852,15888,jpeg,0.04428839683532715
1778635996.018745,242.79630303382874,4853,15875,jpeg,0.044812917709350586
1778635996.0733743,242.85093235969543,4854,15880,jpeg,0.05462932586669922
1778635996.1188407,242.8963987827301,4855,15891,jpeg,0.04546642303466797
1778635996.1723487,242.9499068260193,4856,15847,jpeg,0.05350804328918457
1778635996.2252862,243.00284433364868,4857,15842,jpeg,0.05293750762939453
1778635996.2740319,243.0515899658203,4858,15834,jpeg,0.04874563217163086
1778635996.3392205,243.11677861213684,4859,15867,jpeg,0.06518864631652832
1778635996.370898,243.14845609664917,4860,15873,jpeg,0.0316774845123291
1778635996.4168336,243.1943917274475,4861,15853,jpeg,0.045935630798339844
1778635996.4888453,243.26640343666077,4862,15850,jpeg,0.07201170921325684
1778635996.5288904,243.30644845962524,4863,15863,jpeg,0.04004502296447754
1778635996.5739238,243.35148191452026,4864,15872,jpeg,0.04503345489501953
1778635996.6289632,243.40652132034302,4865,15834,jpeg,0.055039405822753906
1778635996.68994,243.46749806404114,4866,15823,jpeg,0.06097674369812012
1778635996.730527,243.5080850124359,4867,15857,jpeg,0.04058694839477539
1778635996.7915995,243.56915760040283,4868,15845,jpeg,0.061072587966918945
1778635996.8366876,243.61424565315247,4869,15866,jpeg,0.04508805274963379
1778635996.9006884,243.6782464981079,4870,15883,jpeg,0.06400084495544434
1778635996.941321,243.7188789844513,4871,15857,jpeg,0.04063248634338379
1778635996.981078,243.75863599777222,4872,15861,jpeg,0.03975701332092285
1778635997.018598,243.796156167984,4873,15834,jpeg,0.03752017021179199
1778635997.0804195,243.85797762870789,4874,15855,jpeg,0.06182146072387695
1778635997.1276593,243.9052174091339,4875,15856,jpeg,0.04723978042602539
1778635997.1730814,243.95063948631287,4876,15855,jpeg,0.04542207717895508
1778635997.2203412,243.99789929389954,4877,15874,jpeg,0.04725980758666992
1778635997.2728853,244.0504434108734,4878,15874,jpeg,0.05254411697387695
1778635997.3177812,244.0953392982483,4879,15867,jpeg,0.04489588737487793
1778635997.3752697,244.15282773971558,4880,15871,jpeg,0.057488441467285156
1778635997.4263337,244.2038917541504,4881,15862,jpeg,0.05106401443481445
1778635997.469854,244.24741220474243,4882,15847,jpeg,0.043520450592041016
1778635997.5328565,244.3104145526886,4883,15855,jpeg,0.06300234794616699
1778635997.5762682,244.35382628440857,4884,15823,jpeg,0.0434117317199707
1778635997.6249213,244.4024794101715,4885,15820,jpeg,0.04865312576293945
1778635997.6736233,244.45118141174316,4886,15856,jpeg,0.04870200157165527
1778635997.7269287,244.5044867992401,4887,15833,jpeg,0.05330538749694824
1778635997.7667422,244.54430031776428,4888,15862,jpeg,0.03981351852416992
1778635997.8203,244.5978581905365,4889,15865,jpeg,0.0535578727722168
1778635997.8686833,244.6462414264679,4890,15852,jpeg,0.048383235931396484
1778635997.9179773,244.69553542137146,4891,15845,jpeg,0.04929399490356445
1778635997.9817512,244.7593092918396,4892,15852,jpeg,0.06377387046813965
1778635998.0213816,244.79893970489502,4893,15857,jpeg,0.03963041305541992
1778635998.0690105,244.84656858444214,4894,15834,jpeg,0.04762887954711914
1778635998.130315,244.90787315368652,4895,15845,jpeg,0.061304569244384766
1778635998.1712794,244.94883751869202,4896,15827,jpeg,0.040964365005493164
1778635998.2189648,244.99652290344238,4897,15862,jpeg,0.04768538475036621
1778635998.2788253,245.05638337135315,4898,15880,jpeg,0.0598604679107666
1778635998.3224595,245.10001754760742,4899,15886,jpeg,0.04363417625427246
1778635998.3689425,245.14650058746338,4900,15873,jpeg,0.04648303985595703
1778635998.4200482,245.19760632514954,4901,15869,jpeg,0.05110573768615723
1778635998.4737694,245.25132751464844,4902,15844,jpeg,0.05372118949890137
1778635998.5237343,245.3012924194336,4903,15850,jpeg,0.04996490478515625
1778635998.5829031,245.3604612350464,4904,15848,jpeg,0.05916881561279297
1778635998.623769,245.4013271331787,4905,15856,jpeg,0.04086589813232422
1778635998.677994,245.45555210113525,4906,15847,jpeg,0.05422496795654297
1778635998.7381816,245.51573967933655,4907,15853,jpeg,0.060187578201293945
1778635998.7729936,245.55055165290833,4908,15879,jpeg,0.034811973571777344
1778635998.8195436,245.597101688385,4909,15850,jpeg,0.04655003547668457
1778635998.8856344,245.66319251060486,4910,15860,jpeg,0.06609082221984863
1778635998.9200833,245.69764137268066,4911,15855,jpeg,0.034448862075805664
1778635998.9697807,245.74733877182007,4912,15853,jpeg,0.0496973991394043
1778635999.031589,245.8091471195221,4913,15870,jpeg,0.06180834770202637
1778635999.0744839,245.85204195976257,4914,15875,jpeg,0.042894840240478516
1778635999.1293406,245.90689873695374,4915,15838,jpeg,0.05485677719116211
1778635999.1855452,245.96310329437256,4916,15862,jpeg,0.05620455741882324
1778635999.228706,246.00626397132874,4917,15841,jpeg,0.04316067695617676
1778635999.2911108,246.06866884231567,4918,15849,jpeg,0.06240487098693848
1778635999.330926,246.1084840297699,4919,15810,jpeg,0.03981518745422363
1778635999.3738544,246.15141248703003,4920,15867,jpeg,0.042928457260131836
1778635999.4176292,246.19518733024597,4921,15841,jpeg,0.04377484321594238
1778635999.500746,246.27830410003662,4922,15836,jpeg,0.08311676979064941
1778635999.5261953,246.30375337600708,4923,15869,jpeg,0.025449275970458984
1778635999.5722995,246.34985756874084,4924,15856,jpeg,0.04610419273376465
1778635999.617002,246.39456009864807,4925,15859,jpeg,0.04470252990722656
1778635999.6750445,246.4526026248932,4926,15837,jpeg,0.05804252624511719
1778635999.7237506,246.5013086795807,4927,15846,jpeg,0.0487060546875
1778635999.7757008,246.55325889587402,4928,15847,jpeg,0.05195021629333496
1778635999.8203402,246.5978982448578,4929,15827,jpeg,0.04463934898376465
1778635999.867679,246.64523720741272,4930,15828,jpeg,0.04733896255493164
1778635999.9246392,246.70219731330872,4931,15851,jpeg,0.056960105895996094
1778635999.9697247,246.74728274345398,4932,15849,jpeg,0.04508543014526367
1778636000.024856,246.80241417884827,4933,15851,jpeg,0.05513143539428711
1778636000.0685852,246.84614324569702,4934,15867,jpeg,0.04372906684875488
1778636000.118746,246.8963041305542,4935,15861,jpeg,0.050160884857177734
1778636000.1725912,246.95014929771423,4936,15843,jpeg,0.05384516716003418
1778636000.2383947,247.01595282554626,4937,15841,jpeg,0.06580352783203125
1778636000.2703996,247.0479576587677,4938,15870,jpeg,0.03200483322143555
1778636000.317805,247.0953631401062,4939,15865,jpeg,0.04740548133850098
1778636000.3758554,247.15341353416443,4940,15877,jpeg,0.05805039405822754
1778636000.4198267,247.19738483428955,4941,15864,jpeg,0.04397130012512207
1778636000.4696436,247.24720168113708,4942,15875,jpeg,0.04981684684753418
1778636000.5440233,247.32158136367798,4943,15823,jpeg,0.07437968254089355
1778636000.5695572,247.34711527824402,4944,15851,jpeg,0.02553391456604004
1778636000.622644,247.40020203590393,4945,15865,jpeg,0.05308675765991211
1778636000.689797,247.46735501289368,4946,15843,jpeg,0.0671529769897461
1778636000.7224526,247.50001072883606,4947,15845,jpeg,0.03265571594238281
1778636000.7737963,247.55135440826416,4948,15890,jpeg,0.051343679428100586
1778636000.8224895,247.6000475883484,4949,15875,jpeg,0.048693180084228516
1778636000.8701584,247.6477165222168,4950,15895,jpeg,0.0476689338684082
1778636000.9248636,247.70242166519165,4951,15838,jpeg,0.054705142974853516
1778636000.9684153,247.74597334861755,4952,15843,jpeg,0.04355168342590332
1778636001.0220811,247.7996392250061,4953,15858,jpeg,0.053665876388549805
1778636001.0707853,247.84834337234497,4954,15866,jpeg,0.04870414733886719
1778636001.1174104,247.89496850967407,4955,15851,jpeg,0.04662513732910156
1778636001.1777747,247.95533275604248,4956,15838,jpeg,0.0603642463684082
1778636001.220176,247.99773406982422,4957,15846,jpeg,0.04240131378173828
1778636001.2694826,248.04704070091248,4958,15851,jpeg,0.049306631088256836
1778636001.3228552,248.10041332244873,4959,15866,jpeg,0.05337262153625488
1778636001.3724737,248.15003180503845,4960,15830,jpeg,0.04961848258972168
1778636001.4228988,248.20045685768127,4961,15863,jpeg,0.050425052642822266
1778636001.4678042,248.24536228179932,4962,15850,jpeg,0.04490542411804199
1778636001.5271032,248.3046612739563,4963,15862,jpeg,0.05929899215698242
1778636001.584835,248.36239314079285,4964,15866,jpeg,0.05773186683654785
1778636001.618438,248.39599609375,4965,15872,jpeg,0.03360295295715332
1778636001.664944,248.44250202178955,4966,15883,jpeg,0.04650592803955078
1778636001.73205,248.5096080303192,4967,15848,jpeg,0.06710600852966309
1778636001.7694283,248.54698634147644,4968,15887,jpeg,0.03737831115722656
1778636001.8675082,248.6450662612915,4969,15909,jpeg,0.09807991981506348
1778636001.9003968,248.67795491218567,4970,15914,jpeg,0.03288865089416504
1778636001.925339,248.70289707183838,4971,15882,jpeg,0.02494215965270996
1778636001.9681506,248.74570870399475,4972,15889,jpeg,0.04281163215637207
1778636002.01843,248.79598808288574,4973,15900,jpeg,0.05027937889099121
1778636002.0716906,248.84924864768982,4974,15902,jpeg,0.05326056480407715
1778636002.1189086,248.89646673202515,4975,15883,jpeg,0.04721808433532715
1778636002.1706388,248.94819688796997,4976,15884,jpeg,0.05173015594482422
1778636002.2203617,248.99791979789734,4977,15858,jpeg,0.049722909927368164
1778636002.271271,249.04882907867432,4978,15877,jpeg,0.05090928077697754
1778636002.3216863,249.0992443561554,4979,15852,jpeg,0.0504152774810791
1778636002.3716917,249.149249792099,4980,15857,jpeg,0.050005435943603516
1778636002.42208,249.19963812828064,4981,15660,jpeg,0.050388336181640625
1778636002.4678473,249.24540543556213,4982,15729,jpeg,0.04576730728149414
1778636002.5255766,249.3031346797943,4983,15638,jpeg,0.057729244232177734
1778636002.5656848,249.34324288368225,4984,15447,jpeg,0.04010820388793945
1778636002.6347613,249.4123194217682,4985,15831,jpeg,0.0690765380859375
1778636002.6700368,249.44759488105774,4986,15698,jpeg,0.03527545928955078
1778636002.7159622,249.49352025985718,4987,15662,jpeg,0.04592537879943848
1778636002.7714114,249.5489695072174,4988,15753,jpeg,0.05544924736022949
1778636002.8242338,249.6017918586731,4989,15766,jpeg,0.05282235145568848
1778636002.8658266,249.6433846950531,4990,15855,jpeg,0.04159283638000488
1778636002.9155374,249.69309544563293,4991,15827,jpeg,0.049710750579833984
1778636002.9686122,249.7461702823639,4992,15927,jpeg,0.05307483673095703
1778636003.016942,249.79450011253357,4993,15853,jpeg,0.048329830169677734
1778636003.0735755,249.8511335849762,4994,15848,jpeg,0.05663347244262695
1778636003.1187627,249.89632081985474,4995,15796,jpeg,0.04518723487854004
1778636003.167371,249.9449291229248,4996,15370,jpeg,0.04860830307006836
1778636003.2161343,249.9936923980713,4997,15708,jpeg,0.048763275146484375
1778636003.2692242,250.04678225517273,4998,15831,jpeg,0.05308985710144043
1778636003.3189754,250.096533536911,4999,15904,jpeg,0.04975128173828125
1778636003.3736842,250.15124225616455,5000,15932,jpeg,0.05470871925354004
1778636003.4177902,250.19534826278687,5001,15916,jpeg,0.04410600662231445
1778636003.4732642,250.25082230567932,5002,16003,jpeg,0.055474042892456055
1778636003.516102,250.2936601638794,5003,16030,jpeg,0.04283785820007324
1778636003.5745497,250.3521077632904,5004,15977,jpeg,0.05844759941101074
1778636003.616115,250.3936731815338,5005,15840,jpeg,0.0415654182434082
1778636003.6671782,250.4447362422943,5006,15855,jpeg,0.05106306076049805
1778636003.7192845,250.49684262275696,5007,15809,jpeg,0.052106380462646484
1778636003.7733731,250.55093121528625,5008,15866,jpeg,0.054088592529296875
1778636003.821873,250.59943103790283,5009,15928,jpeg,0.04849982261657715
1778636003.8798988,250.6574568748474,5010,15935,jpeg,0.05802583694458008
1778636003.9198575,250.69741559028625,5011,15925,jpeg,0.03995871543884277
1778636003.9723694,250.74992752075195,5012,15986,jpeg,0.05251193046569824
1778636004.0248764,250.8024344444275,5013,16009,jpeg,0.05250692367553711
1778636004.0666497,250.84420776367188,5014,16031,jpeg,0.041773319244384766
1778636004.1171322,250.89469027519226,5015,16021,jpeg,0.05048251152038574
1778636004.1666906,250.94424867630005,5016,15951,jpeg,0.049558401107788086
1778636004.2159462,250.99350428581238,5017,15915,jpeg,0.0492556095123291
1778636004.2714374,251.04899549484253,5018,16036,jpeg,0.05549120903015137
1778636004.323082,251.10064005851746,5019,15973,jpeg,0.05164456367492676
1778636004.3660147,251.143572807312,5020,16032,jpeg,0.042932748794555664
1778636004.4164295,251.19398760795593,5021,16041,jpeg,0.0504148006439209
1778636004.4693916,251.24694967269897,5022,16023,jpeg,0.05296206474304199
1778636004.5226038,251.3001618385315,5023,16031,jpeg,0.05321216583251953
1778636004.5770736,251.35463166236877,5024,16029,jpeg,0.05446982383728027
1778636004.6197407,251.3972988128662,5025,15979,jpeg,0.04266715049743652
1778636004.6653776,251.44293570518494,5026,15924,jpeg,0.045636892318725586
1778636004.7146404,251.49219846725464,5027,15954,jpeg,0.04926276206970215
1778636004.7735646,251.55112266540527,5028,15925,jpeg,0.058924198150634766
1778636004.818083,251.59564113616943,5029,15936,jpeg,0.044518470764160156
1778636004.8689258,251.64648389816284,5030,15884,jpeg,0.0508427619934082
1778636004.919337,251.69689512252808,5031,15892,jpeg,0.050411224365234375
1778636004.9685328,251.74609088897705,5032,15917,jpeg,0.04919576644897461
1778636005.0187478,251.79630589485168,5033,15872,jpeg,0.05021500587463379
1778636005.076855,251.85441303253174,5034,15893,jpeg,0.05810713768005371
1778636005.1184616,251.89601969718933,5035,15967,jpeg,0.04160666465759277
1778636005.1694472,251.94700527191162,5036,15949,jpeg,0.05098557472229004
1778636005.2219722,251.99953031539917,5037,15912,jpeg,0.05252504348754883
1778636005.2687452,252.04630327224731,5038,16005,jpeg,0.04677295684814453
1778636005.3192,252.09675812721252,5039,15992,jpeg,0.05045485496520996
1778636005.3719966,252.14955472946167,5040,16000,jpeg,0.05279660224914551
1778636005.4224033,252.1999614238739,5041,16003,jpeg,0.050406694412231445
1778636005.472774,252.2503321170807,5042,15988,jpeg,0.05037069320678711
1778636005.5221093,252.29966735839844,5043,15983,jpeg,0.04933524131774902
1778636005.5681212,252.3456792831421,5044,15940,jpeg,0.046011924743652344
1778636005.624849,252.40240716934204,5045,15904,jpeg,0.05672788619995117
1778636005.6668625,252.44442057609558,5046,15892,jpeg,0.04201340675354004
1778636005.7248697,252.502427816391,5047,15912,jpeg,0.058007240295410156
1778636005.771566,252.54912400245667,5048,15919,jpeg,0.04669618606567383
1778636005.8193502,252.59690833091736,5049,15923,jpeg,0.04778432846069336
1778636005.8679454,252.64550352096558,5050,15933,jpeg,0.04859519004821777
1778636005.9207165,252.69827461242676,5051,15949,jpeg,0.05277109146118164
1778636005.9724538,252.75001192092896,5052,15931,jpeg,0.051737308502197266
1778636006.0233052,252.8008632659912,5053,15951,jpeg,0.05085134506225586
1778636006.0666335,252.8441915512085,5054,15953,jpeg,0.043328285217285156
1778636006.117996,252.89555406570435,5055,15929,jpeg,0.05136251449584961
1778636006.1663535,252.9439115524292,5056,15951,jpeg,0.048357486724853516
1778636006.215248,252.99280619621277,5057,15961,jpeg,0.048894643783569336
1778636006.267841,253.04539918899536,5058,15986,jpeg,0.05259299278259277
1778636006.3152964,253.0928544998169,5059,15961,jpeg,0.0474553108215332
1778636006.3660762,253.14363431930542,5060,15940,jpeg,0.05077981948852539
1778636006.4178834,253.1954414844513,5061,15929,jpeg,0.05180716514587402
1778636006.4667075,253.24426555633545,5062,15905,jpeg,0.04882407188415527
1778636006.5176415,253.29519963264465,5063,15870,jpeg,0.0509340763092041
1778636006.5690906,253.34664869308472,5064,15814,jpeg,0.05144906044006348
1778636006.6192846,253.3968427181244,5065,15949,jpeg,0.05019402503967285
1778636006.6682987,253.4458568096161,5066,15953,jpeg,0.04901409149169922
1778636006.7224858,253.50004386901855,5067,15948,jpeg,0.05418705940246582
1778636006.772345,253.54990315437317,5068,15940,jpeg,0.04985928535461426
1778636006.8192084,253.5967664718628,5069,15973,jpeg,0.04686331748962402
1778636006.8730288,253.6505868434906,5070,15984,jpeg,0.05382037162780762
1778636006.9229841,253.7005422115326,5071,16009,jpeg,0.04995536804199219
1778636006.9705575,253.74811553955078,5072,15989,jpeg,0.04757332801818848
1778636007.020896,253.7984540462494,5073,15985,jpeg,0.0503385066986084
1778636007.065879,253.84343719482422,5074,15913,jpeg,0.0449831485748291
1778636007.1148753,253.89243340492249,5075,15901,jpeg,0.0489962100982666
1778636007.175571,253.95312905311584,5076,15948,jpeg,0.060695648193359375
1778636007.2170815,253.99463963508606,5077,15982,jpeg,0.041510581970214844
1778636007.266049,254.04360699653625,5078,15950,jpeg,0.04896736145019531
1778636007.3172326,254.09479069709778,5079,15875,jpeg,0.05118370056152344
1778636007.367275,254.14483308792114,5080,15943,jpeg,0.05004239082336426
1778636007.4233677,254.20092582702637,5081,15907,jpeg,0.05609273910522461
1778636007.477105,254.25466299057007,5082,15991,jpeg,0.05373716354370117
1778636007.5239859,254.30154395103455,5083,15990,jpeg,0.04688096046447754
1778636007.5712605,254.34881854057312,5084,15937,jpeg,0.04727458953857422
1778636007.616631,254.394189119339,5085,15962,jpeg,0.04537057876586914
1778636007.673578,254.45113611221313,5086,15957,jpeg,0.05694699287414551
1778636007.7152731,254.49283123016357,5087,16018,jpeg,0.04169511795043945
1778636007.772914,254.5504720211029,5088,16007,jpeg,0.057640790939331055
1778636007.8225932,254.6001513004303,5089,15987,jpeg,0.04967927932739258
1778636007.8699822,254.64754033088684,5090,15969,jpeg,0.04738903045654297
1778636007.9177053,254.6952633857727,5091,15988,jpeg,0.04772305488586426
1778636007.9699383,254.74749636650085,5092,15977,jpeg,0.052232980728149414
1778636008.020136,254.7976942062378,5093,16007,jpeg,0.05019783973693848
1778636008.0714602,254.8490183353424,5094,15981,jpeg,0.05132412910461426
1778636008.1199772,254.89753532409668,5095,16010,jpeg,0.04851698875427246
1778636008.1647456,254.94230365753174,5096,16028,jpeg,0.044768333435058594
1778636008.2175927,254.99515080451965,5097,15987,jpeg,0.05284714698791504
1778636008.2646844,255.04224252700806,5098,16024,jpeg,0.04709172248840332
1778636008.3154697,255.0930278301239,5099,16014,jpeg,0.05078530311584473
1778636008.37202,255.14957809448242,5100,15993,jpeg,0.05655026435852051
1778636008.4150877,255.19264578819275,5101,16009,jpeg,0.04306769371032715
1778636008.464895,255.24245309829712,5102,16000,jpeg,0.04980731010437012
1778636008.5212226,255.29878067970276,5103,16012,jpeg,0.05632758140563965
1778636008.5684328,255.34599089622498,5104,16002,jpeg,0.0472102165222168
1778636008.6179433,255.39550137519836,5105,16032,jpeg,0.04951047897338867
1778636008.670016,255.44757413864136,5106,16037,jpeg,0.052072763442993164
1778636008.717066,255.49462413787842,5107,15980,jpeg,0.04704999923706055
1778636008.7703953,255.54795336723328,5108,16004,jpeg,0.0533292293548584
1778636008.8219361,255.5994942188263,5109,16010,jpeg,0.05154085159301758
1778636008.8677208,255.64527893066406,5110,16048,jpeg,0.045784711837768555
1778636008.9151182,255.69267630577087,5111,16026,jpeg,0.04739737510681152
1778636008.9775293,255.75508737564087,5112,16028,jpeg,0.06241106986999512
1778636009.0195837,255.79714179039001,5113,16021,jpeg,0.04205441474914551
1778636009.0670502,255.84460830688477,5114,16010,jpeg,0.04746651649475098
1778636009.1535664,255.93112444877625,5115,16027,jpeg,0.08651614189147949
1778636009.1776736,255.95523166656494,5116,16034,jpeg,0.02410721778869629
1778636009.2189589,255.9965169429779,5117,16005,jpeg,0.04128527641296387
1778636009.2808006,256.058358669281,5118,16022,jpeg,0.061841726303100586
1778636009.3323972,256.10995531082153,5119,16031,jpeg,0.051596641540527344
1778636009.3954198,256.1729779243469,5120,16036,jpeg,0.06302261352539062
1778636009.4262774,256.2038354873657,5121,16004,jpeg,0.030857563018798828
1778636009.4766903,256.254248380661,5122,15990,jpeg,0.050412893295288086
1778636009.513815,256.2913730144501,5123,16024,jpeg,0.0371246337890625
1778636009.571925,256.3494830131531,5124,16019,jpeg,0.05810999870300293
1778636009.618157,256.39571499824524,5125,16022,jpeg,0.046231985092163086
1778636009.6639366,256.44149470329285,5126,16033,jpeg,0.04577970504760742
1778636009.7184653,256.49602341651917,5127,15971,jpeg,0.05452871322631836
1778636009.7677646,256.54532265663147,5128,15997,jpeg,0.04929924011230469
1778636009.8213053,256.598863363266,5129,16041,jpeg,0.053540706634521484
1778636009.8676322,256.64519023895264,5130,15998,jpeg,0.04632687568664551
1778636009.9204352,256.6979932785034,5131,16007,jpeg,0.05280303955078125
1778636009.969112,256.7466700077057,5132,16010,jpeg,0.04867672920227051
1778636010.0205393,256.79809737205505,5133,15998,jpeg,0.051427364349365234
1778636010.0693512,256.8469092845917,5134,16020,jpeg,0.048811912536621094
1778636010.1278217,256.9053797721863,5135,15994,jpeg,0.05847048759460449
1778636010.1702902,256.9478483200073,5136,16023,jpeg,0.04246854782104492
1778636010.214338,256.99189615249634,5137,16008,jpeg,0.04404783248901367
1778636010.273393,257.0509510040283,5138,16011,jpeg,0.05905485153198242
1778636010.3230715,257.1006295681,5139,16006,jpeg,0.04967856407165527
1778636010.364234,257.1417920589447,5140,16004,jpeg,0.04116249084472656
1778636010.4142437,257.19180178642273,5141,16006,jpeg,0.050009727478027344
1778636010.4663978,257.2439558506012,5142,15975,jpeg,0.0521540641784668
1778636010.5147302,257.29228830337524,5143,16003,jpeg,0.04833245277404785
1778636010.5647259,257.3422839641571,5144,15982,jpeg,0.04999566078186035
1778636010.6181073,257.3956654071808,5145,15989,jpeg,0.05338144302368164
1778636010.6672187,257.44477677345276,5146,16015,jpeg,0.049111366271972656
1778636010.7150793,257.49263739585876,5147,15998,jpeg,0.04786062240600586
1778636010.7678084,257.54536652565,5148,15993,jpeg,0.052729129791259766
1778636010.8209643,257.5985224246979,5149,16000,jpeg,0.05315589904785156
1778636010.8649423,257.6425004005432,5150,16032,jpeg,0.043977975845336914
1778636010.9189584,257.69651651382446,5151,15999,jpeg,0.05401611328125
1778636010.9688232,257.7463812828064,5152,15970,jpeg,0.049864768981933594
1778636011.016864,257.7944221496582,5153,15988,jpeg,0.04804086685180664
1778636011.0889912,257.86654925346375,5154,15986,jpeg,0.07212710380554199
1778636011.1242738,257.90183186531067,5155,15993,jpeg,0.03528261184692383
1778636011.2085574,257.98611545562744,5156,16007,jpeg,0.08428359031677246
1778636011.2552269,258.03278493881226,5157,16017,jpeg,0.04666948318481445
1778636011.301576,258.07913398742676,5158,15984,jpeg,0.04634904861450195
1778636011.366494,258.144052028656,5159,16028,jpeg,0.06491804122924805
1778636011.3730943,258.15065240859985,5160,16026,jpeg,0.006600379943847656
1778636011.420853,258.198410987854,5161,16029,jpeg,0.04775857925415039
1778636011.4752457,258.25280380249023,5162,16006,jpeg,0.05439281463623047
1778636011.5179513,258.2955093383789,5163,16026,jpeg,0.042705535888671875
1778636011.5848231,258.3623812198639,5164,16026,jpeg,0.06687188148498535
1778636011.6240773,258.4016354084015,5165,15988,jpeg,0.039254188537597656
1778636011.6670282,258.44458627700806,5166,16012,jpeg,0.04295086860656738
1778636011.719536,258.4970941543579,5167,16024,jpeg,0.052507877349853516
1778636011.7664855,258.5440435409546,5168,16020,jpeg,0.04694938659667969
1778636011.8235457,258.6011037826538,5169,16009,jpeg,0.05706024169921875
1778636011.8730147,258.65057277679443,5170,16006,jpeg,0.049468994140625
1778636011.9159207,258.69347882270813,5171,16016,jpeg,0.04290604591369629
1778636011.9733179,258.7508759498596,5172,16011,jpeg,0.05739712715148926
1778636012.0208364,258.7983944416046,5173,16010,jpeg,0.04751849174499512
1778636012.066872,258.8444299697876,5174,16020,jpeg,0.0460355281829834
1778636012.1174357,258.89499378204346,5175,16014,jpeg,0.050563812255859375
1778636012.1928768,258.9704349040985,5176,16021,jpeg,0.07544112205505371
1778636012.2174394,258.9949975013733,5177,16007,jpeg,0.024562597274780273
1778636012.2678006,259.0453586578369,5178,16012,jpeg,0.05036115646362305
1778636012.3158443,259.09340238571167,5179,16000,jpeg,0.04804372787475586
1778636012.3704283,259.14798641204834,5180,16008,jpeg,0.05458402633666992
1778636012.4211912,259.19874930381775,5181,16002,jpeg,0.05076289176940918
1778636012.4662886,259.24384665489197,5182,16016,jpeg,0.04509735107421875
1778636012.5150356,259.2925937175751,5183,16010,jpeg,0.04874706268310547
1778636012.5669794,259.3445374965668,5184,15988,jpeg,0.05194377899169922
1778636012.6169455,259.3945035934448,5185,16001,jpeg,0.04996609687805176
1778636012.668646,259.44620418548584,5186,16042,jpeg,0.051700592041015625
1778636012.722715,259.50027298927307,5187,15988,jpeg,0.054068803787231445
1778636012.768803,259.54636096954346,5188,15991,jpeg,0.04608798027038574
1778636012.8200698,259.5976278781891,5189,15986,jpeg,0.05126690864562988
1778636012.8659234,259.6434814929962,5190,16050,jpeg,0.045853614807128906
1778636012.9170604,259.69461846351624,5191,16039,jpeg,0.05113697052001953
1778636012.965587,259.7431449890137,5192,16030,jpeg,0.04852652549743652
1778636013.0178146,259.7953727245331,5193,16039,jpeg,0.05222773551940918
1778636013.0712597,259.8488178253174,5194,16023,jpeg,0.05344510078430176
1778636013.1311355,259.9086935520172,5195,16034,jpeg,0.0598757266998291
1778636013.1687808,259.94633889198303,5196,16020,jpeg,0.03764533996582031
1778636013.287344,260.06490206718445,5197,16017,jpeg,0.11856317520141602
1778636013.3208115,260.0983695983887,5198,16008,jpeg,0.03346753120422363
1778636013.3792627,260.15682077407837,5199,16045,jpeg,0.058451175689697266
1778636013.4134324,260.19099044799805,5200,16074,jpeg,0.034169673919677734
1778636013.5365977,260.31415581703186,5201,16098,jpeg,0.12316536903381348
1778636013.549913,260.3274710178375,5202,16079,jpeg,0.013315200805664062
1778636013.5675418,260.3450999259949,5203,16056,jpeg,0.017628908157348633
1778636013.6203005,260.39785861968994,5204,15990,jpeg,0.05275869369506836
1778636013.6645105,260.44206857681274,5205,15958,jpeg,0.044209957122802734
1778636013.7209432,260.49850130081177,5206,15962,jpeg,0.05643272399902344
1778636013.7687664,260.54632449150085,5207,15968,jpeg,0.047823190689086914
1778636013.818882,260.596440076828,5208,15957,jpeg,0.05011558532714844
1778636013.866542,260.644100189209,5209,15986,jpeg,0.047660112380981445
1778636013.9199827,260.6975407600403,5210,15963,jpeg,0.05344057083129883
1778636013.9653704,260.74292850494385,5211,15974,jpeg,0.04538774490356445
1778636014.0192888,260.79684686660767,5212,15963,jpeg,0.05391836166381836
1778636014.0660095,260.843567609787,5213,15974,jpeg,0.04672074317932129
1778636014.1137505,260.8913085460663,5214,15951,jpeg,0.047740936279296875
1778636014.163104,260.9406621456146,5215,15956,jpeg,0.049353599548339844
1778636014.2151723,260.9927303791046,5216,15977,jpeg,0.052068233489990234
1778636014.26265,261.0402081012726,5217,15974,jpeg,0.04747772216796875
1778636014.3177402,261.0952982902527,5218,15957,jpeg,0.05509018898010254
1778636014.3710613,261.14861941337585,5219,15973,jpeg,0.053321123123168945
1778636014.414596,261.19215416908264,5220,15928,jpeg,0.04353475570678711
1778636014.468635,261.2461931705475,5221,15946,jpeg,0.05403900146484375
1778636014.522088,261.2996461391449,5222,15989,jpeg,0.05345296859741211
1778636014.5646005,261.3421585559845,5223,15943,jpeg,0.04251241683959961
1778636014.6144261,261.39198422431946,5224,15958,jpeg,0.04982566833496094
1778636014.6702769,261.4478349685669,5225,15959,jpeg,0.05585074424743652
1778636014.7134922,261.4910502433777,5226,15955,jpeg,0.043215274810791016
1778636014.7651339,261.54269194602966,5227,15955,jpeg,0.05164170265197754
1778636014.815604,261.59316205978394,5228,15968,jpeg,0.05047011375427246
1778636014.8639104,261.64146852493286,5229,15926,jpeg,0.04830646514892578
1778636014.915433,261.6929910182953,5230,15953,jpeg,0.05152249336242676
1778636014.9652398,261.7427978515625,5231,15945,jpeg,0.049806833267211914
1778636015.0133967,261.79095482826233,5232,15954,jpeg,0.0481569766998291
1778636015.0684192,261.84597730636597,5233,15966,jpeg,0.055022478103637695
1778636015.1152966,261.89285469055176,5234,15963,jpeg,0.046877384185791016
1778636015.163889,261.941447019577,5235,15956,jpeg,0.048592329025268555
1778636015.2140687,261.99162673950195,5236,15978,jpeg,0.05017971992492676
1778636015.2664402,262.04399824142456,5237,15996,jpeg,0.05237150192260742
1778636015.326833,262.10439109802246,5238,15998,jpeg,0.06039285659790039
1778636015.3683295,262.1458876132965,5239,15991,jpeg,0.04149651527404785
1778636015.420441,262.1979990005493,5240,15973,jpeg,0.05211138725280762
1778636015.4716017,262.24915981292725,5241,15958,jpeg,0.05116081237792969
1778636015.5154905,262.293048620224,5242,15968,jpeg,0.04388880729675293
1778636015.5648823,262.342440366745,5243,15973,jpeg,0.049391746520996094
1778636015.6196046,262.39716267585754,5244,15953,jpeg,0.05472230911254883
1778636015.6706667,262.4482247829437,5245,15957,jpeg,0.05106210708618164
1778636015.718314,262.49587202072144,5246,15982,jpeg,0.04764723777770996
1778636015.7669084,262.5444664955139,5247,15978,jpeg,0.04859447479248047
1778636015.8180406,262.59559869766235,5248,15970,jpeg,0.0511322021484375
1778636015.86595,262.6435081958771,5249,15968,jpeg,0.04790949821472168
1778636015.9124582,262.69001626968384,5250,15949,jpeg,0.046508073806762695
1778636015.9632008,262.740758895874,5251,15950,jpeg,0.05074262619018555
1778636016.022578,262.80013608932495,5252,15984,jpeg,0.059377193450927734
1778636016.0678747,262.8454327583313,5253,15976,jpeg,0.045296669006347656
1778636016.1170304,262.894588470459,5254,15969,jpeg,0.04915571212768555
1778636016.166433,262.9439911842346,5255,15952,jpeg,0.049402713775634766
1778636016.212401,262.98995900154114,5256,15953,jpeg,0.045967817306518555
1778636016.2673037,263.04486179351807,5257,15957,jpeg,0.05490279197692871
1778636016.3178837,263.0954418182373,5258,15948,jpeg,0.05058002471923828
1778636016.3677363,263.1452944278717,5259,15982,jpeg,0.049852609634399414
1778636016.4125628,263.19012093544006,5260,15982,jpeg,0.044826507568359375
1778636016.4667547,263.2443127632141,5261,15978,jpeg,0.05419182777404785
1778636016.5123787,263.28993678092957,5262,15965,jpeg,0.0456240177154541
1778636016.564043,263.34160113334656,5263,16004,jpeg,0.05166435241699219
1778636016.6207721,263.3983302116394,5264,15987,jpeg,0.05672907829284668
1778636016.6653824,263.4429404735565,5265,15968,jpeg,0.04461026191711426
1778636016.718673,263.49623107910156,5266,15990,jpeg,0.053290605545043945
1778636016.7667387,263.5442967414856,5267,15977,jpeg,0.0480656623840332
1778636016.8139322,263.5914902687073,5268,15974,jpeg,0.04719352722167969
1778636016.8685863,263.6461443901062,5269,15950,jpeg,0.05465412139892578
1778636016.9183033,263.6958613395691,5270,15980,jpeg,0.049716949462890625
1778636016.9644303,263.74198842048645,5271,15951,jpeg,0.0461270809173584
1778636017.0121932,263.789751291275,5272,16005,jpeg,0.04776287078857422
1778636017.067627,263.8451850414276,5273,15975,jpeg,0.05543375015258789
1778636017.1135528,263.8911108970642,5274,15972,jpeg,0.04592585563659668
1778636017.1627731,263.94033122062683,5275,15965,jpeg,0.04922032356262207
1778636017.2164812,263.9940392971039,5276,15964,jpeg,0.05370807647705078
1778636017.2641122,264.0416703224182,5277,15964,jpeg,0.047631025314331055
1778636017.3128998,264.09045791625977,5278,15990,jpeg,0.048787593841552734
1778636017.3695078,264.14706587791443,5279,15962,jpeg,0.056607961654663086
1778636017.4145567,264.1921148300171,5280,15968,jpeg,0.04504895210266113
1778636017.4628391,264.2403972148895,5281,15979,jpeg,0.04828238487243652
1778636017.5160167,264.2935748100281,5282,15973,jpeg,0.053177595138549805
1778636017.5687966,264.3463547229767,5283,15966,jpeg,0.0527799129486084
1778636017.6127987,264.3903567790985,5284,15956,jpeg,0.04400205612182617
1778636017.6677952,264.445353269577,5285,15985,jpeg,0.054996490478515625
1778636017.7173922,264.49495029449463,5286,15979,jpeg,0.04959702491760254
1778636017.7625422,264.54010033607483,5287,15971,jpeg,0.045150041580200195
1778636017.8192408,264.59679889678955,5288,15954,jpeg,0.05669856071472168
1778636017.8689878,264.6465458869934,5289,15989,jpeg,0.04974699020385742
1778636017.9127202,264.69027829170227,5290,15953,jpeg,0.043732404708862305
1778636017.9720356,264.7495937347412,5291,15975,jpeg,0.05931544303894043
1778636018.0169373,264.794495344162,5292,15997,jpeg,0.04490160942077637
1778636018.0700977,264.84765577316284,5293,15996,jpeg,0.05316042900085449
1778636018.117519,264.89507699012756,5294,15955,jpeg,0.04742121696472168
1778636018.1625783,264.9401364326477,5295,15959,jpeg,0.0450594425201416
1778636018.2184334,264.99599146842957,5296,15976,jpeg,0.05585503578186035
1778636018.2693849,265.04694294929504,5297,15967,jpeg,0.050951480865478516
1778636018.3125134,265.09007143974304,5298,15964,jpeg,0.04312849044799805
1778636018.3644822,265.14204025268555,5299,15976,jpeg,0.05196881294250488
1778636018.4217198,265.1992778778076,5300,15954,jpeg,0.05723762512207031
1778636018.4644933,265.24205136299133,5301,15973,jpeg,0.04277348518371582
1778636018.5145729,265.29213094711304,5302,15991,jpeg,0.0500795841217041
1778636018.5654743,265.3430323600769,5303,15980,jpeg,0.05090141296386719
1778636018.621099,265.39865708351135,5304,15964,jpeg,0.05562472343444824
1778636018.6736815,265.45123958587646,5305,15994,jpeg,0.052582502365112305
1778636018.7206585,265.4982166290283,5306,16000,jpeg,0.04697704315185547
1778636018.7653642,265.5429222583771,5307,16007,jpeg,0.04470562934875488
1778636018.8245437,265.6021018028259,5308,15999,jpeg,0.05917954444885254
1778636018.8773077,265.65486574172974,5309,15969,jpeg,0.052763938903808594
1778636018.9269733,265.7045314311981,5310,15957,jpeg,0.04966568946838379
1778636018.9653738,265.74293184280396,5311,15947,jpeg,0.03840041160583496
1778636019.0215948,265.79915285110474,5312,15964,jpeg,0.05622100830078125
1778636019.0850263,265.8625843524933,5313,15962,jpeg,0.0634315013885498
1778636019.1154375,265.892995595932,5314,15971,jpeg,0.030411243438720703
1778636019.16826,265.9458181858063,5315,15992,jpeg,0.05282258987426758
1778636019.2338178,266.01137590408325,5316,15966,jpeg,0.06555771827697754
1778636019.266428,266.043986082077,5317,15974,jpeg,0.032610177993774414
1778636019.3161209,266.0936789512634,5318,15962,jpeg,0.04969286918640137
1778636019.364588,266.14214611053467,5319,15966,jpeg,0.048467159271240234
1778636019.418493,266.19605112075806,5320,15985,jpeg,0.05390501022338867
1778636019.4725409,266.2500989437103,5321,15978,jpeg,0.05404782295227051
1778636019.5176847,266.29524278640747,5322,15980,jpeg,0.045143842697143555
1778636019.572128,266.34968614578247,5323,15989,jpeg,0.054443359375
1778636019.6186216,266.3961796760559,5324,15995,jpeg,0.0464935302734375
1778636019.6719136,266.4494717121124,5325,15993,jpeg,0.053292036056518555
1778636019.7166953,266.4942533969879,5326,15971,jpeg,0.04478168487548828
1778636019.7699904,266.54754853248596,5327,15981,jpeg,0.053295135498046875
1778636019.8184552,266.5960133075714,5328,15987,jpeg,0.04846477508544922
1778636019.8677285,266.6452865600586,5329,15993,jpeg,0.04927325248718262
1778636019.9153101,266.69286823272705,5330,15983,jpeg,0.04758167266845703
1778636019.9621897,266.73974776268005,5331,15947,jpeg,0.04687952995300293
1778636020.0174177,266.7949757575989,5332,15966,jpeg,0.05522799491882324
1778636020.068184,266.8457419872284,5333,15968,jpeg,0.0507662296295166
1778636020.1150243,266.8925824165344,5334,15992,jpeg,0.04684042930603027
1778636020.165007,266.942565202713,5335,15982,jpeg,0.04998278617858887
1778636020.222848,267.0004060268402,5336,16028,jpeg,0.057840824127197266
1778636020.2663085,267.0438666343689,5337,15999,jpeg,0.04346060752868652
1778636020.3222532,267.0998113155365,5338,15965,jpeg,0.05594468116760254
1778636020.368479,267.1460371017456,5339,15957,jpeg,0.046225786209106445
1778636020.4122984,267.18985652923584,5340,15961,jpeg,0.043819427490234375
1778636020.4637527,267.24131083488464,5341,15992,jpeg,0.05145430564880371
1778636020.5169122,267.2944703102112,5342,15955,jpeg,0.053159475326538086
1778636020.5684545,267.3460125923157,5343,15966,jpeg,0.05154228210449219
1778636020.6194656,267.3970236778259,5344,15993,jpeg,0.051011085510253906
1778636020.668833,267.44639110565186,5345,15966,jpeg,0.049367427825927734
1778636020.7184896,267.49604773521423,5346,15983,jpeg,0.04965662956237793
1778636020.7781677,267.555725812912,5347,15989,jpeg,0.059678077697753906
1778636020.8183937,267.595951795578,5348,15955,jpeg,0.040225982666015625
1778636020.8649852,267.64254331588745,5349,15965,jpeg,0.04659152030944824
1778636020.9129412,267.6904993057251,5350,15967,jpeg,0.047955989837646484
1778636020.967654,267.7452120780945,5351,15991,jpeg,0.054712772369384766
1778636021.0161352,267.7936933040619,5352,15959,jpeg,0.04848122596740723
1778636021.064524,267.8420820236206,5353,15982,jpeg,0.04838871955871582
1778636021.1160543,267.89361238479614,5354,15942,jpeg,0.05153036117553711
1778636021.1642237,267.9417817592621,5355,15973,jpeg,0.04816937446594238
1778636021.2202911,267.9978492259979,5356,15964,jpeg,0.056067466735839844
1778636021.2665582,268.0441162586212,5357,15987,jpeg,0.046267032623291016
1778636021.3129432,268.09050130844116,5358,16013,jpeg,0.04638504981994629
1778636021.3666432,268.1442012786865,5359,15974,jpeg,0.05369997024536133
1778636021.4156353,268.19319343566895,5360,15988,jpeg,0.048992156982421875
1778636021.4651191,268.2426772117615,5361,15978,jpeg,0.0494837760925293
1778636021.5108964,268.2884545326233,5362,16008,jpeg,0.045777320861816406
1778636021.5694556,268.3470137119293,5363,15968,jpeg,0.05855917930603027
1778636021.6138163,268.3913743495941,5364,15996,jpeg,0.04436063766479492
1778636021.6614273,268.4389853477478,5365,15951,jpeg,0.04761099815368652
1778636021.7172244,268.49478244781494,5366,15969,jpeg,0.05579710006713867
1778636021.7683969,268.54595494270325,5367,15966,jpeg,0.051172494888305664
1778636021.8158872,268.5934453010559,5368,15971,jpeg,0.04749035835266113
1778636021.8670397,268.64459776878357,5369,15996,jpeg,0.05115246772766113
1778636021.9146457,268.6922037601471,5370,15974,jpeg,0.04760599136352539
1778636021.9620638,268.7396218776703,5371,16007,jpeg,0.04741811752319336
1778636022.031176,268.8087341785431,5372,15949,jpeg,0.06911230087280273
1778636022.0657523,268.84331035614014,5373,15971,jpeg,0.0345761775970459
1778636022.1110919,268.8886499404907,5374,15985,jpeg,0.04533958435058594
1778636022.1672506,268.94480872154236,5375,15961,jpeg,0.05615878105163574
1778636022.2114964,268.989054441452,5376,15980,jpeg,0.04424571990966797
1778636022.2687528,269.04631090164185,5377,15967,jpeg,0.057256460189819336
1778636022.3175592,269.09511733055115,5378,15976,jpeg,0.04880642890930176
1778636022.3615375,269.13909554481506,5379,15967,jpeg,0.043978214263916016
1778636022.4174557,269.1950137615204,5380,15964,jpeg,0.055918216705322266
1778636022.4664476,269.24400568008423,5381,15975,jpeg,0.04899191856384277
1778636022.5115197,269.28907775878906,5382,15963,jpeg,0.045072078704833984
1778636022.5615823,269.33914041519165,5383,15947,jpeg,0.05006265640258789
1778636022.6225784,269.4001364707947,5384,15940,jpeg,0.060996055603027344
1778636022.6670473,269.4446053504944,5385,15969,jpeg,0.04446887969970703
1778636022.7157257,269.4932837486267,5386,15949,jpeg,0.04867839813232422
1778636022.764863,269.5424211025238,5387,15965,jpeg,0.04913735389709473
1778636022.81649,269.5940480232239,5388,15948,jpeg,0.05162692070007324
1778636022.8665557,269.644113779068,5389,15956,jpeg,0.05006575584411621
1778636022.9200964,269.6976544857025,5390,15944,jpeg,0.053540706634521484
1778636022.9628575,269.7404155731201,5391,15950,jpeg,0.04276108741760254
1778636023.0135283,269.791086435318,5392,15963,jpeg,0.05067086219787598
1778636023.0649164,269.8424744606018,5393,15981,jpeg,0.05138802528381348
1778636023.1147652,269.89232325553894,5394,15988,jpeg,0.04984879493713379
1778636023.1617095,269.93926763534546,5395,15991,jpeg,0.046944379806518555
1778636023.2154348,269.9929928779602,5396,15970,jpeg,0.053725242614746094
1778636023.2648973,270.0424554347992,5397,15986,jpeg,0.04946255683898926
1778636023.3127606,270.09031867980957,5398,15961,jpeg,0.04786324501037598
1778636023.3685203,270.1460783481598,5399,15967,jpeg,0.05575966835021973
1778636023.4134176,270.19097566604614,5400,15988,jpeg,0.04489731788635254
1778636023.4656863,270.24324440956116,5401,15976,jpeg,0.05226874351501465
1778636023.5151248,270.29268288612366,5402,15991,jpeg,0.0494384765625
1778636023.5660238,270.34358191490173,5403,15973,jpeg,0.05089902877807617
1778636023.6178813,270.3954393863678,5404,15993,jpeg,0.05185747146606445
1778636023.666108,270.4436659812927,5405,15974,jpeg,0.04822659492492676
1778636023.71003,270.48758816719055,5406,15966,jpeg,0.04392218589782715
1778636023.7615716,270.5391297340393,5407,15960,jpeg,0.05154156684875488
1778636023.812894,270.59045219421387,5408,15999,jpeg,0.05132246017456055
1778636023.8686879,270.6462459564209,5409,15966,jpeg,0.05579376220703125
1778636023.91772,270.6952781677246,5410,15975,jpeg,0.04903221130371094
1778636023.9699006,270.74745869636536,5411,15971,jpeg,0.05218052864074707
1778636024.0108912,270.78844928741455,5412,15970,jpeg,0.040990591049194336
1778636024.0690281,270.846586227417,5413,16001,jpeg,0.058136940002441406
1778636024.1176715,270.8952295780182,5414,15970,jpeg,0.04864335060119629
1778636024.1597095,270.9372675418854,5415,15994,jpeg,0.0420379638671875
1778636024.2153552,270.9929132461548,5416,15954,jpeg,0.05564570426940918
1778636024.2669837,271.0445418357849,5417,15965,jpeg,0.05162858963012695
1778636024.318041,271.0955991744995,5418,15995,jpeg,0.05105733871459961
1778636024.361054,271.13861203193665,5419,15964,jpeg,0.04301285743713379
1778636024.421076,271.19863414764404,5420,15979,jpeg,0.06002211570739746
1778636024.4654298,271.24298787117004,5421,15979,jpeg,0.04435372352600098
1778636024.5109203,271.2884783744812,5422,15982,jpeg,0.04549050331115723
1778636024.5669765,271.3445346355438,5423,15970,jpeg,0.05605626106262207
1778636024.610193,271.3877511024475,5424,15987,jpeg,0.04321646690368652
1778636024.6616004,271.43915843963623,5425,15985,jpeg,0.0514073371887207
1778636024.718075,271.4956331253052,5426,15986,jpeg,0.05647468566894531
1778636024.7615252,271.5390832424164,5427,15963,jpeg,0.043450117111206055
1778636024.8136501,271.5912082195282,5428,15937,jpeg,0.052124977111816406
1778636024.8663855,271.6439435482025,5429,15955,jpeg,0.052735328674316406
1778636024.9139178,271.6914758682251,5430,15969,jpeg,0.04753232002258301
1778636024.9714615,271.74901962280273,5431,15956,jpeg,0.05754375457763672
1778636025.0151975,271.7927556037903,5432,15995,jpeg,0.04373598098754883
1778636025.0722167,271.8497748374939,5433,15992,jpeg,0.05701923370361328
1778636025.1176798,271.89523792266846,5434,15996,jpeg,0.04546308517456055
1778636025.1654463,271.9430043697357,5435,15981,jpeg,0.04776644706726074
1778636025.2184565,271.99601459503174,5436,15995,jpeg,0.05301022529602051
1778636025.2628882,272.0404462814331,5437,16010,jpeg,0.04443168640136719
1778636025.3178184,272.09537649154663,5438,15982,jpeg,0.05493021011352539
1778636025.3646994,272.1422574520111,5439,15984,jpeg,0.04688096046447754
1778636025.4134583,272.19101643562317,5440,15983,jpeg,0.04875898361206055
1778636025.4664571,272.2440152168274,5441,15976,jpeg,0.05299878120422363
1778636025.5133038,272.2908618450165,5442,15975,jpeg,0.046846628189086914
1778636025.5676265,272.34518456459045,5443,16013,jpeg,0.05432271957397461
1778636025.614553,272.39211106300354,5444,15971,jpeg,0.04692649841308594
1778636025.6650891,272.4426472187042,5445,15937,jpeg,0.050536155700683594
1778636025.7130003,272.490558385849,5446,15955,jpeg,0.04791116714477539
1778636025.7667134,272.5442714691162,5447,15976,jpeg,0.053713083267211914
1778636025.8144414,272.59199953079224,5448,15985,jpeg,0.04772806167602539
1778636025.8652654,272.6428234577179,5449,15974,jpeg,0.05082392692565918
1778636025.9171672,272.6947252750397,5450,15965,jpeg,0.051901817321777344
1778636025.9658778,272.7434358596802,5451,15988,jpeg,0.04871058464050293
1778636026.0169644,272.79452252388,5452,16009,jpeg,0.0510866641998291
1778636026.0699873,272.8475453853607,5453,16012,jpeg,0.05302286148071289
1778636026.1101084,272.88766646385193,5454,16000,jpeg,0.04012107849121094
1778636026.1662529,272.9438109397888,5455,15964,jpeg,0.05614447593688965
1778636026.2176647,272.99522280693054,5456,15983,jpeg,0.05141186714172363
1778636026.261177,273.0387351512909,5457,15990,jpeg,0.04351234436035156
1778636026.3110063,273.08856439590454,5458,15976,jpeg,0.04982924461364746
1778636026.3671067,273.1446647644043,5459,16009,jpeg,0.05610036849975586
1778636026.4147422,273.19230031967163,5460,15990,jpeg,0.047635555267333984
1778636026.4724157,273.2499737739563,5461,15984,jpeg,0.05767345428466797
1778636026.5131767,273.2907347679138,5462,15939,jpeg,0.04076099395751953
1778636026.559865,273.3374230861664,5463,15959,jpeg,0.04668831825256348
1778636026.616241,273.3937990665436,5464,15985,jpeg,0.056375980377197266
1778636026.6670318,273.44458985328674,5465,15983,jpeg,0.05079078674316406
1778636026.7106588,273.48821687698364,5466,15983,jpeg,0.043627023696899414
1778636026.7603045,273.5378625392914,5467,15988,jpeg,0.04964566230773926
1778636026.818939,273.5964970588684,5468,16019,jpeg,0.05863451957702637
1778636026.8659797,273.6435377597809,5469,15986,jpeg,0.047040700912475586
1778636026.9155617,273.693119764328,5470,15985,jpeg,0.04958200454711914
1778636026.9616628,273.73922085762024,5471,15957,jpeg,0.04610109329223633
1778636027.020751,273.7983090877533,5472,16000,jpeg,0.05908823013305664
1778636027.0613906,273.83894872665405,5473,15977,jpeg,0.040639638900756836
1778636027.1257966,273.9033546447754,5474,15962,jpeg,0.06440591812133789
1778636027.1671283,273.9446864128113,5475,16008,jpeg,0.04133176803588867
1778636027.2097754,273.98733353614807,5476,15977,jpeg,0.04264712333679199
1778636027.2649753,274.04253339767456,5477,16007,jpeg,0.05519986152648926
1778636027.3104424,274.08800053596497,5478,16017,jpeg,0.04546713829040527
1778636027.361449,274.1390070915222,5479,15977,jpeg,0.05100655555725098
1778636027.4136424,274.19120049476624,5480,15967,jpeg,0.052193403244018555
1778636027.460711,274.23826909065247,5481,15995,jpeg,0.04706859588623047
1778636027.5104856,274.2880437374115,5482,15972,jpeg,0.0497746467590332
1778636027.5716183,274.34917640686035,5483,15955,jpeg,0.06113266944885254
1778636027.6162462,274.3938043117523,5484,15993,jpeg,0.04462790489196777
1778636027.6617885,274.43934655189514,5485,15965,jpeg,0.045542240142822266
1778636027.7156012,274.4931592941284,5486,16008,jpeg,0.05381274223327637
1778636027.7630546,274.5406126976013,5487,15991,jpeg,0.04745340347290039
1778636027.8115053,274.5890634059906,5488,15992,jpeg,0.04845070838928223
1778636027.8680878,274.6456458568573,5489,15973,jpeg,0.05658245086669922
1778636027.9160168,274.6935749053955,5490,15969,jpeg,0.04792904853820801
1778636027.9663,274.74385809898376,5491,15980,jpeg,0.050283193588256836
1778636028.0180275,274.7955856323242,5492,16000,jpeg,0.0517275333404541
1778636028.0652745,274.8428325653076,5493,16014,jpeg,0.04724693298339844
1778636028.1162703,274.8938283920288,5494,15984,jpeg,0.050995826721191406
1778636028.163387,274.940945148468,5495,15970,jpeg,0.047116756439208984
1778636028.2107544,274.98831248283386,5496,15970,jpeg,0.04736733436584473
1778636028.261698,275.03925609588623,5497,15994,jpeg,0.050943613052368164
1778636028.3147783,275.0923364162445,5498,15970,jpeg,0.05308032035827637
1778636028.3607569,275.1383149623871,5499,15987,jpeg,0.045978546142578125
1778636028.4162714,275.193829536438,5500,15970,jpeg,0.05551457405090332
1778636028.4686427,275.246200799942,5501,15993,jpeg,0.05237126350402832
1778636028.5160708,275.29362893104553,5502,15992,jpeg,0.047428131103515625
1778636028.5654223,275.34298038482666,5503,15976,jpeg,0.04935145378112793
1778636028.6117802,275.3893382549286,5504,15967,jpeg,0.04635787010192871
1778636028.6660383,275.4435963630676,5505,15959,jpeg,0.054258108139038086
1778636028.7092478,275.4868059158325,5506,15968,jpeg,0.04320955276489258
1778636028.7813234,275.558881521225,5507,15972,jpeg,0.07207560539245605
1778636028.8141646,275.5917227268219,5508,15945,jpeg,0.03284120559692383
1778636028.8590708,275.6366288661957,5509,15988,jpeg,0.0449061393737793
1778636028.915526,275.69308400154114,5510,15951,jpeg,0.056455135345458984
1778636028.9611883,275.7387464046478,5511,15992,jpeg,0.04566240310668945
1778636029.011174,275.78873205184937,5512,15969,jpeg,0.049985647201538086
1778636029.0685706,275.8461287021637,5513,15986,jpeg,0.057396650314331055
1778636029.1105626,275.8881206512451,5514,15961,jpeg,0.0419919490814209
1778636029.1654558,275.9430139064789,5515,15986,jpeg,0.05489325523376465
1778636029.214739,275.9922971725464,5516,15964,jpeg,0.04928326606750488
1778636029.2595375,276.0370955467224,5517,15977,jpeg,0.04479837417602539
1778636029.3144236,276.0919816493988,5518,15961,jpeg,0.0548861026763916
1778636029.3688295,276.1463875770569,5519,15960,jpeg,0.054405927658081055
1778636029.4102838,276.18784189224243,5520,15974,jpeg,0.041454315185546875
1778636029.4612393,276.23879742622375,5521,16001,jpeg,0.05095553398132324
1778636029.516751,276.2943091392517,5522,15960,jpeg,0.0555117130279541
1778636029.5610104,276.3385684490204,5523,15965,jpeg,0.04425930976867676
1778636029.6115487,276.3891067504883,5524,16006,jpeg,0.05053830146789551
1778636029.6608298,276.4383878707886,5525,15986,jpeg,0.04928112030029297
1778636029.7122784,276.4898364543915,5526,16000,jpeg,0.05144858360290527
1778636029.7630978,276.54065585136414,5527,15979,jpeg,0.05081939697265625
1778636029.8152251,276.59278321266174,5528,15979,jpeg,0.05212736129760742
1778636029.8644001,276.64195823669434,5529,15976,jpeg,0.04917502403259277
1778636029.9093983,276.68695640563965,5530,15965,jpeg,0.0449981689453125
1778636029.9681497,276.74570775032043,5531,15955,jpeg,0.05875134468078613
1778636030.0099366,276.7874946594238,5532,15949,jpeg,0.041786909103393555
1778636030.0658314,276.8433895111084,5533,15866,jpeg,0.05589485168457031
1778636030.1153994,276.89295744895935,5534,15880,jpeg,0.04956793785095215
1778636030.1655903,276.9431483745575,5535,15786,jpeg,0.05019092559814453
1778636030.2095692,276.98712730407715,5536,15481,jpeg,0.04397892951965332
1778636030.2638574,277.04141545295715,5537,14839,jpeg,0.05428814888000488
1778636030.3098576,277.08741569519043,5538,13403,jpeg,0.04600024223327637
1778636030.3602505,277.1378085613251,5539,12059,jpeg,0.050392866134643555
1778636030.4117312,277.18928933143616,5540,11439,jpeg,0.051480770111083984
1778636030.4638898,277.2414479255676,5541,11117,jpeg,0.05215859413146973
1778636030.509675,277.28723311424255,5542,10594,jpeg,0.04578518867492676
1778636030.564612,277.3421700000763,5543,10487,jpeg,0.054936885833740234
1778636030.6109302,277.3884882926941,5544,9764,jpeg,0.04631829261779785
1778636030.6579194,277.4354774951935,5545,9496,jpeg,0.04698920249938965
1778636030.7088232,277.48638129234314,5546,9680,jpeg,0.0509037971496582
1778636030.7593474,277.53690552711487,5547,9930,jpeg,0.050524234771728516
1778636030.8098934,277.5874514579773,5548,10391,jpeg,0.05054593086242676
1778636030.8588328,277.63639092445374,5549,10825,jpeg,0.04893946647644043
1778636030.9134066,277.6909646987915,5550,11028,jpeg,0.054573774337768555
1778636030.9607825,277.7383406162262,5551,11095,jpeg,0.04737591743469238
1778636031.0096672,277.78722524642944,5552,11514,jpeg,0.04888463020324707
1778636031.0582705,277.83582854270935,5553,11769,jpeg,0.04860329627990723
1778636031.1101885,277.8877465724945,5554,11724,jpeg,0.05191802978515625
1778636031.162701,277.94025897979736,5555,12118,jpeg,0.052512407302856445
1778636031.212193,277.98975110054016,5556,12201,jpeg,0.04949212074279785
1778636031.2596207,278.0371787548065,5557,12608,jpeg,0.04742765426635742
1778636031.3153207,278.09287881851196,5558,12608,jpeg,0.055700063705444336
1778636031.3626618,278.1402199268341,5559,12780,jpeg,0.047341108322143555
1778636031.418396,278.19595408439636,5560,15067,jpeg,0.05573415756225586
1778636031.467101,278.24465918540955,5561,15261,jpeg,0.048705101013183594
1778636031.5124495,278.29000759124756,5562,15214,jpeg,0.045348405838012695
1778636031.564515,278.3420732021332,5563,12638,jpeg,0.05206561088562012
1778636031.610586,278.38814401626587,5564,12507,jpeg,0.04607081413269043
1778636031.66728,278.4448380470276,5565,13103,jpeg,0.05669403076171875
1778636031.7104146,278.48797273635864,5566,13177,jpeg,0.04313468933105469
1778636031.7606013,278.53815937042236,5567,12735,jpeg,0.0501866340637207
1778636031.8089683,278.5865263938904,5568,12781,jpeg,0.04836702346801758
1778636031.860195,278.63775300979614,5569,12620,jpeg,0.05122661590576172
1778636031.91109,278.6886479854584,5570,12402,jpeg,0.050894975662231445
1778636031.9608157,278.7383737564087,5571,12488,jpeg,0.04972577095031738
1778636032.0085762,278.7861342430115,5572,11940,jpeg,0.0477604866027832
1778636032.0624878,278.8400459289551,5573,12075,jpeg,0.053911685943603516
1778636032.1095514,278.88710951805115,5574,11599,jpeg,0.047063589096069336
1778636032.1595945,278.93715262413025,5575,10711,jpeg,0.05004310607910156
1778636032.2103379,278.9878959655762,5576,9147,jpeg,0.05074334144592285
1778636032.2563486,279.03390669822693,5577,8265,jpeg,0.046010732650756836
1778636032.3066876,279.0842456817627,5578,8199,jpeg,0.0503389835357666
1778636032.3585851,279.13614320755005,5579,8669,jpeg,0.051897525787353516
1778636032.406715,279.18427300453186,5580,9377,jpeg,0.04812979698181152
1778636032.4643464,279.2419044971466,5581,9836,jpeg,0.057631492614746094
1778636032.520087,279.2976450920105,5582,10559,jpeg,0.0557405948638916
1778636032.5636852,279.3412432670593,5583,11228,jpeg,0.043598175048828125
1778636032.6091537,279.3867118358612,5584,13266,jpeg,0.04546856880187988
1778636032.669296,279.44685411453247,5585,14058,jpeg,0.06014227867126465
1778636032.7138782,279.49143624305725,5586,14784,jpeg,0.04458212852478027
1778636032.7685144,279.54607248306274,5587,15370,jpeg,0.054636240005493164
1778636032.8179328,279.5954909324646,5588,15427,jpeg,0.04941844940185547
1778636032.8588598,279.6364178657532,5589,15677,jpeg,0.04092693328857422
1778636032.908914,279.6864721775055,5590,15367,jpeg,0.050054311752319336
1778636032.9623888,279.7399468421936,5591,14996,jpeg,0.05347466468811035
1778636033.0088315,279.7863895893097,5592,14389,jpeg,0.04644274711608887
1778636033.060579,279.8381371498108,5593,13559,jpeg,0.05174756050109863
1778636033.1107626,279.888320684433,5594,13255,jpeg,0.05018353462219238
1778636033.1583142,279.9358723163605,5595,13254,jpeg,0.047551631927490234
1778636033.2085238,279.9860818386078,5596,11008,jpeg,0.05020952224731445
1778636033.2599187,280.0374767780304,5597,11249,jpeg,0.05139493942260742
1778636033.3072155,280.0847735404968,5598,11277,jpeg,0.047296762466430664
1778636033.3634622,280.14102029800415,5599,13230,jpeg,0.05624675750732422
1778636033.4100585,280.1876165866852,5600,13095,jpeg,0.04659628868103027
1778636033.4575498,280.23510789871216,5601,12889,jpeg,0.04749131202697754
1778636033.5104413,280.2879993915558,5602,13435,jpeg,0.05289149284362793
1778636033.561015,280.3385729789734,5603,13359,jpeg,0.05057358741760254
1778636033.611343,280.3889009952545,5604,13282,jpeg,0.05032801628112793
1778636033.6635206,280.4410786628723,5605,12805,jpeg,0.05217766761779785
1778636033.715381,280.4929389953613,5606,12921,jpeg,0.05186033248901367
1778636033.763295,280.54085302352905,5607,12886,jpeg,0.04791402816772461
1778636033.8074505,280.5850086212158,5608,12706,jpeg,0.04415559768676758
1778636033.8600278,280.6375858783722,5609,12731,jpeg,0.05257725715637207
1778636033.907211,280.68476915359497,5610,12663,jpeg,0.04718327522277832
1778636033.9616911,280.73924922943115,5611,12893,jpeg,0.05448007583618164
1778636034.014966,280.79252409935,5612,12816,jpeg,0.05327486991882324
1778636034.0579333,280.8354914188385,5613,12886,jpeg,0.04296731948852539
1778636034.109924,280.8874821662903,5614,12741,jpeg,0.05199074745178223
1778636034.1610634,280.9386215209961,5615,12817,jpeg,0.05113935470581055
1778636034.2080524,280.9856104850769,5616,12764,jpeg,0.04698896408081055
1778636034.2585132,281.0360713005066,5617,13045,jpeg,0.0504608154296875
1778636034.3104222,281.08798027038574,5618,12755,jpeg,0.05190896987915039
1778636034.3594353,281.1369934082031,5619,12935,jpeg,0.04901313781738281
1778636034.4071076,281.18466567993164,5620,12910,jpeg,0.047672271728515625
1778636034.4616857,281.23924374580383,5621,13064,jpeg,0.05457806587219238
1778636034.509331,281.2868890762329,5622,13100,jpeg,0.04764533042907715
1778636034.5582807,281.33583879470825,5623,13253,jpeg,0.0489497184753418
1778636034.6109936,281.38855171203613,5624,13053,jpeg,0.05271291732788086
1778636034.6594408,281.43699884414673,5625,13062,jpeg,0.0484471321105957
1778636034.7092235,281.48678159713745,5626,12607,jpeg,0.049782752990722656
1778636034.760024,281.53758215904236,5627,12622,jpeg,0.05080056190490723
1778636034.8070645,281.58462262153625,5628,12572,jpeg,0.047040462493896484
1778636034.8635128,281.6410708427429,5629,13041,jpeg,0.05644822120666504
1778636034.9094398,281.6869978904724,5630,13097,jpeg,0.04592704772949219
1778636034.9583237,281.7358818054199,5631,12766,jpeg,0.048883914947509766
1778636035.0145748,281.79213285446167,5632,12533,jpeg,0.05625104904174805
1778636035.0667434,281.84430146217346,5633,12575,jpeg,0.05216860771179199
1778636035.1119492,281.8895072937012,5634,12624,jpeg,0.04520583152770996
1778636035.1563663,281.9339244365692,5635,13158,jpeg,0.04441714286804199
1778636035.2103794,281.98793745040894,5636,13181,jpeg,0.05401301383972168
1778636035.2567968,282.03435492515564,5637,13153,jpeg,0.0464174747467041
1778636035.3075817,282.0851397514343,5638,12845,jpeg,0.05078482627868652
1778636035.360024,282.1375820636749,5639,13109,jpeg,0.052442312240600586
1778636035.4096634,282.1872215270996,5640,13126,jpeg,0.04963946342468262
1778636035.4575124,282.23507046699524,5641,12743,jpeg,0.04784893989562988
1778636035.5123563,282.28991436958313,5642,12564,jpeg,0.054843902587890625
1778636035.56169,282.3392481803894,5643,12647,jpeg,0.049333810806274414
1778636035.6076975,282.38525557518005,5644,13063,jpeg,0.046007394790649414
1778636035.6643372,282.44189524650574,5645,13108,jpeg,0.056639671325683594
1778636035.7064583,282.48401641845703,5646,13019,jpeg,0.042121171951293945
1778636035.7579236,282.5354816913605,5647,12657,jpeg,0.05146527290344238
1778636035.8170016,282.59455966949463,5648,12705,jpeg,0.05907797813415527
1778636035.8593712,282.63692927360535,5649,12605,jpeg,0.04236960411071777
1778636035.909402,282.68695998191833,5650,12247,jpeg,0.05003070831298828
1778636035.959425,282.7369830608368,5651,12294,jpeg,0.05002307891845703
1778636036.0077116,282.78526973724365,5652,12288,jpeg,0.04828667640686035
1778636036.058458,282.8360161781311,5653,12469,jpeg,0.05074644088745117
1778636036.1139448,282.89150285720825,5654,12361,jpeg,0.05548667907714844
1778636036.1579044,282.935462474823,5655,12382,jpeg,0.043959617614746094
1778636036.20825,282.985808134079,5656,12501,jpeg,0.050345659255981445
1778636036.2680247,283.04558277130127,5657,12522,jpeg,0.05977463722229004
1778636036.3074334,283.0849914550781,5658,12374,jpeg,0.03940868377685547
1778636036.3575997,283.1351578235626,5659,12383,jpeg,0.05016636848449707
1778636036.4115508,283.1891088485718,5660,12434,jpeg,0.05395102500915527
1778636036.4564164,283.2339744567871,5661,12423,jpeg,0.04486560821533203
1778636036.5090628,283.2866208553314,5662,12260,jpeg,0.05264639854431152
1778636036.5605097,283.3380677700043,5663,12290,jpeg,0.05144691467285156
1778636036.6078768,283.38543486595154,5664,12341,jpeg,0.047367095947265625
1778636036.662701,283.44025897979736,5665,12410,jpeg,0.054824113845825195
1778636036.7098024,283.4873604774475,5666,12385,jpeg,0.047101497650146484
1778636036.75646,283.53401803970337,5667,12308,jpeg,0.046657562255859375
1778636036.8089607,283.58651876449585,5668,12706,jpeg,0.05250072479248047
1778636036.8594704,283.63702845573425,5669,12722,jpeg,0.05050969123840332
1778636036.9095862,283.68714427948,5670,12760,jpeg,0.05011582374572754
1778636036.957012,283.7345700263977,5671,12996,jpeg,0.04742574691772461
1778636037.012675,283.7902331352234,5672,12881,jpeg,0.055663108825683594
1778636037.064311,283.84186911582947,5673,12922,jpeg,0.0516359806060791
1778636037.1060953,283.8836534023285,5674,12138,jpeg,0.04178428649902344
1778636037.1599746,283.93753266334534,5675,12146,jpeg,0.0538792610168457
1778636037.2077434,283.9853014945984,5676,11996,jpeg,0.04776883125305176
1778636037.257144,284.0347020626068,5677,12284,jpeg,0.04940056800842285
1778636037.3098521,284.0874102115631,5678,12183,jpeg,0.05270814895629883
1778636037.3572834,284.13484144210815,5679,12185,jpeg,0.047431230545043945
1778636037.4109204,284.18847846984863,5680,11925,jpeg,0.053637027740478516
1778636037.4687634,284.24632143974304,5681,11918,jpeg,0.05784296989440918
1778636037.5115886,284.2891466617584,5682,11906,jpeg,0.04282522201538086
1778636037.5645275,284.3420855998993,5683,12005,jpeg,0.05293893814086914
1778636037.6102953,284.38785338401794,5684,11923,jpeg,0.045767784118652344
1778636037.663687,284.4412450790405,5685,11921,jpeg,0.05339169502258301
1778636037.708318,284.485876083374,5686,11822,jpeg,0.044631004333496094
1778636037.7588956,284.53645372390747,5687,11491,jpeg,0.050577640533447266
1778636037.8089354,284.58649349212646,5688,11548,jpeg,0.05003976821899414
1778636037.8578386,284.6353967189789,5689,11620,jpeg,0.04890322685241699
1778636037.9115994,284.6891574859619,5690,11680,jpeg,0.05376076698303223
1778636037.9578571,284.7354152202606,5691,11719,jpeg,0.046257734298706055
1778636038.0063846,284.7839426994324,5692,11739,jpeg,0.04852747917175293
1778636038.059885,284.837443113327,5693,11704,jpeg,0.05350041389465332
1778636038.1077707,284.88532876968384,5694,11761,jpeg,0.04788565635681152
1778636038.1589277,284.9364857673645,5695,11846,jpeg,0.05115699768066406
1778636038.2084754,284.98603343963623,5696,11848,jpeg,0.049547672271728516
1778636038.256484,285.03404211997986,5697,11880,jpeg,0.04800868034362793
1778636038.3071766,285.08473467826843,5698,12168,jpeg,0.05069255828857422
1778636038.357263,285.13482117652893,5699,12177,jpeg,0.05008649826049805
1778636038.4064782,285.1840362548828,5700,12181,jpeg,0.049215078353881836
1778636038.4560857,285.2336437702179,5701,12225,jpeg,0.04960751533508301
1778636038.50907,285.2866280078888,5702,12052,jpeg,0.05298423767089844
1778636038.557784,285.335342168808,5703,12082,jpeg,0.04871416091918945
1778636038.6092272,285.38678526878357,5704,11904,jpeg,0.05144309997558594
1778636038.6636775,285.44123554229736,5705,11925,jpeg,0.054450273513793945
1778636038.7057986,285.48335671424866,5706,11966,jpeg,0.042121171951293945
1778636038.7610908,285.53864884376526,5707,12082,jpeg,0.05529212951660156
1778636038.8145947,285.5921528339386,5708,12024,jpeg,0.053503990173339844
1778636038.857703,285.6352610588074,5709,12049,jpeg,0.043108224868774414
1778636038.9105332,285.6880912780762,5710,11708,jpeg,0.05283021926879883
1778636038.957053,285.7346110343933,5711,11633,jpeg,0.04651975631713867
1778636039.0185928,285.79615092277527,5712,11667,jpeg,0.06153988838195801
1778636039.0580904,285.83564853668213,5713,11922,jpeg,0.03949761390686035
1778636039.1070826,285.88464069366455,5714,11858,jpeg,0.048992156982421875
1778636039.1564012,285.93395924568176,5715,11867,jpeg,0.049318552017211914
1778636039.2084744,285.9860324859619,5716,12200,jpeg,0.05207324028015137
1778636039.2575254,286.0350835323334,5717,12184,jpeg,0.04905104637145996
1778636039.308985,286.0865430831909,5718,12192,jpeg,0.051459550857543945
1778636039.3562589,286.13381695747375,5719,11921,jpeg,0.047273874282836914
1778636039.4060671,286.18362522125244,5720,11893,jpeg,0.04980826377868652
1778636039.4576352,286.2351932525635,5721,11923,jpeg,0.051568031311035156
1778636039.5086586,286.28621673583984,5722,11634,jpeg,0.05102348327636719
1778636039.5579553,286.3355133533478,5723,11674,jpeg,0.04929661750793457
1778636039.6084218,286.38597989082336,5724,11703,jpeg,0.05046653747558594
1778636039.6581278,286.4356858730316,5725,11870,jpeg,0.04970598220825195
1778636039.7126787,286.4902367591858,5726,11866,jpeg,0.054550886154174805
1778636039.7587748,286.53633284568787,5727,11877,jpeg,0.046096086502075195
1778636039.8060474,286.5836055278778,5728,11842,jpeg,0.047272682189941406
1778636039.858739,286.63629698753357,5729,11791,jpeg,0.05269145965576172
1778636039.9091852,286.68674325942993,5730,11799,jpeg,0.050446271896362305
1778636039.9615526,286.7391107082367,5731,12020,jpeg,0.052367448806762695
1778636040.0090137,286.7865717411041,5732,12011,jpeg,0.04746103286743164
1778636040.0540435,286.83160161972046,5733,12013,jpeg,0.04502987861633301
1778636040.1057432,286.88330125808716,5734,11865,jpeg,0.05169963836669922
1778636040.1570058,286.93456387519836,5735,11848,jpeg,0.051262617111206055
1778636040.2052667,286.9828248023987,5736,11879,jpeg,0.04826092720031738
1778636040.2544737,287.0320317745209,5737,11853,jpeg,0.04920697212219238
1778636040.3078923,287.0854504108429,5738,11776,jpeg,0.053418636322021484
1778636040.3561263,287.1336843967438,5739,11820,jpeg,0.048233985900878906
1778636040.407319,287.1848771572113,5740,11964,jpeg,0.0511927604675293
1778636040.4591835,287.23674154281616,5741,11930,jpeg,0.0518643856048584
1778636040.504714,287.2822721004486,5742,11976,jpeg,0.04553055763244629
1778636040.5574985,287.3350565433502,5743,12080,jpeg,0.05278444290161133
1778636040.6073754,287.3849334716797,5744,12113,jpeg,0.04987692832946777
1778636040.6584377,287.43599581718445,5745,12130,jpeg,0.05106234550476074
1778636040.7085474,287.4861054420471,5746,11872,jpeg,0.0501096248626709
1778636040.755933,287.53349113464355,5747,11889,jpeg,0.04738569259643555
1778636040.8100395,287.5875976085663,5748,11922,jpeg,0.05410647392272949
1778636040.8562322,287.6337902545929,5749,12002,jpeg,0.04619264602661133
1778636040.9070768,287.68463492393494,5750,11982,jpeg,0.050844669342041016
1778636040.961046,287.7386040687561,5751,12016,jpeg,0.05396914482116699
1778636041.0100687,287.78762674331665,5752,12139,jpeg,0.049022674560546875
1778636041.05679,287.8343482017517,5753,12131,jpeg,0.046721458435058594
1778636041.1067126,287.8842706680298,5754,12156,jpeg,0.04992246627807617
1778636041.1560173,287.9335753917694,5755,11982,jpeg,0.04930472373962402
1778636041.2109046,287.9884626865387,5756,11978,jpeg,0.05488729476928711
1778636041.2558815,288.03343963623047,5757,12014,jpeg,0.04497694969177246
1778636041.3044832,288.0820412635803,5758,11924,jpeg,0.048601627349853516
1778636041.359872,288.13743019104004,5759,11909,jpeg,0.0553889274597168
1778636041.4042249,288.1817829608917,5760,11863,jpeg,0.04435276985168457
1778636041.4593918,288.2369499206543,5761,12095,jpeg,0.05516695976257324
1778636041.5093164,288.2868745326996,5762,12115,jpeg,0.049924612045288086
1778636041.5551703,288.3327283859253,5763,12120,jpeg,0.04585385322570801
1778636041.6078298,288.38538789749146,5764,11569,jpeg,0.05265951156616211
1778636041.65613,288.4336881637573,5765,11578,jpeg,0.04830026626586914
1778636041.7033257,288.4808838367462,5766,11564,jpeg,0.0471956729888916
1778636041.76174,288.53929805755615,5767,11609,jpeg,0.05841422080993652
1778636041.8073328,288.58489084243774,5768,11627,jpeg,0.0455927848815918
1778636041.8546498,288.6322078704834,5769,11579,jpeg,0.0473170280456543
1778636041.909269,288.6868271827698,5770,11990,jpeg,0.05461931228637695
1778636041.9570146,288.7345726490021,5771,12014,jpeg,0.047745466232299805
1778636042.0090878,288.7866458892822,5772,11983,jpeg,0.05207324028015137
1778636042.055298,288.8328561782837,5773,12026,jpeg,0.046210289001464844
1778636042.1071994,288.8847575187683,5774,12020,jpeg,0.05190134048461914
1778636042.153644,288.93120217323303,5775,12006,jpeg,0.04644465446472168
1778636042.206627,288.98418498039246,5776,12183,jpeg,0.05298280715942383
1778636042.25768,289.03523802757263,5777,12180,jpeg,0.05105304718017578
1778636042.304626,289.0821840763092,5778,12188,jpeg,0.046946048736572266
1778636042.3567557,289.1343138217926,5779,11985,jpeg,0.05212974548339844
1778636042.4114916,289.18904972076416,5780,11957,jpeg,0.05473589897155762
1778636042.4577913,289.2353494167328,5781,11955,jpeg,0.04629969596862793
1778636042.508415,289.285973072052,5782,12096,jpeg,0.05062365531921387
1778636042.5601127,289.33767080307007,5783,12062,jpeg,0.051697731018066406
1778636042.6076608,289.3852188587189,5784,12059,jpeg,0.04754805564880371
1778636042.6591945,289.4367525577545,5785,11927,jpeg,0.05153369903564453
1778636042.7080941,289.48565220832825,5786,11860,jpeg,0.04889965057373047
1778636042.7556822,289.53324031829834,5787,11872,jpeg,0.04758810997009277
1778636042.8084793,289.58603739738464,5788,11556,jpeg,0.05279707908630371
1778636042.8579957,289.6355538368225,5789,11444,jpeg,0.04951643943786621
1778636042.9051208,289.682678937912,5790,11773,jpeg,0.04712510108947754
1778636042.9614236,289.7389817237854,5791,12997,jpeg,0.056302785873413086
1778636043.0078588,289.78541684150696,5792,13128,jpeg,0.04643511772155762
1778636043.065397,289.8429551124573,5793,13292,jpeg,0.05753827095031738
1778636043.1110623,289.8886203765869,5794,12905,jpeg,0.04566526412963867
1778636043.1585028,289.93606090545654,5795,13192,jpeg,0.047440528869628906
1778636043.240249,290.01780700683594,5796,13385,jpeg,0.08174610137939453
1778636043.2604153,290.03797340393066,5797,13544,jpeg,0.020166397094726562
1778636043.3085754,290.086133480072,5798,14005,jpeg,0.04816007614135742
1778636043.3602889,290.1378469467163,5799,13499,jpeg,0.05171346664428711
1778636043.4091096,290.18666768074036,5800,13569,jpeg,0.04882073402404785
1778636043.464374,290.2419321537018,5801,13361,jpeg,0.05526447296142578
1778636043.5100803,290.287638425827,5802,13639,jpeg,0.04570627212524414
1778636043.557835,290.3353931903839,5803,12990,jpeg,0.047754764556884766
1778636043.6354318,290.4129898548126,5804,13245,jpeg,0.07759666442871094
1778636043.6591115,290.436669588089,5805,12937,jpeg,0.023679733276367188
1778636043.7082424,290.48580050468445,5806,13926,jpeg,0.049130916595458984
1778636043.7625802,290.5401382446289,5807,13715,jpeg,0.05433773994445801
1778636043.8088741,290.58643221855164,5808,13622,jpeg,0.04629397392272949
1778636043.8580356,290.6355936527252,5809,12815,jpeg,0.049161434173583984
1778636043.9138763,290.69143438339233,5810,12559,jpeg,0.05584073066711426
1778636043.9573197,290.7348778247833,5811,12349,jpeg,0.04344344139099121
1778636044.0081213,290.78567934036255,5812,13558,jpeg,0.05080151557922363
1778636044.0580199,290.8355779647827,5813,13356,jpeg,0.049898624420166016
1778636044.1073244,290.88488245010376,5814,13053,jpeg,0.04930448532104492
1778636044.160504,290.9380621910095,5815,11980,jpeg,0.05317974090576172
1778636044.2080503,290.9856083393097,5816,11527,jpeg,0.0475461483001709
1778636044.2574086,291.0349667072296,5817,11346,jpeg,0.049358367919921875
1778636044.3076227,291.08518075942993,5818,10943,jpeg,0.05021405220031738
1778636044.3656297,291.14318776130676,5819,10812,jpeg,0.058007001876831055
1778636044.4059272,291.1834852695465,5820,10692,jpeg,0.040297508239746094
1778636044.4568417,291.2343997955322,5821,8915,jpeg,0.05091452598571777
1778636044.5069964,291.28455448150635,5822,8959,jpeg,0.050154685974121094
1778636044.556816,291.33437418937683,5823,9233,jpeg,0.0498197078704834
1778636044.6064477,291.3840057849884,5824,9103,jpeg,0.049631595611572266
1778636044.6578517,291.435409784317,5825,9216,jpeg,0.05140399932861328
1778636044.7071369,291.48469495773315,5826,9477,jpeg,0.049285173416137695
1778636044.7555914,291.5331494808197,5827,9818,jpeg,0.04845452308654785
1778636044.806877,291.5844349861145,5828,10199,jpeg,0.051285505294799805
1778636044.8562186,291.6337766647339,5829,10310,jpeg,0.049341678619384766
1778636044.905466,291.6830241680145,5830,10383,jpeg,0.04924750328063965
1778636044.9552162,291.7327742576599,5831,10689,jpeg,0.04975008964538574
1778636045.0093758,291.7869338989258,5832,10668,jpeg,0.05415964126586914
1778636045.0543659,291.8319239616394,5833,11292,jpeg,0.04499006271362305
1778636045.11091,291.88846802711487,5834,11226,jpeg,0.05654406547546387
1778636045.1556401,291.93319821357727,5835,11125,jpeg,0.044730186462402344
1778636045.2033062,291.98086428642273,5836,11434,jpeg,0.047666072845458984
1778636045.2610993,292.0386574268341,5837,11911,jpeg,0.05779314041137695
1778636045.307911,292.08546900749207,5838,11723,jpeg,0.046811580657958984
1778636045.354369,292.1319270133972,5839,12043,jpeg,0.04645800590515137
1778636045.4105146,292.188072681427,5840,12013,jpeg,0.056145668029785156
1778636045.4582307,292.2357888221741,5841,12248,jpeg,0.04771614074707031
1778636045.505136,292.2826941013336,5842,12028,jpeg,0.0469052791595459
1778636045.561646,292.33920407295227,5843,12263,jpeg,0.056509971618652344
1778636045.6073782,292.38493633270264,5844,12395,jpeg,0.04573225975036621
1778636045.6544194,292.43197751045227,5845,12489,jpeg,0.04704117774963379
1778636045.705259,292.48281717300415,5846,11993,jpeg,0.05083966255187988
1778636045.7557042,292.5332622528076,5847,12487,jpeg,0.0504450798034668
1778636045.805433,292.58299112319946,5848,12127,jpeg,0.0497288703918457
1778636045.8551779,292.6327359676361,5849,11896,jpeg,0.04974484443664551
1778636045.9045832,292.6821413040161,5850,12217,jpeg,0.04940533638000488
1778636045.9587262,292.73628425598145,5851,12474,jpeg,0.05414295196533203
1778636046.006627,292.7841851711273,5852,12313,jpeg,0.04790091514587402
1778636046.0540075,292.831565618515,5853,12129,jpeg,0.04738044738769531
1778636046.1094458,292.8870038986206,5854,12028,jpeg,0.05543828010559082
1778636046.1566966,292.93425464630127,5855,12216,jpeg,0.04725074768066406
1778636046.2062774,292.9838354587555,5856,12854,jpeg,0.04958081245422363
1778636046.2549899,293.03254795074463,5857,12559,jpeg,0.04871249198913574
1778636046.3114707,293.08902883529663,5858,12415,jpeg,0.05648088455200195
1778636046.3569772,293.1345353126526,5859,12377,jpeg,0.04550647735595703
1778636046.404864,293.1824221611023,5860,14493,jpeg,0.04788684844970703
1778636046.4573157,293.2348737716675,5861,14264,jpeg,0.05245161056518555
1778636046.5069196,293.2844777107239,5862,14084,jpeg,0.049603939056396484
1778636046.5553122,293.33287024497986,5863,13877,jpeg,0.048392534255981445
1778636046.606853,293.3844110965729,5864,13947,jpeg,0.05154085159301758
1778636046.6570563,293.43461441993713,5865,14441,jpeg,0.05020332336425781
1778636046.7058768,293.4834349155426,5866,12314,jpeg,0.04882049560546875
1778636046.7609992,293.5385572910309,5867,12833,jpeg,0.05512237548828125
1778636046.8067079,293.5842659473419,5868,12584,jpeg,0.045708656311035156
1778636046.8563817,293.633939743042,5869,15737,jpeg,0.04967379570007324
1778636046.9069412,293.6844992637634,5870,15560,jpeg,0.05055952072143555
1778636046.9570856,293.73464369773865,5871,15641,jpeg,0.05014443397521973
1778636047.0082135,293.78577160835266,5872,15007,jpeg,0.05112791061401367
1778636047.0571103,293.83466839790344,5873,14709,jpeg,0.04889678955078125
1778636047.1090746,293.88663268089294,5874,14499,jpeg,0.05196428298950195
1778636047.161399,293.9389569759369,5875,14265,jpeg,0.05232429504394531
1778636047.205964,293.98352217674255,5876,14275,jpeg,0.04456520080566406
1778636047.256177,294.03373503685,5877,14470,jpeg,0.050212860107421875
1778636047.3149648,294.09252285957336,5878,14809,jpeg,0.05878782272338867
1778636047.3584726,294.1360306739807,5879,15020,jpeg,0.04350781440734863
1778636047.4057772,294.18333530426025,5880,15191,jpeg,0.047304630279541016
1778636047.457946,294.2355041503906,5881,15241,jpeg,0.052168846130371094
1778636047.5112584,294.28881645202637,5882,15184,jpeg,0.05331230163574219
1778636047.5573816,294.33493971824646,5883,15171,jpeg,0.04612326622009277
1778636047.6090417,294.386599779129,5884,15041,jpeg,0.05166006088256836
1778636047.6555192,294.43307733535767,5885,15165,jpeg,0.046477556228637695
1778636047.710007,294.4875650405884,5886,15197,jpeg,0.05448770523071289
1778636047.7546928,294.53225088119507,5887,15275,jpeg,0.04468584060668945
1778636047.807282,294.5848400592804,5888,15387,jpeg,0.05258917808532715
1778636047.8568664,294.6344244480133,5889,15348,jpeg,0.049584388732910156
1778636047.906944,294.6845021247864,5890,15677,jpeg,0.05007767677307129
1778636047.9585176,294.73607563972473,5891,15700,jpeg,0.05157351493835449
1778636048.007199,294.7847571372986,5892,15673,jpeg,0.04868149757385254
1778636048.0568984,294.8344564437866,5893,15136,jpeg,0.04969930648803711
1778636048.1085424,294.8861005306244,5894,15162,jpeg,0.051644086837768555
1778636048.1587188,294.9362769126892,5895,15107,jpeg,0.050176382064819336
1778636048.2044866,294.98204469680786,5896,15335,jpeg,0.045767784118652344
1778636048.258402,295.03596019744873,5897,14906,jpeg,0.05391550064086914
1778636048.3118312,295.08938932418823,5898,15300,jpeg,0.05342912673950195
1778636048.3583367,295.1358947753906,5899,14994,jpeg,0.04650545120239258
1778636048.4078467,295.18540477752686,5900,14993,jpeg,0.04951000213623047
1778636048.4572854,295.23484349250793,5901,15045,jpeg,0.0494387149810791
1778636048.5058193,295.2833774089813,5902,15019,jpeg,0.04853391647338867
1778636048.558393,295.335951089859,5903,15073,jpeg,0.05257368087768555
1778636048.60931,295.3868680000305,5904,15078,jpeg,0.05091691017150879
1778636048.6581726,295.4357306957245,5905,15365,jpeg,0.04886269569396973
1778636048.7078779,295.485435962677,5906,15375,jpeg,0.04970526695251465
1778636048.755733,295.5332911014557,5907,15365,jpeg,0.04785513877868652
1778636048.806643,295.5842010974884,5908,15202,jpeg,0.050909996032714844
1778636048.8579605,295.6355185508728,5909,15233,jpeg,0.051317453384399414
1778636048.9048874,295.68244552612305,5910,15224,jpeg,0.04692697525024414
1778636048.9603932,295.7379512786865,5911,15732,jpeg,0.05550575256347656
1778636049.0073729,295.78493094444275,5912,15737,jpeg,0.046979665756225586
1778636049.054201,295.83175897598267,5913,15263,jpeg,0.04682803153991699
1778636049.1094766,295.8870346546173,5914,15214,jpeg,0.055275678634643555
1778636049.1570218,295.93457984924316,5915,15196,jpeg,0.04754519462585449
1778636049.2036037,295.98116183280945,5916,15216,jpeg,0.04658198356628418
1778636049.2558014,296.0333595275879,5917,15214,jpeg,0.05219769477844238
1778636049.310016,296.08757400512695,5918,15222,jpeg,0.0542144775390625
1778636049.3542523,296.13181042671204,5919,15224,jpeg,0.04423642158508301
1778636049.4063218,296.1838798522949,5920,15685,jpeg,0.05206942558288574
1778636049.4665658,296.24412393569946,5921,15666,jpeg,0.060244083404541016
1778636049.5060554,296.28361344337463,5922,15695,jpeg,0.0394895076751709
1778636049.5583966,296.3359546661377,5923,15330,jpeg,0.05234122276306152
1778636049.6085017,296.38605976104736,5924,15272,jpeg,0.05010509490966797
1778636049.6550393,296.43259739875793,5925,15293,jpeg,0.04653763771057129
1778636049.713557,296.4911150932312,5926,15771,jpeg,0.0585176944732666
1778636049.7646751,296.5422332286835,5927,15781,jpeg,0.05111813545227051
1778636049.8076413,296.5851993560791,5928,15756,jpeg,0.04296612739562988
1778636049.8609695,296.63852763175964,5929,15241,jpeg,0.05332827568054199
1778636049.9158175,296.6933755874634,5930,15237,jpeg,0.05484795570373535
1778636049.961689,296.73924708366394,5931,14907,jpeg,0.04587149620056152
1778636050.0061615,296.78371953964233,5932,15388,jpeg,0.044472455978393555
1778636050.057809,296.8353672027588,5933,15412,jpeg,0.05164766311645508
1778636050.1085804,296.88613843917847,5934,15432,jpeg,0.050771236419677734
1778636050.159504,296.9370620250702,5935,15245,jpeg,0.05092358589172363
1778636050.207244,296.98480200767517,5936,15950,jpeg,0.04773998260498047
1778636050.2613678,297.0389258861542,5937,15931,jpeg,0.054123878479003906
1778636050.307976,297.08553409576416,5938,15530,jpeg,0.04660820960998535
1778636050.35688,297.1344380378723,5939,15491,jpeg,0.0489039421081543
1778636050.4072995,297.1848576068878,5940,15465,jpeg,0.05041956901550293
1778636050.4573183,297.23487639427185,5941,15653,jpeg,0.0500187873840332
1778636050.5129273,297.2904853820801,5942,15634,jpeg,0.05560898780822754
1778636050.5561028,297.33366084098816,5943,15628,jpeg,0.043175458908081055
1778636050.6098425,297.38740062713623,5944,15574,jpeg,0.05373978614807129
1778636050.6570518,297.43460988998413,5945,15590,jpeg,0.04720926284790039
1778636050.7049756,297.4825336933136,5946,15575,jpeg,0.04792380332946777
1778636050.757816,297.5353741645813,5947,15414,jpeg,0.052840471267700195
1778636050.806112,297.58367013931274,5948,15441,jpeg,0.04829597473144531
1778636050.8563714,297.6339294910431,5949,15406,jpeg,0.05025935173034668
1778636050.9076698,297.68522787094116,5950,15655,jpeg,0.05129837989807129
1778636050.9628618,297.74041986465454,5951,15669,jpeg,0.055191993713378906
1778636051.006703,297.7842609882355,5952,15676,jpeg,0.04384112358093262
1778636051.057409,297.83496713638306,5953,15138,jpeg,0.05070614814758301
1778636051.1069345,297.88449263572693,5954,15167,jpeg,0.04952549934387207
1778636051.157355,297.93491315841675,5955,15172,jpeg,0.050420522689819336
1778636051.2095542,297.98711228370667,5956,15483,jpeg,0.05219912528991699
1778636051.2567253,298.0342833995819,5957,15500,jpeg,0.04717111587524414
1778636051.3070421,298.0846002101898,5958,15466,jpeg,0.050316810607910156
1778636051.358392,298.135950088501,5959,15802,jpeg,0.05134987831115723
1778636051.406427,298.1839849948883,5960,15710,jpeg,0.0480349063873291
1778636051.4612029,298.23876094818115,5961,15447,jpeg,0.05477595329284668
1778636051.5075917,298.28514981269836,5962,14649,jpeg,0.046388864517211914
1778636051.5561032,298.3336613178253,5963,14606,jpeg,0.048511505126953125
1778636051.6136916,298.39124965667725,5964,14486,jpeg,0.05758833885192871
1778636051.6591754,298.4367334842682,5965,14024,jpeg,0.04548382759094238
1778636051.714369,298.4919271469116,5966,13831,jpeg,0.05519366264343262
1778636051.7701015,298.5476596355438,5967,13541,jpeg,0.05573248863220215
1778636051.824598,298.60215616226196,5968,13137,jpeg,0.05449652671813965
1778636051.8989406,298.6764986515045,5969,13043,jpeg,0.07434248924255371
1778636051.9188159,298.69637393951416,5970,12956,jpeg,0.019875288009643555
1778636051.9633532,298.74091124534607,5971,12948,jpeg,0.04453730583190918
1778636052.1680686,298.94562673568726,5972,12677,jpeg,0.20471549034118652
1778636052.173583,298.9511411190033,5973,12630,jpeg,0.005514383316040039
1778636052.1768584,298.954416513443,5974,12445,jpeg,0.0032753944396972656
1778636052.204024,298.9815821647644,5975,11447,jpeg,0.027165651321411133
1778636052.2550666,299.0326247215271,5976,9533,jpeg,0.05104255676269531
1778636052.3059502,299.08350825309753,5977,9225,jpeg,0.05088353157043457
1778636052.3527188,299.13027691841125,5978,8655,jpeg,0.0467686653137207
1778636052.4039385,299.1814966201782,5979,8468,jpeg,0.05121970176696777
1778636052.4541833,299.23174142837524,5980,7933,jpeg,0.050244808197021484
1778636052.5207424,299.29830050468445,5981,7610,jpeg,0.0665590763092041
1778636052.5538223,299.33138036727905,5982,7549,jpeg,0.03307986259460449
1778636052.6046743,299.38223242759705,5983,7793,jpeg,0.050852060317993164
1778636052.6519687,299.4295268058777,5984,8866,jpeg,0.04729437828063965
1778636052.7036362,299.4811942577362,5985,9801,jpeg,0.05166745185852051
1778636052.7538433,299.53140139579773,5986,10683,jpeg,0.05020713806152344
1778636052.8033197,299.5808777809143,5987,11152,jpeg,0.04947638511657715
1778636052.8549685,299.63252663612366,5988,12928,jpeg,0.051648855209350586
1778636052.9050934,299.6826515197754,5989,12729,jpeg,0.0501248836517334
1778636052.9527235,299.7302815914154,5990,12215,jpeg,0.04763007164001465
1778636053.0055668,299.78312492370605,5991,13088,jpeg,0.052843332290649414
1778636053.0560827,299.8336408138275,5992,13709,jpeg,0.05051589012145996
1778636053.1026552,299.88021326065063,5993,13372,jpeg,0.04657244682312012
1778636053.155173,299.9327311515808,5994,12656,jpeg,0.05251789093017578
1778636053.2041678,299.9817259311676,5995,12905,jpeg,0.04899477958679199
1778636053.253424,300.0309820175171,5996,13772,jpeg,0.049256086349487305
1778636053.307124,300.08468198776245,5997,13180,jpeg,0.05369997024536133
1778636053.3554,300.13295817375183,5998,13616,jpeg,0.04827618598937988
1778636053.405468,300.18302607536316,5999,13220,jpeg,0.050067901611328125
1778636053.4914541,300.2690122127533,6000,13226,jpeg,0.08598613739013672
1778636053.5087764,300.2863345146179,6001,13939,jpeg,0.017322301864624023
1778636053.5549767,300.33253479003906,6002,13777,jpeg,0.04620027542114258
1778636053.6497614,300.42731952667236,6003,14225,jpeg,0.09478473663330078
1778636053.6582217,300.4357798099518,6004,14547,jpeg,0.008460283279418945
1778636053.7078485,300.4854066371918,6005,15117,jpeg,0.049626827239990234
1778636053.7644126,300.5419707298279,6006,16001,jpeg,0.0565640926361084
1778636053.8131363,300.59069442749023,6007,15969,jpeg,0.048723697662353516
1778636053.8686771,300.64623522758484,6008,15813,jpeg,0.05554080009460449
1778636053.924354,300.7019121646881,6009,15545,jpeg,0.055676937103271484
1778636053.9656413,300.7431993484497,6010,15767,jpeg,0.04128718376159668
1778636054.0054889,300.7830469608307,6011,15503,jpeg,0.039847612380981445
1778636054.0599391,300.8374972343445,6012,16983,jpeg,0.054450273513793945
1778636054.108154,300.88571214675903,6013,17022,jpeg,0.04821491241455078
1778636054.1605678,300.93812584877014,6014,16807,jpeg,0.0524137020111084
1778636054.2077532,300.98531126976013,6015,15261,jpeg,0.047185420989990234
1778636054.2618196,301.0393776893616,6016,15098,jpeg,0.05406641960144043
1778636054.3071632,301.084721326828,6017,14715,jpeg,0.045343637466430664
1778636054.3572817,301.1348397731781,6018,14265,jpeg,0.050118446350097656
1778636054.4146144,301.19217252731323,6019,14151,jpeg,0.057332754135131836
1778636054.4582314,301.2357895374298,6020,14218,jpeg,0.04361701011657715
1778636054.5080621,301.28562021255493,6021,14354,jpeg,0.04983067512512207
1778636054.557023,301.3345811367035,6022,14502,jpeg,0.04896092414855957
1778636054.6093936,301.3869516849518,6023,14505,jpeg,0.052370548248291016
1778636054.6575053,301.4350633621216,6024,13444,jpeg,0.048111677169799805
1778636054.7155385,301.4930965900421,6025,13447,jpeg,0.05803322792053223
1778636054.754596,301.53215408325195,6026,13527,jpeg,0.03905749320983887
1778636054.8121936,301.58975172042847,6027,14186,jpeg,0.05759763717651367
1778636054.8939242,301.6714823246002,6028,14016,jpeg,0.08173060417175293
1778636054.9052143,301.682772397995,6029,13842,jpeg,0.01129007339477539
1778636054.9530087,301.730566740036,6030,13731,jpeg,0.047794342041015625
1778636055.004353,301.78191113471985,6031,13614,jpeg,0.05134439468383789
1778636055.0535831,301.8311412334442,6032,13394,jpeg,0.049230098724365234
1778636055.1035223,301.8810803890228,6033,13494,jpeg,0.04993915557861328
1778636055.1556475,301.9332056045532,6034,13437,jpeg,0.05212521553039551
1778636055.204607,301.9821650981903,6035,13497,jpeg,0.04895949363708496
1778636055.2584438,302.0360019207001,6036,14330,jpeg,0.053836822509765625
1778636055.3080478,302.08560585975647,6037,14160,jpeg,0.049603939056396484
1778636055.3533075,302.13086557388306,6038,13943,jpeg,0.045259714126586914
1778636055.4040306,302.18158864974976,6039,13500,jpeg,0.05072307586669922
1778636055.4563742,302.2339322566986,6040,13545,jpeg,0.05234360694885254
1778636055.503119,302.2806770801544,6041,13482,jpeg,0.04674482345581055
1778636055.5585155,302.33607363700867,6042,12740,jpeg,0.05539655685424805
1778636055.6059244,302.3834824562073,6043,12513,jpeg,0.0474088191986084
1778636055.6532824,302.43084049224854,6044,12324,jpeg,0.047358036041259766
1778636055.707797,302.4853551387787,6045,12896,jpeg,0.05451464653015137
1778636055.7559817,302.5335397720337,6046,12773,jpeg,0.04818463325500488
1778636055.8028924,302.58045053482056,6047,12703,jpeg,0.046910762786865234
1778636055.854254,302.6318120956421,6048,12000,jpeg,0.0513615608215332
1778636055.905731,302.6832890510559,6049,11866,jpeg,0.05147695541381836
1778636055.9516075,302.72916555404663,6050,11715,jpeg,0.045876502990722656
1778636056.0035543,302.78111243247986,6051,11443,jpeg,0.05194687843322754
1778636056.0544608,302.8320188522339,6052,11196,jpeg,0.05090641975402832
1778636056.103819,302.88137698173523,6053,11122,jpeg,0.04935812950134277
1778636056.1557336,302.9332916736603,6054,9949,jpeg,0.05191469192504883
1778636056.2146761,302.9922342300415,6055,10044,jpeg,0.058942556381225586
1778636056.252408,303.02996611595154,6056,10150,jpeg,0.03773188591003418
1778636056.314355,303.091912984848,6057,9557,jpeg,0.061946868896484375
1778636056.3591237,303.13668179512024,6058,9387,jpeg,0.0447688102722168
1778636056.401434,303.17899203300476,6059,9433,jpeg,0.042310237884521484
1778636056.4631793,303.2407374382019,6060,10404,jpeg,0.061745405197143555
1778636056.50409,303.2816481590271,6061,10418,jpeg,0.04091072082519531
1778636056.5510912,303.32864928245544,6062,10535,jpeg,0.04700112342834473
1778636056.6063228,303.38388085365295,6063,11793,jpeg,0.055231571197509766
1778636056.6602051,303.4377632141113,6064,11788,jpeg,0.05388236045837402
1778636056.7014577,303.47901582717896,6065,11901,jpeg,0.04125261306762695
1778636056.7581952,303.53575325012207,6066,11892,jpeg,0.056737422943115234
1778636056.8026454,303.5802035331726,6067,12155,jpeg,0.04445028305053711
1778636056.8579984,303.6355564594269,6068,12685,jpeg,0.05535292625427246
1778636056.9045274,303.6820855140686,6069,13106,jpeg,0.04652905464172363
1778636056.954287,303.73184514045715,6070,13289,jpeg,0.049759626388549805
1778636057.000671,303.7782289981842,6071,13410,jpeg,0.04638385772705078
1778636057.0558374,303.8333954811096,6072,12944,jpeg,0.05516648292541504
1778636057.105061,303.88261914253235,6073,12486,jpeg,0.04922366142272949
1778636057.1518843,303.9294424057007,6074,12803,jpeg,0.04682326316833496
1778636057.2041717,303.98172974586487,6075,12645,jpeg,0.05228734016418457
1778636057.2705598,304.04811787605286,6076,12855,jpeg,0.06638813018798828
1778636057.3176765,304.09523463249207,6077,13651,jpeg,0.047116756439208984
1778636057.3556583,304.133216381073,6078,14050,jpeg,0.03798174858093262
1778636057.405052,304.1826100349426,6079,14546,jpeg,0.049393653869628906
1778636057.4639883,304.2415463924408,6080,14956,jpeg,0.058936357498168945
1778636057.5035026,304.2810606956482,6081,14913,jpeg,0.03951430320739746
1778636057.5675485,304.3451066017151,6082,14704,jpeg,0.06404590606689453
1778636057.6061993,304.383757352829,6083,15045,jpeg,0.0386507511138916
1778636057.6564467,304.43400478363037,6084,14881,jpeg,0.0502474308013916
1778636057.7063844,304.4839425086975,6085,14982,jpeg,0.04993772506713867
1778636057.759412,304.5369701385498,6086,15260,jpeg,0.05302762985229492
1778636057.805888,304.5834460258484,6087,15054,jpeg,0.046475887298583984
1778636057.8572705,304.6348285675049,6088,14268,jpeg,0.05138254165649414
1778636057.9044344,304.68199253082275,6089,13245,jpeg,0.047163963317871094
1778636057.9580162,304.7355742454529,6090,12915,jpeg,0.05358171463012695
1778636058.006175,304.78373312950134,6091,12131,jpeg,0.048158884048461914
1778636058.0539255,304.8314836025238,6092,12446,jpeg,0.04775047302246094
1778636058.1093447,304.88690280914307,6093,11785,jpeg,0.055419206619262695
1778636058.153728,304.9312860965729,6094,12036,jpeg,0.04438328742980957
1778636058.20154,304.97909808158875,6095,11425,jpeg,0.04781198501586914
1778636058.2571197,305.03467774391174,6096,12142,jpeg,0.05557966232299805
1778636058.3040452,305.0816032886505,6097,12555,jpeg,0.04692554473876953
1778636058.3525681,305.13012623786926,6098,12684,jpeg,0.04852294921875
1778636058.4030223,305.18058037757874,6099,12312,jpeg,0.050454139709472656
1778636058.4558022,305.23336029052734,6100,12423,jpeg,0.0527799129486084
1778636058.501416,305.2789740562439,6101,12587,jpeg,0.045613765716552734
1778636058.5537047,305.33126282691956,6102,13291,jpeg,0.05228877067565918
1778636058.6061673,305.3837254047394,6103,13259,jpeg,0.05246257781982422
1778636058.656785,305.4343430995941,6104,13424,jpeg,0.05061769485473633
1778636058.7024102,305.47996830940247,6105,13371,jpeg,0.04562520980834961
1778636058.7960625,305.57362055778503,6106,13342,jpeg,0.09365224838256836
1778636058.8035216,305.5810797214508,6107,13281,jpeg,0.007459163665771484
1778636058.8503392,305.62789726257324,6108,12986,jpeg,0.04681754112243652
1778636058.9068928,305.68445086479187,6109,13022,jpeg,0.05655360221862793
1778636058.9508219,305.7283799648285,6110,13159,jpeg,0.043929100036621094
1778636059.0009482,305.7785062789917,6111,13666,jpeg,0.05012631416320801
1778636059.0523734,305.82993149757385,6112,13451,jpeg,0.05142521858215332
1778636059.1005971,305.87815523147583,6113,13267,jpeg,0.04822373390197754
1778636059.1513422,305.9289002418518,6114,12511,jpeg,0.05074501037597656
1778636059.2028654,305.98042345046997,6115,12423,jpeg,0.05152320861816406
1778636059.2504575,306.0280156135559,6116,12851,jpeg,0.0475921630859375
1778636059.3004854,306.07804346084595,6117,12966,jpeg,0.05002784729003906
1778636059.3539636,306.13152170181274,6118,13260,jpeg,0.053478240966796875
1778636059.4015698,306.17912793159485,6119,13565,jpeg,0.04760622978210449
1778636059.4517546,306.22931265830994,6120,13495,jpeg,0.05018472671508789
1778636059.5033412,306.28089928627014,6121,13251,jpeg,0.05158662796020508
1778636059.5516703,306.3292284011841,6122,12686,jpeg,0.04832911491394043
1778636059.6003652,306.37792325019836,6123,12992,jpeg,0.04869484901428223
1778636059.6516142,306.42917227745056,6124,13007,jpeg,0.051249027252197266
1778636059.7002451,306.47780323028564,6125,13074,jpeg,0.04863095283508301
1778636059.754234,306.5317921638489,6126,12926,jpeg,0.05398893356323242
1778636059.8058708,306.5834288597107,6127,13161,jpeg,0.051636695861816406
1778636059.851322,306.6288800239563,6128,13123,jpeg,0.04545116424560547
1778636059.9064364,306.68399453163147,6129,13369,jpeg,0.0551145076751709
1778636059.9548888,306.7324469089508,6130,13872,jpeg,0.04845237731933594
1778636060.0007648,306.77832293510437,6131,13668,jpeg,0.04587602615356445
1778636060.0539937,306.8315517902374,6132,13617,jpeg,0.05322885513305664
1778636060.1044297,306.8819878101349,6133,13596,jpeg,0.05043601989746094
1778636060.1559286,306.933486700058,6134,13631,jpeg,0.0514988899230957
1778636060.2026885,306.9802465438843,6135,13589,jpeg,0.046759843826293945
1778636060.255098,307.03265619277954,6136,13572,jpeg,0.05240964889526367
1778636060.3059573,307.0835154056549,6137,13374,jpeg,0.05085921287536621
1778636060.350868,307.1284260749817,6138,13538,jpeg,0.04491066932678223
1778636060.4057379,307.1832959651947,6139,14297,jpeg,0.054869890213012695
1778636060.451312,307.2288701534271,6140,14466,jpeg,0.045574188232421875
1778636060.5024655,307.2800235748291,6141,14072,jpeg,0.05115342140197754
1778636060.5546105,307.33216857910156,6142,13822,jpeg,0.05214500427246094
1778636060.6005538,307.37811183929443,6143,14087,jpeg,0.045943260192871094
1778636060.6507227,307.4282808303833,6144,14412,jpeg,0.05016899108886719
1778636060.7037902,307.4813482761383,6145,14218,jpeg,0.05306744575500488
1778636060.7518926,307.5294506549835,6146,14237,jpeg,0.048102378845214844
1778636060.8165026,307.59406065940857,6147,14427,jpeg,0.06461000442504883
1778636060.8877685,307.6653265953064,6148,14553,jpeg,0.07126593589782715
1778636060.909217,307.68677496910095,6149,14457,jpeg,0.021448373794555664
1778636060.9544518,307.7320098876953,6150,14341,jpeg,0.04523491859436035
1778636061.0018656,307.7794237136841,6151,14421,jpeg,0.04741382598876953
1778636061.070042,307.84759998321533,6152,14347,jpeg,0.06817626953125
1778636061.145958,307.92351603507996,6153,14445,jpeg,0.07591605186462402
1778636061.1803198,307.9578778743744,6154,14544,jpeg,0.034361839294433594
1778636061.216318,307.9938759803772,6155,14638,jpeg,0.03599810600280762
1778636061.3309047,308.10846281051636,6156,14716,jpeg,0.11458683013916016
1778636061.3421893,308.1197474002838,6157,14707,jpeg,0.011284589767456055
1778636061.353468,308.1310260295868,6158,14781,jpeg,0.011278629302978516
1778636061.3999462,308.17750430107117,6159,14651,jpeg,0.046478271484375
1778636061.4535253,308.2310833930969,6160,14599,jpeg,0.053579092025756836
1778636061.5020144,308.27957248687744,6161,14538,jpeg,0.04848909378051758
1778636061.5528686,308.33042669296265,6162,14440,jpeg,0.05085420608520508
1778636061.6101253,308.38768339157104,6163,14372,jpeg,0.05725669860839844
1778636061.6522343,308.4297924041748,6164,14365,jpeg,0.042109012603759766
1778636061.7051687,308.48272681236267,6165,14365,jpeg,0.05293440818786621
1778636061.7535875,308.53114557266235,6166,14399,jpeg,0.04841876029968262
1778636061.8057845,308.58334255218506,6167,14409,jpeg,0.05219697952270508
1778636061.856843,308.63440108299255,6168,14396,jpeg,0.05105853080749512
1778636061.9046998,308.6822578907013,6169,14409,jpeg,0.047856807708740234
1778636061.9532115,308.7307696342468,6170,14424,jpeg,0.04851174354553223
1778636062.0069244,308.78448247909546,6171,14461,jpeg,0.05371284484863281
1778636062.0563657,308.8339238166809,6172,14494,jpeg,0.04944133758544922
1778636062.103744,308.8813021183014,6173,14435,jpeg,0.0473783016204834
1778636062.154704,308.9322621822357,6174,14437,jpeg,0.05096006393432617
1778636062.2073872,308.9849452972412,6175,14455,jpeg,0.052683115005493164
1778636062.2560847,309.03364276885986,6176,14387,jpeg,0.048697471618652344
1778636062.3020797,309.0796377658844,6177,14531,jpeg,0.04599499702453613
1778636062.3521771,309.12973523139954,6178,14469,jpeg,0.05009746551513672
1778636062.4013572,309.1789152622223,6179,14414,jpeg,0.049180030822753906
1778636062.4575205,309.23507857322693,6180,14393,jpeg,0.05616331100463867
1778636062.5033493,309.28090739250183,6181,14328,jpeg,0.045828819274902344
1778636062.550999,309.32855701446533,6182,14185,jpeg,0.04764962196350098
1778636062.614045,309.3916029930115,6183,13576,jpeg,0.06304597854614258
1778636062.6520703,309.4296283721924,6184,14040,jpeg,0.0380253791809082
1778636062.6999109,309.47746896743774,6185,14005,jpeg,0.04784059524536133
1778636062.7548704,309.5324285030365,6186,14037,jpeg,0.05495953559875488
1778636062.802003,309.57956099510193,6187,13989,jpeg,0.04713249206542969
1778636062.8548121,309.63237023353577,6188,13988,jpeg,0.05280923843383789
1778636062.9002755,309.6778335571289,6189,14036,jpeg,0.04546332359313965
1778636062.9589064,309.73646450042725,6190,14058,jpeg,0.058630943298339844
1778636063.0008318,309.7783899307251,6191,14065,jpeg,0.04192543029785156
1778636063.051512,309.82907009124756,6192,13980,jpeg,0.05068016052246094
1778636063.1062405,309.88379859924316,6193,13952,jpeg,0.05472850799560547
1778636063.1507819,309.9283399581909,6194,14059,jpeg,0.044541358947753906
1778636063.2064855,309.98404359817505,6195,14207,jpeg,0.05570363998413086
1778636063.2527301,310.0302882194519,6196,14241,jpeg,0.04624462127685547
1778636063.3034747,310.0810327529907,6197,14305,jpeg,0.05074453353881836
1778636063.3500314,310.1275894641876,6198,14739,jpeg,0.046556711196899414
1778636063.4082494,310.18580746650696,6199,14835,jpeg,0.05821800231933594
1778636063.4592805,310.23683857917786,6200,14832,jpeg,0.05103111267089844
1778636063.5022361,310.279794216156,6201,14475,jpeg,0.042955636978149414
1778636063.5527787,310.3303368091583,6202,14460,jpeg,0.050542593002319336
1778636063.6020906,310.3796486854553,6203,14472,jpeg,0.04931187629699707
1778636063.6523478,310.42990589141846,6204,14676,jpeg,0.050257205963134766
1778636063.7032254,310.4807834625244,6205,14672,jpeg,0.05087757110595703
1778636063.7525194,310.530077457428,6206,14647,jpeg,0.04929399490356445
1778636063.8011308,310.5786888599396,6207,14559,jpeg,0.04861140251159668
1778636063.854455,310.6320130825043,6208,14580,jpeg,0.053324222564697266
1778636063.9041705,310.6817286014557,6209,14469,jpeg,0.049715518951416016
1778636063.9545035,310.732061624527,6210,14319,jpeg,0.05033302307128906
1778636064.0029132,310.78047132492065,6211,14462,jpeg,0.04840970039367676
1778636064.0560558,310.8336138725281,6212,14470,jpeg,0.053142547607421875
1778636064.1054144,310.8829724788666,6213,14817,jpeg,0.04935860633850098
1778636064.1530313,310.93058943748474,6214,14830,jpeg,0.04761695861816406
1778636064.2068167,310.9843747615814,6215,14931,jpeg,0.05378532409667969
1778636064.2538962,311.0314543247223,6216,15016,jpeg,0.04707956314086914
1778636064.3042116,311.0817697048187,6217,15041,jpeg,0.05031538009643555
1778636064.3550704,311.13262844085693,6218,15135,jpeg,0.05085873603820801
1778636064.4066746,311.184232711792,6219,15271,jpeg,0.051604270935058594
1778636064.4561088,311.23366689682007,6220,15127,jpeg,0.04943418502807617
1778636064.508792,311.28635001182556,6221,15156,jpeg,0.052683115005493164
1778636064.554916,311.3324739933014,6222,14733,jpeg,0.04612398147583008
1778636064.6067336,311.38429164886475,6223,14475,jpeg,0.05181765556335449
1778636064.652409,311.4299671649933,6224,14258,jpeg,0.04567551612854004
1778636064.708639,311.4861969947815,6225,14271,jpeg,0.05622982978820801
1778636064.7585897,311.5361478328705,6226,14002,jpeg,0.04995083808898926
1778636064.8052416,311.58279967308044,6227,14278,jpeg,0.04665184020996094
1778636064.8543005,311.631858587265,6228,14513,jpeg,0.04905891418457031
1778636064.9037323,311.6812903881073,6229,14380,jpeg,0.049431800842285156
1778636064.9525397,311.7300977706909,6230,13624,jpeg,0.048807382583618164
1778636065.0045838,311.7821419239044,6231,13910,jpeg,0.05204415321350098
1778636065.052501,311.8300590515137,6232,13583,jpeg,0.04791712760925293
1778636065.1008947,311.87845277786255,6233,13564,jpeg,0.04839372634887695
1778636065.1582682,311.9358263015747,6234,14306,jpeg,0.0573735237121582
1778636065.2032144,311.9807724952698,6235,14012,jpeg,0.04494619369506836
1778636065.2535453,312.03110337257385,6236,13021,jpeg,0.05033087730407715
1778636065.3046417,312.0821998119354,6237,13118,jpeg,0.051096439361572266
1778636065.3581705,312.135728597641,6238,13182,jpeg,0.053528785705566406
1778636065.4028842,312.18044233322144,6239,13950,jpeg,0.044713735580444336
1778636065.454606,312.232164144516,6240,13722,jpeg,0.051721811294555664
1778636065.503657,312.28121519088745,6241,14316,jpeg,0.04905104637145996
1778636065.553289,312.3308470249176,6242,14587,jpeg,0.04963183403015137
1778636065.6342604,312.4118185043335,6243,16356,jpeg,0.08097147941589355
1778636065.65393,312.4314880371094,6244,17128,jpeg,0.019669532775878906
1778636065.7044547,312.48201274871826,6245,16655,jpeg,0.05052471160888672
1778636065.7531931,312.5307512283325,6246,17144,jpeg,0.04873847961425781
1778636065.8080614,312.5856194496155,6247,17392,jpeg,0.054868221282958984
1778636065.8566349,312.634192943573,6248,16962,jpeg,0.04857349395751953
1778636065.908647,312.6862051486969,6249,17278,jpeg,0.05201220512390137
1778636065.9547527,312.73231077194214,6250,17167,jpeg,0.04610562324523926
1778636066.0019138,312.77947187423706,6251,17234,jpeg,0.047161102294921875
1778636066.0512698,312.8288278579712,6252,17042,jpeg,0.04935598373413086
1778636066.1043627,312.88192081451416,6253,16920,jpeg,0.05309295654296875
1778636066.1561027,312.9336607456207,6254,16677,jpeg,0.05173993110656738
1778636066.1998432,312.9774012565613,6255,15031,jpeg,0.04374051094055176
1778636066.2529721,313.0305302143097,6256,14757,jpeg,0.053128957748413086
1778636066.299917,313.07747507095337,6257,14506,jpeg,0.04694485664367676
1778636066.356038,313.1335961818695,6258,14290,jpeg,0.056121110916137695
1778636066.4018996,313.17945766448975,6259,13922,jpeg,0.04586148262023926
1778636066.4485998,313.22615790367126,6260,13359,jpeg,0.046700239181518555
1778636066.50003,313.2775881290436,6261,13071,jpeg,0.05143022537231445
1778636066.553284,313.33084201812744,6262,12894,jpeg,0.053253889083862305
1778636066.5978765,313.3754346370697,6263,12893,jpeg,0.04459261894226074
1778636066.6548667,313.43242478370667,6264,12930,jpeg,0.05699014663696289
1778636066.7035263,313.48108434677124,6265,12980,jpeg,0.048659563064575195
1778636066.7493389,313.52689695358276,6266,12657,jpeg,0.04581260681152344
1778636066.808354,313.58591198921204,6267,13157,jpeg,0.05901503562927246
1778636066.8580894,313.6356475353241,6268,13410,jpeg,0.04973554611206055
1778636066.8994524,313.67701053619385,6269,13266,jpeg,0.04136300086975098
1778636066.9488473,313.7264053821564,6270,10235,jpeg,0.049394845962524414
1778636066.9993083,313.77686643600464,6271,10435,jpeg,0.0504610538482666
1778636067.0521488,313.82970690727234,6272,10525,jpeg,0.052840471267700195
1778636067.0983784,313.8759365081787,6273,10686,jpeg,0.04622960090637207
1778636067.1554358,313.932993888855,6274,10949,jpeg,0.05705738067626953
1778636067.2006917,313.9782497882843,6275,11483,jpeg,0.04525589942932129
1778636067.2485862,314.02614426612854,6276,11719,jpeg,0.04789447784423828
1778636067.304522,314.0820801258087,6277,11612,jpeg,0.05593585968017578
1778636067.352221,314.1297791004181,6278,11593,jpeg,0.047698974609375
1778636067.3984048,314.1759629249573,6279,12336,jpeg,0.04618382453918457
1778636067.448872,314.2264301776886,6280,12097,jpeg,0.05046725273132324
1778636067.5044699,314.2820279598236,6281,12007,jpeg,0.055597782135009766
1778636067.547587,314.3251450061798,6282,12215,jpeg,0.04311704635620117
1778636067.60449,314.3820481300354,6283,11894,jpeg,0.05690312385559082
1778636067.6482468,314.42580485343933,6284,11886,jpeg,0.043756723403930664
1778636067.700561,314.47811913490295,6285,14071,jpeg,0.05231428146362305
1778636067.749768,314.52732610702515,6286,14016,jpeg,0.04920697212219238
1778636067.8004224,314.57798051834106,6287,13965,jpeg,0.05065441131591797
1778636067.8484416,314.6259996891022,6288,11831,jpeg,0.0480191707611084
1778636067.9013338,314.67889189720154,6289,11426,jpeg,0.052892208099365234
1778636067.949102,314.72666001319885,6290,12282,jpeg,0.04776811599731445
1778636068.0084357,314.7859938144684,6291,11724,jpeg,0.05933380126953125
1778636068.0501919,314.8277499675751,6292,12141,jpeg,0.04175615310668945
1778636068.0975692,314.87512731552124,6293,12317,jpeg,0.04737734794616699
1778636068.1490977,314.92665576934814,6294,14229,jpeg,0.0515284538269043
1778636068.2025695,314.9801275730133,6295,14126,jpeg,0.05347180366516113
1778636068.2497065,315.02726459503174,6296,14476,jpeg,0.04713702201843262
1778636068.2986693,315.07622742652893,6297,12705,jpeg,0.04896283149719238
1778636068.3519537,315.1295118331909,6298,13185,jpeg,0.053284406661987305
1778636068.39941,315.17696809768677,6299,13019,jpeg,0.04745626449584961
1778636068.4498954,315.2274534702301,6300,14773,jpeg,0.05048537254333496
1778636068.502945,315.2805030345917,6301,14954,jpeg,0.053049564361572266
1778636068.5529373,315.3304953575134,6302,15192,jpeg,0.04999232292175293
1778636068.6024332,315.3799912929535,6303,13259,jpeg,0.04949593544006348
1778636068.6545765,315.4321346282959,6304,13079,jpeg,0.05214333534240723
1778636068.7045288,315.48208689689636,6305,13269,jpeg,0.04995226860046387
1778636068.754433,315.53199100494385,6306,13872,jpeg,0.04990410804748535
1778636068.8057156,315.5832736492157,6307,13333,jpeg,0.051282644271850586
1778636068.849018,315.62657618522644,6308,13866,jpeg,0.04330253601074219
1778636068.8977215,315.67527961730957,6309,13855,jpeg,0.04870343208312988
1778636068.951075,315.7286331653595,6310,13242,jpeg,0.05335354804992676
1778636068.998727,315.7762851715088,6311,13330,jpeg,0.04765200614929199
1778636069.0502853,315.8278434276581,6312,13365,jpeg,0.05155825614929199
1778636069.1004117,315.8779697418213,6313,13182,jpeg,0.05012631416320801
1778636069.1958032,315.9733612537384,6314,13239,jpeg,0.09539151191711426
1778636069.2395763,316.0171344280243,6315,13048,jpeg,0.04377317428588867
1778636069.2498918,316.0274498462677,6316,13042,jpeg,0.010315418243408203
1778636069.2989128,316.0764708518982,6317,13319,jpeg,0.049021005630493164
1778636069.3541565,316.13171458244324,6318,14954,jpeg,0.055243730545043945
1778636069.4298456,316.20740365982056,6319,14726,jpeg,0.07568907737731934
1778636069.4526072,316.2301652431488,6320,14576,jpeg,0.02276158332824707
1778636069.4978719,316.27542996406555,6321,14596,jpeg,0.04526472091674805
1778636069.5605242,316.3380823135376,6322,15093,jpeg,0.0626523494720459
1778636069.604925,316.3824830055237,6323,15295,jpeg,0.044400691986083984
1778636069.6477025,316.42526054382324,6324,13385,jpeg,0.04277753829956055
1778636069.7022572,316.4798152446747,6325,13216,jpeg,0.05455470085144043
1778636069.747835,316.5253930091858,6326,12972,jpeg,0.0455777645111084
1778636069.801888,316.5794460773468,6327,12970,jpeg,0.05405306816101074
1778636069.8549302,316.6324882507324,6328,13911,jpeg,0.05304217338562012
1778636069.8995368,316.67709493637085,6329,13701,jpeg,0.044606685638427734
1778636070.0922928,316.86985087394714,6330,15094,jpeg,0.19275593757629395
1778636070.0994394,316.8769974708557,6331,15170,jpeg,0.007146596908569336
1778636070.1046276,316.88218569755554,6332,15198,jpeg,0.0051882266998291016
1778636070.1102245,316.88778257369995,6333,13147,jpeg,0.00559687614440918
1778636070.1490967,316.9266548156738,6334,13588,jpeg,0.03887224197387695
1778636070.19813,316.97568798065186,6335,13566,jpeg,0.049033164978027344
1778636070.2503154,317.02787351608276,6336,15665,jpeg,0.0521855354309082
1778636070.3031783,317.0807363986969,6337,15732,jpeg,0.05286288261413574
1778636070.3499427,317.1275007724762,6338,15782,jpeg,0.046764373779296875
1778636070.4017887,317.17934679985046,6339,14565,jpeg,0.05184602737426758
1778636070.4527795,317.2303376197815,6340,14574,jpeg,0.05099081993103027
1778636070.5000591,317.27761721611023,6341,14648,jpeg,0.04727959632873535
1778636070.5538368,317.3313949108124,6342,15144,jpeg,0.05377769470214844
1778636070.604502,317.38206005096436,6343,15242,jpeg,0.05066514015197754
1778636070.6517937,317.4293518066406,6344,15326,jpeg,0.04729175567626953
1778636070.7067127,317.48427081108093,6345,16642,jpeg,0.05491900444030762
1778636070.7563097,317.53386783599854,6346,16811,jpeg,0.04959702491760254
1778636070.804626,317.5821840763092,6347,16928,jpeg,0.048316240310668945
1778636070.8587463,317.6363043785095,6348,14536,jpeg,0.05412030220031738
1778636070.902451,317.6800091266632,6349,14666,jpeg,0.04370474815368652
1778636070.9633949,317.7409529685974,6350,14684,jpeg,0.0609438419342041
1778636070.9983425,317.7759006023407,6351,14729,jpeg,0.03494763374328613
1778636071.0495934,317.8271515369415,6352,14722,jpeg,0.05125093460083008
1778636071.1004841,317.87804222106934,6353,14725,jpeg,0.05089068412780762
1778636071.1511042,317.92866230010986,6354,14706,jpeg,0.050620079040527344
1778636071.2013977,317.978955745697,6355,14715,jpeg,0.0502934455871582
1778636071.2512164,318.0287744998932,6356,14710,jpeg,0.04981875419616699
1778636071.3071244,318.0846824645996,6357,14741,jpeg,0.0559079647064209
1778636071.3533018,318.13085985183716,6358,14696,jpeg,0.04617738723754883
1778636071.401318,318.1788761615753,6359,14684,jpeg,0.04801630973815918
1778636071.4488513,318.2264094352722,6360,14677,jpeg,0.047533273696899414
1778636071.5038304,318.28138852119446,6361,14677,jpeg,0.05497908592224121
1778636071.5511308,318.3286888599396,6362,14650,jpeg,0.04730033874511719
1778636071.605061,318.38261914253235,6363,14657,jpeg,0.05393028259277344
1778636071.653965,318.4315230846405,6364,14668,jpeg,0.0489039421081543
1778636071.6995332,318.47709131240845,6365,14673,jpeg,0.045568227767944336
1778636071.755478,318.53303599357605,6366,14630,jpeg,0.05594468116760254
1778636071.8025775,318.58013558387756,6367,14626,jpeg,0.04709959030151367
1778636071.850105,318.62766313552856,6368,14602,jpeg,0.04752755165100098
1778636071.8979392,318.6754972934723,6369,14588,jpeg,0.047834157943725586
1778636071.9518046,318.72936272621155,6370,14585,jpeg,0.05386543273925781
1778636072.0002596,318.77781772613525,6371,14591,jpeg,0.048454999923706055
1778636072.0486145,318.82617259025574,6372,14558,jpeg,0.0483548641204834
1778636072.1006374,318.8781955242157,6373,14551,jpeg,0.05202293395996094
1778636072.1494656,318.9270236492157,6374,14560,jpeg,0.048828125
1778636072.1970425,318.9746005535126,6375,14538,jpeg,0.047576904296875
1778636072.2495618,319.0271198749542,6376,14552,jpeg,0.05251932144165039
1778636072.2986677,319.0762257575989,6377,14519,jpeg,0.04910588264465332
1778636072.350114,319.12767219543457,6378,14530,jpeg,0.05144643783569336
1778636072.3998148,319.1773729324341,6379,14518,jpeg,0.04970073699951172
1778636072.4485328,319.22609090805054,6380,14508,jpeg,0.04871797561645508
1778636072.5011706,319.278728723526,6381,14497,jpeg,0.05263781547546387
1778636072.5504973,319.3280553817749,6382,14499,jpeg,0.04932665824890137
1778636072.598422,319.3759801387787,6383,14500,jpeg,0.04792475700378418
1778636072.6502814,319.4278395175934,6384,14480,jpeg,0.051859378814697266
1778636072.7008991,319.4784572124481,6385,14485,jpeg,0.05061769485473633
1778636072.7514145,319.5289726257324,6386,14493,jpeg,0.05051541328430176
1778636072.798707,319.57626509666443,6387,14500,jpeg,0.047292470932006836
1778636072.8527236,319.63028168678284,6388,14488,jpeg,0.0540165901184082
1778636072.8992465,319.6768045425415,6389,14470,jpeg,0.04652285575866699
1778636072.9477203,319.72527837753296,6390,14516,jpeg,0.04847383499145508
1778636073.0032074,319.78076553344727,6391,14500,jpeg,0.05548715591430664
1778636073.0502532,319.8278112411499,6392,14471,jpeg,0.04704570770263672
1778636073.105919,319.88347697257996,6393,14475,jpeg,0.05566573143005371
1778636073.154071,319.9316291809082,6394,14496,jpeg,0.04815220832824707
1778636073.1981516,319.97570967674255,6395,14494,jpeg,0.044080495834350586
1778636073.2475932,320.0251512527466,6396,14468,jpeg,0.04944157600402832
1778636073.2990944,320.07665252685547,6397,14483,jpeg,0.05150127410888672
1778636073.3487964,320.1263544559479,6398,14480,jpeg,0.04970192909240723
1778636073.3970861,320.17464423179626,6399,14450,jpeg,0.04828977584838867
1778636073.448587,320.226145029068,6400,14445,jpeg,0.051500797271728516
1778636073.4969275,320.27448558807373,6401,14446,jpeg,0.048340559005737305
1778636073.550857,320.32841515541077,6402,14444,jpeg,0.05392956733703613
1778636073.5977929,320.37535095214844,6403,14435,jpeg,0.0469357967376709
1778636073.6523998,320.4299578666687,6404,14448,jpeg,0.05460691452026367
1778636073.6998491,320.47740721702576,6405,14469,jpeg,0.047449350357055664
1778636073.7492418,320.52679991722107,6406,14440,jpeg,0.0493927001953125
1778636073.7991264,320.57668447494507,6407,14452,jpeg,0.04988455772399902
1778636073.852589,320.63014698028564,6408,14466,jpeg,0.05346250534057617
1778636073.89826,320.67581820487976,6409,14460,jpeg,0.04567122459411621
1778636073.9484425,320.72600054740906,6410,14460,jpeg,0.050182342529296875
1778636073.9968598,320.77441787719727,6411,14467,jpeg,0.04841732978820801
1778636074.0486963,320.82625436782837,6412,14420,jpeg,0.051836490631103516
1778636074.097405,320.87496304512024,6413,14374,jpeg,0.04870867729187012
1778636074.1491327,320.9266908168793,6414,14443,jpeg,0.0517277717590332
1778636074.1984932,320.9760513305664,6415,14641,jpeg,0.04936051368713379
1778636074.2464714,321.0240294933319,6416,14746,jpeg,0.04797816276550293
1778636074.2984447,321.0760028362274,6417,14755,jpeg,0.05197334289550781
1778636074.349654,321.1272120475769,6418,14679,jpeg,0.051209211349487305
1778636074.3979166,321.1754746437073,6419,14622,jpeg,0.048262596130371094
1778636074.4478672,321.2254252433777,6420,14600,jpeg,0.049950599670410156
1778636074.5017476,321.2793056964874,6421,14680,jpeg,0.05388045310974121
1778636074.547491,321.325049161911,6422,14635,jpeg,0.045743465423583984
1778636074.5966895,321.37424755096436,6423,14671,jpeg,0.04919838905334473
1778636074.6503236,321.4278817176819,6424,14652,jpeg,0.0536341667175293
1778636074.6972134,321.4747714996338,6425,14656,jpeg,0.0468897819519043
1778636074.7513058,321.52886390686035,6426,14660,jpeg,0.0540924072265625
1778636074.8021595,321.5797176361084,6427,14643,jpeg,0.050853729248046875
1778636074.847206,321.62476420402527,6428,14627,jpeg,0.04504656791687012
1778636074.9028652,321.6804232597351,6429,14592,jpeg,0.05565905570983887
1778636074.9509845,321.72854256629944,6430,14598,jpeg,0.048119306564331055
1778636075.0026684,321.7802264690399,6431,14619,jpeg,0.051683902740478516
1778636075.052351,321.8299090862274,6432,14596,jpeg,0.0496826171875
1778636075.1008675,321.87842559814453,6433,14591,jpeg,0.04851651191711426
1778636075.1542215,321.9317796230316,6434,14582,jpeg,0.05335402488708496
1778636075.196294,321.9738521575928,6435,14606,jpeg,0.04207253456115723
1778636075.253995,322.03155303001404,6436,14585,jpeg,0.05770087242126465
1778636075.2993653,322.0769233703613,6437,14608,jpeg,0.04537034034729004
1778636075.3469906,322.12454867362976,6438,14605,jpeg,0.04762530326843262
1778636075.4004714,322.1780295372009,6439,14592,jpeg,0.05348086357116699
1778636075.4511561,322.2287142276764,6440,14605,jpeg,0.05068469047546387
1778636075.4983351,322.27589321136475,6441,14585,jpeg,0.04717898368835449
1778636075.5710518,322.3486099243164,6442,14607,jpeg,0.07271671295166016
1778636075.6206064,322.39816451072693,6443,14601,jpeg,0.04955458641052246
1778636076.034072,322.81163001060486,6444,14591,jpeg,0.4134654998779297
1778636076.0385017,322.81605982780457,6445,14600,jpeg,0.004429817199707031
1778636076.043991,322.8215491771698,6446,14625,jpeg,0.005489349365234375
1778636076.5723808,323.3499388694763,6447,14585,jpeg,0.5283896923065186
1778636076.5919118,323.36946988105774,6448,14573,jpeg,0.0195310115814209
1778636076.5950243,323.3725824356079,6449,14594,jpeg,0.0031125545501708984
1778636076.5977054,323.3752634525299,6450,14607,jpeg,0.0026810169219970703
1778636076.6519754,323.4295334815979,6451,14601,jpeg,0.054270029067993164
1778636076.6538606,323.43141865730286,6452,14605,jpeg,0.0018851757049560547
1778636076.656173,323.43373107910156,6453,14611,jpeg,0.0023124217987060547
1778636076.658062,323.4356200695038,6454,14618,jpeg,0.0018889904022216797
1778636076.6646402,323.4421982765198,6455,14619,jpeg,0.006578207015991211
1778636076.6673684,323.44492650032043,6456,14606,jpeg,0.0027282238006591797
1778636076.6693187,323.4468767642975,6457,14616,jpeg,0.0019502639770507812
1778636076.671316,323.4488739967346,6458,14626,jpeg,0.001997232437133789
1778636076.6737795,323.4513375759125,6459,14586,jpeg,0.0024635791778564453
1778636076.6933935,323.4709515571594,6460,14575,jpeg,0.019613981246948242
1778636076.7001855,323.47774362564087,6461,14585,jpeg,0.0067920684814453125
1778636076.701898,323.47945618629456,6462,14606,jpeg,0.0017125606536865234
1778636076.7054033,323.4829614162445,6463,14041,jpeg,0.003505229949951172
1778636076.7070682,323.4846262931824,6464,14528,jpeg,0.001664876937866211
1778636077.0142126,323.79177069664,6465,14656,jpeg,0.3071444034576416
1778636077.0209534,323.79851150512695,6466,14640,jpeg,0.0067408084869384766
1778636077.0252836,323.8028416633606,6467,14656,jpeg,0.004330158233642578
1778636077.1609502,323.938508272171,6468,14615,jpeg,0.1356666088104248
1778636077.2196457,323.9972038269043,6469,14626,jpeg,0.05869555473327637
1778636077.2230203,324.0005784034729,6470,14643,jpeg,0.0033745765686035156
1778636077.2264397,324.0039978027344,6471,14657,jpeg,0.0034193992614746094
1778636077.2317955,324.0093536376953,6472,14659,jpeg,0.0053558349609375
1778636077.2350976,324.01265573501587,6473,14663,jpeg,0.0033020973205566406
1778636077.2383041,324.0158622264862,6474,14641,jpeg,0.003206491470336914
1778636077.2419515,324.0195095539093,6475,14645,jpeg,0.003647327423095703
1778636077.2490017,324.0265598297119,6476,14666,jpeg,0.007050275802612305
1778636077.3138778,324.09143590927124,6477,14633,jpeg,0.06487607955932617
1778636077.3514972,324.12905526161194,6478,14651,jpeg,0.03761935234069824
1778636077.404345,324.1819031238556,6479,14656,jpeg,0.052847862243652344
1778636077.4493299,324.2268879413605,6480,14650,jpeg,0.04498481750488281
1778636077.5098467,324.2874047756195,6481,14671,jpeg,0.0605168342590332
1778636077.5565886,324.33414673805237,6482,14644,jpeg,0.04674196243286133
1778636077.6005414,324.3780994415283,6483,14649,jpeg,0.04395270347595215
1778636077.6501515,324.4277095794678,6484,14669,jpeg,0.049610137939453125
1778636077.696962,324.4745202064514,6485,14647,jpeg,0.04681062698364258
1778636077.752388,324.5299460887909,6486,14648,jpeg,0.05542588233947754
1778636077.8055055,324.5830636024475,6487,14666,jpeg,0.05311751365661621
1778636077.850844,324.6284019947052,6488,14648,jpeg,0.04533839225769043
1778636077.9034615,324.68101954460144,6489,14652,jpeg,0.052617549896240234
1778636077.9587781,324.7363362312317,6490,14672,jpeg,0.05531668663024902
1778636078.0004518,324.77800989151,6491,14658,jpeg,0.04167366027832031
1778636078.0461168,324.82367491722107,6492,14658,jpeg,0.04566502571105957
1778636078.097479,324.87503719329834,6493,14646,jpeg,0.05136227607727051
1778636078.1477065,324.9252645969391,6494,14654,jpeg,0.05022740364074707
1778636078.1960785,324.97363662719727,6495,14624,jpeg,0.04837203025817871
1778636078.2488456,325.0264036655426,6496,14628,jpeg,0.052767038345336914
1778636078.3035736,325.08113169670105,6497,14625,jpeg,0.054728031158447266
1778636078.3475168,325.12507486343384,6498,14635,jpeg,0.043943166732788086
1778636078.397424,325.17498207092285,6499,14634,jpeg,0.04990720748901367
1778636078.4460237,325.2235817909241,6500,14683,jpeg,0.0485997200012207
1778636078.4961782,325.2737362384796,6501,14639,jpeg,0.05015444755554199
1778636078.5493138,325.32687187194824,6502,14664,jpeg,0.05313563346862793
1778636078.6013558,325.37891387939453,6503,14640,jpeg,0.05204200744628906
1778636078.6481776,325.4257357120514,6504,14621,jpeg,0.04682183265686035
1778636078.7026258,325.480183839798,6505,14596,jpeg,0.05444812774658203
1778636078.7475963,325.5251543521881,6506,14572,jpeg,0.04497051239013672
1778636078.7969089,325.57446694374084,6507,14530,jpeg,0.049312591552734375
1778636078.846892,325.6244502067566,6508,14535,jpeg,0.04998326301574707
1778636078.896565,325.67412304878235,6509,14543,jpeg,0.049672842025756836
1778636078.9481978,325.7257559299469,6510,14552,jpeg,0.05163288116455078
1778636078.9968867,325.7744448184967,6511,14553,jpeg,0.04868888854980469
1778636079.0450864,325.8226444721222,6512,14534,jpeg,0.04819965362548828
1778636079.0997937,325.87735176086426,6513,14580,jpeg,0.05470728874206543
1778636079.147022,325.9245800971985,6514,14563,jpeg,0.047228336334228516
1778636079.1969283,325.9744863510132,6515,14575,jpeg,0.049906253814697266
1778636079.2498384,326.027396440506,6516,14591,jpeg,0.05291008949279785
1778636079.2975664,326.075124502182,6517,14585,jpeg,0.04772806167602539
1778636079.3517284,326.12928652763367,6518,14569,jpeg,0.054162025451660156
1778636079.4015248,326.1790828704834,6519,14541,jpeg,0.049796342849731445
1778636079.453489,326.2310471534729,6520,14564,jpeg,0.05196428298950195
1778636079.4955528,326.27311086654663,6521,14530,jpeg,0.04206371307373047
1778636079.545589,326.32314705848694,6522,14530,jpeg,0.05003619194030762
1778636079.6014667,326.3790247440338,6523,14549,jpeg,0.055877685546875
1778636079.650503,326.42806100845337,6524,14517,jpeg,0.049036264419555664
1778636079.7525687,326.53012681007385,6525,14439,jpeg,0.1020658016204834
1778636079.8097427,326.5873007774353,6526,14447,jpeg,0.057173967361450195
1778636079.85853,326.6360881328583,6527,14290,jpeg,0.04878735542297363
1778636079.8989568,326.6765148639679,6528,14155,jpeg,0.04042673110961914
1778636079.948224,326.7257821559906,6529,14234,jpeg,0.04926729202270508
1778636080.0007079,326.77826595306396,6530,14275,jpeg,0.05248379707336426
1778636080.049455,326.82701301574707,6531,14299,jpeg,0.04874706268310547
1778636080.100921,326.87847900390625,6532,14345,jpeg,0.05146598815917969
1778636080.14592,326.9234781265259,6533,14275,jpeg,0.044999122619628906
1778636080.1985729,326.9761309623718,6534,13689,jpeg,0.052652835845947266
1778636080.2474296,327.0249876976013,6535,14183,jpeg,0.04885673522949219
1778636080.2967958,327.07435393333435,6536,14055,jpeg,0.04936623573303223
1778636080.3478105,327.1253685951233,6537,13882,jpeg,0.05101466178894043
1778636080.3994977,327.1770558357239,6538,14144,jpeg,0.05168724060058594
1778636080.446723,327.2242810726166,6539,13656,jpeg,0.047225236892700195
1778636080.4971323,327.2746903896332,6540,14023,jpeg,0.05040931701660156
1778636080.5449295,327.32248759269714,6541,13901,jpeg,0.047797203063964844
1778636080.594809,327.372367143631,6542,13935,jpeg,0.04987955093383789
1778636080.6490319,327.4265899658203,6543,13937,jpeg,0.054222822189331055
1778636080.7012064,327.4787645339966,6544,14177,jpeg,0.05217456817626953
1778636080.7496734,327.52723145484924,6545,14478,jpeg,0.04846692085266113
1778636080.803462,327.58102011680603,6546,14656,jpeg,0.05378866195678711
1778636080.845286,327.6228439807892,6547,14623,jpeg,0.0418238639831543
1778636080.900734,327.6782920360565,6548,14520,jpeg,0.055448055267333984
1778636080.9465277,327.7240858078003,6549,14611,jpeg,0.045793771743774414
1778636080.9957364,327.77329444885254,6550,14739,jpeg,0.049208641052246094
1778636081.0459216,327.8234796524048,6551,14756,jpeg,0.050185203552246094
1778636081.0978136,327.8753716945648,6552,14783,jpeg,0.05189204216003418
1778636081.1496956,327.92725372314453,6553,14775,jpeg,0.051882028579711914
1778636081.201564,327.97912216186523,6554,14789,jpeg,0.051868438720703125
1778636081.2529588,328.03051686286926,6555,14823,jpeg,0.05139470100402832
1778636081.2976868,328.07524490356445,6556,14815,jpeg,0.04472804069519043
1778636081.347054,328.1246120929718,6557,14799,jpeg,0.04936718940734863
1778636081.3999062,328.1774642467499,6558,14841,jpeg,0.05285215377807617
1778636081.4458828,328.2234408855438,6559,14798,jpeg,0.04597663879394531
1778636081.5014346,328.27899265289307,6560,14772,jpeg,0.055551767349243164
1778636081.5491064,328.3266644477844,6561,14747,jpeg,0.04767179489135742
1778636081.5954378,328.3729958534241,6562,14750,jpeg,0.04633140563964844
1778636081.6464124,328.4239704608917,6563,14772,jpeg,0.05097460746765137
1778636081.6984751,328.4760332107544,6564,14767,jpeg,0.0520627498626709
1778636081.7478113,328.52536940574646,6565,14787,jpeg,0.04933619499206543
1778636081.7986636,328.57622170448303,6566,14772,jpeg,0.050852298736572266
1778636081.847516,328.6250741481781,6567,14765,jpeg,0.04885244369506836
1778636081.9038723,328.68143033981323,6568,14568,jpeg,0.056356191635131836
1778636081.9474058,328.7249639034271,6569,14466,jpeg,0.0435335636138916
1778636082.0042417,328.7817997932434,6570,14458,jpeg,0.05683588981628418
1778636082.0473485,328.8249065876007,6571,14441,jpeg,0.043106794357299805
1778636082.0963063,328.87386441230774,6572,14429,jpeg,0.04895782470703125
1778636082.148967,328.9265251159668,6573,14410,jpeg,0.05266070365905762
1778636082.200296,328.977854013443,6574,14411,jpeg,0.05132889747619629
1778636082.2508218,329.0283799171448,6575,14431,jpeg,0.05052590370178223
1778636082.2983258,329.07588386535645,6576,14461,jpeg,0.04750394821166992
1778636082.3482678,329.125825881958,6577,14481,jpeg,0.0499420166015625
1778636082.3948538,329.17241191864014,6578,14491,jpeg,0.046586036682128906
1778636082.4481332,329.22569131851196,6579,14495,jpeg,0.05327939987182617
1778636082.49689,329.2744481563568,6580,14491,jpeg,0.04875683784484863
1778636082.5454288,329.3229868412018,6581,14457,jpeg,0.0485386848449707
1778636082.5997546,329.3773126602173,6582,14462,jpeg,0.05432581901550293
1778636082.649083,329.42664098739624,6583,14453,jpeg,0.04932832717895508
1778636082.6975899,329.4751479625702,6584,14470,jpeg,0.048506975173950195
1778636082.749759,329.52731704711914,6585,14486,jpeg,0.052169084548950195
1778636082.7979093,329.57546734809875,6586,14533,jpeg,0.04815030097961426
1778636082.8460612,329.6236193180084,6587,14495,jpeg,0.04815196990966797
1778636082.8994741,329.67703223228455,6588,14489,jpeg,0.05341291427612305
1778636082.948681,329.72623920440674,6589,14485,jpeg,0.04920697212219238
1778636083.0024047,329.77996277809143,6590,14530,jpeg,0.05372357368469238
1778636083.048608,329.8261661529541,6591,14492,jpeg,0.0462033748626709
1778636083.0987315,329.87628960609436,6592,14516,jpeg,0.05012345314025879
1778636083.1462524,329.92381048202515,6593,14504,jpeg,0.04752087593078613
1778636083.2021797,329.9797377586365,6594,14510,jpeg,0.055927276611328125
1778636083.2479913,330.0255494117737,6595,14536,jpeg,0.04581165313720703
1778636083.2978628,330.07542085647583,6596,14526,jpeg,0.04987144470214844
1778636083.3466516,330.1242096424103,6597,14523,jpeg,0.04878878593444824
1778636083.4006903,330.17824840545654,6598,14457,jpeg,0.05403876304626465
1778636083.4468389,330.224396944046,6599,14210,jpeg,0.04614853858947754
1778636083.497626,330.2751841545105,6600,14172,jpeg,0.05078721046447754
1778636083.5522594,330.32981753349304,6601,14319,jpeg,0.054633378982543945
1778636083.597649,330.37520718574524,6602,14492,jpeg,0.045389652252197266
1778636083.6528208,330.4303789138794,6603,14625,jpeg,0.05517172813415527
1778636083.6948383,330.4723963737488,6604,14660,jpeg,0.042017459869384766
1778636083.7464137,330.52397179603577,6605,14746,jpeg,0.051575422286987305
1778636083.800323,330.5778810977936,6606,14807,jpeg,0.0539093017578125
1778636083.8487446,330.6263027191162,6607,14887,jpeg,0.048421621322631836
1778636083.895776,330.6733341217041,6608,14872,jpeg,0.047031402587890625
1778636083.9500473,330.727605342865,6609,14893,jpeg,0.05427122116088867
1778636083.9983275,330.7758855819702,6610,14866,jpeg,0.04828023910522461
1778636084.0555737,330.83313179016113,6611,14872,jpeg,0.05724620819091797
1778636084.0997577,330.8773157596588,6612,14881,jpeg,0.044183969497680664
1778636084.1485486,330.9261066913605,6613,14839,jpeg,0.048790931701660156
1778636084.2013857,330.97894382476807,6614,14854,jpeg,0.05283713340759277
1778636084.2492993,331.02685737609863,6615,14865,jpeg,0.047913551330566406
1778636084.3016112,331.07916927337646,6616,14880,jpeg,0.05231189727783203
1778636084.3506336,331.12819170951843,6617,14885,jpeg,0.04902243614196777
1778636084.4063892,331.1839473247528,6618,14885,jpeg,0.055755615234375
1778636084.4481523,331.2257103919983,6619,14877,jpeg,0.0417630672454834
1778636084.5005994,331.2781574726105,6620,14907,jpeg,0.05244708061218262
1778636084.5493145,331.326872587204,6621,14887,jpeg,0.04871511459350586
1778636084.598277,331.3758351802826,6622,14888,jpeg,0.04896259307861328
1778636084.6501944,331.427752494812,6623,14885,jpeg,0.051917314529418945
1778636084.7012284,331.47878646850586,6624,14902,jpeg,0.051033973693847656
1778636084.7480607,331.5256187915802,6625,14905,jpeg,0.04683232307434082
1778636084.7968478,331.5744059085846,6626,14916,jpeg,0.04878711700439453
1778636084.848739,331.6262969970703,6627,14932,jpeg,0.05189108848571777
1778636084.8960516,331.67360973358154,6628,14937,jpeg,0.04731273651123047
1778636084.946679,331.724237203598,6629,14931,jpeg,0.05062747001647949
1778636084.9980102,331.77556824684143,6630,14912,jpeg,0.0513310432434082
1778636085.0486066,331.8261647224426,6631,14917,jpeg,0.05059647560119629
1778636085.0953743,331.87293243408203,6632,14916,jpeg,0.0467677116394043
1778636085.15082,331.9283781051636,6633,14916,jpeg,0.05544567108154297
1778636085.2007487,331.9783067703247,6634,14911,jpeg,0.04992866516113281
1778636085.250174,332.02773213386536,6635,14886,jpeg,0.049425363540649414
1778636085.3041663,332.0817244052887,6636,14878,jpeg,0.053992271423339844
1778636085.3493972,332.1269552707672,6637,14885,jpeg,0.045230865478515625
1778636085.3985386,332.17609667778015,6638,14896,jpeg,0.04914140701293945
1778636085.4582157,332.2357738018036,6639,14880,jpeg,0.0596771240234375
1778636085.4998276,332.2773857116699,6640,14880,jpeg,0.04161190986633301
1778636085.5611944,332.33875250816345,6641,14896,jpeg,0.06136679649353027
1778636085.682303,332.45986104011536,6642,14895,jpeg,0.1211085319519043
1778636085.9564807,332.73403882980347,6643,14889,jpeg,0.27417778968811035
1778636086.376785,333.15434312820435,6644,14867,jpeg,0.4203042984008789
1778636086.3827515,333.16030955314636,6645,14863,jpeg,0.0059664249420166016
1778636086.38699,333.16454815864563,6646,14867,jpeg,0.004238605499267578
1778636087.401379,334.17893719673157,6647,14863,jpeg,1.0143890380859375
1778636087.4095232,334.1870813369751,6648,14855,jpeg,0.008144140243530273
1778636087.4136584,334.19121646881104,6649,14881,jpeg,0.0041351318359375
1778636088.293909,335.0714671611786,6650,14867,jpeg,0.8802506923675537
1778636088.3010695,335.07862758636475,6651,14871,jpeg,0.0071604251861572266
1778636089.1517344,335.92929244041443,6652,14869,jpeg,0.8506648540496826
1778636089.6576786,336.4352366924286,6653,14888,jpeg,0.5059442520141602
1778636089.6991053,336.47666335105896,6654,14875,jpeg,0.041426658630371094
1778636089.7038345,336.481392621994,6655,14870,jpeg,0.004729270935058594
1778636089.7571316,336.5346896648407,6656,14871,jpeg,0.05329704284667969
1778636089.772295,336.54985308647156,6657,14871,jpeg,0.015163421630859375
1778636089.774962,336.5525200366974,6658,14864,jpeg,0.002666950225830078
1778636089.8315532,336.6091113090515,6659,14883,jpeg,0.05659127235412598
1778636089.833568,336.6111261844635,6660,14849,jpeg,0.0020148754119873047
1778636089.836298,336.6138560771942,6661,14877,jpeg,0.0027298927307128906
1778636089.842314,336.6198720932007,6662,14867,jpeg,0.0060160160064697266
1778636089.8445616,336.6221196651459,6663,14897,jpeg,0.0022475719451904297
1778636089.85903,336.63658809661865,6664,14900,jpeg,0.01446843147277832
1778636089.887418,336.6649761199951,6665,14873,jpeg,0.028388023376464844
1778636089.9031096,336.6806676387787,6666,14878,jpeg,0.015691518783569336
1778636089.9057572,336.6833152770996,6667,14873,jpeg,0.0026476383209228516
1778636089.9176047,336.6951627731323,6668,14843,jpeg,0.011847496032714844
1778636089.9199011,336.69745922088623,6669,14830,jpeg,0.00229644775390625
1778636089.9349902,336.7125482559204,6670,14810,jpeg,0.015089035034179688
1778636089.9477515,336.7253096103668,6671,14842,jpeg,0.012761354446411133
1778636089.9574068,336.7349648475647,6672,14839,jpeg,0.009655237197875977
1778636089.9592645,336.73682260513306,6673,14838,jpeg,0.001857757568359375
1778636090.0016212,336.7791793346405,6674,14866,jpeg,0.04235672950744629
1778636090.0492172,336.8267753124237,6675,14862,jpeg,0.047595977783203125
1778636090.102726,336.8802840709686,6676,14867,jpeg,0.053508758544921875
1778636090.1496015,336.9271595478058,6677,14850,jpeg,0.0468754768371582
1778636090.2091537,336.9867117404938,6678,14870,jpeg,0.05955219268798828
1778636090.2490048,337.02656292915344,6679,14869,jpeg,0.03985118865966797
1778636090.296853,337.07441115379333,6680,14850,jpeg,0.04784822463989258
1778636090.351177,337.1287350654602,6681,14855,jpeg,0.05432391166687012
1778636090.3947093,337.1722674369812,6682,14863,jpeg,0.043532371520996094
1778636090.448359,337.2259171009064,6683,14865,jpeg,0.0536496639251709
1778636090.4967947,337.27435278892517,6684,14866,jpeg,0.04843568801879883
1778636090.550043,337.3276011943817,6685,14834,jpeg,0.05324840545654297
1778636090.5994613,337.377019405365,6686,14880,jpeg,0.04941821098327637
1778636090.6482992,337.42585730552673,6687,14884,jpeg,0.048837900161743164
1778636090.693907,337.4714651107788,6688,14873,jpeg,0.045607805252075195
1778636090.745452,337.52301001548767,6689,14871,jpeg,0.051544904708862305
1778636090.7970314,337.5745894908905,6690,14886,jpeg,0.05157947540283203
1778636090.843365,337.62092304229736,6691,14875,jpeg,0.04633355140686035
1778636090.8957806,337.6733386516571,6692,14872,jpeg,0.05241560935974121
1778636090.9471037,337.7246618270874,6693,14902,jpeg,0.05132317543029785
1778636090.9938614,337.7714195251465,6694,14863,jpeg,0.04675769805908203
1778636091.0470932,337.8246512413025,6695,14873,jpeg,0.05323171615600586
1778636091.097512,337.87507009506226,6696,14840,jpeg,0.050418853759765625
1778636091.14312,337.9206781387329,6697,14898,jpeg,0.0456080436706543
1778636091.1964474,337.97400546073914,6698,14875,jpeg,0.053327322006225586
1778636091.2453213,338.0228793621063,6699,14874,jpeg,0.0488739013671875
1778636091.2947133,338.0722713470459,6700,14899,jpeg,0.049391984939575195
1778636091.3453453,338.1229033470154,6701,14913,jpeg,0.05063199996948242
1778636091.4006011,338.17815923690796,6702,14877,jpeg,0.055255889892578125
1778636091.4467368,338.22429490089417,6703,14882,jpeg,0.046135663986206055
1778636091.4985878,338.2761459350586,6704,14890,jpeg,0.05185103416442871
1778636091.5583055,338.3358635902405,6705,14895,jpeg,0.059717655181884766
1778636091.5983267,338.37588477134705,6706,14862,jpeg,0.04002118110656738
1778636091.9316487,338.7092068195343,6707,14865,jpeg,0.33332204818725586
1778636091.9407258,338.71828389167786,6708,14832,jpeg,0.009077072143554688
1778636091.9460623,338.7236204147339,6709,14831,jpeg,0.0053365230560302734
1778636093.2602572,340.0378153324127,6710,14819,jpeg,1.314194917678833
1778636093.265896,340.04345417022705,6711,14834,jpeg,0.005638837814331055
1778636093.2697062,340.0472643375397,6712,14842,jpeg,0.0038101673126220703
1778636093.6594183,340.4369764328003,6713,14866,jpeg,0.3897120952606201
1778636094.259818,341.03737616539,6714,14859,jpeg,0.6003997325897217
1778636094.2709756,341.0485336780548,6715,14822,jpeg,0.011157512664794922
1778636094.2776713,341.0552294254303,6716,14842,jpeg,0.006695747375488281
1778636094.2818727,341.0594308376312,6717,14861,jpeg,0.004201412200927734
1778636094.2852485,341.0628066062927,6718,14839,jpeg,0.0033757686614990234
1778636094.28958,341.06713819503784,6719,14844,jpeg,0.0043315887451171875
1778636094.2923121,341.06987023353577,6720,14830,jpeg,0.0027320384979248047
1778636094.295774,341.0733320713043,6721,14827,jpeg,0.0034618377685546875
1778636094.2983618,341.0759198665619,6722,14842,jpeg,0.0025877952575683594
1778636094.3073404,341.0848984718323,6723,14842,jpeg,0.008978605270385742
1778636094.3093758,341.08693385124207,6724,14839,jpeg,0.002035379409790039
1778636094.3113382,341.08889627456665,6725,14842,jpeg,0.001962423324584961
1778636094.313299,341.0908570289612,6726,14869,jpeg,0.00196075439453125
1778636094.3152077,341.09276580810547,6727,14867,jpeg,0.0019087791442871094
1778636094.3176484,341.09520649909973,6728,14854,jpeg,0.0024406909942626953
1778636094.32112,341.09867811203003,6729,14839,jpeg,0.0034716129302978516
1778636094.3441303,341.1216883659363,6730,14830,jpeg,0.02301025390625
1778636094.392808,341.17036604881287,6731,14845,jpeg,0.048677682876586914
1778636094.447583,341.2251410484314,6732,13793,jpeg,0.05477499961853027
1778636094.4965851,341.27414321899414,6733,13946,jpeg,0.04900217056274414
1778636094.547682,341.32524013519287,6734,13911,jpeg,0.05109691619873047
1778636094.591786,341.369343996048,6735,13751,jpeg,0.04410386085510254
1778636094.6479332,341.4254913330078,6736,13731,jpeg,0.05614733695983887
1778636094.6932654,341.47082352638245,6737,13460,jpeg,0.04533219337463379
1778636094.7472456,341.52480363845825,6738,14003,jpeg,0.053980112075805664
1778636094.7959788,341.57353687286377,6739,13335,jpeg,0.04873323440551758
1778636094.8412821,341.61884021759033,6740,13121,jpeg,0.0453033447265625
1778636094.898085,341.6756432056427,6741,13263,jpeg,0.056802988052368164
1778636094.9469044,341.7244625091553,6742,13668,jpeg,0.04881930351257324
1778636094.9929392,341.7704973220825,6743,13535,jpeg,0.046034812927246094
1778636095.042917,341.82047510147095,6744,13261,jpeg,0.049977779388427734
1778636095.3359592,342.1135172843933,6745,13622,jpeg,0.2930421829223633
1778636095.3416898,342.1192479133606,6746,13529,jpeg,0.005730628967285156
1778636095.3475983,342.1251564025879,6747,14353,jpeg,0.005908489227294922
1778636095.3519518,342.1295099258423,6748,14487,jpeg,0.004353523254394531
1778636095.3947787,342.1723368167877,6749,13516,jpeg,0.04282689094543457
1778636095.4403381,342.21789622306824,6750,13506,jpeg,0.04555940628051758
1778636095.4927604,342.2703185081482,6751,13668,jpeg,0.052422285079956055
1778636095.5454178,342.32297587394714,6752,13728,jpeg,0.052657365798950195
1778636095.5991735,342.37673163414,6753,13681,jpeg,0.053755760192871094
1778636095.642816,342.42037415504456,6754,13631,jpeg,0.043642520904541016
1778636095.6965218,342.4740798473358,6755,14389,jpeg,0.053705692291259766
1778636095.7439399,342.521497964859,6756,14251,jpeg,0.04741811752319336
1778636095.7945426,342.57210063934326,6757,14147,jpeg,0.05060267448425293
1778636095.8465998,342.6241579055786,6758,14643,jpeg,0.05205726623535156
1778636095.8962965,342.6738545894623,6759,13918,jpeg,0.04969668388366699
1778636095.9505413,342.7280993461609,6760,13759,jpeg,0.0542447566986084
1778636095.995412,342.77297019958496,6761,14082,jpeg,0.044870853424072266
1778636096.0403595,342.8179175853729,6762,13704,jpeg,0.04494738578796387
1778636096.0908914,342.8684494495392,6763,13774,jpeg,0.050531864166259766
1778636096.1485212,342.9260792732239,6764,13609,jpeg,0.05762982368469238
1778636096.1905324,342.9680905342102,6765,13918,jpeg,0.042011260986328125
1778636096.2453265,343.02288460731506,6766,14279,jpeg,0.0547940731048584
1778636096.2972512,343.07480931282043,6767,13478,jpeg,0.051924705505371094
1778636096.3427885,343.1203465461731,6768,13448,jpeg,0.04553723335266113
1778636096.391656,343.16921401023865,6769,13502,jpeg,0.04886746406555176
1778636096.448833,343.2263910770416,6770,13707,jpeg,0.057177066802978516
1778636096.4935658,343.2711238861084,6771,13601,jpeg,0.04473280906677246
1778636096.5471737,343.3247318267822,6772,13394,jpeg,0.053607940673828125
1778636096.5986903,343.3762483596802,6773,13449,jpeg,0.05151653289794922
1778636096.6506374,343.428195476532,6774,13721,jpeg,0.05194711685180664
1778636096.6944733,343.4720313549042,6775,13720,jpeg,0.04383587837219238
1778636096.7487144,343.5262725353241,6776,13617,jpeg,0.054241180419921875
1778636096.7957375,343.5732955932617,6777,13494,jpeg,0.04702305793762207
1778636096.8455598,343.6231179237366,6778,13690,jpeg,0.049822330474853516
1778636096.894015,343.67157316207886,6779,13688,jpeg,0.048455238342285156
1778636096.940942,343.7185001373291,6780,13450,jpeg,0.04692697525024414
1778636096.9907215,343.7682795524597,6781,13156,jpeg,0.049779415130615234
1778636097.0443912,343.82194924354553,6782,13023,jpeg,0.05366969108581543
1778636097.0916367,343.86919474601746,6783,12258,jpeg,0.04724550247192383
1778636097.1402094,343.91776752471924,6784,11705,jpeg,0.04857277870178223
1778636097.1931803,343.9707384109497,6785,11601,jpeg,0.05297088623046875
1778636097.2426841,344.0202422142029,6786,12386,jpeg,0.04950380325317383
1778636097.2898052,344.0673632621765,6787,13104,jpeg,0.04712104797363281
1778636097.3481884,344.12574648857117,6788,13713,jpeg,0.05838322639465332
1778636097.3903725,344.16793060302734,6789,13676,jpeg,0.04218411445617676
1778636097.44503,344.2225880622864,6790,14198,jpeg,0.0546574592590332
1778636097.4984462,344.2760043144226,6791,13616,jpeg,0.05341625213623047
1778636097.5411804,344.31873846054077,6792,13497,jpeg,0.04273414611816406
1778636097.6019351,344.37949323654175,6793,13062,jpeg,0.06075477600097656
1778636097.6437926,344.42135071754456,6794,13714,jpeg,0.04185748100280762
1778636097.6909108,344.46846890449524,6795,13666,jpeg,0.047118186950683594
1778636097.7409399,344.5184979438782,6796,13727,jpeg,0.05002903938293457
1778636097.7941034,344.57166147232056,6797,13635,jpeg,0.05316352844238281
1778636097.8437407,344.621298789978,6798,15012,jpeg,0.0496373176574707
1778636097.8915064,344.66906452178955,6799,14470,jpeg,0.04776573181152344
1778636097.955772,344.7333300113678,6800,14754,jpeg,0.06426548957824707
1778636097.9896548,344.7672128677368,6801,13596,jpeg,0.033882856369018555
1778636098.0431232,344.82068133354187,6802,13454,jpeg,0.05346846580505371
1778636098.0909586,344.8685166835785,6803,13824,jpeg,0.047835350036621094
1778636098.141114,344.91867208480835,6804,14025,jpeg,0.0501554012298584
1778636098.1935909,344.9711489677429,6805,14020,jpeg,0.05247688293457031
1778636098.2498424,345.0274004936218,6806,14154,jpeg,0.05625152587890625
1778636098.2938795,345.0714375972748,6807,14423,jpeg,0.0440371036529541
1778636098.3429544,345.12051248550415,6808,14286,jpeg,0.04907488822937012
1778636098.397221,345.17477917671204,6809,14264,jpeg,0.05426669120788574
1778636098.4439065,345.22146463394165,6810,13955,jpeg,0.04668545722961426
1778636098.4917161,345.26927423477173,6811,14035,jpeg,0.047809600830078125
1778636098.5492303,345.32678842544556,6812,14026,jpeg,0.057514190673828125
1778636098.5910738,345.3686318397522,6813,14142,jpeg,0.041843414306640625
1778636098.6422646,345.4198226928711,6814,13978,jpeg,0.051190853118896484
1778636098.6977816,345.4753396511078,6815,14159,jpeg,0.055516958236694336
1778636098.7466435,345.524201631546,6816,14212,jpeg,0.04886198043823242
1778636098.79152,345.569078207016,6817,14182,jpeg,0.0448765754699707
1778636098.8451078,345.6226658821106,6818,14575,jpeg,0.05358767509460449
1778636098.8902895,345.6678476333618,6819,14378,jpeg,0.0451817512512207
1778636098.9474726,345.7250306606293,6820,13810,jpeg,0.057183027267456055
1778636098.994751,345.7723090648651,6821,14503,jpeg,0.047278404235839844
1778636099.041115,345.8186731338501,6822,14348,jpeg,0.04636406898498535
1778636099.0902793,345.86783742904663,6823,13874,jpeg,0.0491642951965332
1778636099.1458976,345.92345571517944,6824,13917,jpeg,0.0556182861328125
1778636099.1912236,345.968781709671,6825,14516,jpeg,0.04532599449157715
1778636099.2411253,346.0186834335327,6826,14763,jpeg,0.049901723861694336
1778636099.2944932,346.0720512866974,6827,14564,jpeg,0.05336785316467285
1778636099.34135,346.1189081668854,6828,13565,jpeg,0.04685688018798828
1778636099.3924685,346.1700265407562,6829,13846,jpeg,0.05111837387084961
1778636099.4420726,346.2196307182312,6830,13587,jpeg,0.049604177474975586
1778636099.490887,346.2684450149536,6831,14949,jpeg,0.04881429672241211
1778636099.5427406,346.3202986717224,6832,14998,jpeg,0.05185365676879883
1778636099.5937328,346.3712909221649,6833,14629,jpeg,0.05099225044250488
1778636099.640901,346.4184591770172,6834,15157,jpeg,0.04716825485229492
1778636099.6922872,346.4698452949524,6835,15709,jpeg,0.051386117935180664
1778636099.745263,346.522821187973,6836,15490,jpeg,0.05297589302062988
1778636099.793959,346.5715169906616,6837,14822,jpeg,0.04869580268859863
1778636099.8406534,346.61821150779724,6838,14217,jpeg,0.04669451713562012
1778636099.8964489,346.6740069389343,6839,14578,jpeg,0.05579543113708496
1778636099.9418337,346.71939182281494,6840,12990,jpeg,0.045384883880615234
1778636099.9908917,346.7684497833252,6841,12981,jpeg,0.049057960510253906
1778636100.0445497,346.82210779190063,6842,13113,jpeg,0.05365800857543945
1778636100.0959656,346.8735237121582,6843,13996,jpeg,0.05141592025756836
1778636100.141675,346.919233083725,6844,14372,jpeg,0.04570937156677246
1778636100.1978645,346.9754226207733,6845,14483,jpeg,0.056189537048339844
1778636100.2474253,347.0249834060669,6846,14333,jpeg,0.0495607852935791
1778636100.2914827,347.0690407752991,6847,14105,jpeg,0.044057369232177734
1778636100.3458784,347.12343645095825,6848,14237,jpeg,0.05439567565917969
1778636100.3926706,347.1702287197113,6849,15954,jpeg,0.04679226875305176
1778636100.4477978,347.22535586357117,6850,15965,jpeg,0.05512714385986328
1778636100.4984276,347.27598571777344,6851,15951,jpeg,0.05062985420227051
1778636100.5517325,347.3292906284332,6852,18169,jpeg,0.05330491065979004
1778636100.5964112,347.37396931648254,6853,18113,jpeg,0.044678688049316406
1778636100.650353,347.4279110431671,6854,18115,jpeg,0.05394172668457031
1778636100.6936104,347.4711685180664,6855,15854,jpeg,0.04325747489929199
1778636100.7444642,347.52202224731445,6856,15632,jpeg,0.050853729248046875
1778636100.795794,347.57335209846497,6857,16038,jpeg,0.051329851150512695
1778636100.8466086,347.62416672706604,6858,15845,jpeg,0.05081462860107422
1778636100.8957164,347.6732745170593,6859,15451,jpeg,0.04910778999328613
1778636100.9531143,347.73067235946655,6860,15568,jpeg,0.05739784240722656
1778636100.995372,347.7729301452637,6861,15394,jpeg,0.04225778579711914
1778636101.04486,347.82241797447205,6862,15242,jpeg,0.04948782920837402
1778636101.1000123,347.8775703907013,6863,15621,jpeg,0.05515241622924805
1778636101.1441016,347.92165970802307,6864,13652,jpeg,0.044089317321777344
1778636101.1946054,347.972163438797,6865,13620,jpeg,0.05050373077392578
1778636101.2441761,348.0217342376709,6866,13822,jpeg,0.04957079887390137
1778636101.2936087,348.0711667537689,6867,16012,jpeg,0.04943251609802246
1778636101.3552523,348.1328103542328,6868,16266,jpeg,0.06164360046386719
1778636101.3952112,348.1727693080902,6869,16081,jpeg,0.039958953857421875
1778636101.4414756,348.21903371810913,6870,13698,jpeg,0.0462644100189209
1778636101.4890153,348.26657342910767,6871,13549,jpeg,0.047539710998535156
1778636101.5483027,348.3258607387543,6872,13576,jpeg,0.059287309646606445
1778636101.5920715,348.36962962150574,6873,13533,jpeg,0.043768882751464844
1778636101.6398642,348.4174222946167,6874,13724,jpeg,0.047792673110961914
1778636101.6914315,348.468989610672,6875,13457,jpeg,0.05156731605529785
1778636101.7406707,348.51822876930237,6876,14461,jpeg,0.049239158630371094
1778636101.7928822,348.5704402923584,6877,15005,jpeg,0.05221152305603027
1778636101.8539655,348.6315236091614,6878,14323,jpeg,0.061083316802978516
1778636101.8911176,348.66867566108704,6879,15675,jpeg,0.03715205192565918
1778636101.9434783,348.7210364341736,6880,16128,jpeg,0.05236077308654785
1778636101.9935815,348.7711396217346,6881,16061,jpeg,0.050103187561035156
1778636102.0426433,348.82020139694214,6882,17219,jpeg,0.04906177520751953
1778636102.0977778,348.87533593177795,6883,16901,jpeg,0.05513453483581543
1778636102.1500638,348.92762184143066,6884,17079,jpeg,0.05228590965270996
1778636102.1917412,348.96929931640625,6885,14378,jpeg,0.04167747497558594
1778636102.2434134,349.02097153663635,6886,13628,jpeg,0.05167222023010254
1778636102.293354,349.07091212272644,6887,13449,jpeg,0.04994058609008789
1778636102.3392525,349.11681056022644,6888,12959,jpeg,0.0458984375
1778636102.390612,349.16816997528076,6889,13171,jpeg,0.05135941505432129
1778636102.4470778,349.2246358394623,6890,12837,jpeg,0.056465864181518555
1778636102.4972756,349.2748336791992,6891,13148,jpeg,0.05019783973693848
1778636102.5407672,349.3183252811432,6892,13332,jpeg,0.04349160194396973
1778636102.596066,349.37362408638,6893,13764,jpeg,0.055298805236816406
1778636102.6448293,349.4223873615265,6894,13861,jpeg,0.048763275146484375
1778636102.690526,349.46808409690857,6895,14194,jpeg,0.04569673538208008
1778636102.7414854,349.51904344558716,6896,13962,jpeg,0.05095934867858887
1778636102.7943397,349.57189774513245,6897,14037,jpeg,0.052854299545288086
1778636102.8403468,349.6179049015045,6898,13955,jpeg,0.04600715637207031
1778636102.8930604,349.67061853408813,6899,13843,jpeg,0.052713632583618164
1778636102.939313,349.7168710231781,6900,13821,jpeg,0.04625248908996582
1778636102.9894125,349.76697063446045,6901,13033,jpeg,0.05009961128234863
1778636103.0453255,349.82288360595703,6902,13068,jpeg,0.05591297149658203
1778636103.091118,349.8686761856079,6903,13135,jpeg,0.045792579650878906
1778636103.14024,349.91779804229736,6904,12767,jpeg,0.049121856689453125
1778636103.195934,349.97349214553833,6905,12915,jpeg,0.0556941032409668
1778636103.2401085,350.01766657829285,6906,12762,jpeg,0.0441744327545166
1778636103.2914128,350.0689709186554,6907,12635,jpeg,0.05130434036254883
1778636103.3493552,350.1269133090973,6908,12375,jpeg,0.05794239044189453
1778636103.3889458,350.16650390625,6909,12291,jpeg,0.03959059715270996
1778636103.4398265,350.2173845767975,6910,12190,jpeg,0.05088067054748535
1778636103.4974127,350.2749707698822,6911,12063,jpeg,0.0575861930847168
1778636103.5395055,350.3170635700226,6912,11797,jpeg,0.04209280014038086
1778636103.588576,350.36613416671753,6913,11718,jpeg,0.04907059669494629
1778636103.6393793,350.4169373512268,6914,11487,jpeg,0.050803184509277344
1778636103.689401,350.4669589996338,6915,11769,jpeg,0.05002164840698242
1778636103.7391908,350.5167489051819,6916,11751,jpeg,0.0497899055480957
1778636103.790116,350.56767416000366,6917,11657,jpeg,0.050925254821777344
1778636103.8409772,350.61853528022766,6918,11629,jpeg,0.05086112022399902
1778636103.8904328,350.66799092292786,6919,11591,jpeg,0.04945564270019531
1778636103.9404483,350.7180063724518,6920,11250,jpeg,0.05001544952392578
1778636103.9938831,350.7714412212372,6921,11296,jpeg,0.05343484878540039
1778636104.0377505,350.8153085708618,6922,11423,jpeg,0.04386734962463379
1778636104.0899842,350.8675422668457,6923,11204,jpeg,0.05223369598388672
1778636104.1414611,350.9190192222595,6924,11106,jpeg,0.05147695541381836
1778636104.1894085,350.9669666290283,6925,10849,jpeg,0.04794740676879883
1778636104.2400815,351.0176396369934,6926,10939,jpeg,0.05067300796508789
1778636104.2897758,351.0673339366913,6927,10853,jpeg,0.04969429969787598
1778636104.3389487,351.11650681495667,6928,10887,jpeg,0.04917287826538086
1778636104.3934991,351.1710572242737,6929,10798,jpeg,0.0545504093170166
1778636104.4378545,351.21541261672974,6930,10567,jpeg,0.04435539245605469
1778636104.4937127,351.2712707519531,6931,10704,jpeg,0.05585813522338867
1778636104.5406423,351.31820034980774,6932,10587,jpeg,0.04692959785461426
1778636104.5883884,351.3659465312958,6933,10809,jpeg,0.04774618148803711
1778636104.6423707,351.4199287891388,6934,10948,jpeg,0.05398225784301758
1778636104.6902204,351.46777844429016,6935,10910,jpeg,0.04784965515136719
1778636104.7380857,351.51564383506775,6936,11116,jpeg,0.04786539077758789
1778636104.7905607,351.5681188106537,6937,11365,jpeg,0.0524749755859375
1778636104.8488162,351.62637424468994,6938,11531,jpeg,0.05825543403625488
1778636104.8873522,351.6649103164673,6939,11124,jpeg,0.03853607177734375
1778636104.9394507,351.7170088291168,6940,11129,jpeg,0.05209851264953613
1778636104.9888637,351.76642179489136,6941,11097,jpeg,0.04941296577453613
1778636105.0435143,351.8210723400116,6942,11016,jpeg,0.05465054512023926
1778636105.0892744,351.8668324947357,6943,11071,jpeg,0.045760154724121094
1778636105.1408906,351.91844868659973,6944,11149,jpeg,0.05161619186401367
1778636105.1896665,351.9672245979309,6945,11086,jpeg,0.04877591133117676
1778636105.2382166,352.0157747268677,6946,11161,jpeg,0.04855012893676758
1778636105.2933211,352.0708792209625,6947,11305,jpeg,0.05510449409484863
1778636105.3390994,352.11665749549866,6948,11375,jpeg,0.04577827453613281
1778636105.3906322,352.16819024086,6949,11481,jpeg,0.051532745361328125
1778636105.4487038,352.22626185417175,6950,11519,jpeg,0.05807161331176758
1778636105.488676,352.2662341594696,6951,11572,jpeg,0.03997230529785156
1778636105.5419126,352.3194706439972,6952,11702,jpeg,0.05323648452758789
1778636105.596868,352.3744261264801,6953,11720,jpeg,0.054955482482910156
1778636105.6392052,352.41676330566406,6954,11861,jpeg,0.04233717918395996
1778636105.6912735,352.46883153915405,6955,11839,jpeg,0.052068233489990234
1778636105.740733,352.5182909965515,6956,11963,jpeg,0.04945945739746094
1778636105.791281,352.56883907318115,6957,12120,jpeg,0.05054807662963867
1778636105.8403053,352.61786341667175,6958,12193,jpeg,0.049024343490600586
1778636105.9033127,352.6808707714081,6959,12152,jpeg,0.06300735473632812
1778636105.939807,352.717365026474,6960,12117,jpeg,0.03649425506591797
1778636105.989347,352.7669050693512,6961,12219,jpeg,0.049540042877197266
1778636106.0396216,352.8171796798706,6962,12447,jpeg,0.05027461051940918
1778636106.0887759,352.8663339614868,6963,12401,jpeg,0.04915428161621094
1778636106.1417546,352.9193127155304,6964,12455,jpeg,0.0529787540435791
1778636106.1924946,352.9700527191162,6965,12463,jpeg,0.05074000358581543
1778636106.2444806,353.0220386981964,6966,12281,jpeg,0.051985979080200195
1778636106.299676,353.0772340297699,6967,12230,jpeg,0.05519533157348633
1778636106.3406675,353.1182255744934,6968,12226,jpeg,0.04099154472351074
1778636106.3980117,353.17556977272034,6969,12227,jpeg,0.05734419822692871
1778636106.440329,353.21788716316223,6970,12293,jpeg,0.04231739044189453
1778636106.496246,353.27380418777466,6971,12324,jpeg,0.05591702461242676
1778636106.5425372,353.32009530067444,6972,12540,jpeg,0.04629111289978027
1778636106.5985854,353.37614345550537,6973,12545,jpeg,0.05604815483093262
1778636106.6469738,353.4245319366455,6974,12689,jpeg,0.04838848114013672
1778636106.6922178,353.4697759151459,6975,12599,jpeg,0.04524397850036621
1778636106.7483165,353.5258746147156,6976,12533,jpeg,0.05609869956970215
1778636106.796068,353.57362604141235,6977,12552,jpeg,0.047751426696777344
1778636106.8414986,353.61905670166016,6978,12771,jpeg,0.045430660247802734
1778636106.890284,353.6678421497345,6979,12853,jpeg,0.04878544807434082
1778636106.9414682,353.7190263271332,6980,12798,jpeg,0.05118417739868164
1778636106.9921172,353.7696752548218,6981,12707,jpeg,0.05064892768859863
1778636107.0390701,353.81662821769714,6982,12728,jpeg,0.04695296287536621
1778636107.0929484,353.8705065250397,6983,12637,jpeg,0.0538783073425293
1778636107.140641,353.9181990623474,6984,12708,jpeg,0.04769253730773926
1778636107.1906366,353.9681947231293,6985,12859,jpeg,0.04999566078186035
1778636107.2418144,354.0193724632263,6986,13131,jpeg,0.0511777400970459
1778636107.2903488,354.06790685653687,6987,13203,jpeg,0.048534393310546875
1778636107.340877,354.11843514442444,6988,13220,jpeg,0.05052828788757324
1778636107.3911815,354.16873955726624,6989,13480,jpeg,0.050304412841796875
1778636107.439685,354.2172431945801,6990,13613,jpeg,0.04850363731384277
1778636107.489263,354.26682114601135,6991,13281,jpeg,0.049577951431274414
1778636107.541824,354.31938219070435,6992,13170,jpeg,0.052561044692993164
1778636107.59386,354.3714179992676,6993,13118,jpeg,0.05203580856323242
1778636107.637815,354.4153730869293,6994,13550,jpeg,0.043955087661743164
1778636107.695299,354.4728569984436,6995,13538,jpeg,0.05748391151428223
1778636107.7384887,354.51604676246643,6996,13463,jpeg,0.04318976402282715
1778636107.788337,354.5658950805664,6997,13999,jpeg,0.049848318099975586
1778636107.8403258,354.61788392066956,6998,14245,jpeg,0.051988840103149414
1778636107.8897245,354.66728258132935,6999,14064,jpeg,0.04939866065979004
1778636107.9384615,354.71601963043213,7000,13616,jpeg,0.0487370491027832
1778636107.9903662,354.76792430877686,7001,13322,jpeg,0.05190467834472656
1778636108.0397427,354.8173007965088,7002,13310,jpeg,0.049376487731933594
1778636108.0884006,354.8659586906433,7003,13249,jpeg,0.048657894134521484
1778636108.1445775,354.92213559150696,7004,12993,jpeg,0.05617690086364746
1778636108.190543,354.9681010246277,7005,13156,jpeg,0.04596543312072754
1778636108.237782,355.015340089798,7006,12902,jpeg,0.047239065170288086
1778636108.2974076,355.0749657154083,7007,13485,jpeg,0.05962562561035156
1778636108.3385918,355.11614990234375,7008,13371,jpeg,0.041184186935424805
1778636108.3877852,355.16534328460693,7009,12988,jpeg,0.049193382263183594
1778636108.449102,355.22666001319885,7010,13100,jpeg,0.061316728591918945
1778636108.4877338,355.265291929245,7011,13403,jpeg,0.03863191604614258
1778636108.55074,355.3282980918884,7012,13627,jpeg,0.06300616264343262
1778636108.5920107,355.36956882476807,7013,13145,jpeg,0.04127073287963867
1778636108.6377752,355.4153332710266,7014,13498,jpeg,0.04576444625854492
1778636108.6920831,355.4696412086487,7015,13388,jpeg,0.05430793762207031
1778636108.7456858,355.52324390411377,7016,12872,jpeg,0.05360269546508789
1778636108.7874234,355.5649814605713,7017,12631,jpeg,0.04173755645751953
1778636108.8419673,355.61952543258667,7018,12593,jpeg,0.05454397201538086
1778636108.8930638,355.67062187194824,7019,12485,jpeg,0.051096439361572266
1778636108.9376376,355.71519565582275,7020,12111,jpeg,0.04457378387451172
1778636108.9874268,355.7649848461151,7021,12048,jpeg,0.0497891902923584
1778636109.0451176,355.82267570495605,7022,11838,jpeg,0.05769085884094238
1778636109.0905051,355.86806321144104,7023,11579,jpeg,0.04538750648498535
1778636109.1388137,355.9163718223572,7024,11395,jpeg,0.048308610916137695
1778636109.1893907,355.9669487476349,7025,11249,jpeg,0.05057692527770996
1778636109.242124,356.01968216896057,7026,11354,jpeg,0.052733421325683594
1778636109.2874663,356.0650243759155,7027,11050,jpeg,0.045342206954956055
1778636109.3441808,356.12173891067505,7028,10684,jpeg,0.056714534759521484
1778636109.3894095,356.16696763038635,7029,10702,jpeg,0.04522871971130371
1778636109.4387033,356.21626138687134,7030,10982,jpeg,0.04929375648498535
1778636109.4894702,356.2670283317566,7031,11138,jpeg,0.050766944885253906
1778636109.5384629,356.3160209655762,7032,11446,jpeg,0.04899263381958008
1778636109.587672,356.3652300834656,7033,11533,jpeg,0.0492091178894043
1778636109.6414838,356.41904187202454,7034,11761,jpeg,0.05381178855895996
1778636109.6884053,356.46596336364746,7035,11898,jpeg,0.046921491622924805
1778636109.736695,356.51425313949585,7036,12015,jpeg,0.04828977584838867
1778636109.7880294,356.56558752059937,7037,11833,jpeg,0.051334381103515625
1778636109.837392,356.6149501800537,7038,12238,jpeg,0.0493626594543457
1778636109.8875928,356.6651508808136,7039,11895,jpeg,0.050200700759887695
1778636109.9419253,356.7194833755493,7040,11407,jpeg,0.05433249473571777
1778636109.9900424,356.76760053634644,7041,11775,jpeg,0.04811716079711914
1778636110.0388074,356.816365480423,7042,12241,jpeg,0.048764944076538086
1778636110.0915442,356.86910223960876,7043,12017,jpeg,0.052736759185791016
1778636110.138272,356.91583013534546,7044,12423,jpeg,0.046727895736694336
1778636110.1872113,356.9647693634033,7045,12250,jpeg,0.04893922805786133
1778636110.2401483,357.01770639419556,7046,12344,jpeg,0.05293703079223633
1778636110.2883253,357.06588339805603,7047,12290,jpeg,0.04817700386047363
1778636110.3422906,357.11984872817993,7048,12278,jpeg,0.05396533012390137
1778636110.38902,357.1665780544281,7049,12450,jpeg,0.046729326248168945
1778636110.4361315,357.21368956565857,7050,12502,jpeg,0.04711151123046875
1778636110.4894373,357.2669954299927,7051,12482,jpeg,0.053305864334106445
1778636110.5380719,357.31562995910645,7052,12422,jpeg,0.04863452911376953
1778636110.5919044,357.3694624900818,7053,12394,jpeg,0.0538325309753418
1778636110.639794,357.41735219955444,7054,12461,jpeg,0.04788970947265625
1778636110.697834,357.4753921031952,7055,12446,jpeg,0.05803990364074707
1778636110.7365067,357.51406478881836,7056,12436,jpeg,0.038672685623168945
1778636110.787711,357.5652689933777,7057,12443,jpeg,0.05120420455932617
1778636110.839083,357.6166410446167,7058,12471,jpeg,0.05137205123901367
1778636110.8888915,357.66644954681396,7059,12495,jpeg,0.049808502197265625
1778636110.9399319,357.71748995780945,7060,12497,jpeg,0.0510404109954834
1778636110.9913423,357.7689003944397,7061,12520,jpeg,0.05141043663024902
1778636111.0372338,357.8147919178009,7062,12491,jpeg,0.045891523361206055
1778636111.0886757,357.8662338256836,7063,12497,jpeg,0.05144190788269043
1778636111.1447153,357.9222733974457,7064,12491,jpeg,0.05603957176208496
1778636111.1873918,357.9649498462677,7065,12481,jpeg,0.042676448822021484
1778636111.239869,358.01742720603943,7066,12488,jpeg,0.052477359771728516
1778636111.2897909,358.06734895706177,7067,12475,jpeg,0.04992175102233887
1778636111.3367045,358.1142625808716,7068,12506,jpeg,0.04691362380981445
1778636111.3868554,358.16441345214844,7069,12488,jpeg,0.05015087127685547
1778636111.4394608,358.21701884269714,7070,12470,jpeg,0.052605390548706055
1778636111.4918478,358.2694058418274,7071,12484,jpeg,0.05238699913024902
1778636111.536586,358.3141441345215,7072,12440,jpeg,0.0447382926940918
1778636111.593351,358.3709089756012,7073,12148,jpeg,0.056764841079711914
1778636111.6352673,358.41282534599304,7074,11594,jpeg,0.0419163703918457
1778636111.6856878,358.46324586868286,7075,11617,jpeg,0.050420522689819336
1778636111.7372656,358.51482367515564,7076,12105,jpeg,0.05157780647277832
1778636111.7862165,358.5637745857239,7077,11920,jpeg,0.048950910568237305
1778636111.837391,358.6149489879608,7078,12493,jpeg,0.05117440223693848
1778636111.889256,358.6668140888214,7079,12548,jpeg,0.0518651008605957
1778636111.9367719,358.71432995796204,7080,11831,jpeg,0.047515869140625
1778636111.9862492,358.76380729675293,7081,11777,jpeg,0.049477338790893555
1778636112.0412176,358.8187756538391,7082,11943,jpeg,0.05496835708618164
1778636112.0859487,358.86350679397583,7083,11009,jpeg,0.04473114013671875
1778636112.1356783,358.9132363796234,7084,11040,jpeg,0.04972958564758301
1778636112.194411,358.97196912765503,7085,10603,jpeg,0.05873274803161621
1778636112.237097,359.0146551132202,7086,10460,jpeg,0.04268598556518555
1778636112.2888234,359.0663814544678,7087,10650,jpeg,0.051726341247558594
1778636112.3375952,359.1151533126831,7088,11014,jpeg,0.04877185821533203
1778636112.3861,359.16365814208984,7089,11211,jpeg,0.04850482940673828
1778636112.4406452,359.2182033061981,7090,11395,jpeg,0.05454516410827637
1778636112.4913487,359.26890683174133,7091,11443,jpeg,0.05070352554321289
1778636112.5368412,359.3143992424011,7092,11672,jpeg,0.04549241065979004
1778636112.5898018,359.3673598766327,7093,12155,jpeg,0.05296063423156738
1778636112.6394155,359.41697359085083,7094,12597,jpeg,0.04961371421813965
1778636112.6893575,359.4669156074524,7095,12860,jpeg,0.0499420166015625
1778636112.7386258,359.5161838531494,7096,12966,jpeg,0.049268245697021484
1778636112.789979,359.5675370693207,7097,12938,jpeg,0.05135321617126465
1778636112.8392363,359.61679434776306,7098,13344,jpeg,0.04925727844238281
1778636112.8939357,359.671493768692,7099,13638,jpeg,0.05469942092895508
1778636112.9408927,359.7184507846832,7100,13871,jpeg,0.04695701599121094
1778636112.991328,359.76888608932495,7101,13944,jpeg,0.05043530464172363
1778636113.050435,359.82799315452576,7102,13398,jpeg,0.059107065200805664
1778636113.08937,359.86692810058594,7103,13614,jpeg,0.038934946060180664
1778636113.1416748,359.9192328453064,7104,13535,jpeg,0.052304744720458984
1778636113.1897185,359.96727657318115,7105,13496,jpeg,0.04804372787475586
1778636113.2450953,360.02265334129333,7106,13659,jpeg,0.05537676811218262
1778636113.2923186,360.0698766708374,7107,13706,jpeg,0.04722332954406738
1778636113.3407924,360.11835050582886,7108,13548,jpeg,0.04847383499145508
1778636113.3904383,360.1679964065552,7109,13326,jpeg,0.04964590072631836
1778636113.4692454,360.24680352211,7110,13597,jpeg,0.07880711555480957
1778636113.4921327,360.2696907520294,7111,13973,jpeg,0.022887229919433594
1778636113.5445194,360.3220775127411,7112,13960,jpeg,0.05238676071166992
1778636113.6130505,360.39060854911804,7113,13859,jpeg,0.06853103637695312
1778636113.6402476,360.4178056716919,7114,13856,jpeg,0.02719712257385254
1778636113.688251,360.4658091068268,7115,13881,jpeg,0.048003435134887695
1778636113.7364597,360.5140178203583,7116,13985,jpeg,0.04820871353149414
1778636113.7992108,360.57676887512207,7117,13789,jpeg,0.06275105476379395
1778636113.8381104,360.61566853523254,7118,13694,jpeg,0.03889966011047363
1778636113.886361,360.6639189720154,7119,13747,jpeg,0.048250436782836914
1778636113.9365735,360.7141315937042,7120,13687,jpeg,0.05021262168884277
1778636113.9882197,360.7657778263092,7121,13684,jpeg,0.05164623260498047
1778636114.0363426,360.8139007091522,7122,13591,jpeg,0.04812288284301758
1778636114.0871177,360.86467576026917,7123,13272,jpeg,0.05077505111694336
1778636114.1382897,360.9158477783203,7124,13349,jpeg,0.05117201805114746
1778636114.18936,360.9669179916382,7125,13327,jpeg,0.051070213317871094
1778636114.2399628,361.017520904541,7126,13228,jpeg,0.05060291290283203
1778636114.2875583,361.06511640548706,7127,13134,jpeg,0.04759550094604492
1778636114.3378649,361.11542296409607,7128,12735,jpeg,0.05030655860900879
1778636114.3887045,361.16626262664795,7129,12618,jpeg,0.05083966255187988
1778636114.4468536,361.2244117259979,7130,12699,jpeg,0.058149099349975586
1778636114.4868853,361.264443397522,7131,12793,jpeg,0.04003167152404785
1778636114.536677,361.3142349720001,7132,12847,jpeg,0.049791574478149414
1778636114.5880306,361.36558866500854,7133,12755,jpeg,0.05135369300842285
1778636114.6352167,361.4127748012543,7134,12640,jpeg,0.04718613624572754
1778636114.687377,361.4649350643158,7135,12573,jpeg,0.05216026306152344
1778636114.7398584,361.51741647720337,7136,12602,jpeg,0.05248141288757324
1778636114.7908745,361.5684325695038,7137,12674,jpeg,0.05101609230041504
1778636114.8382633,361.61582136154175,7138,12683,jpeg,0.04738879203796387
1778636114.8892415,361.6667995452881,7139,12569,jpeg,0.05097818374633789
1778636114.9406958,361.7182538509369,7140,12317,jpeg,0.05145430564880371
1778636114.9955938,361.77315187454224,7141,12225,jpeg,0.05489802360534668
1778636115.036357,361.81391501426697,7142,12225,jpeg,0.040763139724731445
1778636115.0950043,361.87256240844727,7143,12405,jpeg,0.05864739418029785
1778636115.135696,361.91325402259827,7144,12334,jpeg,0.04069161415100098
1778636115.1892507,361.96680879592896,7145,12520,jpeg,0.05355477333068848
1778636115.2367234,362.01428151130676,7146,12533,jpeg,0.04747271537780762
1778636115.2857902,362.06334829330444,7147,12534,jpeg,0.049066781997680664
1778636115.33935,362.1169080734253,7148,12301,jpeg,0.05355978012084961
1778636115.3864102,362.16396832466125,7149,12230,jpeg,0.047060251235961914
1778636115.4370909,362.2146489620209,7150,12189,jpeg,0.05068063735961914
1778636115.4937332,362.2712912559509,7151,12275,jpeg,0.05664229393005371
1778636115.5347438,362.31230187416077,7152,12291,jpeg,0.04101061820983887
1778636115.5858483,362.363406419754,7153,12197,jpeg,0.05110454559326172
1778636115.6372554,362.41481351852417,7154,12056,jpeg,0.0514070987701416
1778636115.6842937,362.46185183525085,7155,11935,jpeg,0.04703831672668457
1778636115.73701,362.51456809043884,7156,11866,jpeg,0.05271625518798828
1778636115.7867966,362.56435465812683,7157,11863,jpeg,0.04978656768798828
1778636115.835067,362.6126251220703,7158,11587,jpeg,0.048270463943481445
1778636115.8863013,362.6638593673706,7159,11553,jpeg,0.05123424530029297
1778636115.9367821,362.71434020996094,7160,11547,jpeg,0.05048084259033203
1778636115.9854035,362.76296162605286,7161,11498,jpeg,0.048621416091918945
1778636116.0366023,362.81416034698486,7162,11366,jpeg,0.051198720932006836
1778636116.087114,362.8646721839905,7163,11271,jpeg,0.050511837005615234
1778636116.1360068,362.9135649204254,7164,11318,jpeg,0.04889273643493652
1778636116.185386,362.9629440307617,7165,11336,jpeg,0.04937911033630371
1778636116.2359335,363.0134916305542,7166,11189,jpeg,0.05054759979248047
1778636116.2845368,363.0620949268341,7167,11109,jpeg,0.04860329627990723
1778636116.3357694,363.11332750320435,7168,10887,jpeg,0.05123257637023926
1778636116.390464,363.1680221557617,7169,10680,jpeg,0.05469465255737305
1778636116.4358974,363.2134554386139,7170,10758,jpeg,0.04543328285217285
1778636116.485504,363.26306200027466,7171,10902,jpeg,0.0496065616607666
1778636116.5390987,363.31665682792664,7172,11046,jpeg,0.05359482765197754
1778636116.586987,363.3645451068878,7173,11176,jpeg,0.04788827896118164
1778636116.6357896,363.41334772109985,7174,11486,jpeg,0.04880261421203613
1778636116.689493,363.4670510292053,7175,11221,jpeg,0.05370330810546875
1778636116.735717,363.5132751464844,7176,11174,jpeg,0.046224117279052734
1778636116.7850273,363.5625853538513,7177,11107,jpeg,0.04931020736694336
1778636116.8401895,363.6177475452423,7178,11015,jpeg,0.05516219139099121
1778636116.8861947,363.66375279426575,7179,10820,jpeg,0.0460052490234375
1778636116.9389641,363.7165222167969,7180,10624,jpeg,0.05276942253112793
1778636116.9891179,363.7666759490967,7181,10564,jpeg,0.05015373229980469
1778636117.035611,363.81316900253296,7182,10578,jpeg,0.0464930534362793
1778636117.0905514,363.8681094646454,7183,10775,jpeg,0.05494046211242676
1778636117.1573448,363.93490290641785,7184,10726,jpeg,0.06679344177246094
1778636117.1842663,363.96182441711426,7185,10758,jpeg,0.026921510696411133
1778636117.2372305,364.0147886276245,7186,10916,jpeg,0.052964210510253906
1778636117.288179,364.06573700904846,7187,10849,jpeg,0.050948381423950195
1778636117.3348403,364.1123983860016,7188,11103,jpeg,0.046661376953125
1778636117.387788,364.1653461456299,7189,11160,jpeg,0.0529477596282959
1778636117.4374156,364.2149736881256,7190,11039,jpeg,0.04962754249572754
1778636117.4858987,364.26345682144165,7191,11689,jpeg,0.04848313331604004
1778636117.5362694,364.31382751464844,7192,11968,jpeg,0.05037069320678711
1778636117.5877826,364.3653407096863,7193,11843,jpeg,0.0515131950378418
1778636117.6399071,364.41746520996094,7194,11983,jpeg,0.0521245002746582
1778636117.6860402,364.4635982513428,7195,12182,jpeg,0.04613304138183594
1778636117.7423153,364.519873380661,7196,12127,jpeg,0.056275129318237305
1778636117.785259,364.5628170967102,7197,11861,jpeg,0.042943716049194336
1778636117.8392596,364.6168177127838,7198,12413,jpeg,0.0540006160736084
1778636117.8899589,364.6675169467926,7199,12668,jpeg,0.05069923400878906
1778636117.9348476,364.7124056816101,7200,12438,jpeg,0.04488873481750488
1778636117.9874766,364.76503467559814,7201,12229,jpeg,0.05262899398803711
1778636118.0463326,364.82389068603516,7202,12754,jpeg,0.05885601043701172
1778636118.0926478,364.8702058792114,7203,13262,jpeg,0.04631519317626953
1778636118.136328,364.91388607025146,7204,13256,jpeg,0.04368019104003906
1778636118.1880677,364.96562576293945,7205,13337,jpeg,0.05173969268798828
1778636118.236127,365.01368498802185,7206,13146,jpeg,0.04805922508239746
1778636118.300784,365.07834219932556,7207,13249,jpeg,0.06465721130371094
1778636118.3391027,365.11666083335876,7208,13561,jpeg,0.038318634033203125
1778636118.3850517,365.16260981559753,7209,13556,jpeg,0.04594898223876953
1778636118.4375167,365.21507477760315,7210,13195,jpeg,0.052464962005615234
1778636118.4896712,365.2672293186188,7211,13971,jpeg,0.052154541015625
1778636118.5358002,365.31335830688477,7212,14199,jpeg,0.04612898826599121
1778636118.588587,365.36614513397217,7213,14110,jpeg,0.052786827087402344
1778636118.6399744,365.41753244400024,7214,14060,jpeg,0.05138731002807617
1778636118.689427,365.4669849872589,7215,14309,jpeg,0.04945254325866699
1778636118.7381284,365.5156865119934,7216,14387,jpeg,0.04870152473449707
1778636118.7890477,365.5666058063507,7217,14505,jpeg,0.050919294357299805
1778636118.8390067,365.6165647506714,7218,15156,jpeg,0.04995894432067871
1778636118.8878548,365.66541290283203,7219,14802,jpeg,0.04884815216064453
1778636118.940864,365.71842217445374,7220,15318,jpeg,0.0530092716217041
1778636118.9896452,365.76720333099365,7221,14567,jpeg,0.04878115653991699
1778636119.041656,365.8192141056061,7222,14717,jpeg,0.05201077461242676
1778636119.0915356,365.8690936565399,7223,14814,jpeg,0.04987955093383789
1778636119.1391063,365.91666436195374,7224,15140,jpeg,0.04757070541381836
1778636119.1921892,365.9697473049164,7225,15576,jpeg,0.053082942962646484
1778636119.2423317,366.01988983154297,7226,15321,jpeg,0.050142526626586914
1778636119.2887814,366.06633949279785,7227,15199,jpeg,0.04644966125488281
1778636119.338884,366.11644220352173,7228,15281,jpeg,0.05010271072387695
1778636119.3943481,366.17190623283386,7229,15409,jpeg,0.05546402931213379
1778636119.4427726,366.22033071517944,7230,15540,jpeg,0.048424482345581055
1778636119.4926348,366.270192861557,7231,15408,jpeg,0.04986214637756348
1778636119.5387273,366.3162853717804,7232,15383,jpeg,0.04609251022338867
1778636119.5891993,366.3667573928833,7233,15437,jpeg,0.05047202110290527
1778636119.6366725,366.41423058509827,7234,14163,jpeg,0.04747319221496582
1778636119.6871204,366.4646785259247,7235,13569,jpeg,0.050447940826416016
1778636119.7374687,366.51502680778503,7236,12865,jpeg,0.05034828186035156
1778636119.7848365,366.56239461898804,7237,12810,jpeg,0.04736781120300293
1778636119.8374333,366.6149914264679,7238,12995,jpeg,0.0525968074798584
1778636119.885616,366.66317415237427,7239,13436,jpeg,0.04818272590637207
1778636119.935607,366.71316504478455,7240,13456,jpeg,0.04999089241027832
1778636119.9875948,366.7651529312134,7241,13450,jpeg,0.05198788642883301
1778636120.0353045,366.8128626346588,7242,13548,jpeg,0.04770970344543457
1778636120.085495,366.8630530834198,7243,13534,jpeg,0.05019044876098633
1778636120.1429148,366.9204728603363,7244,13497,jpeg,0.057419776916503906
1778636120.1842482,366.96180629730225,7245,13102,jpeg,0.04133343696594238
1778636120.236017,367.0135750770569,7246,12962,jpeg,0.05176877975463867
1778636120.2861743,367.0637323856354,7247,13340,jpeg,0.05015730857849121
1778636120.3363116,367.1138696670532,7248,13546,jpeg,0.05013728141784668
1778636120.387314,367.16487216949463,7249,13551,jpeg,0.05100250244140625
1778636120.4366245,367.21418261528015,7250,13410,jpeg,0.04931044578552246
1778636120.4858854,367.2634434700012,7251,13781,jpeg,0.049260854721069336
1778636120.5366383,367.3141963481903,7252,13096,jpeg,0.050752878189086914
1778636120.589836,367.3673939704895,7253,13458,jpeg,0.053197622299194336
1778636120.6357944,367.41335248947144,7254,13322,jpeg,0.045958518981933594
1778636120.6856866,367.46324467658997,7255,12746,jpeg,0.04989218711853027
1778636120.7423568,367.5199148654938,7256,13245,jpeg,0.056670188903808594
1778636120.7864292,367.56398725509644,7257,13270,jpeg,0.04407238960266113
1778636120.834463,367.61202096939087,7258,13663,jpeg,0.048033714294433594
1778636120.8888748,367.6664328575134,7259,13834,jpeg,0.054411888122558594
1778636120.9355965,367.71315455436707,7260,14766,jpeg,0.046721696853637695
1778636120.996939,367.7744970321655,7261,14463,jpeg,0.061342477798461914
1778636121.0374906,367.8150486946106,7262,14393,jpeg,0.04055166244506836
1778636121.0853205,367.8628785610199,7263,14228,jpeg,0.04782986640930176
1778636121.1354117,367.912969827652,7264,14106,jpeg,0.05009126663208008
1778636121.1875253,367.965083360672,7265,14084,jpeg,0.05211353302001953
1778636121.2373674,368.0149254798889,7266,15384,jpeg,0.049842119216918945
1778636121.2883875,368.0659456253052,7267,15133,jpeg,0.051020145416259766
1778636121.3392868,368.11684489250183,7268,14985,jpeg,0.05089926719665527
1778636121.3861496,368.1637077331543,7269,13690,jpeg,0.04686284065246582
1778636121.440395,368.21795320510864,7270,14005,jpeg,0.0542454719543457
1778636121.4879394,368.2654974460602,7271,14076,jpeg,0.047544240951538086
1778636121.5423431,368.31990122795105,7272,16588,jpeg,0.05440378189086914
1778636121.588305,368.3658630847931,7273,16340,jpeg,0.045961856842041016
1778636121.6441252,368.4216833114624,7274,16179,jpeg,0.05582022666931152
1778636121.6853752,368.46293330192566,7275,13361,jpeg,0.041249990463256836
1778636121.735492,368.5130500793457,7276,13146,jpeg,0.050116777420043945
1778636121.7862544,368.56381249427795,7277,13441,jpeg,0.05076241493225098
1778636121.8370605,368.6146185398102,7278,12943,jpeg,0.05080604553222656
1778636121.8872712,368.6648292541504,7279,12868,jpeg,0.05021071434020996
1778636121.939135,368.7166931629181,7280,12768,jpeg,0.051863908767700195
1778636121.9864016,368.763959646225,7281,12764,jpeg,0.047266483306884766
1778636122.0349474,368.8125054836273,7282,12871,jpeg,0.04854583740234375
1778636122.0879502,368.8655083179474,7283,12656,jpeg,0.05300283432006836
1778636122.1346066,368.91216468811035,7284,12763,jpeg,0.04665637016296387
1778636122.1881864,368.96574449539185,7285,12930,jpeg,0.05357980728149414
1778636122.2386997,369.01625776290894,7286,13702,jpeg,0.050513267517089844
1778636122.2877927,369.0653507709503,7287,14138,jpeg,0.049093008041381836
1778636122.3404925,369.11805057525635,7288,14548,jpeg,0.05269980430603027
1778636122.388835,369.1663930416107,7289,13664,jpeg,0.04834246635437012
1778636122.4366183,369.2141764163971,7290,16320,jpeg,0.04778337478637695
1778636122.4887974,369.26635551452637,7291,15784,jpeg,0.05217909812927246
1778636122.5380821,369.31564021110535,7292,16105,jpeg,0.04928469657897949
1778636122.586592,369.36415004730225,7293,14403,jpeg,0.048509836196899414
1778636122.6409569,369.4185149669647,7294,14197,jpeg,0.054364919662475586
1778636122.687548,369.465106010437,7295,14441,jpeg,0.04659104347229004
1778636122.7404802,369.51803827285767,7296,14480,jpeg,0.0529322624206543
1778636122.7863445,369.56390261650085,7297,13943,jpeg,0.04586434364318848
1778636122.8360748,369.6136329174042,7298,13832,jpeg,0.04973030090332031
1778636122.8841217,369.66167974472046,7299,13252,jpeg,0.04804682731628418
1778636122.9372535,369.7148115634918,7300,12752,jpeg,0.053131818771362305
1778636122.9884756,369.7660336494446,7301,13106,jpeg,0.05122208595275879
1778636123.034415,369.8119730949402,7302,13059,jpeg,0.04593944549560547
1778636123.0847268,369.86228489875793,7303,13122,jpeg,0.05031180381774902
1778636123.1366303,369.91418838500977,7304,13395,jpeg,0.051903486251831055
1778636123.1836004,369.9611585140228,7305,13173,jpeg,0.04697012901306152
1778636123.2415066,370.0190646648407,7306,13118,jpeg,0.057906150817871094
1778636123.2853818,370.06293988227844,7307,13276,jpeg,0.04387521743774414
1778636123.3369994,370.11455750465393,7308,12908,jpeg,0.05161762237548828
1778636123.3853805,370.1629385948181,7309,13451,jpeg,0.04838109016418457
1778636123.43933,370.2168881893158,7310,13845,jpeg,0.053949594497680664
1778636123.4857118,370.26326990127563,7311,13199,jpeg,0.04638171195983887
1778636123.5344796,370.3120377063751,7312,13569,jpeg,0.048767805099487305
1778636123.5905676,370.36812567710876,7313,13180,jpeg,0.05608797073364258
1778636123.6403759,370.41793394088745,7314,17365,jpeg,0.04980826377868652
1778636123.6913192,370.46887731552124,7315,17677,jpeg,0.05094337463378906
1778636123.7367415,370.5142996311188,7316,17665,jpeg,0.04542231559753418
1778636123.7843966,370.5619547367096,7317,14486,jpeg,0.04765510559082031
1778636123.835302,370.6128602027893,7318,13990,jpeg,0.050905466079711914
1778636123.8877335,370.66529154777527,7319,14083,jpeg,0.052431344985961914
1778636123.934676,370.71223402023315,7320,13209,jpeg,0.04694247245788574
1778636123.9890294,370.76658749580383,7321,13910,jpeg,0.05435347557067871
1778636124.0359285,370.8134865760803,7322,13976,jpeg,0.04689908027648926
1778636124.0857625,370.86332058906555,7323,16879,jpeg,0.04983401298522949
1778636124.1389122,370.91647028923035,7324,16836,jpeg,0.05314970016479492
1778636124.188464,370.9660220146179,7325,17181,jpeg,0.04955172538757324
1778636124.2400196,371.01757764816284,7326,16867,jpeg,0.051555633544921875
1778636124.2881289,371.06568694114685,7327,17039,jpeg,0.04810929298400879
1778636124.3569312,371.1344892978668,7328,16767,jpeg,0.0688023567199707
1778636124.391568,371.16912603378296,7329,17305,jpeg,0.034636735916137695
1778636124.4403117,371.21786975860596,7330,17516,jpeg,0.04874372482299805
1778636124.4872415,371.26479959487915,7331,17720,jpeg,0.04692983627319336
1778636124.5352123,371.3127703666687,7332,13297,jpeg,0.04797077178955078
1778636124.589866,371.36742401123047,7333,13786,jpeg,0.05465364456176758
1778636124.6394413,371.4169993400574,7334,13804,jpeg,0.0495753288269043
1778636124.688305,371.46586298942566,7335,16907,jpeg,0.04886364936828613
1778636124.7382503,371.51580834388733,7336,17098,jpeg,0.04994535446166992
1778636124.7887826,371.56634068489075,7337,17150,jpeg,0.05053234100341797
1778636124.8385825,371.61614060401917,7338,17346,jpeg,0.04979991912841797
1778636124.8890986,371.6666567325592,7339,17343,jpeg,0.05051612854003906
1778636124.9397337,371.7172918319702,7340,17386,jpeg,0.05063509941101074
1778636124.9902523,371.76781034469604,7341,16715,jpeg,0.05051851272583008
1778636125.040526,371.81808400154114,7342,16632,jpeg,0.05027365684509277
1778636125.089614,371.86717200279236,7343,15627,jpeg,0.0490880012512207
1778636125.1371505,371.91470861434937,7344,15740,jpeg,0.047536611557006836
1778636125.1911962,371.9687542915344,7345,15395,jpeg,0.054045677185058594
1778636125.2412045,372.018762588501,7346,15434,jpeg,0.050008296966552734
1778636125.2869906,372.0645487308502,7347,13606,jpeg,0.045786142349243164
1778636125.3405206,372.1180787086487,7348,14093,jpeg,0.053529977798461914
1778636125.384282,372.1618402004242,7349,13736,jpeg,0.043761491775512695
1778636125.4387774,372.21633553504944,7350,13875,jpeg,0.05449533462524414
1778636125.4879563,372.2655143737793,7351,13272,jpeg,0.0491788387298584
1778636125.5345068,372.31206488609314,7352,12421,jpeg,0.04655051231384277
1778636125.5835252,372.36108326911926,7353,12752,jpeg,0.04901838302612305
1778636125.6363082,372.4138662815094,7354,12736,jpeg,0.05278301239013672
1778636125.6845336,372.46209168434143,7355,12246,jpeg,0.04822540283203125
1778636125.7383027,372.51586079597473,7356,12639,jpeg,0.05376911163330078
1778636125.788388,372.56594610214233,7357,12340,jpeg,0.05008530616760254
1778636125.8355904,372.61314845085144,7358,13120,jpeg,0.047202348709106445
1778636125.8834612,372.66101932525635,7359,12773,jpeg,0.04787087440490723
1778636125.9342291,372.7117872238159,7360,12651,jpeg,0.05076789855957031
1778636125.987617,372.76517510414124,7361,12539,jpeg,0.05338788032531738
1778636126.0358133,372.8133714199066,7362,13506,jpeg,0.04819631576538086
1778636126.0840511,372.86160922050476,7363,12717,jpeg,0.04823780059814453
1778636126.139256,372.9168140888214,7364,12963,jpeg,0.05520486831665039
1778636126.1840625,372.9616205692291,7365,13326,jpeg,0.044806480407714844
1778636126.2348661,373.01242423057556,7366,13670,jpeg,0.05080366134643555
1778636126.2845354,373.06209349632263,7367,13626,jpeg,0.04966926574707031
1778636126.3344605,373.1120185852051,7368,13674,jpeg,0.04992508888244629
1778636126.390894,373.16845202445984,7369,13457,jpeg,0.05643343925476074
1778636126.4347334,373.2122914791107,7370,13545,jpeg,0.043839454650878906
1778636126.4836237,373.26118183135986,7371,13081,jpeg,0.04889035224914551
1778636126.5459056,373.32346367836,7372,12953,jpeg,0.06228184700012207
1778636126.5896652,373.36722326278687,7373,13273,jpeg,0.04375958442687988
1778636126.6324518,373.41000986099243,7374,12828,jpeg,0.042786598205566406
1778636126.684096,373.4616541862488,7375,13030,jpeg,0.051644325256347656
1778636126.7367797,373.51433777809143,7376,13711,jpeg,0.05268359184265137
1778636126.7834072,373.5609652996063,7377,13496,jpeg,0.04662752151489258
1778636126.84288,373.62043809890747,7378,13336,jpeg,0.05947279930114746
1778636126.8848062,373.66236424446106,7379,14034,jpeg,0.04192614555358887
1778636126.9318123,373.70937037467957,7380,13659,jpeg,0.04700613021850586
1778636126.9871774,373.7647354602814,7381,13552,jpeg,0.05536508560180664
1778636127.0362566,373.81381464004517,7382,13423,jpeg,0.049079179763793945
1778636127.0834858,373.8610439300537,7383,13050,jpeg,0.04722929000854492
1778636127.1383739,373.91593194007874,7384,13725,jpeg,0.054888010025024414
1778636127.19018,373.9677381515503,7385,13613,jpeg,0.05180621147155762
1778636127.2374775,374.01503562927246,7386,13612,jpeg,0.04729747772216797
1778636127.2840788,374.06163692474365,7387,13768,jpeg,0.046601295471191406
1778636127.3348637,374.11242175102234,7388,13774,jpeg,0.05078482627868652
1778636127.3854377,374.1629958152771,7389,12874,jpeg,0.05057406425476074
1778636127.4339328,374.2114908695221,7390,12578,jpeg,0.04849505424499512
1778636127.4853623,374.2629203796387,7391,12709,jpeg,0.05142951011657715
1778636127.5355606,374.31311869621277,7392,12148,jpeg,0.05019831657409668
1778636127.5840118,374.3615698814392,7393,11965,jpeg,0.04845118522644043
1778636127.6342242,374.4117822647095,7394,12092,jpeg,0.05021238327026367
1778636127.6848123,374.4623703956604,7395,12139,jpeg,0.050588130950927734
1778636127.734065,374.5116231441498,7396,12259,jpeg,0.04925274848937988
1778636127.7860959,374.56365394592285,7397,12560,jpeg,0.05203080177307129
1778636127.8335176,374.61107563972473,7398,12193,jpeg,0.04742169380187988
1778636127.8832426,374.6608006954193,7399,12651,jpeg,0.04972505569458008
1778636127.936814,374.71437215805054,7400,12551,jpeg,0.053571462631225586
1778636127.984328,374.76188611984253,7401,12851,jpeg,0.04751396179199219
1778636128.034828,374.8123860359192,7402,12874,jpeg,0.050499916076660156
1778636128.0863447,374.8639028072357,7403,12876,jpeg,0.05151677131652832
1778636128.1328807,374.91043877601624,7404,12538,jpeg,0.04653596878051758
1778636128.1860437,374.96360182762146,7405,12782,jpeg,0.05316305160522461
1778636128.2361078,375.0136659145355,7406,12600,jpeg,0.0500640869140625
1778636128.2836123,375.06117033958435,7407,12986,jpeg,0.047504425048828125
1778636128.3377087,375.11526679992676,7408,13270,jpeg,0.05409646034240723
1778636128.3913572,375.16891527175903,7409,13548,jpeg,0.05364847183227539
1778636128.4335713,375.2111294269562,7410,13114,jpeg,0.042214155197143555
1778636128.4849846,375.2625427246094,7411,12969,jpeg,0.05141329765319824
1778636128.5348551,375.3124132156372,7412,13108,jpeg,0.04987049102783203
1778636128.5822134,375.35977149009705,7413,13242,jpeg,0.04735827445983887
1778636128.6341965,375.4117546081543,7414,13093,jpeg,0.05198311805725098
1778636128.6850111,375.46256923675537,7415,13377,jpeg,0.05081462860107422
1778636128.733709,375.5112671852112,7416,13431,jpeg,0.04869794845581055
1778636128.7864587,375.56401681900024,7417,13531,jpeg,0.0527496337890625
1778636128.8345091,375.6120672225952,7418,13395,jpeg,0.0480504035949707
1778636128.8826344,375.660192489624,7419,13244,jpeg,0.048125267028808594
1778636128.9337807,375.7113387584686,7420,13304,jpeg,0.05114626884460449
1778636128.986017,375.7635750770569,7421,12646,jpeg,0.052236318588256836
1778636129.0335536,375.8111116886139,7422,12933,jpeg,0.047536611557006836
1778636129.082989,375.86054706573486,7423,12523,jpeg,0.04943537712097168
1778636129.1370997,375.914657831192,7424,12450,jpeg,0.05411076545715332
1778636129.1819704,375.9595284461975,7425,12867,jpeg,0.044870615005493164
1778636129.2319968,376.0095548629761,7426,12812,jpeg,0.05002641677856445
1778636129.2868857,376.0644438266754,7427,12836,jpeg,0.05488896369934082
1778636129.332748,376.1103060245514,7428,12947,jpeg,0.04586219787597656
1778636129.383418,376.16097617149353,7429,12610,jpeg,0.05067014694213867
1778636129.4357774,376.2133355140686,7430,13297,jpeg,0.05235934257507324
1778636129.482795,376.2603530883789,7431,12781,jpeg,0.047017574310302734
1778636129.538633,376.31619119644165,7432,12721,jpeg,0.05583810806274414
1778636129.5839856,376.3615436553955,7433,13178,jpeg,0.04535245895385742
1778636129.6318548,376.40941286087036,7434,12892,jpeg,0.047869205474853516
1778636129.6835568,376.46111488342285,7435,13269,jpeg,0.051702022552490234
1778636129.744403,376.5219609737396,7436,13473,jpeg,0.06084609031677246
1778636129.7851322,376.5626902580261,7437,13227,jpeg,0.04072928428649902
1778636129.8365147,376.6140727996826,7438,13196,jpeg,0.05138254165649414
1778636129.8905685,376.66812658309937,7439,13339,jpeg,0.05405378341674805
1778636129.9363482,376.713906288147,7440,13220,jpeg,0.04577970504760742
1778636129.9833114,376.76086950302124,7441,12821,jpeg,0.04696321487426758
1778636130.0410078,376.8185658454895,7442,13070,jpeg,0.05769634246826172
1778636130.0895653,376.8671233654022,7443,13475,jpeg,0.04855751991271973
1778636130.1356704,376.9132285118103,7444,13586,jpeg,0.046105146408081055
1778636130.1890986,376.9666566848755,7445,13146,jpeg,0.05342817306518555
1778636130.2350242,377.0125823020935,7446,13639,jpeg,0.04592561721801758
1778636130.2853978,377.06295585632324,7447,13762,jpeg,0.05037355422973633
1778636130.3361318,377.1136898994446,7448,13385,jpeg,0.05073404312133789
1778636130.385166,377.1627240180969,7449,13707,jpeg,0.04903411865234375
1778636130.4348485,377.2124066352844,7450,13627,jpeg,0.0496826171875
1778636130.4876657,377.2652237415314,7451,13444,jpeg,0.05281710624694824
1778636130.5341227,377.3116807937622,7452,13324,jpeg,0.04645705223083496
1778636130.5876808,377.365238904953,7453,13256,jpeg,0.0535581111907959
1778636130.636464,377.41402220726013,7454,13529,jpeg,0.048783302307128906
1778636130.6857338,377.4632918834686,7455,13435,jpeg,0.049269676208496094
1778636130.7393336,377.51689171791077,7456,13379,jpeg,0.05359983444213867
1778636130.7859812,377.5635392665863,7457,13748,jpeg,0.04664754867553711
1778636130.8355832,377.61314129829407,7458,13656,jpeg,0.04960203170776367
1778636130.8866358,377.6641938686371,7459,13477,jpeg,0.05105257034301758
1778636130.9456336,377.72319173812866,7460,13662,jpeg,0.05899786949157715
1778636130.987727,377.7652850151062,7461,13741,jpeg,0.04209327697753906
1778636131.0327418,377.81029987335205,7462,13871,jpeg,0.04501485824584961
1778636131.0834448,377.8610029220581,7463,13841,jpeg,0.05070304870605469
1778636131.133366,377.9109241962433,7464,13728,jpeg,0.049921274185180664
1778636131.185719,377.9632771015167,7465,13696,jpeg,0.0523529052734375
1778636131.2397025,378.01726055145264,7466,13702,jpeg,0.053983449935913086
1778636131.2876563,378.06521439552307,7467,13620,jpeg,0.04795384407043457
1778636131.3362417,378.11379981040955,7468,13654,jpeg,0.04858541488647461
1778636131.3855088,378.1630668640137,7469,13662,jpeg,0.04926705360412598
1778636131.4352791,378.2128372192383,7470,13655,jpeg,0.049770355224609375
1778636131.4840539,378.26161193847656,7471,13756,jpeg,0.04877471923828125
1778636131.5355308,378.3130888938904,7472,13774,jpeg,0.05147695541381836
1778636131.5861063,378.3636643886566,7473,13790,jpeg,0.05057549476623535
1778636131.6366105,378.4141685962677,7474,13340,jpeg,0.050504207611083984
1778636131.6845624,378.4621205329895,7475,12545,jpeg,0.04795193672180176
1778636131.7339373,378.5114953517914,7476,12446,jpeg,0.04937481880187988
1778636131.7920012,378.5695593357086,7477,12376,jpeg,0.05806398391723633
1778636131.8383126,378.6158707141876,7478,12362,jpeg,0.046311378479003906
1778636131.8837407,378.66129875183105,7479,12267,jpeg,0.04542803764343262
1778636131.9395883,378.71714639663696,7480,12235,jpeg,0.0558476448059082
1778636131.987042,378.76460003852844,7481,12147,jpeg,0.04745364189147949
1778636132.0329442,378.8105022907257,7482,11898,jpeg,0.045902252197265625
1778636132.087369,378.86492705345154,7483,11829,jpeg,0.05442476272583008
1778636132.1375427,378.915100812912,7484,11729,jpeg,0.05017375946044922
1778636132.1833603,378.9609184265137,7485,11457,jpeg,0.04581761360168457
1778636132.2314317,379.0089898109436,7486,11712,jpeg,0.04807138442993164
1778636132.2828426,379.060400724411,7487,11844,jpeg,0.05141091346740723
1778636132.3323684,379.10992646217346,7488,11741,jpeg,0.04952573776245117
1778636132.3874211,379.16497921943665,7489,11792,jpeg,0.055052757263183594
1778636132.4365363,379.2140944004059,7490,11820,jpeg,0.04911518096923828
1778636132.48568,379.2632381916046,7491,11314,jpeg,0.04914379119873047
1778636132.533174,379.31073212623596,7492,11275,jpeg,0.047493934631347656
1778636132.5826755,379.36023354530334,7493,11212,jpeg,0.04950141906738281
1778636132.6354468,379.4130048751831,7494,11251,jpeg,0.05277132987976074
1778636132.6822424,379.45980048179626,7495,11161,jpeg,0.04679560661315918
1778636132.7344487,379.51200675964355,7496,11430,jpeg,0.05220627784729004
1778636132.7802367,379.55779480934143,7497,11416,jpeg,0.04578804969787598
1778636132.8311672,379.60872530937195,7498,11609,jpeg,0.05093050003051758
1778636132.889118,379.6666760444641,7499,11680,jpeg,0.057950735092163086
1778636132.9314318,379.7089898586273,7500,11784,jpeg,0.04231381416320801
1778636132.9798386,379.75739669799805,7501,11755,jpeg,0.04840683937072754
1778636133.0325098,379.8100678920746,7502,12054,jpeg,0.052671194076538086
1778636133.081462,379.8590199947357,7503,12473,jpeg,0.04895210266113281
1778636133.132233,379.9097909927368,7504,12751,jpeg,0.05077099800109863
1778636133.1847076,379.9622657299042,7505,12738,jpeg,0.0524747371673584
1778636133.232442,380.00999999046326,7506,13003,jpeg,0.04773426055908203
1778636133.2868636,380.06442165374756,7507,13308,jpeg,0.05442166328430176
1778636133.3335726,380.1111307144165,7508,13677,jpeg,0.04670906066894531
1778636133.3849952,380.1625533103943,7509,13622,jpeg,0.0514225959777832
1778636133.4319916,380.20954966545105,7510,13723,jpeg,0.046996355056762695
1778636133.4844754,380.2620334625244,7511,13786,jpeg,0.05248379707336426
1778636133.5334287,380.31098675727844,7512,13585,jpeg,0.04895329475402832
1778636133.5826952,380.3602533340454,7513,14050,jpeg,0.04926657676696777
1778636133.6340036,380.4115617275238,7514,13931,jpeg,0.051308393478393555
1778636133.689846,380.467404127121,7515,14031,jpeg,0.05584239959716797
1778636133.7318778,380.5094358921051,7516,13708,jpeg,0.04203176498413086
1778636133.7832134,380.5607714653015,7517,13334,jpeg,0.05133557319641113
1778636133.8328805,380.6104385852814,7518,13248,jpeg,0.0496671199798584
1778636133.8857164,380.66327452659607,7519,13319,jpeg,0.052835941314697266
1778636133.9327812,380.71033930778503,7520,13446,jpeg,0.047064781188964844
1778636133.9816759,380.7592339515686,7521,13324,jpeg,0.048894643783569336
1778636134.036,380.81355810165405,7522,14167,jpeg,0.05432415008544922
1778636134.08365,380.8612082004547,7523,14044,jpeg,0.04765009880065918
1778636134.135329,380.91288709640503,7524,13732,jpeg,0.05167889595031738
1778636134.1845996,380.96215772628784,7525,13755,jpeg,0.0492706298828125
1778636134.237454,381.01501202583313,7526,13801,jpeg,0.052854299545288086
1778636134.285783,381.06334114074707,7527,13884,jpeg,0.04832911491394043
1778636134.334429,381.11198711395264,7528,14102,jpeg,0.048645973205566406
1778636134.3886905,381.1662485599518,7529,14083,jpeg,0.05426144599914551
1778636134.4353836,381.2129416465759,7530,14671,jpeg,0.04669308662414551
1778636134.4819527,381.25951075553894,7531,14861,jpeg,0.046569108963012695
1778636134.5352302,381.31278824806213,7532,15950,jpeg,0.05327749252319336
1778636134.589504,381.3670620918274,7533,17043,jpeg,0.05427384376525879
1778636134.633812,381.4113700389862,7534,17387,jpeg,0.04430794715881348
1778636134.6848795,381.4624376296997,7535,17308,jpeg,0.05106759071350098
1778636134.7316713,381.5092294216156,7536,16517,jpeg,0.046791791915893555
1778636134.7843955,381.5619535446167,7537,15711,jpeg,0.05272412300109863
1778636134.8337667,381.6113247871399,7538,15342,jpeg,0.04937124252319336
1778636134.882162,381.6597201824188,7539,14869,jpeg,0.048395395278930664
1778636134.9339035,381.71146154403687,7540,14807,jpeg,0.05174136161804199
1778636134.9847136,381.76227164268494,7541,15407,jpeg,0.05081009864807129
1778636135.0331783,381.8107364177704,7542,15279,jpeg,0.04846477508544922
1778636135.0837815,381.8613395690918,7543,15310,jpeg,0.05060315132141113
1778636135.1337073,381.91126537323,7544,14968,jpeg,0.049925804138183594
1778636135.1828141,381.96037220954895,7545,15307,jpeg,0.04910683631896973
1778636135.2359185,382.0134766101837,7546,14495,jpeg,0.053104400634765625
1778636135.2846692,382.0622272491455,7547,14699,jpeg,0.04875063896179199
1778636135.3310735,382.10863161087036,7548,14424,jpeg,0.046404361724853516
1778636135.3851926,382.1627507209778,7549,15206,jpeg,0.054119110107421875
1778636135.437287,382.2148451805115,7550,14295,jpeg,0.052094459533691406
1778636135.4808505,382.25840854644775,7551,14264,jpeg,0.0435633659362793
1778636135.534902,382.3124601840973,7552,14296,jpeg,0.05405163764953613
1778636135.5875294,382.3650875091553,7553,14251,jpeg,0.0526273250579834
1778636135.630451,382.4080090522766,7554,14335,jpeg,0.04292154312133789
1778636135.6845715,382.4621295928955,7555,14464,jpeg,0.054120540618896484
1778636135.7348788,382.51243686676025,7556,14318,jpeg,0.050307273864746094
1778636135.7813869,382.558944940567,7557,14422,jpeg,0.046508073806762695
1778636135.8332884,382.6108465194702,7558,14463,jpeg,0.05190157890319824
1778636135.8881624,382.6657204627991,7559,14449,jpeg,0.05487394332885742
1778636135.9321642,382.7097222805023,7560,14420,jpeg,0.04400181770324707
1778636135.980785,382.7583429813385,7561,14597,jpeg,0.04862070083618164
1778636136.0359173,382.8134753704071,7562,14802,jpeg,0.055132389068603516
1778636136.082154,382.85971212387085,7563,14779,jpeg,0.04623675346374512
1778636136.1323195,382.90987753868103,7564,14643,jpeg,0.050165414810180664
1778636136.1863189,382.96387696266174,7565,14940,jpeg,0.05399942398071289
1778636136.2320054,383.0095634460449,7566,14838,jpeg,0.04568648338317871
1778636136.2854788,383.06303691864014,7567,14611,jpeg,0.053473472595214844
1778636136.335353,383.11291098594666,7568,13829,jpeg,0.049874067306518555
1778636136.3804295,383.1579875946045,7569,14321,jpeg,0.045076608657836914
1778636136.4364362,383.21399426460266,7570,14274,jpeg,0.056006669998168945
1778636136.4849184,383.2624764442444,7571,14275,jpeg,0.04848217964172363
1778636136.5314338,383.3089919090271,7572,14307,jpeg,0.046515464782714844
1778636136.5842288,383.3617868423462,7573,14012,jpeg,0.0527949333190918
1778636136.6336172,383.4111752510071,7574,14004,jpeg,0.04938840866088867
1778636136.6865575,383.4641156196594,7575,13624,jpeg,0.05294036865234375
1778636136.7337406,383.5112986564636,7576,14105,jpeg,0.04718303680419922
1778636136.7825022,383.56006026268005,7577,13455,jpeg,0.048761606216430664
1778636136.833227,383.6107850074768,7578,13280,jpeg,0.05072474479675293
1778636136.883646,383.66120409965515,7579,13681,jpeg,0.05041909217834473
1778636136.932936,383.71049404144287,7580,13679,jpeg,0.04928994178771973
1778636136.9809694,383.7585275173187,7581,14153,jpeg,0.04803347587585449
1778636137.0316284,383.80918645858765,7582,14148,jpeg,0.0506589412689209
1778636137.083072,383.8606300354004,7583,13880,jpeg,0.05144357681274414
1778636137.1309896,383.9085476398468,7584,14092,jpeg,0.04791760444641113
1778636137.1829603,383.96051836013794,7585,14801,jpeg,0.051970720291137695
1778636137.2371125,384.01467061042786,7586,15276,jpeg,0.05415225028991699
1778636137.2843716,384.0619297027588,7587,15078,jpeg,0.04725909233093262
1778636137.3326523,384.1102104187012,7588,14437,jpeg,0.04828071594238281
1778636137.3859658,384.1635239124298,7589,13704,jpeg,0.053313493728637695
1778636137.4330685,384.21062660217285,7590,13694,jpeg,0.04710268974304199
1778636137.4863777,384.26393580436707,7591,13765,jpeg,0.05330920219421387
1778636137.539152,384.3167099952698,7592,14978,jpeg,0.05277419090270996
1778636137.583417,384.36097502708435,7593,15231,jpeg,0.044265031814575195
1778636137.6383114,384.415869474411,7594,14517,jpeg,0.054894447326660156
1778636137.6852038,384.4627618789673,7595,15208,jpeg,0.046892404556274414
1778636137.7322836,384.50984168052673,7596,15200,jpeg,0.04707980155944824
1778636137.7858255,384.56338357925415,7597,15070,jpeg,0.05354189872741699
1778636137.8357203,384.61327838897705,7598,15074,jpeg,0.04989480972290039
1778636137.8845809,384.6621389389038,7599,15056,jpeg,0.04886054992675781
1778636137.9357438,384.71330189704895,7600,14728,jpeg,0.0511629581451416
1778636137.9867594,384.7643175125122,7601,14794,jpeg,0.051015615463256836
1778636138.0339594,384.8115174770355,7602,14826,jpeg,0.04719996452331543
1778636138.0850253,384.86258339881897,7603,15169,jpeg,0.051065921783447266
1778636138.1350136,384.9125716686249,7604,15803,jpeg,0.0499882698059082
1778636138.1862316,384.9637897014618,7605,15865,jpeg,0.05121803283691406
1778636138.234849,385.01240706443787,7606,16139,jpeg,0.04861736297607422
1778636138.2845206,385.0620787143707,7607,14406,jpeg,0.04967164993286133
1778636138.33613,385.11368799209595,7608,15269,jpeg,0.05160927772521973
1778636138.3862514,385.1638095378876,7609,16716,jpeg,0.05012154579162598
1778636138.4376605,385.21521854400635,7610,17237,jpeg,0.051409006118774414
1778636138.4863088,385.2638669013977,7611,15968,jpeg,0.04864835739135742
1778636138.542312,385.3198699951172,7612,16215,jpeg,0.05600309371948242
1778636138.5883763,385.36593437194824,7613,16708,jpeg,0.04606437683105469
1778636138.6399038,385.41746187210083,7614,17578,jpeg,0.05152750015258789
1778636138.685031,385.46258902549744,7615,16486,jpeg,0.045127153396606445
1778636138.7373633,385.51492142677307,7616,15574,jpeg,0.052332401275634766
1778636138.7832348,385.56079292297363,7617,16303,jpeg,0.04587149620056152
1778636138.838278,385.61583614349365,7618,17302,jpeg,0.05504322052001953
1778636138.8888388,385.666396856308,7619,16695,jpeg,0.050560712814331055
1778636138.9334733,385.71103143692017,7620,16309,jpeg,0.04463458061218262
1778636138.985745,385.76330304145813,7621,16469,jpeg,0.05227160453796387
1778636139.0405173,385.8180754184723,7622,17460,jpeg,0.054772377014160156
1778636139.08433,385.8618881702423,7623,17525,jpeg,0.04381275177001953
1778636139.1418736,385.91943168640137,7624,17226,jpeg,0.05754351615905762
1778636139.189112,385.9666700363159,7625,16650,jpeg,0.04723834991455078
1778636139.2334414,386.01099944114685,7626,16950,jpeg,0.04432940483093262
1778636139.2851615,386.06271958351135,7627,17410,jpeg,0.05172014236450195
1778636139.339548,386.1171061992645,7628,17181,jpeg,0.05438661575317383
1778636139.388549,386.1661071777344,7629,17105,jpeg,0.04900097846984863
1778636139.4373426,386.2149007320404,7630,16742,jpeg,0.04879355430603027
1778636139.4894104,386.26696848869324,7631,16741,jpeg,0.05206775665283203
1778636139.5380857,386.31564378738403,7632,17001,jpeg,0.0486752986907959
1778636139.582402,386.3599600791931,7633,16815,jpeg,0.04431629180908203
1778636139.6347165,386.4122745990753,7634,16475,jpeg,0.05231451988220215
1778636139.6874099,386.4649679660797,7635,16632,jpeg,0.05269336700439453
1778636139.734741,386.51229906082153,7636,16515,jpeg,0.04733109474182129
1778636139.784277,386.5618350505829,7637,16313,jpeg,0.04953598976135254
1778636139.8344674,386.6120254993439,7638,16217,jpeg,0.05019044876098633
1778636139.883463,386.6610209941864,7639,15833,jpeg,0.0489954948425293
1778636139.9335515,386.7111096382141,7640,15914,jpeg,0.05008864402770996
1778636139.9861135,386.7636716365814,7641,15487,jpeg,0.05256199836730957
1778636140.0337706,386.8113286495209,7642,15488,jpeg,0.047657012939453125
1778636140.0858803,386.8634383678436,7643,15660,jpeg,0.052109718322753906
1778636140.1340144,386.91157245635986,7644,14891,jpeg,0.04813408851623535
1778636140.1832607,386.9608187675476,7645,14946,jpeg,0.04924631118774414
1778636140.2350352,387.01259326934814,7646,15674,jpeg,0.05177450180053711
1778636140.2840369,387.06159496307373,7647,15626,jpeg,0.04900169372558594
1778636140.3322928,387.1098508834839,7648,15775,jpeg,0.04825592041015625
1778636140.3844428,387.1620008945465,7649,15242,jpeg,0.05215001106262207
1778636140.4345336,387.21209168434143,7650,15775,jpeg,0.050090789794921875
1778636140.4877162,387.26527428627014,7651,14821,jpeg,0.05318260192871094
1778636140.5338967,387.3114547729492,7652,14743,jpeg,0.04618048667907715
1778636140.5855012,387.36305928230286,7653,14431,jpeg,0.051604509353637695
1778636140.6304328,387.4079909324646,7654,14861,jpeg,0.044931650161743164
1778636140.6829689,387.4605269432068,7655,14742,jpeg,0.0525360107421875
1778636140.7302618,387.50781989097595,7656,14009,jpeg,0.04729294776916504
1778636140.784581,387.56213903427124,7657,14633,jpeg,0.054319143295288086
1778636140.831353,387.60891103744507,7658,14848,jpeg,0.046772003173828125
1778636140.8836086,387.66116666793823,7659,16232,jpeg,0.05225563049316406
1778636140.9309363,387.70849442481995,7660,16258,jpeg,0.04732775688171387
1778636140.9878745,387.76543259620667,7661,16268,jpeg,0.05693817138671875
1778636141.033779,387.81133699417114,7662,16798,jpeg,0.04590439796447754
1778636141.0849528,387.8625109195709,7663,16501,jpeg,0.05117392539978027
1778636141.1357775,387.9133355617523,7664,16722,jpeg,0.050824642181396484
1778636141.1834133,387.96097135543823,7665,16623,jpeg,0.047635793685913086
1778636141.2389424,388.01650047302246,7666,16150,jpeg,0.055529117584228516
1778636141.2849278,388.06248593330383,7667,16606,jpeg,0.04598546028137207
1778636141.3322601,388.10981822013855,7668,16421,jpeg,0.0473322868347168
1778636141.3863382,388.16389632225037,7669,16015,jpeg,0.054078102111816406
1778636141.4347997,388.2123577594757,7670,16401,jpeg,0.0484614372253418
1778636141.4857411,388.26329922676086,7671,16571,jpeg,0.05094146728515625
1778636141.5318842,388.309442281723,7672,15765,jpeg,0.0461430549621582
1778636141.5841985,388.36175656318665,7673,16249,jpeg,0.05231428146362305
1778636141.6330628,388.41062092781067,7674,16461,jpeg,0.04886436462402344
1778636141.6814952,388.45905327796936,7675,16258,jpeg,0.048432350158691406
1778636141.7336223,388.5111804008484,7676,16184,jpeg,0.05212712287902832
1778636141.7828453,388.5604033470154,7677,16266,jpeg,0.04922294616699219
1778636141.8350298,388.612587928772,7678,15754,jpeg,0.0521845817565918
1778636141.8843246,388.6618826389313,7679,15657,jpeg,0.04929471015930176
1778636141.9322824,388.70984053611755,7680,15827,jpeg,0.0479578971862793
1778636141.9860766,388.76363468170166,7681,16569,jpeg,0.053794145584106445
1778636142.032988,388.81054615974426,7682,16071,jpeg,0.04691147804260254
1778636142.0824935,388.8600516319275,7683,16521,jpeg,0.04950547218322754
1778636142.1378434,388.91540145874023,7684,16465,jpeg,0.05534982681274414
1778636142.1837132,388.96127128601074,7685,16060,jpeg,0.04586982727050781
1778636142.2325883,389.0101463794708,7686,16065,jpeg,0.04887509346008301
1778636142.285839,389.06339716911316,7687,15836,jpeg,0.053250789642333984
1778636142.3321328,389.1096909046173,7688,15213,jpeg,0.04629373550415039
1778636142.3845072,389.16206526756287,7689,15720,jpeg,0.05237436294555664
1778636142.4314828,389.20904088020325,7690,17043,jpeg,0.04697561264038086
1778636142.4876163,389.2651743888855,7691,17348,jpeg,0.05613350868225098
1778636142.5359888,389.31354689598083,7692,17126,jpeg,0.048372507095336914
1778636142.585053,389.36261105537415,7693,14897,jpeg,0.04906415939331055
1778636142.6372075,389.41476559638977,7694,15793,jpeg,0.052154541015625
1778636142.6838436,389.4614017009735,7695,14817,jpeg,0.046636104583740234
1778636142.7353697,389.5129277706146,7696,15638,jpeg,0.05152606964111328
1778636142.783416,389.56097412109375,7697,15816,jpeg,0.04804635047912598
1778636142.8313923,389.6089503765106,7698,16370,jpeg,0.04797625541687012
1778636142.8855312,389.6630892753601,7699,17227,jpeg,0.054138898849487305
1778636142.9354577,389.713015794754,7700,16236,jpeg,0.0499265193939209
1778636142.9806185,389.7581765651703,7701,14889,jpeg,0.045160770416259766
1778636143.038043,389.8156011104584,7702,16111,jpeg,0.05742454528808594
1778636143.084789,389.8623471260071,7703,15952,jpeg,0.046746015548706055
1778636143.1313014,389.90885949134827,7704,15578,jpeg,0.04651236534118652
1778636143.1866288,389.9641869068146,7705,16724,jpeg,0.055327415466308594
1778636143.233798,390.0113561153412,7706,15531,jpeg,0.04716920852661133
1778636143.2816184,390.0591764450073,7707,16049,jpeg,0.047820329666137695
1778636143.3314092,390.10896730422974,7708,16182,jpeg,0.04979085922241211
1778636143.3851137,390.1626718044281,7709,16320,jpeg,0.05370450019836426
1778636143.430724,390.20828199386597,7710,14434,jpeg,0.04561018943786621
1778636143.4805806,390.2581386566162,7711,14225,jpeg,0.04985666275024414
1778636143.5364952,390.31405329704285,7712,14937,jpeg,0.05591464042663574
1778636143.5822392,390.3597972393036,7713,15779,jpeg,0.04574394226074219
1778636143.6295319,390.4070899486542,7714,16042,jpeg,0.04729270935058594
1778636143.6840346,390.46159267425537,7715,15779,jpeg,0.05450272560119629
1778636143.7328293,390.5103874206543,7716,16364,jpeg,0.04879474639892578
1778636143.7834754,390.56103348731995,7717,16409,jpeg,0.050646066665649414
1778636143.8379235,390.6154816150665,7718,16289,jpeg,0.05444812774658203
1778636143.8815758,390.6591339111328,7719,16300,jpeg,0.04365229606628418
1778636143.9354322,390.71299028396606,7720,16209,jpeg,0.05385637283325195
1778636143.9853504,390.7629084587097,7721,16261,jpeg,0.049918174743652344
1778636144.0320916,390.80964970588684,7722,16068,jpeg,0.04674124717712402
1778636144.0850506,390.86260867118835,7723,16259,jpeg,0.05295896530151367
1778636144.1369436,390.9145016670227,7724,15835,jpeg,0.051892995834350586
1778636144.1808488,390.9584069252014,7725,15229,jpeg,0.04390525817871094
1778636144.2369733,391.01453137397766,7726,15471,jpeg,0.05612444877624512
1778636144.2845418,391.06209993362427,7727,15910,jpeg,0.047568559646606445
1778636144.3298435,391.1074016094208,7728,15537,jpeg,0.04530167579650879
1778636144.3945746,391.172132730484,7729,16134,jpeg,0.06473112106323242
1778636144.4331505,391.21070861816406,7730,15654,jpeg,0.03857588768005371
1778636144.481675,391.2592329978943,7731,15757,jpeg,0.04852437973022461
1778636144.5301147,391.30767273902893,7732,16654,jpeg,0.048439741134643555
1778636144.5862525,391.3638105392456,7733,16341,jpeg,0.056137800216674805
1778636144.632983,391.41054105758667,7734,15576,jpeg,0.04673051834106445
1778636144.6835375,391.46109557151794,7735,15988,jpeg,0.050554513931274414
1778636144.7352545,391.5128126144409,7736,16228,jpeg,0.05171704292297363
1778636144.781873,391.5594310760498,7737,15813,jpeg,0.04661846160888672
1778636144.8324826,391.61004066467285,7738,15301,jpeg,0.050609588623046875
1778636144.8880236,391.66558170318604,7739,14750,jpeg,0.055541038513183594
1778636144.93272,391.7102780342102,7740,16559,jpeg,0.04469633102416992
1778636144.982958,391.760516166687,7741,16934,jpeg,0.05023813247680664
1778636145.032403,391.80996108055115,7742,16596,jpeg,0.04944491386413574
1778636145.0833552,391.86091327667236,7743,16921,jpeg,0.05095219612121582
1778636145.1355772,391.9131352901459,7744,16866,jpeg,0.05222201347351074
1778636145.185562,391.9631199836731,7745,16887,jpeg,0.04998469352722168
1778636145.231895,392.0094530582428,7746,16745,jpeg,0.04633307456970215
1778636145.2869036,392.06446170806885,7747,16381,jpeg,0.055008649826049805
1778636145.3345792,392.11213731765747,7748,16251,jpeg,0.04767560958862305
1778636145.3815484,392.1591064929962,7749,15854,jpeg,0.04696917533874512
1778636145.432878,392.21043610572815,7750,15968,jpeg,0.051329612731933594
1778636145.4882672,392.26582527160645,7751,16541,jpeg,0.0553891658782959
1778636145.532758,392.31031608581543,7752,15881,jpeg,0.044490814208984375
1778636145.5842288,392.3617868423462,7753,16049,jpeg,0.05147075653076172
1778636145.6354203,392.4129784107208,7754,15964,jpeg,0.05119156837463379
1778636145.6832342,392.4607923030853,7755,15552,jpeg,0.04781389236450195
1778636145.7314174,392.50897550582886,7756,16413,jpeg,0.04818320274353027
1778636145.7848618,392.5624198913574,7757,16318,jpeg,0.05344438552856445
1778636145.8326585,392.61021661758423,7758,15956,jpeg,0.04779672622680664
1778636145.882405,392.6599631309509,7759,16155,jpeg,0.04974651336669922
1778636145.9380147,392.7155728340149,7760,16037,jpeg,0.055609703063964844
1778636145.9836016,392.761159658432,7761,16605,jpeg,0.04558682441711426
1778636146.0343885,392.8119466304779,7762,16657,jpeg,0.05078697204589844
1778636146.0857568,392.86331486701965,7763,16286,jpeg,0.05136823654174805
1778636146.1349583,392.9125163555145,7764,16692,jpeg,0.04920148849487305
1778636146.1873498,392.9649078845978,7765,16412,jpeg,0.05239152908325195
1778636146.2346544,393.0122125148773,7766,16013,jpeg,0.047304630279541016
1778636146.286833,393.06439113616943,7767,17404,jpeg,0.05217862129211426
1778636146.3318202,393.1093783378601,7768,17167,jpeg,0.04498720169067383
1778636146.386249,393.1638071537018,7769,16748,jpeg,0.054428815841674805
1778636146.436925,393.2144830226898,7770,16257,jpeg,0.05067586898803711
1778636146.4828475,393.2604055404663,7771,16629,jpeg,0.04592251777648926
1778636146.5374281,393.31498622894287,7772,16693,jpeg,0.0545806884765625
1778636146.5854468,393.3630049228668,7773,16645,jpeg,0.048018693923950195
1778636146.6323109,393.4098689556122,7774,16665,jpeg,0.04686403274536133
1778636146.6862512,393.4638092517853,7775,16934,jpeg,0.0539402961730957
1778636146.7823088,393.5598669052124,7776,17034,jpeg,0.09605765342712402
1778636146.791238,393.5687961578369,7777,17270,jpeg,0.008929252624511719
1778636146.8832204,393.66077852249146,7778,17021,jpeg,0.09198236465454102
1778636146.8908644,393.66842246055603,7779,16790,jpeg,0.007643938064575195
1778636146.9863727,393.7639307975769,7780,16449,jpeg,0.09550833702087402
1778636146.9909873,393.7685453891754,7781,17347,jpeg,0.004614591598510742
1778636147.0900724,393.86763048171997,7782,16880,jpeg,0.09908509254455566
1778636147.0943274,393.8718855381012,7783,15383,jpeg,0.004255056381225586
1778636147.19069,393.968248128891,7784,15548,jpeg,0.09636259078979492
1778636147.1993537,393.9769117832184,7785,16125,jpeg,0.008663654327392578
1778636147.2331233,394.01068139076233,7786,15700,jpeg,0.03376960754394531
1778636147.2920122,394.06957030296326,7787,15662,jpeg,0.058888912200927734
1778636147.3307354,394.1082935333252,7788,15904,jpeg,0.03872323036193848
1778636147.3956075,394.1731655597687,7789,17283,jpeg,0.06487202644348145
1778636147.4397032,394.2172613143921,7790,17060,jpeg,0.044095754623413086
1778636147.4974844,394.2750425338745,7791,16326,jpeg,0.057781219482421875
1778636147.53173,394.30928802490234,7792,16362,jpeg,0.03424549102783203
1778636147.5831652,394.3607232570648,7793,17036,jpeg,0.051435232162475586
1778636147.6307323,394.40829038619995,7794,15496,jpeg,0.047567129135131836
1778636147.7018654,394.4794235229492,7795,15572,jpeg,0.07113313674926758
1778636147.7327383,394.5102963447571,7796,16006,jpeg,0.030872821807861328
1778636147.8062289,394.5837869644165,7797,15743,jpeg,0.07349061965942383
1778636147.8331995,394.6107575893402,7798,16802,jpeg,0.026970624923706055
1778636147.88621,394.6637680530548,7799,16864,jpeg,0.05301046371459961
1778636148.0644643,394.84202241897583,7800,15367,jpeg,0.1782543659210205
1778636148.0755255,394.85308361053467,7801,15904,jpeg,0.01106119155883789
1778636148.0786877,394.8562457561493,7802,15085,jpeg,0.0031621456146240234
1778636148.0864944,394.8640525341034,7803,14033,jpeg,0.0078067779541015625
1778636148.2693176,395.04687571525574,7804,15466,jpeg,0.18282318115234375
1778636148.2746143,395.05217242240906,7805,16187,jpeg,0.0052967071533203125
1778636148.2793505,395.0569086074829,7806,16086,jpeg,0.004736185073852539
1778636148.2859395,395.06349754333496,7807,16296,jpeg,0.006588935852050781
1778636148.481929,395.2594871520996,7808,16243,jpeg,0.19598960876464844
1778636148.4878817,395.26543974876404,7809,17575,jpeg,0.005952596664428711
1778636148.4922862,395.26984429359436,7810,17406,jpeg,0.004404544830322266
1778636148.4952548,395.27281284332275,7811,16864,jpeg,0.0029685497283935547
1778636148.5279346,395.3054926395416,7812,17417,jpeg,0.03267979621887207
1778636148.7047987,395.4823567867279,7813,17037,jpeg,0.1768641471862793
1778636148.7110164,395.4885745048523,7814,16600,jpeg,0.0062177181243896484
1778636148.717235,395.494793176651,7815,16555,jpeg,0.006218671798706055
1778636148.7297459,395.5073039531708,7816,16638,jpeg,0.01251077651977539
1778636148.9039853,395.6815433502197,7817,16277,jpeg,0.1742393970489502
1778636148.9093575,395.6869156360626,7818,15974,jpeg,0.005372285842895508
1778636148.9144666,395.6920247077942,7819,16410,jpeg,0.005109071731567383
1778636148.9294376,395.7069957256317,7820,16400,jpeg,0.014971017837524414
1778636149.1105757,395.88813376426697,7821,16203,jpeg,0.1811380386352539
1778636149.116405,395.893963098526,7822,16112,jpeg,0.005829334259033203
1778636149.1224835,395.9000415802002,7823,15843,jpeg,0.006078481674194336
1778636149.1350691,395.9126272201538,7824,16429,jpeg,0.012585639953613281
1778636149.3156345,396.09319257736206,7825,16815,jpeg,0.18056535720825195
1778636149.3204498,396.0980079174042,7826,17035,jpeg,0.004815340042114258
1778636149.32533,396.1028881072998,7827,17127,jpeg,0.004880189895629883
1778636149.3323164,396.1098744869232,7828,17123,jpeg,0.006986379623413086
1778636149.5255435,396.3031015396118,7829,16677,jpeg,0.19322705268859863
1778636149.5374007,396.3149588108063,7830,16255,jpeg,0.011857271194458008
1778636149.5422282,396.3197863101959,7831,16398,jpeg,0.0048274993896484375
1778636149.545744,396.32330203056335,7832,16652,jpeg,0.0035157203674316406
1778636149.7230098,396.5005679130554,7833,16798,jpeg,0.17726588249206543
1778636149.727497,396.5050551891327,7834,16919,jpeg,0.004487276077270508
1778636149.7302814,396.50783944129944,7835,16680,jpeg,0.002784252166748047
1778636149.7330785,396.51063656806946,7836,16955,jpeg,0.0027971267700195312
1778636149.931437,396.70899510383606,7837,17066,jpeg,0.19835853576660156
1778636149.9379025,396.71546053886414,7838,16901,jpeg,0.006465435028076172
1778636149.94356,396.72111797332764,7839,16090,jpeg,0.0056574344635009766
1778636149.9501565,396.7277145385742,7840,17101,jpeg,0.006596565246582031
1778636150.1410644,396.9186224937439,7841,17187,jpeg,0.19090795516967773
1778636150.152658,396.93021607398987,7842,17899,jpeg,0.01159358024597168
1778636150.1598227,396.93738079071045,7843,17497,jpeg,0.007164716720581055
1778636150.167149,396.94470715522766,7844,17769,jpeg,0.007326364517211914
1778636150.1789014,396.9564595222473,7845,17390,jpeg,0.01175236701965332
1778636150.3456721,397.12323021888733,7846,17162,jpeg,0.16677069664001465
1778636150.3552666,397.13282465934753,7847,17451,jpeg,0.009594440460205078
1778636150.3631728,397.1407308578491,7848,17237,jpeg,0.007906198501586914
1778636150.3802676,397.1578257083893,7849,17544,jpeg,0.017094850540161133
1778636150.5503514,397.3279094696045,7850,17674,jpeg,0.17008376121520996
1778636150.5573077,397.33486580848694,7851,17298,jpeg,0.006956338882446289
1778636150.561994,397.33955216407776,7852,16218,jpeg,0.0046863555908203125
1778636150.5837305,397.36128854751587,7853,16254,jpeg,0.02173638343811035
1778636150.760671,397.53822898864746,7854,16468,jpeg,0.1769404411315918
1778636150.7697828,397.54734086990356,7855,16532,jpeg,0.009111881256103516
1778636150.7744944,397.55205249786377,7856,16915,jpeg,0.004711627960205078
1778636150.781795,397.55935311317444,7857,16721,jpeg,0.007300615310668945
1778636150.965319,397.74287700653076,7858,17102,jpeg,0.18352389335632324
1778636150.9728594,397.750417470932,7859,17276,jpeg,0.007540464401245117
1778636150.9774163,397.7549743652344,7860,17213,jpeg,0.004556894302368164
1778636150.982399,397.759957075119,7861,17461,jpeg,0.004982709884643555
1778636151.167266,397.9448239803314,7862,17742,jpeg,0.18486690521240234
1778636151.1724594,397.95001745224,7863,17349,jpeg,0.005193471908569336
1778636151.1777027,397.9552607536316,7864,17635,jpeg,0.0052433013916015625
1778636151.1837044,397.9612624645233,7865,17979,jpeg,0.006001710891723633
1778636151.3738973,398.15145540237427,7866,18058,jpeg,0.19019293785095215
1778636151.3805978,398.15815591812134,7867,17148,jpeg,0.0067005157470703125
1778636151.387978,398.1655361652374,7868,17934,jpeg,0.007380247116088867
1778636151.3931737,398.1707317829132,7869,17806,jpeg,0.00519561767578125
1778636151.5796185,398.3571765422821,7870,17622,jpeg,0.18644475936889648
1778636151.591104,398.36866211891174,7871,17702,jpeg,0.011485576629638672
1778636151.599966,398.37752413749695,7872,18379,jpeg,0.008862018585205078
1778636151.6063182,398.38387632369995,7873,18063,jpeg,0.00635218620300293
1778636151.7875757,398.56513381004333,7874,17890,jpeg,0.1812574863433838
1778636151.795732,398.5732901096344,7875,18004,jpeg,0.008156299591064453
1778636151.8055644,398.58312249183655,7876,16373,jpeg,0.009832382202148438
1778636151.8104885,398.58804655075073,7877,17609,jpeg,0.00492405891418457
1778636151.8295853,398.6071434020996,7878,17592,jpeg,0.019096851348876953
1778636151.99466,398.7722179889679,7879,17916,jpeg,0.16507458686828613
1778636152.002702,398.78026008605957,7880,16717,jpeg,0.008042097091674805
1778636152.0093117,398.786869764328,7881,16987,jpeg,0.006609678268432617
1778636152.0302362,398.8077943325043,7882,16665,jpeg,0.02092456817626953
1778636152.1956835,398.9732415676117,7883,16613,jpeg,0.16544723510742188
1778636152.2013168,398.9788749217987,7884,16946,jpeg,0.005633354187011719
1778636152.2070572,398.98461532592773,7885,17137,jpeg,0.00574040412902832
1778636152.233473,399.01103115081787,7886,16788,jpeg,0.02641582489013672
1778636152.4051366,399.1826946735382,7887,17107,jpeg,0.17166352272033691
1778636152.4102159,399.1877739429474,7888,16158,jpeg,0.0050792694091796875
1778636152.4150305,399.19258856773376,7889,17581,jpeg,0.004814624786376953
1778636152.4333544,399.2109124660492,7890,17022,jpeg,0.018323898315429688
1778636152.617133,399.394690990448,7891,16446,jpeg,0.1837785243988037
1778636152.6285062,399.4060642719269,7892,17374,jpeg,0.011373281478881836
1778636152.634766,399.41232419013977,7893,17696,jpeg,0.006259918212890625
1778636152.6400666,399.41762471199036,7894,18094,jpeg,0.0053005218505859375
1778636152.82376,399.6013181209564,7895,17931,jpeg,0.18369340896606445
1778636152.830656,399.60821413993835,7896,17616,jpeg,0.006896018981933594
1778636152.835789,399.61334705352783,7897,17769,jpeg,0.005132913589477539
1778636152.8406293,399.61818742752075,7898,17537,jpeg,0.004840373992919922
1778636153.0332696,399.8108277320862,7899,17380,jpeg,0.1926403045654297
1778636153.0440223,399.82158041000366,7900,17320,jpeg,0.010752677917480469
1778636153.0509732,399.8285312652588,7901,17075,jpeg,0.006950855255126953
1778636153.0573552,399.8349132537842,7902,16510,jpeg,0.006381988525390625
1778636153.0806367,399.85819482803345,7903,16310,jpeg,0.023281574249267578
1778636153.1368105,399.91436862945557,7904,16256,jpeg,0.05617380142211914
1778636153.188504,399.9660620689392,7905,16553,jpeg,0.05169343948364258
1778636153.2296169,400.0071749687195,7906,16270,jpeg,0.04111289978027344
1778636153.28722,400.0647780895233,7907,16532,jpeg,0.05760312080383301
1778636153.3304944,400.1080524921417,7908,16285,jpeg,0.0432744026184082
1778636153.3810167,400.1585748195648,7909,16254,jpeg,0.0505223274230957
1778636153.4309573,400.2085154056549,7910,16344,jpeg,0.04994058609008789
1778636153.4803016,400.25785970687866,7911,16366,jpeg,0.04934430122375488
1778636153.530591,400.30814909935,7912,15753,jpeg,0.05028939247131348
1778636153.585365,400.3629231452942,7913,16192,jpeg,0.05477404594421387
1778636153.643,400.42055797576904,7914,16677,jpeg,0.057634830474853516
1778636153.6855152,400.4630732536316,7915,16295,jpeg,0.04251527786254883
1778636153.7317348,400.50929284095764,7916,16015,jpeg,0.046219587326049805
1778636153.781179,400.55873703956604,7917,15793,jpeg,0.04944419860839844
1778636153.8337414,400.6112995147705,7918,16037,jpeg,0.05256247520446777
1778636153.883539,400.66109704971313,7919,16535,jpeg,0.04979753494262695
1778636153.9313838,400.7089419364929,7920,15647,jpeg,0.047844886779785156
1778636153.9829693,400.76052737236023,7921,16502,jpeg,0.05158543586730957
1778636154.0343962,400.81195425987244,7922,16379,jpeg,0.05142688751220703
1778636154.083367,400.8609251976013,7923,17607,jpeg,0.048970937728881836
1778636154.132367,400.90992498397827,7924,16410,jpeg,0.048999786376953125
1778636154.1845636,400.9621217250824,7925,17066,jpeg,0.05219674110412598
1778636154.2390122,401.01657032966614,7926,16845,jpeg,0.054448604583740234
1778636154.2799037,401.0574617385864,7927,16395,jpeg,0.040891408920288086
1778636154.3307374,401.1082954406738,7928,16391,jpeg,0.050833702087402344
1778636154.3800087,401.1575667858124,7929,15832,jpeg,0.049271345138549805
1778636154.4342878,401.2118458747864,7930,15988,jpeg,0.05427908897399902
1778636154.482556,401.26011419296265,7931,15529,jpeg,0.04826831817626953
1778636154.5317032,401.3092613220215,7932,16160,jpeg,0.04914712905883789
1778636154.5797138,401.35727190971375,7933,16075,jpeg,0.04801058769226074
1778636154.6313643,401.40892243385315,7934,16954,jpeg,0.0516505241394043
1778636154.6811874,401.45874547958374,7935,17465,jpeg,0.04982304573059082
1778636154.7284408,401.5059988498688,7936,16605,jpeg,0.04725337028503418
1778636154.7872872,401.5648453235626,7937,16151,jpeg,0.058846473693847656
1778636154.8319123,401.60947036743164,7938,16797,jpeg,0.044625043869018555
1778636154.879238,401.65679597854614,7939,17081,jpeg,0.04732561111450195
1778636154.935823,401.7133810520172,7940,16980,jpeg,0.056585073471069336
1778636154.9814608,401.75901889801025,7941,16739,jpeg,0.04563784599304199
1778636155.028924,401.8064820766449,7942,17274,jpeg,0.047463178634643555
1778636155.0828047,401.8603627681732,7943,17043,jpeg,0.05388069152832031
1778636155.131472,401.9090301990509,7944,16730,jpeg,0.04866743087768555
1778636155.1783977,401.9559557437897,7945,17036,jpeg,0.04692554473876953
1778636155.23277,402.0103280544281,7946,17021,jpeg,0.054372310638427734
1778636155.2817492,402.05930733680725,7947,16814,jpeg,0.04897928237915039
1778636155.332004,402.1095621585846,7948,16776,jpeg,0.05025482177734375
1778636155.3850768,402.16263484954834,7949,16473,jpeg,0.05307269096374512
1778636155.4334502,402.211008310318,7950,17142,jpeg,0.04837346076965332
1778636155.4800606,402.2576186656952,7951,16897,jpeg,0.046610355377197266
1778636155.5364246,402.31398272514343,7952,16677,jpeg,0.05636405944824219
1778636155.5809352,402.3584933280945,7953,16876,jpeg,0.044510602951049805
1778636155.6297019,402.4072599411011,7954,15885,jpeg,0.0487666130065918
1778636155.6780322,402.4555902481079,7955,16174,jpeg,0.04833030700683594
1778636155.7329206,402.5104787349701,7956,16427,jpeg,0.05488848686218262
1778636155.7846777,402.56223583221436,7957,16552,jpeg,0.051757097244262695
1778636155.829429,402.6069869995117,7958,16336,jpeg,0.04475116729736328
1778636155.877702,402.65526008605957,7959,15748,jpeg,0.04827308654785156
1778636155.9332137,402.7107717990875,7960,15819,jpeg,0.0555117130279541
1778636155.9786236,402.75618171691895,7961,16081,jpeg,0.0454099178314209
1778636156.0286152,402.80617332458496,7962,15891,jpeg,0.049991607666015625
1778636156.0860536,402.86361169815063,7963,15384,jpeg,0.05743837356567383
1778636156.1286733,402.90623140335083,7964,15479,jpeg,0.04261970520019531
1778636156.1774883,402.955046415329,7965,14876,jpeg,0.048815011978149414
1778636156.227009,403.00456714630127,7966,15219,jpeg,0.04952073097229004
1778636156.2789993,403.0565574169159,7967,15874,jpeg,0.05199027061462402
1778636156.3273318,403.10488986968994,7968,15527,jpeg,0.04833245277404785
1778636156.3780298,403.15558791160583,7969,15604,jpeg,0.050698041915893555
1778636156.4297044,403.20726251602173,7970,15743,jpeg,0.051674604415893555
1778636156.4772644,403.2548224925995,7971,15748,jpeg,0.04755997657775879
1778636156.5282876,403.3058457374573,7972,15773,jpeg,0.051023244857788086
1778636156.589769,403.3673269748688,7973,15310,jpeg,0.06148123741149902
1778636156.6273868,403.404944896698,7974,15491,jpeg,0.03761792182922363
1778636156.6772728,403.4548308849335,7975,14907,jpeg,0.04988598823547363
1778636156.7324388,403.50999689102173,7976,14790,jpeg,0.055166006088256836
1778636156.777438,403.55499601364136,7977,14685,jpeg,0.044999122619628906
1778636156.8353646,403.61292266845703,7978,14648,jpeg,0.05792665481567383
1778636156.8791237,403.65668177604675,7979,15161,jpeg,0.04375910758972168
1778636156.92556,403.7031180858612,7980,15391,jpeg,0.046436309814453125
1778636156.984721,403.7622790336609,7981,15885,jpeg,0.05916094779968262
1778636157.0292442,403.80680227279663,7982,15567,jpeg,0.04452323913574219
1778636157.0751917,403.8527498245239,7983,15422,jpeg,0.04594755172729492
1778636157.12617,403.90372800827026,7984,15865,jpeg,0.05097818374633789
1778636157.1794686,403.957026720047,7985,15550,jpeg,0.0532987117767334
1778636157.2282717,404.0058298110962,7986,15781,jpeg,0.048803091049194336
1778636157.2804065,404.05796456336975,7987,14940,jpeg,0.05213475227355957
1778636157.3282692,404.10582733154297,7988,15356,jpeg,0.04786276817321777
1778636157.380915,404.15847301483154,7989,15372,jpeg,0.05264568328857422
1778636157.4283857,404.2059438228607,7990,15973,jpeg,0.047470808029174805
1778636157.4784703,404.2560284137726,7991,14306,jpeg,0.050084590911865234
1778636157.5305295,404.30808758735657,7992,14300,jpeg,0.052059173583984375
1778636157.5810719,404.3586299419403,7993,15188,jpeg,0.050542354583740234
1778636157.6281862,404.4057443141937,7994,15292,jpeg,0.04711437225341797
1778636157.6779883,404.45554637908936,7995,15069,jpeg,0.04980206489562988
1778636157.7294526,404.5070106983185,7996,15436,jpeg,0.05146431922912598
1778636157.781067,404.55862498283386,7997,14776,jpeg,0.05161428451538086
1778636157.830211,404.6077690124512,7998,14564,jpeg,0.04914402961730957
1778636157.8819401,404.6594982147217,7999,14934,jpeg,0.05172920227050781
1778636157.9303944,404.70795249938965,8000,14074,jpeg,0.04845428466796875
1778636157.9844222,404.7619802951813,8001,14986,jpeg,0.05402779579162598
1778636158.0264025,404.8039605617523,8002,14372,jpeg,0.04198026657104492
1778636158.081816,404.8593740463257,8003,15650,jpeg,0.05541348457336426
1778636158.1329207,404.9104788303375,8004,15115,jpeg,0.05110478401184082
1778636158.1755915,404.95314955711365,8005,14083,jpeg,0.04267072677612305
1778636158.23071,405.00826811790466,8006,14990,jpeg,0.055118560791015625
1778636158.2767143,405.0542724132538,8007,15205,jpeg,0.046004295349121094
1778636158.326526,405.1040840148926,8008,15221,jpeg,0.049811601638793945
1778636158.380731,405.15828919410706,8009,15224,jpeg,0.05420517921447754
1778636158.4340982,405.211656332016,8010,15132,jpeg,0.05336713790893555
1778636158.475379,405.25293707847595,8011,14896,jpeg,0.04128074645996094
1778636158.5313447,405.3089027404785,8012,14890,jpeg,0.05596566200256348
1778636158.5742505,405.35180854797363,8013,13078,jpeg,0.04290580749511719
1778636158.6266756,405.40423369407654,8014,13146,jpeg,0.05242514610290527
1778636158.6757734,405.4533314704895,8015,13803,jpeg,0.04909777641296387
1778636158.7280283,405.50558638572693,8016,13489,jpeg,0.05225491523742676
1778636158.7801905,405.5577485561371,8017,14770,jpeg,0.05216217041015625
1778636158.8267655,405.6043236255646,8018,15171,jpeg,0.046575069427490234
1778636158.8899872,405.6675453186035,8019,15082,jpeg,0.06322169303894043
1778636158.9250722,405.70263028144836,8020,14506,jpeg,0.03508496284484863
1778636158.980711,405.758269071579,8021,14151,jpeg,0.055638790130615234
1778636159.029379,405.8069369792938,8022,13588,jpeg,0.04866790771484375
1778636159.077717,405.85527515411377,8023,13855,jpeg,0.04833817481994629
1778636159.1311514,405.908709526062,8024,14603,jpeg,0.05343437194824219
1778636159.1799905,405.95754861831665,8025,14618,jpeg,0.04883909225463867
1778636159.2274342,406.0049922466278,8026,14630,jpeg,0.04744362831115723
1778636159.2826371,406.0601952075958,8027,14831,jpeg,0.05520296096801758
1778636159.329452,406.1070101261139,8028,14788,jpeg,0.046814918518066406
1778636159.3764615,406.1540195941925,8029,13756,jpeg,0.04700946807861328
1778636159.4274318,406.20498991012573,8030,14234,jpeg,0.05097031593322754
1778636159.4788637,406.2564218044281,8031,14353,jpeg,0.051431894302368164
1778636159.528883,406.3064410686493,8032,13940,jpeg,0.050019264221191406
1778636159.5795798,406.3571379184723,8033,14989,jpeg,0.05069684982299805
1778636159.629594,406.4071521759033,8034,14199,jpeg,0.05001425743103027
1778636159.679463,406.4570209980011,8035,14010,jpeg,0.04986882209777832
1778636159.7361,406.5136580467224,8036,13999,jpeg,0.05663704872131348
1778636159.7790625,406.55662059783936,8037,14308,jpeg,0.04296255111694336
1778636159.8283365,406.6058945655823,8038,15201,jpeg,0.04927396774291992
1778636159.8847446,406.66230273246765,8039,14395,jpeg,0.05640816688537598
1778636159.9290094,406.70656752586365,8040,15639,jpeg,0.044264793395996094
1778636159.98133,406.7588880062103,8041,15702,jpeg,0.05232048034667969
1778636160.0285432,406.8061013221741,8042,15049,jpeg,0.04721331596374512
1778636160.0818758,406.85943388938904,8043,15469,jpeg,0.05333256721496582
1778636160.1288786,406.90643668174744,8044,15525,jpeg,0.04700279235839844
1778636160.1800637,406.95762181282043,8045,15052,jpeg,0.05118513107299805
1778636160.229728,407.00728607177734,8046,15490,jpeg,0.04966425895690918
1778636160.277903,407.0554611682892,8047,14843,jpeg,0.04817509651184082
1778636160.3277144,407.1052725315094,8048,14917,jpeg,0.049811363220214844
1778636160.3750603,407.1526184082031,8049,15338,jpeg,0.047345876693725586
1778636160.4273593,407.2049174308777,8050,14991,jpeg,0.05229902267456055
1778636160.479878,407.2574360370636,8051,15273,jpeg,0.052518606185913086
1778636160.5282774,407.3058354854584,8052,15401,jpeg,0.04839944839477539
1778636160.5791993,407.35675740242004,8053,15192,jpeg,0.05092191696166992
1778636160.6290555,407.40661358833313,8054,15990,jpeg,0.04985618591308594
1778636160.6785183,407.4560763835907,8055,15888,jpeg,0.04946279525756836
1778636160.730691,407.50824904441833,8056,15682,jpeg,0.05217266082763672
1778636160.779678,407.5572361946106,8057,15867,jpeg,0.04898715019226074
1778636160.8281753,407.6057333946228,8058,15451,jpeg,0.04849720001220703
1778636160.8778203,407.6553783416748,8059,15077,jpeg,0.04964494705200195
1778636160.9292946,407.70685267448425,8060,15415,jpeg,0.05147433280944824
1778636160.9767663,407.75432443618774,8061,15459,jpeg,0.04747176170349121
1778636161.0307653,407.8083233833313,8062,14852,jpeg,0.05399894714355469
1778636161.079207,407.8567650318146,8063,14811,jpeg,0.04844164848327637
1778636161.1265826,407.9041407108307,8064,14842,jpeg,0.04737567901611328
1778636161.1844664,407.9620244503021,8065,14789,jpeg,0.05788373947143555
1778636161.2290123,408.0065703392029,8066,14846,jpeg,0.044545888900756836
1778636161.2834585,408.06101655960083,8067,14777,jpeg,0.05444622039794922
1778636161.328312,408.1058700084686,8068,15003,jpeg,0.04485344886779785
1778636161.3775918,408.155149936676,8069,15771,jpeg,0.04927992820739746
1778636161.4276063,408.20516443252563,8070,15566,jpeg,0.050014495849609375
1778636161.4792426,408.2568006515503,8071,15992,jpeg,0.0516362190246582
1778636161.5360966,408.3136546611786,8072,16002,jpeg,0.0568540096282959
1778636161.5805104,408.3580684661865,8073,15878,jpeg,0.04441380500793457
1778636161.6304698,408.40802788734436,8074,15811,jpeg,0.049959421157836914
1778636161.683221,408.4607791900635,8075,14997,jpeg,0.05275130271911621
1778636161.7247064,408.5022644996643,8076,14296,jpeg,0.04148530960083008
1778636161.7783096,408.55586767196655,8077,15454,jpeg,0.053603172302246094
1778636161.827469,408.6050271987915,8078,14347,jpeg,0.04915952682495117
1778636161.8775742,408.6551322937012,8079,14051,jpeg,0.05010509490966797
1778636161.9302125,408.7077705860138,8080,14421,jpeg,0.05263829231262207
1778636161.9789972,408.7565553188324,8081,14496,jpeg,0.048784732818603516
1778636162.02749,408.8050479888916,8082,14763,jpeg,0.0484926700592041
1778636162.0752678,408.85282588005066,8083,14768,jpeg,0.04777789115905762
1778636162.1276517,408.9052097797394,8084,15129,jpeg,0.0523838996887207
1778636162.1762178,408.95377588272095,8085,15463,jpeg,0.04856610298156738
1778636162.2296214,409.0071794986725,8086,14778,jpeg,0.053403615951538086
1778636162.2784648,409.05602288246155,8087,14834,jpeg,0.0488433837890625
1778636162.3269515,409.1045095920563,8088,15428,jpeg,0.04848670959472656
1778636162.3753066,409.15286469459534,8089,14664,jpeg,0.0483551025390625
1778636162.4273684,409.2049264907837,8090,14535,jpeg,0.05206179618835449
1778636162.4761248,409.2536828517914,8091,14353,jpeg,0.04875636100769043
1778636162.5261726,409.30373072624207,8092,14164,jpeg,0.050047874450683594
1778636162.5803647,409.3579227924347,8093,14142,jpeg,0.05419206619262695
1778636162.6265402,409.4040982723236,8094,14192,jpeg,0.046175479888916016
1778636162.680227,409.4577851295471,8095,14385,jpeg,0.05368685722351074
1778636162.729699,409.5072569847107,8096,15185,jpeg,0.04947185516357422
1778636162.776414,409.5539720058441,8097,15780,jpeg,0.04671502113342285
1778636162.8282254,409.6057834625244,8098,16416,jpeg,0.05181145668029785
1778636162.8818,409.65935802459717,8099,16448,jpeg,0.053574562072753906
1778636162.9266107,409.7041687965393,8100,15836,jpeg,0.04481077194213867
1778636162.9785686,409.7561266422272,8101,14158,jpeg,0.05195784568786621
1778636163.0302038,409.8077619075775,8102,13684,jpeg,0.0516352653503418
1778636163.0805001,409.8580582141876,8103,13619,jpeg,0.05029630661010742
1778636163.126528,409.9040861129761,8104,13649,jpeg,0.04602789878845215
1778636163.1805537,409.9581117630005,8105,13942,jpeg,0.05402565002441406
1778636163.2245839,410.00214195251465,8106,13635,jpeg,0.044030189514160156
1778636163.2752569,410.05281496047974,8107,14281,jpeg,0.05067300796508789
1778636163.3334987,410.111056804657,8108,14193,jpeg,0.058241844177246094
1778636163.3762867,410.153844833374,8109,14665,jpeg,0.042788028717041016
1778636163.4252937,410.20285177230835,8110,14921,jpeg,0.04900693893432617
1778636163.4789255,410.2564835548401,8111,15204,jpeg,0.05363178253173828
1778636163.5264294,410.30398750305176,8112,14816,jpeg,0.04750394821166992
1778636163.5745876,410.3521456718445,8113,12965,jpeg,0.04815816879272461
1778636163.6279626,410.4055206775665,8114,13519,jpeg,0.0533750057220459
1778636163.6759603,410.4535183906555,8115,13293,jpeg,0.04799771308898926
1778636163.728825,410.5063831806183,8116,13213,jpeg,0.052864789962768555
1778636163.776624,410.5541820526123,8117,13090,jpeg,0.047798871994018555
1778636163.8260634,410.6036214828491,8118,13333,jpeg,0.049439430236816406
1778636163.8739567,410.65151476860046,8119,13335,jpeg,0.04789328575134277
1778636163.9283538,410.7059118747711,8120,13123,jpeg,0.0543971061706543
1778636163.9763832,410.7539412975311,8121,13245,jpeg,0.048029422760009766
1778636164.0262282,410.803786277771,8122,13202,jpeg,0.049844980239868164
1778636164.0785797,410.85613775253296,8123,13369,jpeg,0.05235147476196289
1778636164.124624,410.90218210220337,8124,13037,jpeg,0.046044349670410156
1778636164.175266,410.9528241157532,8125,12965,jpeg,0.05064201354980469
1778636164.2330678,411.0106258392334,8126,13378,jpeg,0.05780172348022461
1778636164.2776375,411.05519556999207,8127,13197,jpeg,0.04456973075866699
1778636164.323947,411.10150504112244,8128,13183,jpeg,0.046309471130371094
1778636164.3780954,411.1556534767151,8129,13324,jpeg,0.05414843559265137
1778636164.4264085,411.20396661758423,8130,13322,jpeg,0.048313140869140625
1778636164.4734564,411.2510144710541,8131,12703,jpeg,0.04704785346984863
1778636164.5271986,411.30475664138794,8132,12782,jpeg,0.053742170333862305
1778636164.574246,411.35180401802063,8133,12924,jpeg,0.04704737663269043
1778636164.6235328,411.4010908603668,8134,12546,jpeg,0.049286842346191406
1778636164.6805074,411.45806550979614,8135,12382,jpeg,0.05697464942932129
1778636164.7253487,411.5029067993164,8136,12167,jpeg,0.04484128952026367
1778636164.7737498,411.55130791664124,8137,12208,jpeg,0.0484011173248291
1778636164.8245075,411.6020655632019,8138,12325,jpeg,0.050757646560668945
1778636164.8743896,411.6519477367401,8139,11888,jpeg,0.04988217353820801
1778636164.924338,411.7018961906433,8140,12131,jpeg,0.04994845390319824
1778636164.9745147,411.7520728111267,8141,11991,jpeg,0.05017662048339844
1778636165.024365,411.8019230365753,8142,12568,jpeg,0.0498502254486084
1778636165.0768356,411.85439372062683,8143,12077,jpeg,0.05247068405151367
1778636165.132432,411.90999007225037,8144,11956,jpeg,0.055596351623535156
1778636165.1753373,411.9528954029083,8145,11526,jpeg,0.042905330657958984
1778636165.2281756,412.0057337284088,8146,12168,jpeg,0.05283832550048828
1778636165.2773476,412.0549056529999,8147,12048,jpeg,0.04917192459106445
1778636165.3259284,412.10348653793335,8148,12109,jpeg,0.04858088493347168
1778636165.37685,412.15440797805786,8149,12105,jpeg,0.05092144012451172
1778636165.4255972,412.20315527915955,8150,12234,jpeg,0.04874730110168457
1778636165.4747531,412.2523112297058,8151,11860,jpeg,0.04915595054626465
1778636165.5272756,412.304833650589,8152,11898,jpeg,0.05252242088317871
1778636165.586647,412.364205121994,8153,11499,jpeg,0.0593714714050293
1778636165.6276011,412.4051592350006,8154,11908,jpeg,0.0409541130065918
1778636165.673916,412.4514741897583,8155,11792,jpeg,0.04631495475769043
1778636165.7262692,412.5038273334503,8156,11932,jpeg,0.0523531436920166
1778636165.7770996,412.5546576976776,8157,12150,jpeg,0.05083036422729492
1778636165.8256946,412.60325264930725,8158,12481,jpeg,0.04859495162963867
1778636165.8785973,412.6561553478241,8159,12737,jpeg,0.0529026985168457
1778636165.926331,412.703889131546,8160,12859,jpeg,0.04773378372192383
1778636165.9813373,412.7588953971863,8161,12777,jpeg,0.05500626564025879
1778636166.027155,412.80471301078796,8162,12804,jpeg,0.04581761360168457
1778636166.0770066,412.85456466674805,8163,12896,jpeg,0.04985165596008301
1778636166.1252503,412.90280842781067,8164,13263,jpeg,0.04824376106262207
1778636166.1769152,412.9544732570648,8165,13234,jpeg,0.05166482925415039
1778636166.2258215,413.00337958335876,8166,13218,jpeg,0.04890632629394531
1778636166.2785833,413.05614137649536,8167,13154,jpeg,0.05276179313659668
1778636166.3270755,413.1046335697174,8168,13249,jpeg,0.0484921932220459
1778636166.3765347,413.1540927886963,8169,13527,jpeg,0.049459218978881836
1778636166.4242926,413.2018506526947,8170,13367,jpeg,0.047757863998413086
1778636166.477389,413.25494718551636,8171,13446,jpeg,0.05309653282165527
1778636166.5234222,413.30098032951355,8172,12856,jpeg,0.04603314399719238
1778636166.573329,413.3508870601654,8173,12767,jpeg,0.04990673065185547
1778636166.6262453,413.40380334854126,8174,12884,jpeg,0.05291628837585449
1778636166.6733701,413.45092821121216,8175,12953,jpeg,0.04712486267089844
1778636166.7241778,413.50173592567444,8176,12934,jpeg,0.05080771446228027
1778636166.7793436,413.5569016933441,8177,13246,jpeg,0.055165767669677734
1778636166.8254805,413.6030385494232,8178,12938,jpeg,0.04613685607910156
1778636166.8765466,413.65410470962524,8179,13126,jpeg,0.05106616020202637
1778636166.9245138,413.7020719051361,8180,13399,jpeg,0.04796719551086426
1778636166.9740613,413.75161933898926,8181,13380,jpeg,0.049547433853149414
1778636167.0242815,413.80183959007263,8182,13228,jpeg,0.05022025108337402
1778636167.074379,413.85193705558777,8183,13087,jpeg,0.05009746551513672
1778636167.1280682,413.90562629699707,8184,13281,jpeg,0.05368924140930176
1778636167.1751258,413.95268392562866,8185,12843,jpeg,0.0470576286315918
1778636167.2233942,414.00095224380493,8186,13075,jpeg,0.04826831817626953
1778636167.2764792,414.0540373325348,8187,12705,jpeg,0.0530850887298584
1778636167.323686,414.1012439727783,8188,12885,jpeg,0.04720664024353027
1778636167.3787603,414.1563184261322,8189,13216,jpeg,0.055074453353881836
1778636167.4279351,414.2054932117462,8190,13218,jpeg,0.04917478561401367
1778636167.4747517,414.25230979919434,8191,13429,jpeg,0.04681658744812012
1778636167.5268433,414.3044013977051,8192,13145,jpeg,0.05209159851074219
1778636167.5749826,414.35254073143005,8193,13479,jpeg,0.048139333724975586
1778636167.623464,414.40102219581604,8194,13560,jpeg,0.04848146438598633
1778636167.6770244,414.45458245277405,8195,13526,jpeg,0.05356025695800781
1778636167.7268124,414.5043704509735,8196,13284,jpeg,0.04978799819946289
1778636167.77365,414.5512080192566,8197,13195,jpeg,0.046837568283081055
1778636167.8250124,414.60257053375244,8198,13058,jpeg,0.05136251449584961
1778636167.8743277,414.65188574790955,8199,13177,jpeg,0.04931521415710449
1778636167.9221091,414.6996672153473,8200,12937,jpeg,0.04778146743774414
1778636167.9795034,414.75706148147583,8201,13122,jpeg,0.05739426612854004
1778636168.0276628,414.80522084236145,8202,13056,jpeg,0.04815936088562012
1778636168.0753026,414.8528606891632,8203,13005,jpeg,0.04763984680175781
1778636168.1249492,414.90250730514526,8204,13128,jpeg,0.049646615982055664
1778636168.1768715,414.95442962646484,8205,13149,jpeg,0.05192232131958008
1778636168.2249715,415.00252962112427,8206,13159,jpeg,0.04809999465942383
1778636168.2724624,415.0500204563141,8207,12348,jpeg,0.047490835189819336
1778636168.3278928,415.10545086860657,8208,12607,jpeg,0.05543041229248047
1778636168.374289,415.15184712409973,8209,12583,jpeg,0.04639625549316406
1778636168.4231856,415.20074367523193,8210,12426,jpeg,0.04889655113220215
1778636168.4744437,415.25200176239014,8211,12480,jpeg,0.051258087158203125
1778636168.5244544,415.3020124435425,8212,12159,jpeg,0.05001068115234375
1778636168.5794067,415.35696482658386,8213,12339,jpeg,0.054952383041381836
1778636168.6249444,415.4025025367737,8214,11914,jpeg,0.045537710189819336
1778636168.6730292,415.45058727264404,8215,11841,jpeg,0.04808473587036133
1778636168.7237558,415.50131392478943,8216,11664,jpeg,0.05072665214538574
1778636168.772623,415.5501811504364,8217,11622,jpeg,0.048867225646972656
1778636168.8210309,415.59858894348145,8218,11370,jpeg,0.048407793045043945
1778636168.872705,415.6502630710602,8219,11295,jpeg,0.05167412757873535
1778636168.9220495,415.6996076107025,8220,11366,jpeg,0.049344539642333984
1778636168.9710822,415.7486402988434,8221,11405,jpeg,0.04903268814086914
1778636169.0230784,415.8006365299225,8222,11460,jpeg,0.05199623107910156
1778636169.0711558,415.8487138748169,8223,11429,jpeg,0.04807734489440918
1778636169.121658,415.89921617507935,8224,11444,jpeg,0.05050230026245117
1778636169.1773264,415.95488452911377,8225,11972,jpeg,0.05566835403442383
1778636169.2252538,416.0028119087219,8226,12296,jpeg,0.0479273796081543
1778636169.2747688,416.0523269176483,8227,12084,jpeg,0.0495150089263916
1778636169.3264568,416.10401487350464,8228,12175,jpeg,0.05168795585632324
1778636169.3767662,416.1543242931366,8229,12066,jpeg,0.05030941963195801
1778636169.4262486,416.20380663871765,8230,11954,jpeg,0.04948234558105469
1778636169.4750464,416.2526044845581,8231,11990,jpeg,0.0487978458404541
1778636169.5246496,416.30220770835876,8232,12004,jpeg,0.04960322380065918
1778636169.5755134,416.35307145118713,8233,11897,jpeg,0.05086374282836914
1778636169.625819,416.4033770561218,8234,12078,jpeg,0.05030560493469238
1778636169.6757398,416.45329785346985,8235,12271,jpeg,0.04992079734802246
1778636169.7260761,416.50363421440125,8236,12335,jpeg,0.050336360931396484
1778636169.7744496,416.5520076751709,8237,11959,jpeg,0.04837346076965332
1778636169.8232236,416.60078167915344,8238,11950,jpeg,0.048774003982543945
1778636169.8749166,416.6524746417999,8239,12155,jpeg,0.051692962646484375
1778636169.9236336,416.70119166374207,8240,11849,jpeg,0.04871702194213867
1778636169.9752,416.75275802612305,8241,12017,jpeg,0.051566362380981445
1778636170.0241563,416.8017144203186,8242,12183,jpeg,0.04895639419555664
1778636170.076666,416.8542242050171,8243,11675,jpeg,0.05250978469848633
1778636170.1262329,416.90379095077515,8244,11593,jpeg,0.04956674575805664
1778636170.1723847,416.94994282722473,8245,11634,jpeg,0.04615187644958496
1778636170.225485,417.00304317474365,8246,11745,jpeg,0.0531003475189209
1778636170.2737994,417.0513575077057,8247,11775,jpeg,0.04831433296203613
1778636170.3215816,417.09913969039917,8248,12170,jpeg,0.047782182693481445
1778636170.3743143,417.1518723964691,8249,11912,jpeg,0.05273270606994629
1778636170.424571,417.2021291255951,8250,12157,jpeg,0.05025672912597656
1778636170.4805615,417.2581195831299,8251,12403,jpeg,0.05599045753479004
1778636170.5242817,417.3018398284912,8252,12396,jpeg,0.043720245361328125
1778636170.5718026,417.349360704422,8253,12323,jpeg,0.04752087593078613
1778636170.6264005,417.40395855903625,8254,12628,jpeg,0.05459785461425781
1778636170.6729734,417.45053148269653,8255,12338,jpeg,0.04657292366027832
1778636170.7289896,417.50654768943787,8256,12563,jpeg,0.05601620674133301
1778636170.8129702,417.5905282497406,8257,12816,jpeg,0.08398056030273438
1778636170.8394918,417.61704993247986,8258,12786,jpeg,0.026521682739257812
1778636170.8868072,417.66436529159546,8259,12958,jpeg,0.047315359115600586
1778636170.9349766,417.7125346660614,8260,12861,jpeg,0.04816937446594238
1778636170.9800422,417.7576003074646,8261,12947,jpeg,0.04506564140319824
1778636171.023235,417.80079317092896,8262,13302,jpeg,0.04319286346435547
1778636171.1166792,417.89423727989197,8263,13322,jpeg,0.0934441089630127
1778636171.1304107,417.90796875953674,8264,13613,jpeg,0.01373147964477539
1778636171.172171,417.94972920417786,8265,13673,jpeg,0.04176044464111328
1778636171.2221746,417.9997327327728,8266,13866,jpeg,0.0500035285949707
1778636171.275,418.05255818367004,8267,14353,jpeg,0.0528254508972168
1778636171.323768,418.10132598876953,8268,13584,jpeg,0.048767805099487305
1778636171.3750784,418.15263652801514,8269,13584,jpeg,0.05131053924560547
1778636171.4244194,418.2019774913788,8270,13600,jpeg,0.04934096336364746
1778636171.4767287,418.25428676605225,8271,13970,jpeg,0.052309274673461914
1778636171.528044,418.30560207366943,8272,13956,jpeg,0.0513153076171875
1778636171.5782034,418.35576152801514,8273,13834,jpeg,0.050159454345703125
1778636171.6267757,418.40433382987976,8274,13952,jpeg,0.04857230186462402
1778636171.673034,418.4505920410156,8275,14248,jpeg,0.04625821113586426
1778636171.7233,418.5008580684662,8276,13933,jpeg,0.05026602745056152
1778636171.772585,418.55014300346375,8277,13654,jpeg,0.049284934997558594
1778636171.8207774,418.59833550453186,8278,13477,jpeg,0.048192501068115234
1778636171.8754547,418.65301275253296,8279,13443,jpeg,0.05467724800109863
1778636171.9236891,418.701247215271,8280,12983,jpeg,0.04823446273803711
1778636171.971689,418.7492470741272,8281,13014,jpeg,0.04799985885620117
1778636172.0246634,418.80222153663635,8282,13107,jpeg,0.05297446250915527
1778636172.0720468,418.849604845047,8283,12870,jpeg,0.04738330841064453
1778636172.1267142,418.90427231788635,8284,12666,jpeg,0.05466747283935547
1778636172.1737556,418.95131373405457,8285,12547,jpeg,0.04704141616821289
1778636172.2211902,418.9987483024597,8286,12475,jpeg,0.04743456840515137
1778636172.271529,419.0490870475769,8287,12616,jpeg,0.0503387451171875
1778636172.3228738,419.1004319190979,8288,12495,jpeg,0.051344871520996094
1778636172.3713398,419.14889788627625,8289,12129,jpeg,0.04846596717834473
1778636172.4227588,419.20031690597534,8290,11981,jpeg,0.05141901969909668
1778636172.474752,419.2523100376129,8291,12270,jpeg,0.05199313163757324
1778636172.5277815,419.30533957481384,8292,12189,jpeg,0.053029537200927734
1778636172.5717685,419.3493266105652,8293,12780,jpeg,0.04398703575134277
1778636172.6304202,419.4079782962799,8294,12580,jpeg,0.05865168571472168
1778636172.6743138,419.45187187194824,8295,12475,jpeg,0.04389357566833496
1778636172.7209377,419.49849581718445,8296,12411,jpeg,0.046623945236206055
1778636172.7754006,419.55295872688293,8297,12466,jpeg,0.05446290969848633
1778636172.8247626,419.60232067108154,8298,12125,jpeg,0.0493619441986084
1778636172.8775272,419.6550853252411,8299,12351,jpeg,0.0527646541595459
1778636172.9254472,419.7030053138733,8300,12279,jpeg,0.04791998863220215
1778636172.9730885,419.7506465911865,8301,12354,jpeg,0.04764127731323242
1778636173.0225744,419.80013251304626,8302,11926,jpeg,0.04948592185974121
1778636173.0742264,419.85178446769714,8303,11912,jpeg,0.051651954650878906
1778636173.1241171,419.9016752243042,8304,12023,jpeg,0.049890756607055664
1778636173.1714396,419.9489977359772,8305,12741,jpeg,0.04732251167297363
1778636173.2228146,420.00037264823914,8306,12125,jpeg,0.05137491226196289
1778636173.274296,420.05185413360596,8307,12557,jpeg,0.05148148536682129
1778636173.3223135,420.099871635437,8308,12442,jpeg,0.04801750183105469
1778636173.3834743,420.1610324382782,8309,12515,jpeg,0.06116080284118652
1778636173.4213579,420.19891595840454,8310,12365,jpeg,0.03788352012634277
1778636173.4723756,420.249933719635,8311,12014,jpeg,0.05101776123046875
1778636173.533925,420.31148314476013,8312,11967,jpeg,0.06154942512512207
1778636173.6050248,420.3825829029083,8313,12147,jpeg,0.07109975814819336
1778636173.6655989,420.44315695762634,8314,12048,jpeg,0.06057405471801758
1778636173.6741698,420.45172786712646,8315,11682,jpeg,0.00857090950012207
1778636173.7215767,420.49913477897644,8316,11886,jpeg,0.047406911849975586
1778636173.7712245,420.5487825870514,8317,12236,jpeg,0.04964780807495117
1778636173.822826,420.6003839969635,8318,11960,jpeg,0.051601409912109375
1778636173.8734953,420.6510534286499,8319,11867,jpeg,0.05066943168640137
1778636173.922912,420.7004699707031,8320,11825,jpeg,0.049416542053222656
1778636173.972388,420.7499461174011,8321,12379,jpeg,0.04947614669799805
1778636174.0225525,420.800110578537,8322,12124,jpeg,0.05016446113586426
1778636174.072278,420.8498361110687,8323,11942,jpeg,0.04972553253173828
1778636174.121776,420.899334192276,8324,12072,jpeg,0.04949808120727539
1778636174.174838,420.9523961544037,8325,11863,jpeg,0.05306196212768555
1778636174.2205708,420.9981288909912,8326,12023,jpeg,0.045732736587524414
1778636174.2744462,421.0520043373108,8327,12037,jpeg,0.05387544631958008
1778636174.3242197,421.10177779197693,8328,12826,jpeg,0.049773454666137695
1778636174.3721898,421.14974784851074,8329,12837,jpeg,0.04797005653381348
1778636174.4237728,421.20133090019226,8330,12676,jpeg,0.051583051681518555
1778636174.4713984,421.2489564418793,8331,11952,jpeg,0.04762554168701172
1778636174.521381,421.2989389896393,8332,11945,jpeg,0.049982547760009766
1778636174.5732849,421.35084295272827,8333,12151,jpeg,0.05190396308898926
1778636174.6212065,421.3987646102905,8334,12235,jpeg,0.04792165756225586
1778636174.6700172,421.44757533073425,8335,12095,jpeg,0.048810720443725586
1778636174.7222776,421.499835729599,8336,12136,jpeg,0.052260398864746094
1778636174.7746441,421.55220222473145,8337,12360,jpeg,0.05236649513244629
1778636174.8230293,421.6005873680115,8338,12079,jpeg,0.0483851432800293
1778636174.8722565,421.6498146057129,8339,11852,jpeg,0.049227237701416016
1778636174.922656,421.70021414756775,8340,11856,jpeg,0.0503995418548584
1778636174.9716246,421.74918270111084,8341,12048,jpeg,0.04896855354309082
1778636175.0290556,421.80661368370056,8342,12050,jpeg,0.05743098258972168
1778636175.0704336,421.8479917049408,8343,12114,jpeg,0.041378021240234375
1778636175.120482,421.89804005622864,8344,12562,jpeg,0.0500483512878418
1778636175.1729548,421.95051288604736,8345,12633,jpeg,0.052472829818725586
1778636175.2212987,421.9988567829132,8346,13193,jpeg,0.04834389686584473
1778636175.2720735,422.0496315956116,8347,13047,jpeg,0.05077481269836426
1778636175.323309,422.10086703300476,8348,12692,jpeg,0.05123543739318848
1778636175.3716733,422.1492314338684,8349,13153,jpeg,0.04836440086364746
1778636175.421387,422.1989450454712,8350,12875,jpeg,0.0497136116027832
1778636175.4737313,422.2512893676758,8351,12863,jpeg,0.052344322204589844
1778636175.5214984,422.2990565299988,8352,13044,jpeg,0.04776716232299805
1778636175.5714521,422.3490102291107,8353,12952,jpeg,0.04995369911193848
1778636175.6250174,422.4025754928589,8354,12989,jpeg,0.053565263748168945
1778636175.675888,422.45344614982605,8355,13462,jpeg,0.050870656967163086
1778636175.7211218,422.4986798763275,8356,13366,jpeg,0.045233726501464844
1778636175.7884674,422.5660254955292,8357,13307,jpeg,0.06734561920166016
1778636175.8224947,422.60005283355713,8358,13192,jpeg,0.0340273380279541
1778636175.872599,422.6501569747925,8359,13224,jpeg,0.05010414123535156
1778636175.9228325,422.7003905773163,8360,13160,jpeg,0.05023360252380371
1778636175.9724388,422.7499969005585,8361,13308,jpeg,0.0496063232421875
1778636176.0222588,422.79981684684753,8362,13372,jpeg,0.0498199462890625
1778636176.0777154,422.8552734851837,8363,12533,jpeg,0.05545663833618164
1778636176.119961,422.8975191116333,8364,12754,jpeg,0.04224562644958496
1778636176.1704834,422.9480414390564,8365,12402,jpeg,0.0505223274230957
1778636176.2220423,422.9996004104614,8366,12017,jpeg,0.0515589714050293
1778636176.2698421,423.04740023612976,8367,12100,jpeg,0.04779982566833496
1778636176.322492,423.1000499725342,8368,12020,jpeg,0.052649736404418945
1778636176.3711677,423.14872574806213,8369,11828,jpeg,0.0486757755279541
1778636176.4205804,423.1981384754181,8370,11740,jpeg,0.04941272735595703
1778636176.4716861,423.24924421310425,8371,11700,jpeg,0.05110573768615723
1778636176.5226798,423.3002378940582,8372,12197,jpeg,0.05099368095397949
1778636176.5700183,423.347576379776,8373,12242,jpeg,0.04733848571777344
1778636176.6205292,423.3980872631073,8374,12161,jpeg,0.05051088333129883
1778636176.6744606,423.45201873779297,8375,12315,jpeg,0.053931474685668945
1778636176.724423,423.50198101997375,8376,12415,jpeg,0.04996228218078613
1778636176.7752578,423.55281591415405,8377,13336,jpeg,0.05083489418029785
1778636176.8266492,423.604207277298,8378,13677,jpeg,0.0513913631439209
1778636176.8766286,423.65418672561646,8379,12983,jpeg,0.049979448318481445
1778636176.9243004,423.7018585205078,8380,12839,jpeg,0.04767179489135742
1778636176.9747486,423.7523066997528,8381,12854,jpeg,0.05044817924499512
1778636177.0265744,423.80413246154785,8382,13353,jpeg,0.051825761795043945
1778636177.0772107,423.85476875305176,8383,13438,jpeg,0.05063629150390625
1778636177.1240547,423.9016127586365,8384,13508,jpeg,0.0468440055847168
1778636177.173524,423.9510819911957,8385,13158,jpeg,0.0494692325592041
1778636177.2219265,423.999484539032,8386,13369,jpeg,0.04840254783630371
1778636177.273157,424.050714969635,8387,13217,jpeg,0.051230430603027344
1778636177.3237367,424.10129475593567,8388,13292,jpeg,0.05057978630065918
1778636177.372614,424.15017199516296,8389,13553,jpeg,0.04887723922729492
1778636177.424018,424.2015759944916,8390,13220,jpeg,0.05140399932861328
1778636177.472615,424.2501730918884,8391,13455,jpeg,0.048597097396850586
1778636177.5214965,424.29905462265015,8392,13210,jpeg,0.04888153076171875
1778636177.5738604,424.3514184951782,8393,12917,jpeg,0.05236387252807617
1778636177.624197,424.4017550945282,8394,13353,jpeg,0.050336599349975586
1778636177.6714902,424.44904828071594,8395,13124,jpeg,0.04729318618774414
1778636177.7254822,424.5030403137207,8396,13741,jpeg,0.05399203300476074
1778636177.7744238,424.55198192596436,8397,13642,jpeg,0.048941612243652344
1778636177.8251984,424.60275650024414,8398,14084,jpeg,0.050774574279785156
1778636177.8746781,424.6522362232208,8399,14067,jpeg,0.04947972297668457
1778636177.9230628,424.7006208896637,8400,13575,jpeg,0.048384666442871094
1778636177.9746392,424.752197265625,8401,13134,jpeg,0.05157637596130371
1778636178.0246875,424.80224561691284,8402,13253,jpeg,0.0500483512878418
1778636178.0721557,424.84971380233765,8403,12816,jpeg,0.04746818542480469
1778636178.1224792,424.90003728866577,8404,12968,jpeg,0.050323486328125
1778636178.1733367,424.9508948326111,8405,12550,jpeg,0.0508575439453125
1778636178.2244089,425.0019669532776,8406,13077,jpeg,0.051072120666503906
1778636178.2725415,425.05009961128235,8407,13001,jpeg,0.04813265800476074
1778636178.3268645,425.1044225692749,8408,12679,jpeg,0.05432295799255371
1778636178.375303,425.15286111831665,8409,13266,jpeg,0.04843854904174805
1778636178.4219646,425.19952273368835,8410,13398,jpeg,0.0466616153717041
1778636178.4775379,425.2550959587097,8411,12763,jpeg,0.055573225021362305
1778636178.5248935,425.3024516105652,8412,13223,jpeg,0.04735565185546875
1778636178.5724635,425.35002160072327,8413,13938,jpeg,0.047569990158081055
1778636178.6217933,425.3993513584137,8414,13070,jpeg,0.04932975769042969
1778636178.6714756,425.4490337371826,8415,12976,jpeg,0.0496823787689209
1778636178.7222486,425.49980664253235,8416,12935,jpeg,0.050772905349731445
1778636178.7764785,425.55403661727905,8417,13564,jpeg,0.0542299747467041
1778636178.820905,425.5984630584717,8418,13417,jpeg,0.04442644119262695
1778636178.874527,425.6520850658417,8419,13577,jpeg,0.05362200736999512
1778636178.9209416,425.69849967956543,8420,13356,jpeg,0.04641461372375488
1778636178.9694595,425.747017621994,8421,13873,jpeg,0.04851794242858887
1778636179.0231216,425.8006796836853,8422,13248,jpeg,0.05366206169128418
1778636179.084419,425.8619771003723,8423,14168,jpeg,0.06129741668701172
1778636179.1266706,425.9042286872864,8424,13671,jpeg,0.0422515869140625
1778636179.1725633,425.9501214027405,8425,13173,jpeg,0.04589271545410156
1778636179.2328196,426.01037764549255,8426,13125,jpeg,0.060256242752075195
1778636179.2699852,426.0475432872772,8427,12908,jpeg,0.03716564178466797
1778636179.3210099,426.0985679626465,8428,12962,jpeg,0.051024675369262695
1778636179.3717523,426.1493103504181,8429,13295,jpeg,0.050742387771606445
1778636179.4196954,426.19725346565247,8430,13578,jpeg,0.047943115234375
1778636179.4709063,426.248464345932,8431,13059,jpeg,0.051210880279541016
1778636179.523224,426.3007822036743,8432,13709,jpeg,0.05231785774230957
1778636179.5695605,426.3471186161041,8433,13171,jpeg,0.04633641242980957
1778636179.6218543,426.39941239356995,8434,13465,jpeg,0.05229377746582031
1778636179.6719618,426.4495198726654,8435,13642,jpeg,0.050107479095458984
1778636179.720084,426.4976420402527,8436,13994,jpeg,0.04812216758728027
1778636179.770895,426.5484530925751,8437,13271,jpeg,0.050811052322387695
1778636179.8220081,426.5995662212372,8438,14024,jpeg,0.051113128662109375
1778636179.8722765,426.64983463287354,8439,13757,jpeg,0.05026841163635254
1778636179.9199302,426.6974883079529,8440,13725,jpeg,0.0476536750793457
1778636179.9738398,426.7513978481293,8441,13884,jpeg,0.0539095401763916
1778636180.021435,426.79899311065674,8442,14072,jpeg,0.04759526252746582
1778636180.070332,426.8478901386261,8443,14059,jpeg,0.04889702796936035
1778636180.1218023,426.8993604183197,8444,14025,jpeg,0.051470279693603516
1778636180.1702702,426.9478282928467,8445,13959,jpeg,0.04846787452697754
1778636180.2198236,426.9973816871643,8446,13934,jpeg,0.04955339431762695
1778636180.2730887,427.0506467819214,8447,13994,jpeg,0.05326509475708008
1778636180.320195,427.0977530479431,8448,13988,jpeg,0.047106266021728516
1778636180.3699024,427.14746046066284,8449,13997,jpeg,0.04970741271972656
1778636180.4226143,427.2001724243164,8450,13977,jpeg,0.05271196365356445
1778636180.4705093,427.2480673789978,8451,13966,jpeg,0.047894954681396484
1778636180.5243857,427.3019437789917,8452,14019,jpeg,0.053876399993896484
1778636180.5721169,427.34967494010925,8453,14066,jpeg,0.04773116111755371
1778636180.6205285,427.39808654785156,8454,14035,jpeg,0.04841160774230957
1778636180.6698706,427.4474287033081,8455,13998,jpeg,0.04934215545654297
1778636180.727215,427.5047731399536,8456,14013,jpeg,0.05734443664550781
1778636180.7696536,427.5472116470337,8457,13988,jpeg,0.042438507080078125
1778636180.8217392,427.59929728507996,8458,14016,jpeg,0.05208563804626465
1778636180.8716333,427.6491913795471,8459,14039,jpeg,0.049894094467163086
1778636180.9265356,427.7040936946869,8460,14035,jpeg,0.05490231513977051
1778636180.9712508,427.7488088607788,8461,14012,jpeg,0.044715166091918945
1778636181.0275922,427.80515027046204,8462,14066,jpeg,0.05634140968322754
1778636181.0696144,427.847172498703,8463,14037,jpeg,0.0420222282409668
1778636181.127218,427.904776096344,8464,14053,jpeg,0.05760359764099121
1778636181.1720023,427.94956040382385,8465,14044,jpeg,0.0447843074798584
1778636181.219437,427.996994972229,8466,14047,jpeg,0.04743456840515137
1778636181.2699287,428.047486782074,8467,14051,jpeg,0.0504918098449707
1778636181.3228898,428.1004478931427,8468,14018,jpeg,0.052961111068725586
1778636181.370066,428.1476240158081,8469,14019,jpeg,0.04717612266540527
1778636181.420127,428.19768500328064,8470,14023,jpeg,0.05006098747253418
1778636181.4720469,428.24960494041443,8471,14024,jpeg,0.05191993713378906
1778636181.5196097,428.29716777801514,8472,14039,jpeg,0.04756283760070801
1778636181.5702128,428.34777092933655,8473,14034,jpeg,0.05060315132141113
1778636181.6230733,428.4006314277649,8474,14072,jpeg,0.05286049842834473
1778636181.6690958,428.446653842926,8475,14068,jpeg,0.04602241516113281
1778636181.721331,428.4988889694214,8476,14063,jpeg,0.05223512649536133
1778636181.7810404,428.5585985183716,8477,14035,jpeg,0.05970954895019531
1778636181.818469,428.596027135849,8478,14046,jpeg,0.03742861747741699
1778636181.8698747,428.64743280410767,8479,14050,jpeg,0.05140566825866699
1778636181.9253697,428.7029278278351,8480,14042,jpeg,0.05549502372741699
1778636181.9689066,428.7464647293091,8481,14047,jpeg,0.04353690147399902
1778636182.019715,428.7972731590271,8482,14064,jpeg,0.05080842971801758
1778636182.071263,428.8488211631775,8483,14044,jpeg,0.051548004150390625
1778636182.1197007,428.8972587585449,8484,14052,jpeg,0.04843759536743164
1778636182.1696184,428.9471764564514,8485,14052,jpeg,0.04991769790649414
1778636182.223293,429.0008511543274,8486,14017,jpeg,0.05367469787597656
1778636182.2695088,429.0470669269562,8487,14012,jpeg,0.04621577262878418
1778636182.320991,429.09854912757874,8488,14029,jpeg,0.051482200622558594
1778636182.372469,429.15002703666687,8489,14057,jpeg,0.051477909088134766
1778636182.4194984,429.1970565319061,8490,14051,jpeg,0.04702949523925781
1778636182.4717498,429.24930787086487,8491,14052,jpeg,0.052251338958740234
1778636182.525968,429.3035261631012,8492,14039,jpeg,0.054218292236328125
1778636182.5775304,429.35508847236633,8493,13966,jpeg,0.05156230926513672
1778636182.6204438,429.398001909256,8494,14000,jpeg,0.04291343688964844
1778636182.6745725,429.45213055610657,8495,14074,jpeg,0.05412864685058594
1778636182.7197344,429.4972925186157,8496,14098,jpeg,0.04516196250915527
1778636182.7706451,429.5482032299042,8497,14091,jpeg,0.05091071128845215
1778636182.821769,429.59932708740234,8498,14120,jpeg,0.051123857498168945
1778636182.8689957,429.6465537548065,8499,14115,jpeg,0.047226667404174805
1778636182.9195533,429.6971113681793,8500,14101,jpeg,0.050557613372802734
1778636182.9704547,429.7480127811432,8501,14101,jpeg,0.05090141296386719
1778636183.0187497,429.7963078022003,8502,14098,jpeg,0.048295021057128906
1778636183.0685668,429.84612488746643,8503,14103,jpeg,0.04981708526611328
1778636183.120592,429.8981502056122,8504,14086,jpeg,0.05202531814575195
1778636183.1686945,429.9462525844574,8505,14092,jpeg,0.048102378845214844
1778636183.2240279,430.0015859603882,8506,14082,jpeg,0.05533337593078613
1778636183.2718399,430.04939794540405,8507,14075,jpeg,0.04781198501586914
1778636183.3245816,430.10213971138,8508,14085,jpeg,0.05274176597595215
1778636183.3689122,430.14647030830383,8509,14112,jpeg,0.044330596923828125
1778636183.423104,430.2006621360779,8510,14099,jpeg,0.05419182777404785
1778636183.4728057,430.2503638267517,8511,14092,jpeg,0.049701690673828125
1778636183.5217366,430.2992947101593,8512,14115,jpeg,0.04893088340759277
1778636183.5725994,430.35015749931335,8513,14093,jpeg,0.050862789154052734
1778636183.6277177,430.4052758216858,8514,14130,jpeg,0.05511832237243652
1778636183.6827016,430.4602596759796,8515,14137,jpeg,0.05498385429382324
1778636183.7271864,430.5047445297241,8516,14109,jpeg,0.044484853744506836
1778636183.771404,430.54896211624146,8517,14109,jpeg,0.044217586517333984
1778636183.8208528,430.59841084480286,8518,14126,jpeg,0.04944872856140137
1778636183.8732924,430.6508505344391,8519,14129,jpeg,0.05243968963623047
1778636183.9223228,430.69988083839417,8520,14097,jpeg,0.049030303955078125
1778636183.9708433,430.7484014034271,8521,14109,jpeg,0.048520565032958984
1778636184.0217667,430.79932475090027,8522,14090,jpeg,0.05092334747314453
1778636184.0725954,430.8501534461975,8523,14105,jpeg,0.05082869529724121
1778636184.1197648,430.8973228931427,8524,14104,jpeg,0.04716944694519043
1778636184.172618,430.9501760005951,8525,14119,jpeg,0.05285310745239258
1778636184.2215416,430.9990997314453,8526,14115,jpeg,0.04892373085021973
1778636184.2689002,431.04645824432373,8527,14130,jpeg,0.04735851287841797
1778636184.324951,431.10250902175903,8528,14129,jpeg,0.056050777435302734
1778636184.3711529,431.14871096611023,8529,14123,jpeg,0.04620194435119629
1778636184.4199686,431.1975266933441,8530,14115,jpeg,0.04881572723388672
1778636184.475243,431.25280117988586,8531,14096,jpeg,0.05527448654174805
1778636184.5208604,431.2984185218811,8532,14112,jpeg,0.04561734199523926
1778636184.5696745,431.34723258018494,8533,14096,jpeg,0.04881405830383301
1778636184.62571,431.4032680988312,8534,14103,jpeg,0.056035518646240234
1778636184.6708796,431.44843769073486,8535,14098,jpeg,0.04516959190368652
1778636184.7204318,431.4979898929596,8536,14101,jpeg,0.049552202224731445
1778636184.7699933,431.5475513935089,8537,14118,jpeg,0.049561500549316406
1778636184.8201592,431.59771728515625,8538,14108,jpeg,0.05016589164733887
1778636184.871516,431.6490740776062,8539,14127,jpeg,0.05135679244995117
1778636184.9271295,431.70468759536743,8540,14100,jpeg,0.05561351776123047
1778636184.9690895,431.74664759635925,8541,14130,jpeg,0.04196000099182129
1778636185.0208254,431.79838347435,8542,14088,jpeg,0.051735877990722656
1778636185.0707297,431.84828782081604,8543,14096,jpeg,0.04990434646606445
1778636185.1222928,431.8998508453369,8544,14142,jpeg,0.05156302452087402
1778636185.1704547,431.9480128288269,8545,14128,jpeg,0.048161983489990234
1778636185.2245924,432.0021505355835,8546,14122,jpeg,0.0541377067565918
1778636185.274494,432.0520520210266,8547,14115,jpeg,0.049901485443115234
1778636185.3196063,432.0971643924713,8548,14137,jpeg,0.04511237144470215
1778636185.3730214,432.15057945251465,8549,14105,jpeg,0.05341506004333496
1778636185.4200363,432.1975944042206,8550,14106,jpeg,0.04701495170593262
1778636185.4716966,432.24925470352173,8551,14116,jpeg,0.05166029930114746
1778636185.5256534,432.3032114505768,8552,14113,jpeg,0.05395674705505371
1778636185.5772207,432.3547787666321,8553,14117,jpeg,0.05156731605529785
1778636185.620838,432.39839601516724,8554,14124,jpeg,0.04361724853515625
1778636185.6709082,432.44846630096436,8555,14106,jpeg,0.05007028579711914
1778636185.720246,432.4978041648865,8556,14135,jpeg,0.04933786392211914
1778636185.7767568,432.55431485176086,8557,14108,jpeg,0.05651068687438965
1778636185.8206005,432.59815859794617,8558,14101,jpeg,0.043843746185302734
1778636185.8714767,432.64903473854065,8559,14080,jpeg,0.05087614059448242
1778636185.9240296,432.70158767700195,8560,14106,jpeg,0.05255293846130371
1778636185.9710288,432.74858689308167,8561,14100,jpeg,0.046999216079711914
1778636186.0210092,432.79856729507446,8562,14093,jpeg,0.04998040199279785
1778636186.06886,432.8464181423187,8563,14106,jpeg,0.047850847244262695
1778636186.1256423,432.9032003879547,8564,14123,jpeg,0.05678224563598633
1778636186.1699638,432.94752192497253,8565,14111,jpeg,0.044321537017822266
1778636186.2215798,432.99913787841797,8566,14117,jpeg,0.05161595344543457
1778636186.270792,433.0483500957489,8567,14108,jpeg,0.04921221733093262
1778636186.3194008,433.0969588756561,8568,14072,jpeg,0.04860877990722656
1778636186.3699408,433.1474988460541,8569,14100,jpeg,0.05053997039794922
1778636186.4226582,433.20021629333496,8570,14136,jpeg,0.05271744728088379
1778636186.4702713,433.24782943725586,8571,14096,jpeg,0.04761314392089844
1778636186.5202582,433.2978162765503,8572,14122,jpeg,0.049986839294433594
1778636186.571297,433.3488550186157,8573,14123,jpeg,0.05103874206542969
1778636186.621935,433.3994929790497,8574,14104,jpeg,0.05063796043395996
1778636186.669172,433.44673013687134,8575,14098,jpeg,0.04723715782165527
1778636186.7201293,433.4976873397827,8576,14112,jpeg,0.05095720291137695
1778636186.770769,433.54832696914673,8577,14101,jpeg,0.05063962936401367
1778636186.8177226,433.59528064727783,8578,14105,jpeg,0.046953678131103516
1778636186.8713577,433.6489157676697,8579,14090,jpeg,0.0536351203918457
1778636186.9197273,433.69728541374207,8580,14106,jpeg,0.048369646072387695
1778636186.9742978,433.7518558502197,8581,14143,jpeg,0.05457043647766113
1778636187.020214,433.79777216911316,8582,14095,jpeg,0.04591631889343262
1778636187.068367,433.84592509269714,8583,14125,jpeg,0.048152923583984375
1778636187.1177797,433.8953378200531,8584,14111,jpeg,0.04941272735595703
1778636187.1700509,433.9476089477539,8585,14124,jpeg,0.052271127700805664
1778636187.2179232,433.9954812526703,8586,14114,jpeg,0.047872304916381836
1778636187.2728615,434.0504195690155,8587,14103,jpeg,0.054938316345214844
1778636187.3208396,434.098397731781,8588,14103,jpeg,0.04797816276550293
1778636187.3690624,434.14662051200867,8589,14108,jpeg,0.04822278022766113
1778636187.419309,434.19686698913574,8590,14115,jpeg,0.050246477127075195
1778636187.4715986,434.2491567134857,8591,14095,jpeg,0.052289724349975586
1778636187.5250793,434.3026373386383,8592,14104,jpeg,0.05348062515258789
1778636187.5704799,434.34803795814514,8593,14119,jpeg,0.04540061950683594
1778636187.6209626,434.3985207080841,8594,14126,jpeg,0.050482749938964844
1778636187.667467,434.4450252056122,8595,14110,jpeg,0.04650449752807617
1778636187.7182562,434.4958143234253,8596,14120,jpeg,0.05078911781311035
1778636187.771881,434.54943919181824,8597,14105,jpeg,0.053624868392944336
1778636187.8178196,434.5953776836395,8598,14130,jpeg,0.04593849182128906
1778636187.8676763,434.64523434638977,8599,14130,jpeg,0.04985666275024414
1778636187.92266,434.7002182006836,8600,14135,jpeg,0.05498385429382324
1778636187.9687998,434.74635791778564,8601,14147,jpeg,0.04613971710205078
1778636188.0175211,434.7950792312622,8602,13336,jpeg,0.0487213134765625
1778636188.0715344,434.8490924835205,8603,14205,jpeg,0.05401325225830078
1778636188.1178503,434.8954083919525,8604,14216,jpeg,0.046315908432006836
1778636188.1718366,434.9493947029114,8605,14203,jpeg,0.053986310958862305
1778636188.220771,434.99832916259766,8606,14195,jpeg,0.0489344596862793
1778636188.2745318,435.0520899295807,8607,14222,jpeg,0.05376076698303223
1778636188.3233306,435.10088872909546,8608,14205,jpeg,0.04879879951477051
1778636188.3721495,435.1497075557709,8609,14216,jpeg,0.04881882667541504
1778636188.4183683,435.1959264278412,8610,14212,jpeg,0.0462188720703125
1778636188.4682345,435.2457926273346,8611,14211,jpeg,0.0498661994934082
1778636188.5214894,435.2990474700928,8612,14222,jpeg,0.05325484275817871
1778636188.5686445,435.3462026119232,8613,14235,jpeg,0.047155141830444336
1778636188.6248527,435.4024107456207,8614,14218,jpeg,0.056208133697509766
1778636188.6703439,435.4479019641876,8615,14207,jpeg,0.04549121856689453
1778636188.7172015,435.49475955963135,8616,14203,jpeg,0.046857595443725586
1778636188.7676954,435.54525351524353,8617,14248,jpeg,0.05049395561218262
1778636188.821016,435.59857416152954,8618,14241,jpeg,0.05332064628601074
1778636188.8695126,435.647070646286,8619,14245,jpeg,0.04849648475646973
1778636188.921294,435.69885206222534,8620,14220,jpeg,0.051781415939331055
1778636188.9745255,435.75208353996277,8621,14243,jpeg,0.05323147773742676
1778636189.0228326,435.80039072036743,8622,14217,jpeg,0.048307180404663086
1778636189.0690844,435.84664249420166,8623,14215,jpeg,0.046251773834228516
1778636189.1262972,435.9038553237915,8624,14237,jpeg,0.05721282958984375
1778636189.1714628,435.94902086257935,8625,14249,jpeg,0.0451655387878418
1778636189.2187357,435.99629378318787,8626,14253,jpeg,0.04727292060852051
1778636189.2707922,436.0483503341675,8627,14230,jpeg,0.05205655097961426
1778636189.323803,436.10136103630066,8628,14214,jpeg,0.05301070213317871
1778636189.369924,436.14748215675354,8629,14207,jpeg,0.04612112045288086
1778636189.4217296,436.19928765296936,8630,14197,jpeg,0.05180549621582031
1778636189.4702225,436.24778056144714,8631,14235,jpeg,0.0484929084777832
1778636189.5190277,436.29658579826355,8632,13863,jpeg,0.04880523681640625
1778636189.5717435,436.3493015766144,8633,14200,jpeg,0.05271577835083008
1778636189.620581,436.39813899993896,8634,14188,jpeg,0.04883742332458496
1778636189.6720212,436.4495792388916,8635,14225,jpeg,0.05144023895263672
1778636189.7301939,436.5077519416809,8636,14184,jpeg,0.05817270278930664
1778636189.7767549,436.55431294441223,8637,14215,jpeg,0.04656100273132324
1778636189.8236165,436.6011745929718,8638,14214,jpeg,0.04686164855957031
1778636189.8791316,436.65668964385986,8639,14219,jpeg,0.05551505088806152
1778636189.9371312,436.71468925476074,8640,14201,jpeg,0.057999610900878906
1778636189.9719293,436.74948740005493,8641,14243,jpeg,0.03479814529418945
1778636190.0221472,436.7997052669525,8642,14249,jpeg,0.05021786689758301
1778636190.0689023,436.8464603424072,8643,14214,jpeg,0.046755075454711914
1778636190.1218352,436.8993933200836,8644,14210,jpeg,0.0529329776763916
1778636190.172262,436.9498200416565,8645,14223,jpeg,0.05042672157287598
1778636190.2276652,437.00522327423096,8646,14209,jpeg,0.05540323257446289
1778636190.2729173,437.050475358963,8647,14228,jpeg,0.045252084732055664
1778636190.3223784,437.0999364852905,8648,14196,jpeg,0.04946112632751465
1778636190.3696315,437.147189617157,8649,14217,jpeg,0.04725313186645508
1778636190.4193068,437.19686484336853,8650,14205,jpeg,0.04967522621154785
1778636190.472598,437.2501561641693,8651,14208,jpeg,0.05329132080078125
1778636190.5255105,437.3030686378479,8652,14204,jpeg,0.05291247367858887
1778636190.568928,437.34648609161377,8653,14217,jpeg,0.04341745376586914
1778636190.6242461,437.4018042087555,8654,14203,jpeg,0.05531811714172363
1778636190.6697288,437.44728684425354,8655,14223,jpeg,0.045482635498046875
1778636190.7177851,437.495343208313,8656,14210,jpeg,0.04805636405944824
1778636190.7754178,437.55297589302063,8657,14211,jpeg,0.0576326847076416
1778636190.8200793,437.59763741493225,8658,14207,jpeg,0.044661521911621094
1778636190.8679125,437.64547061920166,8659,14200,jpeg,0.04783320426940918
1778636190.9189224,437.696480512619,8660,14206,jpeg,0.0510098934173584
1778636190.9726555,437.7502136230469,8661,14233,jpeg,0.053733110427856445
1778636191.020051,437.79760909080505,8662,14230,jpeg,0.04739546775817871
1778636191.071233,437.8487911224365,8663,14209,jpeg,0.05118203163146973
1778636191.116276,437.8938341140747,8664,14217,jpeg,0.045042991638183594
1778636191.169422,437.94697999954224,8665,14226,jpeg,0.0531458854675293
1778636191.220336,437.9978940486908,8666,14202,jpeg,0.05091404914855957
1778636191.2676702,438.04522824287415,8667,14211,jpeg,0.04733419418334961
1778636191.3183203,438.09587836265564,8668,14221,jpeg,0.05065011978149414
1778636191.3697972,438.14735531806946,8669,14207,jpeg,0.05147695541381836
1778636191.4214618,438.19901990890503,8670,14215,jpeg,0.05166459083557129
1778636191.4718516,438.24940967559814,8671,14234,jpeg,0.050389766693115234
1778636191.5210538,438.29861187934875,8672,14233,jpeg,0.04920220375061035
1778636191.5674188,438.34497690200806,8673,14238,jpeg,0.04636502265930176
1778636191.6180925,438.3956506252289,8674,14238,jpeg,0.050673723220825195
1778636191.676349,438.45390701293945,8675,14215,jpeg,0.05825638771057129
1778636191.7237914,438.5013494491577,8676,14240,jpeg,0.04744243621826172
1778636191.7668974,438.5444555282593,8677,14215,jpeg,0.0431060791015625
1778636191.8260405,438.6035985946655,8678,14224,jpeg,0.05914306640625
1778636191.8675463,438.64510440826416,8679,14199,jpeg,0.04150581359863281
1778636191.918443,438.69600105285645,8680,14215,jpeg,0.050896644592285156
1778636191.9694388,438.74699687957764,8681,14199,jpeg,0.050995826721191406
1778636192.0177817,438.79533982276917,8682,14217,jpeg,0.04834294319152832
1778636192.0684907,438.8460488319397,8683,14200,jpeg,0.05070900917053223
1778636192.119904,438.8974621295929,8684,14200,jpeg,0.05141329765319824
1778636192.1691046,438.94666266441345,8685,14222,jpeg,0.04920053482055664
1778636192.2192428,438.9968008995056,8686,14217,jpeg,0.050138235092163086
1778636192.2741714,439.0517294406891,8687,14219,jpeg,0.05492854118347168
1778636192.3191233,439.09668135643005,8688,14208,jpeg,0.0449519157409668
1778636192.3686128,439.1461708545685,8689,14223,jpeg,0.049489498138427734
1778636192.4187624,439.19632053375244,8690,14213,jpeg,0.05014967918395996
1778636192.4700756,439.2476336956024,8691,14204,jpeg,0.051313161849975586
1778636192.519112,439.29667019844055,8692,14218,jpeg,0.049036502838134766
1778636192.5714252,439.3489832878113,8693,14204,jpeg,0.05231308937072754
1778636192.6219716,439.39952969551086,8694,14225,jpeg,0.05054640769958496
1778636192.669137,439.4466950893402,8695,14210,jpeg,0.0471653938293457
1778636192.721461,439.4990191459656,8696,14212,jpeg,0.05232405662536621
1778636192.7668967,439.54445481300354,8697,14194,jpeg,0.04543566703796387
1778636192.8195546,439.59711265563965,8698,14200,jpeg,0.0526578426361084
1778636192.8809361,439.6584942340851,8699,14204,jpeg,0.06138157844543457
1778636192.9154375,439.6929955482483,8700,14181,jpeg,0.03450131416320801
1778636192.9696565,439.74721455574036,8701,14197,jpeg,0.05421900749206543
1778636193.019511,439.7970690727234,8702,14202,jpeg,0.04985451698303223
1778636193.0677185,439.845276594162,8703,14187,jpeg,0.04820752143859863
1778636193.1222918,439.8998498916626,8704,14215,jpeg,0.05457329750061035
1778636193.1686637,439.9462218284607,8705,14198,jpeg,0.0463719367980957
1778636193.2232165,440.0007746219635,8706,14217,jpeg,0.05455279350280762
1778636193.2669287,440.04448676109314,8707,14222,jpeg,0.04371213912963867
1778636193.3248007,440.1023588180542,8708,14204,jpeg,0.05787205696105957
1778636193.366677,440.14423513412476,8709,14212,jpeg,0.04187631607055664
1778636193.4175014,440.1950595378876,8710,14200,jpeg,0.05082440376281738
1778636193.4709165,440.2484745979309,8711,14196,jpeg,0.05341506004333496
1778636193.5199833,440.2975413799286,8712,14237,jpeg,0.049066781997680664
1778636193.5671988,440.34475684165955,8713,14215,jpeg,0.04721546173095703
1778636193.6213822,440.3989403247833,8714,14197,jpeg,0.0541834831237793
1778636193.6693394,440.44689750671387,8715,14192,jpeg,0.04795718193054199
1778636193.717932,440.4954900741577,8716,14198,jpeg,0.048592567443847656
1778636193.7703724,440.5479304790497,8717,14219,jpeg,0.05244040489196777
1778636193.8184206,440.59597873687744,8718,14206,jpeg,0.04804825782775879
1778636193.8732495,440.65080761909485,8719,14187,jpeg,0.05482888221740723
1778636193.919379,440.696937084198,8720,14209,jpeg,0.046129465103149414
1778636193.9674554,440.7450134754181,8721,14190,jpeg,0.04807639122009277
1778636194.0186265,440.7961845397949,8722,14206,jpeg,0.051171064376831055
1778636194.0687358,440.846293926239,8723,14214,jpeg,0.0501093864440918
1778636194.1163716,440.8939297199249,8724,14212,jpeg,0.047635793685913086
1778636194.1673338,440.94489192962646,8725,14203,jpeg,0.050962209701538086
1778636194.2185044,440.99606251716614,8726,14194,jpeg,0.05117058753967285
1778636194.2680333,441.0455913543701,8727,14205,jpeg,0.04952883720397949
1778636194.3183117,441.0958697795868,8728,14221,jpeg,0.050278425216674805
1778636194.3687403,441.1462984085083,8729,14190,jpeg,0.05042862892150879
1778636194.416524,441.19408202171326,8730,14211,jpeg,0.047783613204956055
1778636194.467823,441.24538111686707,8731,14206,jpeg,0.051299095153808594
1778636194.5205512,441.298109292984,8732,14209,jpeg,0.05272817611694336
1778636194.5667777,441.34433579444885,8733,14194,jpeg,0.04622650146484375
1778636194.6182804,441.3958384990692,8734,14201,jpeg,0.05150270462036133
1778636194.6695032,441.4470613002777,8735,14197,jpeg,0.051222801208496094
1778636194.715605,441.4931631088257,8736,14223,jpeg,0.04610180854797363
1778636194.7659268,441.54348492622375,8737,14228,jpeg,0.05032181739807129
1778636194.820984,441.59854197502136,8738,14219,jpeg,0.05505704879760742
1778636194.866402,441.6439599990845,8739,14226,jpeg,0.04541802406311035
1778636194.9166255,441.69418358802795,8740,14206,jpeg,0.050223588943481445
1778636194.9704463,441.7480044364929,8741,14233,jpeg,0.05382084846496582
1778636195.0194657,441.79702377319336,8742,14243,jpeg,0.04901933670043945
1778636195.0665917,441.84414982795715,8743,14231,jpeg,0.047126054763793945
1778636195.1214576,441.8990156650543,8744,14216,jpeg,0.05486583709716797
1778636195.1695225,441.9470806121826,8745,14230,jpeg,0.0480649471282959
1778636195.2168503,441.99440836906433,8746,14222,jpeg,0.04732775688171387
1778636195.2709165,442.0484745502472,8747,14214,jpeg,0.05406618118286133
1778636195.3200989,442.09765696525574,8748,14222,jpeg,0.04918241500854492
1778636195.3660946,442.143652677536,8749,14236,jpeg,0.04599571228027344
1778636195.4193087,442.19686675071716,8750,14196,jpeg,0.053214073181152344
1778636195.476412,442.2539701461792,8751,14216,jpeg,0.05710339546203613
1778636195.5170438,442.29460191726685,8752,14229,jpeg,0.040631771087646484
1778636195.575326,442.35288405418396,8753,14201,jpeg,0.05828213691711426
1778636195.6166997,442.39425778388977,8754,14200,jpeg,0.04137372970581055
1778636195.6689093,442.44646739959717,8755,14184,jpeg,0.05220961570739746
1778636195.7182612,442.49581933021545,8756,14177,jpeg,0.04935193061828613
1778636195.7700608,442.5476188659668,8757,14198,jpeg,0.05179953575134277
1778636195.821987,442.59954500198364,8758,14214,jpeg,0.0519261360168457
1778636195.8671832,442.6447412967682,8759,14202,jpeg,0.0451962947845459
1778636195.9196947,442.69725275039673,8760,14213,jpeg,0.05251145362854004
1778636195.9670346,442.744592666626,8761,14215,jpeg,0.04733991622924805
1778636196.020785,442.7983431816101,8762,14215,jpeg,0.05375051498413086
1778636196.0712743,442.8488323688507,8763,14212,jpeg,0.050489187240600586
1778636196.1193087,442.8968667984009,8764,14244,jpeg,0.0480344295501709
1778636196.1709883,442.94854640960693,8765,14237,jpeg,0.05167961120605469
1778636196.2218242,442.99938225746155,8766,14219,jpeg,0.05083584785461426
1778636196.268745,443.04630303382874,8767,14202,jpeg,0.0469207763671875
1778636196.3207848,443.0983428955078,8768,14201,jpeg,0.05203986167907715
1778636196.3713646,443.1489226818085,8769,14197,jpeg,0.05057978630065918
1778636196.4190671,443.19662523269653,8770,14234,jpeg,0.04770255088806152
1778636196.4704394,443.2479975223541,8771,14227,jpeg,0.05137228965759277
1778636196.5224984,443.30005645751953,8772,14206,jpeg,0.05205893516540527
1778636196.569425,443.3469831943512,8773,14199,jpeg,0.04692673683166504
1778636196.620745,443.3983030319214,8774,14191,jpeg,0.05131983757019043
1778636196.670999,443.448557138443,8775,14186,jpeg,0.050254106521606445
1778636196.718336,443.4958941936493,8776,14204,jpeg,0.04733705520629883
1778636196.7770517,443.5546097755432,8777,14193,jpeg,0.0587155818939209
1778636196.8187335,443.5962915420532,8778,14207,jpeg,0.041681766510009766
1778636196.8658223,443.6433804035187,8779,14216,jpeg,0.0470888614654541
1778636196.9239554,443.70151352882385,8780,14178,jpeg,0.05813312530517578
1778636196.9682822,443.7458403110504,8781,14223,jpeg,0.0443267822265625
1778636197.0203512,443.79790925979614,8782,14199,jpeg,0.05206894874572754
1778636197.069169,443.84672713279724,8783,14194,jpeg,0.04881787300109863
1778636197.1193163,443.8968744277954,8784,14181,jpeg,0.050147294998168945
1778636197.1703126,443.94787073135376,8785,14207,jpeg,0.05099630355834961
1778636197.221362,443.99892020225525,8786,14205,jpeg,0.05104947090148926
1778636197.2670035,444.044561624527,8787,14194,jpeg,0.045641422271728516
1778636197.3187463,444.0963044166565,8788,14173,jpeg,0.0517427921295166
1778636197.3734171,444.15097522735596,8789,14169,jpeg,0.05467081069946289
1778636197.4186945,444.1962525844574,8790,14212,jpeg,0.04527735710144043
1778636197.467283,444.2448410987854,8791,14220,jpeg,0.04858851432800293
1778636197.5253973,444.3029553890228,8792,14234,jpeg,0.05811429023742676
1778636197.5696526,444.34721064567566,8793,14189,jpeg,0.04425525665283203
1778636197.6186993,444.3962574005127,8794,14199,jpeg,0.04904675483703613
1778636197.6683812,444.44593930244446,8795,14175,jpeg,0.049681901931762695
1778636197.7177072,444.4952652454376,8796,14193,jpeg,0.04932594299316406
1778636197.7679782,444.54553627967834,8797,14196,jpeg,0.050271034240722656
1778636197.8194888,444.5970468521118,8798,14226,jpeg,0.05151057243347168
1778636197.867387,444.6449451446533,8799,14221,jpeg,0.047898292541503906
1778636197.9176936,444.69525170326233,8800,14203,jpeg,0.05030655860900879
1778636197.970023,444.74758100509644,8801,14222,jpeg,0.052329301834106445
1778636198.0276601,444.8052182197571,8802,14200,jpeg,0.05763721466064453
1778636198.0698056,444.84736371040344,8803,14240,jpeg,0.042145490646362305
1778636198.119279,444.8968369960785,8804,14234,jpeg,0.04947328567504883
1778636198.1686466,444.946204662323,8805,14182,jpeg,0.049367666244506836
1778636198.2203474,444.9979054927826,8806,14197,jpeg,0.05170083045959473
1778636198.2729456,445.0505037307739,8807,14195,jpeg,0.05259823799133301
1778636198.3178265,445.0953845977783,8808,14183,jpeg,0.04488086700439453
1778636198.365356,445.14291405677795,8809,14234,jpeg,0.04752945899963379
1778636198.4179516,445.1955096721649,8810,14231,jpeg,0.05259561538696289
1778636198.4742212,445.25177931785583,8811,14216,jpeg,0.05626964569091797
1778636198.5142145,445.29177260398865,8812,14228,jpeg,0.0399932861328125
1778636198.5666194,445.34417748451233,8813,14188,jpeg,0.05240488052368164
1778636198.6164396,445.39399766921997,8814,14205,jpeg,0.0498201847076416
1778636198.664613,445.44217109680176,8815,14223,jpeg,0.04817342758178711
1778636198.717366,445.4949240684509,8816,14219,jpeg,0.05275297164916992
1778636198.766037,445.5435950756073,8817,14209,jpeg,0.04867100715637207
1778636198.8184924,445.59605050086975,8818,14195,jpeg,0.05245542526245117
1778636198.8681593,445.64571738243103,8819,14203,jpeg,0.0496668815612793
1778636198.9189122,445.6964702606201,8820,14221,jpeg,0.050752878189086914
1778636198.9678354,445.7453935146332,8821,14210,jpeg,0.04892325401306152
1778636199.0173705,445.7949285507202,8822,14192,jpeg,0.04953503608703613
1778636199.0689347,445.846492767334,8823,14225,jpeg,0.05156421661376953
1778636199.116632,445.8941900730133,8824,14204,jpeg,0.04769730567932129
1778636199.1675172,445.9450752735138,8825,14212,jpeg,0.05088520050048828
1778636199.2176654,445.9952235221863,8826,14196,jpeg,0.05014824867248535
1778636199.2715216,446.04907965660095,8827,14177,jpeg,0.05385613441467285
1778636199.3188386,446.0963966846466,8828,14206,jpeg,0.0473170280456543
1778636199.3663552,446.14391326904297,8829,14186,jpeg,0.047516584396362305
1778636199.4736052,446.25116324424744,8830,14194,jpeg,0.10724997520446777
1778636199.5162358,446.29379391670227,8831,14205,jpeg,0.042630672454833984
1778636199.5645003,446.3420584201813,8832,14214,jpeg,0.048264503479003906
1778636199.6171362,446.3946943283081,8833,14200,jpeg,0.052635908126831055
1778636199.667425,446.4449830055237,8834,14212,jpeg,0.05028867721557617
1778636199.716639,446.49419713020325,8835,14209,jpeg,0.04921412467956543
1778636199.7677186,446.5452766418457,8836,14204,jpeg,0.051079511642456055
1778636199.817901,446.595458984375,8837,14199,jpeg,0.050182342529296875
1778636199.8679194,446.64547753334045,8838,14197,jpeg,0.0500185489654541
1778636199.916827,446.6943850517273,8839,14187,jpeg,0.04890751838684082
1778636199.9664967,446.7440547943115,8840,14205,jpeg,0.049669742584228516
1778636200.0162082,446.7937662601471,8841,14204,jpeg,0.04971146583557129
1778636200.0755801,446.8531382083893,8842,14213,jpeg,0.0593719482421875
1778636200.1158364,446.89339447021484,8843,14201,jpeg,0.04025626182556152
1778636200.1727142,446.95027232170105,8844,14216,jpeg,0.056877851486206055
1778636200.2206526,446.99821066856384,8845,14214,jpeg,0.04793834686279297
1778636200.2663639,447.04392194747925,8846,14189,jpeg,0.04571127891540527
1778636200.3137202,447.09127831459045,8847,14213,jpeg,0.047356367111206055
1778636200.3685446,447.14610266685486,8848,14213,jpeg,0.0548243522644043
1778636200.4174986,447.1950566768646,8849,14225,jpeg,0.048954010009765625
1778636200.466374,447.2439320087433,8850,14198,jpeg,0.04887533187866211
1778636200.5174656,447.2950236797333,8851,14208,jpeg,0.051091670989990234
1778636200.5662808,447.34383893013,8852,14197,jpeg,0.048815250396728516
1778636200.6158388,447.39339685440063,8853,14194,jpeg,0.04955792427062988
1778636200.6740687,447.4516267776489,8854,14204,jpeg,0.058229923248291016
1778636200.7138312,447.49138927459717,8855,14197,jpeg,0.03976249694824219
1778636200.7638652,447.54142332077026,8856,14196,jpeg,0.0500340461730957
1778636200.8154702,447.59302830696106,8857,13162,jpeg,0.0516049861907959
1778636200.8643928,447.6419508457184,8858,14086,jpeg,0.04892253875732422
1778636200.914516,447.69207406044006,8859,14089,jpeg,0.05012321472167969
1778636200.9718487,447.7494068145752,8860,14055,jpeg,0.057332754135131836
1778636201.0143313,447.7918894290924,8861,14058,jpeg,0.042482614517211914
1778636201.0640063,447.8415644168854,8862,14050,jpeg,0.04967498779296875
1778636201.1213784,447.89893651008606,8863,14055,jpeg,0.057372093200683594
1778636201.1642168,447.9417748451233,8864,14059,jpeg,0.042838335037231445
1778636201.216528,447.9940860271454,8865,14043,jpeg,0.05231118202209473
1778636201.2709692,448.0485272407532,8866,14039,jpeg,0.054441213607788086
1778636201.3141832,448.09174132347107,8867,14055,jpeg,0.04321408271789551
1778636201.367416,448.1449739933014,8868,14047,jpeg,0.053232669830322266
1778636201.417923,448.1954810619354,8869,14045,jpeg,0.0505070686340332
1778636201.4642444,448.24180245399475,8870,14074,jpeg,0.04632139205932617
1778636201.516559,448.29411697387695,8871,14077,jpeg,0.05231451988220215
1778636201.568955,448.3465130329132,8872,14052,jpeg,0.05239605903625488
1778636201.6170523,448.39461040496826,8873,14016,jpeg,0.04809737205505371
1778636201.6661704,448.44372844696045,8874,14039,jpeg,0.0491180419921875
1778636201.72185,448.4994080066681,8875,14031,jpeg,0.0556795597076416
1778636201.7660863,448.5436444282532,8876,14024,jpeg,0.04423642158508301
1778636201.8149493,448.5925073623657,8877,14041,jpeg,0.04886293411254883
1778636201.872581,448.65013909339905,8878,14031,jpeg,0.057631731033325195
1778636201.9153872,448.6929452419281,8879,14049,jpeg,0.042806148529052734
1778636201.9644282,448.74198627471924,8880,14041,jpeg,0.049041032791137695
1778636202.0178492,448.79540729522705,8881,14052,jpeg,0.0534210205078125
1778636202.0654352,448.84299325942993,8882,14044,jpeg,0.04758596420288086
1778636202.1142983,448.89185643196106,8883,14048,jpeg,0.04886317253112793
1778636202.1683915,448.94594955444336,8884,14062,jpeg,0.054093122482299805
1778636202.214659,448.9922170639038,8885,14064,jpeg,0.04626750946044922
1778636202.2678108,449.0453689098358,8886,14036,jpeg,0.053151845932006836
1778636202.31721,449.09476804733276,8887,14040,jpeg,0.04939913749694824
1778636202.3647103,449.14226841926575,8888,14027,jpeg,0.0475003719329834
1778636202.4168057,449.19436383247375,8889,14035,jpeg,0.05209541320800781
1778636202.470811,449.24836897850037,8890,14038,jpeg,0.05400514602661133
1778636202.5145447,449.2921028137207,8891,14028,jpeg,0.043733835220336914
1778636202.5663724,449.3439304828644,8892,14047,jpeg,0.05182766914367676
1778636202.6223235,449.3998816013336,8893,14031,jpeg,0.05595111846923828
1778636202.6667845,449.4443426132202,8894,14061,jpeg,0.04446101188659668
1778636202.7149704,449.4925284385681,8895,14037,jpeg,0.04818582534790039
1778636202.7682266,449.54578471183777,8896,14029,jpeg,0.05325627326965332
1778636202.8161705,449.5937285423279,8897,13261,jpeg,0.047943830490112305
1778636202.8649163,449.6424744129181,8898,14168,jpeg,0.04874587059020996
1778636202.9163916,449.69394969940186,8899,14234,jpeg,0.05147528648376465
1778636202.9640832,449.7416412830353,8900,14254,jpeg,0.04769158363342285
1778636203.0142581,449.7918162345886,8901,14249,jpeg,0.05017495155334473
1778636203.0673091,449.84486722946167,8902,14226,jpeg,0.053050994873046875
1778636203.1137328,449.89129090309143,8903,13998,jpeg,0.04642367362976074
1778636203.164599,449.9421570301056,8904,14116,jpeg,0.050866127014160156
1778636203.2194448,449.9970028400421,8905,14125,jpeg,0.05484580993652344
1778636203.2658734,450.04343152046204,8906,14111,jpeg,0.046428680419921875
1778636203.315252,450.0928101539612,8907,14132,jpeg,0.04937863349914551
1778636203.3730605,450.1506185531616,8908,14144,jpeg,0.05780839920043945
1778636203.4160082,450.19356632232666,8909,14163,jpeg,0.04294776916503906
1778636203.465242,450.2427999973297,8910,14164,jpeg,0.04923367500305176
1778636203.5189052,450.2964632511139,8911,14150,jpeg,0.05366325378417969
1778636203.5655885,450.3431465625763,8912,14176,jpeg,0.046683311462402344
1778636203.6164947,450.39405274391174,8913,14195,jpeg,0.05090618133544922
1778636203.6684344,450.4459924697876,8914,14189,jpeg,0.05193972587585449
1778636203.7149937,450.49255180358887,8915,14190,jpeg,0.04655933380126953
1778636203.7706153,450.5481734275818,8916,14156,jpeg,0.05562162399291992
1778636203.8179576,450.5955157279968,8917,14179,jpeg,0.04734230041503906
1778636203.871909,450.64946699142456,8918,14197,jpeg,0.053951263427734375
1778636203.9165845,450.69414258003235,8919,14180,jpeg,0.044675588607788086
1778636203.9664063,450.74396443367004,8920,14164,jpeg,0.04982185363769531
1778636204.013945,450.79150319099426,8921,14178,jpeg,0.04753875732421875
1778636204.0656576,450.84321570396423,8922,14161,jpeg,0.0517125129699707
1778636204.1173484,450.8949065208435,8923,14182,jpeg,0.05169081687927246
1778636204.169612,450.9471700191498,8924,14183,jpeg,0.052263498306274414
1778636204.2151458,450.99270391464233,8925,14159,jpeg,0.04553389549255371
1778636204.2662814,451.0438394546509,8926,14164,jpeg,0.05113554000854492
1778636204.3156285,451.0931866168976,8927,14174,jpeg,0.0493471622467041
1778636204.3650799,451.14263796806335,8928,14162,jpeg,0.049451351165771484
1778636204.4203548,451.19791293144226,8929,14169,jpeg,0.05527496337890625
1778636204.4647124,451.2422704696655,8930,14175,jpeg,0.0443575382232666
1778636204.5186458,451.29620385169983,8931,14179,jpeg,0.05393338203430176
1778636204.5656877,451.3432457447052,8932,14152,jpeg,0.047041893005371094
1778636204.6142318,451.3917899131775,8933,14168,jpeg,0.04854416847229004
1778636204.663062,451.4406201839447,8934,14187,jpeg,0.048830270767211914
1778636204.7165985,451.4941565990448,8935,14164,jpeg,0.053536415100097656
1778636204.7659116,451.5434696674347,8936,14130,jpeg,0.04931306838989258
1778636204.816693,451.59425115585327,8937,14139,jpeg,0.0507814884185791
1778636204.8682787,451.64583683013916,8938,14169,jpeg,0.05158567428588867
1778636204.9157197,451.69327783584595,8939,14202,jpeg,0.04744100570678711
1778636204.966161,451.74371910095215,8940,14164,jpeg,0.05044126510620117
1778636205.0183508,451.7959089279175,8941,14167,jpeg,0.05218982696533203
1778636205.0655537,451.84311175346375,8942,14159,jpeg,0.04720282554626465
1778636205.1139607,451.89151883125305,8943,14168,jpeg,0.04840707778930664
1778636205.1658256,451.94338369369507,8944,14175,jpeg,0.0518648624420166
1778636205.2135289,451.99108695983887,8945,14175,jpeg,0.04770326614379883
1778636205.2674375,452.04499554634094,8946,14165,jpeg,0.053908586502075195
1778636205.314973,452.09253120422363,8947,14155,jpeg,0.04753565788269043
1778636205.3632767,452.1408348083496,8948,14163,jpeg,0.04830360412597656
1778636205.4211185,452.1986765861511,8949,14177,jpeg,0.05784177780151367
1778636205.4670985,452.2446565628052,8950,14142,jpeg,0.045979976654052734
1778636205.5192053,452.296763420105,8951,14189,jpeg,0.05210685729980469
1778636205.5657737,452.34333181381226,8952,14152,jpeg,0.04656839370727539
1778636205.6207576,452.3983156681061,8953,14165,jpeg,0.05498385429382324
1778636205.6643195,452.4418776035309,8954,14177,jpeg,0.04356193542480469
1778636205.7160091,452.49356722831726,8955,14174,jpeg,0.05168962478637695
1778636205.7657094,452.5432674884796,8956,14189,jpeg,0.049700260162353516
1778636205.816391,452.59394907951355,8957,14162,jpeg,0.05068159103393555
1778636205.8650053,452.6425633430481,8958,14174,jpeg,0.0486142635345459
1778636205.9204197,452.6979777812958,8959,14171,jpeg,0.055414438247680664
1778636205.9652667,452.74282479286194,8960,14195,jpeg,0.04484701156616211
1778636206.0169547,452.79451274871826,8961,14190,jpeg,0.05168795585632324
1778636206.0650337,452.8425917625427,8962,14171,jpeg,0.04807901382446289
1778636206.1150608,452.892618894577,8963,14173,jpeg,0.05002713203430176
1778636206.1653512,452.94290924072266,8964,14163,jpeg,0.05029034614562988
1778636206.2181723,452.99573040008545,8965,14174,jpeg,0.05282115936279297
1778636206.2645195,453.0420775413513,8966,14157,jpeg,0.04634714126586914
1778636206.3159347,453.09349274635315,8967,14162,jpeg,0.051415205001831055
1778636206.3659675,453.14352560043335,8968,14173,jpeg,0.050032854080200195
1778636206.4132676,453.1908257007599,8969,14159,jpeg,0.047300100326538086
1778636206.466294,453.2438521385193,8970,14197,jpeg,0.053026437759399414
1778636206.5158503,453.29340839385986,8971,14168,jpeg,0.04955625534057617
1778636206.5706172,453.3481752872467,8972,14188,jpeg,0.05476689338684082
1778636206.6157203,453.3932783603668,8973,14185,jpeg,0.04510307312011719
1778636206.6676364,453.44519448280334,8974,14159,jpeg,0.05191612243652344
1778636206.714328,453.491886138916,8975,14182,jpeg,0.0466916561126709
1778636206.7657635,453.54332160949707,8976,14191,jpeg,0.05143547058105469
1778636206.8161325,453.5936906337738,8977,14177,jpeg,0.0503690242767334
1778636206.8644974,453.6420555114746,8978,14211,jpeg,0.048364877700805664
1778636206.9142785,453.6918365955353,8979,14178,jpeg,0.049781084060668945
1778636206.968437,453.74599504470825,8980,14154,jpeg,0.05415844917297363
1778636207.0120642,453.78962230682373,8981,14202,jpeg,0.043627262115478516
1778636207.062836,453.84039402008057,8982,14189,jpeg,0.05077171325683594
1778636207.1145415,453.89209961891174,8983,14197,jpeg,0.05170559883117676
1778636207.1620793,453.93963742256165,8984,14187,jpeg,0.047537803649902344
1778636207.21204,453.9895980358124,8985,14175,jpeg,0.04996061325073242
1778636207.2643282,454.0418863296509,8986,14174,jpeg,0.05228829383850098
1778636207.3132453,454.0908033847809,8987,14189,jpeg,0.04891705513000488
1778636207.3630087,454.1405668258667,8988,14195,jpeg,0.04976344108581543
1778636207.4177644,454.1953225135803,8989,14172,jpeg,0.05475568771362305
1778636207.4647114,454.2422695159912,8990,14215,jpeg,0.04694700241088867
1778636207.5142825,454.2918405532837,8991,14201,jpeg,0.04957103729248047
1778636207.5682695,454.3458275794983,8992,14174,jpeg,0.05398702621459961
1778636207.6142623,454.3918204307556,8993,14202,jpeg,0.04599285125732422
1778636207.6641438,454.4417018890381,8994,14145,jpeg,0.0498814582824707
1778636207.719588,454.49714612960815,8995,14189,jpeg,0.05544424057006836
1778636207.767446,454.5450041294098,8996,14173,jpeg,0.04785799980163574
1778636207.8120387,454.58959674835205,8997,14157,jpeg,0.04459261894226074
1778636207.8663864,454.64394450187683,8998,14168,jpeg,0.05434775352478027
1778636207.9136398,454.69119787216187,8999,14195,jpeg,0.04725337028503418
1778636207.9687748,454.74633288383484,9000,14171,jpeg,0.05513501167297363
1778636208.0159028,454.79346084594727,9001,14130,jpeg,0.04712796211242676
1778636208.0656335,454.84319162368774,9002,14142,jpeg,0.049730777740478516
1778636208.1128464,454.89040446281433,9003,13181,jpeg,0.047212839126586914
1778636208.1682165,454.9457745552063,9004,14052,jpeg,0.05537009239196777
1778636208.2141266,454.9916846752167,9005,14047,jpeg,0.04591012001037598
1778636208.2659175,455.04347562789917,9006,14007,jpeg,0.05179095268249512
1778636208.3193004,455.0968585014343,9007,14040,jpeg,0.05338287353515625
1778636208.3650784,455.1426365375519,9008,13993,jpeg,0.04577803611755371
1778636208.4138744,455.1914324760437,9009,14027,jpeg,0.04879593849182129
1778636208.4692442,455.2468023300171,9010,14039,jpeg,0.05536985397338867
1778636208.5144112,455.2919692993164,9011,14027,jpeg,0.045166969299316406
1778636208.5648823,455.342440366745,9012,14020,jpeg,0.05047106742858887
1778636208.6171904,455.39474844932556,9013,14046,jpeg,0.052308082580566406
1778636208.6657078,455.443265914917,9014,14029,jpeg,0.048517465591430664
1778636208.7199545,455.49751257896423,9015,14027,jpeg,0.05424666404724121
1778636208.7669737,455.5445318222046,9016,14003,jpeg,0.047019243240356445
1778636208.8147888,455.592346906662,9017,13998,jpeg,0.04781508445739746
1778636208.864051,455.64160919189453,9018,13982,jpeg,0.049262285232543945
1778636208.9170985,455.6946566104889,9019,13988,jpeg,0.05304741859436035
1778636208.963781,455.74133920669556,9020,14014,jpeg,0.04668259620666504
1778636209.0134408,455.79099893569946,9021,14004,jpeg,0.04965972900390625
1778636209.0673344,455.84489250183105,9022,13998,jpeg,0.0538935661315918
1778636209.1142392,455.89179730415344,9023,14029,jpeg,0.046904802322387695
1778636209.1655083,455.9430663585663,9024,14020,jpeg,0.0512690544128418
1778636209.2180843,455.99564242362976,9025,14012,jpeg,0.05257606506347656
1778636209.2655516,456.04310965538025,9026,13999,jpeg,0.04746723175048828
1778636209.3149204,456.09247851371765,9027,14013,jpeg,0.049368858337402344
1778636209.3655205,456.14307856559753,9028,13983,jpeg,0.05060005187988281
1778636209.4135525,456.1911106109619,9029,14013,jpeg,0.04803204536437988
1778636209.4665122,456.24407029151917,9030,14002,jpeg,0.05295968055725098
1778636209.5172896,456.2948477268219,9031,14010,jpeg,0.050777435302734375
1778636209.5640597,456.3416178226471,9032,14015,jpeg,0.04677009582519531
1778636209.617074,456.39463210105896,9033,14016,jpeg,0.053014278411865234
1778636209.6706011,456.4481592178345,9034,14022,jpeg,0.053527116775512695
1778636209.7136009,456.49115896224976,9035,14032,jpeg,0.0429997444152832
1778636209.7642593,456.5418174266815,9036,14017,jpeg,0.050658464431762695
1778636209.815228,456.5927860736847,9037,14011,jpeg,0.05096864700317383
1778636209.864781,456.64233899116516,9038,14022,jpeg,0.04955291748046875
1778636209.9153018,456.6928598880768,9039,14018,jpeg,0.050520896911621094
1778636209.9679606,456.7455186843872,9040,14027,jpeg,0.052658796310424805
1778636210.0161788,456.79373693466187,9041,13986,jpeg,0.0482182502746582
1778636210.0635843,456.84114241600037,9042,14012,jpeg,0.04740548133850098
1778636210.1184566,456.89601469039917,9043,14034,jpeg,0.05487227439880371
1778636210.1644988,456.94205689430237,9044,13998,jpeg,0.04604220390319824
1778636210.2119174,456.9894754886627,9045,14022,jpeg,0.04741859436035156
1778636210.2695544,457.0471124649048,9046,13983,jpeg,0.05763697624206543
1778636210.3145761,457.09213423728943,9047,14011,jpeg,0.045021772384643555
1778636210.362126,457.13968420028687,9048,13998,jpeg,0.04754996299743652
1778636210.4170945,457.19465255737305,9049,14005,jpeg,0.05496835708618164
1778636210.4643357,457.24189376831055,9050,14008,jpeg,0.0472412109375
1778636210.5237653,457.3013234138489,9051,13994,jpeg,0.05942964553833008
1778636210.565723,457.3432810306549,9052,14007,jpeg,0.04195761680603027
1778636210.6121235,457.3896815776825,9053,14007,jpeg,0.04640054702758789
1778636210.664335,457.4418931007385,9054,13994,jpeg,0.05221152305603027
1778636210.7136261,457.49118423461914,9055,14025,jpeg,0.049291133880615234
1778636210.7681994,457.54575753211975,9056,14018,jpeg,0.05457329750061035
1778636210.813378,457.59093618392944,9057,14033,jpeg,0.04517865180969238
1778636210.8726501,457.650208234787,9058,14011,jpeg,0.059272050857543945
1778636210.9122834,457.68984150886536,9059,14013,jpeg,0.03963327407836914
1778636210.9632895,457.74084758758545,9060,13993,jpeg,0.05100607872009277
1778636211.0146468,457.79220485687256,9061,14001,jpeg,0.051357269287109375
1778636211.0628328,457.84039092063904,9062,14013,jpeg,0.04818606376647949
1778636211.1131227,457.8906807899475,9063,13985,jpeg,0.05028986930847168
1778636211.1713347,457.94889283180237,9064,13998,jpeg,0.0582120418548584
1778636211.2141488,457.99170684814453,9065,14014,jpeg,0.042814016342163086
1778636211.2626448,458.04020285606384,9066,14057,jpeg,0.04849600791931152
1778636211.314882,458.0924401283264,9067,14031,jpeg,0.05223727226257324
1778636211.3635128,458.1410708427429,9068,14002,jpeg,0.048630714416503906
1778636211.4111855,458.1887435913086,9069,13991,jpeg,0.04767274856567383
1778636211.4636421,458.24120020866394,9070,14006,jpeg,0.05245661735534668
1778636211.5127463,458.29030442237854,9071,14015,jpeg,0.04910421371459961
1778636211.5614629,458.3390209674835,9072,14039,jpeg,0.04871654510498047
1778636211.6180122,458.3955702781677,9073,13992,jpeg,0.0565493106842041
1778636211.6631687,458.44072675704956,9074,14033,jpeg,0.04515647888183594
1778636211.7116783,458.4892363548279,9075,14009,jpeg,0.04850959777832031
1778636211.7671733,458.5447313785553,9076,14001,jpeg,0.05549502372741699
1778636211.8132749,458.5908329486847,9077,14024,jpeg,0.04610157012939453
1778636211.8622978,458.6398558616638,9078,14018,jpeg,0.04902291297912598
1778636211.9170372,458.69459533691406,9079,14010,jpeg,0.05473947525024414
1778636211.962686,458.74024415016174,9080,14012,jpeg,0.045648813247680664
1778636212.013035,458.79059314727783,9081,14019,jpeg,0.05034899711608887
1778636212.0678341,458.84539222717285,9082,14010,jpeg,0.05479907989501953
1778636212.112489,458.89004707336426,9083,13992,jpeg,0.04465484619140625
1778636212.1636958,458.94125390052795,9084,13993,jpeg,0.05120682716369629
1778636212.2151139,458.99267196655273,9085,14011,jpeg,0.05141806602478027
1778636212.26168,459.0392379760742,9086,13989,jpeg,0.046566009521484375
1778636212.3135197,459.09107780456543,9087,14018,jpeg,0.05183982849121094
1778636212.3700416,459.14759969711304,9088,14016,jpeg,0.05652189254760742
1778636212.4132311,459.1907892227173,9089,14020,jpeg,0.04318952560424805
1778636212.4649243,459.24248242378235,9090,14007,jpeg,0.05169320106506348
1778636212.5147583,459.2923164367676,9091,14011,jpeg,0.04983401298522949
1778636212.5642354,459.3417935371399,9092,13961,jpeg,0.04947710037231445
1778636212.6144762,459.39203429222107,9093,13563,jpeg,0.05024075508117676
1778636212.6689482,459.44650626182556,9094,14180,jpeg,0.05447196960449219
1778636212.7139752,459.49153327941895,9095,14179,jpeg,0.04502701759338379
1778636212.7639728,459.54153084754944,9096,14206,jpeg,0.049997568130493164
1778636212.8146038,459.5921618938446,9097,14215,jpeg,0.050631046295166016
1778636212.8651524,459.6427104473114,9098,14243,jpeg,0.050548553466796875
1778636212.9173481,459.6949062347412,9099,14233,jpeg,0.05219578742980957
1778636212.9679286,459.7454867362976,9100,14240,jpeg,0.050580501556396484
1778636213.013411,459.7909691333771,9101,14215,jpeg,0.04548239707946777
1778636213.0657156,459.84327363967896,9102,14225,jpeg,0.05230450630187988
1778636213.1143677,459.8919258117676,9103,14251,jpeg,0.04865217208862305
1778636213.1617563,459.93931436538696,9104,14250,jpeg,0.047388553619384766
1778636213.2146637,459.9922218322754,9105,14282,jpeg,0.052907466888427734
1778636213.2648504,460.0424084663391,9106,14249,jpeg,0.0501866340637207
1778636213.3117006,460.0892586708069,9107,14259,jpeg,0.04685020446777344
1778636213.3642082,460.14176630973816,9108,14254,jpeg,0.052507638931274414
1778636213.4161017,460.19365978240967,9109,14243,jpeg,0.05189347267150879
1778636213.4610598,460.2386178970337,9110,14271,jpeg,0.04495811462402344
1778636213.5136294,460.29118752479553,9111,14245,jpeg,0.05256962776184082
1778636213.564757,460.34231519699097,9112,14240,jpeg,0.05112767219543457
1778636213.6127326,460.3902907371521,9113,14261,jpeg,0.04797554016113281
1778636213.6649966,460.44255471229553,9114,14255,jpeg,0.05226397514343262
1778636213.715942,460.49349999427795,9115,14257,jpeg,0.050945281982421875
1778636213.7618175,460.53937554359436,9116,14272,jpeg,0.04587554931640625
1778636213.8133125,460.5908706188202,9117,14281,jpeg,0.05149507522583008
1778636213.8655167,460.64307475090027,9118,14261,jpeg,0.052204132080078125
1778636213.9115472,460.6891052722931,9119,14018,jpeg,0.046030521392822266
1778636213.9649038,460.74246191978455,9120,14214,jpeg,0.05335664749145508
1778636214.0167341,460.7942922115326,9121,14221,jpeg,0.051830291748046875
1778636214.0615594,460.83911752700806,9122,14209,jpeg,0.04482531547546387
1778636214.112665,460.89022302627563,9123,14222,jpeg,0.051105499267578125
1778636214.16701,460.94456815719604,9124,14245,jpeg,0.054345130920410156
1778636214.2126808,460.990238904953,9125,14250,jpeg,0.04567074775695801
1778636214.2636776,461.0412356853485,9126,14240,jpeg,0.05099678039550781
1778636214.3165026,461.09406065940857,9127,14242,jpeg,0.052824974060058594
1778636214.3620467,461.1396048069,9128,14238,jpeg,0.04554414749145508
1778636214.4123735,461.18993163108826,9129,14236,jpeg,0.05032682418823242
1778636214.4673383,461.24489641189575,9130,14248,jpeg,0.05496478080749512
1778636214.5118396,461.2893977165222,9131,14248,jpeg,0.044501304626464844
1778636214.5614107,461.3389687538147,9132,14231,jpeg,0.04957103729248047
1778636214.6152365,461.3927946090698,9133,14261,jpeg,0.05382585525512695
1778636214.6638007,461.44135880470276,9134,14233,jpeg,0.04856419563293457
1778636214.7149913,461.4925494194031,9135,14246,jpeg,0.05119061470031738
1778636214.7682042,461.54576230049133,9136,14243,jpeg,0.053212881088256836
1778636214.8137472,461.5913052558899,9137,14233,jpeg,0.04554295539855957
1778636214.8639865,461.6415445804596,9138,14251,jpeg,0.05023932456970215
1778636214.9142144,461.6917724609375,9139,14258,jpeg,0.05022788047790527
1778636214.9666705,461.7442286014557,9140,14245,jpeg,0.05245614051818848
1778636215.0138733,461.79143142700195,9141,14251,jpeg,0.04720282554626465
1778636215.068154,461.845712184906,9142,14234,jpeg,0.054280757904052734
1778636215.1176171,461.89517521858215,9143,14072,jpeg,0.04946303367614746
1778636215.162359,461.93991708755493,9144,14131,jpeg,0.04474186897277832
1778636215.2142203,461.99177837371826,9145,14174,jpeg,0.05186128616333008
1778636215.2615583,462.0391163825989,9146,14166,jpeg,0.047338008880615234
1778636215.3121154,462.0896735191345,9147,14139,jpeg,0.05055713653564453
1778636215.3680477,462.145605802536,9148,14166,jpeg,0.05593228340148926
1778636215.4145472,462.1921052932739,9149,14179,jpeg,0.04649949073791504
1778636215.4646995,462.24225759506226,9150,14167,jpeg,0.05015230178833008
1778636215.5168211,462.29437923431396,9151,14153,jpeg,0.052121639251708984
1778636215.564233,462.3417911529541,9152,14152,jpeg,0.04741191864013672
1778636215.6155758,462.3931338787079,9153,14165,jpeg,0.05134272575378418
1778636215.6647215,462.44227957725525,9154,14130,jpeg,0.04914569854736328
1778636215.7130969,462.49065494537354,9155,14144,jpeg,0.04837536811828613
1778636215.7636805,462.54123854637146,9156,14167,jpeg,0.050583600997924805
1778636215.8132515,462.59080958366394,9157,14155,jpeg,0.04957103729248047
1778636215.8644915,462.64204955101013,9158,14169,jpeg,0.051239967346191406
1778636215.9125626,462.6901206970215,9159,14133,jpeg,0.04807114601135254
1778636215.9789367,462.7564947605133,9160,14154,jpeg,0.06637406349182129
1778636216.0123477,462.7899057865143,9161,14139,jpeg,0.03341102600097656
1778636216.061446,462.8390040397644,9162,14162,jpeg,0.04909825325012207
1778636216.1145124,462.8920705318451,9163,14161,jpeg,0.05306649208068848
1778636216.1693933,462.94695138931274,9164,14177,jpeg,0.05488085746765137
1778636216.2162554,462.9938135147095,9165,14166,jpeg,0.046862125396728516
1778636216.263682,463.04123997688293,9166,14166,jpeg,0.047426462173461914
1778636216.3110554,463.08861351013184,9167,14144,jpeg,0.04737353324890137
1778636216.3657155,463.14327359199524,9168,14177,jpeg,0.05466008186340332
1778636216.4132469,463.1908049583435,9169,14138,jpeg,0.0475313663482666
1778636216.466462,463.244019985199,9170,14151,jpeg,0.05321502685546875
1778636216.5107224,463.28828048706055,9171,14147,jpeg,0.044260501861572266
1778636216.5671144,463.34467244148254,9172,14181,jpeg,0.05639195442199707
1778636216.611127,463.38868498802185,9173,14132,jpeg,0.04401254653930664
1778636216.661224,463.43878197669983,9174,14159,jpeg,0.050096988677978516
1778636216.715852,463.49341011047363,9175,14168,jpeg,0.05462813377380371
1778636216.765188,463.5427460670471,9176,14156,jpeg,0.04933595657348633
1778636216.8196418,463.5971999168396,9177,14183,jpeg,0.05445384979248047
1778636216.8673632,463.6449213027954,9178,14158,jpeg,0.04772138595581055
1778636216.9128413,463.69039940834045,9179,14147,jpeg,0.045478105545043945
1778636216.961543,463.73910117149353,9180,14131,jpeg,0.04870176315307617
1778636217.0173445,463.7949025630951,9181,14197,jpeg,0.0558013916015625
1778636217.06622,463.84377813339233,9182,14152,jpeg,0.04887557029724121
1778636217.11379,463.8913481235504,9183,14167,jpeg,0.047569990158081055
1778636217.1670144,463.94457244873047,9184,14143,jpeg,0.05322432518005371
1778636217.2105424,463.98810052871704,9185,14141,jpeg,0.043528079986572266
1778636217.2638977,464.041455745697,9186,14159,jpeg,0.05335521697998047
1778636217.3161962,464.0937542915344,9187,14149,jpeg,0.052298545837402344
1778636217.3605506,464.13810873031616,9188,14128,jpeg,0.04435443878173828
1778636217.4121916,464.1897497177124,9189,14156,jpeg,0.051640987396240234
1778636217.4641604,464.2417185306549,9190,14165,jpeg,0.05196881294250488
1778636217.510665,464.288223028183,9191,14146,jpeg,0.04650449752807617
1778636217.5610452,464.33860325813293,9192,14151,jpeg,0.05038022994995117
1778636217.61629,464.3938481807709,9193,14171,jpeg,0.05524492263793945
1778636217.660507,464.43806505203247,9194,14152,jpeg,0.04421687126159668
1778636217.7104537,464.4880118370056,9195,14168,jpeg,0.04994678497314453
1778636217.7645566,464.54211473464966,9196,14170,jpeg,0.05410289764404297
1778636217.8097515,464.58730959892273,9197,14149,jpeg,0.04519486427307129
1778636217.862859,464.640417098999,9198,14143,jpeg,0.053107500076293945
1778636217.9118116,464.6893696784973,9199,14144,jpeg,0.048952579498291016
1778636217.9604375,464.73799562454224,9200,14135,jpeg,0.048625946044921875
1778636218.0117726,464.7893307209015,9201,14151,jpeg,0.05133509635925293
1778636218.0637636,464.84132170677185,9202,14159,jpeg,0.05199098587036133
1778636218.110442,464.8880000114441,9203,14159,jpeg,0.04667830467224121
1778636218.1617966,464.93935465812683,9204,14150,jpeg,0.05135464668273926
1778636218.21344,464.99099802970886,9205,14160,jpeg,0.05164337158203125
1778636218.263381,465.0409390926361,9206,14165,jpeg,0.049941062927246094
1778636218.3118453,465.0894033908844,9207,14178,jpeg,0.048464298248291016
1778636218.3694599,465.14701795578003,9208,14165,jpeg,0.05761456489562988
1778636218.412996,465.1905541419983,9209,14171,jpeg,0.04353618621826172
1778636218.4602911,465.23784923553467,9210,14178,jpeg,0.04729509353637695
1778636218.5192246,465.2967827320099,9211,14150,jpeg,0.05893349647521973
1778636218.5616744,465.3392324447632,9212,14139,jpeg,0.0424497127532959
1778636218.6110766,465.38863468170166,9213,14171,jpeg,0.04940223693847656
1778636218.662028,465.43958616256714,9214,14161,jpeg,0.050951480865478516
1778636218.7114553,465.4890134334564,9215,14174,jpeg,0.04942727088928223
1778636218.7612312,465.53878927230835,9216,14149,jpeg,0.04977583885192871
1778636218.813682,465.5912401676178,9217,14155,jpeg,0.05245089530944824
1778636218.8608282,465.63838624954224,9218,14160,jpeg,0.04714608192443848
1778636218.9134758,465.69103384017944,9219,14156,jpeg,0.05264759063720703
1778636218.9633126,465.7408707141876,9220,14160,jpeg,0.04983687400817871
1778636219.0103564,465.7879145145416,9221,14173,jpeg,0.047043800354003906
1778636219.0649014,465.8424594402313,9222,14157,jpeg,0.054544925689697266
1778636219.1161113,465.89366936683655,9223,14153,jpeg,0.05120992660522461
1778636219.1632605,465.9408185482025,9224,14161,jpeg,0.0471491813659668
1778636219.2125623,465.9901204109192,9225,14129,jpeg,0.049301862716674805
1778636219.269459,466.04701709747314,9226,14152,jpeg,0.05689668655395508
1778636219.3133454,466.0909035205841,9227,14120,jpeg,0.043886423110961914
1778636219.3620875,466.13964557647705,9228,14163,jpeg,0.048742055892944336
1778636219.4151518,466.1927099227905,9229,14122,jpeg,0.05306434631347656
1778636219.461602,466.23916006088257,9230,14182,jpeg,0.046450138092041016
1778636219.5108588,466.2884168624878,9231,14163,jpeg,0.04925680160522461
1778636219.5643759,466.341933965683,9232,14121,jpeg,0.05351710319519043
1778636219.6109924,466.38855051994324,9233,14146,jpeg,0.046616554260253906
1778636219.66103,466.438588142395,9234,14145,jpeg,0.05003762245178223
1778636219.7127442,466.49030232429504,9235,14122,jpeg,0.051714181900024414
1778636219.760171,466.5377290248871,9236,14121,jpeg,0.047426700592041016
1778636219.8107176,466.58827567100525,9237,14115,jpeg,0.05054664611816406
1778636219.8650503,466.64260840415955,9238,14142,jpeg,0.054332733154296875
1778636219.9114227,466.6889808177948,9239,14144,jpeg,0.046372413635253906
1778636219.9652693,466.7428274154663,9240,14155,jpeg,0.05384659767150879
1778636220.0137484,466.7913064956665,9241,14134,jpeg,0.04847908020019531
1778636220.0621698,466.83972787857056,9242,14129,jpeg,0.048421382904052734
1778636220.1119096,466.88946771621704,9243,14133,jpeg,0.049739837646484375
1778636220.167051,466.94460916519165,9244,14140,jpeg,0.055141448974609375
1778636220.2119365,466.98949456214905,9245,14138,jpeg,0.04488539695739746
1778636220.2620108,467.039568901062,9246,14137,jpeg,0.05007433891296387
1778636220.312914,467.09047198295593,9247,14128,jpeg,0.0509030818939209
1778636220.3611116,467.1386697292328,9248,14127,jpeg,0.04819774627685547
1778636220.4175036,467.1950616836548,9249,14162,jpeg,0.05639195442199707
1778636220.466245,467.243803024292,9250,14148,jpeg,0.04874134063720703
1778636220.5106962,467.28825426101685,9251,14113,jpeg,0.044451236724853516
1778636220.5618172,467.33937525749207,9252,14142,jpeg,0.05112099647521973
1778636220.61278,467.39033818244934,9253,14129,jpeg,0.05096292495727539
1778636220.6591024,467.436660528183,9254,14161,jpeg,0.04632234573364258
1778636220.7115784,467.48913645744324,9255,14144,jpeg,0.052475929260253906
1778636220.7675872,467.5451452732086,9256,14155,jpeg,0.05600881576538086
1778636220.8099248,467.58748292922974,9257,14145,jpeg,0.042337656021118164
1778636220.8612788,467.63883686065674,9258,14137,jpeg,0.05135393142700195
1778636220.9125566,467.690114736557,9259,14165,jpeg,0.051277875900268555
1778636220.9624135,467.73997163772583,9260,14145,jpeg,0.04985690116882324
1778636221.0108035,467.78836154937744,9261,14111,jpeg,0.04838991165161133
1778636221.0673273,467.8448853492737,9262,14122,jpeg,0.056523799896240234
1778636221.1119065,467.8894646167755,9263,14123,jpeg,0.044579267501831055
1778636221.166449,467.9440071582794,9264,14102,jpeg,0.05454254150390625
1778636221.2157197,467.99327778816223,9265,14094,jpeg,0.0492706298828125
1778636221.2601738,468.03773188591003,9266,14121,jpeg,0.044454097747802734
1778636221.311125,468.08868312835693,9267,14135,jpeg,0.050951242446899414
1778636221.3619266,468.13948464393616,9268,14138,jpeg,0.05080151557922363
1778636221.4096866,468.1872446537018,9269,14116,jpeg,0.047760009765625
1778636221.4609182,468.2384762763977,9270,14130,jpeg,0.05123162269592285
1778636221.5171037,468.2946617603302,9271,14116,jpeg,0.05618548393249512
1778636221.5592113,468.3367693424225,9272,14140,jpeg,0.042107582092285156
1778636221.6112776,468.38883566856384,9273,14128,jpeg,0.05206632614135742
1778636221.662007,468.4395651817322,9274,14143,jpeg,0.05072951316833496
1778636221.7096608,468.4872188568115,9275,14129,jpeg,0.0476536750793457
1778636221.7609518,468.53850984573364,9276,14110,jpeg,0.05129098892211914
1778636221.8106225,468.5881805419922,9277,14124,jpeg,0.04967069625854492
1778636221.8591204,468.63667845726013,9278,14120,jpeg,0.048497915267944336
1778636221.9108615,468.6884195804596,9279,14120,jpeg,0.05174112319946289
1778636221.9626415,468.74019956588745,9280,14129,jpeg,0.051779985427856445
1778636222.0109017,468.78845977783203,9281,14125,jpeg,0.04826021194458008
1778636222.0608387,468.83839678764343,9282,14118,jpeg,0.04993700981140137
1778636222.110495,468.88805317878723,9283,14146,jpeg,0.04965639114379883
1778636222.1602533,468.9378113746643,9284,14127,jpeg,0.049758195877075195
1778636222.2113495,468.9889075756073,9285,14138,jpeg,0.051096200942993164
1778636222.2615323,469.03909039497375,9286,14154,jpeg,0.05018281936645508
1778636222.309362,469.0869200229645,9287,14146,jpeg,0.047829627990722656
1778636222.362407,469.13996505737305,9288,14142,jpeg,0.053045034408569336
1778636222.4114718,469.1890299320221,9289,14145,jpeg,0.04906487464904785
1778636222.4624033,469.23996138572693,9290,14151,jpeg,0.050931453704833984
1778636222.5146196,469.29217767715454,9291,14132,jpeg,0.052216291427612305
1778636222.5613728,469.3389308452606,9292,14142,jpeg,0.0467531681060791
1778636222.6120074,469.3895654678345,9293,14141,jpeg,0.05063462257385254
1778636222.6595762,469.43713426589966,9294,14127,jpeg,0.04756879806518555
1778636222.7134807,469.4910387992859,9295,14108,jpeg,0.05390453338623047
1778636222.761299,469.5388569831848,9296,14152,jpeg,0.04781818389892578
1778636222.8146975,469.5922555923462,9297,14145,jpeg,0.05339860916137695
1778636222.864391,469.64194917678833,9298,14154,jpeg,0.04969358444213867
1778636222.9116824,469.68924045562744,9299,14141,jpeg,0.04729127883911133
1778636222.9588225,469.7363805770874,9300,14146,jpeg,0.04714012145996094
1778636223.0161743,469.79373240470886,9301,14144,jpeg,0.05735182762145996
1778636223.0597522,469.83731031417847,9302,14128,jpeg,0.04357790946960449
1778636223.1121347,469.8896927833557,9303,14130,jpeg,0.052382469177246094
1778636223.1677892,469.94534730911255,9304,14109,jpeg,0.05565452575683594
1778636223.209842,469.98740005493164,9305,14116,jpeg,0.0420527458190918
1778636223.26161,470.03916811943054,9306,14127,jpeg,0.05176806449890137
1778636223.310796,470.0883541107178,9307,14104,jpeg,0.049185991287231445
1778636223.3623462,470.1399042606354,9308,14099,jpeg,0.05155014991760254
1778636223.4107788,470.18833684921265,9309,14148,jpeg,0.04843258857727051
1778636223.46453,470.2420880794525,9310,14115,jpeg,0.053751230239868164
1778636223.5112195,470.288777589798,9311,14114,jpeg,0.046689510345458984
1778636223.5615199,470.3390779495239,9312,14113,jpeg,0.05030035972595215
1778636223.615883,470.39344120025635,9313,14144,jpeg,0.054363250732421875
1778636223.6610394,470.4385974407196,9314,14126,jpeg,0.045156240463256836
1778636223.7109532,470.48851132392883,9315,14133,jpeg,0.049913883209228516
1778636223.7614102,470.53896832466125,9316,14144,jpeg,0.050457000732421875
1778636223.8096323,470.5871903896332,9317,14110,jpeg,0.04822206497192383
1778636223.8607783,470.6383364200592,9318,14145,jpeg,0.05114603042602539
1778636223.9113932,470.688951253891,9319,14133,jpeg,0.05061483383178711
1778636223.958909,470.7364671230316,9320,14133,jpeg,0.047515869140625
1778636224.012155,470.78971314430237,9321,14117,jpeg,0.05324602127075195
1778636224.0647824,470.84234046936035,9322,14119,jpeg,0.0526273250579834
1778636224.1094413,470.8869993686676,9323,14113,jpeg,0.04465889930725098
1778636224.1617558,470.9393138885498,9324,14126,jpeg,0.05231451988220215
1778636224.2106159,470.9881739616394,9325,14113,jpeg,0.04886007308959961
1778636224.2591326,471.0366907119751,9326,14126,jpeg,0.04851675033569336
1778636224.3105218,471.0880799293518,9327,14115,jpeg,0.051389217376708984
1778636224.3612142,471.1387722492218,9328,14143,jpeg,0.05069231986999512
1778636224.4094315,471.18698954582214,9329,14132,jpeg,0.0482172966003418
1778636224.4595888,471.23714685440063,9330,14119,jpeg,0.05015730857849121
1778636224.5104945,471.2880525588989,9331,14117,jpeg,0.050905704498291016
1778636224.5592446,471.33680272102356,9332,14130,jpeg,0.04875016212463379
1778636224.6092076,471.3867657184601,9333,14115,jpeg,0.04996299743652344
1778636224.6680856,471.4456436634064,9334,14095,jpeg,0.05887794494628906
1778636224.7094355,471.4869935512543,9335,14101,jpeg,0.04134988784790039
1778636224.7612636,471.5388216972351,9336,14121,jpeg,0.05182814598083496
1778636224.8104012,471.5879592895508,9337,14133,jpeg,0.04913759231567383
1778636224.859125,471.63668298721313,9338,14124,jpeg,0.048723697662353516
1778636224.910796,471.68835401535034,9339,14114,jpeg,0.05167102813720703
1778636224.966132,471.7436900138855,9340,14106,jpeg,0.05533599853515625
1778636225.0115478,471.7891058921814,9341,14105,jpeg,0.04541587829589844
1778636225.0604708,471.8380289077759,9342,14123,jpeg,0.04892301559448242
1778636225.1114676,471.8890256881714,9343,14126,jpeg,0.05099678039550781
1778636225.16081,471.9383680820465,9344,14123,jpeg,0.04934239387512207
1778636225.2105377,471.98809576034546,9345,14130,jpeg,0.049727678298950195
1778636225.2635915,472.04114961624146,9346,14111,jpeg,0.053053855895996094
1778636225.3099563,472.0875144004822,9347,14123,jpeg,0.046364784240722656
1778636225.360476,472.1380341053009,9348,14109,jpeg,0.050519704818725586
1778636225.4120681,472.1896262168884,9349,14124,jpeg,0.051592111587524414
1778636225.4600494,472.23760747909546,9350,14115,jpeg,0.04798126220703125
1778636225.5148134,472.29237151145935,9351,14125,jpeg,0.0547640323638916
1778636225.5637233,472.341281414032,9352,14140,jpeg,0.048909902572631836
1778636225.609169,472.38672709465027,9353,14154,jpeg,0.04544568061828613
1778636225.6601777,472.43773579597473,9354,14150,jpeg,0.05100870132446289
1778636225.7193744,472.4969325065613,9355,14165,jpeg,0.05919671058654785
1778636225.7602108,472.5377688407898,9356,14143,jpeg,0.040836334228515625
1778636225.8103323,472.5878903865814,9357,14164,jpeg,0.05012154579162598
1778636225.8604145,472.6379725933075,9358,14169,jpeg,0.05008220672607422
1778636225.9090304,472.6865885257721,9359,14191,jpeg,0.04861593246459961
1778636225.9610012,472.73855924606323,9360,14155,jpeg,0.051970720291137695
1778636226.0126824,472.79024052619934,9361,14146,jpeg,0.0516812801361084
1778636226.068485,472.8460431098938,9362,14171,jpeg,0.05580258369445801
1778636226.1102757,472.88783383369446,9363,14164,jpeg,0.04179072380065918
1778636226.1612542,472.9388122558594,9364,14166,jpeg,0.05097842216491699
1778636226.20973,472.98728799819946,9365,14162,jpeg,0.04847574234008789
1778636226.2597935,473.03735160827637,9366,14171,jpeg,0.0500636100769043
1778636226.3119981,473.0895562171936,9367,14153,jpeg,0.05220460891723633
1778636226.3610682,473.1386263370514,9368,14151,jpeg,0.049070119857788086
1778636226.410156,473.18771409988403,9369,14165,jpeg,0.0490877628326416
1778636226.4684741,473.2460322380066,9370,14164,jpeg,0.058318138122558594
1778636226.5121062,473.28966426849365,9371,14165,jpeg,0.04363203048706055
1778636226.559902,473.33746004104614,9372,14169,jpeg,0.047795772552490234
1778636226.6142144,473.3917725086212,9373,14160,jpeg,0.05431246757507324
1778636226.660557,473.4381151199341,9374,14165,jpeg,0.04634261131286621
1778636226.7168226,473.49438071250916,9375,14168,jpeg,0.05626559257507324
1778636226.7662253,473.5437834262848,9376,14142,jpeg,0.049402713775634766
1778636226.8108578,473.58841586112976,9377,14178,jpeg,0.0446324348449707
1778636226.8618085,473.6393666267395,9378,14155,jpeg,0.05095076560974121
1778636226.9217956,473.69935369491577,9379,14160,jpeg,0.05998706817626953
1778636226.9603567,473.7379148006439,9380,14154,jpeg,0.038561105728149414
1778636227.0147862,473.79234433174133,9381,14167,jpeg,0.05442953109741211
1778636227.060971,473.83852910995483,9382,14174,jpeg,0.04618477821350098
1778636227.11158,473.88913798332214,9383,14158,jpeg,0.05060887336730957
1778636227.1601,473.93765807151794,9384,14155,jpeg,0.04852008819580078
1778636227.2111866,473.9887447357178,9385,14167,jpeg,0.0510866641998291
1778636227.2613041,474.03886222839355,9386,14145,jpeg,0.05011749267578125
1778636227.3111832,474.08874130249023,9387,14143,jpeg,0.04987907409667969
1778636227.3613973,474.13895535469055,9388,14161,jpeg,0.05021405220031738
1778636227.4129965,474.19055461883545,9389,14145,jpeg,0.05159926414489746
1778636227.4596589,474.2372169494629,9390,14159,jpeg,0.046662330627441406
1778636227.5153606,474.2929186820984,9391,14129,jpeg,0.05570173263549805
1778636227.563592,474.3411500453949,9392,14129,jpeg,0.04823136329650879
1778636227.6085632,474.38612127304077,9393,14151,jpeg,0.04497122764587402
1778636227.6700811,474.44763922691345,9394,14138,jpeg,0.061517953872680664
1778636227.7102969,474.48785495758057,9395,14154,jpeg,0.04021573066711426
1778636227.7577603,474.5353183746338,9396,14162,jpeg,0.047463417053222656
1778636227.8092942,474.586852312088,9397,14192,jpeg,0.05153393745422363
1778636227.8629253,474.640483379364,9398,14156,jpeg,0.05363106727600098
1778636227.9098191,474.68737721443176,9399,14171,jpeg,0.04689383506774902
1778636227.9598713,474.73742938041687,9400,14136,jpeg,0.05005216598510742
1778636228.007693,474.7852511405945,9401,14157,jpeg,0.047821760177612305
1778636228.058969,474.8365271091461,9402,14152,jpeg,0.05127596855163574
1778636228.110619,474.88817715644836,9403,14154,jpeg,0.051650047302246094
1778636228.1577404,474.9352984428406,9404,14139,jpeg,0.047121286392211914
1778636228.2085392,474.98609733581543,9405,14165,jpeg,0.050798892974853516
1778636228.2597325,475.0372905731201,9406,14198,jpeg,0.0511932373046875
1778636228.3078864,475.0854444503784,9407,14175,jpeg,0.04815387725830078
1778636228.3580685,475.13562655448914,9408,14149,jpeg,0.05018210411071777
1778636228.4100852,475.18764328956604,9409,14168,jpeg,0.0520167350769043
1778636228.4579105,475.23546862602234,9410,14161,jpeg,0.04782533645629883
1778636228.5079017,475.2854597568512,9411,14144,jpeg,0.04999113082885742
1778636228.5596604,475.3372185230255,9412,14169,jpeg,0.051758766174316406
1778636228.609165,475.3867230415344,9413,14188,jpeg,0.04950451850891113
1778636228.6603236,475.43788170814514,9414,14160,jpeg,0.05115866661071777
1778636228.7114854,475.4890434741974,9415,14183,jpeg,0.051161766052246094
1778636228.7591069,475.53666496276855,9416,14186,jpeg,0.04762148857116699
1778636228.8115287,475.58908677101135,9417,14175,jpeg,0.05242180824279785
1778636228.860776,475.6383340358734,9418,14158,jpeg,0.04924726486206055
1778636228.9098053,475.6873633861542,9419,14155,jpeg,0.04902935028076172
1778636228.9630733,475.7406313419342,9420,14138,jpeg,0.0532679557800293
1778636229.0094724,475.7870304584503,9421,14169,jpeg,0.04639911651611328
1778636229.0634139,475.8409719467163,9422,14143,jpeg,0.05394148826599121
1778636229.1122546,475.889812707901,9423,14157,jpeg,0.04884076118469238
1778636229.1658297,475.9433877468109,9424,14168,jpeg,0.05357503890991211
1778636229.2081816,475.9857397079468,9425,14153,jpeg,0.04235196113586426
1778636229.257925,476.03548312187195,9426,14152,jpeg,0.0497434139251709
1778636229.309221,476.08677911758423,9427,14161,jpeg,0.05129599571228027
1778636229.3588183,476.1363763809204,9428,14162,jpeg,0.04959726333618164
1778636229.408443,476.1860010623932,9429,14200,jpeg,0.04962468147277832
1778636229.4618402,476.2393982410431,9430,14180,jpeg,0.053397178649902344
1778636229.5094066,476.2869646549225,9431,14153,jpeg,0.04756641387939453
1778636229.5569093,476.33446741104126,9432,14154,jpeg,0.047502756118774414
1778636229.6104178,476.3879759311676,9433,14143,jpeg,0.05350852012634277
1778636229.6568303,476.43438839912415,9434,14133,jpeg,0.04641246795654297
1778636229.7124982,476.4900562763214,9435,14164,jpeg,0.055667877197265625
1778636229.7619052,476.53946328163147,9436,14160,jpeg,0.049407005310058594
1778636229.8141584,476.59171652793884,9437,14142,jpeg,0.05225324630737305
1778636229.8585393,476.63609743118286,9438,14183,jpeg,0.044380903244018555
1778636229.9130998,476.6906578540802,9439,14156,jpeg,0.05456042289733887
1778636229.9593332,476.73689126968384,9440,14164,jpeg,0.046233415603637695
1778636230.006768,476.78432607650757,9441,14194,jpeg,0.04743480682373047
1778636230.078577,476.8561351299286,9442,14186,jpeg,0.07180905342102051
1778636230.1080391,476.8855972290039,9443,14158,jpeg,0.029462099075317383
1778636230.1579752,476.935533285141,9444,14152,jpeg,0.04993605613708496
1778636230.2119184,476.98947644233704,9445,14181,jpeg,0.05394315719604492
1778636230.2651772,477.04273533821106,9446,14159,jpeg,0.05325889587402344
1778636230.3075497,477.0851078033447,9447,14166,jpeg,0.04237246513366699
1778636230.3626647,477.14022278785706,9448,14168,jpeg,0.0551149845123291
1778636230.4089649,477.18652296066284,9449,14154,jpeg,0.04630017280578613
1778636230.4588,477.23635816574097,9450,14166,jpeg,0.049835205078125
1778636230.5123107,477.2898688316345,9451,14189,jpeg,0.05351066589355469
1778636230.558055,477.33561301231384,9452,14128,jpeg,0.04574418067932129
1778636230.6084268,477.3859848976135,9453,14164,jpeg,0.05037188529968262
1778636230.663969,477.4415271282196,9454,14158,jpeg,0.0555422306060791
1778636230.7086573,477.4862153530121,9455,14142,jpeg,0.04468822479248047
1778636230.7588198,477.5363779067993,9456,14163,jpeg,0.050162553787231445
1778636230.814447,477.59200501441956,9457,14183,jpeg,0.05562710762023926
1778636230.8598816,477.6374397277832,9458,14177,jpeg,0.04543471336364746
1778636230.9075658,477.6851239204407,9459,14150,jpeg,0.0476841926574707
1778636230.9663248,477.743882894516,9460,14157,jpeg,0.05875897407531738
1778636231.0109637,477.7885217666626,9461,14161,jpeg,0.044638872146606445
1778636231.065352,477.8429100513458,9462,14138,jpeg,0.05438828468322754
1778636231.112239,477.8897969722748,9463,14158,jpeg,0.04688692092895508
1778636231.1586325,477.9361906051636,9464,14141,jpeg,0.046393632888793945
1778636231.2150352,477.99259328842163,9465,14170,jpeg,0.05640268325805664
1778636231.2617445,478.03930258750916,9466,14168,jpeg,0.046709299087524414
1778636231.3090987,478.08665680885315,9467,14156,jpeg,0.04735422134399414
1778636231.3577027,478.1352608203888,9468,14182,jpeg,0.04860401153564453
1778636231.4127796,478.19033765792847,9469,14171,jpeg,0.05507683753967285
1778636231.4578273,478.23538541793823,9470,14169,jpeg,0.045047760009765625
1778636231.5096128,478.2871708869934,9471,14154,jpeg,0.05178546905517578
1778636231.5620823,478.339640378952,9472,14151,jpeg,0.052469491958618164
1778636231.6075287,478.38508677482605,9473,14165,jpeg,0.04544639587402344
1778636231.6582031,478.4357612133026,9474,14149,jpeg,0.0506744384765625
1778636231.7097526,478.4873106479645,9475,14147,jpeg,0.051549434661865234
1778636231.7607362,478.53829431533813,9476,14181,jpeg,0.05098366737365723
1778636231.8077984,478.58535647392273,9477,14192,jpeg,0.04706215858459473
1778636231.8669302,478.64448833465576,9478,14182,jpeg,0.05913186073303223
1778636231.9095476,478.68710565567017,9479,14182,jpeg,0.0426173210144043
1778636231.9642107,478.7417688369751,9480,14182,jpeg,0.05466318130493164
1778636232.0094497,478.7870078086853,9481,14177,jpeg,0.04523897171020508
1778636232.0584867,478.8360447883606,9482,14186,jpeg,0.04903697967529297
1778636232.1089926,478.88655066490173,9483,14176,jpeg,0.050505876541137695
1778636232.1608517,478.93840980529785,9484,14144,jpeg,0.051859140396118164
1778636232.2087417,478.9862997531891,9485,14175,jpeg,0.04788994789123535
1778636232.2592332,479.0367913246155,9486,14143,jpeg,0.0504915714263916
1778636232.3103957,479.08795380592346,9487,14183,jpeg,0.0511624813079834
1778636232.3588357,479.1363937854767,9488,14163,jpeg,0.048439979553222656
1778636232.4076662,479.1852242946625,9489,14147,jpeg,0.048830509185791016
1778636232.4589849,479.23654294013977,9490,14132,jpeg,0.05131864547729492
1778636232.506804,479.284362077713,9491,14156,jpeg,0.04781913757324219
1778636232.557878,479.33543610572815,9492,14167,jpeg,0.05107402801513672
1778636232.6098614,479.387419462204,9493,14173,jpeg,0.05198335647583008
1778636232.661342,479.4388999938965,9494,14155,jpeg,0.05148053169250488
1778636232.7136378,479.4911959171295,9495,14152,jpeg,0.05229592323303223
1778636232.764665,479.54222297668457,9496,14149,jpeg,0.05102705955505371
1778636232.8098376,479.5873956680298,9497,14154,jpeg,0.045172691345214844
1778636232.8631217,479.6406798362732,9498,14142,jpeg,0.0532841682434082
1778636232.9124134,479.68997144699097,9499,14129,jpeg,0.04929161071777344
1778636232.9608142,479.7383723258972,9500,14170,jpeg,0.04840087890625
1778636233.0133193,479.7908773422241,9501,14159,jpeg,0.0525050163269043
1778636233.062187,479.83974504470825,9502,14155,jpeg,0.04886770248413086
1778636233.1126518,479.8902099132538,9503,14173,jpeg,0.05046486854553223
1778636233.1629636,479.94052171707153,9504,14161,jpeg,0.05031180381774902
1778636233.21093,479.98848819732666,9505,14166,jpeg,0.04796648025512695
1778636233.2653887,480.0429468154907,9506,14174,jpeg,0.0544586181640625
1778636233.30908,480.0866379737854,9507,14199,jpeg,0.043691158294677734
1778636233.3637471,480.1413052082062,9508,14162,jpeg,0.05466723442077637
1778636233.4083092,480.1858673095703,9509,14185,jpeg,0.04456210136413574
1778636233.458261,480.2358191013336,9510,14177,jpeg,0.049951791763305664
1778636233.508285,480.2858431339264,9511,14163,jpeg,0.05002403259277344
1778636233.5577414,480.3352994918823,9512,14163,jpeg,0.04945635795593262
1778636233.607284,480.3848421573639,9513,14171,jpeg,0.04954266548156738
1778636233.6598396,480.43739771842957,9514,14156,jpeg,0.05255556106567383
1778636233.706503,480.4840610027313,9515,14166,jpeg,0.04666328430175781
1778636233.7564669,480.53402495384216,9516,14217,jpeg,0.049963951110839844
1778636233.8088095,480.5863676071167,9517,14180,jpeg,0.05234265327453613
1778636233.8566594,480.63421750068665,9518,14158,jpeg,0.04784989356994629
1778636233.912917,480.69047498703003,9519,14171,jpeg,0.05625748634338379
1778636233.958616,480.7361741065979,9520,14189,jpeg,0.045699119567871094
1778636234.0062203,480.7837784290314,9521,14192,jpeg,0.04760432243347168
1778636234.0589752,480.8365333080292,9522,14187,jpeg,0.052754878997802734
1778636234.1069639,480.88452196121216,9523,14170,jpeg,0.0479886531829834
1778636234.1547937,480.93235182762146,9524,14177,jpeg,0.04782986640930176
1778636234.2053473,480.9829053878784,9525,14167,jpeg,0.05055356025695801
1778636234.2570198,481.0345778465271,9526,14194,jpeg,0.05167245864868164
1778636234.305304,481.08286213874817,9527,14186,jpeg,0.048284292221069336
1778636234.3597624,481.13732051849365,9528,14178,jpeg,0.0544583797454834
1778636234.414961,481.19251918792725,9529,14169,jpeg,0.05519866943359375
1778636234.4566803,481.2342383861542,9530,14167,jpeg,0.04171919822692871
1778636234.5090256,481.2865836620331,9531,14170,jpeg,0.05234527587890625
1778636234.568406,481.3459641933441,9532,14191,jpeg,0.059380531311035156
1778636234.6055014,481.38305950164795,9533,14178,jpeg,0.03709530830383301
1778636234.6576016,481.43515968322754,9534,14171,jpeg,0.052100181579589844
1778636234.707335,481.4848930835724,9535,14183,jpeg,0.04973340034484863
1778636234.7606466,481.5382046699524,9536,14159,jpeg,0.05331158638000488
1778636234.8055527,481.5831108093262,9537,14195,jpeg,0.0449061393737793
1778636234.8642612,481.6418192386627,9538,14178,jpeg,0.05870842933654785
1778636234.9085238,481.6860818862915,9539,14168,jpeg,0.04426264762878418
1778636234.9552512,481.73280930519104,9540,14168,jpeg,0.04672741889953613
1778636235.0077653,481.78532338142395,9541,14175,jpeg,0.052514076232910156
1778636235.0626945,481.84025263786316,9542,14158,jpeg,0.054929256439208984
1778636235.1144006,481.8919587135315,9543,14181,jpeg,0.05170607566833496
1778636235.1610134,481.9385714530945,9544,14177,jpeg,0.04661273956298828
1778636235.2064567,481.984014749527,9545,14185,jpeg,0.04544329643249512
1778636235.2599695,482.03752756118774,9546,14173,jpeg,0.0535128116607666
1778636235.3103616,482.08791971206665,9547,14192,jpeg,0.05039215087890625
1778636235.3569055,482.1344635486603,9548,14182,jpeg,0.04654383659362793
1778636235.4131644,482.19072246551514,9549,14187,jpeg,0.0562589168548584
1778636235.4586864,482.23624444007874,9550,14198,jpeg,0.04552197456359863
1778636235.508113,482.2856709957123,9551,14178,jpeg,0.04942655563354492
1778636235.5563822,482.33394026756287,9552,14203,jpeg,0.04826927185058594
1778636235.6072075,482.384765625,9553,14211,jpeg,0.05082535743713379
1778636235.6578422,482.43540024757385,9554,14210,jpeg,0.05063462257385254
1778636235.7077641,482.48532223701477,9555,14202,jpeg,0.04992198944091797
1778636235.757408,482.5349659919739,9556,14211,jpeg,0.049643754959106445
1778636235.8116066,482.5891647338867,9557,14196,jpeg,0.0541987419128418
1778636235.8592048,482.63676285743713,9558,14220,jpeg,0.04759812355041504
1778636235.9084098,482.6859679222107,9559,14209,jpeg,0.04920506477355957
1778636235.9576757,482.7352337837219,9560,14208,jpeg,0.04926586151123047
1778636236.0090597,482.7866177558899,9561,14221,jpeg,0.05138397216796875
1778636236.0665717,482.8441298007965,9562,14226,jpeg,0.05751204490661621
1778636236.1068301,482.8843882083893,9563,14209,jpeg,0.04025840759277344
1778636236.1575046,482.93506264686584,9564,14202,jpeg,0.0506744384765625
1778636236.2087958,482.98635387420654,9565,14196,jpeg,0.05129122734069824
1778636236.3095021,483.087060213089,9566,14183,jpeg,0.10070633888244629
1778636236.3595877,483.13714575767517,9567,14187,jpeg,0.05008554458618164
1778636236.412537,483.1900951862335,9568,14212,jpeg,0.05294942855834961
1778636236.4560628,483.2336208820343,9569,14201,jpeg,0.04352569580078125
1778636236.5086725,483.28623056411743,9570,14187,jpeg,0.05260968208312988
1778636236.556393,483.3339509963989,9571,14221,jpeg,0.04772043228149414
1778636236.6086001,483.38615822792053,9572,14190,jpeg,0.052207231521606445
1778636236.6598277,483.4373857975006,9573,14198,jpeg,0.051227569580078125
1778636236.706329,483.48388719558716,9574,14198,jpeg,0.04650139808654785
1778636236.7576149,483.53517293930054,9575,14186,jpeg,0.051285743713378906
1778636236.8085797,483.58613777160645,9576,14207,jpeg,0.0509648323059082
1778636236.8561769,483.63373494148254,9577,14194,jpeg,0.04759716987609863
1778636236.9068272,483.6843852996826,9578,14172,jpeg,0.05065035820007324
1778636236.9587739,483.73633193969727,9579,14188,jpeg,0.05194664001464844
1778636237.0060427,483.78360080718994,9580,14211,jpeg,0.04726886749267578
1778636237.058802,483.83635997772217,9581,14188,jpeg,0.05275917053222656
1778636237.109379,483.88693714141846,9582,14195,jpeg,0.05057716369628906
1778636237.15823,483.93578815460205,9583,14189,jpeg,0.04885101318359375
1778636237.210108,483.9876661300659,9584,14190,jpeg,0.05187797546386719
1778636237.2665493,484.0441074371338,9585,14190,jpeg,0.056441307067871094
1778636237.30627,484.0838279724121,9586,14218,jpeg,0.03972053527832031
1778636237.3584573,484.13601541519165,9587,14198,jpeg,0.052187442779541016
1778636237.4149485,484.19250655174255,9588,14207,jpeg,0.05649113655090332
1778636237.4617326,484.2392907142639,9589,14200,jpeg,0.046784162521362305
1778636237.5092642,484.28682231903076,9590,14166,jpeg,0.0475316047668457
1778636237.5651157,484.34267377853394,9591,14187,jpeg,0.05585145950317383
1778636237.6121097,484.3896677494049,9592,14169,jpeg,0.04699397087097168
1778636237.661804,484.4393620491028,9593,14198,jpeg,0.04969429969787598
1778636237.711208,484.4887661933899,9594,14201,jpeg,0.049404144287109375
1778636237.757633,484.53519105911255,9595,14197,jpeg,0.04642486572265625
1778636237.804742,484.5823001861572,9596,14215,jpeg,0.047109127044677734
1778636237.8593512,484.6369092464447,9597,14226,jpeg,0.054609060287475586
1778636237.9058769,484.6834349632263,9598,14200,jpeg,0.04652571678161621
1778636237.9569237,484.73448181152344,9599,14218,jpeg,0.05104684829711914
1778636238.0084698,484.7860279083252,9600,14172,jpeg,0.05154609680175781
1778636238.0555363,484.8330943584442,9601,14191,jpeg,0.047066450119018555
1778636238.111477,484.889034986496,9602,14196,jpeg,0.05594062805175781
1778636238.1594803,484.93703842163086,9603,14188,jpeg,0.048003435134887695
1778636238.2088246,484.9863827228546,9604,14208,jpeg,0.04934430122375488
1778636238.2582893,485.0358474254608,9605,14184,jpeg,0.04946470260620117
1778636238.309435,485.0869929790497,9606,14209,jpeg,0.05114555358886719
1778636238.3567662,485.1343243122101,9607,14149,jpeg,0.04733133316040039
1778636238.4063344,485.1838924884796,9608,14191,jpeg,0.04956817626953125
1778636238.4593315,485.2368896007538,9609,14166,jpeg,0.05299711227416992
1778636238.5104513,485.2880094051361,9610,14180,jpeg,0.05111980438232422
1778636238.5553463,485.33290433883667,9611,14219,jpeg,0.04489493370056152
1778636238.6084018,485.3859598636627,9612,14208,jpeg,0.053055524826049805
1778636238.6563373,485.43389534950256,9613,14170,jpeg,0.04793548583984375
1778636238.706004,485.48356199264526,9614,14214,jpeg,0.049666643142700195
1778636238.7585196,485.5360777378082,9615,14225,jpeg,0.05251574516296387
1778636238.805831,485.583389043808,9616,14187,jpeg,0.04731130599975586
1778636238.8563697,485.63392782211304,9617,14186,jpeg,0.05053877830505371
1778636238.9073534,485.6849114894867,9618,14190,jpeg,0.05098366737365723
1778636238.9560716,485.73362970352173,9619,14179,jpeg,0.04871821403503418
1778636239.005859,485.78341698646545,9620,14187,jpeg,0.049787282943725586
1778636239.0573888,485.83494687080383,9621,14200,jpeg,0.051529884338378906
1778636239.1057405,485.8832986354828,9622,14209,jpeg,0.04835176467895508
1778636239.1553617,485.9329197406769,9623,14209,jpeg,0.0496211051940918
1778636239.211927,485.9894850254059,9624,14206,jpeg,0.056565284729003906
1778636239.256435,486.03399300575256,9625,14182,jpeg,0.04450798034667969
1778636239.3134356,486.090993642807,9626,14189,jpeg,0.05700063705444336
1778636239.361095,486.13865303993225,9627,14191,jpeg,0.04765939712524414
1778636239.4077837,486.185341835022,9628,14197,jpeg,0.04668879508972168
1778636239.4583466,486.2359046936035,9629,14187,jpeg,0.05056285858154297
1778636239.5105138,486.28807187080383,9630,14172,jpeg,0.05216717720031738
1778636239.556736,486.33429408073425,9631,14188,jpeg,0.04622220993041992
1778636239.6100516,486.3876097202301,9632,14185,jpeg,0.05331563949584961
1778636239.6600797,486.4376378059387,9633,14176,jpeg,0.050028085708618164
1778636239.7070894,486.4846475124359,9634,14194,jpeg,0.04700970649719238
1778636239.7604892,486.5380473136902,9635,14194,jpeg,0.05339980125427246
1778636239.8104196,486.5879776477814,9636,14222,jpeg,0.04993033409118652
1778636239.8568108,486.6343688964844,9637,14200,jpeg,0.04639124870300293
1778636239.9064918,486.6840498447418,9638,14183,jpeg,0.04968094825744629
1778636239.9611993,486.73875737190247,9639,14203,jpeg,0.05470752716064453
1778636240.007052,486.7846100330353,9640,14203,jpeg,0.0458526611328125
1778636240.055882,486.8334400653839,9641,14203,jpeg,0.04883003234863281
1778636240.106327,486.8838851451874,9642,14208,jpeg,0.0504450798034668
1778636240.1562393,486.93379735946655,9643,14204,jpeg,0.049912214279174805
1778636240.2059548,486.98351287841797,9644,14165,jpeg,0.049715518951416016
1778636240.2583668,487.035924911499,9645,14184,jpeg,0.05241203308105469
1778636240.3062868,487.0838449001312,9646,14169,jpeg,0.04791998863220215
1778636240.3608346,487.1383926868439,9647,14231,jpeg,0.054547786712646484
1778636240.407531,487.1850891113281,9648,14208,jpeg,0.04669642448425293
1778636240.4555082,487.2330663204193,9649,14182,jpeg,0.04797720909118652
1778636240.5072682,487.2848262786865,9650,14208,jpeg,0.051759958267211914
1778636240.5556717,487.33322978019714,9651,14200,jpeg,0.04840350151062012
1778636240.6058595,487.38341760635376,9652,14202,jpeg,0.05018782615661621
1778636240.6546214,487.43217945098877,9653,14178,jpeg,0.048761844635009766
1778636240.7081034,487.48566150665283,9654,14183,jpeg,0.0534820556640625
1778636240.7581563,487.5357143878937,9655,14209,jpeg,0.05005288124084473
1778636240.8059144,487.58347249031067,9656,14200,jpeg,0.04775810241699219
1778636240.8559625,487.63352060317993,9657,14203,jpeg,0.050048112869262695
1778636240.9060352,487.68359327316284,9658,14202,jpeg,0.050072669982910156
1778636240.9552033,487.73276138305664,9659,14206,jpeg,0.04916810989379883
1778636241.005468,487.7830259799957,9660,14197,jpeg,0.050264596939086914
1778636241.055503,487.83306097984314,9661,14197,jpeg,0.05003499984741211
1778636241.107109,487.88466715812683,9662,14178,jpeg,0.051606178283691406
1778636241.156071,487.9336290359497,9663,14201,jpeg,0.04896187782287598
1778636241.2046618,487.9822199344635,9664,14202,jpeg,0.048590898513793945
1778636241.2617698,488.03932785987854,9665,14175,jpeg,0.05710792541503906
1778636241.3147228,488.0922808647156,9666,14180,jpeg,0.05295300483703613
1778636241.3545437,488.1321017742157,9667,14181,jpeg,0.03982090950012207
1778636241.406269,488.18382716178894,9668,14202,jpeg,0.05172538757324219
1778636241.4601638,488.2377219200134,9669,14200,jpeg,0.053894758224487305
1778636241.5036652,488.28122329711914,9670,14208,jpeg,0.04350137710571289
1778636241.5552368,488.33279490470886,9671,14198,jpeg,0.05157160758972168
1778636241.6060727,488.3836307525635,9672,14168,jpeg,0.05083584785461426
1778636241.6584914,488.43604946136475,9673,14176,jpeg,0.05241870880126953
1778636241.707061,488.484619140625,9674,14169,jpeg,0.048569679260253906
1778636241.7616756,488.5392336845398,9675,14182,jpeg,0.05461454391479492
1778636241.806527,488.5840849876404,9676,14178,jpeg,0.04485130310058594
1778636241.856351,488.6339089870453,9677,14168,jpeg,0.04982399940490723
1778636241.9064398,488.6839978694916,9678,14188,jpeg,0.05008888244628906
1778636241.9557352,488.7332932949066,9679,14171,jpeg,0.04929542541503906
1778636242.008468,488.78602600097656,9680,14189,jpeg,0.05273270606994629
1778636242.0572715,488.8348295688629,9681,14158,jpeg,0.04880356788635254
1778636242.106208,488.8837661743164,9682,14172,jpeg,0.04893660545349121
1778636242.1603065,488.93786454200745,9683,14187,jpeg,0.05409836769104004
1778636242.2074444,488.9850025177002,9684,14198,jpeg,0.04713797569274902
1778636242.257827,489.03538513183594,9685,14163,jpeg,0.05038261413574219
1778636242.3070095,489.0845675468445,9686,14169,jpeg,0.04918241500854492
1778636242.3573904,489.13494849205017,9687,14176,jpeg,0.05038094520568848
1778636242.4101038,489.1876618862152,9688,14187,jpeg,0.05271339416503906
1778636242.4566782,489.23423624038696,9689,14183,jpeg,0.04657435417175293
1778636242.5125308,489.29008889198303,9690,14193,jpeg,0.055852651596069336
1778636242.5552464,489.332804441452,9691,14202,jpeg,0.04271554946899414
1778636242.6059363,489.38349437713623,9692,14184,jpeg,0.0506899356842041
1778636242.6553535,489.4329116344452,9693,14196,jpeg,0.04941725730895996
1778636242.7035317,489.48108983039856,9694,14185,jpeg,0.04817819595336914
1778636242.7567382,489.5342962741852,9695,14211,jpeg,0.053206443786621094
1778636242.8060293,489.5835874080658,9696,14202,jpeg,0.049291133880615234
1778636242.8544173,489.6319754123688,9697,14187,jpeg,0.048388004302978516
1778636242.9082787,489.6858367919922,9698,14209,jpeg,0.053861379623413086
1778636242.966333,489.7438910007477,9699,14184,jpeg,0.058054208755493164
1778636243.004874,489.7824320793152,9700,14202,jpeg,0.03854107856750488
1778636243.05536,489.83291816711426,9701,14218,jpeg,0.050486087799072266
1778636243.104791,489.8823490142822,9702,14184,jpeg,0.04943084716796875
1778636243.15471,489.9322681427002,9703,14192,jpeg,0.04991912841796875
1778636243.209852,489.98741006851196,9704,14174,jpeg,0.05514192581176758
1778636243.2601655,490.03772354125977,9705,14197,jpeg,0.050313472747802734
1778636243.305977,490.083535194397,9706,14190,jpeg,0.04581165313720703
1778636243.3604925,490.13805055618286,9707,14188,jpeg,0.05451536178588867
1778636243.4077067,490.1852648258209,9708,14180,jpeg,0.04721426963806152
1778636243.4542685,490.231826543808,9709,14190,jpeg,0.04656171798706055
1778636243.506567,490.2841250896454,9710,14195,jpeg,0.052298545837402344
1778636243.5584714,490.33602952957153,9711,14185,jpeg,0.05190443992614746
1778636243.6126153,490.3901734352112,9712,14172,jpeg,0.05414390563964844
1778636243.6566074,490.4341654777527,9713,14181,jpeg,0.043992042541503906
1778636243.7060816,490.48363971710205,9714,14187,jpeg,0.049474239349365234
1778636243.7545846,490.53214263916016,9715,14174,jpeg,0.04850292205810547
1778636243.8155127,490.59307074546814,9716,14187,jpeg,0.0609281063079834
1778636243.8581235,490.6356816291809,9717,14170,jpeg,0.042610883712768555
1778636243.908014,490.6855721473694,9718,14147,jpeg,0.04989051818847656
1778636243.9604278,490.7379858493805,9719,14174,jpeg,0.0524137020111084
1778636244.0071218,490.78467988967896,9720,14190,jpeg,0.046694040298461914
1778636244.0568562,490.8344142436981,9721,14193,jpeg,0.04973435401916504
1778636244.108869,490.88642716407776,9722,14169,jpeg,0.05201292037963867
1778636244.1576233,490.93518137931824,9723,14191,jpeg,0.048754215240478516
1778636244.206347,490.9839050769806,9724,14199,jpeg,0.048723697662353516
1778636244.2568243,491.03438234329224,9725,14168,jpeg,0.05047726631164551
1778636244.30939,491.0869481563568,9726,14153,jpeg,0.052565813064575195
1778636244.3560984,491.13365650177,9727,14151,jpeg,0.04670834541320801
1778636244.4059844,491.1835424900055,9728,14160,jpeg,0.04988598823547363
1778636244.4584064,491.23596453666687,9729,14179,jpeg,0.05242204666137695
1778636244.5064845,491.284042596817,9730,14153,jpeg,0.048078060150146484
1778636244.5593247,491.33688282966614,9731,14167,jpeg,0.052840232849121094
1778636244.60823,491.38578820228577,9732,14172,jpeg,0.048905372619628906
1778636244.6565144,491.43407249450684,9733,14163,jpeg,0.048284292221069336
1778636244.710062,491.48762011528015,9734,14155,jpeg,0.05354762077331543
1778636244.7568188,491.5343768596649,9735,14158,jpeg,0.046756744384765625
1778636244.8058548,491.5834128856659,9736,14182,jpeg,0.04903602600097656
1778636244.8549535,491.6325116157532,9737,14188,jpeg,0.04909873008728027
1778636244.9088185,491.6863765716553,9738,14167,jpeg,0.05386495590209961
1778636244.9556518,491.73320984840393,9739,14183,jpeg,0.04683327674865723
1778636245.0056984,491.7832565307617,9740,14173,jpeg,0.050046682357788086
1778636245.0581012,491.8356592655182,9741,14181,jpeg,0.05240273475646973
1778636245.106626,491.88418412208557,9742,14176,jpeg,0.04852485656738281
1778636245.1552558,491.93281388282776,9743,14164,jpeg,0.0486297607421875
1778636245.2067597,491.984317779541,9744,14208,jpeg,0.051503896713256836
1778636245.2547426,492.0323007106781,9745,14144,jpeg,0.04798293113708496
1778636245.3069494,492.08450746536255,9746,14157,jpeg,0.05220675468444824
1778636245.35728,492.13483810424805,9747,14160,jpeg,0.05033063888549805
1778636245.4070663,492.18462443351746,9748,14158,jpeg,0.04978632926940918
1778636245.4561317,492.23368978500366,9749,14170,jpeg,0.049065351486206055
1778636245.5123065,492.2898645401001,9750,14193,jpeg,0.05617475509643555
1778636245.5558262,492.3333842754364,9751,14170,jpeg,0.04351973533630371
1778636245.6079671,492.385525226593,9752,14179,jpeg,0.05214095115661621
1778636245.663571,492.4411289691925,9753,14168,jpeg,0.055603742599487305
1778636245.708096,492.4856541156769,9754,14197,jpeg,0.044525146484375
1778636245.7640328,492.5415909290314,9755,14173,jpeg,0.05593681335449219
1778636245.8104875,492.5880455970764,9756,14180,jpeg,0.046454668045043945
1778636245.8577955,492.63535356521606,9757,14164,jpeg,0.04730796813964844
1778636245.907525,492.68508315086365,9758,14172,jpeg,0.04972958564758301
1778636245.9612834,492.7388415336609,9759,14179,jpeg,0.05375838279724121
1778636246.0070002,492.7845582962036,9760,14166,jpeg,0.04571676254272461
1778636246.0575633,492.83512139320374,9761,14163,jpeg,0.05056309700012207
1778636246.105978,492.8835361003876,9762,14156,jpeg,0.04841470718383789
1778636246.1563523,492.93391036987305,9763,14142,jpeg,0.05037426948547363
1778636246.2075922,492.98515033721924,9764,14170,jpeg,0.051239967346191406
1778636246.2563012,493.0338592529297,9765,14141,jpeg,0.04870891571044922
1778636246.3057911,493.0833492279053,9766,14177,jpeg,0.04948997497558594
1778636246.3588207,493.1363787651062,9767,14201,jpeg,0.053029537200927734
1778636246.4056816,493.18323969841003,9768,14173,jpeg,0.04686093330383301
1778636246.4552336,493.2327916622162,9769,14160,jpeg,0.049551963806152344
1778636246.5094917,493.2870497703552,9770,14195,jpeg,0.054258108139038086
1778636246.5564334,493.3339915275574,9771,14161,jpeg,0.04694175720214844
1778636246.6074924,493.385050535202,9772,14183,jpeg,0.05105900764465332
1778636246.6572723,493.4348304271698,9773,14176,jpeg,0.04977989196777344
1778636246.7116122,493.48917031288147,9774,14184,jpeg,0.05433988571166992
1778636246.759288,493.5368461608887,9775,14180,jpeg,0.04767584800720215
1778636246.8036735,493.5812315940857,9776,14179,jpeg,0.044385433197021484
1778636246.8550436,493.6326017379761,9777,14171,jpeg,0.05137014389038086
1778636246.9034142,493.6809723377228,9778,14189,jpeg,0.0483705997467041
1778636246.9576735,493.7352316379547,9779,14205,jpeg,0.054259300231933594
1778636247.0046985,493.78225660324097,9780,14192,jpeg,0.04702496528625488
1778636247.0548627,493.83242082595825,9781,14196,jpeg,0.050164222717285156
1778636247.1034355,493.88099360466003,9782,14155,jpeg,0.04857277870178223
1778636247.1537616,493.93131971359253,9783,14173,jpeg,0.05032610893249512
1778636247.2039456,493.9815037250519,9784,14181,jpeg,0.050184011459350586
1778636247.2520206,494.0295786857605,9785,14176,jpeg,0.048074960708618164
1778636247.3039095,494.081467628479,9786,14183,jpeg,0.05188894271850586
1778636247.3535028,494.13106083869934,9787,14203,jpeg,0.049593210220336914
1778636247.406112,494.1836700439453,9788,14171,jpeg,0.05260920524597168
1778636247.457979,494.23553705215454,9789,14166,jpeg,0.051867008209228516
1778636247.5029871,494.2805452346802,9790,14147,jpeg,0.045008182525634766
1778636247.553661,494.3312191963196,9791,14158,jpeg,0.0506739616394043
1778636247.6061041,494.3836622238159,9792,14163,jpeg,0.05244302749633789
1778636247.653251,494.4308090209961,9793,14172,jpeg,0.04714679718017578
1778636247.7079947,494.48555278778076,9794,14196,jpeg,0.05474376678466797
1778636247.7554846,494.53304266929626,9795,14160,jpeg,0.04748988151550293
1778636247.803401,494.5809590816498,9796,14167,jpeg,0.047916412353515625
1778636247.8546543,494.6322124004364,9797,14171,jpeg,0.051253318786621094
1778636247.9161274,494.6936855316162,9798,14173,jpeg,0.06147313117980957
1778636247.9548168,494.7323749065399,9799,14193,jpeg,0.038689374923706055
1778636248.0092077,494.7867658138275,9800,14156,jpeg,0.054390907287597656
1778636248.0553858,494.8329439163208,9801,14168,jpeg,0.04617810249328613
1778636248.1031578,494.8807158470154,9802,14168,jpeg,0.04777193069458008
1778636248.1544588,494.9320168495178,9803,14172,jpeg,0.051301002502441406
1778636248.2055278,494.9830858707428,9804,14163,jpeg,0.051069021224975586
1778636248.2531018,495.0306599140167,9805,14170,jpeg,0.04757404327392578
1778636248.306668,495.0842261314392,9806,14178,jpeg,0.05356621742248535
1778636248.3554225,495.13298058509827,9807,14194,jpeg,0.04875445365905762
1778636248.4060326,495.1835906505585,9808,14202,jpeg,0.05061006546020508
1778636248.4560351,495.2335932254791,9809,14171,jpeg,0.0500025749206543
1778636248.5114052,495.2889633178711,9810,14185,jpeg,0.05537009239196777
1778636248.5538988,495.33145689964294,9811,14183,jpeg,0.042493581771850586
1778636248.6049597,495.38251781463623,9812,14190,jpeg,0.05106091499328613
1778636248.6602457,495.4378037452698,9813,14177,jpeg,0.05528593063354492
1778636248.7042015,495.48175954818726,9814,14176,jpeg,0.04395580291748047
1778636248.7602072,495.5377652645111,9815,14180,jpeg,0.05600571632385254
1778636248.8052273,495.5827853679657,9816,14164,jpeg,0.045020103454589844
1778636248.854761,495.63231897354126,9817,14187,jpeg,0.04953360557556152
1778636248.9107275,495.68828558921814,9818,14188,jpeg,0.05596661567687988
1778636248.9545217,495.732079744339,9819,14197,jpeg,0.04379415512084961
1778636249.0038629,495.7814209461212,9820,14185,jpeg,0.04934120178222656
1778636249.0550067,495.83256483078003,9821,14187,jpeg,0.05114388465881348
1778636249.1052918,495.8828499317169,9822,14182,jpeg,0.05028510093688965
1778636249.153239,495.93079710006714,9823,14178,jpeg,0.04794716835021973
1778636249.2076652,495.98522329330444,9824,14155,jpeg,0.05442619323730469
1778636249.2551003,496.03265833854675,9825,14170,jpeg,0.04743504524230957
1778636249.302771,496.0803291797638,9826,14190,jpeg,0.047670841217041016
1778636249.3561635,496.1337215900421,9827,14196,jpeg,0.05339241027832031
1778636249.404589,496.182147026062,9828,14213,jpeg,0.04842543601989746
1778636249.4530056,496.2305636405945,9829,14200,jpeg,0.0484166145324707
1778636249.5058234,496.28338146209717,9830,14185,jpeg,0.05281782150268555
1778636249.5545864,496.3321444988251,9831,14172,jpeg,0.04876303672790527
1778636249.6033258,496.38088393211365,9832,14180,jpeg,0.04873943328857422
1778636249.6571307,496.4346888065338,9833,14188,jpeg,0.053804874420166016
1778636249.7051847,496.48274278640747,9834,14172,jpeg,0.04805397987365723
1778636249.7527165,496.5302746295929,9835,14181,jpeg,0.047531843185424805
1778636249.8068361,496.5843942165375,9836,14177,jpeg,0.05411958694458008
1778636249.857119,496.63467717170715,9837,14160,jpeg,0.050282955169677734
1778636249.9030788,496.680636882782,9838,14162,jpeg,0.0459597110748291
1778636249.95757,496.7351281642914,9839,14190,jpeg,0.054491281509399414
1778636250.007448,496.78500604629517,9840,14180,jpeg,0.04987788200378418
1778636250.0532568,496.8308148384094,9841,14210,jpeg,0.04580879211425781
1778636250.1033633,496.88092136383057,9842,14193,jpeg,0.05010652542114258
1778636250.1587777,496.93633580207825,9843,14181,jpeg,0.055414438247680664
1778636250.2035358,496.9810938835144,9844,14170,jpeg,0.04475808143615723
1778636250.2554402,497.03299832344055,9845,14169,jpeg,0.05190443992614746
1778636250.3050182,497.0825762748718,9846,14180,jpeg,0.049577951431274414
1778636250.3524723,497.13003039360046,9847,14170,jpeg,0.047454118728637695
1778636250.4065986,497.18415665626526,9848,14160,jpeg,0.05412626266479492
1778636250.453801,497.23135900497437,9849,14202,jpeg,0.047202348709106445
1778636250.5013998,497.2789578437805,9850,14179,jpeg,0.047598838806152344
1778636250.5554397,497.3329977989197,9851,14174,jpeg,0.054039955139160156
1778636250.6026993,497.38025736808777,9852,14160,jpeg,0.04725956916809082
1778636250.6516387,497.4291968345642,9853,14182,jpeg,0.04893946647644043
1778636250.706926,497.48448419570923,9854,14187,jpeg,0.05528736114501953
1778636250.7543366,497.5318946838379,9855,14196,jpeg,0.04741048812866211
1778636250.808709,497.5862669944763,9856,14194,jpeg,0.054372310638427734
1778636250.8572876,497.6348457336426,9857,14176,jpeg,0.048578739166259766
1778636250.9088326,497.68639063835144,9858,14158,jpeg,0.051544904708862305
1778636250.9535143,497.7310724258423,9859,14165,jpeg,0.04468178749084473
1778636251.0076585,497.7852165699005,9860,14197,jpeg,0.05414414405822754
1778636251.0535822,497.8311402797699,9861,14162,jpeg,0.045923709869384766
1778636251.102628,497.8801860809326,9862,14189,jpeg,0.04904580116271973
1778636251.1538982,497.93145632743835,9863,14170,jpeg,0.051270246505737305
1778636251.2067223,497.9842803478241,9864,14184,jpeg,0.05282402038574219
1778636251.2517211,498.02927923202515,9865,14183,jpeg,0.044998884201049805
1778636251.30283,498.08038806915283,9866,14192,jpeg,0.05110883712768555
1778636251.3581567,498.1357147693634,9867,14154,jpeg,0.05532670021057129
1778636251.4027154,498.18027353286743,9868,14183,jpeg,0.04455876350402832
1778636251.4559655,498.233523607254,9869,14182,jpeg,0.05325007438659668
1778636251.5102174,498.28777551651,9870,14166,jpeg,0.054251909255981445
1778636251.5540316,498.3315896987915,9871,14179,jpeg,0.04381418228149414
1778636251.6084232,498.38598132133484,9872,14173,jpeg,0.05439162254333496
1778636251.6577718,498.435329914093,9873,14171,jpeg,0.04934859275817871
1778636251.7053797,498.4829378128052,9874,14170,jpeg,0.0476078987121582
1778636251.755392,498.5329501628876,9875,14157,jpeg,0.05001235008239746
1778636251.8108306,498.58838868141174,9876,14180,jpeg,0.05543851852416992
1778636251.8549888,498.6325469017029,9877,14167,jpeg,0.044158220291137695
1778636251.9046276,498.6821856498718,9878,14174,jpeg,0.04963874816894531
1778636251.9558585,498.733416557312,9879,14196,jpeg,0.05123090744018555
1778636252.00398,498.78153800964355,9880,14177,jpeg,0.04812145233154297
1778636252.0564873,498.83404541015625,9881,14180,jpeg,0.05250740051269531
1778636252.1052346,498.88279271125793,9882,14174,jpeg,0.04874730110168457
1778636252.1529381,498.9304962158203,9883,14175,jpeg,0.04770350456237793
1778636252.207671,498.98522901535034,9884,14185,jpeg,0.0547327995300293
1778636252.2546911,499.032249212265,9885,14166,jpeg,0.04702019691467285
1778636252.305757,499.08331513404846,9886,14172,jpeg,0.051065921783447266
1778636252.357047,499.13460516929626,9887,14182,jpeg,0.051290035247802734
1778636252.4066398,499.18419790267944,9888,14186,jpeg,0.04959273338317871
1778636252.4563239,499.2338819503784,9889,14192,jpeg,0.04968404769897461
1778636252.5063298,499.2838878631592,9890,14187,jpeg,0.05000591278076172
1778636252.5595055,499.3370635509491,9891,14164,jpeg,0.05317568778991699
1778636252.6065881,499.3841462135315,9892,14168,jpeg,0.04708266258239746
1778636252.6574106,499.4349687099457,9893,14137,jpeg,0.05082249641418457
1778636252.7060506,499.48360872268677,9894,14194,jpeg,0.04864001274108887
1778636252.7515485,499.5291066169739,9895,14158,jpeg,0.045497894287109375
1778636252.8077464,499.5853044986725,9896,14152,jpeg,0.0561978816986084
1778636252.8593946,499.6369526386261,9897,14149,jpeg,0.05164813995361328
1778636252.9018376,499.6793956756592,9898,14145,jpeg,0.042443037033081055
1778636252.9564323,499.7339904308319,9899,14167,jpeg,0.05459475517272949
1778636253.003446,499.78100419044495,9900,14172,jpeg,0.04701375961303711
1778636253.053107,499.83066511154175,9901,14179,jpeg,0.04966092109680176
1778636253.102331,499.87988901138306,9902,14194,jpeg,0.049223899841308594
1778636253.154761,499.9323191642761,9903,14176,jpeg,0.052430152893066406
1778636253.2022665,499.97982454299927,9904,14160,jpeg,0.04750537872314453
1778636253.2556703,500.0332283973694,9905,14177,jpeg,0.05340385437011719
1778636253.3077075,500.0852656364441,9906,14156,jpeg,0.05203723907470703
1778636253.3514009,500.128958940506,9907,14171,jpeg,0.04369330406188965
1778636253.4038794,500.1814374923706,9908,14174,jpeg,0.05247855186462402
1778636253.4571803,500.23473834991455,9909,14182,jpeg,0.05330085754394531
1778636253.504083,500.2816410064697,9910,14187,jpeg,0.04690265655517578
1778636253.55262,500.33017802238464,9911,14152,jpeg,0.04853701591491699
1778636253.6065981,500.3841562271118,9912,14145,jpeg,0.05397820472717285
1778636253.6530051,500.43056321144104,9913,14154,jpeg,0.04640698432922363
1778636253.7056937,500.48325181007385,9914,14170,jpeg,0.0526885986328125
1778636253.7562158,500.53377389907837,9915,14178,jpeg,0.0505220890045166
1778636253.8015957,500.5791537761688,9916,14196,jpeg,0.0453798770904541
1778636253.8535988,500.6311569213867,9917,14175,jpeg,0.05200314521789551
1778636253.9039278,500.68148589134216,9918,14163,jpeg,0.050328969955444336
1778636253.9551628,500.7327208518982,9919,14148,jpeg,0.05123496055603027
1778636254.0023668,500.77992486953735,9920,14165,jpeg,0.047204017639160156
1778636254.0574026,500.8349606990814,9921,14158,jpeg,0.05503582954406738
1778636254.1036046,500.8811626434326,9922,14193,jpeg,0.04620194435119629
1778636254.1542816,500.93183970451355,9923,14177,jpeg,0.05067706108093262
1778636254.2069407,500.98449873924255,9924,14149,jpeg,0.052659034729003906
1778636254.255396,501.03295397758484,9925,14133,jpeg,0.048455238342285156
1778636254.304084,501.0816421508789,9926,14122,jpeg,0.04868817329406738
1778636254.3567147,501.134272813797,9927,14144,jpeg,0.05263066291809082
1778636254.4026875,501.1802456378937,9928,14182,jpeg,0.04597282409667969
1778636254.4509375,501.22849559783936,9929,14191,jpeg,0.04824995994567871
1778636254.5061038,501.2836618423462,9930,14190,jpeg,0.05516624450683594
1778636254.556795,501.3343529701233,9931,14160,jpeg,0.05069112777709961
1778636254.601819,501.3793771266937,9932,14158,jpeg,0.04502415657043457
1778636254.656044,501.43360209465027,9933,14166,jpeg,0.05422496795654297
1778636254.7020419,501.47959995269775,9934,14168,jpeg,0.04599785804748535
1778636254.754753,501.5323112010956,9935,14184,jpeg,0.05271124839782715
1778636254.804593,501.5821511745453,9936,14145,jpeg,0.04983997344970703
1778636254.8516731,501.6292312145233,9937,14154,jpeg,0.047080039978027344
1778636254.9046853,501.68224334716797,9938,14149,jpeg,0.05301213264465332
1778636254.9538164,501.731374502182,9939,14147,jpeg,0.049131155014038086
1778636255.0085793,501.786137342453,9940,14162,jpeg,0.054762840270996094
1778636255.0557072,501.83326530456543,9941,14167,jpeg,0.04712796211242676
1778636255.1085043,501.88606238365173,9942,14179,jpeg,0.05279707908630371
1778636255.152663,501.93022108078003,9943,14167,jpeg,0.0441586971282959
1778636255.2054958,501.9830539226532,9944,14175,jpeg,0.052832841873168945
1778636255.2548687,502.03242683410645,9945,14168,jpeg,0.04937291145324707
1778636255.3036628,502.08122086524963,9946,14163,jpeg,0.04879403114318848
1778636255.3545787,502.1321368217468,9947,14179,jpeg,0.05091595649719238
1778636255.4031353,502.18069338798523,9948,14162,jpeg,0.04855656623840332
1778636255.4517403,502.2292983531952,9949,14180,jpeg,0.04860496520996094
1778636255.507794,502.28535199165344,9950,14183,jpeg,0.05605363845825195
1778636255.5550737,502.33263182640076,9951,14174,jpeg,0.04727983474731445
1778636255.601564,502.3791220188141,9952,14161,jpeg,0.04649019241333008
1778636255.6534038,502.4309618473053,9953,14143,jpeg,0.05183982849121094
1778636255.7025032,502.4800612926483,9954,14168,jpeg,0.04909944534301758
1778636255.7515535,502.52911162376404,9955,14146,jpeg,0.049050331115722656
1778636255.8025548,502.58011293411255,9956,14157,jpeg,0.05100131034851074
1778636255.8543327,502.6318907737732,9957,14146,jpeg,0.05177783966064453
1778636255.9020092,502.67956733703613,9958,14159,jpeg,0.04767656326293945
1778636255.9520555,502.72961354255676,9959,14154,jpeg,0.05004620552062988
1778636256.0053575,502.7829155921936,9960,14136,jpeg,0.05330204963684082
1778636256.0518026,502.8293607234955,9961,14168,jpeg,0.04644513130187988
1778636256.103462,502.8810200691223,9962,14165,jpeg,0.051659345626831055
1778636256.1549695,502.93252754211426,9963,14151,jpeg,0.05150747299194336
1778636256.2007182,502.9782762527466,9964,14168,jpeg,0.04574871063232422
1778636256.2554271,503.0329852104187,9965,14177,jpeg,0.05470895767211914
1778636256.3040948,503.08165287971497,9966,14178,jpeg,0.04866766929626465
1778636256.3515153,503.12907338142395,9967,14180,jpeg,0.047420501708984375
1778636256.4047632,503.18232131004333,9968,14158,jpeg,0.053247928619384766
1778636256.454037,503.2315950393677,9969,14174,jpeg,0.04927372932434082
1778636256.50108,503.27863812446594,9970,14180,jpeg,0.0470430850982666
1778636256.5556495,503.3332076072693,9971,14142,jpeg,0.05456948280334473
1778636256.6082091,503.3857672214508,9972,14157,jpeg,0.052559614181518555
1778636256.6511016,503.4286596775055,9973,14184,jpeg,0.0428924560546875
1778636256.7044039,503.4819619655609,9974,14168,jpeg,0.05330228805541992
1778636256.7527199,503.530277967453,9975,14172,jpeg,0.048316001892089844
1778636256.8036797,503.58123779296875,9976,14171,jpeg,0.05095982551574707
1778636256.8563144,503.6338725090027,9977,14164,jpeg,0.05263471603393555
1778636256.9049525,503.68251061439514,9978,14166,jpeg,0.048638105392456055
1778636256.9524732,503.73003125190735,9979,14166,jpeg,0.04752063751220703
1778636257.0027328,503.7802908420563,9980,14174,jpeg,0.05025959014892578
1778636257.0538952,503.83145332336426,9981,14169,jpeg,0.0511624813079834
1778636257.1019716,503.87952971458435,9982,14179,jpeg,0.04807639122009277
1778636257.1579294,503.9354875087738,9983,14167,jpeg,0.055957794189453125
1778636257.2031324,503.98069047927856,9984,14192,jpeg,0.04520297050476074
1778636257.2507322,504.02829027175903,9985,14165,jpeg,0.04759979248046875
1778636257.300326,504.0778841972351,9986,14170,jpeg,0.04959392547607422
1778636257.3524852,504.13004326820374,9987,14171,jpeg,0.05215907096862793
1778636257.4006183,504.17817640304565,9988,14174,jpeg,0.048133134841918945
1778636257.4509306,504.22848868370056,9989,14185,jpeg,0.05031228065490723
1778636257.505298,504.2828559875488,9990,14149,jpeg,0.0543673038482666
1778636257.5524862,504.33004426956177,9991,14187,jpeg,0.04718828201293945
1778636257.600516,504.37807416915894,9992,14193,jpeg,0.04802989959716797
1778636257.6544704,504.4320285320282,9993,14167,jpeg,0.053954362869262695
1778636257.702916,504.48047399520874,9994,14158,jpeg,0.04844546318054199
1778636257.7526233,504.53018140792847,9995,14208,jpeg,0.04970741271972656
1778636257.8063376,504.5838956832886,9996,14196,jpeg,0.05371427536010742
1778636257.853169,504.6307270526886,9997,14203,jpeg,0.046831369400024414
1778636257.9048896,504.68244767189026,9998,14170,jpeg,0.051720619201660156
1778636257.9560256,504.73358368873596,9999,14178,jpeg,0.051136016845703125
1778636258.0044482,504.7820062637329,10000,14197,jpeg,0.04842257499694824
1778636258.053722,504.83127999305725,10001,14175,jpeg,0.04927372932434082
1778636258.107135,504.88469314575195,10002,14181,jpeg,0.05341315269470215
1778636258.1537867,504.93134474754333,10003,14176,jpeg,0.046651601791381836
1778636258.2052674,504.9828255176544,10004,14158,jpeg,0.051480770111083984
1778636258.258461,505.03601908683777,10005,14170,jpeg,0.05319356918334961
1778636258.3038766,505.0814347267151,10006,14179,jpeg,0.045415639877319336
1778636258.3545809,505.13213896751404,10007,14160,jpeg,0.050704240798950195
1778636258.4065087,505.18406677246094,10008,14157,jpeg,0.051927804946899414
1778636258.4535232,505.2310812473297,10009,14185,jpeg,0.047014474868774414
1778636258.5024846,505.28004264831543,10010,14175,jpeg,0.04896140098571777
1778636258.555555,505.33311319351196,10011,14160,jpeg,0.0530705451965332
1778636258.602873,505.38043117523193,10012,14178,jpeg,0.0473179817199707
1778636258.6575928,505.4351508617401,10013,14164,jpeg,0.05471968650817871
1778636258.7078962,505.4854543209076,10014,14170,jpeg,0.05030345916748047
1778636258.752676,505.53023409843445,10015,14166,jpeg,0.04477977752685547
1778636258.812294,505.58985209465027,10016,14146,jpeg,0.05961799621582031
1778636258.8538506,505.63140869140625,10017,14114,jpeg,0.041556596755981445
1778636258.9013755,505.6789336204529,10018,14132,jpeg,0.04752492904663086
1778636258.9554596,505.7330176830292,10019,14141,jpeg,0.054084062576293945
1778636259.0068972,505.78445529937744,10020,14137,jpeg,0.0514376163482666
1778636259.0514941,505.8290522098541,10021,14128,jpeg,0.04459691047668457
1778636259.1023524,505.8799104690552,10022,14095,jpeg,0.050858259201049805
1778636259.1579738,505.9355318546295,10023,14106,jpeg,0.05562138557434082
1778636259.2023442,505.97990226745605,10024,14083,jpeg,0.044370412826538086
1778636259.255362,506.0329201221466,10025,14095,jpeg,0.05301785469055176
1778636259.3095636,506.0871217250824,10026,14117,jpeg,0.054201602935791016
1778636259.35176,506.1293179988861,10027,14079,jpeg,0.04219627380371094
1778636259.4053116,506.18286967277527,10028,14094,jpeg,0.053551673889160156
1778636259.4544806,506.2320387363434,10029,14067,jpeg,0.049169063568115234
1778636259.5019147,506.2794728279114,10030,14063,jpeg,0.047434091567993164
1778636259.5509815,506.32853960990906,10031,14089,jpeg,0.049066781997680664
1778636259.6065967,506.38415479660034,10032,14070,jpeg,0.05561518669128418
1778636259.6527464,506.4303045272827,10033,14063,jpeg,0.04614973068237305
1778636259.6992893,506.476847410202,10034,14024,jpeg,0.04654288291931152
1778636259.7562692,506.5338273048401,10035,14040,jpeg,0.05697989463806152
1778636259.8003604,506.5779185295105,10036,14023,jpeg,0.044091224670410156
1778636259.8525934,506.63015151023865,10037,14034,jpeg,0.052232980728149414
1778636259.9079657,506.6855237483978,10038,14039,jpeg,0.05537223815917969
1778636259.9528325,506.73039054870605,10039,14023,jpeg,0.04486680030822754
1778636260.000268,506.7778260707855,10040,14047,jpeg,0.04743552207946777
1778636260.0523958,506.8299539089203,10041,14046,jpeg,0.052127838134765625
1778636260.101681,506.8792390823364,10042,14022,jpeg,0.049285173416137695
1778636260.1515384,506.9290964603424,10043,14031,jpeg,0.049857378005981445
1778636260.2035432,506.98110127449036,10044,14053,jpeg,0.05200481414794922
1778636260.2522686,507.02982664108276,10045,14018,jpeg,0.04872536659240723
1778636260.301324,507.07888197898865,10046,14054,jpeg,0.04905533790588379
1778636260.3531303,507.1306884288788,10047,14068,jpeg,0.05180644989013672
1778636260.3994055,507.17696356773376,10048,14052,jpeg,0.04627513885498047
1778636260.4494643,507.2270224094391,10049,14068,jpeg,0.050058841705322266
1778636260.501492,507.27905011177063,10050,14038,jpeg,0.05202770233154297
1778636260.5498374,507.32739543914795,10051,14050,jpeg,0.048345327377319336
1778636260.6030335,507.38059163093567,10052,14068,jpeg,0.05319619178771973
1778636260.6520436,507.4296016693115,10053,14065,jpeg,0.04901003837585449
1778636260.7294538,507.5070118904114,10054,14051,jpeg,0.07741022109985352
1778636260.758136,507.53569412231445,10055,14025,jpeg,0.028682231903076172
1778636260.8058836,507.58344173431396,10056,14046,jpeg,0.04774761199951172
1778636260.8541136,507.631671667099,10057,14021,jpeg,0.04822993278503418
1778636260.9004478,507.6780059337616,10058,14058,jpeg,0.046334266662597656
1778636260.9570124,507.73457050323486,10059,14074,jpeg,0.0565645694732666
1778636261.0029423,507.7805004119873,10060,14056,jpeg,0.045929908752441406
1778636261.0564756,507.8340337276459,10061,14087,jpeg,0.053533315658569336
1778636261.105262,507.88282012939453,10062,14095,jpeg,0.04878640174865723
1778636261.1524193,507.9299774169922,10063,14055,jpeg,0.04715728759765625
1778636261.2092211,507.98677921295166,10064,14086,jpeg,0.056801795959472656
1778636261.254797,508.03235507011414,10065,14089,jpeg,0.045575857162475586
1778636261.3019283,508.07948637008667,10066,14095,jpeg,0.04713129997253418
1778636261.3553786,508.1329367160797,10067,14104,jpeg,0.05345034599304199
1778636261.4030554,508.18061351776123,10068,14073,jpeg,0.047676801681518555
1778636261.4511123,508.22867035865784,10069,14118,jpeg,0.048056840896606445
1778636261.500189,508.27774715423584,10070,14071,jpeg,0.04907679557800293
1778636261.5521054,508.32966351509094,10071,14092,jpeg,0.05191636085510254
1778636261.599725,508.3772830963135,10072,14099,jpeg,0.04761958122253418
1778636261.6502101,508.42776823043823,10073,14082,jpeg,0.05048513412475586
1778636261.7026737,508.4802317619324,10074,14074,jpeg,0.052463531494140625
1778636261.7504387,508.52799677848816,10075,14045,jpeg,0.04776501655578613
1778636261.800526,508.5780839920044,10076,14064,jpeg,0.05008721351623535
1778636261.853101,508.63065910339355,10077,14066,jpeg,0.052575111389160156
1778636261.9053996,508.68295764923096,10078,14058,jpeg,0.052298545837402344
1778636261.9514909,508.72904896736145,10079,14080,jpeg,0.046091318130493164
1778636262.002902,508.78046011924744,10080,14073,jpeg,0.05141115188598633
1778636262.0504544,508.82801246643066,10081,14068,jpeg,0.04755234718322754
1778636262.10156,508.8791182041168,10082,14063,jpeg,0.05110573768615723
1778636262.1519973,508.9295554161072,10083,14082,jpeg,0.050437211990356445
1778636262.200411,508.9779691696167,10084,14072,jpeg,0.048413753509521484
1778636262.25764,509.03519797325134,10085,14087,jpeg,0.057228803634643555
1778636262.3035116,509.0810697078705,10086,14077,jpeg,0.045871734619140625
1778636262.3494375,509.1269955635071,10087,14098,jpeg,0.04592585563659668
1778636262.400165,509.1777231693268,10088,14077,jpeg,0.05072760581970215
1778636262.4544852,509.2320432662964,10089,14062,jpeg,0.05432009696960449
1778636262.502038,509.2795960903168,10090,14083,jpeg,0.04755282402038574
1778636262.549704,509.32726216316223,10091,14069,jpeg,0.047666072845458984
1778636262.6045322,509.3820903301239,10092,14073,jpeg,0.05482816696166992
1778636262.6511774,509.42873549461365,10093,14081,jpeg,0.046645164489746094
1778636262.699147,509.4767050743103,10094,14086,jpeg,0.04796957969665527
1778636262.753876,509.53143405914307,10095,14078,jpeg,0.05472898483276367
1778636262.8030465,509.58060455322266,10096,14086,jpeg,0.049170494079589844
1778636262.857096,509.634654045105,10097,14065,jpeg,0.05404949188232422
1778636262.9068494,509.6844074726105,10098,14067,jpeg,0.049753427505493164
1778636262.957603,509.7351610660553,10099,14070,jpeg,0.05075359344482422
1778636263.0056484,509.7832064628601,10100,14090,jpeg,0.04804539680480957
1778636263.0499806,509.827538728714,10101,14057,jpeg,0.044332265853881836
1778636263.102678,509.88023614883423,10102,14090,jpeg,0.05269742012023926
1778636263.1517777,509.9293358325958,10103,14075,jpeg,0.04909968376159668
1778636263.201285,509.9788429737091,10104,14084,jpeg,0.04950714111328125
1778636263.255021,510.0325791835785,10105,14096,jpeg,0.053736209869384766
1778636263.3015032,510.07906126976013,10106,14077,jpeg,0.046482086181640625
1778636263.3522055,510.12976360321045,10107,14061,jpeg,0.05070233345031738
1778636263.4041975,510.1817555427551,10108,14063,jpeg,0.051991939544677734
1778636263.4491088,510.22666692733765,10109,14056,jpeg,0.04491138458251953
1778636263.5038364,510.28139448165894,10110,14095,jpeg,0.05472755432128906
1778636263.5508728,510.328430891037,10111,14081,jpeg,0.04703640937805176
1778636263.6010685,510.3786265850067,10112,14079,jpeg,0.05019569396972656
1778636263.6535246,510.4310827255249,10113,14070,jpeg,0.05245614051818848
1778636263.6994567,510.47701478004456,10114,14086,jpeg,0.04593205451965332
1778636263.7499714,510.5275294780731,10115,14049,jpeg,0.05051469802856445
1778636263.802608,510.5801661014557,10116,14074,jpeg,0.05263662338256836
1778636263.8510964,510.62865447998047,10117,14080,jpeg,0.04848837852478027
1778636263.8998637,510.6774218082428,10118,14073,jpeg,0.0487673282623291
1778636263.9527855,510.730343580246,10119,14050,jpeg,0.05292177200317383
1778636264.0003636,510.77792167663574,10120,14082,jpeg,0.04757809638977051
1778636264.0494952,510.82705330848694,10121,14041,jpeg,0.04913163185119629
1778636264.103505,510.88106298446655,10122,14049,jpeg,0.05400967597961426
1778636264.148942,510.926500082016,10123,14073,jpeg,0.04543709754943848
1778636264.2003815,510.9779396057129,10124,14070,jpeg,0.051439523696899414
1778636264.257036,511.0345940589905,10125,14070,jpeg,0.05665445327758789
1778636264.3085346,511.086092710495,10126,14044,jpeg,0.0514986515045166
1778636264.3497431,511.1273012161255,10127,14067,jpeg,0.041208505630493164
1778636264.4018197,511.17937779426575,10128,14069,jpeg,0.05207657814025879
1778636264.4501545,511.2277126312256,10129,14096,jpeg,0.04833483695983887
1778636264.5002406,511.2777986526489,10130,14052,jpeg,0.050086021423339844
1778636264.5532424,511.3308005332947,10131,14078,jpeg,0.05300188064575195
1778636264.606068,511.3836259841919,10132,14083,jpeg,0.0528254508972168
1778636264.6541986,511.431756734848,10133,14105,jpeg,0.04813075065612793
1778636264.7020636,511.47962164878845,10134,14104,jpeg,0.04786491394042969
1778636264.7501025,511.5276606082916,10135,14106,jpeg,0.04803895950317383
1778636264.8037078,511.5812659263611,10136,14083,jpeg,0.05360531806945801
1778636264.8543684,511.63192653656006,10137,14099,jpeg,0.05066061019897461
1778636264.9023585,511.6799166202545,10138,14069,jpeg,0.04799008369445801
1778636264.9498005,511.7273585796356,10139,14057,jpeg,0.047441959381103516
1778636265.0045464,511.7821044921875,10140,14076,jpeg,0.05474591255187988
1778636265.0519972,511.82955527305603,10141,14063,jpeg,0.04745078086853027
1778636265.1054804,511.883038520813,10142,14061,jpeg,0.05348324775695801
1778636265.1559396,511.9334976673126,10143,14063,jpeg,0.05045914649963379
1778636265.2032728,511.98083090782166,10144,14075,jpeg,0.0473332405090332
1778636265.2512646,512.0288226604462,10145,14086,jpeg,0.04799175262451172
1778636265.3018126,512.0793707370758,10146,14056,jpeg,0.05054807662963867
1778636265.351108,512.1286661624908,10147,14077,jpeg,0.04929542541503906
1778636265.399919,512.1774771213531,10148,14073,jpeg,0.04881095886230469
1778636265.4521332,512.2296912670135,10149,14092,jpeg,0.05221414566040039
1778636265.4979746,512.2755327224731,10150,14091,jpeg,0.04584145545959473
1778636265.5510862,512.3286442756653,10151,14108,jpeg,0.05311155319213867
1778636265.6007218,512.3782799243927,10152,14114,jpeg,0.04963564872741699
1778636265.6550078,512.4325659275055,10153,14076,jpeg,0.05428600311279297
1778636265.701195,512.4787530899048,10154,14083,jpeg,0.04618716239929199
1778636265.7579882,512.5355463027954,10155,14108,jpeg,0.056793212890625
1778636265.800949,512.5785071849823,10156,14093,jpeg,0.04296088218688965
1778636265.850969,512.6285271644592,10157,14073,jpeg,0.05001997947692871
1778636265.900498,512.6780560016632,10158,14049,jpeg,0.04952883720397949
1778636265.9507174,512.7282755374908,10159,14077,jpeg,0.05021953582763672
1778636266.0016406,512.7791986465454,10160,14091,jpeg,0.05092310905456543
1778636266.051028,512.828586101532,10161,14095,jpeg,0.049387454986572266
1778636266.0994804,512.8770384788513,10162,14078,jpeg,0.04845237731933594
1778636266.1486864,512.9262444972992,10163,14067,jpeg,0.04920601844787598
1778636266.1992748,512.9768328666687,10164,14101,jpeg,0.050588369369506836
1778636266.2503495,513.0279076099396,10165,14092,jpeg,0.05107474327087402
1778636266.299373,513.0769309997559,10166,14092,jpeg,0.04902338981628418
1778636266.3513632,513.1289212703705,10167,14092,jpeg,0.05199027061462402
1778636266.3991644,513.1767225265503,10168,14057,jpeg,0.04780125617980957
1778636266.4513106,513.2288687229156,10169,14048,jpeg,0.052146196365356445
1778636266.5084543,513.2860124111176,10170,14058,jpeg,0.0571436882019043
1778636266.5519,513.3294579982758,10171,14081,jpeg,0.043445587158203125
1778636266.6002083,513.3777663707733,10172,14115,jpeg,0.048308372497558594
1778636266.6520336,513.4295916557312,10173,14096,jpeg,0.05182528495788574
1778636266.7004385,513.4779965877533,10174,14080,jpeg,0.04840493202209473
1778636266.751062,513.5286200046539,10175,14082,jpeg,0.050623416900634766
1778636266.8028793,513.5804374217987,10176,14056,jpeg,0.05181741714477539
1778636266.8522882,513.6298463344574,10177,14061,jpeg,0.049408912658691406
1778636266.9004393,513.6779973506927,10178,14096,jpeg,0.04815101623535156
1778636266.954345,513.7319030761719,10179,14066,jpeg,0.05390572547912598
1778636267.0009272,513.7784852981567,10180,14080,jpeg,0.04658222198486328
1778636267.0493808,513.826938867569,10181,14080,jpeg,0.048453569412231445
1778636267.1047685,513.8823266029358,10182,14082,jpeg,0.05538773536682129
1778636267.150231,513.9277889728546,10183,14071,jpeg,0.04546236991882324
1778636267.1989565,513.9765145778656,10184,14063,jpeg,0.04872560501098633
1778636267.2507577,514.028315782547,10185,14078,jpeg,0.051801204681396484
1778636267.3001533,514.0777113437653,10186,14057,jpeg,0.04939556121826172
1778636267.3505461,514.1281042098999,10187,14090,jpeg,0.050392866134643555
1778636267.4029944,514.180552482605,10188,14060,jpeg,0.052448272705078125
1778636267.4523904,514.2299485206604,10189,14054,jpeg,0.04939603805541992
1778636267.499382,514.2769401073456,10190,14076,jpeg,0.046991586685180664
1778636267.55606,514.3336181640625,10191,14068,jpeg,0.056678056716918945
1778636267.599955,514.3775131702423,10192,14082,jpeg,0.04389500617980957
1778636267.6528752,514.4304332733154,10193,14086,jpeg,0.05292010307312012
1778636267.7055387,514.4830968379974,10194,14075,jpeg,0.052663564682006836
1778636267.749522,514.5270800590515,10195,14089,jpeg,0.04398322105407715
1778636267.8059754,514.5835335254669,10196,14090,jpeg,0.05645346641540527
1778636267.849043,514.6266009807587,10197,14069,jpeg,0.04306745529174805
1778636267.8987145,514.6762726306915,10198,14067,jpeg,0.04967164993286133
1778636267.9488893,514.7264473438263,10199,14076,jpeg,0.050174713134765625
1778636268.0002542,514.7778122425079,10200,14100,jpeg,0.051364898681640625
1778636268.050127,514.8276851177216,10201,14084,jpeg,0.04987287521362305
1778636268.1030076,514.8805656433105,10202,14082,jpeg,0.05288052558898926
1778636268.1509297,514.92848777771,10203,14094,jpeg,0.04792213439941406
1778636268.198728,514.9762861728668,10204,14098,jpeg,0.04779839515686035
1778636268.2499893,515.0275473594666,10205,14094,jpeg,0.051261186599731445
1778636268.2994065,515.0769646167755,10206,14107,jpeg,0.04941725730895996
1778636268.3486528,515.1262109279633,10207,14096,jpeg,0.04924631118774414
1778636268.3980024,515.1755604743958,10208,14074,jpeg,0.04934954643249512
1778636268.450311,515.2278690338135,10209,14097,jpeg,0.05230855941772461
1778636268.5016947,515.2792527675629,10210,14087,jpeg,0.05138373374938965
1778636268.5544786,515.3320367336273,10211,14098,jpeg,0.052783966064453125
1778636268.5999873,515.3775453567505,10212,14057,jpeg,0.045508623123168945
1778636268.6500635,515.4276216030121,10213,14079,jpeg,0.05007624626159668
1778636268.7060957,515.4836537837982,10214,14080,jpeg,0.05603218078613281
1778636268.7498424,515.5274004936218,10215,14093,jpeg,0.0437467098236084
1778636268.798624,515.5761821269989,10216,14074,jpeg,0.048781633377075195
1778636268.8514988,515.629056930542,10217,14075,jpeg,0.05287480354309082
1778636268.9096177,515.6871757507324,10218,14077,jpeg,0.05811882019042969
1778636268.9492645,515.7268226146698,10219,14087,jpeg,0.03964686393737793
1778636269.0006826,515.7782406806946,10220,14093,jpeg,0.05141806602478027
1778636269.0504544,515.8280124664307,10221,14068,jpeg,0.049771785736083984
1778636269.1005874,515.8781454563141,10222,14064,jpeg,0.05013298988342285
1778636269.1495368,515.9270949363708,10223,14096,jpeg,0.048949480056762695
1778636269.199427,515.9769849777222,10224,14157,jpeg,0.04989004135131836
1778636269.2493637,516.026921749115,10225,14184,jpeg,0.049936771392822266
1778636269.299327,516.0768849849701,10226,14186,jpeg,0.04996323585510254
1778636269.3522744,516.1298325061798,10227,14179,jpeg,0.0529475212097168
1778636269.398848,516.1764061450958,10228,14202,jpeg,0.046573638916015625
1778636269.4494503,516.2270083427429,10229,14216,jpeg,0.05060219764709473
1778636269.5008123,516.2783703804016,10230,14224,jpeg,0.051362037658691406
1778636269.548745,516.3263030052185,10231,14221,jpeg,0.04793262481689453
1778636269.6059883,516.3835463523865,10232,14205,jpeg,0.05724334716796875
1778636269.6498427,516.4274008274078,10233,14172,jpeg,0.043854475021362305
1778636269.6973436,516.474901676178,10234,14077,jpeg,0.0475008487701416
1778636269.7489328,516.5264909267426,10235,14089,jpeg,0.051589250564575195
1778636269.797702,516.5752601623535,10236,14076,jpeg,0.048769235610961914
1778636269.8461888,516.6237468719482,10237,14081,jpeg,0.04848670959472656
1778636269.8978808,516.6754388809204,10238,14079,jpeg,0.05169200897216797
1778636269.9476628,516.7252209186554,10239,14089,jpeg,0.04978203773498535
1778636269.9966233,516.7741813659668,10240,14062,jpeg,0.04896044731140137
1778636270.0593753,516.8369333744049,10241,14084,jpeg,0.06275200843811035
1778636270.0995102,516.8770682811737,10242,14066,jpeg,0.04013490676879883
1778636270.146755,516.9243130683899,10243,14085,jpeg,0.04724478721618652
1778636270.1991224,516.9766805171967,10244,14087,jpeg,0.052367448806762695
1778636270.25545,517.0330080986023,10245,14074,jpeg,0.05632758140563965
1778636270.2998083,517.0773663520813,10246,14055,jpeg,0.044358253479003906
1778636270.3502922,517.1278502941132,10247,14087,jpeg,0.05048394203186035
1778636270.3993185,517.1768765449524,10248,14048,jpeg,0.0490262508392334
1778636270.4492552,517.2268133163452,10249,14097,jpeg,0.049936771392822266
1778636270.5002277,517.2777857780457,10250,14079,jpeg,0.05097246170043945
1778636270.5500417,517.3275997638702,10251,14092,jpeg,0.04981398582458496
1778636270.6006675,517.3782255649567,10252,14099,jpeg,0.05062580108642578
1778636270.653699,517.4312570095062,10253,14104,jpeg,0.05303144454956055
1778636270.6993418,517.4768998622894,10254,14075,jpeg,0.045642852783203125
1778636270.7496433,517.5272014141083,10255,14066,jpeg,0.050301551818847656
1778636270.7996564,517.5772144794464,10256,14061,jpeg,0.050013065338134766
1778636270.8502662,517.627824306488,10257,14052,jpeg,0.05060982704162598
1778636270.9008548,517.6784129142761,10258,14065,jpeg,0.05058860778808594
1778636270.9495516,517.727109670639,10259,14087,jpeg,0.04869675636291504
1778636271.0035093,517.7810673713684,10260,14091,jpeg,0.05395770072937012
1778636271.0490704,517.826628446579,10261,14081,jpeg,0.04556107521057129
1778636271.0982695,517.8758275508881,10262,14062,jpeg,0.04919910430908203
1778636271.1516428,517.92920088768,10263,14084,jpeg,0.05337333679199219
1778636271.197356,517.9749140739441,10264,14081,jpeg,0.045713186264038086
1778636271.252734,518.0302920341492,10265,14097,jpeg,0.055377960205078125
1778636271.3012512,518.078809261322,10266,14073,jpeg,0.04851722717285156
1778636271.352452,518.1300101280212,10267,14081,jpeg,0.05120086669921875
1778636271.3985233,518.1760814189911,10268,14091,jpeg,0.04607129096984863
1778636271.4511354,518.22869348526,10269,14087,jpeg,0.0526120662689209
1778636271.4978993,518.2754573822021,10270,14071,jpeg,0.04676389694213867
1778636271.5492172,518.3267753124237,10271,14085,jpeg,0.05131793022155762
1778636271.5999663,518.3775243759155,10272,14082,jpeg,0.05074906349182129
1778636271.6475847,518.4251427650452,10273,14088,jpeg,0.04761838912963867
1778636271.6982942,518.4758522510529,10274,14081,jpeg,0.05070948600769043
1778636271.7541983,518.531756401062,10275,14087,jpeg,0.05590415000915527
1778636271.7977815,518.5753395557404,10276,14061,jpeg,0.04358315467834473
1778636271.8552618,518.632819890976,10277,14081,jpeg,0.0574803352355957
1778636271.899123,518.6766810417175,10278,14058,jpeg,0.04386115074157715
1778636271.9477592,518.7253172397614,10279,14075,jpeg,0.04863619804382324
1778636271.9980304,518.7755885124207,10280,14074,jpeg,0.05027127265930176
1778636272.051082,518.8286399841309,10281,14076,jpeg,0.05305147171020508
1778636272.097475,518.8750331401825,10282,14083,jpeg,0.04639315605163574
1778636272.1495032,518.9270613193512,10283,14099,jpeg,0.05202817916870117
1778636272.1999753,518.9775333404541,10284,14069,jpeg,0.05047202110290527
1778636272.2489302,519.0264883041382,10285,14090,jpeg,0.04895496368408203
1778636272.299413,519.0769710540771,10286,14113,jpeg,0.050482749938964844
1778636272.3494828,519.1270408630371,10287,14082,jpeg,0.05006980895996094
1778636272.3973844,519.1749424934387,10288,14080,jpeg,0.04790163040161133
1778636272.4485457,519.2261037826538,10289,14078,jpeg,0.05116128921508789
1778636272.4983594,519.2759175300598,10290,14116,jpeg,0.04981374740600586
1778636272.5477226,519.3252806663513,10291,14087,jpeg,0.049363136291503906
1778636272.600037,519.3775951862335,10292,14068,jpeg,0.05231451988220215
1778636272.6540835,519.4316415786743,10293,14049,jpeg,0.0540463924407959
1778636272.6988919,519.4764499664307,10294,14082,jpeg,0.044808387756347656
1778636272.7540157,519.5315737724304,10295,14084,jpeg,0.05512380599975586
1778636272.798975,519.5765330791473,10296,14057,jpeg,0.044959306716918945
1778636272.84715,519.6247081756592,10297,14083,jpeg,0.04817509651184082
1778636272.8980708,519.675628900528,10298,14084,jpeg,0.050920724868774414
1778636272.9551017,519.732659816742,10299,14096,jpeg,0.05703091621398926
1778636273.003895,519.7814531326294,10300,14072,jpeg,0.04879331588745117
1778636273.0501885,519.827746629715,10301,14084,jpeg,0.04629349708557129
1778636273.106486,519.8840441703796,10302,14095,jpeg,0.05629754066467285
1778636273.1470425,519.9246006011963,10303,14063,jpeg,0.04055643081665039
1778636273.1985025,519.976060628891,10304,14112,jpeg,0.05146002769470215
1778636273.2485044,520.0260624885559,10305,14095,jpeg,0.05000185966491699
1778636273.298629,520.0761871337891,10306,14079,jpeg,0.0501246452331543
1778636273.348342,520.1259000301361,10307,14099,jpeg,0.0497128963470459
1778636273.40269,520.1802480220795,10308,14066,jpeg,0.054347991943359375
1778636273.4479685,520.2255265712738,10309,14077,jpeg,0.04527854919433594
1778636273.497133,520.2746911048889,10310,14077,jpeg,0.049164533615112305
1778636273.548408,520.3259661197662,10311,14084,jpeg,0.051275014877319336
1778636273.5989869,520.3765449523926,10312,14094,jpeg,0.05057883262634277
1778636273.6478047,520.4253628253937,10313,14061,jpeg,0.04881787300109863
1778636273.6982,520.4757580757141,10314,14060,jpeg,0.05039525032043457
1778636273.7482336,520.52579164505,10315,14076,jpeg,0.0500335693359375
1778636273.8143787,520.5919368267059,10316,14082,jpeg,0.06614518165588379
1778636273.8480566,520.6256146430969,10317,14090,jpeg,0.03367781639099121
1778636273.897732,520.675290107727,10318,14058,jpeg,0.04967546463012695
1778636273.9487221,520.7262802124023,10319,14043,jpeg,0.05099010467529297
1778636273.9989476,520.7765057086945,10320,14048,jpeg,0.05022549629211426
1778636274.049386,520.8269441127777,10321,14065,jpeg,0.05043840408325195
1778636274.0989132,520.8764712810516,10322,14059,jpeg,0.04952716827392578
1778636274.1474555,520.9250135421753,10323,14083,jpeg,0.04854226112365723
1778636274.198447,520.9760050773621,10324,14077,jpeg,0.05099153518676758
1778636274.2471626,521.0247206687927,10325,14071,jpeg,0.04871559143066406
1778636274.300781,521.078339099884,10326,14075,jpeg,0.053618431091308594
1778636274.346821,521.12437915802,10327,14068,jpeg,0.04604005813598633
1778636274.3966305,521.1741886138916,10328,14071,jpeg,0.04980945587158203
1778636274.4498155,521.2273736000061,10329,14076,jpeg,0.05318498611450195
1778636274.4980938,521.2756519317627,10330,14052,jpeg,0.0482783317565918
1778636274.5476222,521.3251802921295,10331,14052,jpeg,0.04952836036682129
1778636274.6553996,521.432957649231,10332,14046,jpeg,0.10777735710144043
1778636274.6960018,521.4735598564148,10333,14048,jpeg,0.04060220718383789
1778636274.7503574,521.5279154777527,10334,14056,jpeg,0.054355621337890625
1778636274.8002594,521.577817440033,10335,14082,jpeg,0.04990196228027344
1778636274.8492906,521.6268486976624,10336,14069,jpeg,0.04903125762939453
1778636274.9006922,521.6782503128052,10337,14067,jpeg,0.051401615142822266
1778636274.9479403,521.7254984378815,10338,14080,jpeg,0.047248125076293945
1778636274.9980147,521.7755727767944,10339,14070,jpeg,0.05007433891296387
1778636275.0533304,521.8308885097504,10340,14102,jpeg,0.05531573295593262
1778636275.0976152,521.875173330307,10341,14098,jpeg,0.044284820556640625
1778636275.1515546,521.9291126728058,10342,14098,jpeg,0.0539393424987793
1778636275.204709,521.9822671413422,10343,14076,jpeg,0.05315446853637695
1778636275.2464888,522.0240468978882,10344,14079,jpeg,0.04177975654602051
1778636275.3162296,522.0937876701355,10345,14091,jpeg,0.06974077224731445
1778636275.3489056,522.1264636516571,10346,14085,jpeg,0.032675981521606445
1778636275.398727,522.1762850284576,10347,14068,jpeg,0.04982137680053711
1778636275.4522054,522.229763507843,10348,14051,jpeg,0.05347847938537598
1778636275.498473,522.2760310173035,10349,14070,jpeg,0.04626750946044922
1778636275.5487955,522.3263535499573,10350,14086,jpeg,0.050322532653808594
1778636275.5978115,522.3753695487976,10351,14088,jpeg,0.04901599884033203
1778636275.6529386,522.4304966926575,10352,14082,jpeg,0.05512714385986328
1778636275.697967,522.4755251407623,10353,14063,jpeg,0.0450284481048584
1778636275.7500026,522.527560710907,10354,14061,jpeg,0.05203557014465332
1778636275.802098,522.579656124115,10355,14074,jpeg,0.05209541320800781
1778636275.84874,522.6262981891632,10356,14094,jpeg,0.04664206504821777
1778636275.8994682,522.6770262718201,10357,14094,jpeg,0.05072808265686035
1778636275.9536643,522.7312223911285,10358,14092,jpeg,0.05419611930847168
1778636275.9968793,522.7744374275208,10359,14100,jpeg,0.043215036392211914
1778636276.0527995,522.8303575515747,10360,14087,jpeg,0.05592012405395508
1778636276.0967357,522.8742938041687,10361,14069,jpeg,0.04393625259399414
1778636276.146639,522.9241971969604,10362,14070,jpeg,0.04990339279174805
1778636276.1950252,522.9725832939148,10363,14072,jpeg,0.0483860969543457
1778636276.2484124,523.0259704589844,10364,14087,jpeg,0.05338716506958008
1778636276.2953334,523.0728914737701,10365,14082,jpeg,0.0469210147857666
1778636276.3457413,523.1232993602753,10366,14072,jpeg,0.05040788650512695
1778636276.398267,523.1758251190186,10367,14076,jpeg,0.05252575874328613
1778636276.4498742,523.2274322509766,10368,14052,jpeg,0.05160713195800781
1778636276.4969134,523.2744715213776,10369,14057,jpeg,0.04703927040100098
1778636276.5488808,523.3264389038086,10370,14048,jpeg,0.05196738243103027
1778636276.59732,523.3748781681061,10371,14034,jpeg,0.04843926429748535
1778636276.6487465,523.4263045787811,10372,14048,jpeg,0.05142641067504883
1778636276.6986947,523.4762527942657,10373,14022,jpeg,0.04994821548461914
1778636276.7450845,523.5226426124573,10374,14052,jpeg,0.04638981819152832
1778636276.7996528,523.5772109031677,10375,14059,jpeg,0.05456829071044922
1778636276.8477747,523.6253328323364,10376,14041,jpeg,0.04812192916870117
1778636276.8977275,523.675285577774,10377,14075,jpeg,0.04995274543762207
1778636276.950156,523.7277140617371,10378,14070,jpeg,0.052428483963012695
1778636276.9986715,523.7762296199799,10379,14031,jpeg,0.04851555824279785
1778636277.047791,523.8253490924835,10380,14034,jpeg,0.04911947250366211
1778636277.100543,523.8781011104584,10381,14029,jpeg,0.052752017974853516
1778636277.1460981,523.9236562252045,10382,14047,jpeg,0.04555511474609375
1778636277.1996028,523.9771609306335,10383,14054,jpeg,0.05350470542907715
1778636277.2481098,524.0256679058075,10384,14029,jpeg,0.048506975173950195
1778636277.2957103,524.0732684135437,10385,14049,jpeg,0.047600507736206055
1778636277.3456078,524.123165845871,10386,14029,jpeg,0.04989743232727051
1778636277.3969562,524.1745142936707,10387,14067,jpeg,0.05134844779968262
1778636277.4461167,524.2236747741699,10388,14069,jpeg,0.04916048049926758
1778636277.4967904,524.2743484973907,10389,14051,jpeg,0.050673723220825195
1778636277.5449953,524.322553396225,10390,14069,jpeg,0.048204898834228516
1778636277.5987647,524.3763227462769,10391,14049,jpeg,0.05376935005187988
1778636277.6472433,524.4248013496399,10392,14074,jpeg,0.04847860336303711
1778636277.6969004,524.4744584560394,10393,14066,jpeg,0.04965710639953613
1778636277.747797,524.5253551006317,10394,14080,jpeg,0.050896644592285156
1778636277.7956517,524.5732097625732,10395,14063,jpeg,0.04785466194152832
1778636277.8479729,524.6255309581757,10396,14045,jpeg,0.05232119560241699
1778636277.9005983,524.678156375885,10397,14040,jpeg,0.052625417709350586
1778636277.9448423,524.7224004268646,10398,14038,jpeg,0.04424405097961426
1778636277.998734,524.7762920856476,10399,14036,jpeg,0.053891658782958984
1778636278.0465355,524.824093580246,10400,14041,jpeg,0.04780149459838867
1778636278.0941184,524.8716764450073,10401,14040,jpeg,0.04758286476135254
1778636278.1473744,524.9249324798584,10402,14071,jpeg,0.05325603485107422
1778636278.1961863,524.973744392395,10403,14057,jpeg,0.048811912536621094
1778636278.2493048,525.026862859726,10404,14089,jpeg,0.05311846733093262
1778636278.2967443,525.0743024349213,10405,14062,jpeg,0.0474395751953125
1778636278.3495095,525.127067565918,10406,14055,jpeg,0.0527651309967041
1778636278.3987746,525.1763327121735,10407,14039,jpeg,0.049265146255493164
1778636278.4475143,525.2250723838806,10408,14058,jpeg,0.04873967170715332
1778636278.5018287,525.2793867588043,10409,14083,jpeg,0.054314374923706055
1778636278.545439,525.3229970932007,10410,14067,jpeg,0.043610334396362305
1778636278.5985699,525.3761279582977,10411,14096,jpeg,0.0531308650970459
1778636278.6484175,525.425975561142,10412,14094,jpeg,0.04984760284423828
1778636278.6969948,525.4745528697968,10413,14066,jpeg,0.048577308654785156
1778636278.7479906,525.525548696518,10414,14074,jpeg,0.050995826721191406
1778636278.7979581,525.5755162239075,10415,14083,jpeg,0.04996752738952637
1778636278.8485575,525.6261155605316,10416,14097,jpeg,0.05059933662414551
1778636278.8994265,525.6769845485687,10417,14101,jpeg,0.050868988037109375
1778636278.9485734,525.726131439209,10418,14079,jpeg,0.04914689064025879
1778636278.998507,525.7760651111603,10419,14043,jpeg,0.049933671951293945
1778636279.0496736,525.8272316455841,10420,14055,jpeg,0.051166534423828125
1778636279.1002111,525.8777692317963,10421,14035,jpeg,0.0505375862121582
1778636279.1525826,525.9301407337189,10422,14072,jpeg,0.05237150192260742
1778636279.1983504,525.9759085178375,10423,14062,jpeg,0.045767784118652344
1778636279.256822,526.034380197525,10424,14068,jpeg,0.0584716796875
1778636279.2978275,526.0753855705261,10425,14064,jpeg,0.04100537300109863
1778636279.3451564,526.1227145195007,10426,14097,jpeg,0.047328948974609375
1778636279.3972943,526.1748523712158,10427,14058,jpeg,0.05213785171508789
1778636279.4524107,526.2299687862396,10428,14083,jpeg,0.05511641502380371
1778636279.511232,526.2887899875641,10429,14074,jpeg,0.05882120132446289
1778636279.5564952,526.3340532779694,10430,14079,jpeg,0.04526329040527344
1778636279.5964966,526.3740546703339,10431,14073,jpeg,0.04000139236450195
1778636279.649914,526.427472114563,10432,14089,jpeg,0.05341744422912598
1778636279.697876,526.4754340648651,10433,14071,jpeg,0.04796195030212402
1778636279.7468457,526.5244038105011,10434,14090,jpeg,0.04896974563598633
1778636279.7998183,526.5773763656616,10435,14065,jpeg,0.05297255516052246
1778636279.8480043,526.6255624294281,10436,14090,jpeg,0.04818606376647949
1778636279.8991816,526.676739692688,10437,14068,jpeg,0.051177263259887695
1778636279.9521291,526.7296872138977,10438,14070,jpeg,0.0529475212097168
1778636280.0007243,526.7782824039459,10439,14071,jpeg,0.04859519004821777
1778636280.0467398,526.8242979049683,10440,14078,jpeg,0.04601550102233887
1778636280.1049757,526.882533788681,10441,14101,jpeg,0.058235883712768555
1778636280.1458223,526.9233803749084,10442,14094,jpeg,0.04084658622741699
1778636280.1971202,526.9746782779694,10443,14099,jpeg,0.051297903060913086
1778636280.2463636,527.0239217281342,10444,14083,jpeg,0.04924345016479492
1778636280.302662,527.0802199840546,10445,14102,jpeg,0.056298255920410156
1778636280.347866,527.1254241466522,10446,14093,jpeg,0.04520416259765625
1778636280.3957596,527.1733176708221,10447,14085,jpeg,0.047893524169921875
1778636280.4474685,527.2250266075134,10448,14080,jpeg,0.05170893669128418
1778636280.4980416,527.2755997180939,10449,14101,jpeg,0.050573110580444336
1778636280.5445957,527.3221538066864,10450,14097,jpeg,0.0465540885925293
1778636280.5982492,527.3758072853088,10451,14066,jpeg,0.05365347862243652
1778636280.6480591,527.4256172180176,10452,14114,jpeg,0.049809932708740234
1778636280.6953132,527.4728713035583,10453,14091,jpeg,0.047254085540771484
1778636280.747102,527.5246601104736,10454,14074,jpeg,0.0517888069152832
1778636280.7959683,527.5735263824463,10455,14083,jpeg,0.04886627197265625
1778636280.8467674,527.6243255138397,10456,14067,jpeg,0.05079913139343262
1778636280.898805,527.676362991333,10457,14066,jpeg,0.05203747749328613
1778636280.9485204,527.7260785102844,10458,14087,jpeg,0.049715518951416016
1778636281.0000253,527.777583360672,10459,14071,jpeg,0.05150485038757324
1778636281.0490527,527.8266108036041,10460,14065,jpeg,0.049027442932128906
1778636281.096615,527.8741731643677,10461,14068,jpeg,0.047562360763549805
1778636281.150137,527.9276950359344,10462,14065,jpeg,0.05352187156677246
1778636281.197626,527.9751842021942,10463,14078,jpeg,0.047489166259765625
1778636281.2445068,528.0220649242401,10464,14085,jpeg,0.04688072204589844
1778636281.2971325,528.074690580368,10465,14043,jpeg,0.05262565612792969
1778636281.3450696,528.1226277351379,10466,14066,jpeg,0.04793715476989746
1778636281.3964643,528.174022436142,10467,14074,jpeg,0.05139470100402832
1778636281.448847,528.2264051437378,10468,14055,jpeg,0.052382707595825195
1778636281.4958417,528.2733998298645,10469,14096,jpeg,0.046994686126708984
1778636281.547344,528.3249020576477,10470,14062,jpeg,0.051502227783203125
1778636281.5962052,528.3737633228302,10471,14084,jpeg,0.04886126518249512
1778636281.6503108,528.4278688430786,10472,14086,jpeg,0.054105520248413086
1778636281.6968307,528.4743888378143,10473,14066,jpeg,0.04651999473571777
1778636281.7450953,528.5226533412933,10474,14071,jpeg,0.048264503479003906
1778636281.8024406,528.5799987316132,10475,14082,jpeg,0.05734539031982422
1778636281.8471215,528.6246795654297,10476,14072,jpeg,0.04468083381652832
1778636281.8950348,528.6725928783417,10477,14064,jpeg,0.047913312911987305
1778636281.9462183,528.7237763404846,10478,14066,jpeg,0.051183462142944336
1778636281.998426,528.7759840488434,10479,14072,jpeg,0.05220770835876465
1778636282.046801,528.8243591785431,10480,14082,jpeg,0.04837512969970703
1778636282.09834,528.8758981227875,10481,14091,jpeg,0.051538944244384766
1778636282.1467302,528.9242882728577,10482,14075,jpeg,0.04839015007019043
1778636282.1950288,528.9725868701935,10483,14081,jpeg,0.04829859733581543
1778636282.248562,529.026120185852,10484,14093,jpeg,0.053533315658569336
1778636282.296241,529.0737991333008,10485,14060,jpeg,0.04767894744873047
1778636282.3447077,529.1222658157349,10486,14096,jpeg,0.04846668243408203
1778636282.3973825,529.1749405860901,10487,14050,jpeg,0.05267477035522461
1778636282.4498782,529.2274363040924,10488,14082,jpeg,0.052495718002319336
1778636282.4970436,529.2746016979218,10489,14092,jpeg,0.0471653938293457
1778636282.5541837,529.331741809845,10490,14052,jpeg,0.05714011192321777
1778636282.5965924,529.3741505146027,10491,14075,jpeg,0.04240870475769043
1778636282.6458557,529.4234137535095,10492,14070,jpeg,0.04926323890686035
1778636282.695975,529.4735331535339,10493,14082,jpeg,0.05011940002441406
1778636282.7466323,529.5241904258728,10494,14094,jpeg,0.05065727233886719
1778636282.7957394,529.5732975006104,10495,14080,jpeg,0.04910707473754883
1778636282.8465621,529.6241202354431,10496,14069,jpeg,0.05082273483276367
1778636282.8972561,529.6748142242432,10497,14089,jpeg,0.05069398880004883
1778636282.9443483,529.7219064235687,10498,14106,jpeg,0.04709219932556152
1778636282.9960296,529.7735877037048,10499,14077,jpeg,0.0516812801361084
1778636283.0443285,529.8218865394592,10500,14099,jpeg,0.04829883575439453
1778636283.0933104,529.8708684444427,10501,14071,jpeg,0.04898190498352051
1778636283.1457944,529.9233524799347,10502,14109,jpeg,0.05248403549194336
1778636283.1957421,529.9733002185822,10503,14107,jpeg,0.04994773864746094
1778636283.2462142,530.0237722396851,10504,14086,jpeg,0.05047202110290527
1778636283.2974124,530.0749704837799,10505,14079,jpeg,0.05119824409484863
1778636283.3516436,530.1292016506195,10506,14064,jpeg,0.05423116683959961
1778636283.3956883,530.173246383667,10507,14071,jpeg,0.04404473304748535
1778636283.4472673,530.2248253822327,10508,14060,jpeg,0.05157899856567383
1778636283.4941216,530.2716796398163,10509,14050,jpeg,0.046854257583618164
1778636283.5454514,530.3230094909668,10510,14080,jpeg,0.051329851150512695
1778636283.5969532,530.3745112419128,10511,14080,jpeg,0.05150175094604492
1778636283.6519182,530.4294762611389,10512,14094,jpeg,0.05496501922607422
1778636283.697034,530.4745919704437,10513,14078,jpeg,0.04511570930480957
1778636283.7471173,530.5246753692627,10514,14081,jpeg,0.05008339881896973
1778636283.7975335,530.5750916004181,10515,14089,jpeg,0.05041623115539551
1778636283.84992,530.6274781227112,10516,14078,jpeg,0.05238652229309082
1778636283.8964832,530.6740412712097,10517,14080,jpeg,0.046563148498535156
1778636283.9467585,530.7243165969849,10518,14074,jpeg,0.050275325775146484
1778636284.000396,530.7779541015625,10519,14082,jpeg,0.05363750457763672
1778636284.0459762,530.8235342502594,10520,14088,jpeg,0.045580148696899414
1778636284.0987241,530.8762822151184,10521,14077,jpeg,0.05274796485900879
1778636284.1454422,530.9230003356934,10522,14079,jpeg,0.04671812057495117
1778636284.202035,530.979593038559,10523,14080,jpeg,0.056592702865600586
1778636284.248116,531.0256741046906,10524,14068,jpeg,0.0460810661315918
1778636284.294728,531.0722861289978,10525,14070,jpeg,0.04661202430725098
1778636284.3477237,531.1252818107605,10526,14101,jpeg,0.05299568176269531
1778636284.3969972,531.1745553016663,10527,14083,jpeg,0.04927349090576172
1778636284.4450128,531.2225708961487,10528,14091,jpeg,0.048015594482421875
1778636284.500744,531.278302192688,10529,14090,jpeg,0.05573129653930664
1778636284.5475662,531.3251242637634,10530,14098,jpeg,0.04682207107543945
1778636284.5991688,531.3767268657684,10531,14113,jpeg,0.05160260200500488
1778636284.6462474,531.423805475235,10532,14103,jpeg,0.047078609466552734
1778636284.696435,531.473993062973,10533,14065,jpeg,0.05018758773803711
1778636284.7440977,531.5216557979584,10534,14094,jpeg,0.04766273498535156
1778636284.7956285,531.5731866359711,10535,14106,jpeg,0.05153083801269531
1778636284.8509054,531.6284635066986,10536,14093,jpeg,0.05527687072753906
1778636284.8961523,531.6737103462219,10537,14073,jpeg,0.04524683952331543
1778636284.9466126,531.7241706848145,10538,14078,jpeg,0.0504603385925293
1778636284.993445,531.7710030078888,10539,14076,jpeg,0.04683232307434082
1778636285.043227,531.8207850456238,10540,14078,jpeg,0.04978203773498535
1778636285.09505,531.8726081848145,10541,14077,jpeg,0.05182313919067383
1778636285.1471174,531.9246754646301,10542,14076,jpeg,0.05206727981567383
1778636285.1953998,531.9729578495026,10543,14052,jpeg,0.04828238487243652
1778636285.2451696,532.02272772789,10544,14084,jpeg,0.04976987838745117
1778636285.2957056,532.0732636451721,10545,14100,jpeg,0.05053591728210449
1778636285.3468237,532.1243817806244,10546,14138,jpeg,0.05111813545227051
1778636285.3958323,532.1733903884888,10547,14096,jpeg,0.04900860786437988
1778636285.4446037,532.222161769867,10548,14104,jpeg,0.04877138137817383
1778636285.495715,532.2732729911804,10549,14097,jpeg,0.05111122131347656
1778636285.550694,532.3282520771027,10550,14107,jpeg,0.05497908592224121
1778636285.5964112,532.3739693164825,10551,14119,jpeg,0.04571723937988281
1778636285.6448689,532.4224269390106,10552,14104,jpeg,0.04845762252807617
1778636285.7002826,532.4778406620026,10553,14123,jpeg,0.05541372299194336
1778636285.745818,532.5233759880066,10554,14092,jpeg,0.04553532600402832
1778636285.794755,532.5723130702972,10555,14101,jpeg,0.048937082290649414
1778636285.8460865,532.6236445903778,10556,14098,jpeg,0.051331520080566406
1778636285.8989017,532.6764597892761,10557,14113,jpeg,0.05281519889831543
1778636285.9452302,532.7227883338928,10558,14077,jpeg,0.04632854461669922
1778636285.997579,532.7751371860504,10559,14083,jpeg,0.05234885215759277
1778636286.046862,532.8244199752808,10560,14101,jpeg,0.04928278923034668
1778636286.0942762,532.8718342781067,10561,14059,jpeg,0.047414302825927734
1778636286.1453037,532.9228618144989,10562,14053,jpeg,0.051027536392211914
1778636286.1941361,532.9716942310333,10563,14097,jpeg,0.04883241653442383
1778636286.2439725,533.0215306282043,10564,14071,jpeg,0.04983639717102051
1778636286.2964385,533.0739965438843,10565,14099,jpeg,0.05246591567993164
1778636286.348055,533.1256129741669,10566,14069,jpeg,0.05161643028259277
1778636286.397504,533.1750621795654,10567,14075,jpeg,0.04944920539855957
1778636286.4491925,533.2267506122589,10568,14067,jpeg,0.051688432693481445
1778636286.4996727,533.2772307395935,10569,14097,jpeg,0.05048012733459473
1778636286.5475671,533.3251252174377,10570,14105,jpeg,0.04789447784423828
1778636286.6029568,533.3805148601532,10571,14083,jpeg,0.0553896427154541
1778636286.645151,533.4227089881897,10572,14087,jpeg,0.04219412803649902
1778636286.6957493,533.4733073711395,10573,14095,jpeg,0.0505983829498291
1778636286.751971,533.529529094696,10574,14086,jpeg,0.056221723556518555
1778636286.7959516,533.5735096931458,10575,14105,jpeg,0.04398059844970703
1778636286.8451104,533.622668504715,10576,14102,jpeg,0.04915881156921387
1778636286.8954105,533.6729686260223,10577,14115,jpeg,0.05030012130737305
1778636286.9465897,533.7241477966309,10578,14139,jpeg,0.05117917060852051
1778636286.9962401,533.7737982273102,10579,14120,jpeg,0.04965043067932129
1778636287.0467522,533.8243103027344,10580,14095,jpeg,0.050512075424194336
1778636287.0967834,533.8743414878845,10581,14108,jpeg,0.050031185150146484
1778636287.1453698,533.9229278564453,10582,14079,jpeg,0.048586368560791016
1778636287.1964707,533.9740288257599,10583,14092,jpeg,0.051100969314575195
1778636287.2482133,534.0257713794708,10584,14068,jpeg,0.0517425537109375
1778636287.295357,534.0729150772095,10585,14077,jpeg,0.04714369773864746
1778636287.3489645,534.1265225410461,10586,14098,jpeg,0.05360746383666992
1778636287.3968134,534.1743714809418,10587,14090,jpeg,0.04784893989562988
1778636287.4452846,534.2228426933289,10588,14093,jpeg,0.04847121238708496
1778636287.497365,534.2749230861664,10589,14088,jpeg,0.052080392837524414
1778636287.546922,534.3244800567627,10590,14098,jpeg,0.04955697059631348
1778636287.5996094,534.3771674633026,10591,14090,jpeg,0.05268740653991699
1778636287.6462317,534.4237897396088,10592,14092,jpeg,0.046622276306152344
1778636287.6954093,534.4729673862457,10593,14095,jpeg,0.04917764663696289
1778636287.7492442,534.5268023014069,10594,14093,jpeg,0.05383491516113281
1778636287.7953553,534.5729134082794,10595,14064,jpeg,0.046111106872558594
1778636287.8503253,534.6278834342957,10596,14056,jpeg,0.05497002601623535
1778636287.8984787,534.6760368347168,10597,14064,jpeg,0.04815340042114258
1778636287.9451792,534.7227373123169,10598,14098,jpeg,0.046700477600097656
1778636287.9961812,534.7737393379211,10599,14093,jpeg,0.05100202560424805
1778636288.0487654,534.8263235092163,10600,14092,jpeg,0.052584171295166016
1778636288.0952911,534.8728492259979,10601,14085,jpeg,0.04652571678161621
1778636288.148298,534.9258561134338,10602,14096,jpeg,0.053006887435913086
1778636288.196302,534.9738600254059,10603,14116,jpeg,0.0480039119720459
1778636288.2449088,535.0224668979645,10604,14110,jpeg,0.04860687255859375
1778636288.2936456,535.0712037086487,10605,14117,jpeg,0.0487368106842041
1778636288.344315,535.1218731403351,10606,14088,jpeg,0.05066943168640137
1778636288.3945208,535.1720788478851,10607,14096,jpeg,0.05020570755004883
1778636288.4498253,535.2273833751678,10608,14084,jpeg,0.055304527282714844
1778636288.494871,535.2724289894104,10609,14079,jpeg,0.04504561424255371
1778636288.5480351,535.3255932331085,10610,14099,jpeg,0.05316424369812012
1778636288.5959563,535.3735144138336,10611,14080,jpeg,0.047921180725097656
1778636288.6441867,535.4217448234558,10612,14087,jpeg,0.04823040962219238
1778636288.696598,535.4741561412811,10613,14075,jpeg,0.05241131782531738
1778636288.7440228,535.5215809345245,10614,14113,jpeg,0.0474247932434082
1778636288.798225,535.5757830142975,10615,14090,jpeg,0.05420207977294922
1778636288.8475435,535.6251015663147,10616,14074,jpeg,0.049318552017211914
1778636288.8949735,535.6725316047668,10617,14066,jpeg,0.04743003845214844
1778636288.942742,535.7203001976013,10618,14112,jpeg,0.047768592834472656
1778636288.9969482,535.7745063304901,10619,14094,jpeg,0.054206132888793945
1778636289.0443335,535.8218915462494,10620,14077,jpeg,0.047385215759277344
1778636289.0956268,535.8731849193573,10621,14098,jpeg,0.051293373107910156
1778636289.150517,535.9280750751495,10622,14079,jpeg,0.05489015579223633
1778636289.1958685,535.9734265804291,10623,14105,jpeg,0.045351505279541016
1778636289.2458735,536.0234315395355,10624,14076,jpeg,0.05000495910644531
1778636289.2952766,536.0728347301483,10625,14104,jpeg,0.04940319061279297
1778636289.3455465,536.1231045722961,10626,14090,jpeg,0.05026984214782715
1778636289.396505,536.174063205719,10627,14074,jpeg,0.05095863342285156
1778636289.445799,536.2233572006226,10628,14079,jpeg,0.04929399490356445
1778636289.4943666,536.2719247341156,10629,14087,jpeg,0.04856753349304199
1778636289.545163,536.3227210044861,10630,14085,jpeg,0.0507962703704834
1778636289.5946443,536.3722023963928,10631,14077,jpeg,0.04948139190673828
1778636289.6484084,536.425966501236,10632,14094,jpeg,0.05376410484313965
1778636289.6942818,536.4718399047852,10633,14095,jpeg,0.045873403549194336
1778636289.7448518,536.5224099159241,10634,14115,jpeg,0.050570011138916016
1778636289.8011324,536.5786905288696,10635,14092,jpeg,0.05628061294555664
1778636289.8462849,536.6238429546356,10636,14085,jpeg,0.04515242576599121
1778636289.9022424,536.6798005104065,10637,14097,jpeg,0.05595755577087402
1778636289.9494905,536.7270486354828,10638,14087,jpeg,0.047248125076293945
1778636289.9959545,536.7735126018524,10639,14086,jpeg,0.046463966369628906
1778636290.0436444,536.8212025165558,10640,14076,jpeg,0.04768991470336914
1778636290.0922453,536.8698034286499,10641,14068,jpeg,0.04860091209411621
1778636290.14412,536.9216780662537,10642,14085,jpeg,0.051874637603759766
1778636290.1965168,536.9740748405457,10643,14059,jpeg,0.05239677429199219
1778636290.2454865,537.0230445861816,10644,14096,jpeg,0.04896974563598633
1778636290.2983005,537.0758585929871,10645,14091,jpeg,0.05281400680541992
1778636290.3454244,537.1229825019836,10646,14106,jpeg,0.04712390899658203
1778636290.396765,537.1743230819702,10647,14087,jpeg,0.051340579986572266
1778636290.444372,537.221930027008,10648,14085,jpeg,0.0476069450378418
1778636290.4945745,537.2721326351166,10649,14098,jpeg,0.05020260810852051
1778636290.5469718,537.3245298862457,10650,14085,jpeg,0.05239725112915039
1778636290.596012,537.3735702037811,10651,14083,jpeg,0.04904031753540039
1778636290.6464372,537.423995256424,10652,14086,jpeg,0.050425052642822266
1778636290.6942003,537.4717583656311,10653,14060,jpeg,0.04776310920715332
1778636290.7458916,537.5234496593475,10654,14074,jpeg,0.051691293716430664
1778636290.7932465,537.5708045959473,10655,14102,jpeg,0.047354936599731445
1778636290.8483744,537.6259324550629,10656,14087,jpeg,0.055127859115600586
1778636290.8937294,537.6712875366211,10657,14079,jpeg,0.04535508155822754
1778636290.9442863,537.7218444347382,10658,14076,jpeg,0.05055689811706543
1778636290.9950893,537.7726473808289,10659,14093,jpeg,0.05080294609069824
1778636291.0424914,537.8200495243073,10660,14076,jpeg,0.047402143478393555
1778636291.0936513,537.8712093830109,10661,14109,jpeg,0.05115985870361328
1778636291.144334,537.9218921661377,10662,14103,jpeg,0.050682783126831055
1778636291.1965292,537.9740872383118,10663,14109,jpeg,0.052195072174072266
1778636291.2450519,538.0226099491119,10664,14087,jpeg,0.0485227108001709
1778636291.2937906,538.0713486671448,10665,14073,jpeg,0.048738718032836914
1778636291.3432336,538.1207916736603,10666,14076,jpeg,0.04944300651550293
1778636291.3973296,538.1748876571655,10667,14088,jpeg,0.05409598350524902
1778636291.448646,538.2262041568756,10668,14095,jpeg,0.05131649971008301
1778636291.4911351,538.2686932086945,10669,14116,jpeg,0.042489051818847656
1778636291.5480044,538.3255624771118,10670,14089,jpeg,0.0568692684173584
1778636291.5930748,538.3706328868866,10671,14086,jpeg,0.04507040977478027
1778636291.642751,538.4203090667725,10672,14084,jpeg,0.04967617988586426
1778636291.693341,538.470899105072,10673,14077,jpeg,0.05059003829956055
1778636291.7464745,538.5240325927734,10674,14099,jpeg,0.053133487701416016
1778636291.7936478,538.5712058544159,10675,14101,jpeg,0.047173261642456055
1778636291.8429787,538.6205368041992,10676,14118,jpeg,0.049330949783325195
1778636291.8915124,538.669070482254,10677,14121,jpeg,0.04853367805480957
1778636291.9437187,538.7212767601013,10678,14122,jpeg,0.05220627784729004
1778636291.9946835,538.7722415924072,10679,14112,jpeg,0.0509648323059082
1778636292.0435364,538.8210945129395,10680,14143,jpeg,0.04885292053222656
1778636292.096877,538.8744351863861,10681,14077,jpeg,0.05334067344665527
1778636292.144212,538.9217700958252,10682,14090,jpeg,0.047334909439086914
1778636292.1971092,538.9746673107147,10683,14101,jpeg,0.05289721488952637
1778636292.2459269,539.0234849452972,10684,14075,jpeg,0.04881763458251953
1778636292.2944643,539.0720224380493,10685,14109,jpeg,0.048537492752075195
1778636292.349526,539.1270840167999,10686,14116,jpeg,0.05506157875061035
1778636292.395906,539.1734640598297,10687,14102,jpeg,0.046380043029785156
1778636292.4520683,539.22962641716,10688,14098,jpeg,0.056162357330322266
1778636292.493176,539.2707340717316,10689,14094,jpeg,0.0411076545715332
1778636292.545006,539.322564125061,10690,14109,jpeg,0.05183005332946777
1778636292.5985143,539.3760724067688,10691,14123,jpeg,0.05350828170776367
1778636292.6469254,539.424483537674,10692,14111,jpeg,0.04841113090515137
1778636292.6960723,539.4736304283142,10693,14100,jpeg,0.04914689064025879
1778636292.750065,539.5276231765747,10694,14099,jpeg,0.05399274826049805
1778636292.796895,539.5744531154633,10695,14088,jpeg,0.046829938888549805
1778636292.8523052,539.6298632621765,10696,14096,jpeg,0.055410146713256836
1778636292.8966563,539.6742143630981,10697,14089,jpeg,0.04435110092163086
1778636292.9434884,539.7210464477539,10698,14083,jpeg,0.04683208465576172
1778636292.995948,539.7735061645508,10699,14086,jpeg,0.052459716796875
1778636293.0441334,539.8216915130615,10700,14103,jpeg,0.04818534851074219
1778636293.0952258,539.8727838993073,10701,14099,jpeg,0.05109238624572754
1778636293.1454296,539.9229876995087,10702,14081,jpeg,0.050203800201416016
1778636293.1952913,539.9728493690491,10703,14096,jpeg,0.04986166954040527
1778636293.243285,540.0208430290222,10704,14106,jpeg,0.04799365997314453
1778636293.2966018,540.074159860611,10705,14103,jpeg,0.05331683158874512
1778636293.346955,540.1245131492615,10706,14099,jpeg,0.050353288650512695
1778636293.3998873,540.1774454116821,10707,14106,jpeg,0.0529322624206543
1778636293.448184,540.2257421016693,10708,14101,jpeg,0.04829668998718262
1778636293.4959278,540.2734858989716,10709,14089,jpeg,0.047743797302246094
1778636293.5459437,540.3235018253326,10710,14088,jpeg,0.050015926361083984
1778636293.595828,540.3733861446381,10711,14060,jpeg,0.04988431930541992
1778636293.649848,540.4274060726166,10712,14048,jpeg,0.054019927978515625
1778636293.6958537,540.4734117984772,10713,14057,jpeg,0.0460057258605957
1778636293.746712,540.5242700576782,10714,14069,jpeg,0.050858259201049805
1778636293.7941635,540.5717215538025,10715,14077,jpeg,0.04745149612426758
1778636293.8597627,540.6373207569122,10716,14096,jpeg,0.06559920310974121
1778636293.8900661,540.6676242351532,10717,14073,jpeg,0.030303478240966797
1778636293.942114,540.719672203064,10718,14099,jpeg,0.0520479679107666
1778636293.9979358,540.7754938602448,10719,14069,jpeg,0.05582165718078613
1778636294.0445998,540.8221578598022,10720,14123,jpeg,0.04666399955749512
1778636294.0922694,540.8698275089264,10721,14114,jpeg,0.04766964912414551
1778636294.1466465,540.9242045879364,10722,14096,jpeg,0.054377079010009766
1778636294.1922204,540.9697785377502,10723,14100,jpeg,0.04557394981384277
1778636294.2480624,541.0256204605103,10724,14121,jpeg,0.055841922760009766
1778636294.294087,541.0716450214386,10725,14102,jpeg,0.04602456092834473
1778636294.3453922,541.1229503154755,10726,14116,jpeg,0.051305294036865234
1778636294.3948429,541.1724009513855,10727,14107,jpeg,0.04945063591003418
1778636294.4470074,541.2245655059814,10728,14062,jpeg,0.052164554595947266
1778636294.500043,541.2776010036469,10729,14118,jpeg,0.05303549766540527
1778636294.5490444,541.3266024589539,10730,14107,jpeg,0.049001455307006836
1778636294.591989,541.3695471286774,10731,14123,jpeg,0.04294466972351074
1778636294.6428645,541.4204225540161,10732,14119,jpeg,0.05087542533874512
1778636294.6941106,541.4716687202454,10733,14095,jpeg,0.05124616622924805
1778636294.7449791,541.5225372314453,10734,14126,jpeg,0.05086851119995117
1778636294.7964716,541.5740296840668,10735,14112,jpeg,0.05149245262145996
1778636294.8442593,541.6218173503876,10736,14135,jpeg,0.04778766632080078
1778636294.896572,541.6741302013397,10737,14087,jpeg,0.05231285095214844
1778636294.943881,541.7214391231537,10738,14115,jpeg,0.047308921813964844
1778636294.9939187,541.7714767456055,10739,14109,jpeg,0.05003762245178223
1778636295.0437603,541.8213183879852,10740,14112,jpeg,0.04984164237976074
1778636295.0921187,541.8696768283844,10741,14088,jpeg,0.04835844039916992
1778636295.1431806,541.920738697052,10742,14127,jpeg,0.05106186866760254
1778636295.1906955,541.9682536125183,10743,14075,jpeg,0.047514915466308594
1778636295.2405584,542.0181164741516,10744,14102,jpeg,0.04986286163330078
1778636295.295455,542.0730130672455,10745,14105,jpeg,0.05489659309387207
1778636295.342673,542.1202311515808,10746,14097,jpeg,0.04721808433532715
1778636295.3918755,542.16943359375,10747,14111,jpeg,0.04920244216918945
1778636295.4479887,542.225546836853,10748,14097,jpeg,0.056113243103027344
1778636295.4914827,542.2690408229828,10749,14093,jpeg,0.04349398612976074
1778636295.5412292,542.3187873363495,10750,14089,jpeg,0.04974651336669922
1778636295.5926871,542.370245218277,10751,14095,jpeg,0.051457881927490234
1778636295.646701,542.424259185791,10752,14095,jpeg,0.054013967514038086
1778636295.696196,542.4737541675568,10753,14113,jpeg,0.04949498176574707
1778636295.7479646,542.5255227088928,10754,14113,jpeg,0.05176854133605957
1778636295.7914953,542.5690534114838,10755,14093,jpeg,0.04353070259094238
1778636295.8419785,542.6195366382599,10756,14087,jpeg,0.05048322677612305
1778636295.894265,542.6718230247498,10757,14099,jpeg,0.052286386489868164
1778636295.9443934,542.7219514846802,10758,14086,jpeg,0.05012845993041992
1778636295.9933999,542.7709579467773,10759,14096,jpeg,0.04900646209716797
1778636296.0444846,542.8220427036285,10760,14120,jpeg,0.05108475685119629
1778636296.0928268,542.8703849315643,10761,14081,jpeg,0.048342227935791016
1778636296.1411996,542.9187576770782,10762,14078,jpeg,0.048372745513916016
1778636296.1930487,542.970606803894,10763,14096,jpeg,0.0518491268157959
1778636296.2423933,543.0199513435364,10764,14081,jpeg,0.049344539642333984
1778636296.2969084,543.0744664669037,10765,14106,jpeg,0.05451512336730957
1778636296.350108,543.1276659965515,10766,14120,jpeg,0.05319952964782715
1778636296.3937068,543.1712648868561,10767,14098,jpeg,0.04359889030456543
1778636296.446937,543.2244951725006,10768,14102,jpeg,0.05323028564453125
1778636296.4934924,543.271050453186,10769,14079,jpeg,0.046555280685424805
1778636296.5419018,543.3194599151611,10770,14085,jpeg,0.048409461975097656
1778636296.5928264,543.3703844547272,10771,14118,jpeg,0.05092453956604004
1778636296.644199,543.4217569828033,10772,14088,jpeg,0.051372528076171875
1778636296.697188,543.4747459888458,10773,14077,jpeg,0.05298900604248047
1778636296.7417796,543.5193376541138,10774,14091,jpeg,0.044591665267944336
1778636296.7944632,543.5720212459564,10775,14069,jpeg,0.05268359184265137
1778636296.84508,543.6226379871368,10776,14074,jpeg,0.05061674118041992
1778636296.893334,543.6708920001984,10777,14074,jpeg,0.04825401306152344
1778636296.9521155,543.7296736240387,10778,14092,jpeg,0.05878162384033203
1778636296.9942224,543.7717804908752,10779,14106,jpeg,0.04210686683654785
1778636297.0463648,543.8239228725433,10780,14102,jpeg,0.05214238166809082
1778636297.0925252,543.8700833320618,10781,14113,jpeg,0.04616045951843262
1778636297.14278,543.9203381538391,10782,14082,jpeg,0.05025482177734375
1778636297.1927476,543.9703056812286,10783,14088,jpeg,0.04996752738952637
1778636297.2422698,544.0198278427124,10784,14096,jpeg,0.04952216148376465
1778636297.3082154,544.0857734680176,10785,14075,jpeg,0.06594562530517578
1778636297.3430884,544.1206464767456,10786,14084,jpeg,0.034873008728027344
1778636297.3956342,544.1731922626495,10787,14098,jpeg,0.052545785903930664
1778636297.4479249,544.2254829406738,10788,14075,jpeg,0.05229067802429199
1778636297.4930952,544.2706532478333,10789,14095,jpeg,0.04517030715942383
1778636297.5473673,544.3249254226685,10790,14096,jpeg,0.05427217483520508
1778636297.592615,544.3701729774475,10791,14089,jpeg,0.045247554779052734
1778636297.643696,544.42125415802,10792,14078,jpeg,0.051081180572509766
1778636297.693591,544.4711492061615,10793,14060,jpeg,0.04989504814147949
1778636297.7497013,544.527259349823,10794,14084,jpeg,0.05611014366149902
1778636297.7948987,544.5724568367004,10795,14091,jpeg,0.045197486877441406
1778636297.8425493,544.6201074123383,10796,14083,jpeg,0.04765057563781738
1778636297.8907764,544.6683344841003,10797,14078,jpeg,0.04822707176208496
1778636297.942331,544.719889163971,10798,14095,jpeg,0.05155467987060547
1778636297.993162,544.7707200050354,10799,14067,jpeg,0.050830841064453125
1778636298.0482702,544.8258283138275,10800,14038,jpeg,0.05510830879211426
1778636298.091952,544.8695101737976,10801,14078,jpeg,0.04368185997009277
1778636298.142302,544.919860124588,10802,14104,jpeg,0.05034995079040527
1778636298.191722,544.9692800045013,10803,14110,jpeg,0.04941987991333008
1778636298.2413619,545.0189199447632,10804,14094,jpeg,0.04963994026184082
1778636298.292511,545.0700690746307,10805,14074,jpeg,0.05114912986755371
1778636298.344379,545.1219370365143,10806,14079,jpeg,0.05186796188354492
1778636298.3913267,545.1688847541809,10807,14074,jpeg,0.04694771766662598
1778636298.4451258,545.2226839065552,10808,14097,jpeg,0.05379915237426758
1778636298.4936159,545.27117395401,10809,14100,jpeg,0.048490047454833984
1778636298.5428996,545.3204576969147,10810,14109,jpeg,0.049283742904663086
1778636298.6112967,545.3888547420502,10811,14078,jpeg,0.06839704513549805
1778636298.642731,545.4202890396118,10812,14106,jpeg,0.03143429756164551
1778636298.6945162,545.4720742702484,10813,14112,jpeg,0.05178523063659668
1778636298.7423024,545.5198605060577,10814,14087,jpeg,0.04778623580932617
1778636298.7945445,545.5721025466919,10815,14111,jpeg,0.05224204063415527
1778636298.8409727,545.6185307502747,10816,14096,jpeg,0.04642820358276367
1778636298.8933578,545.6709158420563,10817,14091,jpeg,0.05238509178161621
1778636298.9489026,545.7264606952667,10818,14092,jpeg,0.05554485321044922
1778636298.9925227,545.7700808048248,10819,14091,jpeg,0.04362010955810547
1778636299.0433578,545.8209159374237,10820,14064,jpeg,0.05083513259887695
1778636299.09819,545.8757481575012,10821,14066,jpeg,0.05483222007751465
1778636299.1424596,545.9200177192688,10822,14083,jpeg,0.044269561767578125
1778636299.192165,545.9697229862213,10823,14100,jpeg,0.04970526695251465
1778636299.2427328,546.020290851593,10824,14119,jpeg,0.0505678653717041
1778636299.290383,546.0679411888123,10825,14087,jpeg,0.04765033721923828
1778636299.3446126,546.1221706867218,10826,14103,jpeg,0.0542294979095459
1778636299.3932638,546.1708219051361,10827,14072,jpeg,0.04865121841430664
1778636299.440601,546.218159198761,10828,14074,jpeg,0.04733729362487793
1778636299.4935322,546.2710902690887,10829,14089,jpeg,0.05293107032775879
1778636299.549657,546.3272151947021,10830,14103,jpeg,0.05612492561340332
1778636299.5992544,546.3768124580383,10831,14090,jpeg,0.04959726333618164
1778636299.6449692,546.4225273132324,10832,14112,jpeg,0.0457148551940918
1778636299.6934886,546.4710466861725,10833,14072,jpeg,0.04851937294006348
1778636299.7406979,546.5182559490204,10834,14092,jpeg,0.04720926284790039
1778636299.8011112,546.5786693096161,10835,14103,jpeg,0.060413360595703125
1778636299.8427,546.6202580928802,10836,14104,jpeg,0.041588783264160156
1778636299.8913374,546.668895483017,10837,14077,jpeg,0.04863739013671875
1778636299.9439762,546.7215342521667,10838,14051,jpeg,0.05263876914978027
1778636299.9916236,546.769181728363,10839,14089,jpeg,0.04764747619628906
1778636300.0401597,546.8177177906036,10840,14078,jpeg,0.048536062240600586
1778636300.1060936,546.8836517333984,10841,14068,jpeg,0.0659339427947998
1778636300.1390874,546.916645526886,10842,14079,jpeg,0.03299379348754883
1778636300.1903162,546.967874288559,10843,14069,jpeg,0.05122876167297363
1778636300.242296,547.0198540687561,10844,14066,jpeg,0.051979780197143555
1778636300.2891917,547.0667498111725,10845,14100,jpeg,0.046895742416381836
1778636300.3456762,547.1232342720032,10846,14111,jpeg,0.05648446083068848
1778636300.3972974,547.1748554706573,10847,14102,jpeg,0.051621198654174805
1778636300.4491715,547.226729631424,10848,14088,jpeg,0.05187416076660156
1778636300.4957001,547.2732582092285,10849,14115,jpeg,0.04652857780456543
1778636300.5417635,547.3193216323853,10850,14079,jpeg,0.04606342315673828
1778636300.5906975,547.3682556152344,10851,14089,jpeg,0.048933982849121094
1778636300.64291,547.4204680919647,10852,14103,jpeg,0.05221247673034668
1778636300.694436,547.4719941616058,10853,14099,jpeg,0.05152606964111328
1778636300.7453067,547.522864818573,10854,14089,jpeg,0.050870656967163086
1778636300.7930589,547.5706169605255,10855,14094,jpeg,0.04775214195251465
1778636300.845209,547.6227669715881,10856,14101,jpeg,0.05215001106262207
1778636300.8902915,547.6678495407104,10857,14087,jpeg,0.04508256912231445
1778636300.9518707,547.729428768158,10858,14093,jpeg,0.061579227447509766
1778636300.9945898,547.7721478939056,10859,14075,jpeg,0.042719125747680664
1778636301.0445063,547.8220643997192,10860,14094,jpeg,0.04991650581359863
1778636301.0894482,547.8670063018799,10861,14072,jpeg,0.04494190216064453
1778636301.1427095,547.9202675819397,10862,14062,jpeg,0.05326128005981445
1778636301.1920419,547.9695999622345,10863,14092,jpeg,0.049332380294799805
1778636301.247665,548.0252230167389,10864,14081,jpeg,0.05562305450439453
1778636301.2920127,548.0695707798004,10865,14087,jpeg,0.04434776306152344
1778636301.3414054,548.1189634799957,10866,14094,jpeg,0.0493927001953125
1778636301.3936012,548.1711592674255,10867,14093,jpeg,0.05219578742980957
1778636301.4416459,548.2192039489746,10868,14099,jpeg,0.048044681549072266
1778636301.4950335,548.2725915908813,10869,14092,jpeg,0.05338764190673828
1778636301.5420396,548.3195977210999,10870,14087,jpeg,0.04700613021850586
1778636301.590683,548.368241071701,10871,14117,jpeg,0.04864335060119629
1778636301.6470068,548.4245648384094,10872,14087,jpeg,0.05632376670837402
1778636301.6907432,548.4683012962341,10873,14075,jpeg,0.04373645782470703
1778636301.7495286,548.5270867347717,10874,14110,jpeg,0.058785438537597656
1778636301.798327,548.5758850574493,10875,14078,jpeg,0.048798322677612305
1778636301.8432949,548.6208529472351,10876,14095,jpeg,0.0449678897857666
1778636301.8986163,548.6761744022369,10877,14079,jpeg,0.055321455001831055
1778636301.9405856,548.7181437015533,10878,14068,jpeg,0.04196929931640625
1778636301.9926407,548.7701988220215,10879,14115,jpeg,0.05205512046813965
1778636302.0451725,548.8227305412292,10880,14100,jpeg,0.05253171920776367
1778636302.089622,548.867180109024,10881,14098,jpeg,0.044449567794799805
1778636302.1410658,548.9186239242554,10882,14103,jpeg,0.05144381523132324
1778636302.1951323,548.9726903438568,10883,14089,jpeg,0.05406641960144043
1778636302.2438142,549.0213723182678,10884,14082,jpeg,0.04868197441101074
1778636302.2917328,549.0692908763885,10885,14095,jpeg,0.04791855812072754
1778636302.3455744,549.1231324672699,10886,14104,jpeg,0.053841590881347656
1778636302.3940363,549.1715943813324,10887,14126,jpeg,0.0484619140625
1778636302.4402997,549.217857837677,10888,14101,jpeg,0.04626345634460449
1778636302.4973824,549.2749404907227,10889,14098,jpeg,0.0570826530456543
1778636302.5444314,549.3219895362854,10890,14091,jpeg,0.04704904556274414
1778636302.589828,549.3673861026764,10891,14106,jpeg,0.04539656639099121
1778636302.6449137,549.4224717617035,10892,14092,jpeg,0.05508565902709961
1778636302.6914704,549.4690284729004,10893,14080,jpeg,0.046556711196899414
1778636302.7397516,549.5173096656799,10894,14092,jpeg,0.048281192779541016
1778636302.7949781,549.5725362300873,10895,14094,jpeg,0.05522656440734863
1778636302.8439462,549.6215043067932,10896,14094,jpeg,0.04896807670593262
1778636302.892883,549.6704411506653,10897,14095,jpeg,0.04893684387207031
1778636302.9453588,549.722916841507,10898,14082,jpeg,0.052475690841674805
1778636302.9925363,549.7700943946838,10899,14098,jpeg,0.04717755317687988
1778636303.0428379,549.8203959465027,10900,14102,jpeg,0.050301551818847656
1778636303.0961583,549.8737163543701,10901,14090,jpeg,0.05332040786743164
1778636303.1576357,549.9351937770844,10902,14088,jpeg,0.0614774227142334
1778636303.1903496,549.96790766716,10903,14104,jpeg,0.032713890075683594
1778636303.239433,550.0169911384583,10904,14084,jpeg,0.04908347129821777
1778636303.2924,550.0699579715729,10905,14091,jpeg,0.05296683311462402
1778636303.3421657,550.1197237968445,10906,14104,jpeg,0.049765825271606445
1778636303.395537,550.1730949878693,10907,14076,jpeg,0.05337119102478027
1778636303.4414723,550.219030380249,10908,14075,jpeg,0.04593539237976074
1778636303.4901161,550.2676742076874,10909,14093,jpeg,0.04864382743835449
1778636303.5430756,550.320633649826,10910,14099,jpeg,0.052959442138671875
1778636303.5910254,550.3685834407806,10911,14115,jpeg,0.047949790954589844
1778636303.6398504,550.4174084663391,10912,14081,jpeg,0.04882502555847168
1778636303.6921353,550.4696934223175,10913,14062,jpeg,0.052284955978393555
1778636303.7435114,550.5210695266724,10914,14080,jpeg,0.0513761043548584
1778636303.7900147,550.5675728321075,10915,14109,jpeg,0.046503305435180664
1778636303.8431146,550.6206727027893,10916,14083,jpeg,0.053099870681762695
1778636303.8891635,550.6667215824127,10917,14093,jpeg,0.046048879623413086
1778636303.9399846,550.7175426483154,10918,14090,jpeg,0.05082106590270996
1778636303.9966362,550.7741942405701,10919,14080,jpeg,0.05665159225463867
1778636304.0453188,550.8228769302368,10920,14110,jpeg,0.04868268966674805
1778636304.091998,550.8695561885834,10921,14121,jpeg,0.04667925834655762
1778636304.1409597,550.9185178279877,10922,14082,jpeg,0.048961639404296875
1778636304.1947806,550.9723386764526,10923,14127,jpeg,0.05382084846496582
1778636304.2410586,551.0186166763306,10924,14096,jpeg,0.04627799987792969
1778636304.2926426,551.0702006816864,10925,14092,jpeg,0.05158400535583496
1778636304.3466544,551.1242125034332,10926,14103,jpeg,0.05401182174682617
1778636304.3955662,551.1731243133545,10927,14070,jpeg,0.04891180992126465
1778636304.441901,551.2194590568542,10928,14092,jpeg,0.04633474349975586
1778636304.489298,551.2668561935425,10929,14097,jpeg,0.04739713668823242
1778636304.5431938,551.3207519054413,10930,14096,jpeg,0.05389571189880371
1778636304.5910838,551.3686418533325,10931,14101,jpeg,0.04788994789123535
1778636304.640028,551.4175860881805,10932,14115,jpeg,0.04894423484802246
1778636304.6920924,551.4696505069733,10933,14112,jpeg,0.05206441879272461
1778636304.7443845,551.521942615509,10934,14105,jpeg,0.0522921085357666
1778636304.789768,551.5673260688782,10935,14082,jpeg,0.045383453369140625
1778636304.843249,551.6208071708679,10936,14092,jpeg,0.053481101989746094
1778636304.891504,551.6690621376038,10937,14090,jpeg,0.048254966735839844
1778636304.941804,551.7193620204926,10938,14115,jpeg,0.050299882888793945
1778636304.99063,551.7681879997253,10939,14108,jpeg,0.048825979232788086
1778636305.044868,551.8224260807037,10940,14092,jpeg,0.054238080978393555
1778636305.0909498,551.8685078620911,10941,14077,jpeg,0.0460817813873291
1778636305.1397512,551.9173092842102,10942,14079,jpeg,0.048801422119140625
1778636305.19645,551.9740080833435,10943,14081,jpeg,0.05669879913330078
1778636305.2413626,552.0189206600189,10944,14100,jpeg,0.04491257667541504
1778636305.2915237,552.0690817832947,10945,14082,jpeg,0.050161123275756836
1778636305.3412585,552.118816614151,10946,14103,jpeg,0.04973483085632324
1778636305.3909361,552.1684942245483,10947,14090,jpeg,0.04967761039733887
1778636305.448136,552.2256941795349,10948,14097,jpeg,0.057199954986572266
1778636305.4907289,552.2682869434357,10949,14095,jpeg,0.042592763900756836
1778636305.5402844,552.3178424835205,10950,14106,jpeg,0.04955554008483887
1778636305.5946152,552.3721733093262,10951,14088,jpeg,0.05433082580566406
1778636305.6399977,552.417555809021,10952,14098,jpeg,0.04538249969482422
1778636305.691423,552.4689810276031,10953,14115,jpeg,0.05142521858215332
1778636305.7409554,552.5185134410858,10954,14107,jpeg,0.049532413482666016
1778636305.7913036,552.5688617229462,10955,14073,jpeg,0.05034828186035156
1778636305.8386705,552.6162285804749,10956,14087,jpeg,0.04736685752868652
1778636305.8898935,552.6674516201019,10957,14106,jpeg,0.051223039627075195
1778636305.9446993,552.7222573757172,10958,14121,jpeg,0.054805755615234375
1778636305.9895751,552.7671332359314,10959,14084,jpeg,0.0448758602142334
1778636306.0395038,552.8170619010925,10960,14097,jpeg,0.04992866516113281
1778636306.0957675,552.873325586319,10961,14080,jpeg,0.05626368522644043
1778636306.139553,552.917111158371,10962,14096,jpeg,0.04378557205200195
1778636306.1893961,552.9669542312622,10963,14083,jpeg,0.04984307289123535
1778636306.241024,553.0185821056366,10964,14085,jpeg,0.05162787437438965
1778636306.2896693,553.0672273635864,10965,14128,jpeg,0.0486452579498291
1778636306.3376021,553.1151602268219,10966,14104,jpeg,0.04793286323547363
1778636306.390614,553.168172121048,10967,14091,jpeg,0.05301189422607422
1778636306.441218,553.2187759876251,10968,14101,jpeg,0.05060386657714844
1778636306.4908586,553.2684166431427,10969,14101,jpeg,0.049640655517578125
1778636306.5431268,553.3206849098206,10970,14075,jpeg,0.052268266677856445
1778636306.5893126,553.3668706417084,10971,14078,jpeg,0.04618573188781738
1778636306.6379235,553.4154815673828,10972,14116,jpeg,0.04861092567443848
1778636306.6965232,553.4740812778473,10973,14103,jpeg,0.05859971046447754
1778636306.7439926,553.521550655365,10974,14103,jpeg,0.047469377517700195
1778636306.7959576,553.5735156536102,10975,14106,jpeg,0.05196499824523926
1778636306.8569832,553.6345412731171,10976,14097,jpeg,0.06102561950683594
1778636306.8973331,553.6748912334442,10977,14085,jpeg,0.04034996032714844
1778636306.9384186,553.7159767150879,10978,14095,jpeg,0.04108548164367676
1778636306.989125,553.766683101654,10979,14096,jpeg,0.05070638656616211
1778636307.0405004,553.8180584907532,10980,14106,jpeg,0.051375389099121094
1778636307.0913706,553.8689286708832,10981,14079,jpeg,0.05087018013000488
1778636307.1403375,553.9178955554962,10982,14103,jpeg,0.04896688461303711
1778636307.1981514,553.975709438324,10983,14074,jpeg,0.05781388282775879
1778636307.2405276,554.0180857181549,10984,14085,jpeg,0.04237627983093262
1778636307.2989924,554.0765504837036,10985,14072,jpeg,0.058464765548706055
1778636307.3389995,554.116557598114,10986,14092,jpeg,0.04000711441040039
1778636307.3902276,554.1677856445312,10987,14095,jpeg,0.05122804641723633
1778636307.4409444,554.2185025215149,10988,14077,jpeg,0.05071687698364258
1778636307.4903762,554.2679343223572,10989,14084,jpeg,0.049431800842285156
1778636307.5386128,554.3161709308624,10990,14095,jpeg,0.04823660850524902
1778636307.5927384,554.3702964782715,10991,14085,jpeg,0.05412554740905762
1778636307.6388164,554.4163744449615,10992,14081,jpeg,0.04607796669006348
1778636307.6889336,554.4664916992188,10993,14074,jpeg,0.05011725425720215
1778636307.7436235,554.5211815834045,10994,14123,jpeg,0.054689884185791016
1778636307.790045,554.5676031112671,10995,14107,jpeg,0.04642152786254883
1778636307.8408742,554.6184322834015,10996,14101,jpeg,0.050829172134399414
1778636307.8926697,554.670227766037,10997,14103,jpeg,0.05179548263549805
1778636307.9394965,554.717054605484,10998,14115,jpeg,0.046826839447021484
1778636307.989434,554.7669920921326,10999,14094,jpeg,0.04993748664855957
1778636308.046187,554.8237450122833,11000,14082,jpeg,0.056752920150756836
1778636308.0888813,554.8664393424988,11001,14092,jpeg,0.0426943302154541
1778636308.140421,554.9179790019989,11002,14109,jpeg,0.05153965950012207
1778636308.1957102,554.9732682704926,11003,14101,jpeg,0.055289268493652344
1778636308.2397232,555.017281293869,11004,14108,jpeg,0.044013023376464844
1778636308.28955,555.0671081542969,11005,14117,jpeg,0.049826860427856445
1778636308.345661,555.1232190132141,11006,14101,jpeg,0.05611085891723633
1778636308.3893645,555.1669225692749,11007,14112,jpeg,0.043703556060791016
1778636308.4394562,555.2170143127441,11008,14117,jpeg,0.05009174346923828
1778636308.4913597,555.268917798996,11009,14088,jpeg,0.051903486251831055
1778636308.5390587,555.3166167736053,11010,14077,jpeg,0.047698974609375
1778636308.5937161,555.3712742328644,11011,14109,jpeg,0.0546574592590332
1778636308.6451054,555.4226634502411,11012,14085,jpeg,0.051389217376708984
1778636308.6883526,555.4659106731415,11013,14099,jpeg,0.043247222900390625
1778636308.746656,555.5242140293121,11014,14090,jpeg,0.0583033561706543
1778636308.793045,555.5706031322479,11015,14075,jpeg,0.046389102935791016
1778636308.8452632,555.6228213310242,11016,14111,jpeg,0.05221819877624512
1778636308.89149,555.6690480709076,11017,14088,jpeg,0.04622673988342285
1778636308.9432492,555.7208073139191,11018,14106,jpeg,0.05175924301147461
1778636308.9888022,555.766360282898,11019,14074,jpeg,0.045552968978881836
1778636309.039115,555.81667304039,11020,14065,jpeg,0.05031275749206543
1778636309.094789,555.8723471164703,11021,14089,jpeg,0.055674076080322266
1778636309.1569362,555.9344942569733,11022,14090,jpeg,0.06214714050292969
1778636309.1887734,555.9663314819336,11023,14063,jpeg,0.03183722496032715
1778636309.2452085,556.0227665901184,11024,14066,jpeg,0.05643510818481445
1778636309.288437,556.065994977951,11025,14098,jpeg,0.0432283878326416
1778636309.3383634,556.115921497345,11026,14100,jpeg,0.0499265193939209
1778636309.3919578,556.1695158481598,11027,14085,jpeg,0.053594350814819336
1778636309.4415002,556.2190582752228,11028,14114,jpeg,0.04954242706298828
1778636309.4921136,556.2696716785431,11029,14127,jpeg,0.0506134033203125
1778636309.539984,556.3175420761108,11030,14111,jpeg,0.04787039756774902
1778636309.589997,556.367555141449,11031,14119,jpeg,0.050013065338134766
1778636309.6494849,556.4270429611206,11032,14071,jpeg,0.05948781967163086
1778636309.6945367,556.4720947742462,11033,14107,jpeg,0.04505181312561035
1778636309.738465,556.5160231590271,11034,14126,jpeg,0.04392838478088379
1778636309.7904406,556.5679986476898,11035,14082,jpeg,0.05197548866271973
1778636309.8452435,556.6228015422821,11036,14105,jpeg,0.054802894592285156
1778636309.8944738,556.672031879425,11037,14118,jpeg,0.049230337142944336
1778636309.939383,556.7169411182404,11038,14110,jpeg,0.04490923881530762
1778636309.993087,556.7706451416016,11039,14098,jpeg,0.053704023361206055
1778636310.042372,556.8199300765991,11040,14078,jpeg,0.049284934997558594
1778636310.0888822,556.8664402961731,11041,14118,jpeg,0.04651021957397461
1778636310.1430898,556.9206478595734,11042,14102,jpeg,0.054207563400268555
1778636310.194609,556.9721670150757,11043,14108,jpeg,0.051519155502319336
1778636310.2393696,557.0169277191162,11044,14103,jpeg,0.044760704040527344
1778636310.2929604,557.0705184936523,11045,14093,jpeg,0.05359077453613281
1778636310.342081,557.1196391582489,11046,14106,jpeg,0.04912066459655762
1778636310.3907313,557.1682894229889,11047,14091,jpeg,0.048650264739990234
1778636310.442596,557.2201540470123,11048,14105,jpeg,0.0518646240234375
1778636310.4930937,557.2706518173218,11049,14118,jpeg,0.05049777030944824
1778636310.539643,557.3172011375427,11050,14111,jpeg,0.046549320220947266
1778636310.5904822,557.3680403232574,11051,14095,jpeg,0.05083918571472168
1778636310.6457682,557.423326253891,11052,14102,jpeg,0.05528593063354492
1778636310.6904335,557.4679915904999,11053,14115,jpeg,0.04466533660888672
1778636310.740651,557.5182089805603,11054,14109,jpeg,0.050217390060424805
1778636310.7947187,557.5722768306732,11055,14134,jpeg,0.05406785011291504
1778636310.838895,557.6164531707764,11056,14111,jpeg,0.044176340103149414
1778636310.89312,557.6706781387329,11057,14094,jpeg,0.05422496795654297
1778636310.9386158,557.7161738872528,11058,14103,jpeg,0.04549574851989746
1778636310.9928071,557.7703652381897,11059,14089,jpeg,0.05419135093688965
1778636311.039284,557.8168420791626,11060,14093,jpeg,0.04647684097290039
1778636311.0867975,557.8643555641174,11061,14093,jpeg,0.047513484954833984
1778636311.1429832,557.9205412864685,11062,14094,jpeg,0.05618572235107422
1778636311.1978843,557.9754424095154,11063,14075,jpeg,0.054901123046875
1778636311.2394903,558.0170483589172,11064,14079,jpeg,0.04160594940185547
1778636311.2925992,558.070157289505,11065,14089,jpeg,0.053108930587768555
1778636311.3456266,558.1231846809387,11066,14084,jpeg,0.05302739143371582
1778636311.3948867,558.172444820404,11067,14098,jpeg,0.04926013946533203
1778636311.436492,558.2140500545502,11068,14098,jpeg,0.041605234146118164
1778636311.487447,558.2650051116943,11069,14117,jpeg,0.05095505714416504
1778636311.535376,558.3129341602325,11070,14085,jpeg,0.04792904853820801
1778636311.5859673,558.363525390625,11071,14115,jpeg,0.050591230392456055
1778636311.6374087,558.4149668216705,11072,14104,jpeg,0.05144143104553223
1778636311.6892204,558.4667785167694,11073,14098,jpeg,0.05181169509887695
1778636311.740905,558.5184631347656,11074,14095,jpeg,0.05168461799621582
1778636311.7962325,558.5737905502319,11075,14075,jpeg,0.055327415466308594
1778636311.8394816,558.617039680481,11076,14084,jpeg,0.04324913024902344
1778636311.8900146,558.6675727367401,11077,14083,jpeg,0.05053305625915527
1778636311.94201,558.7195680141449,11078,14105,jpeg,0.051995277404785156
1778636311.988776,558.7663340568542,11079,14082,jpeg,0.046766042709350586
1778636312.0435057,558.8210637569427,11080,14099,jpeg,0.05472970008850098
1778636312.0899618,558.8675198554993,11081,14088,jpeg,0.046456098556518555
1778636312.1379962,558.9155542850494,11082,14090,jpeg,0.0480344295501709
1778636312.1881135,558.9656715393066,11083,14101,jpeg,0.05011725425720215
1778636312.2399466,559.0175046920776,11084,14124,jpeg,0.051833152770996094
1778636312.2875428,559.0651009082794,11085,14104,jpeg,0.04759621620178223
1778636312.3370857,559.1146438121796,11086,14079,jpeg,0.049542903900146484
1778636312.3892398,559.166797876358,11087,14102,jpeg,0.0521540641784668
1778636312.438455,559.2160131931305,11088,14107,jpeg,0.04921531677246094
1778636312.48755,559.2651081085205,11089,14081,jpeg,0.04909491539001465
1778636312.540356,559.3179140090942,11090,14083,jpeg,0.05280590057373047
1778636312.5871606,559.3647186756134,11091,14101,jpeg,0.04680466651916504
1778636312.6429813,559.4205393791199,11092,14083,jpeg,0.05582070350646973
1778636312.6877263,559.4652843475342,11093,14103,jpeg,0.04474496841430664
1778636312.7376893,559.5152473449707,11094,14075,jpeg,0.04996299743652344
1778636312.7877347,559.5652928352356,11095,14067,jpeg,0.05004549026489258
1778636312.839572,559.6171300411224,11096,14085,jpeg,0.05183720588684082
1778636312.888858,559.6664161682129,11097,14073,jpeg,0.0492861270904541
1778636312.9413416,559.7188997268677,11098,14108,jpeg,0.052483558654785156
1778636312.9886029,559.7661609649658,11099,14098,jpeg,0.04726123809814453
1778636313.0389004,559.8164584636688,11100,14086,jpeg,0.05029749870300293
1778636313.1063635,559.88392162323,11101,14069,jpeg,0.06746315956115723
1778636313.142837,559.9203951358795,11102,14095,jpeg,0.03647351264953613
1778636313.190137,559.9676949977875,11103,14090,jpeg,0.047299861907958984
1778636313.2424777,560.0200357437134,11104,14082,jpeg,0.05234074592590332
1778636313.2906976,560.0682556629181,11105,14099,jpeg,0.048219919204711914
1778636313.3430238,560.1205818653107,11106,14074,jpeg,0.052326202392578125
1778636313.3880205,560.1655786037445,11107,14095,jpeg,0.04499673843383789
1778636313.443827,560.2213850021362,11108,14092,jpeg,0.05580639839172363
1778636313.4878151,560.2653732299805,11109,14079,jpeg,0.04398822784423828
1778636313.5360603,560.3136184215546,11110,14095,jpeg,0.04824519157409668
1778636313.587819,560.3653771877289,11111,14071,jpeg,0.051758766174316406
1778636313.636236,560.4137940406799,11112,14079,jpeg,0.048416852951049805
1778636313.6866837,560.4642417430878,11113,14079,jpeg,0.050447702407836914
1778636313.7389255,560.5164835453033,11114,14084,jpeg,0.05224180221557617
1778636313.7887025,560.5662605762482,11115,14116,jpeg,0.04977703094482422
1778636313.8417633,560.619321346283,11116,14090,jpeg,0.05306077003479004
1778636313.8921785,560.669736623764,11117,14108,jpeg,0.0504152774810791
1778636313.9472835,560.724841594696,11118,14085,jpeg,0.055104970932006836
1778636313.9869819,560.7645399570465,11119,14114,jpeg,0.03969836235046387
1778636314.0451727,560.8227307796478,11120,14092,jpeg,0.05819082260131836
1778636314.090567,560.8681252002716,11121,14122,jpeg,0.0453944206237793
1778636314.1365128,560.9140708446503,11122,14100,jpeg,0.04594564437866211
1778636314.1901226,560.9676806926727,11123,14094,jpeg,0.05360984802246094
1778636314.2419333,561.0194914340973,11124,14095,jpeg,0.05181074142456055
1778636314.2942781,561.071836233139,11125,14082,jpeg,0.05234479904174805
1778636314.3392146,561.1167726516724,11126,14103,jpeg,0.044936418533325195
1778636314.387591,561.165148973465,11127,14077,jpeg,0.04837632179260254
1778636314.4368021,561.2143602371216,11128,14101,jpeg,0.04921126365661621
1778636314.488848,561.2664060592651,11129,14084,jpeg,0.05204582214355469
1778636314.5378828,561.3154408931732,11130,14091,jpeg,0.049034833908081055
1778636314.5872872,561.3648452758789,11131,14115,jpeg,0.04940438270568848
1778636314.639131,561.416689157486,11132,14080,jpeg,0.051843881607055664
1778636314.6866922,561.4642503261566,11133,14075,jpeg,0.0475611686706543
1778636314.736891,561.5144491195679,11134,14100,jpeg,0.05019879341125488
1778636314.7897086,561.567266702652,11135,14097,jpeg,0.052817583084106445
1778636314.836834,561.61439204216,11136,14083,jpeg,0.04712533950805664
1778636314.8890822,561.6666402816772,11137,14107,jpeg,0.052248239517211914
1778636314.939237,561.71679520607,11138,14113,jpeg,0.050154924392700195
1778636314.986866,561.7644240856171,11139,14132,jpeg,0.04762887954711914
1778636315.0388954,561.8164534568787,11140,14096,jpeg,0.05202937126159668
1778636315.0884876,561.8660457134247,11141,14101,jpeg,0.04959225654602051
1778636315.1363971,561.9139552116394,11142,14103,jpeg,0.04790949821472168
1778636315.1915956,561.9691536426544,11143,14101,jpeg,0.05519843101501465
1778636315.2407951,562.0183532238007,11144,14074,jpeg,0.049199581146240234
1778636315.2976224,562.0751805305481,11145,14103,jpeg,0.05682730674743652
1778636315.3384857,562.116043806076,11146,14093,jpeg,0.0408632755279541
1778636315.390201,562.167759180069,11147,14080,jpeg,0.05171537399291992
1778636315.4377644,562.2153224945068,11148,14099,jpeg,0.04756331443786621
1778636315.4894562,562.2670142650604,11149,14072,jpeg,0.05169177055358887
1778636315.5390074,562.3165655136108,11150,14106,jpeg,0.04955124855041504
1778636315.587005,562.3645629882812,11151,14075,jpeg,0.047997474670410156
1778636315.6378696,562.4154276847839,11152,14071,jpeg,0.05086469650268555
1778636315.689974,562.467532157898,11153,14081,jpeg,0.05210447311401367
1778636315.7394102,562.5169682502747,11154,14110,jpeg,0.049436092376708984
1778636315.7882388,562.5657968521118,11155,14076,jpeg,0.0488286018371582
1778636315.842116,562.61967420578,11156,14092,jpeg,0.05387735366821289
1778636315.8902915,562.6678495407104,11157,14080,jpeg,0.04817533493041992
1778636315.9384608,562.7160189151764,11158,14118,jpeg,0.04816937446594238
1778636315.9946651,562.7722232341766,11159,14128,jpeg,0.05620431900024414
1778636316.038757,562.8163151741028,11160,14101,jpeg,0.04409193992614746
1778636316.0869699,562.8645279407501,11161,14103,jpeg,0.04821276664733887
1778636316.1384394,562.915997505188,11162,14125,jpeg,0.05146956443786621
1778636316.1874917,562.9650497436523,11163,14099,jpeg,0.04905223846435547
1778636316.24229,563.0198481082916,11164,14122,jpeg,0.05479836463928223
1778636316.2897956,563.0673537254333,11165,14099,jpeg,0.04750561714172363
1778636316.3428876,563.120445728302,11166,14087,jpeg,0.053092002868652344
1778636316.3883145,563.1658725738525,11167,14106,jpeg,0.04542684555053711
1778636316.4378476,563.2154057025909,11168,14090,jpeg,0.04953312873840332
1778636316.4914844,563.2690424919128,11169,14099,jpeg,0.053636789321899414
1778636316.5363276,563.3138856887817,11170,14091,jpeg,0.044843196868896484
1778636316.5889933,563.366551399231,11171,14091,jpeg,0.05266571044921875
1778636316.6429598,563.4205179214478,11172,14117,jpeg,0.053966522216796875
1778636316.6885178,563.4660758972168,11173,14101,jpeg,0.04555797576904297
1778636316.737326,563.5148839950562,11174,14076,jpeg,0.04880809783935547
1778636316.790007,563.567565202713,11175,14091,jpeg,0.05268120765686035
1778636316.8400643,563.6176223754883,11176,14077,jpeg,0.050057172775268555
1778636316.8892841,563.6668422222137,11177,14087,jpeg,0.04921984672546387
1778636316.9414783,563.7190363407135,11178,14108,jpeg,0.05219411849975586
1778636316.9895163,563.7670743465424,11179,14072,jpeg,0.04803800582885742
1778636317.0436282,563.8211863040924,11180,14086,jpeg,0.05411195755004883
1778636317.0863445,563.8639025688171,11181,14080,jpeg,0.042716264724731445
1778636317.1376023,563.9151604175568,11182,14087,jpeg,0.05125784873962402
1778636317.192736,563.9702939987183,11183,14099,jpeg,0.05513358116149902
1778636317.2356362,564.0131943225861,11184,14082,jpeg,0.04290032386779785
1778636317.287163,564.0647211074829,11185,14085,jpeg,0.051526784896850586
1778636317.3440268,564.121584892273,11186,14103,jpeg,0.05686378479003906
1778636317.3868537,564.1644117832184,11187,14105,jpeg,0.04282689094543457
1778636317.4390128,564.216570854187,11188,14096,jpeg,0.05215907096862793
1778636317.4918222,564.2693803310394,11189,14092,jpeg,0.05280947685241699
1778636317.538643,564.3162009716034,11190,14096,jpeg,0.046820640563964844
1778636317.5893927,564.366950750351,11191,14069,jpeg,0.050749778747558594
1778636317.6423926,564.4199507236481,11192,14108,jpeg,0.05299997329711914
1778636317.691405,564.4689631462097,11193,14094,jpeg,0.04901242256164551
1778636317.739283,564.516841173172,11194,14100,jpeg,0.04787802696228027
1778636317.7889988,564.566556930542,11195,14117,jpeg,0.04971575736999512
1778636317.8367379,564.6142959594727,11196,14122,jpeg,0.04773902893066406
1778636317.8886745,564.666232585907,11197,14067,jpeg,0.05193662643432617
1778636317.939316,564.7168741226196,11198,14090,jpeg,0.050641536712646484
1778636317.9889495,564.7665076255798,11199,14077,jpeg,0.04963350296020508
1778636318.038902,564.8164601325989,11200,14090,jpeg,0.04995250701904297
1778636318.0929503,564.8705084323883,11201,14088,jpeg,0.05404829978942871
1778636318.1382008,564.9157588481903,11202,14081,jpeg,0.04525041580200195
1778636318.191271,564.9688291549683,11203,14109,jpeg,0.0530703067779541
1778636318.2378266,565.0153846740723,11204,14069,jpeg,0.046555519104003906
1778636318.2889085,565.0664665699005,11205,14080,jpeg,0.05108189582824707
1778636318.341284,565.118842124939,11206,14074,jpeg,0.05237555503845215
1778636318.3958201,565.1733782291412,11207,14080,jpeg,0.05453610420227051
1778636318.4382665,565.2158246040344,11208,14085,jpeg,0.04244637489318848
1778636318.4863727,565.2639307975769,11209,14103,jpeg,0.04810619354248047
1778636318.5384176,565.3159756660461,11210,14088,jpeg,0.05204486846923828
1778636318.587962,565.3655200004578,11211,14086,jpeg,0.049544334411621094
1778636318.63643,565.4139881134033,11212,14115,jpeg,0.04846811294555664
1778636318.68775,565.4653081893921,11213,14115,jpeg,0.05132007598876953
1778636318.7375908,565.5151488780975,11214,14112,jpeg,0.049840688705444336
1778636318.7855933,565.5631513595581,11215,14110,jpeg,0.04800248146057129
1778636318.8374465,565.6150045394897,11216,14097,jpeg,0.051853179931640625
1778636318.8874345,565.6649925708771,11217,14110,jpeg,0.0499880313873291
1778636318.9369736,565.71453166008,11218,14085,jpeg,0.04953908920288086
1778636318.9907353,565.7682933807373,11219,14100,jpeg,0.05376172065734863
1778636319.0388842,565.8164422512054,11220,14072,jpeg,0.04814887046813965
1778636319.0859523,565.8635103702545,11221,14079,jpeg,0.047068119049072266
1778636319.1401048,565.917662858963,11222,14099,jpeg,0.054152488708496094
1778636319.1890697,565.9666278362274,11223,14139,jpeg,0.0489649772644043
1778636319.2434533,566.0210113525391,11224,14092,jpeg,0.05438351631164551
1778636319.2897859,566.0673439502716,11225,14099,jpeg,0.046332597732543945
1778636319.337805,566.1153631210327,11226,14081,jpeg,0.0480191707611084
1778636319.3940718,566.1716299057007,11227,14090,jpeg,0.05626678466796875
1778636319.438558,566.2161161899567,11228,14092,jpeg,0.044486284255981445
1778636319.487633,566.265191078186,11229,14095,jpeg,0.04907488822937012
1778636319.5362964,566.3138544559479,11230,14097,jpeg,0.04866337776184082
1778636319.5890563,566.3666143417358,11231,14111,jpeg,0.05275988578796387
1778636319.6375954,566.415153503418,11232,14097,jpeg,0.048539161682128906
1778636319.6904368,566.46799492836,11233,14099,jpeg,0.0528414249420166
1778636319.7400546,566.517612695694,11234,14096,jpeg,0.049617767333984375
1778636319.790626,566.5681841373444,11235,14124,jpeg,0.050571441650390625
1778636319.835457,566.6130151748657,11236,14095,jpeg,0.044831037521362305
1778636319.8922327,566.6697907447815,11237,14088,jpeg,0.056775569915771484
1778636319.9407783,566.7183363437653,11238,14084,jpeg,0.04854559898376465
1778636319.987843,566.7654011249542,11239,14109,jpeg,0.047064781188964844
1778636320.0442014,566.8217594623566,11240,14066,jpeg,0.05635833740234375
1778636320.0869098,566.8644678592682,11241,14047,jpeg,0.042708396911621094
1778636320.137464,566.9150221347809,11242,14068,jpeg,0.05055427551269531
1778636320.189378,566.9669361114502,11243,14095,jpeg,0.05191397666931152
1778636320.2365346,567.0140926837921,11244,14091,jpeg,0.047156572341918945
1778636320.2912693,567.0688273906708,11245,14073,jpeg,0.05473470687866211
1778636320.3404465,567.1180045604706,11246,14081,jpeg,0.04917716979980469
1778636320.3885345,567.166092634201,11247,14081,jpeg,0.04808807373046875
1778636320.4411213,567.2186794281006,11248,14096,jpeg,0.05258679389953613
1778636320.4915166,567.269074678421,11249,14099,jpeg,0.05039525032043457
1778636320.5440114,567.321569442749,11250,14096,jpeg,0.05249476432800293
1778636320.5855381,567.3630962371826,11251,14098,jpeg,0.04152679443359375
1778636320.6380908,567.4156489372253,11252,14104,jpeg,0.05255270004272461
1778636320.6888835,567.4664416313171,11253,14115,jpeg,0.050792694091796875
1778636320.7365518,567.5141098499298,11254,14092,jpeg,0.0476682186126709
1778636320.7952318,567.5727899074554,11255,14100,jpeg,0.058680057525634766
1778636320.8389428,567.6165008544922,11256,14103,jpeg,0.043710947036743164
1778636320.8837357,567.6612937450409,11257,14083,jpeg,0.044792890548706055
1778636320.9425776,567.7201356887817,11258,14107,jpeg,0.05884194374084473
1778636320.984333,567.7618911266327,11259,14074,jpeg,0.04175543785095215
1778636321.0364385,567.813996553421,11260,14091,jpeg,0.05210542678833008
1778636321.0871165,567.8646745681763,11261,14082,jpeg,0.05067801475524902
1778636321.1344328,567.9119908809662,11262,14101,jpeg,0.04731631278991699
1778636321.1861527,567.9637107849121,11263,14092,jpeg,0.05171990394592285
1778636321.2384984,568.0160565376282,11264,14107,jpeg,0.05234575271606445
1778636321.2891657,568.0667238235474,11265,14128,jpeg,0.05066728591918945
1778636321.3380208,568.1155788898468,11266,14116,jpeg,0.04885506629943848
1778636321.3920166,568.1695747375488,11267,14104,jpeg,0.05399584770202637
1778636321.4419668,568.2195248603821,11268,14099,jpeg,0.04995012283325195
1778636321.4870024,568.2645604610443,11269,14089,jpeg,0.045035600662231445
1778636321.542747,568.320305109024,11270,14061,jpeg,0.05574464797973633
1778636321.590531,568.3680891990662,11271,14087,jpeg,0.04778409004211426
1778636321.6364846,568.4140427112579,11272,14102,jpeg,0.04595351219177246
1778636321.690322,568.4678800106049,11273,14109,jpeg,0.05383729934692383
1778636321.7358046,568.5133626461029,11274,14090,jpeg,0.045482635498046875
1778636321.7855783,568.5631363391876,11275,14095,jpeg,0.0497736930847168
1778636321.8402212,568.6177792549133,11276,14084,jpeg,0.05464291572570801
1778636321.88583,568.6633880138397,11277,14063,jpeg,0.0456087589263916
1778636321.936325,568.7138831615448,11278,14079,jpeg,0.050495147705078125
1778636321.9898868,568.7674448490143,11279,14077,jpeg,0.05356168746948242
1778636322.0354872,568.8130452632904,11280,14106,jpeg,0.04560041427612305
1778636322.0877478,568.8653059005737,11281,14081,jpeg,0.052260637283325195
1778636322.1394389,568.9169969558716,11282,14101,jpeg,0.05169105529785156
1778636322.1860774,568.9636354446411,11283,14068,jpeg,0.04663848876953125
1778636322.2370484,569.0146064758301,11284,14102,jpeg,0.050971031188964844
1778636322.2874708,569.0650289058685,11285,14083,jpeg,0.05042243003845215
1778636322.3385532,569.1161112785339,11286,14075,jpeg,0.05108237266540527
1778636322.3890119,569.1665699481964,11287,14119,jpeg,0.050458669662475586
1778636322.436856,569.2144141197205,11288,14098,jpeg,0.04784417152404785
1778636322.4869401,569.2644982337952,11289,14070,jpeg,0.05008411407470703
1778636322.5393317,569.3168897628784,11290,14078,jpeg,0.05239152908325195
1778636322.591062,569.3686201572418,11291,14097,jpeg,0.05173039436340332
1778636322.6361291,569.4136872291565,11292,14063,jpeg,0.04506707191467285
1778636322.6841874,569.4617455005646,11293,14099,jpeg,0.048058271408081055
1778636322.737567,569.5151250362396,11294,14112,jpeg,0.05337953567504883
1778636322.7870367,569.564594745636,11295,14103,jpeg,0.049469709396362305
1778636322.8360136,569.6135716438293,11296,14092,jpeg,0.048976898193359375
1778636322.8869007,569.6644587516785,11297,14107,jpeg,0.050887107849121094
1778636322.9345388,569.7120969295502,11298,14105,jpeg,0.0476381778717041
1778636322.9847622,569.7623202800751,11299,14096,jpeg,0.050223350524902344
1778636323.0376437,569.8152017593384,11300,14087,jpeg,0.052881479263305664
1778636323.0854936,569.8630516529083,11301,14099,jpeg,0.04784989356994629
1778636323.1350002,569.9125583171844,11302,14083,jpeg,0.04950666427612305
1778636323.1860342,569.9635922908783,11303,14076,jpeg,0.051033973693847656
1778636323.234947,570.0125050544739,11304,14080,jpeg,0.048912763595581055
1778636323.2844472,570.0620052814484,11305,14100,jpeg,0.049500226974487305
1778636323.337969,570.1155271530151,11306,14122,jpeg,0.05352187156677246
1778636323.3856544,570.1632125377655,11307,14095,jpeg,0.04768538475036621
1778636323.4402304,570.2177884578705,11308,14115,jpeg,0.05457592010498047
1778636323.4923208,570.2698788642883,11309,14090,jpeg,0.05209040641784668
1778636323.5351224,570.3126804828644,11310,14097,jpeg,0.042801618576049805
1778636323.5896156,570.3671736717224,11311,14102,jpeg,0.05449318885803223
1778636323.6390212,570.416579246521,11312,14085,jpeg,0.049405574798583984
1778636323.6859534,570.46351146698,11313,14087,jpeg,0.046932220458984375
1778636323.7351224,570.5126805305481,11314,14087,jpeg,0.049169063568115234
1778636323.786672,570.5642302036285,11315,14081,jpeg,0.051549673080444336
1778636323.8361213,570.6136794090271,11316,14060,jpeg,0.04944920539855957
1778636323.8900044,570.6675624847412,11317,14095,jpeg,0.05388307571411133
1778636323.93873,570.7162880897522,11318,14114,jpeg,0.04872560501098633
1778636323.9854507,570.7630088329315,11319,14114,jpeg,0.04672074317932129
1778636324.0342402,570.8117983341217,11320,14093,jpeg,0.04878950119018555
1778636324.0858197,570.8633778095245,11321,14102,jpeg,0.05157947540283203
1778636324.1341274,570.9116854667664,11322,14086,jpeg,0.04830765724182129
1778636324.1846464,570.9622044563293,11323,14077,jpeg,0.05051898956298828
1778636324.2379766,571.0155346393585,11324,14087,jpeg,0.053330183029174805
1778636324.285378,571.0629360675812,11325,14100,jpeg,0.04740142822265625
1778636324.3360023,571.1135604381561,11326,14088,jpeg,0.05062437057495117
1778636324.389479,571.1670370101929,11327,14092,jpeg,0.053476572036743164
1778636324.434413,571.2119710445404,11328,14103,jpeg,0.04493403434753418
1778636324.484831,571.2623891830444,11329,14087,jpeg,0.05041813850402832
1778636324.5365386,571.3140966892242,11330,14107,jpeg,0.05170750617980957
1778636324.5840313,571.3615894317627,11331,14108,jpeg,0.04749274253845215
1778636324.638763,571.4163210391998,11332,14093,jpeg,0.05473160743713379
1778636324.6884851,571.4660432338715,11333,14053,jpeg,0.04972219467163086
1778636324.734032,571.5115900039673,11334,14069,jpeg,0.045546770095825195
1778636324.7837942,571.5613522529602,11335,14057,jpeg,0.04976224899291992
1778636324.8348212,571.6123793125153,11336,14073,jpeg,0.05102705955505371
1778636324.884025,571.6615831851959,11337,14082,jpeg,0.04920387268066406
1778636324.9439461,571.7215042114258,11338,14117,jpeg,0.0599210262298584
1778636324.993282,571.7708401679993,11339,14081,jpeg,0.04933595657348633
1778636325.0341806,571.8117387294769,11340,14057,jpeg,0.04089856147766113
1778636325.0866342,571.8641922473907,11341,14076,jpeg,0.05245351791381836
1778636325.1406689,571.9182269573212,11342,14062,jpeg,0.05403470993041992
1778636325.1855018,571.9630599021912,11343,14091,jpeg,0.04483294486999512
1778636325.235991,572.0135490894318,11344,14084,jpeg,0.050489187240600586
1778636325.2917862,572.0693442821503,11345,14089,jpeg,0.05579519271850586
1778636325.3362596,572.113817691803,11346,14095,jpeg,0.04447340965270996
1778636325.3869574,572.1645154953003,11347,14108,jpeg,0.05069780349731445
1778636325.4419029,572.2194609642029,11348,14087,jpeg,0.05494546890258789
1778636325.4877958,572.2653539180756,11349,14102,jpeg,0.045892953872680664
1778636325.5349383,572.3124964237213,11350,14108,jpeg,0.04714250564575195
1778636325.5845802,572.3621382713318,11351,14080,jpeg,0.04964184761047363
1778636325.6400836,572.4176416397095,11352,14103,jpeg,0.05550336837768555
1778636325.6853206,572.462878704071,11353,14076,jpeg,0.045237064361572266
1778636325.7385724,572.5161304473877,11354,14099,jpeg,0.05325174331665039
1778636325.7869468,572.5645048618317,11355,14092,jpeg,0.04837441444396973
1778636325.8345494,572.6121075153351,11356,14083,jpeg,0.04760265350341797
1778636325.8891513,572.6667094230652,11357,14089,jpeg,0.05460190773010254
1778636325.9363923,572.7139503955841,11358,14123,jpeg,0.0472409725189209
1778636325.9842842,572.761842250824,11359,14098,jpeg,0.047891855239868164
1778636326.040413,572.8179709911346,11360,14098,jpeg,0.056128740310668945
1778636326.084971,572.8625290393829,11361,14086,jpeg,0.044558048248291016
1778636326.136507,572.9140651226044,11362,14101,jpeg,0.05153608322143555
1778636326.1864986,572.9640567302704,11363,14097,jpeg,0.049991607666015625
1778636326.2351785,573.0127365589142,11364,14094,jpeg,0.04867982864379883
1778636326.2864423,573.0640003681183,11365,14081,jpeg,0.05126380920410156
1778636326.3380551,573.1156132221222,11366,14078,jpeg,0.05161285400390625
1778636326.3866801,573.1642382144928,11367,14083,jpeg,0.04862499237060547
1778636326.4356432,573.2132012844086,11368,14095,jpeg,0.048963069915771484
1778636326.4856908,573.2632489204407,11369,14085,jpeg,0.05004763603210449
1778636326.5404606,573.3180186748505,11370,14081,jpeg,0.05476975440979004
1778636326.586479,573.3640370368958,11371,14079,jpeg,0.046018362045288086
1778636326.6417706,573.4193286895752,11372,14085,jpeg,0.05529165267944336
1778636326.6856012,573.4631593227386,11373,14094,jpeg,0.04383063316345215
1778636326.7362757,573.5138337612152,11374,14104,jpeg,0.0506744384765625
1778636326.790748,573.5683059692383,11375,14083,jpeg,0.05447220802307129
1778636326.8350303,573.6125884056091,11376,14088,jpeg,0.04428243637084961
1778636326.8858333,573.6633913516998,11377,14073,jpeg,0.05080294609069824
1778636326.938999,573.7165570259094,11378,14083,jpeg,0.05316567420959473
1778636326.9831755,573.7607336044312,11379,14094,jpeg,0.044176578521728516
1778636327.035434,573.8129920959473,11380,14086,jpeg,0.05225849151611328
1778636327.0849175,573.8624756336212,11381,14103,jpeg,0.049483537673950195
1778636327.13399,573.9115481376648,11382,14080,jpeg,0.0490725040435791
1778636327.1846445,573.9622025489807,11383,14094,jpeg,0.05065441131591797
1778636327.2368038,574.0143618583679,11384,14075,jpeg,0.05215930938720703
1778636327.28339,574.0609481334686,11385,14104,jpeg,0.04658627510070801
1778636327.334996,574.1125540733337,11386,14115,jpeg,0.051605939865112305
1778636327.3858147,574.1633727550507,11387,14090,jpeg,0.050818681716918945
1778636327.438378,574.2159361839294,11388,14088,jpeg,0.05256342887878418
1778636327.4891992,574.2667572498322,11389,14091,jpeg,0.05082106590270996
1778636327.5387309,574.3162889480591,11390,14085,jpeg,0.04953169822692871
1778636327.5897787,574.3673367500305,11391,14058,jpeg,0.05104780197143555
1778636327.638163,574.4157211780548,11392,14088,jpeg,0.04838442802429199
1778636327.6890202,574.466578245163,11393,14070,jpeg,0.0508570671081543
1778636327.7383916,574.5159497261047,11394,14115,jpeg,0.04937148094177246
1778636327.7888215,574.5663795471191,11395,14104,jpeg,0.0504298210144043
1778636327.8377607,574.615318775177,11396,14083,jpeg,0.04893922805786133
1778636327.8888721,574.6664302349091,11397,14077,jpeg,0.051111459732055664
1778636327.939446,574.7170040607452,11398,14099,jpeg,0.05057382583618164
1778636327.9890103,574.7665684223175,11399,14085,jpeg,0.049564361572265625
1778636328.0400743,574.8176324367523,11400,14102,jpeg,0.05106401443481445
1778636328.088763,574.8663210868835,11401,14086,jpeg,0.048688650131225586
1778636328.1424625,574.9200205802917,11402,14102,jpeg,0.053699493408203125
1778636328.190294,574.9678521156311,11403,14113,jpeg,0.04783153533935547
1778636328.2365086,575.014066696167,11404,14119,jpeg,0.04621458053588867
1778636328.290387,575.0679450035095,11405,14088,jpeg,0.0538783073425293
1778636328.3363497,575.1139078140259,11406,14110,jpeg,0.04596281051635742
1778636328.3873022,575.1648602485657,11407,14080,jpeg,0.05095243453979492
1778636328.440695,575.2182531356812,11408,14090,jpeg,0.053392887115478516
1778636328.4860241,575.2635822296143,11409,14089,jpeg,0.04532909393310547
1778636328.5388088,575.3163669109344,11410,14088,jpeg,0.05278468132019043
1778636328.5916352,575.369193315506,11411,14103,jpeg,0.0528264045715332
1778636328.6369133,575.4144713878632,11412,14097,jpeg,0.045278072357177734
1778636328.682855,575.460412979126,11413,14083,jpeg,0.04594159126281738
1778636328.739445,575.5170030593872,11414,14090,jpeg,0.05659008026123047
1778636328.792512,575.570070028305,11415,14096,jpeg,0.05306696891784668
1778636328.84333,575.6208879947662,11416,14068,jpeg,0.05081796646118164
1778636328.8850014,575.6625595092773,11417,14076,jpeg,0.0416715145111084
1778636328.9382253,575.7157833576202,11418,14063,jpeg,0.05322384834289551
1778636328.9835994,575.7611575126648,11419,14078,jpeg,0.045374155044555664
1778636329.0416625,575.8192205429077,11420,14091,jpeg,0.05806303024291992
1778636329.0833192,575.8608772754669,11421,14080,jpeg,0.0416567325592041
1778636329.1325445,575.9101026058197,11422,14072,jpeg,0.0492253303527832
1778636329.185108,575.9626660346985,11423,14078,jpeg,0.05256342887878418
1778636329.233089,576.0106470584869,11424,14080,jpeg,0.04798102378845215
1778636329.2835364,576.0610945224762,11425,14098,jpeg,0.05044746398925781
1778636329.3369336,576.1144917011261,11426,14091,jpeg,0.053397178649902344
1778636329.3835504,576.1611084938049,11427,14088,jpeg,0.04661679267883301
1778636329.4331658,576.2107238769531,11428,14077,jpeg,0.04961538314819336
1778636329.4881032,576.265661239624,11429,14114,jpeg,0.05493736267089844
1778636329.5333562,576.3109142780304,11430,14077,jpeg,0.04525303840637207
1778636329.5841014,576.361659526825,11431,14126,jpeg,0.050745248794555664
1778636329.635732,576.4132900238037,11432,14117,jpeg,0.051630496978759766
1778636329.684249,576.461807012558,11433,14097,jpeg,0.04851698875427246
1778636329.7332573,576.5108153820038,11434,14120,jpeg,0.04900836944580078
1778636329.7850122,576.5625703334808,11435,14114,jpeg,0.05175495147705078
1778636329.835645,576.613203048706,11436,14067,jpeg,0.05063271522521973
1778636329.8816135,576.6591715812683,11437,14102,jpeg,0.04596853256225586
1778636329.9355063,576.7130644321442,11438,14119,jpeg,0.05389285087585449
1778636329.9851806,576.7627387046814,11439,14087,jpeg,0.049674272537231445
1778636330.0342772,576.8118352890015,11440,14101,jpeg,0.04909658432006836
1778636330.0879314,576.8654894828796,11441,14105,jpeg,0.05365419387817383
1778636330.1360362,576.9135942459106,11442,14121,jpeg,0.04810476303100586
1778636330.1838286,576.961386680603,11443,14086,jpeg,0.04779243469238281
1778636330.2402804,577.0178384780884,11444,14109,jpeg,0.05645179748535156
1778636330.2864754,577.0640335083008,11445,14122,jpeg,0.046195030212402344
1778636330.3380198,577.1155779361725,11446,14088,jpeg,0.0515444278717041
1778636330.387347,577.1649050712585,11447,14110,jpeg,0.04932713508605957
1778636330.437344,577.2149021625519,11448,14102,jpeg,0.04999709129333496
1778636330.4894567,577.2670147418976,11449,14106,jpeg,0.052112579345703125
1778636330.5390608,577.3166189193726,11450,14092,jpeg,0.049604177474975586
1778636330.5887933,577.3663513660431,11451,14112,jpeg,0.04973244667053223
1778636330.6401114,577.4176695346832,11452,14119,jpeg,0.05131816864013672
1778636330.6897724,577.46733045578,11453,14090,jpeg,0.04966092109680176
1778636330.7385569,577.51611495018,11454,14102,jpeg,0.048784494400024414
1778636330.7842689,577.5618269443512,11455,14101,jpeg,0.04571199417114258
1778636330.834953,577.6125111579895,11456,14110,jpeg,0.050684213638305664
1778636330.8911994,577.6687574386597,11457,14101,jpeg,0.056246280670166016
1778636330.9356194,577.7131774425507,11458,14110,jpeg,0.04442000389099121
1778636330.9894812,577.7670392990112,11459,14093,jpeg,0.05386185646057129
1778636331.034558,577.8121161460876,11460,14083,jpeg,0.045076847076416016
1778636331.0907845,577.8683426380157,11461,14068,jpeg,0.056226491928100586
1778636331.1389804,577.916538476944,11462,14088,jpeg,0.048195838928222656
1778636331.1895988,577.9671568870544,11463,14103,jpeg,0.05061841011047363
1778636331.238225,578.015783071518,11464,14092,jpeg,0.04862618446350098
1778636331.2878017,578.0653598308563,11465,14104,jpeg,0.049576759338378906
1778636331.336564,578.1141221523285,11466,14107,jpeg,0.04876232147216797
1778636331.3880272,578.1655852794647,11467,14112,jpeg,0.05146312713623047
1778636331.437414,578.2149720191956,11468,14104,jpeg,0.04938673973083496
1778636331.4878736,578.2654316425323,11469,14096,jpeg,0.05045962333679199
1778636331.5339272,578.3114852905273,11470,14089,jpeg,0.04605364799499512
1778636331.585022,578.3625800609589,11471,14103,jpeg,0.051094770431518555
1778636331.6322925,578.4098505973816,11472,14089,jpeg,0.04727053642272949
1778636331.6831207,578.4606788158417,11473,14073,jpeg,0.05082821846008301
1778636331.7383661,578.5159242153168,11474,14077,jpeg,0.055245399475097656
1778636331.783246,578.5608041286469,11475,14067,jpeg,0.044879913330078125
1778636331.8338144,578.6113724708557,11476,14103,jpeg,0.050568342208862305
1778636331.886711,578.6642689704895,11477,14077,jpeg,0.05289649963378906
1778636331.934008,578.7115659713745,11478,14077,jpeg,0.047297000885009766
1778636331.9855013,578.7630593776703,11479,14091,jpeg,0.05149340629577637
1778636332.0395756,578.8171336650848,11480,14117,jpeg,0.05407428741455078
1778636332.084334,578.8618919849396,11481,14090,jpeg,0.04475831985473633
1778636332.1363523,578.9139103889465,11482,14088,jpeg,0.05201840400695801
1778636332.1855984,578.9631564617157,11483,14067,jpeg,0.04924607276916504
1778636332.234647,579.0122051239014,11484,14092,jpeg,0.049048662185668945
1778636332.2873142,579.0648722648621,11485,14101,jpeg,0.05266714096069336
1778636332.3355596,579.1131176948547,11486,14102,jpeg,0.04824542999267578
1778636332.3904688,579.1680269241333,11487,14116,jpeg,0.05490922927856445
1778636332.4371705,579.2147285938263,11488,14107,jpeg,0.046701669692993164
1778636332.4883716,579.2659296989441,11489,14104,jpeg,0.05120110511779785
1778636332.5352468,579.3128049373627,11490,14108,jpeg,0.0468752384185791
1778636332.5871994,579.3647575378418,11491,14102,jpeg,0.05195260047912598
1778636332.640626,579.4181840419769,11492,14103,jpeg,0.053426504135131836
1778636332.6867893,579.4643473625183,11493,14119,jpeg,0.046163320541381836
1778636332.7400475,579.5176055431366,11494,14110,jpeg,0.05325818061828613
1778636332.7857137,579.5632717609406,11495,14108,jpeg,0.04566621780395508
1778636332.8365245,579.6140825748444,11496,14118,jpeg,0.050810813903808594
1778636332.8880486,579.6656067371368,11497,14075,jpeg,0.05152416229248047
1778636332.9359639,579.7135219573975,11498,14103,jpeg,0.04791522026062012
1778636332.9899244,579.7674825191498,11499,14115,jpeg,0.053960561752319336
1778636333.0337844,579.8113424777985,11500,14116,jpeg,0.04385995864868164
1778636333.0857656,579.8633236885071,11501,14123,jpeg,0.051981210708618164
1778636333.1360037,579.9135618209839,11502,14110,jpeg,0.05023813247680664
1778636333.1838193,579.9613773822784,11503,14104,jpeg,0.047815561294555664
1778636333.2385416,580.016099691391,11504,14103,jpeg,0.05472230911254883
1778636333.2896335,580.0671916007996,11505,14095,jpeg,0.051091909408569336
1778636333.3372254,580.1147835254669,11506,14111,jpeg,0.0475919246673584
1778636333.3901093,580.167667388916,11507,14091,jpeg,0.05288386344909668
1778636333.433527,580.2110850811005,11508,14095,jpeg,0.04341769218444824
1778636333.487569,580.2651271820068,11509,14088,jpeg,0.05404210090637207
1778636333.5362353,580.3137934207916,11510,14112,jpeg,0.04866623878479004
1778636333.5826447,580.3602027893066,11511,14089,jpeg,0.04640936851501465
1778636333.6331139,580.4106719493866,11512,14095,jpeg,0.050469160079956055
1778636333.6866467,580.464204788208,11513,14103,jpeg,0.05353283882141113
1778636333.735206,580.5127639770508,11514,14099,jpeg,0.04855918884277344
1778636333.786068,580.5636260509491,11515,14107,jpeg,0.05086207389831543
1778636333.8377254,580.6152834892273,11516,14095,jpeg,0.05165743827819824
1778636333.8855686,580.663126707077,11517,14067,jpeg,0.047843217849731445
1778636333.9354846,580.7130427360535,11518,14099,jpeg,0.04991602897644043
1778636333.9873466,580.7649047374725,11519,14096,jpeg,0.05186200141906738
1778636334.0357409,580.8132989406586,11520,14104,jpeg,0.048394203186035156
1778636334.0848548,580.8624129295349,11521,14065,jpeg,0.04911398887634277
1778636334.1363804,580.9139385223389,11522,14096,jpeg,0.05152559280395508
1778636334.1844606,580.9620187282562,11523,14099,jpeg,0.0480802059173584
1778636334.2350693,581.012627363205,11524,14069,jpeg,0.05060863494873047
1778636334.288298,581.0658559799194,11525,14085,jpeg,0.05322861671447754
1778636334.3345006,581.1120586395264,11526,14084,jpeg,0.046202659606933594
1778636334.3842313,581.1617894172668,11527,14084,jpeg,0.049730777740478516
1778636334.4401944,581.217752456665,11528,14095,jpeg,0.05596303939819336
1778636334.4845183,581.2620763778687,11529,14094,jpeg,0.04432392120361328
1778636334.5385528,581.3161108493805,11530,14088,jpeg,0.05403447151184082
1778636334.5880191,581.3655772209167,11531,14098,jpeg,0.04946637153625488
1778636334.6346004,581.4121584892273,11532,14108,jpeg,0.046581268310546875
1778636334.687354,581.4649121761322,11533,14085,jpeg,0.05275368690490723
1778636334.7376432,581.5152013301849,11534,14097,jpeg,0.050289154052734375
1778636334.7852802,581.5628383159637,11535,14098,jpeg,0.047636985778808594
1778636334.8375545,581.6151125431061,11536,14064,jpeg,0.052274227142333984
1778636334.8893318,581.6668899059296,11537,14090,jpeg,0.05177736282348633
1778636334.9353793,581.7129373550415,11538,14111,jpeg,0.04604744911193848
1778636334.9826024,581.760160446167,11539,14102,jpeg,0.04722309112548828
1778636335.0413704,581.8189284801483,11540,14082,jpeg,0.05876803398132324
1778636335.0850244,581.8625824451447,11541,14085,jpeg,0.04365396499633789
1778636335.1315248,581.9090828895569,11542,14083,jpeg,0.046500444412231445
1778636335.1854305,581.962988615036,11543,14084,jpeg,0.05390572547912598
1778636335.23459,582.012148141861,11544,14089,jpeg,0.04915952682495117
1778636335.281369,582.0589270591736,11545,14101,jpeg,0.04677891731262207
1778636335.3364098,582.1139678955078,11546,14064,jpeg,0.055040836334228516
1778636335.3880043,582.1655623912811,11547,14093,jpeg,0.05159449577331543
1778636335.4926624,582.2702205181122,11548,14094,jpeg,0.10465812683105469
1778636335.536252,582.3138101100922,11549,14098,jpeg,0.04358959197998047
1778636335.5856469,582.3632049560547,11550,14098,jpeg,0.049394845962524414
1778636335.6381705,582.4157285690308,11551,14094,jpeg,0.05252361297607422
1778636335.6866102,582.4641683101654,11552,14091,jpeg,0.048439741134643555
1778636335.7328222,582.5103802680969,11553,14118,jpeg,0.046211957931518555
1778636335.7937534,582.5713114738464,11554,14111,jpeg,0.06093120574951172
1778636335.8348029,582.6123609542847,11555,14081,jpeg,0.04104948043823242
1778636335.884075,582.661633014679,11556,14109,jpeg,0.04927206039428711
1778636335.938525,582.7160830497742,11557,14110,jpeg,0.054450035095214844
1778636335.9866867,582.7642447948456,11558,14078,jpeg,0.04816174507141113
1778636336.038316,582.8158740997314,11559,14090,jpeg,0.05162930488586426
1778636336.087727,582.8652851581573,11560,14100,jpeg,0.04941105842590332
1778636336.1361203,582.9136784076691,11561,14105,jpeg,0.04839324951171875
1778636336.1834116,582.9609696865082,11562,14089,jpeg,0.04729127883911133
1778636336.2339852,583.0115432739258,11563,14099,jpeg,0.05057358741760254
1778636336.2865546,583.064112663269,11564,14134,jpeg,0.05256938934326172
1778636336.3355377,583.1130957603455,11565,14112,jpeg,0.048983097076416016
1778636336.387042,583.1646001338959,11566,14111,jpeg,0.05150437355041504
1778636336.4363022,583.2138602733612,11567,14089,jpeg,0.04926013946533203
1778636336.4873803,583.2649383544922,11568,14086,jpeg,0.051078081130981445
1778636336.5417044,583.3192625045776,11569,14101,jpeg,0.05432415008544922
1778636336.5881853,583.3657433986664,11570,14113,jpeg,0.04648089408874512
1778636336.6398277,583.4173858165741,11571,14123,jpeg,0.051642417907714844
1778636336.6811585,583.4587166309357,11572,14138,jpeg,0.041330814361572266
1778636336.732558,583.5101161003113,11573,14109,jpeg,0.05139946937561035
1778636336.7812686,583.5588266849518,11574,14119,jpeg,0.04871058464050293
1778636336.838382,583.6159400939941,11575,14131,jpeg,0.0571134090423584
1778636336.8843718,583.6619298458099,11576,14124,jpeg,0.0459897518157959
1778636336.933421,583.7109789848328,11577,14102,jpeg,0.04904913902282715
1778636336.9888585,583.7664165496826,11578,14114,jpeg,0.055437564849853516
1778636337.0342042,583.8117623329163,11579,14093,jpeg,0.04534578323364258
1778636337.0874302,583.8649883270264,11580,14061,jpeg,0.05322599411010742
1778636337.1384013,583.9159593582153,11581,14107,jpeg,0.050971031188964844
1778636337.1840212,583.9615793228149,11582,14105,jpeg,0.045619964599609375
1778636337.232833,584.010390996933,11583,14088,jpeg,0.04881167411804199
1778636337.2839344,584.0614924430847,11584,14125,jpeg,0.0511014461517334
1778636337.3350062,584.1125643253326,11585,14090,jpeg,0.051071882247924805
1778636337.3827202,584.1602783203125,11586,14099,jpeg,0.0477139949798584
1778636337.4338915,584.2114496231079,11587,14110,jpeg,0.051171302795410156
1778636337.4817908,584.2593488693237,11588,14098,jpeg,0.04789924621582031
1778636337.5328896,584.3104476928711,11589,14081,jpeg,0.05109882354736328
1778636337.5829902,584.3605482578278,11590,14105,jpeg,0.05010056495666504
1778636337.6328642,584.4104223251343,11591,14084,jpeg,0.049874067306518555
1778636337.6829455,584.460503578186,11592,14095,jpeg,0.05008125305175781
1778636337.7335331,584.5110912322998,11593,14088,jpeg,0.05058765411376953
1778636337.7821581,584.5597162246704,11594,14092,jpeg,0.04862499237060547
1778636337.8325417,584.6100997924805,11595,14095,jpeg,0.050383567810058594
1778636337.8852518,584.6628098487854,11596,14107,jpeg,0.05271005630493164
1778636337.9317493,584.7093074321747,11597,14090,jpeg,0.04649758338928223
1778636337.9854667,584.7630248069763,11598,14110,jpeg,0.05371737480163574
1778636338.037752,584.8153100013733,11599,14095,jpeg,0.052285194396972656
1778636338.08405,584.8616080284119,11600,14120,jpeg,0.04629802703857422
1778636338.1354263,584.9129843711853,11601,14091,jpeg,0.0513763427734375
1778636338.1857786,584.9633367061615,11602,14095,jpeg,0.05035233497619629
1778636338.233842,585.0113999843597,11603,14092,jpeg,0.04806327819824219
1778636338.2824438,585.0600018501282,11604,14092,jpeg,0.04860186576843262
1778636338.3384356,585.1159937381744,11605,14077,jpeg,0.05599188804626465
1778636338.383496,585.1610541343689,11606,14094,jpeg,0.04506039619445801
1778636338.431493,585.2090511322021,11607,14082,jpeg,0.04799699783325195
1778636338.4871862,585.2647442817688,11608,14071,jpeg,0.05569314956665039
1778636338.5337667,585.3113248348236,11609,14100,jpeg,0.04658055305480957
1778636338.5814605,585.3590185642242,11610,14100,jpeg,0.047693729400634766
1778636338.6346416,585.4121997356415,11611,14111,jpeg,0.05318117141723633
1778636338.682936,585.4604940414429,11612,14126,jpeg,0.0482943058013916
1778636338.731035,585.508593082428,11613,14132,jpeg,0.04809904098510742
1778636338.7844334,585.5619914531708,11614,14089,jpeg,0.05339837074279785
1778636338.8329248,585.6104829311371,11615,14102,jpeg,0.048491477966308594
1778636338.8819487,585.6595067977905,11616,14116,jpeg,0.04902386665344238
1778636338.9383354,585.7158935070038,11617,14096,jpeg,0.056386709213256836
1778636338.984092,585.7616500854492,11618,14091,jpeg,0.04575657844543457
1778636339.0324636,585.8100216388702,11619,14105,jpeg,0.04837155342102051
1778636339.0916255,585.8691835403442,11620,14079,jpeg,0.05916190147399902
1778636339.1352236,585.9127817153931,11621,14105,jpeg,0.043598175048828125
1778636339.181792,585.9593501091003,11622,14102,jpeg,0.04656839370727539
1778636339.2431254,586.0206835269928,11623,14091,jpeg,0.061333417892456055
1778636339.2822275,586.0597856044769,11624,14087,jpeg,0.03910207748413086
1778636339.3318877,586.109445810318,11625,14075,jpeg,0.04966020584106445
1778636339.384478,586.1620361804962,11626,14096,jpeg,0.052590370178222656
1778636339.4314687,586.2090268135071,11627,14114,jpeg,0.04699063301086426
1778636339.4834242,586.2609822750092,11628,14083,jpeg,0.051955461502075195
1778636339.532224,586.3097820281982,11629,14099,jpeg,0.048799753189086914
1778636339.5809455,586.3585035800934,11630,14114,jpeg,0.0487215518951416
1778636339.6327846,586.4103426933289,11631,14073,jpeg,0.05183911323547363
1778636339.68486,586.4624180793762,11632,14085,jpeg,0.05207538604736328
1778636339.7328236,586.5103816986084,11633,14104,jpeg,0.047963619232177734
1778636339.7823038,586.5598618984222,11634,14094,jpeg,0.04948019981384277
1778636339.8374095,586.61496758461,11635,14071,jpeg,0.05510568618774414
1778636339.883014,586.660572052002,11636,14086,jpeg,0.04560446739196777
1778636339.9317648,586.7093229293823,11637,14101,jpeg,0.048750877380371094
1778636339.9832563,586.7608144283295,11638,14091,jpeg,0.051491498947143555
1778636340.03388,586.8114380836487,11639,14097,jpeg,0.05062365531921387
1778636340.0815642,586.8591222763062,11640,14064,jpeg,0.0476841926574707
1778636340.13673,586.9142880439758,11641,14097,jpeg,0.055165767669677734
1778636340.185547,586.9631052017212,11642,14095,jpeg,0.04881715774536133
1778636340.2357721,587.0133302211761,11643,14085,jpeg,0.050225019454956055
1778636340.2853417,587.0628998279572,11644,14119,jpeg,0.04956960678100586
1778636340.3363702,587.1139283180237,11645,14105,jpeg,0.05102849006652832
1778636340.385636,587.1631941795349,11646,14122,jpeg,0.04926586151123047
1778636340.4363306,587.2138886451721,11647,14128,jpeg,0.05069446563720703
1778636340.4894128,587.266970872879,11648,14075,jpeg,0.05308222770690918
1778636340.5389607,587.3165187835693,11649,14065,jpeg,0.04954791069030762
1778636340.5866876,587.3642456531525,11650,14069,jpeg,0.04772686958312988
1778636340.630195,587.4077529907227,11651,14057,jpeg,0.04350733757019043
1778636340.6850526,587.4626107215881,11652,14072,jpeg,0.054857730865478516
1778636340.7380514,587.5156095027924,11653,14090,jpeg,0.05299878120422363
1778636340.7860074,587.56356549263,11654,14097,jpeg,0.047955989837646484
1778636340.8403673,587.6179254055023,11655,14089,jpeg,0.05435991287231445
1778636340.889928,587.6674861907959,11656,14078,jpeg,0.0495607852935791
1778636340.9343927,587.7119507789612,11657,14062,jpeg,0.0444645881652832
1778636340.9841561,587.761714220047,11658,14095,jpeg,0.04976344108581543
1778636341.0363579,587.8139159679413,11659,14093,jpeg,0.05220174789428711
1778636341.086066,587.8636240959167,11660,14114,jpeg,0.04970812797546387
1778636341.1364806,587.9140386581421,11661,14090,jpeg,0.0504145622253418
1778636341.1880243,587.965582370758,11662,14117,jpeg,0.0515437126159668
1778636341.231294,588.0088520050049,11663,14102,jpeg,0.04326963424682617
1778636341.282302,588.0598599910736,11664,14095,jpeg,0.051007986068725586
1778636341.3396165,588.1171746253967,11665,14105,jpeg,0.05731463432312012
1778636341.3857381,588.1632962226868,11666,14084,jpeg,0.04612159729003906
1778636341.4357247,588.2132828235626,11667,14087,jpeg,0.04998660087585449
1778636341.4893975,588.26695561409,11668,14087,jpeg,0.05367279052734375
1778636341.5367842,588.3143422603607,11669,14107,jpeg,0.04738664627075195
1778636341.5805423,588.3581004142761,11670,14099,jpeg,0.04375815391540527
1778636341.6337473,588.4113054275513,11671,14110,jpeg,0.053205013275146484
1778636341.6803389,588.4578969478607,11672,14095,jpeg,0.04659152030944824
1778636341.730184,588.5077421665192,11673,14069,jpeg,0.049845218658447266
1778636341.783802,588.5613601207733,11674,14094,jpeg,0.05361795425415039
1778636341.830388,588.6079461574554,11675,14063,jpeg,0.046586036682128906
1778636341.8804786,588.6580367088318,11676,14108,jpeg,0.05009055137634277
1778636341.9367287,588.7142868041992,11677,14084,jpeg,0.05625009536743164
1778636341.9807312,588.7582893371582,11678,14117,jpeg,0.044002532958984375
1778636342.031058,588.8086161613464,11679,14123,jpeg,0.05032682418823242
1778636342.0885775,588.866135597229,11680,14088,jpeg,0.05751943588256836
1778636342.1293163,588.9068744182587,11681,14104,jpeg,0.040738821029663086
1778636342.1795304,588.957088470459,11682,14121,jpeg,0.05021405220031738
1778636342.2333152,589.0108733177185,11683,14090,jpeg,0.053784847259521484
1778636342.2808254,589.0583834648132,11684,14107,jpeg,0.04751014709472656
1778636342.3302982,589.1078562736511,11685,14091,jpeg,0.049472808837890625
1778636342.388064,589.1656219959259,11686,14089,jpeg,0.05776572227478027
1778636342.4364903,589.2140483856201,11687,14103,jpeg,0.04842638969421387
1778636342.480505,589.2580630779266,11688,14105,jpeg,0.044014692306518555
1778636342.5315778,589.3091359138489,11689,14112,jpeg,0.05107283592224121
1778636342.581407,589.3589651584625,11690,14092,jpeg,0.04982924461364746
1778636342.6332126,589.4107706546783,11691,14091,jpeg,0.05180549621582031
1778636342.6848147,589.4623727798462,11692,14090,jpeg,0.05160212516784668
1778636342.7324426,589.510000705719,11693,14125,jpeg,0.047627925872802734
1778636342.7858224,589.5633804798126,11694,14102,jpeg,0.05337977409362793
1778636342.8353386,589.6128966808319,11695,14090,jpeg,0.04951620101928711
1778636342.8813682,589.6589262485504,11696,14104,jpeg,0.04602956771850586
1778636342.9355888,589.7131469249725,11697,14102,jpeg,0.05422067642211914
1778636343.0036151,589.7811732292175,11698,14110,jpeg,0.06802630424499512
1778636343.032848,589.8104059696198,11699,14110,jpeg,0.02923274040222168
1778636343.0808587,589.8584167957306,11700,14121,jpeg,0.048010826110839844
1778636343.1382866,589.9158446788788,11701,14129,jpeg,0.05742788314819336
1778636343.1817603,589.9593183994293,11702,14117,jpeg,0.04347372055053711
1778636343.2348983,590.0124564170837,11703,14089,jpeg,0.053138017654418945
1778636343.2886958,590.066253900528,11704,14099,jpeg,0.05379748344421387
1778636343.332597,590.1101551055908,11705,14124,jpeg,0.04390120506286621
1778636343.3793466,590.1569046974182,11706,14077,jpeg,0.04674959182739258
1778636343.4353352,590.2128932476044,11707,14081,jpeg,0.05598855018615723
1778636343.4819624,590.2595205307007,11708,14060,jpeg,0.04662728309631348
1778636343.529488,590.307046175003,11709,14095,jpeg,0.047525644302368164
1778636343.584762,590.3623201847076,11710,14081,jpeg,0.055274009704589844
1778636343.6320271,590.409585237503,11711,14098,jpeg,0.047265052795410156
1778636343.6800945,590.4576525688171,11712,14104,jpeg,0.048067331314086914
1778636343.7358859,590.5134439468384,11713,14094,jpeg,0.055791378021240234
1778636343.7826078,590.5601658821106,11714,14093,jpeg,0.0467219352722168
1778636343.829766,590.6073241233826,11715,14096,jpeg,0.047158241271972656
1778636343.882256,590.659814119339,11716,14106,jpeg,0.0524899959564209
1778636343.9319167,590.7094748020172,11717,14085,jpeg,0.049660682678222656
1778636343.9809873,590.7585453987122,11718,14098,jpeg,0.04907059669494629
1778636344.0326595,590.8102176189423,11719,14089,jpeg,0.05167222023010254
1778636344.081742,590.8593001365662,11720,14085,jpeg,0.04908251762390137
1778636344.1299329,590.9074909687042,11721,14080,jpeg,0.04819083213806152
1778636344.1822767,590.9598348140717,11722,14091,jpeg,0.05234384536743164
1778636344.230755,591.0083131790161,11723,14089,jpeg,0.04847836494445801
1778636344.2817647,591.0593228340149,11724,14123,jpeg,0.0510096549987793
1778636344.3315184,591.109076499939,11725,14103,jpeg,0.049753665924072266
1778636344.381611,591.1591691970825,11726,14076,jpeg,0.05009269714355469
1778636344.432146,591.2097041606903,11727,14120,jpeg,0.050534963607788086
1778636344.4826398,591.2601978778839,11728,14108,jpeg,0.050493717193603516
1778636344.5312803,591.3088383674622,11729,14078,jpeg,0.04864048957824707
1778636344.5805821,591.3581402301788,11730,14142,jpeg,0.049301862716674805
1778636344.6313503,591.408908367157,11731,14112,jpeg,0.050768136978149414
1778636344.6811826,591.4587407112122,11732,14079,jpeg,0.04983234405517578
1778636344.7321904,591.5097484588623,11733,14085,jpeg,0.051007747650146484
1778636344.7829862,591.5605442523956,11734,14083,jpeg,0.050795793533325195
1778636344.8358238,591.6133818626404,11735,14098,jpeg,0.05283761024475098
1778636344.8859808,591.6635389328003,11736,14099,jpeg,0.05015707015991211
1778636344.9366894,591.7142474651337,11737,14110,jpeg,0.05070853233337402
1778636345.0122092,591.7897672653198,11738,14093,jpeg,0.07551980018615723
1778636345.038333,591.8158910274506,11739,14104,jpeg,0.026123762130737305
1778636345.085835,591.8633930683136,11740,14081,jpeg,0.04750204086303711
1778636345.1278193,591.9053773880005,11741,14097,jpeg,0.04198431968688965
1778636345.1860604,591.963618516922,11742,14119,jpeg,0.05824112892150879
1778636345.2352648,592.0128228664398,11743,14093,jpeg,0.049204349517822266
1778636345.2779725,592.0555305480957,11744,14097,jpeg,0.04270768165588379
1778636345.3288364,592.1063945293427,11745,14106,jpeg,0.05086398124694824
1778636345.3871737,592.1647317409515,11746,14072,jpeg,0.05833721160888672
1778636345.4371645,592.2147226333618,11747,14087,jpeg,0.04999089241027832
1778636345.4900708,592.2676289081573,11748,14079,jpeg,0.05290627479553223
1778636345.535739,592.3132970333099,11749,14103,jpeg,0.04566812515258789
1778636345.6028845,592.3804426193237,11750,14102,jpeg,0.06714558601379395
1778636345.6358795,592.4134376049042,11751,14103,jpeg,0.032994985580444336
1778636345.6861694,592.4637274742126,11752,14088,jpeg,0.05028986930847168
1778636345.7360256,592.5135836601257,11753,14113,jpeg,0.04985618591308594
1778636345.7926924,592.5702505111694,11754,14112,jpeg,0.05666685104370117
1778636345.8362186,592.6137766838074,11755,14086,jpeg,0.04352617263793945
1778636345.8881168,592.6656749248505,11756,14093,jpeg,0.05189824104309082
1778636345.9369988,592.7145569324493,11757,14089,jpeg,0.04888200759887695
1778636345.9861012,592.7636592388153,11758,14090,jpeg,0.0491023063659668
1778636346.0343626,592.8119206428528,11759,14086,jpeg,0.048261404037475586
1778636346.0798368,592.8573949337006,11760,14139,jpeg,0.04547429084777832
1778636346.1384206,592.9159786701202,11761,14112,jpeg,0.058583736419677734
1778636346.1863978,592.9639558792114,11762,14113,jpeg,0.04797720909118652
1778636346.2326035,593.0101616382599,11763,14109,jpeg,0.046205759048461914
1778636346.2871954,593.0647535324097,11764,14099,jpeg,0.05459189414978027
1778636346.3298736,593.1074316501617,11765,14091,jpeg,0.042678117752075195
1778636346.3849235,593.162481546402,11766,14087,jpeg,0.055049896240234375
1778636346.4314637,593.2090218067169,11767,14100,jpeg,0.046540260314941406
1778636346.4799852,593.2575433254242,11768,14104,jpeg,0.04852151870727539
1778636346.5326896,593.3102476596832,11769,14113,jpeg,0.0527043342590332
1778636346.5832238,593.3607819080353,11770,14102,jpeg,0.05053424835205078
1778636346.6306074,593.4081654548645,11771,14112,jpeg,0.04738354682922363
1778636346.6816278,593.4591858386993,11772,14131,jpeg,0.05102038383483887
1778636346.7341182,593.5116763114929,11773,14114,jpeg,0.0524904727935791
1778636346.782567,593.5601251125336,11774,14110,jpeg,0.048448801040649414
1778636346.8316586,593.6092166900635,11775,14127,jpeg,0.04909157752990723
1778636346.8829966,593.6605546474457,11776,14113,jpeg,0.05133795738220215
1778636346.9347444,593.7123024463654,11777,14107,jpeg,0.051747798919677734
1778636346.9850297,593.7625877857208,11778,14108,jpeg,0.05028533935546875
1778636347.0335839,593.8111419677734,11779,14106,jpeg,0.048554182052612305
1778636347.079359,593.856917142868,11780,14089,jpeg,0.04577517509460449
1778636347.135928,593.9134860038757,11781,14110,jpeg,0.05656886100769043
1778636347.1850224,593.9625804424286,11782,14120,jpeg,0.049094438552856445
1778636347.2293618,594.0069198608398,11783,14115,jpeg,0.04433941841125488
1778636347.2810535,594.0586116313934,11784,14105,jpeg,0.05169177055358887
1778636347.3373675,594.1149256229401,11785,14093,jpeg,0.05631399154663086
1778636347.3791716,594.1567296981812,11786,14091,jpeg,0.04180407524108887
1778636347.4308107,594.2083687782288,11787,14094,jpeg,0.05163908004760742
1778636347.4826527,594.2602107524872,11788,14133,jpeg,0.05184197425842285
1778636347.531017,594.3085751533508,11789,14117,jpeg,0.04836440086364746
1778636347.5825303,594.3600883483887,11790,14085,jpeg,0.0515131950378418
1778636347.6333208,594.4108788967133,11791,14107,jpeg,0.05079054832458496
1778636347.6808991,594.4584572315216,11792,14102,jpeg,0.04757833480834961
1778636347.7422578,594.5198159217834,11793,14093,jpeg,0.06135869026184082
1778636347.7825484,594.5601065158844,11794,14091,jpeg,0.04029059410095215
1778636347.8299181,594.607476234436,11795,14087,jpeg,0.04736971855163574
1778636347.8800378,594.657595872879,11796,14071,jpeg,0.050119638442993164
1778636347.9337125,594.711270570755,11797,14091,jpeg,0.05367469787597656
1778636347.9847593,594.7623174190521,11798,14099,jpeg,0.05104684829711914
1778636348.030117,594.8076751232147,11799,14094,jpeg,0.045357704162597656
1778636348.0839257,594.8614838123322,11800,14122,jpeg,0.05380868911743164
1778636348.1279106,594.9054687023163,11801,14101,jpeg,0.04398488998413086
1778636348.1808112,594.9583692550659,11802,14099,jpeg,0.05290055274963379
1778636348.2367272,595.014285326004,11803,14110,jpeg,0.05591607093811035
1778636348.2784867,595.0560448169708,11804,14066,jpeg,0.041759490966796875
1778636348.3324733,595.1100313663483,11805,14087,jpeg,0.053986549377441406
1778636348.380096,595.1576540470123,11806,14096,jpeg,0.0476226806640625
1778636348.4290798,595.2066378593445,11807,14120,jpeg,0.04898381233215332
1778636348.4819365,595.2594945430756,11808,14117,jpeg,0.0528566837310791
1778636348.5399132,595.3174712657928,11809,14106,jpeg,0.057976722717285156
1778636348.5818193,595.3593773841858,11810,14109,jpeg,0.041906118392944336
1778636348.629245,595.4068031311035,11811,14103,jpeg,0.04742574691772461
1778636348.6794465,595.4570045471191,11812,14087,jpeg,0.050201416015625
1778636348.7333326,595.5108907222748,11813,14118,jpeg,0.05388617515563965
1778636348.781004,595.558562040329,11814,14119,jpeg,0.04767131805419922
1778636348.8334622,595.6110203266144,11815,14129,jpeg,0.05245828628540039
1778636348.8845816,595.6621396541595,11816,14110,jpeg,0.051119327545166016
1778636348.9305558,595.7081139087677,11817,14107,jpeg,0.0459742546081543
1778636348.9828832,595.7604413032532,11818,14096,jpeg,0.05232739448547363
1778636349.0323348,595.8098928928375,11819,14099,jpeg,0.049451589584350586
1778636349.0820491,595.859607219696,11820,14113,jpeg,0.04971432685852051
1778636349.134055,595.9116129875183,11821,14084,jpeg,0.052005767822265625
1778636349.1836963,595.9612543582916,11822,14083,jpeg,0.04964137077331543
1778636349.2369964,596.0145545005798,11823,14094,jpeg,0.05330014228820801
1778636349.2865179,596.0640759468079,11824,14076,jpeg,0.049521446228027344
1778636349.3301525,596.1077105998993,11825,14110,jpeg,0.043634653091430664
1778636349.379777,596.1573350429535,11826,14103,jpeg,0.04962444305419922
1778636349.4303021,596.2078602313995,11827,14110,jpeg,0.05052518844604492
1778636349.478909,596.2564671039581,11828,14110,jpeg,0.04860687255859375
1778636349.5277178,596.3052759170532,11829,14103,jpeg,0.04880881309509277
1778636349.5799425,596.3575005531311,11830,14108,jpeg,0.05222463607788086
1778636349.6286356,596.4061937332153,11831,14113,jpeg,0.048693180084228516
1778636349.6837115,596.4612696170807,11832,14112,jpeg,0.055075883865356445
1778636349.7301173,596.507675409317,11833,14111,jpeg,0.046405792236328125
1778636349.778969,596.5565271377563,11834,14099,jpeg,0.048851728439331055
1778636349.8321264,596.6096844673157,11835,14098,jpeg,0.05315732955932617
1778636349.879525,596.6570830345154,11836,14095,jpeg,0.04739856719970703
1778636349.9310586,596.708616733551,11837,14118,jpeg,0.05153369903564453
1778636349.9822628,596.7598209381104,11838,14114,jpeg,0.05120420455932617
1778636350.0369232,596.8144812583923,11839,14101,jpeg,0.05466032028198242
1778636350.0795705,596.8571286201477,11840,14110,jpeg,0.042647361755371094
1778636350.1291301,596.9066882133484,11841,14097,jpeg,0.049559593200683594
1778636350.1887097,596.966267824173,11842,14100,jpeg,0.05957961082458496
1778636350.2301583,597.0077164173126,11843,14077,jpeg,0.04144859313964844
1778636350.277131,597.05468916893,11844,14083,jpeg,0.04697275161743164
1778636350.331808,597.1093661785126,11845,14068,jpeg,0.05467700958251953
1778636350.3772845,597.1548426151276,11846,14127,jpeg,0.045476436614990234
1778636350.4342387,597.2117967605591,11847,14094,jpeg,0.056954145431518555
1778636350.4813278,597.2588858604431,11848,14103,jpeg,0.0470890998840332
1778636350.527472,597.3050301074982,11849,14098,jpeg,0.04614424705505371
1778636350.5791354,597.3566935062408,11850,14101,jpeg,0.05166339874267578
1778636350.6308167,597.408374786377,11851,14113,jpeg,0.0516812801361084
1778636350.6787865,597.4563446044922,11852,14108,jpeg,0.047969818115234375
1778636350.728421,597.5059790611267,11853,14106,jpeg,0.049634456634521484
1778636350.7841158,597.5616738796234,11854,14088,jpeg,0.0556948184967041
1778636350.8299098,597.6074678897858,11855,14098,jpeg,0.045794010162353516
1778636350.879679,597.6572370529175,11856,14098,jpeg,0.04976916313171387
1778636350.9358463,597.713404417038,11857,14106,jpeg,0.0561673641204834
1778636350.9807742,597.7583322525024,11858,14113,jpeg,0.04492783546447754
1778636351.02894,597.8064980506897,11859,14096,jpeg,0.04816579818725586
1778636351.0851235,597.8626816272736,11860,14111,jpeg,0.056183576583862305
1778636351.13248,597.9100379943848,11861,14106,jpeg,0.047356367111206055
1778636351.1824825,597.9600405693054,11862,14093,jpeg,0.0500025749206543
1778636351.2357588,598.0133168697357,11863,14101,jpeg,0.05327630043029785
1778636351.2848673,598.0624253749847,11864,14094,jpeg,0.04910850524902344
1778636351.3343413,598.1118993759155,11865,14104,jpeg,0.04947400093078613
1778636351.384,598.1615581512451,11866,14092,jpeg,0.049658775329589844
1778636351.43526,598.212818145752,11867,14101,jpeg,0.05125999450683594
1778636351.4790833,598.2566413879395,11868,14091,jpeg,0.0438232421875
1778636351.5398622,598.3174202442169,11869,14107,jpeg,0.06077885627746582
1778636351.5808232,598.3583812713623,11870,14079,jpeg,0.04096102714538574
1778636351.6282852,598.405843257904,11871,14082,jpeg,0.04746198654174805
1778636351.6801157,598.4576737880707,11872,14100,jpeg,0.05183053016662598
1778636351.730273,598.5078310966492,11873,14114,jpeg,0.05015730857849121
1778636351.7776103,598.555168390274,11874,14100,jpeg,0.04733729362487793
1778636351.8452873,598.6228454113007,11875,14119,jpeg,0.06767702102661133
1778636351.8788989,598.6564569473267,11876,14108,jpeg,0.03361153602600098
1778636351.9280837,598.705641746521,11877,14106,jpeg,0.04918479919433594
1778636351.988702,598.7662601470947,11878,14077,jpeg,0.06061840057373047
1778636352.030953,598.808511018753,11879,14121,jpeg,0.042250871658325195
1778636352.0816727,598.8592307567596,11880,14093,jpeg,0.0507197380065918
1778636352.137081,598.9146389961243,11881,14122,jpeg,0.05540823936462402
1778636352.182838,598.9603960514069,11882,14091,jpeg,0.04575705528259277
1778636352.230303,599.0078611373901,11883,14109,jpeg,0.04746508598327637
1778636352.2786715,599.0562295913696,11884,14104,jpeg,0.04836845397949219
1778636352.327661,599.1052191257477,11885,14105,jpeg,0.04898953437805176
1778636352.3801656,599.1577236652374,11886,14061,jpeg,0.052504539489746094
1778636352.428195,599.2057530879974,11887,14084,jpeg,0.048029422760009766
1778636352.4793916,599.2569496631622,11888,14070,jpeg,0.05119657516479492
1778636352.5302527,599.3078107833862,11889,14087,jpeg,0.05086112022399902
1778636352.580413,599.3579711914062,11890,14094,jpeg,0.05016040802001953
1778636352.6295216,599.4070796966553,11891,14104,jpeg,0.04910850524902344
1778636352.7306237,599.508181810379,11892,14108,jpeg,0.10110211372375488
1778636352.7797644,599.5573225021362,11893,14100,jpeg,0.04914069175720215
1778636352.828083,599.6056411266327,11894,14122,jpeg,0.04831862449645996
1778636352.877839,599.6553971767426,11895,14123,jpeg,0.04975605010986328
1778636352.928339,599.7058970928192,11896,14107,jpeg,0.050499916076660156
1778636352.9803731,599.7579312324524,11897,14074,jpeg,0.05203413963317871
1778636353.0396414,599.8171994686127,11898,14097,jpeg,0.05926823616027832
1778636353.0789025,599.8564605712891,11899,14100,jpeg,0.0392611026763916
1778636353.1292565,599.9068145751953,11900,14093,jpeg,0.05035400390625
1778636353.1809483,599.9585063457489,11901,14114,jpeg,0.05169177055358887
1778636353.2303472,600.0079052448273,11902,14106,jpeg,0.04939889907836914
1778636353.2791226,600.0566806793213,11903,14083,jpeg,0.048775434494018555
1778636353.334759,600.1123170852661,11904,14090,jpeg,0.05563640594482422
1778636353.3845124,600.1620705127716,11905,14097,jpeg,0.049753427505493164
1778636353.4276998,600.2052578926086,11906,14115,jpeg,0.04318737983703613
1778636353.4828076,600.2603657245636,11907,14100,jpeg,0.055107831954956055
1778636353.5259123,600.3034703731537,11908,14088,jpeg,0.04310464859008789
1778636353.5802152,600.3577733039856,11909,14119,jpeg,0.05430293083190918
1778636353.6328351,600.4103932380676,11910,14119,jpeg,0.05261993408203125
1778636353.6784673,600.4560253620148,11911,14142,jpeg,0.045632123947143555
1778636353.734163,600.5117211341858,11912,14105,jpeg,0.05569577217102051
1778636353.7795486,600.5571067333221,11913,14120,jpeg,0.04538559913635254
1778636353.8261642,600.6037223339081,11914,14082,jpeg,0.0466156005859375
1778636353.8793585,600.6569166183472,11915,14082,jpeg,0.053194284439086914
1778636353.936441,600.7139990329742,11916,14088,jpeg,0.057082414627075195
1778636353.9854288,600.7629868984222,11917,14093,jpeg,0.04898786544799805
1778636354.0295918,600.807149887085,11918,14088,jpeg,0.04416298866271973
1778636354.0784566,600.8560147285461,11919,14093,jpeg,0.04886484146118164
1778636354.129816,600.9073741436005,11920,14097,jpeg,0.05135941505432129
1778636354.1814687,600.9590268135071,11921,14096,jpeg,0.05165266990661621
1778636354.2364368,601.0139949321747,11922,14125,jpeg,0.05496811866760254
1778636354.2823677,601.0599257946014,11923,14109,jpeg,0.04593086242675781
1778636354.3290873,601.1066453456879,11924,14091,jpeg,0.04671955108642578
1778636354.382205,601.1597630977631,11925,14103,jpeg,0.05311775207519531
1778636354.4262183,601.2037763595581,11926,14098,jpeg,0.044013261795043945
1778636354.4772077,601.2547657489777,11927,14076,jpeg,0.050989389419555664
1778636354.53406,601.3116180896759,11928,14093,jpeg,0.05685234069824219
1778636354.5781069,601.3556649684906,11929,14114,jpeg,0.044046878814697266
1778636354.6278539,601.4054119586945,11930,14112,jpeg,0.04974699020385742
1778636354.700899,601.4784569740295,11931,14111,jpeg,0.07304501533508301
1778636354.7271636,601.5047216415405,11932,14093,jpeg,0.026264667510986328
1778636354.7757168,601.5532748699188,11933,14110,jpeg,0.0485532283782959
1778636354.8380175,601.6155755519867,11934,14104,jpeg,0.062300682067871094
1778636354.8773112,601.6548693180084,11935,14116,jpeg,0.039293766021728516
1778636354.9256747,601.7032327651978,11936,14125,jpeg,0.048363447189331055
1778636354.9794018,601.7569599151611,11937,14120,jpeg,0.053727149963378906
1778636355.0281167,601.8056747913361,11938,14098,jpeg,0.04871487617492676
1778636355.078476,601.856034040451,11939,14106,jpeg,0.050359249114990234
1778636355.1303642,601.9079222679138,11940,14104,jpeg,0.051888227462768555
1778636355.1795213,601.957079410553,11941,14116,jpeg,0.049157142639160156
1778636355.2283883,602.0059463977814,11942,14119,jpeg,0.048866987228393555
1778636355.2792659,602.0568239688873,11943,14105,jpeg,0.05087757110595703
1778636355.3316553,602.1092133522034,11944,14113,jpeg,0.05238938331604004
1778636355.376294,602.1538519859314,11945,14121,jpeg,0.044638633728027344
1778636355.429676,602.2072341442108,11946,14116,jpeg,0.053382158279418945
1778636355.4776187,602.255176782608,11947,14091,jpeg,0.0479426383972168
1778636355.5290368,602.3065948486328,11948,14131,jpeg,0.05141806602478027
1778636355.5785985,602.3561565876007,11949,14128,jpeg,0.04956173896789551
1778636355.626284,602.4038419723511,11950,14093,jpeg,0.04768538475036621
1778636355.678424,602.4559819698334,11951,14112,jpeg,0.052139997482299805
1778636355.7279708,602.5055289268494,11952,14109,jpeg,0.04954695701599121
1778636355.7766976,602.5542557239532,11953,14111,jpeg,0.048726797103881836
1778636355.8272202,602.6047782897949,11954,14096,jpeg,0.050522565841674805
1778636355.8776503,602.6552083492279,11955,14105,jpeg,0.0504300594329834
1778636355.9269948,602.7045528888702,11956,14093,jpeg,0.049344539642333984
1778636355.9798803,602.7574384212494,11957,14090,jpeg,0.05288553237915039
1778636356.0308387,602.8083968162537,11958,14103,jpeg,0.05095839500427246
1778636356.077421,602.8549790382385,11959,14088,jpeg,0.04658222198486328
1778636356.1265917,602.9041497707367,11960,14098,jpeg,0.049170732498168945
1778636356.1802745,602.9578325748444,11961,14099,jpeg,0.053682804107666016
1778636356.2266357,603.0041937828064,11962,14093,jpeg,0.04636120796203613
1778636356.2777352,603.0552933216095,11963,14087,jpeg,0.051099538803100586
1778636356.3298643,603.1074223518372,11964,14094,jpeg,0.05212903022766113
1778636356.3763435,603.1539015769958,11965,14111,jpeg,0.046479225158691406
1778636356.430496,603.2080540657043,11966,14111,jpeg,0.054152488708496094
1778636356.4801729,603.257730960846,11967,14096,jpeg,0.04967689514160156
1778636356.5271325,603.3046905994415,11968,14095,jpeg,0.046959638595581055
1778636356.5781083,603.3556663990021,11969,14094,jpeg,0.050975799560546875
1778636356.630407,603.407965183258,11970,14092,jpeg,0.052298784255981445
1778636356.6781135,603.4556715488434,11971,14082,jpeg,0.04770636558532715
1778636356.7289135,603.5064716339111,11972,14121,jpeg,0.05080008506774902
1778636356.7816174,603.559175491333,11973,14100,jpeg,0.052703857421875
1778636356.8275523,603.6051104068756,11974,14105,jpeg,0.04593491554260254
1778636356.8762858,603.6538438796997,11975,14117,jpeg,0.04873347282409668
1778636356.9319646,603.7095227241516,11976,14099,jpeg,0.0556788444519043
1778636356.9789836,603.7565417289734,11977,14122,jpeg,0.047019004821777344
1778636357.0300422,603.8076002597809,11978,14084,jpeg,0.05105853080749512
1778636357.0854816,603.8630397319794,11979,14116,jpeg,0.05543947219848633
1778636357.1315238,603.9090819358826,11980,14087,jpeg,0.04604220390319824
1778636357.176126,603.953684091568,11981,14112,jpeg,0.044602155685424805
1778636357.2280202,604.0055782794952,11982,14108,jpeg,0.051894187927246094
1778636357.2818081,604.0593662261963,11983,14108,jpeg,0.053787946701049805
1778636357.3292868,604.1068449020386,11984,14091,jpeg,0.047478675842285156
1778636357.3784184,604.1559765338898,11985,14098,jpeg,0.04913163185119629
1778636357.430041,604.2075991630554,11986,14099,jpeg,0.051622629165649414
1778636357.4765084,604.2540664672852,11987,14107,jpeg,0.04646730422973633
1778636357.5321112,604.3096692562103,11988,14105,jpeg,0.0556027889251709
1778636357.5799844,604.357542514801,11989,14108,jpeg,0.04787325859069824
1778636357.6256785,604.4032366275787,11990,14104,jpeg,0.04569411277770996
1778636357.680407,604.4579651355743,11991,14100,jpeg,0.05472850799560547
1778636357.7282443,604.5058023929596,11992,14096,jpeg,0.047837257385253906
1778636357.7783568,604.5559148788452,11993,14088,jpeg,0.05011248588562012
1778636357.8296828,604.6072409152985,11994,14083,jpeg,0.05132603645324707
1778636357.877473,604.6550312042236,11995,14112,jpeg,0.0477902889251709
1778636357.92891,604.7064681053162,11996,14099,jpeg,0.0514369010925293
1778636357.979049,604.7566070556641,11997,14114,jpeg,0.05013895034790039
1778636358.0288737,604.8064317703247,11998,14129,jpeg,0.04982471466064453
1778636358.079384,604.8569421768188,11999,14113,jpeg,0.050510406494140625
1778636358.12903,604.9065880775452,12000,14116,jpeg,0.04964590072631836
1778636358.1805437,604.9581017494202,12001,14138,jpeg,0.051513671875
1778636358.2282908,605.0058488845825,12002,14110,jpeg,0.047747135162353516
1778636358.282116,605.0596740245819,12003,14102,jpeg,0.05382513999938965
1778636358.337984,605.1155421733856,12004,14087,jpeg,0.05586814880371094
1778636358.3792024,605.1567604541779,12005,14098,jpeg,0.04121828079223633
1778636358.4344468,605.2120048999786,12006,14095,jpeg,0.05524444580078125
1778636358.4765887,605.2541468143463,12007,14095,jpeg,0.04214191436767578
1778636358.528673,605.3062310218811,12008,14108,jpeg,0.05208420753479004
1778636358.5783596,605.3559176921844,12009,14106,jpeg,0.04968667030334473
1778636358.6261818,605.4037399291992,12010,14107,jpeg,0.04782223701477051
1778636358.677577,605.4551351070404,12011,14097,jpeg,0.05139517784118652
1778636358.73062,605.5081779956818,12012,14097,jpeg,0.05304288864135742
1778636358.7759795,605.553537607193,12013,14094,jpeg,0.04535961151123047
1778636358.8276954,605.6052534580231,12014,14098,jpeg,0.051715850830078125
1778636358.8769364,605.6544945240021,12015,14092,jpeg,0.049241065979003906
1778636358.9252975,605.7028555870056,12016,14096,jpeg,0.04836106300354004
1778636358.9778328,605.7553908824921,12017,14115,jpeg,0.052535295486450195
1778636359.027429,605.8049871921539,12018,14095,jpeg,0.049596309661865234
1778636359.0776575,605.855215549469,12019,14084,jpeg,0.05022835731506348
1778636359.1271574,605.9047155380249,12020,14092,jpeg,0.0494999885559082
1778636359.178652,605.9562101364136,12021,14120,jpeg,0.051494598388671875
1778636359.2278762,606.0054342746735,12022,14110,jpeg,0.049224138259887695
1778636359.279435,606.0569930076599,12023,14099,jpeg,0.051558732986450195
1778636359.328867,606.1064250469208,12024,14111,jpeg,0.04943203926086426
1778636359.3780684,606.1556265354156,12025,14113,jpeg,0.04920148849487305
1778636359.429702,606.2072601318359,12026,14107,jpeg,0.051633596420288086
1778636359.4789052,606.2564632892609,12027,14092,jpeg,0.04920315742492676
1778636359.5282528,606.3058109283447,12028,14109,jpeg,0.049347639083862305
1778636359.580133,606.3576910495758,12029,14109,jpeg,0.0518801212310791
1778636359.6283195,606.4058775901794,12030,14119,jpeg,0.048186540603637695
1778636359.681772,606.4593300819397,12031,14135,jpeg,0.053452491760253906
1778636359.7365422,606.5141003131866,12032,14109,jpeg,0.05477023124694824
1778636359.7767015,606.5542595386505,12033,14095,jpeg,0.04015922546386719
1778636359.8302007,606.6077587604523,12034,14120,jpeg,0.05349922180175781
1778636359.8777144,606.6552724838257,12035,14110,jpeg,0.047513723373413086
1778636359.9305744,606.7081325054169,12036,14090,jpeg,0.05286002159118652
1778636359.9771774,606.7547354698181,12037,14114,jpeg,0.04660296440124512
1778636360.0317802,606.8093383312225,12038,14071,jpeg,0.054602861404418945
1778636360.0818553,606.8594133853912,12039,14084,jpeg,0.05007505416870117
1778636360.125733,606.9032909870148,12040,14068,jpeg,0.043877601623535156
1778636360.182165,606.959722995758,12041,14075,jpeg,0.05643200874328613
1778636360.2274468,607.0050048828125,12042,14071,jpeg,0.04528188705444336
1778636360.274034,607.0515921115875,12043,14085,jpeg,0.046587228775024414
1778636360.3396294,607.1171875,12044,14084,jpeg,0.06559538841247559
1778636360.3803246,607.1578826904297,12045,14081,jpeg,0.0406951904296875
1778636360.4265463,607.204104423523,12046,14067,jpeg,0.04622173309326172
1778636360.4795263,607.2570843696594,12047,14096,jpeg,0.05297994613647461
1778636360.5253885,607.3029465675354,12048,14086,jpeg,0.04586219787597656
1778636360.5828047,607.3603627681732,12049,14093,jpeg,0.05741620063781738
1778636360.6268954,607.4044535160065,12050,14071,jpeg,0.04409074783325195
1778636360.6769469,607.4545049667358,12051,14088,jpeg,0.05005145072937012
1778636360.7296574,607.5072154998779,12052,14095,jpeg,0.052710533142089844
1778636360.7758136,607.5533716678619,12053,14091,jpeg,0.04615616798400879
1778636360.8277657,607.6053237915039,12054,14073,jpeg,0.05195212364196777
1778636360.8764637,607.6540217399597,12055,14085,jpeg,0.04869794845581055
1778636360.9260213,607.7035794258118,12056,14061,jpeg,0.04955768585205078
1778636360.984363,607.7619211673737,12057,14097,jpeg,0.05834174156188965
1778636361.0263422,607.8039002418518,12058,14097,jpeg,0.041979074478149414
1778636361.0741348,607.8516929149628,12059,14106,jpeg,0.047792673110961914
1778636361.127823,607.9053812026978,12060,14090,jpeg,0.05368828773498535
1778636361.1769783,607.9545364379883,12061,14076,jpeg,0.049155235290527344
1778636361.2265518,608.0041098594666,12062,14068,jpeg,0.049573421478271484
1778636361.277633,608.0551910400391,12063,14090,jpeg,0.051081180572509766
1778636361.327006,608.1045641899109,12064,14080,jpeg,0.04937314987182617
1778636361.375403,608.1529610157013,12065,14083,jpeg,0.04839682579040527
1778636361.4266016,608.2041597366333,12066,14076,jpeg,0.051198720932006836
1778636361.4758902,608.2534482479095,12067,14085,jpeg,0.04928851127624512
1778636361.527474,608.3050320148468,12068,14073,jpeg,0.05158376693725586
1778636361.5811753,608.3587334156036,12069,14090,jpeg,0.05370140075683594
1778636361.6324527,608.4100108146667,12070,14098,jpeg,0.05127739906311035
1778636361.6763258,608.4538838863373,12071,14080,jpeg,0.04387307167053223
1778636361.7324834,608.510041475296,12072,14081,jpeg,0.056157588958740234
1778636361.7978234,608.5753815174103,12073,14089,jpeg,0.06534004211425781
1778636361.8338265,608.6113846302032,12074,14095,jpeg,0.03600311279296875
1778636361.8762007,608.653758764267,12075,14081,jpeg,0.0423741340637207
1778636361.9284854,608.7060434818268,12076,14093,jpeg,0.05228471755981445
1778636361.9755423,608.7531003952026,12077,14081,jpeg,0.04705691337585449
1778636362.0264888,608.804046869278,12078,14073,jpeg,0.05094647407531738
1778636362.0733583,608.8509163856506,12079,14072,jpeg,0.046869516372680664
1778636362.1258953,608.9034533500671,12080,14082,jpeg,0.052536964416503906
1778636362.176543,608.9541010856628,12081,14060,jpeg,0.050647735595703125
1778636362.230373,609.0079309940338,12082,14084,jpeg,0.05382990837097168
1778636362.2755492,609.0531072616577,12083,14090,jpeg,0.04517626762390137
1778636362.3264608,609.1040189266205,12084,14080,jpeg,0.050911664962768555
1778636362.378628,609.1561861038208,12085,14083,jpeg,0.05216717720031738
1778636362.4254553,609.203013420105,12086,14058,jpeg,0.04682731628417969
1778636362.4868948,609.2644529342651,12087,14061,jpeg,0.06143951416015625
1778636362.526332,609.3038899898529,12088,14055,jpeg,0.039437055587768555
1778636362.5763626,609.3539206981659,12089,14084,jpeg,0.05003070831298828
1778636362.6304016,609.4079596996307,12090,14067,jpeg,0.05403900146484375
1778636362.676779,609.4543371200562,12091,14048,jpeg,0.04637742042541504
1778636362.7266414,609.5041995048523,12092,14085,jpeg,0.04986238479614258
1778636362.7805278,609.5580859184265,12093,14091,jpeg,0.05388641357421875
1778636362.8277338,609.6052918434143,12094,14069,jpeg,0.04720592498779297
1778636362.8773193,609.6548774242401,12095,14116,jpeg,0.049585580825805664
1778636362.930393,609.7079510688782,12096,14100,jpeg,0.05307364463806152
1778636362.9758575,609.7534155845642,12097,14076,jpeg,0.045464515686035156
1778636363.026311,609.803869009018,12098,14114,jpeg,0.05045342445373535
1778636363.0760717,609.8536298274994,12099,14085,jpeg,0.04976081848144531
1778636363.1264892,609.9040472507477,12100,14078,jpeg,0.050417423248291016
1778636363.1757057,609.953263759613,12101,14058,jpeg,0.049216508865356445
1778636363.226748,610.0043060779572,12102,14062,jpeg,0.05104231834411621
1778636363.2757812,610.0533392429352,12103,14066,jpeg,0.049033164978027344
1778636363.3279474,610.1055054664612,12104,14067,jpeg,0.05216622352600098
1778636363.3826504,610.1602084636688,12105,14055,jpeg,0.0547029972076416
1778636363.425077,610.20263504982,12106,14058,jpeg,0.04242658615112305
1778636363.473921,610.2514791488647,12107,14035,jpeg,0.048844099044799805
1778636363.52563,610.303188085556,12108,14054,jpeg,0.05170893669128418
1778636363.575556,610.3531141281128,12109,14081,jpeg,0.049926042556762695
1778636363.6310713,610.4086294174194,12110,14080,jpeg,0.055515289306640625
1778636363.6770995,610.4546575546265,12111,14090,jpeg,0.04602813720703125
1778636363.7248244,610.502382516861,12112,14089,jpeg,0.04772496223449707
1778636363.7789638,610.5565218925476,12113,14087,jpeg,0.05413937568664551
1778636363.8251858,610.6027438640594,12114,14079,jpeg,0.04622197151184082
1778636363.8748434,610.6524014472961,12115,14076,jpeg,0.049657583236694336
1778636363.927416,610.7049741744995,12116,14107,jpeg,0.05257272720336914
1778636363.9759638,610.7535219192505,12117,14093,jpeg,0.04854774475097656
1778636364.0280006,610.805558681488,12118,14073,jpeg,0.05203676223754883
1778636364.0771058,610.854663848877,12119,14073,jpeg,0.049105167388916016
1778636364.1262567,610.903814792633,12120,14080,jpeg,0.049150943756103516
1778636364.179792,610.9573500156403,12121,14073,jpeg,0.05353522300720215
1778636364.2266839,611.0042419433594,12122,14069,jpeg,0.04689192771911621
1778636364.2778625,611.0554206371307,12123,14077,jpeg,0.051178693771362305
1778636364.3237877,611.1013457775116,12124,14068,jpeg,0.045925140380859375
1778636364.375214,611.1527721881866,12125,14056,jpeg,0.05142641067504883
1778636364.432612,611.2101700305939,12126,14074,jpeg,0.05739784240722656
1778636364.474501,611.2520589828491,12127,14086,jpeg,0.04188895225524902
1778636364.529205,611.3067631721497,12128,14088,jpeg,0.05470418930053711
1778636364.5786505,611.356208562851,12129,14054,jpeg,0.049445390701293945
1778636364.6351225,611.4126806259155,12130,14057,jpeg,0.056472063064575195
1778636364.6803894,611.4579474925995,12131,14080,jpeg,0.04526686668395996
1778636364.7342732,611.5118312835693,12132,14096,jpeg,0.05388379096984863
1778636364.7819538,611.5595118999481,12133,14095,jpeg,0.04768061637878418
1778636364.830429,611.607987165451,12134,14060,jpeg,0.04847526550292969
1778636364.8771095,611.6546676158905,12135,14092,jpeg,0.046680450439453125
1778636364.9247077,611.7022657394409,12136,14092,jpeg,0.04759812355041504
1778636364.9760492,611.7536072731018,12137,14077,jpeg,0.05134153366088867
1778636365.0273216,611.8048796653748,12138,14084,jpeg,0.05127239227294922
1778636365.0774157,611.8549737930298,12139,14076,jpeg,0.0500941276550293
1778636365.1262498,611.9038078784943,12140,14064,jpeg,0.04883408546447754
1778636365.1774385,611.954996585846,12141,14079,jpeg,0.05118870735168457
1778636365.2261314,612.0036895275116,12142,14074,jpeg,0.048692941665649414
1778636365.2746258,612.0521838665009,12143,14088,jpeg,0.04849433898925781
1778636365.3280509,612.1056089401245,12144,14071,jpeg,0.05342507362365723
1778636365.3766444,612.1542024612427,12145,14096,jpeg,0.04859352111816406
1778636365.4281554,612.2057135105133,12146,14092,jpeg,0.05151104927062988
1778636365.4774535,612.2550115585327,12147,14069,jpeg,0.04929804801940918
1778636365.526824,612.3043820858002,12148,14090,jpeg,0.049370527267456055
1778636365.5776744,612.3552324771881,12149,14066,jpeg,0.05085039138793945
1778636365.6273072,612.4048652648926,12150,14066,jpeg,0.04963278770446777
1778636365.6792402,612.4567983150482,12151,14059,jpeg,0.05193305015563965
1778636365.7311552,612.5087132453918,12152,14086,jpeg,0.05191493034362793
1778636365.777657,612.5552151203156,12153,14106,jpeg,0.046501874923706055
1778636365.8252268,612.602784872055,12154,14078,jpeg,0.04756975173950195
1778636365.8781528,612.6557109355927,12155,14083,jpeg,0.052926063537597656
1778636365.9289563,612.7065143585205,12156,14096,jpeg,0.050803422927856445
1778636365.9775264,612.7550845146179,12157,14071,jpeg,0.04857015609741211
1778636366.0339909,612.811548948288,12158,14061,jpeg,0.056464433670043945
1778636366.0805573,612.8581154346466,12159,14081,jpeg,0.04656648635864258
1778636366.1290271,612.9065852165222,12160,14062,jpeg,0.04846978187561035
1778636366.1771905,612.9547486305237,12161,14064,jpeg,0.048163414001464844
1778636366.2256198,613.0031778812408,12162,14087,jpeg,0.048429250717163086
1778636366.2735994,613.0511574745178,12163,14096,jpeg,0.04797959327697754
1778636366.3249273,613.1024854183197,12164,14083,jpeg,0.05132794380187988
1778636366.3766341,613.1541922092438,12165,14070,jpeg,0.051706790924072266
1778636366.4245272,613.2020852565765,12166,14086,jpeg,0.04789304733276367
1778636366.4774697,613.2550277709961,12167,14103,jpeg,0.052942514419555664
1778636366.5289066,613.3064646720886,12168,14095,jpeg,0.0514369010925293
1778636366.5822427,613.3598008155823,12169,14092,jpeg,0.053336143493652344
1778636366.6270928,613.40465092659,12170,14083,jpeg,0.04485011100769043
1778636366.6829112,613.4604692459106,12171,14098,jpeg,0.05581831932067871
1778636366.7245953,613.5021533966064,12172,14107,jpeg,0.04168415069580078
1778636366.7777221,613.5552802085876,12173,14095,jpeg,0.05312681198120117
1778636366.8270392,613.6045973300934,12174,14065,jpeg,0.049317121505737305
1778636366.8794773,613.6570353507996,12175,14091,jpeg,0.05243802070617676
1778636366.9285629,613.706120967865,12176,14077,jpeg,0.04908561706542969
1778636366.9806614,613.7582194805145,12177,14080,jpeg,0.05209851264953613
1778636367.0298507,613.8074088096619,12178,14099,jpeg,0.04918932914733887
1778636367.0767195,613.8542776107788,12179,14072,jpeg,0.04686880111694336
1778636367.1263895,613.9039475917816,12180,14101,jpeg,0.04966998100280762
1778636367.1746655,613.9522235393524,12181,14076,jpeg,0.04827594757080078
1778636367.2271526,614.0047106742859,12182,14037,jpeg,0.05248713493347168
1778636367.277177,614.0547351837158,12183,14079,jpeg,0.05002450942993164
1778636367.3245907,614.102148771286,12184,14084,jpeg,0.04741358757019043
1778636367.3763282,614.1538863182068,12185,14080,jpeg,0.05173754692077637
1778636367.425753,614.2033112049103,12186,14088,jpeg,0.04942488670349121
1778636367.4741578,614.2517158985138,12187,14064,jpeg,0.048404693603515625
1778636367.5281096,614.3056676387787,12188,14082,jpeg,0.05395174026489258
1778636367.5757995,614.353357553482,12189,14093,jpeg,0.04768991470336914
1778636367.6313922,614.4089503288269,12190,14093,jpeg,0.05559277534484863
1778636367.6780837,614.455641746521,12191,14102,jpeg,0.0466914176940918
1778636367.7302325,614.5077905654907,12192,14083,jpeg,0.05214881896972656
1778636367.7744484,614.552006483078,12193,14101,jpeg,0.04421591758728027
1778636367.8308303,614.6083884239197,12194,14102,jpeg,0.056381940841674805
1778636367.8752272,614.6527853012085,12195,14079,jpeg,0.04439687728881836
1778636367.9243433,614.701901435852,12196,14065,jpeg,0.04911613464355469
1778636367.975386,614.7529439926147,12197,14089,jpeg,0.05104255676269531
1778636368.025059,614.8026170730591,12198,14079,jpeg,0.04967308044433594
1778636368.0813074,614.8588654994965,12199,14098,jpeg,0.05624842643737793
1778636368.1342432,614.9118013381958,12200,14079,jpeg,0.05293583869934082
1778636368.1798456,614.9574036598206,12201,14073,jpeg,0.04560232162475586
1778636368.2281988,615.005756855011,12202,14082,jpeg,0.04835319519042969
1778636368.274792,615.0523500442505,12203,14071,jpeg,0.04659318923950195
1778636368.3306365,615.1081945896149,12204,14063,jpeg,0.05584454536437988
1778636368.372933,615.1504909992218,12205,14085,jpeg,0.042296409606933594
1778636368.4264781,615.2040362358093,12206,14108,jpeg,0.053545236587524414
1778636368.479948,615.2575061321259,12207,14088,jpeg,0.05346989631652832
1778636368.5257895,615.3033475875854,12208,14093,jpeg,0.04584145545959473
1778636368.577795,615.3553531169891,12209,14095,jpeg,0.05200552940368652
1778636368.6317568,615.4093148708344,12210,14118,jpeg,0.053961753845214844
1778636368.676747,615.4543051719666,12211,14109,jpeg,0.04499030113220215
1778636368.7273233,615.5048813819885,12212,14112,jpeg,0.050576210021972656
1778636368.775797,615.5533549785614,12213,14087,jpeg,0.04847359657287598
1778636368.825026,615.6025841236115,12214,14070,jpeg,0.04922914505004883
1778636368.8778033,615.6553614139557,12215,14084,jpeg,0.05277729034423828
1778636368.9255147,615.7030727863312,12216,14081,jpeg,0.04771137237548828
1778636368.9801981,615.7577562332153,12217,14086,jpeg,0.05468344688415527
1778636369.0283484,615.805906534195,12218,14092,jpeg,0.04815030097961426
1778636369.0757716,615.8533296585083,12219,14114,jpeg,0.04742312431335449
1778636369.1229038,615.9004619121552,12220,14068,jpeg,0.047132253646850586
1778636369.1748526,615.952410697937,12221,14092,jpeg,0.05194878578186035
1778636369.2279537,616.0055117607117,12222,14096,jpeg,0.0531010627746582
1778636369.2735143,616.0510723590851,12223,14094,jpeg,0.045560598373413086
1778636369.3261745,616.103732585907,12224,14101,jpeg,0.052660226821899414
1778636369.3756864,616.1532444953918,12225,14094,jpeg,0.04951190948486328
1778636369.4238462,616.2014043331146,12226,14107,jpeg,0.04815983772277832
1778636369.4762304,616.2537884712219,12227,14098,jpeg,0.052384138107299805
1778636369.5270472,616.3046052455902,12228,14070,jpeg,0.05081677436828613
1778636369.5757022,616.3532602787018,12229,14092,jpeg,0.048655033111572266
1778636369.6264484,616.4040064811707,12230,14068,jpeg,0.05074620246887207
1778636369.6766925,616.4542505741119,12231,14062,jpeg,0.05024409294128418
1778636369.7252066,616.5027647018433,12232,14082,jpeg,0.04851412773132324
1778636369.7760103,616.5535683631897,12233,14089,jpeg,0.05080366134643555
1778636369.826745,616.6043031215668,12234,14055,jpeg,0.050734758377075195
1778636369.8755555,616.6531136035919,12235,14056,jpeg,0.048810482025146484
1778636369.926492,616.7040500640869,12236,14087,jpeg,0.05093646049499512
1778636369.9776266,616.7551846504211,12237,14080,jpeg,0.051134586334228516
1778636370.0252426,616.802800655365,12238,14090,jpeg,0.047616004943847656
1778636370.0753849,616.852942943573,12239,14069,jpeg,0.05014228820800781
1778636370.1276915,616.9052495956421,12240,14092,jpeg,0.0523066520690918
1778636370.1749032,616.9524612426758,12241,14060,jpeg,0.047211647033691406
1778636370.230179,617.007737159729,12242,14083,jpeg,0.055275917053222656
1778636370.281487,617.0590450763702,12243,14093,jpeg,0.05130791664123535
1778636370.3260157,617.1035737991333,12244,14071,jpeg,0.04452872276306152
1778636370.3802774,617.157835483551,12245,14099,jpeg,0.05426168441772461
1778636370.4260242,617.2035822868347,12246,14100,jpeg,0.045746803283691406
1778636370.4760478,617.2536058425903,12247,14058,jpeg,0.050023555755615234
1778636370.5278015,617.3053596019745,12248,14081,jpeg,0.05175375938415527
1778636370.5760906,617.3536486625671,12249,14083,jpeg,0.04828906059265137
1778636370.6250424,617.4026005268097,12250,14076,jpeg,0.04895186424255371
1778636370.6751783,617.4527363777161,12251,14085,jpeg,0.05013585090637207
1778636370.725041,617.5025990009308,12252,14098,jpeg,0.04986262321472168
1778636370.7780638,617.5556218624115,12253,14093,jpeg,0.05302286148071289
1778636370.8294952,617.6070532798767,12254,14091,jpeg,0.05143141746520996
1778636370.8772666,617.6548247337341,12255,14070,jpeg,0.047771453857421875
1778636370.9234195,617.700977563858,12256,14081,jpeg,0.04615283012390137
1778636370.9786754,617.7562334537506,12257,14082,jpeg,0.055255889892578125
1778636371.0295093,617.8070673942566,12258,14079,jpeg,0.050833940505981445
1778636371.0760756,617.8536336421967,12259,14087,jpeg,0.04656624794006348
1778636371.129725,617.9072830677032,12260,14062,jpeg,0.0536494255065918
1778636371.1805317,617.9580898284912,12261,14065,jpeg,0.05080676078796387
1778636371.2264547,618.0040128231049,12262,14080,jpeg,0.04592299461364746
1778636371.2764647,618.0540227890015,12263,14107,jpeg,0.050009965896606445
1778636371.3241117,618.1016697883606,12264,14080,jpeg,0.04764699935913086
1778636371.3754907,618.1530487537384,12265,14089,jpeg,0.05137896537780762
1778636371.435017,618.2125751972198,12266,14083,jpeg,0.05952644348144531
1778636371.4732478,618.2508058547974,12267,14092,jpeg,0.03823065757751465
1778636371.5240135,618.3015716075897,12268,14092,jpeg,0.0507657527923584
1778636371.5728264,618.3503844738007,12269,14097,jpeg,0.0488128662109375
1778636371.6301641,618.407722234726,12270,14105,jpeg,0.05733776092529297
1778636371.675916,618.4534740447998,12271,14072,jpeg,0.04575181007385254
1778636371.7252467,618.5028047561646,12272,14063,jpeg,0.049330711364746094
1778636371.7762752,618.5538332462311,12273,14097,jpeg,0.05102849006652832
1778636371.8251095,618.6026675701141,12274,14061,jpeg,0.04883432388305664
1778636371.8757837,618.6533417701721,12275,14103,jpeg,0.0506742000579834
1778636371.9252706,618.7028286457062,12276,14075,jpeg,0.04948687553405762
1778636371.976462,618.7540199756622,12277,14055,jpeg,0.05119132995605469
1778636372.026414,618.8039720058441,12278,14075,jpeg,0.049952030181884766
1778636372.075779,618.8533370494843,12279,14080,jpeg,0.04936504364013672
1778636372.1283207,618.9058787822723,12280,14095,jpeg,0.05254173278808594
1778636372.1749558,618.9525139331818,12281,14071,jpeg,0.04663515090942383
1778636372.2256126,619.0031707286835,12282,14054,jpeg,0.050656795501708984
1778636372.2739463,619.0515043735504,12283,14081,jpeg,0.04833364486694336
1778636372.32519,619.1027481555939,12284,14099,jpeg,0.05124378204345703
1778636372.3799746,619.1575326919556,12285,14085,jpeg,0.054784536361694336
1778636372.4289637,619.2065217494965,12286,14044,jpeg,0.048989057540893555
1778636372.4766388,619.2541968822479,12287,14048,jpeg,0.047675132751464844
1778636372.5296311,619.3071892261505,12288,14074,jpeg,0.05299234390258789
1778636372.576332,619.3538901805878,12289,14086,jpeg,0.04670095443725586
1778636372.6295197,619.4070777893066,12290,14074,jpeg,0.05318760871887207
1778636372.6810825,619.4586405754089,12291,14078,jpeg,0.05156278610229492
1778636372.7527695,619.5303275585175,12292,14065,jpeg,0.07168698310852051
1778636372.7730558,619.5506138801575,12293,14079,jpeg,0.02028632164001465
1778636372.8242686,619.6018266677856,12294,14063,jpeg,0.05121278762817383
1778636372.872589,619.6501471996307,12295,14062,jpeg,0.04832053184509277
1778636372.9229856,619.7005436420441,12296,14051,jpeg,0.05039644241333008
1778636372.9802735,619.7578315734863,12297,14081,jpeg,0.05728793144226074
1778636373.0224335,619.799991607666,12298,14084,jpeg,0.0421600341796875
1778636373.0749636,619.8525216579437,12299,14084,jpeg,0.05253005027770996
1778636373.1243339,619.9018919467926,12300,14111,jpeg,0.04937028884887695
1778636373.1748815,619.9524395465851,12301,14081,jpeg,0.05054759979248047
1778636373.2272732,620.0048313140869,12302,14072,jpeg,0.052391767501831055
1778636373.277862,620.0554201602936,12303,14067,jpeg,0.05058884620666504
1778636373.325878,620.1034359931946,12304,14067,jpeg,0.04801583290100098
1778636373.372524,620.1500821113586,12305,14093,jpeg,0.0466461181640625
1778636373.4260914,620.203649520874,12306,14132,jpeg,0.05356740951538086
1778636373.4745193,620.2520773410797,12307,14100,jpeg,0.04842782020568848
1778636373.5278552,620.3054132461548,12308,14098,jpeg,0.05333590507507324
1778636373.576233,620.3537909984589,12309,14085,jpeg,0.04837775230407715
1778636373.624036,620.4015941619873,12310,14068,jpeg,0.04780316352844238
1778636373.6775427,620.455100774765,12311,14079,jpeg,0.05350661277770996
1778636373.728769,620.5063271522522,12312,14086,jpeg,0.05122637748718262
1778636373.7754037,620.5529618263245,12313,14098,jpeg,0.046634674072265625
1778636373.8277729,620.6053309440613,12314,14105,jpeg,0.052369117736816406
1778636373.8739908,620.6515488624573,12315,14091,jpeg,0.046217918395996094
1778636373.9235554,620.7011134624481,12316,14048,jpeg,0.04956459999084473
1778636373.9745097,620.7520678043365,12317,14097,jpeg,0.050954341888427734
1778636374.0250614,620.8026194572449,12318,14098,jpeg,0.050551652908325195
1778636374.0767357,620.8542938232422,12319,14124,jpeg,0.05167436599731445
1778636374.12421,620.9017679691315,12320,14082,jpeg,0.04747414588928223
1778636374.173652,620.9512100219727,12321,14103,jpeg,0.04944205284118652
1778636374.2244124,621.0019705295563,12322,14093,jpeg,0.050760507583618164
1778636374.2735598,621.0511178970337,12323,14089,jpeg,0.04914736747741699
1778636374.3252802,621.1028382778168,12324,14114,jpeg,0.051720380783081055
1778636374.3748796,621.1524376869202,12325,14088,jpeg,0.049599409103393555
1778636374.426888,621.2044460773468,12326,14125,jpeg,0.05200839042663574
1778636374.4766517,621.2542097568512,12327,14069,jpeg,0.04976367950439453
1778636374.5246103,621.3021683692932,12328,14094,jpeg,0.0479586124420166
1778636374.5746994,621.3522574901581,12329,14099,jpeg,0.050089120864868164
1778636374.6237495,621.4013075828552,12330,14067,jpeg,0.049050092697143555
1778636374.677383,621.454941034317,12331,14074,jpeg,0.05363345146179199
1778636374.7258542,621.5034122467041,12332,14106,jpeg,0.04847121238708496
1778636374.7809246,621.5584826469421,12333,14062,jpeg,0.05507040023803711
1778636374.8222454,621.5998034477234,12334,14087,jpeg,0.04132080078125
1778636374.877695,621.6552531719208,12335,14099,jpeg,0.055449724197387695
1778636374.9249578,621.7025158405304,12336,14066,jpeg,0.04726266860961914
1778636374.9748957,621.7524538040161,12337,14070,jpeg,0.04993796348571777
1778636375.0271213,621.8046793937683,12338,14093,jpeg,0.052225589752197266
1778636375.0776775,621.8552355766296,12339,14091,jpeg,0.050556182861328125
1778636375.125233,621.9027910232544,12340,14088,jpeg,0.04755544662475586
1778636375.1753254,621.9528834819794,12341,14095,jpeg,0.050092458724975586
1778636375.2270126,622.00457072258,12342,14105,jpeg,0.05168724060058594
1778636375.274895,622.0524530410767,12343,14093,jpeg,0.0478823184967041
1778636375.3288505,622.1064085960388,12344,14075,jpeg,0.0539555549621582
1778636375.376627,622.1541850566864,12345,14103,jpeg,0.04777646064758301
1778636375.4272833,622.204841375351,12346,14082,jpeg,0.05065631866455078
1778636375.4729254,622.2504835128784,12347,14091,jpeg,0.04564213752746582
1778636375.5258381,622.3033962249756,12348,14075,jpeg,0.05291271209716797
1778636375.5720422,622.349600315094,12349,14093,jpeg,0.0462040901184082
1778636375.6248918,622.4024498462677,12350,14081,jpeg,0.052849531173706055
1778636375.6761103,622.4536683559418,12351,14091,jpeg,0.051218509674072266
1778636375.7251189,622.5026769638062,12352,14077,jpeg,0.04900860786437988
1778636375.7747657,622.5523238182068,12353,14057,jpeg,0.049646854400634766
1778636375.8254044,622.6029624938965,12354,14052,jpeg,0.050638675689697266
1778636375.876869,622.6544270515442,12355,14045,jpeg,0.05146455764770508
1778636375.9246335,622.7021915912628,12356,14067,jpeg,0.04776453971862793
1778636375.9734836,622.7510416507721,12357,14098,jpeg,0.048850059509277344
1778636376.0214853,622.7990434169769,12358,14085,jpeg,0.048001766204833984
1778636376.0734918,622.8510499000549,12359,14106,jpeg,0.05200648307800293
1778636376.123945,622.9015030860901,12360,14083,jpeg,0.05045318603515625
1778636376.1720486,622.9496066570282,12361,14071,jpeg,0.04810357093811035
1778636376.2239203,623.001478433609,12362,14081,jpeg,0.05187177658081055
1778636376.274289,623.0518469810486,12363,14081,jpeg,0.050368547439575195
1778636376.3243642,623.1019222736359,12364,14096,jpeg,0.05007529258728027
1778636376.3741984,623.1517565250397,12365,14068,jpeg,0.049834251403808594
1778636376.4249823,623.202540397644,12366,14082,jpeg,0.05078387260437012
1778636376.4772367,623.2547948360443,12367,14080,jpeg,0.052254438400268555
1778636376.525336,623.302894115448,12368,14070,jpeg,0.04809927940368652
1778636376.5733564,623.350914478302,12369,14073,jpeg,0.048020362854003906
1778636376.6260986,623.4036567211151,12370,14092,jpeg,0.05274224281311035
1778636376.6741054,623.4516634941101,12371,14089,jpeg,0.04800677299499512
1778636376.7279377,623.5054957866669,12372,14050,jpeg,0.053832292556762695
1778636376.7714174,623.5489754676819,12373,14088,jpeg,0.04347968101501465
1778636376.8255677,623.6031258106232,12374,14078,jpeg,0.05415034294128418
1778636376.8737776,623.6513357162476,12375,14085,jpeg,0.04820990562438965
1778636376.9224644,623.7000224590302,12376,14100,jpeg,0.04868674278259277
1778636376.9720755,623.7496335506439,12377,14105,jpeg,0.04961109161376953
1778636377.0221944,623.7997524738312,12378,14077,jpeg,0.05011892318725586
1778636377.071758,623.8493161201477,12379,14084,jpeg,0.04956364631652832
1778636377.124444,623.9020020961761,12380,14099,jpeg,0.05268597602844238
1778636377.172116,623.9496741294861,12381,14098,jpeg,0.04767203330993652
1778636377.2273364,624.0048944950104,12382,14099,jpeg,0.05522036552429199
1778636377.2779155,624.0554735660553,12383,14092,jpeg,0.050579071044921875
1778636377.322511,624.1000690460205,12384,14048,jpeg,0.04459547996520996
1778636377.376043,624.1536011695862,12385,14100,jpeg,0.05353212356567383
1778636377.4267786,624.204336643219,12386,14102,jpeg,0.0507354736328125
1778636377.4749348,624.2524929046631,12387,14101,jpeg,0.0481562614440918
1778636377.5210786,624.298636674881,12388,14089,jpeg,0.04614377021789551
1778636377.5711339,624.3486919403076,12389,14100,jpeg,0.05005526542663574
1778636377.625099,624.4026570320129,12390,14086,jpeg,0.053965091705322266
1778636377.673173,624.4507310390472,12391,14086,jpeg,0.04807400703430176
1778636377.726601,624.5041589736938,12392,14091,jpeg,0.053427934646606445
1778636377.7747114,624.5522694587708,12393,14077,jpeg,0.0481104850769043
1778636377.8224108,624.5999689102173,12394,14082,jpeg,0.0476994514465332
1778636377.8781629,624.655720949173,12395,14069,jpeg,0.05575203895568848
1778636377.9273326,624.7048907279968,12396,14100,jpeg,0.04916977882385254
1778636377.97274,624.7502980232239,12397,14081,jpeg,0.04540729522705078
1778636378.0213046,624.798862695694,12398,14085,jpeg,0.04856467247009277
1778636378.072839,624.8503971099854,12399,14067,jpeg,0.051534414291381836
1778636378.1227841,624.9003422260284,12400,14051,jpeg,0.04994511604309082
1778636378.173206,624.9507641792297,12401,14026,jpeg,0.050421953201293945
1778636378.2225487,625.0001068115234,12402,14078,jpeg,0.04934263229370117
1778636378.271915,625.0494730472565,12403,14088,jpeg,0.04936623573303223
1778636378.3216465,625.0992045402527,12404,14071,jpeg,0.04973149299621582
1778636378.3726869,625.1502449512482,12405,14102,jpeg,0.0510404109954834
1778636378.4217036,625.1992616653442,12406,14099,jpeg,0.049016714096069336
1778636378.4779532,625.2555112838745,12407,14080,jpeg,0.05624961853027344
1778636378.5239122,625.3014702796936,12408,14067,jpeg,0.0459589958190918
1778636378.5750515,625.3526096343994,12409,14095,jpeg,0.05113935470581055
1778636378.6236527,625.4012107849121,12410,14080,jpeg,0.04860115051269531
1778636378.6739912,625.4515492916107,12411,14063,jpeg,0.0503385066986084
1778636378.7288723,625.506430387497,12412,14083,jpeg,0.05488109588623047
1778636378.7772996,625.5548577308655,12413,14086,jpeg,0.04842734336853027
1778636378.823485,625.6010429859161,12414,14080,jpeg,0.04618525505065918
1778636378.8707087,625.6482667922974,12415,14068,jpeg,0.047223806381225586
1778636378.9244573,625.7020153999329,12416,14041,jpeg,0.05374860763549805
1778636378.9803975,625.7579555511475,12417,14061,jpeg,0.05594015121459961
1778636379.0204298,625.7979879379272,12418,14094,jpeg,0.040032386779785156
1778636379.074595,625.8521530628204,12419,14089,jpeg,0.05416512489318848
1778636379.1278126,625.9053707122803,12420,14096,jpeg,0.05321764945983887
1778636379.1727772,625.9503352642059,12421,14098,jpeg,0.04496455192565918
1778636379.2251968,626.0027549266815,12422,14086,jpeg,0.05241966247558594
1778636379.2758245,626.0533826351166,12423,14095,jpeg,0.050627708435058594
1778636379.3252683,626.1028263568878,12424,14088,jpeg,0.049443721771240234
1778636379.3782306,626.1557886600494,12425,14093,jpeg,0.052962303161621094
1778636379.4244072,626.2019653320312,12426,14095,jpeg,0.04617667198181152
1778636379.4704797,626.248037815094,12427,14083,jpeg,0.04607248306274414
1778636379.527525,626.3050830364227,12428,14063,jpeg,0.05704522132873535
1778636379.575361,626.3529191017151,12429,14086,jpeg,0.0478360652923584
1778636379.6213832,626.3989412784576,12430,14090,jpeg,0.04602217674255371
1778636379.6714256,626.448983669281,12431,14083,jpeg,0.05004239082336426
1778636379.7239778,626.5015358924866,12432,14082,jpeg,0.052552223205566406
1778636379.7705312,626.5480892658234,12433,14072,jpeg,0.04655337333679199
1778636379.821512,626.5990700721741,12434,14075,jpeg,0.05098080635070801
1778636379.8739662,626.6515243053436,12435,14054,jpeg,0.052454233169555664
1778636379.920891,626.6984491348267,12436,14081,jpeg,0.04692482948303223
1778636379.9748695,626.7524275779724,12437,14094,jpeg,0.05397844314575195
1778636380.0236573,626.8012154102325,12438,14079,jpeg,0.048787832260131836
1778636380.072234,626.8497920036316,12439,14095,jpeg,0.04857659339904785
1778636380.1232984,626.9008564949036,12440,14106,jpeg,0.051064491271972656
1778636380.173338,626.950896024704,12441,14087,jpeg,0.05003952980041504
1778636380.2242327,627.0017907619476,12442,14094,jpeg,0.050894737243652344
1778636380.2739143,627.0514724254608,12443,14065,jpeg,0.049681663513183594
1778636380.3227298,627.1002879142761,12444,14085,jpeg,0.04881548881530762
1778636380.3759332,627.1534912586212,12445,14083,jpeg,0.05320334434509277
1778636380.423231,627.200788974762,12446,14069,jpeg,0.04729771614074707
1778636380.4717333,627.2492914199829,12447,14065,jpeg,0.048502445220947266
1778636380.5210826,627.2986407279968,12448,14058,jpeg,0.049349308013916016
1778636380.5721729,627.3497309684753,12449,14056,jpeg,0.051090240478515625
1778636380.6220365,627.3995945453644,12450,14081,jpeg,0.049863576889038086
1778636380.6744359,627.4519939422607,12451,14088,jpeg,0.052399396896362305
1778636380.7220383,627.4995963573456,12452,14069,jpeg,0.04760241508483887
1778636380.772848,627.5504059791565,12453,14099,jpeg,0.050809621810913086
1778636380.827119,627.6046772003174,12454,14065,jpeg,0.05427122116088867
1778636380.871698,627.649255990982,12455,14073,jpeg,0.04457879066467285
1778636380.9256847,627.7032427787781,12456,14062,jpeg,0.05398678779602051
1778636380.9701617,627.7477197647095,12457,14090,jpeg,0.044476985931396484
1778636381.0266778,627.8042359352112,12458,14061,jpeg,0.056516170501708984
1778636381.0757766,627.8533346652985,12459,14069,jpeg,0.04909873008728027
1778636381.1223443,627.89990234375,12460,14116,jpeg,0.046567678451538086
1778636381.1759858,627.9535439014435,12461,14105,jpeg,0.053641557693481445
1778636381.2208016,627.9983596801758,12462,14100,jpeg,0.044815778732299805
1778636381.272066,628.0496242046356,12463,14074,jpeg,0.05126452445983887
1778636381.3233035,628.1008615493774,12464,14097,jpeg,0.05123734474182129
1778636381.3745592,628.1521172523499,12465,14097,jpeg,0.05125570297241211
1778636381.4256501,628.2032082080841,12466,14091,jpeg,0.05109095573425293
1778636381.4765549,628.2541129589081,12467,14113,jpeg,0.05090475082397461
1778636381.5314705,628.3090286254883,12468,14104,jpeg,0.054915666580200195
1778636381.5780993,628.3556573390961,12469,14088,jpeg,0.046628713607788086
1778636381.623395,628.4009530544281,12470,14055,jpeg,0.04529571533203125
1778636381.676003,628.4535610675812,12471,14075,jpeg,0.05260801315307617
1778636381.7243545,628.5019125938416,12472,14078,jpeg,0.04835152626037598
1778636381.769322,628.5468800067902,12473,14081,jpeg,0.0449674129486084
1778636381.820922,628.5984799861908,12474,14061,jpeg,0.051599979400634766
1778636381.8694286,628.6469867229462,12475,14074,jpeg,0.048506736755371094
1778636381.9194143,628.6969723701477,12476,14062,jpeg,0.049985647201538086
1778636381.9708033,628.7483613491058,12477,14084,jpeg,0.05138897895812988
1778636382.0193937,628.7969517707825,12478,14108,jpeg,0.04859042167663574
1778636382.069413,628.8469710350037,12479,14096,jpeg,0.050019264221191406
1778636382.1208668,628.8984248638153,12480,14120,jpeg,0.05145382881164551
1778636382.1693056,628.9468636512756,12481,14088,jpeg,0.04843878746032715
1778636382.2199893,628.9975473880768,12482,14092,jpeg,0.05068373680114746
1778636382.2718968,629.0494549274445,12483,14102,jpeg,0.05190753936767578
1778636382.320497,629.0980551242828,12484,14082,jpeg,0.048600196838378906
1778636382.3727322,629.1502902507782,12485,14083,jpeg,0.05223512649536133
1778636382.420526,629.198084115982,12486,14071,jpeg,0.04779386520385742
1778636382.4686334,629.2461915016174,12487,14083,jpeg,0.04810738563537598
1778636382.5223775,629.2999355792999,12488,14051,jpeg,0.05374407768249512
1778636382.5774508,629.3550088405609,12489,14104,jpeg,0.05507326126098633
1778636382.6208496,629.3984076976776,12490,14048,jpeg,0.04339885711669922
1778636382.6725035,629.4500615596771,12491,14078,jpeg,0.05165386199951172
1778636382.7232206,629.5007786750793,12492,14090,jpeg,0.05071711540222168
1778636382.76924,629.546797990799,12493,14130,jpeg,0.04601931571960449
1778636382.8215,629.5990581512451,12494,14099,jpeg,0.05226016044616699
1778636382.8743286,629.6518867015839,12495,14089,jpeg,0.05282855033874512
1778636382.921066,629.6986241340637,12496,14079,jpeg,0.0467374324798584
1778636382.9793217,629.7568798065186,12497,14070,jpeg,0.058255672454833984
1778636383.023493,629.8010511398315,12498,14083,jpeg,0.04417133331298828
1778636383.0745459,629.8521039485931,12499,14078,jpeg,0.05105280876159668
1778636383.1269042,629.9044623374939,12500,14070,jpeg,0.052358388900756836
1778636383.172336,629.9498941898346,12501,14077,jpeg,0.04543185234069824
1778636383.219681,629.997239112854,12502,14075,jpeg,0.04734492301940918
1778636383.2695818,630.0471398830414,12503,14069,jpeg,0.04990077018737793
1778636383.3265018,630.1040599346161,12504,14082,jpeg,0.05692005157470703
1778636383.3746905,630.1522486209869,12505,14096,jpeg,0.04818868637084961
1778636383.4206002,630.1981582641602,12506,14097,jpeg,0.04590964317321777
1778636383.4761732,630.2537312507629,12507,14087,jpeg,0.0555729866027832
1778636383.5204725,630.2980306148529,12508,14074,jpeg,0.04429936408996582
1778636383.5802813,630.357839345932,12509,14079,jpeg,0.05980873107910156
1778636383.6238654,630.4014234542847,12510,14094,jpeg,0.04358410835266113
1778636383.6692622,630.4468202590942,12511,14089,jpeg,0.04539680480957031
1778636383.7316468,630.509204864502,12512,14060,jpeg,0.062384605407714844
1778636383.7727551,630.5503132343292,12513,14115,jpeg,0.04110836982727051
1778636383.817865,630.5954229831696,12514,14093,jpeg,0.04510974884033203
1778636383.8705914,630.6481494903564,12515,14099,jpeg,0.05272650718688965
1778636383.922416,630.6999740600586,12516,14083,jpeg,0.05182456970214844
1778636383.969235,630.7467930316925,12517,14091,jpeg,0.04681897163391113
1778636384.02168,630.799238204956,12518,14079,jpeg,0.052445173263549805
1778636384.0739224,630.8514804840088,12519,14082,jpeg,0.052242279052734375
1778636384.117685,630.8952431678772,12520,14068,jpeg,0.0437626838684082
1778636384.1724913,630.9500494003296,12521,14104,jpeg,0.05480623245239258
1778636384.2258954,631.0034534931183,12522,14085,jpeg,0.05340409278869629
1778636384.270186,631.0477440357208,12523,14089,jpeg,0.04429054260253906
1778636384.3229365,631.1004946231842,12524,14099,jpeg,0.052750587463378906
1778636384.3720548,631.149612903595,12525,14069,jpeg,0.0491182804107666
1778636384.4212604,631.1988184452057,12526,14090,jpeg,0.04920554161071777
1778636384.474071,631.251629114151,12527,14111,jpeg,0.0528106689453125
1778636384.5237072,631.3012652397156,12528,14090,jpeg,0.049636125564575195
1778636384.5726874,631.350245475769,12529,14079,jpeg,0.0489802360534668
1778636384.6237566,631.4013147354126,12530,14089,jpeg,0.05106925964355469
1778636384.6725702,631.4501283168793,12531,14079,jpeg,0.048813581466674805
1778636384.7243006,631.5018587112427,12532,14086,jpeg,0.05173039436340332
1778636384.7732706,631.5508286952972,12533,14098,jpeg,0.04896998405456543
1778636384.8223982,631.5999562740326,12534,14087,jpeg,0.04912757873535156
1778636384.868041,631.6455991268158,12535,14067,jpeg,0.045642852783203125
1778636384.921097,631.698655128479,12536,14069,jpeg,0.05305600166320801
1778636384.9713137,631.7488718032837,12537,14066,jpeg,0.0502166748046875
1778636385.0218666,631.7994246482849,12538,14077,jpeg,0.0505528450012207
1778636385.0706947,631.8482527732849,12539,14052,jpeg,0.048828125
1778636385.1289337,631.9064917564392,12540,14062,jpeg,0.058238983154296875
1778636385.169905,631.9474630355835,12541,14067,jpeg,0.04097127914428711
1778636385.2208352,631.9983932971954,12542,14059,jpeg,0.05093026161193848
1778636385.2934477,632.071005821228,12543,14058,jpeg,0.07261252403259277
1778636385.3214808,632.0990388393402,12544,14040,jpeg,0.028033018112182617
1778636385.3714983,632.1490564346313,12545,14060,jpeg,0.050017595291137695
1778636385.4285393,632.2060973644257,12546,14066,jpeg,0.05704092979431152
1778636385.470018,632.2475759983063,12547,14080,jpeg,0.041478633880615234
1778636385.5268102,632.3043682575226,12548,14096,jpeg,0.056792259216308594
1778636385.5753365,632.3528945446014,12549,14107,jpeg,0.04852628707885742
1778636385.622989,632.4005470275879,12550,14108,jpeg,0.047652482986450195
1778636385.6684005,632.4459586143494,12551,14075,jpeg,0.04541158676147461
1778636385.7219157,632.4994738101959,12552,14101,jpeg,0.05351519584655762
1778636385.7806778,632.5582358837128,12553,14078,jpeg,0.0587620735168457
1778636385.8216257,632.5991837978363,12554,14104,jpeg,0.040947914123535156
1778636385.8750997,632.6526577472687,12555,14086,jpeg,0.05347394943237305
1778636385.9219117,632.6994698047638,12556,14093,jpeg,0.04681205749511719
1778636385.9712508,632.7488088607788,12557,14091,jpeg,0.04933905601501465
1778636386.0255206,632.8030786514282,12558,14071,jpeg,0.05426979064941406
1778636386.0717964,632.8493545055389,12559,14074,jpeg,0.04627585411071777
1778636386.120461,632.8980190753937,12560,14084,jpeg,0.04866456985473633
1778636386.176074,632.9536321163177,12561,14086,jpeg,0.055613040924072266
1778636386.221447,632.9990050792694,12562,14069,jpeg,0.045372962951660156
1778636386.269836,633.0473940372467,12563,14069,jpeg,0.04838895797729492
1778636386.3204074,633.0979654788971,12564,14092,jpeg,0.050571441650390625
1778636386.3711846,633.1487426757812,12565,14058,jpeg,0.05077719688415527
1778636386.4217427,633.1993007659912,12566,14103,jpeg,0.05055809020996094
1778636386.469923,633.2474811077118,12567,14089,jpeg,0.048180341720581055
1778636386.5209417,633.2984998226166,12568,14071,jpeg,0.051018714904785156
1778636386.5720558,633.349613904953,12569,14085,jpeg,0.05111408233642578
1778636386.6217337,633.3992917537689,12570,14079,jpeg,0.04967784881591797
1778636386.6734834,633.4510414600372,12571,14091,jpeg,0.05174970626831055
1778636386.7215939,633.4991519451141,12572,14085,jpeg,0.0481104850769043
1778636386.7706397,633.5481977462769,12573,14087,jpeg,0.04904580116271973
1778636386.8193636,633.5969216823578,12574,14073,jpeg,0.04872393608093262
1778636386.8694968,633.6470549106598,12575,14059,jpeg,0.05013322830200195
1778636386.9211664,633.6987245082855,12576,14074,jpeg,0.05166959762573242
1778636386.9683645,633.7459225654602,12577,14066,jpeg,0.04719805717468262
1778636387.0187306,633.796288728714,12578,14099,jpeg,0.05036616325378418
1778636387.0726018,633.8501598834991,12579,14104,jpeg,0.05387115478515625
1778636387.1184883,633.8960464000702,12580,14108,jpeg,0.04588651657104492
1778636387.171182,633.9487400054932,12581,14110,jpeg,0.05269360542297363
1778636387.2210112,633.9985692501068,12582,14097,jpeg,0.04982924461364746
1778636387.2730367,634.0505948066711,12583,14105,jpeg,0.052025556564331055
1778636387.3211582,634.0987162590027,12584,14088,jpeg,0.04812145233154297
1778636387.3714094,634.1489675045013,12585,14084,jpeg,0.05025124549865723
1778636387.4199548,634.1975128650665,12586,14090,jpeg,0.04854536056518555
1778636387.470054,634.2476119995117,12587,14094,jpeg,0.05009913444519043
1778636387.522694,634.300252199173,12588,14090,jpeg,0.05264019966125488
1778636387.5689883,634.3465464115143,12589,14094,jpeg,0.046294212341308594
1778636387.6191943,634.3967523574829,12590,14093,jpeg,0.05020594596862793
1778636387.6743817,634.4519398212433,12591,14089,jpeg,0.05518746376037598
1778636387.719226,634.4967839717865,12592,14082,jpeg,0.04484415054321289
1778636387.7770257,634.5545837879181,12593,14093,jpeg,0.0577998161315918
1778636387.8205173,634.5980753898621,12594,14096,jpeg,0.04349160194396973
1778636387.8713758,634.6489338874817,12595,14081,jpeg,0.050858497619628906
1778636387.9243536,634.701911687851,12596,14079,jpeg,0.052977800369262695
1778636387.9692247,634.7467827796936,12597,14106,jpeg,0.04487109184265137
1778636388.0197198,634.7972779273987,12598,14093,jpeg,0.050495147705078125
1778636388.0689979,634.8465559482574,12599,14061,jpeg,0.04927802085876465
1778636388.1204581,634.8980162143707,12600,14068,jpeg,0.05146026611328125
1778636388.1698956,634.9474537372589,12601,14083,jpeg,0.049437522888183594
1778636388.2212877,634.9988458156586,12602,14057,jpeg,0.0513920783996582
1778636388.2711964,635.0487544536591,12603,14129,jpeg,0.04990863800048828
1778636388.3189309,635.0964889526367,12604,14059,jpeg,0.04773449897766113
1778636388.3690705,635.1466286182404,12605,14076,jpeg,0.050139665603637695
1778636388.426441,635.203999042511,12606,14074,jpeg,0.05737042427062988
1778636388.5232174,635.3007755279541,12607,14072,jpeg,0.09677648544311523
1778636388.570161,635.3477191925049,12608,14035,jpeg,0.04694366455078125
1778636388.6209748,635.3985328674316,12609,14081,jpeg,0.05081367492675781
1778636388.66898,635.4465379714966,12610,14057,jpeg,0.048005104064941406
1778636388.7249436,635.5025017261505,12611,14084,jpeg,0.055963754653930664
1778636388.774628,635.5521860122681,12612,14072,jpeg,0.04968428611755371
1778636388.819767,635.5973250865936,12613,14052,jpeg,0.04513907432556152
1778636388.8768535,635.6544115543365,12614,14066,jpeg,0.05708646774291992
1778636388.9217184,635.6992764472961,12615,14081,jpeg,0.04486489295959473
1778636388.972731,635.7502892017365,12616,14102,jpeg,0.05101275444030762
1778636389.0217848,635.7993428707123,12617,14072,jpeg,0.04905366897583008
1778636389.07157,635.8491280078888,12618,14080,jpeg,0.04978513717651367
1778636389.1225045,635.9000625610352,12619,14084,jpeg,0.050934553146362305
1778636389.173685,635.9512431621552,12620,14090,jpeg,0.05118060111999512
1778636389.2222703,635.999828338623,12621,14102,jpeg,0.04858517646789551
1778636389.2764597,636.0540177822113,12622,14085,jpeg,0.054189443588256836
1778636389.3241446,636.1017026901245,12623,14096,jpeg,0.04768490791320801
1778636389.3804452,636.1580033302307,12624,14065,jpeg,0.05630064010620117
1778636389.4264603,636.2040183544159,12625,14058,jpeg,0.046015024185180664
1778636389.4756873,636.2532453536987,12626,14089,jpeg,0.049226999282836914
1778636389.5191817,636.2967398166656,12627,14056,jpeg,0.043494462966918945
1778636389.5709333,636.3484914302826,12628,14089,jpeg,0.05175161361694336
1778636389.6305022,636.4080603122711,12629,14070,jpeg,0.05956888198852539
1778636389.6715326,636.449090719223,12630,14074,jpeg,0.0410304069519043
1778636389.7235012,636.501059293747,12631,14060,jpeg,0.05196857452392578
1778636389.7708566,636.5484147071838,12632,14084,jpeg,0.04735541343688965
1778636389.8226595,636.6002175807953,12633,14089,jpeg,0.051802873611450195
1778636389.874767,636.6523251533508,12634,14102,jpeg,0.05210757255554199
1778636389.921084,636.6986420154572,12635,14097,jpeg,0.04631686210632324
1778636389.9712255,636.7487835884094,12636,14068,jpeg,0.05014157295227051
1778636390.0175824,636.795140504837,12637,14099,jpeg,0.046356916427612305
1778636390.0759604,636.853518486023,12638,14102,jpeg,0.058377981185913086
1778636390.122594,636.9001522064209,12639,14073,jpeg,0.04663372039794922
1778636390.170825,636.9483830928802,12640,14113,jpeg,0.048230886459350586
1778636390.2203476,636.9979057312012,12641,14076,jpeg,0.04952263832092285
1778636390.2675574,637.0451154708862,12642,14068,jpeg,0.047209739685058594
1778636390.3199594,637.097517490387,12643,14073,jpeg,0.05240201950073242
1778636390.3704154,637.1479735374451,12644,14044,jpeg,0.05045604705810547
1778636390.417989,637.1955471038818,12645,14032,jpeg,0.04757356643676758
1778636390.4696257,637.2471837997437,12646,14077,jpeg,0.051636695861816406
1778636390.5204048,637.2979629039764,12647,14077,jpeg,0.050779104232788086
1778636390.5684664,637.3460245132446,12648,14034,jpeg,0.04806160926818848
1778636390.6199753,637.397533416748,12649,14051,jpeg,0.05150890350341797
1778636390.6694536,637.4470117092133,12650,14051,jpeg,0.04947829246520996
1778636390.7172532,637.494811296463,12651,14061,jpeg,0.04779958724975586
1778636390.7691638,637.5467219352722,12652,14092,jpeg,0.0519106388092041
1778636390.822124,637.5996820926666,12653,14094,jpeg,0.05296015739440918
1778636390.8676918,637.6452498435974,12654,14096,jpeg,0.04556775093078613
1778636390.927072,637.7046301364899,12655,14059,jpeg,0.059380292892456055
1778636390.9740634,637.7516214847565,12656,14054,jpeg,0.04699134826660156
1778636391.0174096,637.7949676513672,12657,14073,jpeg,0.04334616661071777
1778636391.0697606,637.847318649292,12658,14100,jpeg,0.05235099792480469
1778636391.121816,637.8993740081787,12659,14077,jpeg,0.05205535888671875
1778636391.1682494,637.9458074569702,12660,14066,jpeg,0.046433448791503906
1778636391.22174,637.9992980957031,12661,14036,jpeg,0.053490638732910156
1778636391.274953,638.0525109767914,12662,14063,jpeg,0.053212881088256836
1778636391.3188512,638.0964093208313,12663,14033,jpeg,0.04389834403991699
1778636391.372862,638.1504201889038,12664,14083,jpeg,0.054010868072509766
1778636391.420087,638.1976451873779,12665,14092,jpeg,0.047224998474121094
1778636391.4728434,638.2504014968872,12666,14064,jpeg,0.052756309509277344
1778636391.5173264,638.2948844432831,12667,14087,jpeg,0.04448294639587402
1778636391.5701566,638.3477146625519,12668,14073,jpeg,0.05283021926879883
1778636391.6190507,638.3966088294983,12669,14069,jpeg,0.04889416694641113
1778636391.6672614,638.4448194503784,12670,14063,jpeg,0.04821062088012695
1778636391.7199438,638.4975018501282,12671,14055,jpeg,0.05268239974975586
1778636391.7686172,638.5461752414703,12672,14077,jpeg,0.048673391342163086
1778636391.8174293,638.5949873924255,12673,14106,jpeg,0.048812150955200195
1778636391.8704028,638.6479609012604,12674,14095,jpeg,0.05297350883483887
1778636391.9221203,638.6996784210205,12675,14089,jpeg,0.051717519760131836
1778636391.9670978,638.7446558475494,12676,14074,jpeg,0.044977426528930664
1778636392.0203962,638.7979543209076,12677,14074,jpeg,0.0532984733581543
1778636392.0679317,638.8454897403717,12678,14074,jpeg,0.04753541946411133
1778636392.1219065,638.8994646072388,12679,14084,jpeg,0.05397486686706543
1778636392.1715024,638.9490604400635,12680,14061,jpeg,0.04959583282470703
1778636392.2265031,639.0040612220764,12681,14066,jpeg,0.05500078201293945
1778636392.2701323,639.0476903915405,12682,14072,jpeg,0.04362916946411133
1778636392.3175879,639.0951459407806,12683,14065,jpeg,0.047455549240112305
1778636392.3673816,639.144939661026,12684,14048,jpeg,0.04979372024536133
1778636392.4187872,639.1963453292847,12685,14084,jpeg,0.05140566825866699
1778636392.474115,639.2516729831696,12686,14068,jpeg,0.055327653884887695
1778636392.517404,639.2949621677399,12687,14079,jpeg,0.0432891845703125
1778636392.5682187,639.3457767963409,12688,14071,jpeg,0.05081462860107422
1778636392.6191547,639.3967127799988,12689,14070,jpeg,0.050935983657836914
1778636392.6690128,639.4465708732605,12690,14073,jpeg,0.04985809326171875
1778636392.7207563,639.4983143806458,12691,14074,jpeg,0.051743507385253906
1778636392.7677019,639.5452599525452,12692,14082,jpeg,0.04694557189941406
1778636392.8160532,639.593611240387,12693,14090,jpeg,0.048351287841796875
1778636392.8689435,639.6465015411377,12694,14094,jpeg,0.05289030075073242
1778636392.9186387,639.6961967945099,12695,14088,jpeg,0.04969525337219238
1778636392.9711254,639.7486834526062,12696,14086,jpeg,0.05248665809631348
1778636393.0246859,639.8022439479828,12697,14098,jpeg,0.053560495376586914
1778636393.0735242,639.8510823249817,12698,14108,jpeg,0.04883837699890137
1778636393.12102,639.8985781669617,12699,14102,jpeg,0.04749584197998047
1778636393.166545,639.9441030025482,12700,14135,jpeg,0.04552483558654785
1778636393.2223725,639.9999306201935,12701,14091,jpeg,0.05582761764526367
1778636393.269747,640.0473051071167,12702,14073,jpeg,0.04737448692321777
1778636393.3265946,640.1041526794434,12703,14055,jpeg,0.056847572326660156
1778636393.3721776,640.1497356891632,12704,14085,jpeg,0.04558300971984863
1778636393.4195766,640.1971347332001,12705,14108,jpeg,0.047399044036865234
1778636393.4668148,640.244372844696,12706,14074,jpeg,0.04723811149597168
1778636393.5213811,640.2989392280579,12707,14091,jpeg,0.054566383361816406
1778636393.5693088,640.3468668460846,12708,14101,jpeg,0.0479276180267334
1778636393.6165578,640.3941159248352,12709,14094,jpeg,0.04724907875061035
1778636393.6720028,640.449560880661,12710,14072,jpeg,0.055444955825805664
1778636393.719079,640.4966371059418,12711,14096,jpeg,0.04707622528076172
1778636393.7669942,640.5445523262024,12712,14098,jpeg,0.04791522026062012
1778636393.8239105,640.6014685630798,12713,14071,jpeg,0.056916236877441406
1778636393.8706377,640.6481957435608,12714,14072,jpeg,0.04672718048095703
1778636393.9184906,640.6960487365723,12715,14097,jpeg,0.04785299301147461
1778636393.9709485,640.7485065460205,12716,14079,jpeg,0.05245780944824219
1778636394.0231915,640.800749540329,12717,14061,jpeg,0.05224299430847168
1778636394.0679965,640.8455545902252,12718,14041,jpeg,0.044805049896240234
1778636394.1220846,640.8996427059174,12719,14067,jpeg,0.05408811569213867
1778636394.167372,640.9449300765991,12720,14098,jpeg,0.045287370681762695
1778636394.2197673,640.9973254203796,12721,14093,jpeg,0.05239534378051758
1778636394.2704287,641.0479867458344,12722,14073,jpeg,0.050661325454711914
1778636394.3189254,641.0964834690094,12723,14088,jpeg,0.04849672317504883
1778636394.3764563,641.1540143489838,12724,14081,jpeg,0.057530879974365234
1778636394.421664,641.1992220878601,12725,14081,jpeg,0.04520773887634277
1778636394.467287,641.2448451519012,12726,14065,jpeg,0.045623064041137695
1778636394.5181534,641.295711517334,12727,14113,jpeg,0.05086636543273926
1778636394.5714545,641.3490126132965,12728,14094,jpeg,0.053301095962524414
1778636394.6182375,641.395795583725,12729,14100,jpeg,0.0467829704284668
1778636394.6675143,641.4450724124908,12730,14066,jpeg,0.04927682876586914
1778636394.7211664,641.4987244606018,12731,14095,jpeg,0.053652048110961914
1778636394.768379,641.5459370613098,12732,14087,jpeg,0.04721260070800781
1778636394.8182588,641.5958168506622,12733,14084,jpeg,0.04987978935241699
1778636394.8743439,641.6519019603729,12734,14079,jpeg,0.05608510971069336
1778636394.920168,641.6977260112762,12735,14091,jpeg,0.04582405090332031
1778636394.9674754,641.7450335025787,12736,14074,jpeg,0.047307491302490234
1778636395.0236108,641.8011689186096,12737,14055,jpeg,0.05613541603088379
1778636395.0687733,641.8463313579559,12738,14059,jpeg,0.04516243934631348
1778636395.1160872,641.8936452865601,12739,14072,jpeg,0.04731392860412598
1778636395.1683497,641.945907831192,12740,14054,jpeg,0.05226254463195801
1778636395.2179198,641.9954779148102,12741,14088,jpeg,0.04957008361816406
1778636395.2692406,642.0467987060547,12742,14094,jpeg,0.051320791244506836
1778636395.3189025,642.0964605808258,12743,14065,jpeg,0.049661874771118164
1778636395.3695295,642.1470875740051,12744,14099,jpeg,0.05062699317932129
1778636395.420282,642.197839975357,12745,14088,jpeg,0.05075240135192871
1778636395.4690459,642.2466039657593,12746,14087,jpeg,0.04876399040222168
1778636395.518684,642.2962419986725,12747,14073,jpeg,0.04963803291320801
1778636395.569837,642.3473951816559,12748,14067,jpeg,0.05115318298339844
1778636395.6258307,642.4033887386322,12749,14084,jpeg,0.05599355697631836
1778636395.672383,642.4499411582947,12750,14077,jpeg,0.046552419662475586
1778636395.719218,642.4967761039734,12751,14096,jpeg,0.04683494567871094
1778636395.7675319,642.5450899600983,12752,14097,jpeg,0.04831385612487793
1778636395.8175883,642.5951464176178,12753,14061,jpeg,0.05005645751953125
1778636395.8684592,642.6460173130035,12754,14082,jpeg,0.05087089538574219
1778636395.921171,642.6987290382385,12755,14102,jpeg,0.05271172523498535
1778636395.967243,642.7448010444641,12756,14096,jpeg,0.04607200622558594
1778636396.0187764,642.7963345050812,12757,14097,jpeg,0.05153346061706543
1778636396.0710208,642.8485789299011,12758,14115,jpeg,0.05224442481994629
1778636396.1225462,642.9001042842865,12759,14078,jpeg,0.05152535438537598
1778636396.1669757,642.9445338249207,12760,14063,jpeg,0.04442954063415527
1778636396.2196722,642.9972302913666,12761,14069,jpeg,0.05269646644592285
1778636396.270803,643.0483610630035,12762,14087,jpeg,0.05113077163696289
1778636396.319202,643.0967600345612,12763,14061,jpeg,0.04839897155761719
1778636396.3699346,643.147492647171,12764,14082,jpeg,0.05073261260986328
1778636396.4216793,643.1992373466492,12765,14066,jpeg,0.051744699478149414
1778636396.4692643,643.2468223571777,12766,14102,jpeg,0.04758501052856445
1778636396.5194004,643.2969584465027,12767,14086,jpeg,0.05013608932495117
1778636396.566484,643.3440420627594,12768,14103,jpeg,0.04708361625671387
1778636396.6219687,643.3995268344879,12769,14084,jpeg,0.055484771728515625
1778636396.6687407,643.4462988376617,12770,14093,jpeg,0.046772003173828125
1778636396.7203453,643.4979033470154,12771,14091,jpeg,0.051604509353637695
1778636396.7658682,643.5434262752533,12772,14078,jpeg,0.04552292823791504
1778636396.8177874,643.5953454971313,12773,14081,jpeg,0.05191922187805176
1778636396.8703334,643.6478915214539,12774,14088,jpeg,0.052546024322509766
1778636396.9182007,643.6957588195801,12775,14069,jpeg,0.0478672981262207
1778636396.968052,643.745609998703,12776,14095,jpeg,0.049851179122924805
1778636397.0232136,643.8007717132568,12777,14079,jpeg,0.05516171455383301
1778636397.066437,643.8439950942993,12778,14083,jpeg,0.04322338104248047
1778636397.1178522,643.8954102993011,12779,14107,jpeg,0.051415205001831055
1778636397.1834579,643.9610159397125,12780,14093,jpeg,0.06560564041137695
1778636397.2160473,643.9936053752899,12781,14083,jpeg,0.03258943557739258
1778636397.267551,644.0451090335846,12782,14085,jpeg,0.051503658294677734
1778636397.3169022,644.0944602489471,12783,14085,jpeg,0.04935121536254883
1778636397.3706665,644.1482245922089,12784,14077,jpeg,0.05376434326171875
1778636397.4237685,644.2013266086578,12785,14075,jpeg,0.05310201644897461
1778636397.4698603,644.2474184036255,12786,14077,jpeg,0.04609179496765137
1778636397.5198078,644.2973659038544,12787,14074,jpeg,0.049947500228881836
1778636397.5733984,644.3509564399719,12788,14059,jpeg,0.05359053611755371
1778636397.6174915,644.395049571991,12789,14079,jpeg,0.04409313201904297
1778636397.6674259,644.444983959198,12790,14063,jpeg,0.04993438720703125
1778636397.7235343,644.5010924339294,12791,14055,jpeg,0.05610847473144531
1778636397.7692406,644.5467987060547,12792,14072,jpeg,0.04570627212524414
1778636397.8216,644.5991580486298,12793,14088,jpeg,0.05235934257507324
1778636397.8684943,644.6460523605347,12794,14077,jpeg,0.04689431190490723
1778636397.91796,644.6955180168152,12795,14092,jpeg,0.04946565628051758
1778636397.966261,644.7438189983368,12796,14078,jpeg,0.048300981521606445
1778636398.0184348,644.7959928512573,12797,14080,jpeg,0.05217385292053223
1778636398.0696926,644.847250699997,12798,14100,jpeg,0.05125784873962402
1778636398.117455,644.8950130939484,12799,14105,jpeg,0.047762393951416016
1778636398.1684957,644.9460537433624,12800,14078,jpeg,0.0510406494140625
1778636398.2196364,644.9971945285797,12801,14096,jpeg,0.051140785217285156
1778636398.2668362,645.0443942546844,12802,14090,jpeg,0.04719972610473633
1778636398.3183782,645.0959362983704,12803,14093,jpeg,0.051542043685913086
1778636398.369261,645.1468191146851,12804,14098,jpeg,0.050882816314697266
1778636398.4163377,645.193895816803,12805,14107,jpeg,0.04707670211791992
1778636398.47293,645.2504880428314,12806,14094,jpeg,0.05659222602844238
1778636398.5182493,645.2958073616028,12807,14070,jpeg,0.045319318771362305
1778636398.5752842,645.3528423309326,12808,14080,jpeg,0.057034969329833984
1778636398.6214044,645.3989624977112,12809,14085,jpeg,0.04612016677856445
1778636398.6676776,645.4452357292175,12810,14076,jpeg,0.046273231506347656
1778636398.7158692,645.4934272766113,12811,14085,jpeg,0.04819154739379883
1778636398.767517,645.5450751781464,12812,14090,jpeg,0.05164790153503418
1778636398.828508,645.6060659885406,12813,14045,jpeg,0.06099081039428711
1778636398.865285,645.6428430080414,12814,14066,jpeg,0.03677701950073242
1778636398.9166276,645.6941857337952,12815,14107,jpeg,0.05134272575378418
1778636398.9669921,645.7445502281189,12816,14094,jpeg,0.05036449432373047
1778636399.0154283,645.7929863929749,12817,14089,jpeg,0.04843616485595703
1778636399.067892,645.8454501628876,12818,14076,jpeg,0.05246376991271973
1778636399.1290007,645.9065587520599,12819,14094,jpeg,0.06110858917236328
1778636399.1729786,645.9505367279053,12820,14097,jpeg,0.043977975845336914
1778636399.217178,645.9947361946106,12821,14079,jpeg,0.044199466705322266
1778636399.268869,646.0464270114899,12822,14092,jpeg,0.05169081687927246
1778636399.3152156,646.0927736759186,12823,14069,jpeg,0.04634666442871094
1778636399.369285,646.1468431949615,12824,14080,jpeg,0.05406951904296875
1778636399.4216104,646.1991684436798,12825,14094,jpeg,0.05232524871826172
1778636399.4681609,646.2457189559937,12826,14087,jpeg,0.04655051231384277
1778636399.5175543,646.2951123714447,12827,14086,jpeg,0.049393415451049805
1778636399.5772612,646.3548192977905,12828,14074,jpeg,0.059706926345825195
1778636399.6190789,646.3966369628906,12829,14065,jpeg,0.041817665100097656
1778636399.667526,646.4450840950012,12830,14097,jpeg,0.0484471321105957
1778636399.716399,646.4939570426941,12831,14076,jpeg,0.048872947692871094
1778636399.768391,646.5459489822388,12832,14062,jpeg,0.051991939544677734
1778636399.8183496,646.5959076881409,12833,14087,jpeg,0.04995870590209961
1778636399.8708565,646.6484146118164,12834,14072,jpeg,0.05250692367553711
1778636399.9182088,646.6957669258118,12835,14080,jpeg,0.04735231399536133
1778636399.9735756,646.7511336803436,12836,14072,jpeg,0.05536675453186035
1778636400.0194829,646.797040939331,12837,14088,jpeg,0.04590725898742676
1778636400.0667052,646.8442633152008,12838,14081,jpeg,0.04722237586975098
1778636400.11942,646.8969781398773,12839,14073,jpeg,0.05271482467651367
1778636400.1687634,646.9463214874268,12840,14066,jpeg,0.04934334754943848
1778636400.2170804,646.9946384429932,12841,14113,jpeg,0.04831695556640625
1778636400.271344,647.0489020347595,12842,14098,jpeg,0.05426359176635742
1778636400.3196218,647.097179889679,12843,14096,jpeg,0.048277854919433594
1778636400.374686,647.1522440910339,12844,14091,jpeg,0.05506420135498047
1778636400.4220204,647.1995785236359,12845,14088,jpeg,0.04733443260192871
1778636400.4668503,647.2444083690643,12846,14087,jpeg,0.0448298454284668
1778636400.519252,647.2968101501465,12847,14092,jpeg,0.05240178108215332
1778636400.566507,647.3440651893616,12848,14103,jpeg,0.04725503921508789
1778636400.620668,647.3982260227203,12849,14077,jpeg,0.05416083335876465
1778636400.6704571,647.4480152130127,12850,14103,jpeg,0.0497891902923584
1778636400.720814,647.4983720779419,12851,14107,jpeg,0.05035686492919922
1778636400.770573,647.5481309890747,12852,14087,jpeg,0.0497589111328125
1778636400.815122,647.592679977417,12853,14109,jpeg,0.044548988342285156
1778636400.8700354,647.64759349823,12854,14086,jpeg,0.05491352081298828
1778636400.9167914,647.694349527359,12855,14102,jpeg,0.04675602912902832
1778636400.9662287,647.7437868118286,12856,14065,jpeg,0.04943728446960449
1778636401.0191236,647.7966816425323,12857,14069,jpeg,0.05289483070373535
1778636401.067647,647.8452050685883,12858,14098,jpeg,0.0485234260559082
1778636401.1162322,647.8937902450562,12859,14079,jpeg,0.04858517646789551
1778636401.1689575,647.9465155601501,12860,14055,jpeg,0.05272531509399414
1778636401.2150009,647.9925589561462,12861,14083,jpeg,0.04604339599609375
1778636401.2651973,648.0427553653717,12862,14094,jpeg,0.05019640922546387
1778636401.318173,648.0957310199738,12863,14102,jpeg,0.05297565460205078
1778636401.367604,648.1451621055603,12864,14066,jpeg,0.04943108558654785
1778636401.4153008,648.1928589344025,12865,14094,jpeg,0.047696828842163086
1778636401.4722085,648.2497665882111,12866,14088,jpeg,0.05690765380859375
1778636401.5151987,648.2927567958832,12867,14060,jpeg,0.04299020767211914
1778636401.566786,648.3443441390991,12868,14077,jpeg,0.05158734321594238
1778636401.620246,648.3978040218353,12869,14083,jpeg,0.053459882736206055
1778636401.6666484,648.4442064762115,12870,14094,jpeg,0.0464024543762207
1778636401.7173114,648.4948694705963,12871,14108,jpeg,0.050662994384765625
1778636401.7697017,648.5472598075867,12872,14129,jpeg,0.052390336990356445
1778636401.81888,648.5964381694794,12873,14089,jpeg,0.049178361892700195
1778636401.8673143,648.6448724269867,12874,14093,jpeg,0.04843425750732422
1778636401.9179537,648.6955118179321,12875,14073,jpeg,0.05063939094543457
1778636401.9667704,648.7443284988403,12876,14078,jpeg,0.048816680908203125
1778636402.0196383,648.7971963882446,12877,14079,jpeg,0.052867889404296875
1778636402.0681925,648.8457505702972,12878,14066,jpeg,0.048554182052612305
1778636402.1188982,648.8964562416077,12879,14093,jpeg,0.050705671310424805
1778636402.164625,648.9421830177307,12880,14107,jpeg,0.045726776123046875
1778636402.2179618,648.9955198764801,12881,14083,jpeg,0.05333685874938965
1778636402.268424,649.0459821224213,12882,14090,jpeg,0.05046224594116211
1778636402.3144188,649.0919768810272,12883,14077,jpeg,0.04599475860595703
1778636402.3678095,649.1453676223755,12884,14070,jpeg,0.0533907413482666
1778636402.418321,649.195878982544,12885,14089,jpeg,0.05051136016845703
1778636402.4661875,649.2437455654144,12886,14063,jpeg,0.0478665828704834
1778636402.519759,649.2973170280457,12887,14066,jpeg,0.053571462631225586
1778636402.567995,649.3455531597137,12888,14074,jpeg,0.04823613166809082
1778636402.616854,649.3944120407104,12889,14095,jpeg,0.0488588809967041
1778636402.6688097,649.4463677406311,12890,14084,jpeg,0.0519556999206543
1778636402.7187886,649.4963467121124,12891,14063,jpeg,0.04997897148132324
1778636402.766697,649.5442550182343,12892,14084,jpeg,0.04790830612182617
1778636402.8160715,649.5936295986176,12893,14087,jpeg,0.04937458038330078
1778636402.8670006,649.6445586681366,12894,14067,jpeg,0.05092906951904297
1778636402.9207757,649.6983337402344,12895,14058,jpeg,0.05377507209777832
1778636402.9685495,649.7461075782776,12896,14067,jpeg,0.04777383804321289
1778636403.016932,649.7944900989532,12897,14056,jpeg,0.04838252067565918
1778636403.0665488,649.8441069126129,12898,14130,jpeg,0.04961681365966797
1778636403.1182315,649.8957896232605,12899,14186,jpeg,0.05168271064758301
1778636403.1678808,649.9454388618469,12900,14220,jpeg,0.04964923858642578
1778636403.216338,649.9938960075378,12901,14233,jpeg,0.04845714569091797
1778636403.2686484,650.0462064743042,12902,14227,jpeg,0.05231046676635742
1778636403.3207464,650.0983045101166,12903,14186,jpeg,0.05209803581237793
1778636403.3692462,650.1468043327332,12904,14238,jpeg,0.04849982261657715
1778636403.4178405,650.195398569107,12905,14222,jpeg,0.04859423637390137
1778636403.4670055,650.2445635795593,12906,14221,jpeg,0.04916501045227051
1778636403.514659,650.2922170162201,12907,14236,jpeg,0.0476534366607666
1778636403.5763404,650.353898525238,12908,14234,jpeg,0.061681509017944336
1778636403.6128588,650.3904168605804,12909,14213,jpeg,0.03651833534240723
1778636403.6645496,650.4421076774597,12910,14234,jpeg,0.05169081687927246
1778636403.725299,650.5028569698334,12911,14218,jpeg,0.06074929237365723
1778636403.7658975,650.5434556007385,12912,14215,jpeg,0.04059863090515137
1778636403.8173723,650.5949304103851,12913,14180,jpeg,0.051474809646606445
1778636403.8689427,650.646500825882,12914,14201,jpeg,0.05157041549682617
1778636403.918224,650.6957821846008,12915,14213,jpeg,0.04928135871887207
1778636403.9668834,650.7444415092468,12916,14202,jpeg,0.048659324645996094
1778636404.0179563,650.7955143451691,12917,14182,jpeg,0.05107283592224121
1778636404.0694997,650.8470578193665,12918,14209,jpeg,0.051543474197387695
1778636404.116409,650.8939671516418,12919,14206,jpeg,0.046909332275390625
1778636404.1713524,650.9489104747772,12920,14196,jpeg,0.05494332313537598
1778636404.2193065,650.9968645572662,12921,14205,jpeg,0.04795408248901367
1778636404.265944,651.0435020923615,12922,14173,jpeg,0.046637535095214844
1778636404.3153088,651.092866897583,12923,14161,jpeg,0.04936480522155762
1778636404.367593,651.1451511383057,12924,14119,jpeg,0.05228424072265625
1778636404.4163475,651.1939055919647,12925,14101,jpeg,0.04875445365905762
1778636404.4706848,651.248242855072,12926,14091,jpeg,0.054337263107299805
1778636404.5174751,651.2950332164764,12927,14084,jpeg,0.046790361404418945
1778636404.5686424,651.346200466156,12928,14102,jpeg,0.05116724967956543
1778636404.614503,651.3920609951019,12929,14091,jpeg,0.04586052894592285
1778636404.6640284,651.4415864944458,12930,14102,jpeg,0.04952549934387207
1778636404.7144415,651.4919996261597,12931,14084,jpeg,0.05041313171386719
1778636404.766833,651.5443911552429,12932,14076,jpeg,0.05239152908325195
1778636404.8166344,651.5941925048828,12933,14089,jpeg,0.04980134963989258
1778636404.8664806,651.6440386772156,12934,14090,jpeg,0.04984617233276367
1778636404.9232137,651.7007718086243,12935,14108,jpeg,0.056733131408691406
1778636404.9674613,651.7450194358826,12936,14100,jpeg,0.04424762725830078
1778636405.0166671,651.7942252159119,12937,14081,jpeg,0.049205780029296875
1778636405.0672727,651.8448307514191,12938,14086,jpeg,0.05060553550720215
1778636405.1175957,651.89515376091,12939,14056,jpeg,0.0503230094909668
1778636405.1637197,651.9412777423859,12940,14083,jpeg,0.04612398147583008
1778636405.2147985,651.9923565387726,12941,14069,jpeg,0.05107879638671875
1778636405.2653959,652.0429539680481,12942,14096,jpeg,0.050597429275512695
1778636405.3209336,652.0984916687012,12943,14068,jpeg,0.05553770065307617
1778636405.3653207,652.1428787708282,12944,14088,jpeg,0.044387102127075195
1778636405.4153702,652.192928314209,12945,14103,jpeg,0.050049543380737305
1778636405.4644892,652.2420473098755,12946,14082,jpeg,0.049118995666503906
1778636405.5148504,652.2924084663391,12947,14061,jpeg,0.05036115646362305
1778636405.566613,652.3441710472107,12948,14106,jpeg,0.05176258087158203
1778636405.6159422,652.393500328064,12949,14093,jpeg,0.049329280853271484
1778636405.6644912,652.4420492649078,12950,14058,jpeg,0.04854893684387207
1778636405.7135909,652.4911489486694,12951,14069,jpeg,0.04909968376159668
1778636405.7641592,652.5417172908783,12952,14064,jpeg,0.050568342208862305
1778636405.814411,652.5919690132141,12953,14086,jpeg,0.05025172233581543
1778636405.8697085,652.647266626358,12954,14066,jpeg,0.0552976131439209
1778636405.9190278,652.696585893631,12955,14052,jpeg,0.04931926727294922
1778636405.9660754,652.7436335086823,12956,14093,jpeg,0.04704761505126953
1778636406.0139983,652.7915563583374,12957,14083,jpeg,0.04792284965515137
1778636406.0762916,652.8538496494293,12958,14063,jpeg,0.062293291091918945
1778636406.1298473,652.9074053764343,12959,14073,jpeg,0.05355572700500488
1778636406.1689441,652.9465022087097,12960,14101,jpeg,0.039096832275390625
1778636406.2188249,652.9963829517365,12961,14100,jpeg,0.0498807430267334
1778636406.2654755,653.0430335998535,12962,14062,jpeg,0.04665064811706543
1778636406.3162212,653.0937793254852,12963,14077,jpeg,0.05074572563171387
1778636406.3653655,653.1429235935211,12964,14081,jpeg,0.04914426803588867
1778636406.416115,653.1936731338501,12965,14053,jpeg,0.05074954032897949
1778636406.467186,653.2447440624237,12966,14105,jpeg,0.0510709285736084
1778636406.5138564,653.2914144992828,12967,14088,jpeg,0.04667043685913086
1778636406.566799,653.3443570137024,12968,14109,jpeg,0.052942514419555664
1778636406.6202316,653.3977897167206,12969,14093,jpeg,0.05343270301818848
1778636406.6626487,653.4402067661285,12970,14066,jpeg,0.042417049407958984
1778636406.7163513,653.4939093589783,12971,14104,jpeg,0.053702592849731445
1778636406.7639217,653.5414798259735,12972,14077,jpeg,0.04757046699523926
1778636406.8123384,653.589896440506,12973,14110,jpeg,0.0484166145324707
1778636406.866234,653.6437921524048,12974,14070,jpeg,0.05389571189880371
1778636406.916308,653.6938660144806,12975,14097,jpeg,0.050073862075805664
1778636406.9633198,653.740877866745,12976,14101,jpeg,0.0470118522644043
1778636407.0158439,653.7934019565582,12977,14101,jpeg,0.05252408981323242
1778636407.0673635,653.8449215888977,12978,14083,jpeg,0.05151963233947754
1778636407.11562,653.893177986145,12979,14090,jpeg,0.04825639724731445
1778636407.1658995,653.9434576034546,12980,14069,jpeg,0.05027961730957031
1778636407.2152727,653.9928307533264,12981,14068,jpeg,0.04937314987182617
1778636407.2624843,654.0400424003601,12982,14083,jpeg,0.047211647033691406
1778636407.327528,654.1050860881805,12983,14056,jpeg,0.06504368782043457
1778636407.3649569,654.1425149440765,12984,14085,jpeg,0.037428855895996094
1778636407.4117887,654.1893467903137,12985,14085,jpeg,0.04683184623718262
1778636407.4641242,654.2416822910309,12986,14096,jpeg,0.052335500717163086
1778636407.5146883,654.2922463417053,12987,14100,jpeg,0.05056405067443848
1778636407.5646505,654.3422086238861,12988,14067,jpeg,0.04996228218078613
1778636407.615078,654.3926360607147,12989,14055,jpeg,0.05042743682861328
1778636407.6678774,654.4454355239868,12990,14056,jpeg,0.05279946327209473
1778636407.7141047,654.4916627407074,12991,14047,jpeg,0.046227216720581055
1778636407.7662294,654.5437874794006,12992,14070,jpeg,0.052124738693237305
1778636407.814058,654.591616153717,12993,14027,jpeg,0.04782867431640625
1778636407.8645315,654.6420896053314,12994,14048,jpeg,0.05047345161437988
1778636407.9193618,654.6969199180603,12995,14045,jpeg,0.054830312728881836
1778636407.967442,654.7450001239777,12996,14067,jpeg,0.0480802059173584
1778636408.0161784,654.7937364578247,12997,14087,jpeg,0.0487363338470459
1778636408.0674813,654.8450393676758,12998,14048,jpeg,0.05130290985107422
1778636408.112183,654.8897411823273,12999,14036,jpeg,0.04470181465148926
1778636408.1647825,654.9423406124115,13000,14066,jpeg,0.052599430084228516
1778636408.2266095,655.0041675567627,13001,14028,jpeg,0.06182694435119629
1778636408.268971,655.0465290546417,13002,14039,jpeg,0.04236149787902832
1778636408.3157141,655.0932722091675,13003,14071,jpeg,0.046743154525756836
1778636408.370431,655.1479890346527,13004,14054,jpeg,0.05471682548522949
1778636408.4174852,655.1950433254242,13005,14083,jpeg,0.047054290771484375
1778636408.464245,655.2418031692505,13006,14083,jpeg,0.046759843826293945
1778636408.5156975,655.2932555675507,13007,14085,jpeg,0.0514523983001709
1778636408.5701308,655.3476889133453,13008,14096,jpeg,0.054433345794677734
1778636408.6138895,655.3914475440979,13009,14106,jpeg,0.04375863075256348
1778636408.6653733,655.4429314136505,13010,14094,jpeg,0.051483869552612305
1778636408.712966,655.4905240535736,13011,14114,jpeg,0.0475926399230957
1778636408.767289,655.5448470115662,13012,14098,jpeg,0.05432295799255371
1778636408.8148434,655.5924015045166,13013,14091,jpeg,0.04755449295043945
1778636408.8681557,655.6457138061523,13014,14096,jpeg,0.05331230163574219
1778636408.9145215,655.6920795440674,13015,14120,jpeg,0.04636573791503906
1778636408.9739652,655.7515232563019,13016,14121,jpeg,0.05944371223449707
1778636409.0168428,655.7944009304047,13017,14122,jpeg,0.0428776741027832
1778636409.068658,655.8462162017822,13018,14103,jpeg,0.05181527137756348
1778636409.12154,655.8990981578827,13019,14089,jpeg,0.05288195610046387
1778636409.1656187,655.9431767463684,13020,14103,jpeg,0.04407858848571777
1778636409.212195,655.9897530078888,13021,14107,jpeg,0.04657626152038574
1778636409.266392,656.0439500808716,13022,14095,jpeg,0.054197072982788086
