[0.000000] (-) TimerEvent: {}
[0.000182] (guardros_msgs) JobQueued: {'identifier': 'guardros_msgs', 'dependencies': OrderedDict()}
[0.000242] (rb23_keyboard_teleop) JobQueued: {'identifier': 'rb23_keyboard_teleop', 'dependencies': OrderedDict()}
[0.000287] (rb23_ros_driver) JobQueued: {'identifier': 'rb23_ros_driver', 'dependencies': OrderedDict()}
[0.000357] (rb23_video_viewer) JobQueued: {'identifier': 'rb23_video_viewer', 'dependencies': OrderedDict()}
[0.000396] (rb23_audio) JobQueued: {'identifier': 'rb23_audio', 'dependencies': OrderedDict([('guardros_msgs', '/home/denis/DENIS/RollerBot23/guardros_ws/install/guardros_msgs')])}
[0.000422] (rb23_telemetry_viewer) JobQueued: {'identifier': 'rb23_telemetry_viewer', 'dependencies': OrderedDict([('guardros_msgs', '/home/denis/DENIS/RollerBot23/guardros_ws/install/guardros_msgs')])}
[0.000441] (guardros_msgs) JobStarted: {'identifier': 'guardros_msgs'}
[0.005169] (rb23_keyboard_teleop) JobStarted: {'identifier': 'rb23_keyboard_teleop'}
[0.012466] (rb23_ros_driver) JobStarted: {'identifier': 'rb23_ros_driver'}
[0.033361] (rb23_video_viewer) JobStarted: {'identifier': 'rb23_video_viewer'}
[0.041108] (guardros_msgs) JobProgress: {'identifier': 'guardros_msgs', 'progress': 'cmake'}
[0.041830] (guardros_msgs) JobProgress: {'identifier': 'guardros_msgs', 'progress': 'build'}
[0.042515] (guardros_msgs) Command: {'cmd': ['/usr/bin/cmake', '--build', '/home/denis/DENIS/RollerBot23/guardros_ws/build/guardros_msgs', '--', '-j8', '-l8'], 'cwd': '/home/denis/DENIS/RollerBot23/guardros_ws/build/guardros_msgs', 'env': OrderedDict([('PYTHON_BASIC_REPL', '1'), ('LESSOPEN', '| /usr/bin/lesspipe %s'), ('LANGUAGE', 'pt_BR:pt:en'), ('USER', 'denis'), ('FONTCONFIG_PATH', '/etc/fonts'), ('GIO_MODULE_DIR', '/home/denis/snap/code/common/.cache/gio-modules'), ('XDG_SESSION_TYPE', 'wayland'), ('GIT_ASKPASS', '/snap/code/230/usr/share/code/resources/app/extensions/git/dist/askpass.sh'), ('GTK_EXE_PREFIX_VSCODE_SNAP_ORIG', ''), ('IGNITION_VERSION', 'citadel'), ('GDK_BACKEND_VSCODE_SNAP_ORIG', ''), ('SHLVL', '2'), ('LD_LIBRARY_PATH', '/opt/ros/humble/opt/rviz_ogre_vendor/lib:/opt/ros/humble/lib/x86_64-linux-gnu:/opt/ros/humble/lib'), ('HOME', '/home/denis'), ('CHROME_DESKTOP', 'code.desktop'), ('LOCPATH_VSCODE_SNAP_ORIG', ''), ('OLDPWD', '/home/denis/DENIS/RollerBot23/guardros_ws/src'), ('TERM_PROGRAM_VERSION', '1.112.0'), ('DESKTOP_SESSION', 'ubuntu'), ('GTK_PATH', '/snap/code/230/usr/lib/x86_64-linux-gnu/gtk-3.0'), ('XDG_DATA_HOME_VSCODE_SNAP_ORIG', ''), ('GTK_IM_MODULE_FILE', '/home/denis/snap/code/common/.cache/immodules/immodules.cache'), ('ROS_PYTHON_VERSION', '3'), ('GNOME_SHELL_SESSION_MODE', 'ubuntu'), ('GTK_MODULES', 'gail:atk-bridge'), ('GSETTINGS_SCHEMA_DIR_VSCODE_SNAP_ORIG', ''), ('VSCODE_GIT_ASKPASS_MAIN', '/snap/code/230/usr/share/code/resources/app/extensions/git/dist/askpass-main.js'), ('VSCODE_GIT_ASKPASS_NODE', '/snap/code/230/usr/share/code/code'), ('PYDEVD_DISABLE_FILE_VALIDATION', '1'), ('SYSTEMD_EXEC_PID', '1840'), ('BUNDLED_DEBUGPY_PATH', '/home/denis/.vscode/extensions/ms-python.debugpy-2025.18.0-linux-x64/bundled/libs/debugpy'), ('VSCODE_PYTHON_AUTOACTIVATE_GUARD', '1'), ('DBUS_SESSION_BUS_ADDRESS', 'unix:path=/run/user/1000/bus'), ('COLORTERM', 'truecolor'), ('IM_CONFIG_PHASE', '1'), ('WAYLAND_DISPLAY', 'wayland-0'), ('ROS_DISTRO', 'humble'), ('LOGNAME', 'denis'), ('_', '/usr/bin/colcon'), ('ROS_VERSION', '2'), ('XDG_CONFIG_DIRS_VSCODE_SNAP_ORIG', '/etc/xdg/xdg-ubuntu:/etc/xdg'), ('XDG_SESSION_CLASS', 'user'), ('XDG_DATA_DIRS_VSCODE_SNAP_ORIG', '/usr/share/ubuntu:/usr/local/share/:/usr/share/:/var/lib/snapd/desktop'), ('USERNAME', 'denis'), ('TERM', 'xterm-256color'), ('GNOME_DESKTOP_SESSION_ID', 'this-is-deprecated'), ('FC_FONTATIONS', '1'), ('ROS_LOCALHOST_ONLY', '0'), ('PATH', '/opt/ros/humble/bin:/usr/local/sbin:/usr/local/bin:/usr/sbin:/usr/bin:/sbin:/bin:/usr/games:/usr/local/games:/snap/bin:/snap/bin:/home/denis/.vscode/extensions/ms-python.debugpy-2025.18.0-linux-x64/bundled/scripts/noConfigScripts'), ('SESSION_MANAGER', 'local/denis-Aspire-A515-54G:@/tmp/.ICE-unix/1611,unix/denis-Aspire-A515-54G:/tmp/.ICE-unix/1611'), ('GTK_EXE_PREFIX', '/snap/code/230/usr'), ('XDG_MENU_PREFIX', 'gnome-'), ('GNOME_TERMINAL_SCREEN', '/org/gnome/Terminal/screen/44c58e84_9c4f_47c9_9eaa_2b824b20a3ff'), ('GNOME_SETUP_DISPLAY', ':1'), ('XDG_RUNTIME_DIR', '/run/user/1000'), ('GDK_BACKEND', 'x11'), ('DISPLAY', ':0'), ('LOCPATH', '/snap/code/230/usr/lib/locale'), ('VSCODE_DEBUGPY_ADAPTER_ENDPOINTS', '/home/denis/.vscode/extensions/ms-python.debugpy-2025.18.0-linux-x64/.noConfigDebugAdapterEndpoints/endpoint-34710e7746cf2fe7.txt'), ('LANG', 'pt_BR.UTF-8'), ('XDG_CURRENT_DESKTOP', 'ubuntu:GNOME'), ('PYTHONSTARTUP', '/home/denis/.config/Code/User/workspaceStorage/df2967002095e09e96d32d7293e245d6/ms-python.python/pythonrc.py'), ('GIO_MODULE_DIR_VSCODE_SNAP_ORIG', ''), ('XDG_DATA_HOME', '/home/denis/snap/code/230/.local/share'), ('XMODIFIERS', '@im=ibus'), ('XDG_SESSION_DESKTOP', 'ubuntu'), ('XAUTHORITY', '/run/user/1000/.mutter-Xwaylandauth.VA1SN3'), ('LS_COLORS', 'rs=0:di=01;34:ln=01;36:mh=00:pi=40;33:so=01;35:do=01;35:bd=40;33;01:cd=40;33;01:or=40;31;01:mi=00:su=37;41:sg=30;43:ca=30;41:tw=30;42:ow=34;42:st=37;44:ex=01;32:*.tar=01;31:*.tgz=01;31:*.arc=01;31:*.arj=01;31:*.taz=01;31:*.lha=01;31:*.lz4=01;31:*.lzh=01;31:*.lzma=01;31:*.tlz=01;31:*.txz=01;31:*.tzo=01;31:*.t7z=01;31:*.zip=01;31:*.z=01;31:*.dz=01;31:*.gz=01;31:*.lrz=01;31:*.lz=01;31:*.lzo=01;31:*.xz=01;31:*.zst=01;31:*.tzst=01;31:*.bz2=01;31:*.bz=01;31:*.tbz=01;31:*.tbz2=01;31:*.tz=01;31:*.deb=01;31:*.rpm=01;31:*.jar=01;31:*.war=01;31:*.ear=01;31:*.sar=01;31:*.rar=01;31:*.alz=01;31:*.ace=01;31:*.zoo=01;31:*.cpio=01;31:*.7z=01;31:*.rz=01;31:*.cab=01;31:*.wim=01;31:*.swm=01;31:*.dwm=01;31:*.esd=01;31:*.jpg=01;35:*.jpeg=01;35:*.mjpg=01;35:*.mjpeg=01;35:*.gif=01;35:*.bmp=01;35:*.pbm=01;35:*.pgm=01;35:*.ppm=01;35:*.tga=01;35:*.xbm=01;35:*.xpm=01;35:*.tif=01;35:*.tiff=01;35:*.png=01;35:*.svg=01;35:*.svgz=01;35:*.mng=01;35:*.pcx=01;35:*.mov=01;35:*.mpg=01;35:*.mpeg=01;35:*.m2v=01;35:*.mkv=01;35:*.webm=01;35:*.webp=01;35:*.ogm=01;35:*.mp4=01;35:*.m4v=01;35:*.mp4v=01;35:*.vob=01;35:*.qt=01;35:*.nuv=01;35:*.wmv=01;35:*.asf=01;35:*.rm=01;35:*.rmvb=01;35:*.flc=01;35:*.avi=01;35:*.fli=01;35:*.flv=01;35:*.gl=01;35:*.dl=01;35:*.xcf=01;35:*.xwd=01;35:*.yuv=01;35:*.cgm=01;35:*.emf=01;35:*.ogv=01;35:*.ogx=01;35:*.aac=00;36:*.au=00;36:*.flac=00;36:*.m4a=00;36:*.mid=00;36:*.midi=00;36:*.mka=00;36:*.mp3=00;36:*.mpc=00;36:*.ogg=00;36:*.ra=00;36:*.wav=00;36:*.oga=00;36:*.opus=00;36:*.spx=00;36:*.xspf=00;36:'), ('VSCODE_GIT_IPC_HANDLE', '/run/user/1000/vscode-git-13d6c4deeb.sock'), ('GNOME_TERMINAL_SERVICE', ':1.108'), ('TERM_PROGRAM', 'vscode'), ('SSH_AGENT_LAUNCHER', 'gnome-keyring'), ('SSH_AUTH_SOCK', '/run/user/1000/keyring/ssh'), ('GSETTINGS_SCHEMA_DIR', '/home/denis/snap/code/230/.local/share/glib-2.0/schemas'), ('AMENT_PREFIX_PATH', '/opt/ros/humble'), ('SHELL', '/bin/bash'), ('QT_ACCESSIBILITY', '1'), ('GDMSESSION', 'ubuntu'), ('LESSCLOSE', '/usr/bin/lesspipe %s %s'), ('GTK_PATH_VSCODE_SNAP_ORIG', ''), ('FONTCONFIG_FILE', '/etc/fonts/fonts.conf'), ('GTK_IM_MODULE_FILE_VSCODE_SNAP_ORIG', ''), ('VSCODE_GIT_ASKPASS_EXTRA_ARGS', ''), ('QT_IM_MODULE', 'ibus'), ('PWD', '/home/denis/DENIS/RollerBot23/guardros_ws/build/guardros_msgs'), ('XDG_CONFIG_DIRS', '/etc/xdg/xdg-ubuntu:/etc/xdg'), ('XDG_DATA_DIRS', '/home/denis/snap/code/230/.local/share:/home/denis/snap/code/230:/snap/code/230/usr/share:/usr/share/ubuntu:/usr/local/share/:/usr/share/:/var/lib/snapd/desktop'), ('PYTHONPATH', '/opt/ros/humble/lib/python3.10/site-packages:/opt/ros/humble/local/lib/python3.10/dist-packages'), ('COLCON', '1'), ('VTE_VERSION', '6800'), ('CMAKE_PREFIX_PATH', '/opt/ros/humble')]), 'shell': False}
[0.099439] (-) TimerEvent: {}
[0.199884] (-) TimerEvent: {}
[0.300196] (-) TimerEvent: {}
[0.400475] (-) TimerEvent: {}
[0.500730] (-) TimerEvent: {}
[0.600966] (-) TimerEvent: {}
[0.645989] (guardros_msgs) StdoutLine: {'line': b'[  1%] Built target guardros_msgs__cpp\n'}
[0.646454] (guardros_msgs) StdoutLine: {'line': b'[ 12%] Built target guardros_msgs__rosidl_generator_c\n'}
[0.646576] (guardros_msgs) StdoutLine: {'line': b'[ 12%] Built target ament_cmake_python_symlink_guardros_msgs\n'}
[0.646934] (guardros_msgs) StdoutLine: {'line': b'[ 24%] Built target guardros_msgs__rosidl_typesupport_cpp\n'}
[0.647341] (guardros_msgs) StdoutLine: {'line': b'[ 48%] Built target guardros_msgs__rosidl_typesupport_c\n'}
[0.647441] (guardros_msgs) StdoutLine: {'line': b'[ 48%] Built target guardros_msgs__rosidl_typesupport_introspection_cpp\n'}
[0.647516] (guardros_msgs) StdoutLine: {'line': b'[ 58%] Built target guardros_msgs__rosidl_typesupport_fastrtps_cpp\n'}
[0.647581] (guardros_msgs) StdoutLine: {'line': b'[ 70%] Built target guardros_msgs__rosidl_typesupport_introspection_c\n'}
[0.647643] (guardros_msgs) StdoutLine: {'line': b'[ 81%] Built target guardros_msgs__rosidl_typesupport_fastrtps_c\n'}
[0.647706] (guardros_msgs) StdoutLine: {'line': b'[ 81%] Built target guardros_msgs\n'}
[0.647767] (guardros_msgs) StdoutLine: {'line': b'[ 82%] Built target guardros_msgs__py\n'}
[0.647829] (guardros_msgs) StdoutLine: {'line': b'[ 93%] Built target guardros_msgs__rosidl_generator_py\n'}
[0.647889] (guardros_msgs) StdoutLine: {'line': b'[ 95%] Built target guardros_msgs__rosidl_typesupport_introspection_c__pyext\n'}
[0.647951] (guardros_msgs) StdoutLine: {'line': b'[ 97%] Built target guardros_msgs__rosidl_typesupport_fastrtps_c__pyext\n'}
[0.648012] (guardros_msgs) StdoutLine: {'line': b'[100%] Built target guardros_msgs__rosidl_typesupport_c__pyext\n'}
[0.648074] (guardros_msgs) StdoutLine: {'line': b'running egg_info\n'}
[0.648134] (guardros_msgs) StdoutLine: {'line': b'writing guardros_msgs.egg-info/PKG-INFO\n'}
[0.648196] (guardros_msgs) StdoutLine: {'line': b'writing dependency_links to guardros_msgs.egg-info/dependency_links.txt\n'}
[0.648256] (guardros_msgs) StdoutLine: {'line': b'writing top-level names to guardros_msgs.egg-info/top_level.txt\n'}
[0.648318] (guardros_msgs) StdoutLine: {'line': b"reading manifest file 'guardros_msgs.egg-info/SOURCES.txt'\n"}
[0.648378] (guardros_msgs) StdoutLine: {'line': b"writing manifest file 'guardros_msgs.egg-info/SOURCES.txt'\n"}
[0.648448] (guardros_msgs) StdoutLine: {'line': b'[100%] Built target ament_cmake_python_build_guardros_msgs_egg\n'}
[0.701084] (-) TimerEvent: {}
[0.801362] (-) TimerEvent: {}
[0.901660] (-) TimerEvent: {}
[0.923356] (guardros_msgs) CommandEnded: {'returncode': 0}
[0.924808] (guardros_msgs) JobProgress: {'identifier': 'guardros_msgs', 'progress': 'install'}
[0.935332] (guardros_msgs) Command: {'cmd': ['/usr/bin/cmake', '--install', '/home/denis/DENIS/RollerBot23/guardros_ws/build/guardros_msgs'], 'cwd': '/home/denis/DENIS/RollerBot23/guardros_ws/build/guardros_msgs', 'env': OrderedDict([('PYTHON_BASIC_REPL', '1'), ('LESSOPEN', '| /usr/bin/lesspipe %s'), ('LANGUAGE', 'pt_BR:pt:en'), ('USER', 'denis'), ('FONTCONFIG_PATH', '/etc/fonts'), ('GIO_MODULE_DIR', '/home/denis/snap/code/common/.cache/gio-modules'), ('XDG_SESSION_TYPE', 'wayland'), ('GIT_ASKPASS', '/snap/code/230/usr/share/code/resources/app/extensions/git/dist/askpass.sh'), ('GTK_EXE_PREFIX_VSCODE_SNAP_ORIG', ''), ('IGNITION_VERSION', 'citadel'), ('GDK_BACKEND_VSCODE_SNAP_ORIG', ''), ('SHLVL', '2'), ('LD_LIBRARY_PATH', '/opt/ros/humble/opt/rviz_ogre_vendor/lib:/opt/ros/humble/lib/x86_64-linux-gnu:/opt/ros/humble/lib'), ('HOME', '/home/denis'), ('CHROME_DESKTOP', 'code.desktop'), ('LOCPATH_VSCODE_SNAP_ORIG', ''), ('OLDPWD', '/home/denis/DENIS/RollerBot23/guardros_ws/src'), ('TERM_PROGRAM_VERSION', '1.112.0'), ('DESKTOP_SESSION', 'ubuntu'), ('GTK_PATH', '/snap/code/230/usr/lib/x86_64-linux-gnu/gtk-3.0'), ('XDG_DATA_HOME_VSCODE_SNAP_ORIG', ''), ('GTK_IM_MODULE_FILE', '/home/denis/snap/code/common/.cache/immodules/immodules.cache'), ('ROS_PYTHON_VERSION', '3'), ('GNOME_SHELL_SESSION_MODE', 'ubuntu'), ('GTK_MODULES', 'gail:atk-bridge'), ('GSETTINGS_SCHEMA_DIR_VSCODE_SNAP_ORIG', ''), ('VSCODE_GIT_ASKPASS_MAIN', '/snap/code/230/usr/share/code/resources/app/extensions/git/dist/askpass-main.js'), ('VSCODE_GIT_ASKPASS_NODE', '/snap/code/230/usr/share/code/code'), ('PYDEVD_DISABLE_FILE_VALIDATION', '1'), ('SYSTEMD_EXEC_PID', '1840'), ('BUNDLED_DEBUGPY_PATH', '/home/denis/.vscode/extensions/ms-python.debugpy-2025.18.0-linux-x64/bundled/libs/debugpy'), ('VSCODE_PYTHON_AUTOACTIVATE_GUARD', '1'), ('DBUS_SESSION_BUS_ADDRESS', 'unix:path=/run/user/1000/bus'), ('COLORTERM', 'truecolor'), ('IM_CONFIG_PHASE', '1'), ('WAYLAND_DISPLAY', 'wayland-0'), ('ROS_DISTRO', 'humble'), ('LOGNAME', 'denis'), ('_', '/usr/bin/colcon'), ('ROS_VERSION', '2'), ('XDG_CONFIG_DIRS_VSCODE_SNAP_ORIG', '/etc/xdg/xdg-ubuntu:/etc/xdg'), ('XDG_SESSION_CLASS', 'user'), ('XDG_DATA_DIRS_VSCODE_SNAP_ORIG', '/usr/share/ubuntu:/usr/local/share/:/usr/share/:/var/lib/snapd/desktop'), ('USERNAME', 'denis'), ('TERM', 'xterm-256color'), ('GNOME_DESKTOP_SESSION_ID', 'this-is-deprecated'), ('FC_FONTATIONS', '1'), ('ROS_LOCALHOST_ONLY', '0'), ('PATH', '/opt/ros/humble/bin:/usr/local/sbin:/usr/local/bin:/usr/sbin:/usr/bin:/sbin:/bin:/usr/games:/usr/local/games:/snap/bin:/snap/bin:/home/denis/.vscode/extensions/ms-python.debugpy-2025.18.0-linux-x64/bundled/scripts/noConfigScripts'), ('SESSION_MANAGER', 'local/denis-Aspire-A515-54G:@/tmp/.ICE-unix/1611,unix/denis-Aspire-A515-54G:/tmp/.ICE-unix/1611'), ('GTK_EXE_PREFIX', '/snap/code/230/usr'), ('XDG_MENU_PREFIX', 'gnome-'), ('GNOME_TERMINAL_SCREEN', '/org/gnome/Terminal/screen/44c58e84_9c4f_47c9_9eaa_2b824b20a3ff'), ('GNOME_SETUP_DISPLAY', ':1'), ('XDG_RUNTIME_DIR', '/run/user/1000'), ('GDK_BACKEND', 'x11'), ('DISPLAY', ':0'), ('LOCPATH', '/snap/code/230/usr/lib/locale'), ('VSCODE_DEBUGPY_ADAPTER_ENDPOINTS', '/home/denis/.vscode/extensions/ms-python.debugpy-2025.18.0-linux-x64/.noConfigDebugAdapterEndpoints/endpoint-34710e7746cf2fe7.txt'), ('LANG', 'pt_BR.UTF-8'), ('XDG_CURRENT_DESKTOP', 'ubuntu:GNOME'), ('PYTHONSTARTUP', '/home/denis/.config/Code/User/workspaceStorage/df2967002095e09e96d32d7293e245d6/ms-python.python/pythonrc.py'), ('GIO_MODULE_DIR_VSCODE_SNAP_ORIG', ''), ('XDG_DATA_HOME', '/home/denis/snap/code/230/.local/share'), ('XMODIFIERS', '@im=ibus'), ('XDG_SESSION_DESKTOP', 'ubuntu'), ('XAUTHORITY', '/run/user/1000/.mutter-Xwaylandauth.VA1SN3'), ('LS_COLORS', 'rs=0:di=01;34:ln=01;36:mh=00:pi=40;33:so=01;35:do=01;35:bd=40;33;01:cd=40;33;01:or=40;31;01:mi=00:su=37;41:sg=30;43:ca=30;41:tw=30;42:ow=34;42:st=37;44:ex=01;32:*.tar=01;31:*.tgz=01;31:*.arc=01;31:*.arj=01;31:*.taz=01;31:*.lha=01;31:*.lz4=01;31:*.lzh=01;31:*.lzma=01;31:*.tlz=01;31:*.txz=01;31:*.tzo=01;31:*.t7z=01;31:*.zip=01;31:*.z=01;31:*.dz=01;31:*.gz=01;31:*.lrz=01;31:*.lz=01;31:*.lzo=01;31:*.xz=01;31:*.zst=01;31:*.tzst=01;31:*.bz2=01;31:*.bz=01;31:*.tbz=01;31:*.tbz2=01;31:*.tz=01;31:*.deb=01;31:*.rpm=01;31:*.jar=01;31:*.war=01;31:*.ear=01;31:*.sar=01;31:*.rar=01;31:*.alz=01;31:*.ace=01;31:*.zoo=01;31:*.cpio=01;31:*.7z=01;31:*.rz=01;31:*.cab=01;31:*.wim=01;31:*.swm=01;31:*.dwm=01;31:*.esd=01;31:*.jpg=01;35:*.jpeg=01;35:*.mjpg=01;35:*.mjpeg=01;35:*.gif=01;35:*.bmp=01;35:*.pbm=01;35:*.pgm=01;35:*.ppm=01;35:*.tga=01;35:*.xbm=01;35:*.xpm=01;35:*.tif=01;35:*.tiff=01;35:*.png=01;35:*.svg=01;35:*.svgz=01;35:*.mng=01;35:*.pcx=01;35:*.mov=01;35:*.mpg=01;35:*.mpeg=01;35:*.m2v=01;35:*.mkv=01;35:*.webm=01;35:*.webp=01;35:*.ogm=01;35:*.mp4=01;35:*.m4v=01;35:*.mp4v=01;35:*.vob=01;35:*.qt=01;35:*.nuv=01;35:*.wmv=01;35:*.asf=01;35:*.rm=01;35:*.rmvb=01;35:*.flc=01;35:*.avi=01;35:*.fli=01;35:*.flv=01;35:*.gl=01;35:*.dl=01;35:*.xcf=01;35:*.xwd=01;35:*.yuv=01;35:*.cgm=01;35:*.emf=01;35:*.ogv=01;35:*.ogx=01;35:*.aac=00;36:*.au=00;36:*.flac=00;36:*.m4a=00;36:*.mid=00;36:*.midi=00;36:*.mka=00;36:*.mp3=00;36:*.mpc=00;36:*.ogg=00;36:*.ra=00;36:*.wav=00;36:*.oga=00;36:*.opus=00;36:*.spx=00;36:*.xspf=00;36:'), ('VSCODE_GIT_IPC_HANDLE', '/run/user/1000/vscode-git-13d6c4deeb.sock'), ('GNOME_TERMINAL_SERVICE', ':1.108'), ('TERM_PROGRAM', 'vscode'), ('SSH_AGENT_LAUNCHER', 'gnome-keyring'), ('SSH_AUTH_SOCK', '/run/user/1000/keyring/ssh'), ('GSETTINGS_SCHEMA_DIR', '/home/denis/snap/code/230/.local/share/glib-2.0/schemas'), ('AMENT_PREFIX_PATH', '/opt/ros/humble'), ('SHELL', '/bin/bash'), ('QT_ACCESSIBILITY', '1'), ('GDMSESSION', 'ubuntu'), ('LESSCLOSE', '/usr/bin/lesspipe %s %s'), ('GTK_PATH_VSCODE_SNAP_ORIG', ''), ('FONTCONFIG_FILE', '/etc/fonts/fonts.conf'), ('GTK_IM_MODULE_FILE_VSCODE_SNAP_ORIG', ''), ('VSCODE_GIT_ASKPASS_EXTRA_ARGS', ''), ('QT_IM_MODULE', 'ibus'), ('PWD', '/home/denis/DENIS/RollerBot23/guardros_ws/build/guardros_msgs'), ('XDG_CONFIG_DIRS', '/etc/xdg/xdg-ubuntu:/etc/xdg'), ('XDG_DATA_DIRS', '/home/denis/snap/code/230/.local/share:/home/denis/snap/code/230:/snap/code/230/usr/share:/usr/share/ubuntu:/usr/local/share/:/usr/share/:/var/lib/snapd/desktop'), ('PYTHONPATH', '/opt/ros/humble/lib/python3.10/site-packages:/opt/ros/humble/local/lib/python3.10/dist-packages'), ('COLCON', '1'), ('VTE_VERSION', '6800'), ('CMAKE_PREFIX_PATH', '/opt/ros/humble')]), 'shell': False}
[0.943923] (guardros_msgs) StdoutLine: {'line': b'-- Install configuration: ""\n'}
[0.944866] (guardros_msgs) StdoutLine: {'line': b'-- Execute custom install script\n'}
[0.945161] (guardros_msgs) StdoutLine: {'line': b'-- Up-to-date symlink: /home/denis/DENIS/RollerBot23/guardros_ws/install/guardros_msgs/share/ament_index/resource_index/rosidl_interfaces/guardros_msgs\n'}
[0.946349] (guardros_msgs) StdoutLine: {'line': b'-- Up-to-date symlink: /home/denis/DENIS/RollerBot23/guardros_ws/install/guardros_msgs/include/guardros_msgs/guardros_msgs/msg/audio_frame.h\n'}
[0.946565] (guardros_msgs) StdoutLine: {'line': b'-- Up-to-date symlink: /home/denis/DENIS/RollerBot23/guardros_ws/install/guardros_msgs/include/guardros_msgs/guardros_msgs/msg/audio_mode.h\n'}
[0.946768] (guardros_msgs) StdoutLine: {'line': b'-- Up-to-date symlink: /home/denis/DENIS/RollerBot23/guardros_ws/install/guardros_msgs/include/guardros_msgs/guardros_msgs/msg/battery.h\n'}
[0.946917] (guardros_msgs) StdoutLine: {'line': b'-- Up-to-date symlink: /home/denis/DENIS/RollerBot23/guardros_ws/install/guardros_msgs/include/guardros_msgs/guardros_msgs/msg/command_state.h\n'}
[0.948475] (guardros_msgs) StdoutLine: {'line': b'-- Up-to-date symlink: /home/denis/DENIS/RollerBot23/guardros_ws/install/guardros_msgs/include/guardros_msgs/guardros_msgs/msg/connection_status.h\n'}
[0.948581] (guardros_msgs) StdoutLine: {'line': b'-- Up-to-date symlink: /home/denis/DENIS/RollerBot23/guardros_ws/install/guardros_msgs/include/guardros_msgs/guardros_msgs/msg/detail/audio_frame__functions.h\n'}
[0.948649] (guardros_msgs) StdoutLine: {'line': b'-- Up-to-date symlink: /home/denis/DENIS/RollerBot23/guardros_ws/install/guardros_msgs/include/guardros_msgs/guardros_msgs/msg/detail/audio_frame__struct.h\n'}
[0.948745] (guardros_msgs) StdoutLine: {'line': b'-- Up-to-date symlink: /home/denis/DENIS/RollerBot23/guardros_ws/install/guardros_msgs/include/guardros_msgs/guardros_msgs/msg/detail/audio_frame__type_support.h\n'}
[0.948807] (guardros_msgs) StdoutLine: {'line': b'-- Up-to-date symlink: /home/denis/DENIS/RollerBot23/guardros_ws/install/guardros_msgs/include/guardros_msgs/guardros_msgs/msg/detail/audio_mode__functions.h\n'}
[0.948875] (guardros_msgs) StdoutLine: {'line': b'-- Up-to-date symlink: /home/denis/DENIS/RollerBot23/guardros_ws/install/guardros_msgs/include/guardros_msgs/guardros_msgs/msg/detail/audio_mode__struct.h\n'}
[0.948980] (guardros_msgs) StdoutLine: {'line': b'-- Up-to-date symlink: /home/denis/DENIS/RollerBot23/guardros_ws/install/guardros_msgs/include/guardros_msgs/guardros_msgs/msg/detail/audio_mode__type_support.h\n'}
[0.949061] (guardros_msgs) StdoutLine: {'line': b'-- Up-to-date symlink: /home/denis/DENIS/RollerBot23/guardros_ws/install/guardros_msgs/include/guardros_msgs/guardros_msgs/msg/detail/battery__functions.h\n'}
[0.949141] (guardros_msgs) StdoutLine: {'line': b'-- Up-to-date symlink: /home/denis/DENIS/RollerBot23/guardros_ws/install/guardros_msgs/include/guardros_msgs/guardros_msgs/msg/detail/battery__struct.h\n'}
[0.949247] (guardros_msgs) StdoutLine: {'line': b'-- Up-to-date symlink: /home/denis/DENIS/RollerBot23/guardros_ws/install/guardros_msgs/include/guardros_msgs/guardros_msgs/msg/detail/battery__type_support.h\n'}
[0.949333] (guardros_msgs) StdoutLine: {'line': b'-- Up-to-date symlink: /home/denis/DENIS/RollerBot23/guardros_ws/install/guardros_msgs/include/guardros_msgs/guardros_msgs/msg/detail/command_state__functions.h\n'}
[0.949481] (guardros_msgs) StdoutLine: {'line': b'-- Up-to-date symlink: /home/denis/DENIS/RollerBot23/guardros_ws/install/guardros_msgs/include/guardros_msgs/guardros_msgs/msg/detail/command_state__struct.h\n'}
[0.950531] (guardros_msgs) StdoutLine: {'line': b'-- Up-to-date symlink: /home/denis/DENIS/RollerBot23/guardros_ws/install/guardros_msgs/include/guardros_msgs/guardros_msgs/msg/detail/command_state__type_support.h\n'}
[0.950654] (guardros_msgs) StdoutLine: {'line': b'-- Up-to-date symlink: /home/denis/DENIS/RollerBot23/guardros_ws/install/guardros_msgs/include/guardros_msgs/guardros_msgs/msg/detail/connection_status__functions.h\n'}
[0.950773] (guardros_msgs) StdoutLine: {'line': b'-- Up-to-date symlink: /home/denis/DENIS/RollerBot23/guardros_ws/install/guardros_msgs/include/guardros_msgs/guardros_msgs/msg/detail/connection_status__struct.h\n'}
[0.950840] (guardros_msgs) StdoutLine: {'line': b'-- Up-to-date symlink: /home/denis/DENIS/RollerBot23/guardros_ws/install/guardros_msgs/include/guardros_msgs/guardros_msgs/msg/detail/connection_status__type_support.h\n'}
[0.950929] (guardros_msgs) StdoutLine: {'line': b'-- Up-to-date symlink: /home/denis/DENIS/RollerBot23/guardros_ws/install/guardros_msgs/include/guardros_msgs/guardros_msgs/msg/detail/drive_status__functions.h\n'}
[0.950989] (guardros_msgs) StdoutLine: {'line': b'-- Up-to-date symlink: /home/denis/DENIS/RollerBot23/guardros_ws/install/guardros_msgs/include/guardros_msgs/guardros_msgs/msg/detail/drive_status__struct.h\n'}
[0.951053] (guardros_msgs) StdoutLine: {'line': b'-- Up-to-date symlink: /home/denis/DENIS/RollerBot23/guardros_ws/install/guardros_msgs/include/guardros_msgs/guardros_msgs/msg/detail/drive_status__type_support.h\n'}
[0.951160] (guardros_msgs) StdoutLine: {'line': b'-- Up-to-date symlink: /home/denis/DENIS/RollerBot23/guardros_ws/install/guardros_msgs/include/guardros_msgs/guardros_msgs/msg/detail/magnetometer__functions.h\n'}
[0.951268] (guardros_msgs) StdoutLine: {'line': b'-- Up-to-date symlink: /home/denis/DENIS/RollerBot23/guardros_ws/install/guardros_msgs/include/guardros_msgs/guardros_msgs/msg/detail/magnetometer__struct.h\n'}
[0.951459] (guardros_msgs) StdoutLine: {'line': b'-- Up-to-date symlink: /home/denis/DENIS/RollerBot23/guardros_ws/install/guardros_msgs/include/guardros_msgs/guardros_msgs/msg/detail/magnetometer__type_support.h\n'}
[0.951650] (guardros_msgs) StdoutLine: {'line': b'-- Up-to-date symlink: /home/denis/DENIS/RollerBot23/guardros_ws/install/guardros_msgs/include/guardros_msgs/guardros_msgs/msg/detail/temperatures__functions.h\n'}
[0.951841] (guardros_msgs) StdoutLine: {'line': b'-- Up-to-date symlink: /home/denis/DENIS/RollerBot23/guardros_ws/install/guardros_msgs/include/guardros_msgs/guardros_msgs/msg/detail/temperatures__struct.h\n'}
[0.952032] (guardros_msgs) StdoutLine: {'line': b'-- Up-to-date symlink: /home/denis/DENIS/RollerBot23/guardros_ws/install/guardros_msgs/include/guardros_msgs/guardros_msgs/msg/detail/temperatures__type_support.h\n'}
[0.952238] (guardros_msgs) StdoutLine: {'line': b'-- Up-to-date symlink: /home/denis/DENIS/RollerBot23/guardros_ws/install/guardros_msgs/include/guardros_msgs/guardros_msgs/msg/drive_status.h\n'}
[0.952418] (guardros_msgs) StdoutLine: {'line': b'-- Up-to-date symlink: /home/denis/DENIS/RollerBot23/guardros_ws/install/guardros_msgs/include/guardros_msgs/guardros_msgs/msg/magnetometer.h\n'}
[0.952611] (guardros_msgs) StdoutLine: {'line': b'-- Up-to-date symlink: /home/denis/DENIS/RollerBot23/guardros_ws/install/guardros_msgs/include/guardros_msgs/guardros_msgs/msg/rosidl_generator_c__visibility_control.h\n'}
[0.952785] (guardros_msgs) StdoutLine: {'line': b'-- Up-to-date symlink: /home/denis/DENIS/RollerBot23/guardros_ws/install/guardros_msgs/include/guardros_msgs/guardros_msgs/msg/temperatures.h\n'}
[0.953057] (guardros_msgs) StdoutLine: {'line': b'-- Up-to-date symlink: /home/denis/DENIS/RollerBot23/guardros_ws/install/guardros_msgs/share/guardros_msgs/environment/library_path.sh\n'}
[0.953305] (guardros_msgs) StdoutLine: {'line': b'-- Up-to-date symlink: /home/denis/DENIS/RollerBot23/guardros_ws/install/guardros_msgs/share/guardros_msgs/environment/library_path.dsv\n'}
[0.954535] (guardros_msgs) StdoutLine: {'line': b'-- Up-to-date symlink: /home/denis/DENIS/RollerBot23/guardros_ws/install/guardros_msgs/include/guardros_msgs/guardros_msgs/msg/detail/audio_frame__rosidl_typesupport_fastrtps_c.h\n'}
[0.954745] (guardros_msgs) StdoutLine: {'line': b'-- Up-to-date symlink: /home/denis/DENIS/RollerBot23/guardros_ws/install/guardros_msgs/include/guardros_msgs/guardros_msgs/msg/detail/audio_mode__rosidl_typesupport_fastrtps_c.h\n'}
[0.954900] (guardros_msgs) StdoutLine: {'line': b'-- Up-to-date symlink: /home/denis/DENIS/RollerBot23/guardros_ws/install/guardros_msgs/include/guardros_msgs/guardros_msgs/msg/detail/battery__rosidl_typesupport_fastrtps_c.h\n'}
[0.955087] (guardros_msgs) StdoutLine: {'line': b'-- Up-to-date symlink: /home/denis/DENIS/RollerBot23/guardros_ws/install/guardros_msgs/include/guardros_msgs/guardros_msgs/msg/detail/command_state__rosidl_typesupport_fastrtps_c.h\n'}
[0.955275] (guardros_msgs) StdoutLine: {'line': b'-- Up-to-date symlink: /home/denis/DENIS/RollerBot23/guardros_ws/install/guardros_msgs/include/guardros_msgs/guardros_msgs/msg/detail/connection_status__rosidl_typesupport_fastrtps_c.h\n'}
[0.955479] (guardros_msgs) StdoutLine: {'line': b'-- Up-to-date symlink: /home/denis/DENIS/RollerBot23/guardros_ws/install/guardros_msgs/include/guardros_msgs/guardros_msgs/msg/detail/drive_status__rosidl_typesupport_fastrtps_c.h\n'}
[0.955678] (guardros_msgs) StdoutLine: {'line': b'-- Up-to-date symlink: /home/denis/DENIS/RollerBot23/guardros_ws/install/guardros_msgs/include/guardros_msgs/guardros_msgs/msg/detail/magnetometer__rosidl_typesupport_fastrtps_c.h\n'}
[0.955873] (guardros_msgs) StdoutLine: {'line': b'-- Up-to-date symlink: /home/denis/DENIS/RollerBot23/guardros_ws/install/guardros_msgs/include/guardros_msgs/guardros_msgs/msg/detail/temperatures__rosidl_typesupport_fastrtps_c.h\n'}
[0.956060] (guardros_msgs) StdoutLine: {'line': b'-- Up-to-date symlink: /home/denis/DENIS/RollerBot23/guardros_ws/install/guardros_msgs/include/guardros_msgs/guardros_msgs/msg/rosidl_typesupport_fastrtps_c__visibility_control.h\n'}
[0.956875] (guardros_msgs) StdoutLine: {'line': b'-- Up-to-date symlink: /home/denis/DENIS/RollerBot23/guardros_ws/install/guardros_msgs/include/guardros_msgs/guardros_msgs/msg/detail/audio_frame__rosidl_typesupport_introspection_c.h\n'}
[0.957070] (guardros_msgs) StdoutLine: {'line': b'-- Up-to-date symlink: /home/denis/DENIS/RollerBot23/guardros_ws/install/guardros_msgs/include/guardros_msgs/guardros_msgs/msg/detail/audio_mode__rosidl_typesupport_introspection_c.h\n'}
[0.957265] (guardros_msgs) StdoutLine: {'line': b'-- Up-to-date symlink: /home/denis/DENIS/RollerBot23/guardros_ws/install/guardros_msgs/include/guardros_msgs/guardros_msgs/msg/detail/battery__rosidl_typesupport_introspection_c.h\n'}
[0.957449] (guardros_msgs) StdoutLine: {'line': b'-- Up-to-date symlink: /home/denis/DENIS/RollerBot23/guardros_ws/install/guardros_msgs/include/guardros_msgs/guardros_msgs/msg/detail/command_state__rosidl_typesupport_introspection_c.h\n'}
[0.957644] (guardros_msgs) StdoutLine: {'line': b'-- Up-to-date symlink: /home/denis/DENIS/RollerBot23/guardros_ws/install/guardros_msgs/include/guardros_msgs/guardros_msgs/msg/detail/connection_status__rosidl_typesupport_introspection_c.h\n'}
[0.957822] (guardros_msgs) StdoutLine: {'line': b'-- Up-to-date symlink: /home/denis/DENIS/RollerBot23/guardros_ws/install/guardros_msgs/include/guardros_msgs/guardros_msgs/msg/detail/drive_status__rosidl_typesupport_introspection_c.h\n'}
[0.958013] (guardros_msgs) StdoutLine: {'line': b'-- Up-to-date symlink: /home/denis/DENIS/RollerBot23/guardros_ws/install/guardros_msgs/include/guardros_msgs/guardros_msgs/msg/detail/magnetometer__rosidl_typesupport_introspection_c.h\n'}
[0.958181] (guardros_msgs) StdoutLine: {'line': b'-- Up-to-date symlink: /home/denis/DENIS/RollerBot23/guardros_ws/install/guardros_msgs/include/guardros_msgs/guardros_msgs/msg/detail/temperatures__rosidl_typesupport_introspection_c.h\n'}
[0.958682] (guardros_msgs) StdoutLine: {'line': b'-- Up-to-date symlink: /home/denis/DENIS/RollerBot23/guardros_ws/install/guardros_msgs/include/guardros_msgs/guardros_msgs/msg/rosidl_typesupport_introspection_c__visibility_control.h\n'}
[0.959857] (guardros_msgs) StdoutLine: {'line': b'-- Up-to-date symlink: /home/denis/DENIS/RollerBot23/guardros_ws/install/guardros_msgs/include/guardros_msgs/guardros_msgs/msg/audio_frame.hpp\n'}
[0.961518] (guardros_msgs) StdoutLine: {'line': b'-- Up-to-date symlink: /home/denis/DENIS/RollerBot23/guardros_ws/install/guardros_msgs/include/guardros_msgs/guardros_msgs/msg/audio_mode.hpp\n'}
[0.961704] (guardros_msgs) StdoutLine: {'line': b'-- Up-to-date symlink: /home/denis/DENIS/RollerBot23/guardros_ws/install/guardros_msgs/include/guardros_msgs/guardros_msgs/msg/battery.hpp\n'}
[0.961831] (guardros_msgs) StdoutLine: {'line': b'-- Up-to-date symlink: /home/denis/DENIS/RollerBot23/guardros_ws/install/guardros_msgs/include/guardros_msgs/guardros_msgs/msg/command_state.hpp\n'}
[0.961995] (guardros_msgs) StdoutLine: {'line': b'-- Up-to-date symlink: /home/denis/DENIS/RollerBot23/guardros_ws/install/guardros_msgs/include/guardros_msgs/guardros_msgs/msg/connection_status.hpp\n'}
[0.962121] (guardros_msgs) StdoutLine: {'line': b'-- Up-to-date symlink: /home/denis/DENIS/RollerBot23/guardros_ws/install/guardros_msgs/include/guardros_msgs/guardros_msgs/msg/detail/audio_frame__builder.hpp\n'}
[0.962260] (guardros_msgs) StdoutLine: {'line': b'-- Up-to-date symlink: /home/denis/DENIS/RollerBot23/guardros_ws/install/guardros_msgs/include/guardros_msgs/guardros_msgs/msg/detail/audio_frame__struct.hpp\n'}
[0.962376] (guardros_msgs) StdoutLine: {'line': b'-- Up-to-date symlink: /home/denis/DENIS/RollerBot23/guardros_ws/install/guardros_msgs/include/guardros_msgs/guardros_msgs/msg/detail/audio_frame__traits.hpp\n'}
[0.962852] (guardros_msgs) StdoutLine: {'line': b'-- Up-to-date symlink: /home/denis/DENIS/RollerBot23/guardros_ws/install/guardros_msgs/include/guardros_msgs/guardros_msgs/msg/detail/audio_frame__type_support.hpp\n'}
[0.962975] (guardros_msgs) StdoutLine: {'line': b'-- Up-to-date symlink: /home/denis/DENIS/RollerBot23/guardros_ws/install/guardros_msgs/include/guardros_msgs/guardros_msgs/msg/detail/audio_mode__builder.hpp\n'}
[0.963082] (guardros_msgs) StdoutLine: {'line': b'-- Up-to-date symlink: /home/denis/DENIS/RollerBot23/guardros_ws/install/guardros_msgs/include/guardros_msgs/guardros_msgs/msg/detail/audio_mode__struct.hpp\n'}
[0.963237] (guardros_msgs) StdoutLine: {'line': b'-- Up-to-date symlink: /home/denis/DENIS/RollerBot23/guardros_ws/install/guardros_msgs/include/guardros_msgs/guardros_msgs/msg/detail/audio_mode__traits.hpp\n'}
[0.963370] (guardros_msgs) StdoutLine: {'line': b'-- Up-to-date symlink: /home/denis/DENIS/RollerBot23/guardros_ws/install/guardros_msgs/include/guardros_msgs/guardros_msgs/msg/detail/audio_mode__type_support.hpp\n'}
[0.963545] (guardros_msgs) StdoutLine: {'line': b'-- Up-to-date symlink: /home/denis/DENIS/RollerBot23/guardros_ws/install/guardros_msgs/include/guardros_msgs/guardros_msgs/msg/detail/battery__builder.hpp\n'}
[0.963663] (guardros_msgs) StdoutLine: {'line': b'-- Up-to-date symlink: /home/denis/DENIS/RollerBot23/guardros_ws/install/guardros_msgs/include/guardros_msgs/guardros_msgs/msg/detail/battery__struct.hpp\n'}
[0.963806] (guardros_msgs) StdoutLine: {'line': b'-- Up-to-date symlink: /home/denis/DENIS/RollerBot23/guardros_ws/install/guardros_msgs/include/guardros_msgs/guardros_msgs/msg/detail/battery__traits.hpp\n'}
[0.963914] (guardros_msgs) StdoutLine: {'line': b'-- Up-to-date symlink: /home/denis/DENIS/RollerBot23/guardros_ws/install/guardros_msgs/include/guardros_msgs/guardros_msgs/msg/detail/battery__type_support.hpp\n'}
[0.964064] (guardros_msgs) StdoutLine: {'line': b'-- Up-to-date symlink: /home/denis/DENIS/RollerBot23/guardros_ws/install/guardros_msgs/include/guardros_msgs/guardros_msgs/msg/detail/command_state__builder.hpp\n'}
[0.964167] (guardros_msgs) StdoutLine: {'line': b'-- Up-to-date symlink: /home/denis/DENIS/RollerBot23/guardros_ws/install/guardros_msgs/include/guardros_msgs/guardros_msgs/msg/detail/command_state__struct.hpp\n'}
[0.965449] (guardros_msgs) StdoutLine: {'line': b'-- Up-to-date symlink: /home/denis/DENIS/RollerBot23/guardros_ws/install/guardros_msgs/include/guardros_msgs/guardros_msgs/msg/detail/command_state__traits.hpp\n'}
[0.965610] (guardros_msgs) StdoutLine: {'line': b'-- Up-to-date symlink: /home/denis/DENIS/RollerBot23/guardros_ws/install/guardros_msgs/include/guardros_msgs/guardros_msgs/msg/detail/command_state__type_support.hpp\n'}
[0.965685] (guardros_msgs) StdoutLine: {'line': b'-- Up-to-date symlink: /home/denis/DENIS/RollerBot23/guardros_ws/install/guardros_msgs/include/guardros_msgs/guardros_msgs/msg/detail/connection_status__builder.hpp\n'}
[0.965747] (guardros_msgs) StdoutLine: {'line': b'-- Up-to-date symlink: /home/denis/DENIS/RollerBot23/guardros_ws/install/guardros_msgs/include/guardros_msgs/guardros_msgs/msg/detail/connection_status__struct.hpp\n'}
[0.965806] (guardros_msgs) StdoutLine: {'line': b'-- Up-to-date symlink: /home/denis/DENIS/RollerBot23/guardros_ws/install/guardros_msgs/include/guardros_msgs/guardros_msgs/msg/detail/connection_status__traits.hpp\n'}
[0.965864] (guardros_msgs) StdoutLine: {'line': b'-- Up-to-date symlink: /home/denis/DENIS/RollerBot23/guardros_ws/install/guardros_msgs/include/guardros_msgs/guardros_msgs/msg/detail/connection_status__type_support.hpp\n'}
[0.967509] (guardros_msgs) StdoutLine: {'line': b'-- Up-to-date symlink: /home/denis/DENIS/RollerBot23/guardros_ws/install/guardros_msgs/include/guardros_msgs/guardros_msgs/msg/detail/drive_status__builder.hpp\n'}
[0.969759] (guardros_msgs) StdoutLine: {'line': b'-- Up-to-date symlink: /home/denis/DENIS/RollerBot23/guardros_ws/install/guardros_msgs/include/guardros_msgs/guardros_msgs/msg/detail/drive_status__struct.hpp\n'}
[0.969878] (guardros_msgs) StdoutLine: {'line': b'-- Up-to-date symlink: /home/denis/DENIS/RollerBot23/guardros_ws/install/guardros_msgs/include/guardros_msgs/guardros_msgs/msg/detail/drive_status__traits.hpp\n'}
[0.969978] (guardros_msgs) StdoutLine: {'line': b'-- Up-to-date symlink: /home/denis/DENIS/RollerBot23/guardros_ws/install/guardros_msgs/include/guardros_msgs/guardros_msgs/msg/detail/drive_status__type_support.hpp\n'}
[0.970047] (guardros_msgs) StdoutLine: {'line': b'-- Up-to-date symlink: /home/denis/DENIS/RollerBot23/guardros_ws/install/guardros_msgs/include/guardros_msgs/guardros_msgs/msg/detail/magnetometer__builder.hpp\n'}
[0.970216] (guardros_msgs) StdoutLine: {'line': b'-- Up-to-date symlink: /home/denis/DENIS/RollerBot23/guardros_ws/install/guardros_msgs/include/guardros_msgs/guardros_msgs/msg/detail/magnetometer__struct.hpp\n'}
[0.970307] (guardros_msgs) StdoutLine: {'line': b'-- Up-to-date symlink: /home/denis/DENIS/RollerBot23/guardros_ws/install/guardros_msgs/include/guardros_msgs/guardros_msgs/msg/detail/magnetometer__traits.hpp\n'}
[0.970383] (guardros_msgs) StdoutLine: {'line': b'-- Up-to-date symlink: /home/denis/DENIS/RollerBot23/guardros_ws/install/guardros_msgs/include/guardros_msgs/guardros_msgs/msg/detail/magnetometer__type_support.hpp\n'}
[0.970474] (guardros_msgs) StdoutLine: {'line': b'-- Up-to-date symlink: /home/denis/DENIS/RollerBot23/guardros_ws/install/guardros_msgs/include/guardros_msgs/guardros_msgs/msg/detail/temperatures__builder.hpp\n'}
[0.970534] (guardros_msgs) StdoutLine: {'line': b'-- Up-to-date symlink: /home/denis/DENIS/RollerBot23/guardros_ws/install/guardros_msgs/include/guardros_msgs/guardros_msgs/msg/detail/temperatures__struct.hpp\n'}
[0.970600] (guardros_msgs) StdoutLine: {'line': b'-- Up-to-date symlink: /home/denis/DENIS/RollerBot23/guardros_ws/install/guardros_msgs/include/guardros_msgs/guardros_msgs/msg/detail/temperatures__traits.hpp\n'}
[0.970659] (guardros_msgs) StdoutLine: {'line': b'-- Up-to-date symlink: /home/denis/DENIS/RollerBot23/guardros_ws/install/guardros_msgs/include/guardros_msgs/guardros_msgs/msg/detail/temperatures__type_support.hpp\n'}
[0.970723] (guardros_msgs) StdoutLine: {'line': b'-- Up-to-date symlink: /home/denis/DENIS/RollerBot23/guardros_ws/install/guardros_msgs/include/guardros_msgs/guardros_msgs/msg/drive_status.hpp\n'}
[0.970787] (guardros_msgs) StdoutLine: {'line': b'-- Up-to-date symlink: /home/denis/DENIS/RollerBot23/guardros_ws/install/guardros_msgs/include/guardros_msgs/guardros_msgs/msg/magnetometer.hpp\n'}
[0.970846] (guardros_msgs) StdoutLine: {'line': b'-- Up-to-date symlink: /home/denis/DENIS/RollerBot23/guardros_ws/install/guardros_msgs/include/guardros_msgs/guardros_msgs/msg/rosidl_generator_cpp__visibility_control.hpp\n'}
[0.970911] (guardros_msgs) StdoutLine: {'line': b'-- Up-to-date symlink: /home/denis/DENIS/RollerBot23/guardros_ws/install/guardros_msgs/include/guardros_msgs/guardros_msgs/msg/temperatures.hpp\n'}
[0.970974] (guardros_msgs) StdoutLine: {'line': b'-- Up-to-date symlink: /home/denis/DENIS/RollerBot23/guardros_ws/install/guardros_msgs/include/guardros_msgs/guardros_msgs/msg/detail/audio_frame__rosidl_typesupport_fastrtps_cpp.hpp\n'}
[0.971477] (guardros_msgs) StdoutLine: {'line': b'-- Up-to-date symlink: /home/denis/DENIS/RollerBot23/guardros_ws/install/guardros_msgs/include/guardros_msgs/guardros_msgs/msg/detail/audio_mode__rosidl_typesupport_fastrtps_cpp.hpp\n'}
[0.971582] (guardros_msgs) StdoutLine: {'line': b'-- Up-to-date symlink: /home/denis/DENIS/RollerBot23/guardros_ws/install/guardros_msgs/include/guardros_msgs/guardros_msgs/msg/detail/battery__rosidl_typesupport_fastrtps_cpp.hpp\n'}
[0.971655] (guardros_msgs) StdoutLine: {'line': b'-- Up-to-date symlink: /home/denis/DENIS/RollerBot23/guardros_ws/install/guardros_msgs/include/guardros_msgs/guardros_msgs/msg/detail/command_state__rosidl_typesupport_fastrtps_cpp.hpp\n'}
[0.971794] (guardros_msgs) StdoutLine: {'line': b'-- Up-to-date symlink: /home/denis/DENIS/RollerBot23/guardros_ws/install/guardros_msgs/include/guardros_msgs/guardros_msgs/msg/detail/connection_status__rosidl_typesupport_fastrtps_cpp.hpp\n'}
[0.971859] (guardros_msgs) StdoutLine: {'line': b'-- Up-to-date symlink: /home/denis/DENIS/RollerBot23/guardros_ws/install/guardros_msgs/include/guardros_msgs/guardros_msgs/msg/detail/drive_status__rosidl_typesupport_fastrtps_cpp.hpp\n'}
[0.971924] (guardros_msgs) StdoutLine: {'line': b'-- Up-to-date symlink: /home/denis/DENIS/RollerBot23/guardros_ws/install/guardros_msgs/include/guardros_msgs/guardros_msgs/msg/detail/magnetometer__rosidl_typesupport_fastrtps_cpp.hpp\n'}
[0.971995] (guardros_msgs) StdoutLine: {'line': b'-- Up-to-date symlink: /home/denis/DENIS/RollerBot23/guardros_ws/install/guardros_msgs/include/guardros_msgs/guardros_msgs/msg/detail/temperatures__rosidl_typesupport_fastrtps_cpp.hpp\n'}
[0.972119] (guardros_msgs) StdoutLine: {'line': b'-- Up-to-date symlink: /home/denis/DENIS/RollerBot23/guardros_ws/install/guardros_msgs/include/guardros_msgs/guardros_msgs/msg/rosidl_typesupport_fastrtps_cpp__visibility_control.h\n'}
[0.972755] (guardros_msgs) StdoutLine: {'line': b'-- Up-to-date symlink: /home/denis/DENIS/RollerBot23/guardros_ws/install/guardros_msgs/include/guardros_msgs/guardros_msgs/msg/detail/audio_frame__rosidl_typesupport_introspection_cpp.hpp\n'}
[0.972989] (guardros_msgs) StdoutLine: {'line': b'-- Up-to-date symlink: /home/denis/DENIS/RollerBot23/guardros_ws/install/guardros_msgs/include/guardros_msgs/guardros_msgs/msg/detail/audio_mode__rosidl_typesupport_introspection_cpp.hpp\n'}
[0.973189] (guardros_msgs) StdoutLine: {'line': b'-- Up-to-date symlink: /home/denis/DENIS/RollerBot23/guardros_ws/install/guardros_msgs/include/guardros_msgs/guardros_msgs/msg/detail/battery__rosidl_typesupport_introspection_cpp.hpp\n'}
[0.973351] (guardros_msgs) StdoutLine: {'line': b'-- Up-to-date symlink: /home/denis/DENIS/RollerBot23/guardros_ws/install/guardros_msgs/include/guardros_msgs/guardros_msgs/msg/detail/command_state__rosidl_typesupport_introspection_cpp.hpp\n'}
[0.973558] (guardros_msgs) StdoutLine: {'line': b'-- Up-to-date symlink: /home/denis/DENIS/RollerBot23/guardros_ws/install/guardros_msgs/include/guardros_msgs/guardros_msgs/msg/detail/connection_status__rosidl_typesupport_introspection_cpp.hpp\n'}
[0.973761] (guardros_msgs) StdoutLine: {'line': b'-- Up-to-date symlink: /home/denis/DENIS/RollerBot23/guardros_ws/install/guardros_msgs/include/guardros_msgs/guardros_msgs/msg/detail/drive_status__rosidl_typesupport_introspection_cpp.hpp\n'}
[0.973960] (guardros_msgs) StdoutLine: {'line': b'-- Up-to-date symlink: /home/denis/DENIS/RollerBot23/guardros_ws/install/guardros_msgs/include/guardros_msgs/guardros_msgs/msg/detail/magnetometer__rosidl_typesupport_introspection_cpp.hpp\n'}
[0.974158] (guardros_msgs) StdoutLine: {'line': b'-- Up-to-date symlink: /home/denis/DENIS/RollerBot23/guardros_ws/install/guardros_msgs/include/guardros_msgs/guardros_msgs/msg/detail/temperatures__rosidl_typesupport_introspection_cpp.hpp\n'}
[0.974488] (guardros_msgs) StdoutLine: {'line': b'-- Up-to-date symlink: /home/denis/DENIS/RollerBot23/guardros_ws/install/guardros_msgs/share/guardros_msgs/environment/pythonpath.sh\n'}
[0.974709] (guardros_msgs) StdoutLine: {'line': b'-- Up-to-date symlink: /home/denis/DENIS/RollerBot23/guardros_ws/install/guardros_msgs/share/guardros_msgs/environment/pythonpath.dsv\n'}
[0.975230] (guardros_msgs) StdoutLine: {'line': b'-- Up-to-date symlink: /home/denis/DENIS/RollerBot23/guardros_ws/install/guardros_msgs/local/lib/python3.10/dist-packages/guardros_msgs-0.0.0-py3.10.egg-info/PKG-INFO\n'}
[0.975473] (guardros_msgs) StdoutLine: {'line': b'-- Up-to-date symlink: /home/denis/DENIS/RollerBot23/guardros_ws/install/guardros_msgs/local/lib/python3.10/dist-packages/guardros_msgs-0.0.0-py3.10.egg-info/SOURCES.txt\n'}
[0.975667] (guardros_msgs) StdoutLine: {'line': b'-- Up-to-date symlink: /home/denis/DENIS/RollerBot23/guardros_ws/install/guardros_msgs/local/lib/python3.10/dist-packages/guardros_msgs-0.0.0-py3.10.egg-info/dependency_links.txt\n'}
[0.975832] (guardros_msgs) StdoutLine: {'line': b'-- Up-to-date symlink: /home/denis/DENIS/RollerBot23/guardros_ws/install/guardros_msgs/local/lib/python3.10/dist-packages/guardros_msgs-0.0.0-py3.10.egg-info/top_level.txt\n'}
[0.977310] (guardros_msgs) StdoutLine: {'line': b'-- Up-to-date symlink: /home/denis/DENIS/RollerBot23/guardros_ws/install/guardros_msgs/local/lib/python3.10/dist-packages/guardros_msgs/__init__.py\n'}
[0.977511] (guardros_msgs) StdoutLine: {'line': b'-- Up-to-date symlink: /home/denis/DENIS/RollerBot23/guardros_ws/install/guardros_msgs/local/lib/python3.10/dist-packages/guardros_msgs/_guardros_msgs_s.ep.rosidl_typesupport_c.c\n'}
[0.977735] (guardros_msgs) StdoutLine: {'line': b'-- Up-to-date symlink: /home/denis/DENIS/RollerBot23/guardros_ws/install/guardros_msgs/local/lib/python3.10/dist-packages/guardros_msgs/_guardros_msgs_s.ep.rosidl_typesupport_fastrtps_c.c\n'}
[0.977924] (guardros_msgs) StdoutLine: {'line': b'-- Up-to-date symlink: /home/denis/DENIS/RollerBot23/guardros_ws/install/guardros_msgs/local/lib/python3.10/dist-packages/guardros_msgs/_guardros_msgs_s.ep.rosidl_typesupport_introspection_c.c\n'}
[0.978092] (guardros_msgs) StdoutLine: {'line': b'-- Up-to-date symlink: /home/denis/DENIS/RollerBot23/guardros_ws/install/guardros_msgs/local/lib/python3.10/dist-packages/guardros_msgs/guardros_msgs_s__rosidl_typesupport_c.cpython-310-x86_64-linux-gnu.so\n'}
[0.978287] (guardros_msgs) StdoutLine: {'line': b'-- Up-to-date symlink: /home/denis/DENIS/RollerBot23/guardros_ws/install/guardros_msgs/local/lib/python3.10/dist-packages/guardros_msgs/guardros_msgs_s__rosidl_typesupport_fastrtps_c.cpython-310-x86_64-linux-gnu.so\n'}
[0.978487] (guardros_msgs) StdoutLine: {'line': b'-- Up-to-date symlink: /home/denis/DENIS/RollerBot23/guardros_ws/install/guardros_msgs/local/lib/python3.10/dist-packages/guardros_msgs/guardros_msgs_s__rosidl_typesupport_introspection_c.cpython-310-x86_64-linux-gnu.so\n'}
[0.978701] (guardros_msgs) StdoutLine: {'line': b'-- Up-to-date symlink: /home/denis/DENIS/RollerBot23/guardros_ws/install/guardros_msgs/local/lib/python3.10/dist-packages/guardros_msgs/libguardros_msgs__rosidl_generator_py.so\n'}
[0.978877] (guardros_msgs) StdoutLine: {'line': b'-- Up-to-date symlink: /home/denis/DENIS/RollerBot23/guardros_ws/install/guardros_msgs/local/lib/python3.10/dist-packages/guardros_msgs/msg/__init__.py\n'}
[0.979076] (guardros_msgs) StdoutLine: {'line': b'-- Up-to-date symlink: /home/denis/DENIS/RollerBot23/guardros_ws/install/guardros_msgs/local/lib/python3.10/dist-packages/guardros_msgs/msg/_audio_frame.py\n'}
[0.979337] (guardros_msgs) StdoutLine: {'line': b'-- Up-to-date symlink: /home/denis/DENIS/RollerBot23/guardros_ws/install/guardros_msgs/local/lib/python3.10/dist-packages/guardros_msgs/msg/_audio_frame_s.c\n'}
[0.980093] (guardros_msgs) StdoutLine: {'line': b'-- Up-to-date symlink: /home/denis/DENIS/RollerBot23/guardros_ws/install/guardros_msgs/local/lib/python3.10/dist-packages/guardros_msgs/msg/_audio_mode.py\n'}
[0.980403] (guardros_msgs) StdoutLine: {'line': b'-- Up-to-date symlink: /home/denis/DENIS/RollerBot23/guardros_ws/install/guardros_msgs/local/lib/python3.10/dist-packages/guardros_msgs/msg/_audio_mode_s.c\n'}
[0.980602] (guardros_msgs) StdoutLine: {'line': b'-- Up-to-date symlink: /home/denis/DENIS/RollerBot23/guardros_ws/install/guardros_msgs/local/lib/python3.10/dist-packages/guardros_msgs/msg/_battery.py\n'}
[0.980806] (guardros_msgs) StdoutLine: {'line': b'-- Up-to-date symlink: /home/denis/DENIS/RollerBot23/guardros_ws/install/guardros_msgs/local/lib/python3.10/dist-packages/guardros_msgs/msg/_battery_s.c\n'}
[0.981040] (guardros_msgs) StdoutLine: {'line': b'-- Up-to-date symlink: /home/denis/DENIS/RollerBot23/guardros_ws/install/guardros_msgs/local/lib/python3.10/dist-packages/guardros_msgs/msg/_command_state.py\n'}
[0.981199] (guardros_msgs) StdoutLine: {'line': b'-- Up-to-date symlink: /home/denis/DENIS/RollerBot23/guardros_ws/install/guardros_msgs/local/lib/python3.10/dist-packages/guardros_msgs/msg/_command_state_s.c\n'}
[0.981396] (guardros_msgs) StdoutLine: {'line': b'-- Up-to-date symlink: /home/denis/DENIS/RollerBot23/guardros_ws/install/guardros_msgs/local/lib/python3.10/dist-packages/guardros_msgs/msg/_connection_status.py\n'}
[0.981595] (guardros_msgs) StdoutLine: {'line': b'-- Up-to-date symlink: /home/denis/DENIS/RollerBot23/guardros_ws/install/guardros_msgs/local/lib/python3.10/dist-packages/guardros_msgs/msg/_connection_status_s.c\n'}
[0.981794] (guardros_msgs) StdoutLine: {'line': b'-- Up-to-date symlink: /home/denis/DENIS/RollerBot23/guardros_ws/install/guardros_msgs/local/lib/python3.10/dist-packages/guardros_msgs/msg/_drive_status.py\n'}
[0.982014] (guardros_msgs) StdoutLine: {'line': b'-- Up-to-date symlink: /home/denis/DENIS/RollerBot23/guardros_ws/install/guardros_msgs/local/lib/python3.10/dist-packages/guardros_msgs/msg/_drive_status_s.c\n'}
[0.982200] (guardros_msgs) StdoutLine: {'line': b'-- Up-to-date symlink: /home/denis/DENIS/RollerBot23/guardros_ws/install/guardros_msgs/local/lib/python3.10/dist-packages/guardros_msgs/msg/_magnetometer.py\n'}
[0.982399] (guardros_msgs) StdoutLine: {'line': b'-- Up-to-date symlink: /home/denis/DENIS/RollerBot23/guardros_ws/install/guardros_msgs/local/lib/python3.10/dist-packages/guardros_msgs/msg/_magnetometer_s.c\n'}
[0.982587] (guardros_msgs) StdoutLine: {'line': b'-- Up-to-date symlink: /home/denis/DENIS/RollerBot23/guardros_ws/install/guardros_msgs/local/lib/python3.10/dist-packages/guardros_msgs/msg/_temperatures.py\n'}
[0.982779] (guardros_msgs) StdoutLine: {'line': b'-- Up-to-date symlink: /home/denis/DENIS/RollerBot23/guardros_ws/install/guardros_msgs/local/lib/python3.10/dist-packages/guardros_msgs/msg/_temperatures_s.c\n'}
[0.983256] (guardros_msgs) StdoutLine: {'line': b'-- Up-to-date symlink: /home/denis/DENIS/RollerBot23/guardros_ws/install/guardros_msgs/local/lib/python3.10/dist-packages/guardros_msgs/guardros_msgs_s__rosidl_typesupport_fastrtps_c.cpython-310-x86_64-linux-gnu.so\n'}
[0.983644] (guardros_msgs) StdoutLine: {'line': b'-- Up-to-date symlink: /home/denis/DENIS/RollerBot23/guardros_ws/install/guardros_msgs/local/lib/python3.10/dist-packages/guardros_msgs/guardros_msgs_s__rosidl_typesupport_introspection_c.cpython-310-x86_64-linux-gnu.so\n'}
[0.984080] (guardros_msgs) StdoutLine: {'line': b'-- Up-to-date symlink: /home/denis/DENIS/RollerBot23/guardros_ws/install/guardros_msgs/local/lib/python3.10/dist-packages/guardros_msgs/guardros_msgs_s__rosidl_typesupport_c.cpython-310-x86_64-linux-gnu.so\n'}
[0.984329] (guardros_msgs) StdoutLine: {'line': b'-- Up-to-date symlink: /home/denis/DENIS/RollerBot23/guardros_ws/install/guardros_msgs/share/guardros_msgs/msg/Battery.idl\n'}
[0.984646] (guardros_msgs) StdoutLine: {'line': b'-- Up-to-date symlink: /home/denis/DENIS/RollerBot23/guardros_ws/install/guardros_msgs/share/guardros_msgs/msg/Temperatures.idl\n'}
[0.984908] (guardros_msgs) StdoutLine: {'line': b'-- Up-to-date symlink: /home/denis/DENIS/RollerBot23/guardros_ws/install/guardros_msgs/share/guardros_msgs/msg/DriveStatus.idl\n'}
[0.985164] (guardros_msgs) StdoutLine: {'line': b'-- Up-to-date symlink: /home/denis/DENIS/RollerBot23/guardros_ws/install/guardros_msgs/share/guardros_msgs/msg/Magnetometer.idl\n'}
[0.985402] (guardros_msgs) StdoutLine: {'line': b'-- Up-to-date symlink: /home/denis/DENIS/RollerBot23/guardros_ws/install/guardros_msgs/share/guardros_msgs/msg/ConnectionStatus.idl\n'}
[0.985702] (guardros_msgs) StdoutLine: {'line': b'-- Up-to-date symlink: /home/denis/DENIS/RollerBot23/guardros_ws/install/guardros_msgs/share/guardros_msgs/msg/CommandState.idl\n'}
[0.985935] (guardros_msgs) StdoutLine: {'line': b'-- Up-to-date symlink: /home/denis/DENIS/RollerBot23/guardros_ws/install/guardros_msgs/share/guardros_msgs/msg/AudioFrame.idl\n'}
[0.986233] (guardros_msgs) StdoutLine: {'line': b'-- Up-to-date symlink: /home/denis/DENIS/RollerBot23/guardros_ws/install/guardros_msgs/share/guardros_msgs/msg/AudioMode.idl\n'}
[0.986501] (guardros_msgs) StdoutLine: {'line': b'-- Up-to-date symlink: /home/denis/DENIS/RollerBot23/guardros_ws/install/guardros_msgs/share/guardros_msgs/msg/Battery.msg\n'}
[0.986766] (guardros_msgs) StdoutLine: {'line': b'-- Up-to-date symlink: /home/denis/DENIS/RollerBot23/guardros_ws/install/guardros_msgs/share/guardros_msgs/msg/Temperatures.msg\n'}
[0.986984] (guardros_msgs) StdoutLine: {'line': b'-- Up-to-date symlink: /home/denis/DENIS/RollerBot23/guardros_ws/install/guardros_msgs/share/guardros_msgs/msg/DriveStatus.msg\n'}
[0.987241] (guardros_msgs) StdoutLine: {'line': b'-- Up-to-date symlink: /home/denis/DENIS/RollerBot23/guardros_ws/install/guardros_msgs/share/guardros_msgs/msg/Magnetometer.msg\n'}
[0.987554] (guardros_msgs) StdoutLine: {'line': b'-- Up-to-date symlink: /home/denis/DENIS/RollerBot23/guardros_ws/install/guardros_msgs/share/guardros_msgs/msg/ConnectionStatus.msg\n'}
[0.987809] (guardros_msgs) StdoutLine: {'line': b'-- Up-to-date symlink: /home/denis/DENIS/RollerBot23/guardros_ws/install/guardros_msgs/share/guardros_msgs/msg/CommandState.msg\n'}
[0.988068] (guardros_msgs) StdoutLine: {'line': b'-- Up-to-date symlink: /home/denis/DENIS/RollerBot23/guardros_ws/install/guardros_msgs/share/guardros_msgs/msg/AudioFrame.msg\n'}
[0.988330] (guardros_msgs) StdoutLine: {'line': b'-- Up-to-date symlink: /home/denis/DENIS/RollerBot23/guardros_ws/install/guardros_msgs/share/guardros_msgs/msg/AudioMode.msg\n'}
[0.988617] (guardros_msgs) StdoutLine: {'line': b'-- Up-to-date symlink: /home/denis/DENIS/RollerBot23/guardros_ws/install/guardros_msgs/share/ament_index/resource_index/package_run_dependencies/guardros_msgs\n'}
[0.988901] (guardros_msgs) StdoutLine: {'line': b'-- Up-to-date symlink: /home/denis/DENIS/RollerBot23/guardros_ws/install/guardros_msgs/share/ament_index/resource_index/parent_prefix_path/guardros_msgs\n'}
[0.989154] (guardros_msgs) StdoutLine: {'line': b'-- Up-to-date symlink: /home/denis/DENIS/RollerBot23/guardros_ws/install/guardros_msgs/share/guardros_msgs/environment/ament_prefix_path.sh\n'}
[0.989397] (guardros_msgs) StdoutLine: {'line': b'-- Up-to-date symlink: /home/denis/DENIS/RollerBot23/guardros_ws/install/guardros_msgs/share/guardros_msgs/environment/ament_prefix_path.dsv\n'}
[0.989673] (guardros_msgs) StdoutLine: {'line': b'-- Up-to-date symlink: /home/denis/DENIS/RollerBot23/guardros_ws/install/guardros_msgs/share/guardros_msgs/environment/path.sh\n'}
[0.989925] (guardros_msgs) StdoutLine: {'line': b'-- Up-to-date symlink: /home/denis/DENIS/RollerBot23/guardros_ws/install/guardros_msgs/share/guardros_msgs/environment/path.dsv\n'}
[0.990204] (guardros_msgs) StdoutLine: {'line': b'-- Up-to-date symlink: /home/denis/DENIS/RollerBot23/guardros_ws/install/guardros_msgs/share/guardros_msgs/local_setup.bash\n'}
[0.990486] (guardros_msgs) StdoutLine: {'line': b'-- Up-to-date symlink: /home/denis/DENIS/RollerBot23/guardros_ws/install/guardros_msgs/share/guardros_msgs/local_setup.sh\n'}
[0.990740] (guardros_msgs) StdoutLine: {'line': b'-- Up-to-date symlink: /home/denis/DENIS/RollerBot23/guardros_ws/install/guardros_msgs/share/guardros_msgs/local_setup.zsh\n'}
[0.990970] (guardros_msgs) StdoutLine: {'line': b'-- Up-to-date symlink: /home/denis/DENIS/RollerBot23/guardros_ws/install/guardros_msgs/share/guardros_msgs/local_setup.dsv\n'}
[0.991154] (guardros_msgs) StdoutLine: {'line': b'-- Symlinking: /home/denis/DENIS/RollerBot23/guardros_ws/install/guardros_msgs/share/guardros_msgs/package.dsv\n'}
[1.001772] (-) TimerEvent: {}
[1.002502] (guardros_msgs) StdoutLine: {'line': b'-- Up-to-date symlink: /home/denis/DENIS/RollerBot23/guardros_ws/install/guardros_msgs/share/ament_index/resource_index/packages/guardros_msgs\n'}
[1.002636] (guardros_msgs) StdoutLine: {'line': b'-- Up-to-date symlink: /home/denis/DENIS/RollerBot23/guardros_ws/install/guardros_msgs/share/guardros_msgs/cmake/rosidl_cmake-extras.cmake\n'}
[1.002730] (guardros_msgs) StdoutLine: {'line': b'-- Up-to-date symlink: /home/denis/DENIS/RollerBot23/guardros_ws/install/guardros_msgs/share/guardros_msgs/cmake/ament_cmake_export_include_directories-extras.cmake\n'}
[1.002812] (guardros_msgs) StdoutLine: {'line': b'-- Up-to-date symlink: /home/denis/DENIS/RollerBot23/guardros_ws/install/guardros_msgs/share/guardros_msgs/cmake/ament_cmake_export_libraries-extras.cmake\n'}
[1.002891] (guardros_msgs) StdoutLine: {'line': b'-- Up-to-date symlink: /home/denis/DENIS/RollerBot23/guardros_ws/install/guardros_msgs/share/guardros_msgs/cmake/ament_cmake_export_targets-extras.cmake\n'}
[1.002967] (guardros_msgs) StdoutLine: {'line': b'-- Up-to-date symlink: /home/denis/DENIS/RollerBot23/guardros_ws/install/guardros_msgs/share/guardros_msgs/cmake/rosidl_cmake_export_typesupport_targets-extras.cmake\n'}
[1.003044] (guardros_msgs) StdoutLine: {'line': b'-- Up-to-date symlink: /home/denis/DENIS/RollerBot23/guardros_ws/install/guardros_msgs/share/guardros_msgs/cmake/ament_cmake_export_dependencies-extras.cmake\n'}
[1.003120] (guardros_msgs) StdoutLine: {'line': b'-- Up-to-date symlink: /home/denis/DENIS/RollerBot23/guardros_ws/install/guardros_msgs/share/guardros_msgs/cmake/rosidl_cmake_export_typesupport_libraries-extras.cmake\n'}
[1.003237] (guardros_msgs) StdoutLine: {'line': b'-- Up-to-date symlink: /home/denis/DENIS/RollerBot23/guardros_ws/install/guardros_msgs/share/guardros_msgs/cmake/guardros_msgsConfig.cmake\n'}
[1.003305] (guardros_msgs) StdoutLine: {'line': b'-- Up-to-date symlink: /home/denis/DENIS/RollerBot23/guardros_ws/install/guardros_msgs/share/guardros_msgs/cmake/guardros_msgsConfig-version.cmake\n'}
[1.003363] (guardros_msgs) StdoutLine: {'line': b'-- Up-to-date symlink: /home/denis/DENIS/RollerBot23/guardros_ws/install/guardros_msgs/share/guardros_msgs/package.xml\n'}
[1.003434] (guardros_msgs) StdoutLine: {'line': b'-- Up-to-date: /home/denis/DENIS/RollerBot23/guardros_ws/install/guardros_msgs/lib/libguardros_msgs__rosidl_generator_c.so\n'}
[1.003530] (guardros_msgs) StdoutLine: {'line': b'-- Up-to-date: /home/denis/DENIS/RollerBot23/guardros_ws/install/guardros_msgs/lib/libguardros_msgs__rosidl_typesupport_fastrtps_c.so\n'}
[1.003595] (guardros_msgs) StdoutLine: {'line': b'-- Up-to-date: /home/denis/DENIS/RollerBot23/guardros_ws/install/guardros_msgs/lib/libguardros_msgs__rosidl_typesupport_introspection_c.so\n'}
[1.003896] (guardros_msgs) StdoutLine: {'line': b'-- Up-to-date: /home/denis/DENIS/RollerBot23/guardros_ws/install/guardros_msgs/lib/libguardros_msgs__rosidl_typesupport_c.so\n'}
[1.004291] (guardros_msgs) StdoutLine: {'line': b'-- Up-to-date: /home/denis/DENIS/RollerBot23/guardros_ws/install/guardros_msgs/lib/libguardros_msgs__rosidl_typesupport_fastrtps_cpp.so\n'}
[1.004758] (guardros_msgs) StdoutLine: {'line': b'-- Up-to-date: /home/denis/DENIS/RollerBot23/guardros_ws/install/guardros_msgs/lib/libguardros_msgs__rosidl_typesupport_introspection_cpp.so\n'}
[1.005158] (guardros_msgs) StdoutLine: {'line': b'-- Up-to-date: /home/denis/DENIS/RollerBot23/guardros_ws/install/guardros_msgs/lib/libguardros_msgs__rosidl_typesupport_cpp.so\n'}
[1.047717] (guardros_msgs) StdoutLine: {'line': b"Listing '/home/denis/DENIS/RollerBot23/guardros_ws/install/guardros_msgs/local/lib/python3.10/dist-packages/guardros_msgs'...\n"}
[1.047983] (guardros_msgs) StdoutLine: {'line': b"Listing '/home/denis/DENIS/RollerBot23/guardros_ws/install/guardros_msgs/local/lib/python3.10/dist-packages/guardros_msgs/msg'...\n"}
[1.055101] (guardros_msgs) StdoutLine: {'line': b'-- Up-to-date: /home/denis/DENIS/RollerBot23/guardros_ws/install/guardros_msgs/lib/libguardros_msgs__rosidl_generator_py.so\n'}
[1.055402] (guardros_msgs) StdoutLine: {'line': b'-- Up-to-date: /home/denis/DENIS/RollerBot23/guardros_ws/install/guardros_msgs/share/guardros_msgs/cmake/export_guardros_msgs__rosidl_generator_cExport.cmake\n'}
[1.055526] (guardros_msgs) StdoutLine: {'line': b'-- Up-to-date: /home/denis/DENIS/RollerBot23/guardros_ws/install/guardros_msgs/share/guardros_msgs/cmake/export_guardros_msgs__rosidl_generator_cExport-noconfig.cmake\n'}
[1.055708] (guardros_msgs) StdoutLine: {'line': b'-- Up-to-date: /home/denis/DENIS/RollerBot23/guardros_ws/install/guardros_msgs/share/guardros_msgs/cmake/export_guardros_msgs__rosidl_typesupport_fastrtps_cExport.cmake\n'}
[1.055852] (guardros_msgs) StdoutLine: {'line': b'-- Up-to-date: /home/denis/DENIS/RollerBot23/guardros_ws/install/guardros_msgs/share/guardros_msgs/cmake/export_guardros_msgs__rosidl_typesupport_fastrtps_cExport-noconfig.cmake\n'}
[1.055958] (guardros_msgs) StdoutLine: {'line': b'-- Up-to-date: /home/denis/DENIS/RollerBot23/guardros_ws/install/guardros_msgs/share/guardros_msgs/cmake/guardros_msgs__rosidl_typesupport_introspection_cExport.cmake\n'}
[1.056063] (guardros_msgs) StdoutLine: {'line': b'-- Up-to-date: /home/denis/DENIS/RollerBot23/guardros_ws/install/guardros_msgs/share/guardros_msgs/cmake/guardros_msgs__rosidl_typesupport_introspection_cExport-noconfig.cmake\n'}
[1.056164] (guardros_msgs) StdoutLine: {'line': b'-- Up-to-date: /home/denis/DENIS/RollerBot23/guardros_ws/install/guardros_msgs/share/guardros_msgs/cmake/guardros_msgs__rosidl_typesupport_cExport.cmake\n'}
[1.056277] (guardros_msgs) StdoutLine: {'line': b'-- Up-to-date: /home/denis/DENIS/RollerBot23/guardros_ws/install/guardros_msgs/share/guardros_msgs/cmake/guardros_msgs__rosidl_typesupport_cExport-noconfig.cmake\n'}
[1.056411] (guardros_msgs) StdoutLine: {'line': b'-- Up-to-date: /home/denis/DENIS/RollerBot23/guardros_ws/install/guardros_msgs/share/guardros_msgs/cmake/export_guardros_msgs__rosidl_generator_cppExport.cmake\n'}
[1.056567] (guardros_msgs) StdoutLine: {'line': b'-- Up-to-date: /home/denis/DENIS/RollerBot23/guardros_ws/install/guardros_msgs/share/guardros_msgs/cmake/export_guardros_msgs__rosidl_typesupport_fastrtps_cppExport.cmake\n'}
[1.056674] (guardros_msgs) StdoutLine: {'line': b'-- Up-to-date: /home/denis/DENIS/RollerBot23/guardros_ws/install/guardros_msgs/share/guardros_msgs/cmake/export_guardros_msgs__rosidl_typesupport_fastrtps_cppExport-noconfig.cmake\n'}
[1.056811] (guardros_msgs) StdoutLine: {'line': b'-- Up-to-date: /home/denis/DENIS/RollerBot23/guardros_ws/install/guardros_msgs/share/guardros_msgs/cmake/guardros_msgs__rosidl_typesupport_introspection_cppExport.cmake\n'}
[1.056925] (guardros_msgs) StdoutLine: {'line': b'-- Up-to-date: /home/denis/DENIS/RollerBot23/guardros_ws/install/guardros_msgs/share/guardros_msgs/cmake/guardros_msgs__rosidl_typesupport_introspection_cppExport-noconfig.cmake\n'}
[1.057048] (guardros_msgs) StdoutLine: {'line': b'-- Up-to-date: /home/denis/DENIS/RollerBot23/guardros_ws/install/guardros_msgs/share/guardros_msgs/cmake/guardros_msgs__rosidl_typesupport_cppExport.cmake\n'}
[1.057167] (guardros_msgs) StdoutLine: {'line': b'-- Up-to-date: /home/denis/DENIS/RollerBot23/guardros_ws/install/guardros_msgs/share/guardros_msgs/cmake/guardros_msgs__rosidl_typesupport_cppExport-noconfig.cmake\n'}
[1.057290] (guardros_msgs) StdoutLine: {'line': b'-- Up-to-date: /home/denis/DENIS/RollerBot23/guardros_ws/install/guardros_msgs/share/guardros_msgs/cmake/export_guardros_msgs__rosidl_generator_pyExport.cmake\n'}
[1.057405] (guardros_msgs) StdoutLine: {'line': b'-- Up-to-date: /home/denis/DENIS/RollerBot23/guardros_ws/install/guardros_msgs/share/guardros_msgs/cmake/export_guardros_msgs__rosidl_generator_pyExport-noconfig.cmake\n'}
[1.060252] (guardros_msgs) CommandEnded: {'returncode': 0}
[1.098489] (guardros_msgs) JobEnded: {'identifier': 'guardros_msgs', 'rc': 0}
[1.099440] (rb23_audio) JobStarted: {'identifier': 'rb23_audio'}
[1.101869] (-) TimerEvent: {}
[1.106206] (rb23_telemetry_viewer) JobStarted: {'identifier': 'rb23_telemetry_viewer'}
[1.201969] (-) TimerEvent: {}
[1.302271] (-) TimerEvent: {}
[1.402558] (-) TimerEvent: {}
[1.502957] (-) TimerEvent: {}
[1.603310] (-) TimerEvent: {}
[1.703568] (-) TimerEvent: {}
[1.803847] (-) TimerEvent: {}
[1.883604] (rb23_ros_driver) Command: {'cmd': ['/usr/bin/python3', '-W', 'ignore:setup.py install is deprecated', '-W', 'ignore:easy_install command is deprecated', 'setup.py', 'develop', '--editable', '--build-directory', '/home/denis/DENIS/RollerBot23/guardros_ws/build/rb23_ros_driver/build', '--no-deps', 'symlink_data'], 'cwd': '/home/denis/DENIS/RollerBot23/guardros_ws/build/rb23_ros_driver', 'env': {'PYTHON_BASIC_REPL': '1', 'LESSOPEN': '| /usr/bin/lesspipe %s', 'LANGUAGE': 'pt_BR:pt:en', 'USER': 'denis', 'FONTCONFIG_PATH': '/etc/fonts', 'GIO_MODULE_DIR': '/home/denis/snap/code/common/.cache/gio-modules', 'XDG_SESSION_TYPE': 'wayland', 'GIT_ASKPASS': '/snap/code/230/usr/share/code/resources/app/extensions/git/dist/askpass.sh', 'GTK_EXE_PREFIX_VSCODE_SNAP_ORIG': '', 'IGNITION_VERSION': 'citadel', 'GDK_BACKEND_VSCODE_SNAP_ORIG': '', 'SHLVL': '2', 'LD_LIBRARY_PATH': '/opt/ros/humble/opt/rviz_ogre_vendor/lib:/opt/ros/humble/lib/x86_64-linux-gnu:/opt/ros/humble/lib', 'HOME': '/home/denis', 'CHROME_DESKTOP': 'code.desktop', 'LOCPATH_VSCODE_SNAP_ORIG': '', 'OLDPWD': '/home/denis/DENIS/RollerBot23/guardros_ws/src', 'TERM_PROGRAM_VERSION': '1.112.0', 'DESKTOP_SESSION': 'ubuntu', 'GTK_PATH': '/snap/code/230/usr/lib/x86_64-linux-gnu/gtk-3.0', 'XDG_DATA_HOME_VSCODE_SNAP_ORIG': '', 'GTK_IM_MODULE_FILE': '/home/denis/snap/code/common/.cache/immodules/immodules.cache', 'ROS_PYTHON_VERSION': '3', 'GNOME_SHELL_SESSION_MODE': 'ubuntu', 'GTK_MODULES': 'gail:atk-bridge', 'GSETTINGS_SCHEMA_DIR_VSCODE_SNAP_ORIG': '', 'VSCODE_GIT_ASKPASS_MAIN': '/snap/code/230/usr/share/code/resources/app/extensions/git/dist/askpass-main.js', 'VSCODE_GIT_ASKPASS_NODE': '/snap/code/230/usr/share/code/code', 'PYDEVD_DISABLE_FILE_VALIDATION': '1', 'SYSTEMD_EXEC_PID': '1840', 'BUNDLED_DEBUGPY_PATH': '/home/denis/.vscode/extensions/ms-python.debugpy-2025.18.0-linux-x64/bundled/libs/debugpy', 'VSCODE_PYTHON_AUTOACTIVATE_GUARD': '1', 'DBUS_SESSION_BUS_ADDRESS': 'unix:path=/run/user/1000/bus', 'COLORTERM': 'truecolor', 'IM_CONFIG_PHASE': '1', 'WAYLAND_DISPLAY': 'wayland-0', 'ROS_DISTRO': 'humble', 'LOGNAME': 'denis', '_': '/usr/bin/colcon', 'ROS_VERSION': '2', 'XDG_CONFIG_DIRS_VSCODE_SNAP_ORIG': '/etc/xdg/xdg-ubuntu:/etc/xdg', 'XDG_SESSION_CLASS': 'user', 'XDG_DATA_DIRS_VSCODE_SNAP_ORIG': '/usr/share/ubuntu:/usr/local/share/:/usr/share/:/var/lib/snapd/desktop', 'USERNAME': 'denis', 'TERM': 'xterm-256color', 'GNOME_DESKTOP_SESSION_ID': 'this-is-deprecated', 'FC_FONTATIONS': '1', 'ROS_LOCALHOST_ONLY': '0', 'PATH': '/opt/ros/humble/bin:/usr/local/sbin:/usr/local/bin:/usr/sbin:/usr/bin:/sbin:/bin:/usr/games:/usr/local/games:/snap/bin:/snap/bin:/home/denis/.vscode/extensions/ms-python.debugpy-2025.18.0-linux-x64/bundled/scripts/noConfigScripts', 'SESSION_MANAGER': 'local/denis-Aspire-A515-54G:@/tmp/.ICE-unix/1611,unix/denis-Aspire-A515-54G:/tmp/.ICE-unix/1611', 'GTK_EXE_PREFIX': '/snap/code/230/usr', 'XDG_MENU_PREFIX': 'gnome-', 'GNOME_TERMINAL_SCREEN': '/org/gnome/Terminal/screen/44c58e84_9c4f_47c9_9eaa_2b824b20a3ff', 'GNOME_SETUP_DISPLAY': ':1', 'XDG_RUNTIME_DIR': '/run/user/1000', 'GDK_BACKEND': 'x11', 'DISPLAY': ':0', 'LOCPATH': '/snap/code/230/usr/lib/locale', 'VSCODE_DEBUGPY_ADAPTER_ENDPOINTS': '/home/denis/.vscode/extensions/ms-python.debugpy-2025.18.0-linux-x64/.noConfigDebugAdapterEndpoints/endpoint-34710e7746cf2fe7.txt', 'LANG': 'pt_BR.UTF-8', 'XDG_CURRENT_DESKTOP': 'ubuntu:GNOME', 'PYTHONSTARTUP': '/home/denis/.config/Code/User/workspaceStorage/df2967002095e09e96d32d7293e245d6/ms-python.python/pythonrc.py', 'GIO_MODULE_DIR_VSCODE_SNAP_ORIG': '', 'XDG_DATA_HOME': '/home/denis/snap/code/230/.local/share', 'XMODIFIERS': '@im=ibus', 'XDG_SESSION_DESKTOP': 'ubuntu', 'XAUTHORITY': '/run/user/1000/.mutter-Xwaylandauth.VA1SN3', 'LS_COLORS': 'rs=0:di=01;34:ln=01;36:mh=00:pi=40;33:so=01;35:do=01;35:bd=40;33;01:cd=40;33;01:or=40;31;01:mi=00:su=37;41:sg=30;43:ca=30;41:tw=30;42:ow=34;42:st=37;44:ex=01;32:*.tar=01;31:*.tgz=01;31:*.arc=01;31:*.arj=01;31:*.taz=01;31:*.lha=01;31:*.lz4=01;31:*.lzh=01;31:*.lzma=01;31:*.tlz=01;31:*.txz=01;31:*.tzo=01;31:*.t7z=01;31:*.zip=01;31:*.z=01;31:*.dz=01;31:*.gz=01;31:*.lrz=01;31:*.lz=01;31:*.lzo=01;31:*.xz=01;31:*.zst=01;31:*.tzst=01;31:*.bz2=01;31:*.bz=01;31:*.tbz=01;31:*.tbz2=01;31:*.tz=01;31:*.deb=01;31:*.rpm=01;31:*.jar=01;31:*.war=01;31:*.ear=01;31:*.sar=01;31:*.rar=01;31:*.alz=01;31:*.ace=01;31:*.zoo=01;31:*.cpio=01;31:*.7z=01;31:*.rz=01;31:*.cab=01;31:*.wim=01;31:*.swm=01;31:*.dwm=01;31:*.esd=01;31:*.jpg=01;35:*.jpeg=01;35:*.mjpg=01;35:*.mjpeg=01;35:*.gif=01;35:*.bmp=01;35:*.pbm=01;35:*.pgm=01;35:*.ppm=01;35:*.tga=01;35:*.xbm=01;35:*.xpm=01;35:*.tif=01;35:*.tiff=01;35:*.png=01;35:*.svg=01;35:*.svgz=01;35:*.mng=01;35:*.pcx=01;35:*.mov=01;35:*.mpg=01;35:*.mpeg=01;35:*.m2v=01;35:*.mkv=01;35:*.webm=01;35:*.webp=01;35:*.ogm=01;35:*.mp4=01;35:*.m4v=01;35:*.mp4v=01;35:*.vob=01;35:*.qt=01;35:*.nuv=01;35:*.wmv=01;35:*.asf=01;35:*.rm=01;35:*.rmvb=01;35:*.flc=01;35:*.avi=01;35:*.fli=01;35:*.flv=01;35:*.gl=01;35:*.dl=01;35:*.xcf=01;35:*.xwd=01;35:*.yuv=01;35:*.cgm=01;35:*.emf=01;35:*.ogv=01;35:*.ogx=01;35:*.aac=00;36:*.au=00;36:*.flac=00;36:*.m4a=00;36:*.mid=00;36:*.midi=00;36:*.mka=00;36:*.mp3=00;36:*.mpc=00;36:*.ogg=00;36:*.ra=00;36:*.wav=00;36:*.oga=00;36:*.opus=00;36:*.spx=00;36:*.xspf=00;36:', 'VSCODE_GIT_IPC_HANDLE': '/run/user/1000/vscode-git-13d6c4deeb.sock', 'GNOME_TERMINAL_SERVICE': ':1.108', 'TERM_PROGRAM': 'vscode', 'SSH_AGENT_LAUNCHER': 'gnome-keyring', 'SSH_AUTH_SOCK': '/run/user/1000/keyring/ssh', 'GSETTINGS_SCHEMA_DIR': '/home/denis/snap/code/230/.local/share/glib-2.0/schemas', 'AMENT_PREFIX_PATH': '/opt/ros/humble', 'SHELL': '/bin/bash', 'QT_ACCESSIBILITY': '1', 'GDMSESSION': 'ubuntu', 'LESSCLOSE': '/usr/bin/lesspipe %s %s', 'GTK_PATH_VSCODE_SNAP_ORIG': '', 'FONTCONFIG_FILE': '/etc/fonts/fonts.conf', 'GTK_IM_MODULE_FILE_VSCODE_SNAP_ORIG': '', 'VSCODE_GIT_ASKPASS_EXTRA_ARGS': '', 'QT_IM_MODULE': 'ibus', 'PWD': '/home/denis/DENIS/RollerBot23/guardros_ws/build/rb23_ros_driver', 'XDG_CONFIG_DIRS': '/etc/xdg/xdg-ubuntu:/etc/xdg', 'XDG_DATA_DIRS': '/home/denis/snap/code/230/.local/share:/home/denis/snap/code/230:/snap/code/230/usr/share:/usr/share/ubuntu:/usr/local/share/:/usr/share/:/var/lib/snapd/desktop', 'PYTHONPATH': '/home/denis/DENIS/RollerBot23/guardros_ws/build/rb23_ros_driver/prefix_override:/usr/lib/python3/dist-packages/colcon_core/task/python/colcon_distutils_commands:/home/denis/DENIS/RollerBot23/guardros_ws/install/rb23_ros_driver/lib/python3.10/site-packages:/opt/ros/humble/lib/python3.10/site-packages:/opt/ros/humble/local/lib/python3.10/dist-packages', 'COLCON': '1', 'VTE_VERSION': '6800'}, 'shell': False}
[1.886005] (rb23_keyboard_teleop) Command: {'cmd': ['/usr/bin/python3', '-W', 'ignore:setup.py install is deprecated', '-W', 'ignore:easy_install command is deprecated', 'setup.py', 'develop', '--editable', '--build-directory', '/home/denis/DENIS/RollerBot23/guardros_ws/build/rb23_keyboard_teleop/build', '--no-deps', 'symlink_data'], 'cwd': '/home/denis/DENIS/RollerBot23/guardros_ws/build/rb23_keyboard_teleop', 'env': {'PYTHON_BASIC_REPL': '1', 'LESSOPEN': '| /usr/bin/lesspipe %s', 'LANGUAGE': 'pt_BR:pt:en', 'USER': 'denis', 'FONTCONFIG_PATH': '/etc/fonts', 'GIO_MODULE_DIR': '/home/denis/snap/code/common/.cache/gio-modules', 'XDG_SESSION_TYPE': 'wayland', 'GIT_ASKPASS': '/snap/code/230/usr/share/code/resources/app/extensions/git/dist/askpass.sh', 'GTK_EXE_PREFIX_VSCODE_SNAP_ORIG': '', 'IGNITION_VERSION': 'citadel', 'GDK_BACKEND_VSCODE_SNAP_ORIG': '', 'SHLVL': '2', 'LD_LIBRARY_PATH': '/opt/ros/humble/opt/rviz_ogre_vendor/lib:/opt/ros/humble/lib/x86_64-linux-gnu:/opt/ros/humble/lib', 'HOME': '/home/denis', 'CHROME_DESKTOP': 'code.desktop', 'LOCPATH_VSCODE_SNAP_ORIG': '', 'OLDPWD': '/home/denis/DENIS/RollerBot23/guardros_ws/src', 'TERM_PROGRAM_VERSION': '1.112.0', 'DESKTOP_SESSION': 'ubuntu', 'GTK_PATH': '/snap/code/230/usr/lib/x86_64-linux-gnu/gtk-3.0', 'XDG_DATA_HOME_VSCODE_SNAP_ORIG': '', 'GTK_IM_MODULE_FILE': '/home/denis/snap/code/common/.cache/immodules/immodules.cache', 'ROS_PYTHON_VERSION': '3', 'GNOME_SHELL_SESSION_MODE': 'ubuntu', 'GTK_MODULES': 'gail:atk-bridge', 'GSETTINGS_SCHEMA_DIR_VSCODE_SNAP_ORIG': '', 'VSCODE_GIT_ASKPASS_MAIN': '/snap/code/230/usr/share/code/resources/app/extensions/git/dist/askpass-main.js', 'VSCODE_GIT_ASKPASS_NODE': '/snap/code/230/usr/share/code/code', 'PYDEVD_DISABLE_FILE_VALIDATION': '1', 'SYSTEMD_EXEC_PID': '1840', 'BUNDLED_DEBUGPY_PATH': '/home/denis/.vscode/extensions/ms-python.debugpy-2025.18.0-linux-x64/bundled/libs/debugpy', 'VSCODE_PYTHON_AUTOACTIVATE_GUARD': '1', 'DBUS_SESSION_BUS_ADDRESS': 'unix:path=/run/user/1000/bus', 'COLORTERM': 'truecolor', 'IM_CONFIG_PHASE': '1', 'WAYLAND_DISPLAY': 'wayland-0', 'ROS_DISTRO': 'humble', 'LOGNAME': 'denis', '_': '/usr/bin/colcon', 'ROS_VERSION': '2', 'XDG_CONFIG_DIRS_VSCODE_SNAP_ORIG': '/etc/xdg/xdg-ubuntu:/etc/xdg', 'XDG_SESSION_CLASS': 'user', 'XDG_DATA_DIRS_VSCODE_SNAP_ORIG': '/usr/share/ubuntu:/usr/local/share/:/usr/share/:/var/lib/snapd/desktop', 'USERNAME': 'denis', 'TERM': 'xterm-256color', 'GNOME_DESKTOP_SESSION_ID': 'this-is-deprecated', 'FC_FONTATIONS': '1', 'ROS_LOCALHOST_ONLY': '0', 'PATH': '/opt/ros/humble/bin:/usr/local/sbin:/usr/local/bin:/usr/sbin:/usr/bin:/sbin:/bin:/usr/games:/usr/local/games:/snap/bin:/snap/bin:/home/denis/.vscode/extensions/ms-python.debugpy-2025.18.0-linux-x64/bundled/scripts/noConfigScripts', 'SESSION_MANAGER': 'local/denis-Aspire-A515-54G:@/tmp/.ICE-unix/1611,unix/denis-Aspire-A515-54G:/tmp/.ICE-unix/1611', 'GTK_EXE_PREFIX': '/snap/code/230/usr', 'XDG_MENU_PREFIX': 'gnome-', 'GNOME_TERMINAL_SCREEN': '/org/gnome/Terminal/screen/44c58e84_9c4f_47c9_9eaa_2b824b20a3ff', 'GNOME_SETUP_DISPLAY': ':1', 'XDG_RUNTIME_DIR': '/run/user/1000', 'GDK_BACKEND': 'x11', 'DISPLAY': ':0', 'LOCPATH': '/snap/code/230/usr/lib/locale', 'VSCODE_DEBUGPY_ADAPTER_ENDPOINTS': '/home/denis/.vscode/extensions/ms-python.debugpy-2025.18.0-linux-x64/.noConfigDebugAdapterEndpoints/endpoint-34710e7746cf2fe7.txt', 'LANG': 'pt_BR.UTF-8', 'XDG_CURRENT_DESKTOP': 'ubuntu:GNOME', 'PYTHONSTARTUP': '/home/denis/.config/Code/User/workspaceStorage/df2967002095e09e96d32d7293e245d6/ms-python.python/pythonrc.py', 'GIO_MODULE_DIR_VSCODE_SNAP_ORIG': '', 'XDG_DATA_HOME': '/home/denis/snap/code/230/.local/share', 'XMODIFIERS': '@im=ibus', 'XDG_SESSION_DESKTOP': 'ubuntu', 'XAUTHORITY': '/run/user/1000/.mutter-Xwaylandauth.VA1SN3', 'LS_COLORS': 'rs=0:di=01;34:ln=01;36:mh=00:pi=40;33:so=01;35:do=01;35:bd=40;33;01:cd=40;33;01:or=40;31;01:mi=00:su=37;41:sg=30;43:ca=30;41:tw=30;42:ow=34;42:st=37;44:ex=01;32:*.tar=01;31:*.tgz=01;31:*.arc=01;31:*.arj=01;31:*.taz=01;31:*.lha=01;31:*.lz4=01;31:*.lzh=01;31:*.lzma=01;31:*.tlz=01;31:*.txz=01;31:*.tzo=01;31:*.t7z=01;31:*.zip=01;31:*.z=01;31:*.dz=01;31:*.gz=01;31:*.lrz=01;31:*.lz=01;31:*.lzo=01;31:*.xz=01;31:*.zst=01;31:*.tzst=01;31:*.bz2=01;31:*.bz=01;31:*.tbz=01;31:*.tbz2=01;31:*.tz=01;31:*.deb=01;31:*.rpm=01;31:*.jar=01;31:*.war=01;31:*.ear=01;31:*.sar=01;31:*.rar=01;31:*.alz=01;31:*.ace=01;31:*.zoo=01;31:*.cpio=01;31:*.7z=01;31:*.rz=01;31:*.cab=01;31:*.wim=01;31:*.swm=01;31:*.dwm=01;31:*.esd=01;31:*.jpg=01;35:*.jpeg=01;35:*.mjpg=01;35:*.mjpeg=01;35:*.gif=01;35:*.bmp=01;35:*.pbm=01;35:*.pgm=01;35:*.ppm=01;35:*.tga=01;35:*.xbm=01;35:*.xpm=01;35:*.tif=01;35:*.tiff=01;35:*.png=01;35:*.svg=01;35:*.svgz=01;35:*.mng=01;35:*.pcx=01;35:*.mov=01;35:*.mpg=01;35:*.mpeg=01;35:*.m2v=01;35:*.mkv=01;35:*.webm=01;35:*.webp=01;35:*.ogm=01;35:*.mp4=01;35:*.m4v=01;35:*.mp4v=01;35:*.vob=01;35:*.qt=01;35:*.nuv=01;35:*.wmv=01;35:*.asf=01;35:*.rm=01;35:*.rmvb=01;35:*.flc=01;35:*.avi=01;35:*.fli=01;35:*.flv=01;35:*.gl=01;35:*.dl=01;35:*.xcf=01;35:*.xwd=01;35:*.yuv=01;35:*.cgm=01;35:*.emf=01;35:*.ogv=01;35:*.ogx=01;35:*.aac=00;36:*.au=00;36:*.flac=00;36:*.m4a=00;36:*.mid=00;36:*.midi=00;36:*.mka=00;36:*.mp3=00;36:*.mpc=00;36:*.ogg=00;36:*.ra=00;36:*.wav=00;36:*.oga=00;36:*.opus=00;36:*.spx=00;36:*.xspf=00;36:', 'VSCODE_GIT_IPC_HANDLE': '/run/user/1000/vscode-git-13d6c4deeb.sock', 'GNOME_TERMINAL_SERVICE': ':1.108', 'TERM_PROGRAM': 'vscode', 'SSH_AGENT_LAUNCHER': 'gnome-keyring', 'SSH_AUTH_SOCK': '/run/user/1000/keyring/ssh', 'GSETTINGS_SCHEMA_DIR': '/home/denis/snap/code/230/.local/share/glib-2.0/schemas', 'AMENT_PREFIX_PATH': '/opt/ros/humble', 'SHELL': '/bin/bash', 'QT_ACCESSIBILITY': '1', 'GDMSESSION': 'ubuntu', 'LESSCLOSE': '/usr/bin/lesspipe %s %s', 'GTK_PATH_VSCODE_SNAP_ORIG': '', 'FONTCONFIG_FILE': '/etc/fonts/fonts.conf', 'GTK_IM_MODULE_FILE_VSCODE_SNAP_ORIG': '', 'VSCODE_GIT_ASKPASS_EXTRA_ARGS': '', 'QT_IM_MODULE': 'ibus', 'PWD': '/home/denis/DENIS/RollerBot23/guardros_ws/build/rb23_keyboard_teleop', 'XDG_CONFIG_DIRS': '/etc/xdg/xdg-ubuntu:/etc/xdg', 'XDG_DATA_DIRS': '/home/denis/snap/code/230/.local/share:/home/denis/snap/code/230:/snap/code/230/usr/share:/usr/share/ubuntu:/usr/local/share/:/usr/share/:/var/lib/snapd/desktop', 'PYTHONPATH': '/home/denis/DENIS/RollerBot23/guardros_ws/build/rb23_keyboard_teleop/prefix_override:/usr/lib/python3/dist-packages/colcon_core/task/python/colcon_distutils_commands:/home/denis/DENIS/RollerBot23/guardros_ws/install/rb23_keyboard_teleop/lib/python3.10/site-packages:/opt/ros/humble/lib/python3.10/site-packages:/opt/ros/humble/local/lib/python3.10/dist-packages', 'COLCON': '1', 'VTE_VERSION': '6800'}, 'shell': False}
[1.888233] (rb23_video_viewer) Command: {'cmd': ['/usr/bin/python3', '-W', 'ignore:setup.py install is deprecated', '-W', 'ignore:easy_install command is deprecated', 'setup.py', 'develop', '--editable', '--build-directory', '/home/denis/DENIS/RollerBot23/guardros_ws/build/rb23_video_viewer/build', '--no-deps', 'symlink_data'], 'cwd': '/home/denis/DENIS/RollerBot23/guardros_ws/build/rb23_video_viewer', 'env': {'PYTHON_BASIC_REPL': '1', 'LESSOPEN': '| /usr/bin/lesspipe %s', 'LANGUAGE': 'pt_BR:pt:en', 'USER': 'denis', 'FONTCONFIG_PATH': '/etc/fonts', 'GIO_MODULE_DIR': '/home/denis/snap/code/common/.cache/gio-modules', 'XDG_SESSION_TYPE': 'wayland', 'GIT_ASKPASS': '/snap/code/230/usr/share/code/resources/app/extensions/git/dist/askpass.sh', 'GTK_EXE_PREFIX_VSCODE_SNAP_ORIG': '', 'IGNITION_VERSION': 'citadel', 'GDK_BACKEND_VSCODE_SNAP_ORIG': '', 'SHLVL': '2', 'LD_LIBRARY_PATH': '/opt/ros/humble/opt/rviz_ogre_vendor/lib:/opt/ros/humble/lib/x86_64-linux-gnu:/opt/ros/humble/lib', 'HOME': '/home/denis', 'CHROME_DESKTOP': 'code.desktop', 'LOCPATH_VSCODE_SNAP_ORIG': '', 'OLDPWD': '/home/denis/DENIS/RollerBot23/guardros_ws/src', 'TERM_PROGRAM_VERSION': '1.112.0', 'DESKTOP_SESSION': 'ubuntu', 'GTK_PATH': '/snap/code/230/usr/lib/x86_64-linux-gnu/gtk-3.0', 'XDG_DATA_HOME_VSCODE_SNAP_ORIG': '', 'GTK_IM_MODULE_FILE': '/home/denis/snap/code/common/.cache/immodules/immodules.cache', 'ROS_PYTHON_VERSION': '3', 'GNOME_SHELL_SESSION_MODE': 'ubuntu', 'GTK_MODULES': 'gail:atk-bridge', 'GSETTINGS_SCHEMA_DIR_VSCODE_SNAP_ORIG': '', 'VSCODE_GIT_ASKPASS_MAIN': '/snap/code/230/usr/share/code/resources/app/extensions/git/dist/askpass-main.js', 'VSCODE_GIT_ASKPASS_NODE': '/snap/code/230/usr/share/code/code', 'PYDEVD_DISABLE_FILE_VALIDATION': '1', 'SYSTEMD_EXEC_PID': '1840', 'BUNDLED_DEBUGPY_PATH': '/home/denis/.vscode/extensions/ms-python.debugpy-2025.18.0-linux-x64/bundled/libs/debugpy', 'VSCODE_PYTHON_AUTOACTIVATE_GUARD': '1', 'DBUS_SESSION_BUS_ADDRESS': 'unix:path=/run/user/1000/bus', 'COLORTERM': 'truecolor', 'IM_CONFIG_PHASE': '1', 'WAYLAND_DISPLAY': 'wayland-0', 'ROS_DISTRO': 'humble', 'LOGNAME': 'denis', '_': '/usr/bin/colcon', 'ROS_VERSION': '2', 'XDG_CONFIG_DIRS_VSCODE_SNAP_ORIG': '/etc/xdg/xdg-ubuntu:/etc/xdg', 'XDG_SESSION_CLASS': 'user', 'XDG_DATA_DIRS_VSCODE_SNAP_ORIG': '/usr/share/ubuntu:/usr/local/share/:/usr/share/:/var/lib/snapd/desktop', 'USERNAME': 'denis', 'TERM': 'xterm-256color', 'GNOME_DESKTOP_SESSION_ID': 'this-is-deprecated', 'FC_FONTATIONS': '1', 'ROS_LOCALHOST_ONLY': '0', 'PATH': '/opt/ros/humble/bin:/usr/local/sbin:/usr/local/bin:/usr/sbin:/usr/bin:/sbin:/bin:/usr/games:/usr/local/games:/snap/bin:/snap/bin:/home/denis/.vscode/extensions/ms-python.debugpy-2025.18.0-linux-x64/bundled/scripts/noConfigScripts', 'SESSION_MANAGER': 'local/denis-Aspire-A515-54G:@/tmp/.ICE-unix/1611,unix/denis-Aspire-A515-54G:/tmp/.ICE-unix/1611', 'GTK_EXE_PREFIX': '/snap/code/230/usr', 'XDG_MENU_PREFIX': 'gnome-', 'GNOME_TERMINAL_SCREEN': '/org/gnome/Terminal/screen/44c58e84_9c4f_47c9_9eaa_2b824b20a3ff', 'GNOME_SETUP_DISPLAY': ':1', 'XDG_RUNTIME_DIR': '/run/user/1000', 'GDK_BACKEND': 'x11', 'DISPLAY': ':0', 'LOCPATH': '/snap/code/230/usr/lib/locale', 'VSCODE_DEBUGPY_ADAPTER_ENDPOINTS': '/home/denis/.vscode/extensions/ms-python.debugpy-2025.18.0-linux-x64/.noConfigDebugAdapterEndpoints/endpoint-34710e7746cf2fe7.txt', 'LANG': 'pt_BR.UTF-8', 'XDG_CURRENT_DESKTOP': 'ubuntu:GNOME', 'PYTHONSTARTUP': '/home/denis/.config/Code/User/workspaceStorage/df2967002095e09e96d32d7293e245d6/ms-python.python/pythonrc.py', 'GIO_MODULE_DIR_VSCODE_SNAP_ORIG': '', 'XDG_DATA_HOME': '/home/denis/snap/code/230/.local/share', 'XMODIFIERS': '@im=ibus', 'XDG_SESSION_DESKTOP': 'ubuntu', 'XAUTHORITY': '/run/user/1000/.mutter-Xwaylandauth.VA1SN3', 'LS_COLORS': 'rs=0:di=01;34:ln=01;36:mh=00:pi=40;33:so=01;35:do=01;35:bd=40;33;01:cd=40;33;01:or=40;31;01:mi=00:su=37;41:sg=30;43:ca=30;41:tw=30;42:ow=34;42:st=37;44:ex=01;32:*.tar=01;31:*.tgz=01;31:*.arc=01;31:*.arj=01;31:*.taz=01;31:*.lha=01;31:*.lz4=01;31:*.lzh=01;31:*.lzma=01;31:*.tlz=01;31:*.txz=01;31:*.tzo=01;31:*.t7z=01;31:*.zip=01;31:*.z=01;31:*.dz=01;31:*.gz=01;31:*.lrz=01;31:*.lz=01;31:*.lzo=01;31:*.xz=01;31:*.zst=01;31:*.tzst=01;31:*.bz2=01;31:*.bz=01;31:*.tbz=01;31:*.tbz2=01;31:*.tz=01;31:*.deb=01;31:*.rpm=01;31:*.jar=01;31:*.war=01;31:*.ear=01;31:*.sar=01;31:*.rar=01;31:*.alz=01;31:*.ace=01;31:*.zoo=01;31:*.cpio=01;31:*.7z=01;31:*.rz=01;31:*.cab=01;31:*.wim=01;31:*.swm=01;31:*.dwm=01;31:*.esd=01;31:*.jpg=01;35:*.jpeg=01;35:*.mjpg=01;35:*.mjpeg=01;35:*.gif=01;35:*.bmp=01;35:*.pbm=01;35:*.pgm=01;35:*.ppm=01;35:*.tga=01;35:*.xbm=01;35:*.xpm=01;35:*.tif=01;35:*.tiff=01;35:*.png=01;35:*.svg=01;35:*.svgz=01;35:*.mng=01;35:*.pcx=01;35:*.mov=01;35:*.mpg=01;35:*.mpeg=01;35:*.m2v=01;35:*.mkv=01;35:*.webm=01;35:*.webp=01;35:*.ogm=01;35:*.mp4=01;35:*.m4v=01;35:*.mp4v=01;35:*.vob=01;35:*.qt=01;35:*.nuv=01;35:*.wmv=01;35:*.asf=01;35:*.rm=01;35:*.rmvb=01;35:*.flc=01;35:*.avi=01;35:*.fli=01;35:*.flv=01;35:*.gl=01;35:*.dl=01;35:*.xcf=01;35:*.xwd=01;35:*.yuv=01;35:*.cgm=01;35:*.emf=01;35:*.ogv=01;35:*.ogx=01;35:*.aac=00;36:*.au=00;36:*.flac=00;36:*.m4a=00;36:*.mid=00;36:*.midi=00;36:*.mka=00;36:*.mp3=00;36:*.mpc=00;36:*.ogg=00;36:*.ra=00;36:*.wav=00;36:*.oga=00;36:*.opus=00;36:*.spx=00;36:*.xspf=00;36:', 'VSCODE_GIT_IPC_HANDLE': '/run/user/1000/vscode-git-13d6c4deeb.sock', 'GNOME_TERMINAL_SERVICE': ':1.108', 'TERM_PROGRAM': 'vscode', 'SSH_AGENT_LAUNCHER': 'gnome-keyring', 'SSH_AUTH_SOCK': '/run/user/1000/keyring/ssh', 'GSETTINGS_SCHEMA_DIR': '/home/denis/snap/code/230/.local/share/glib-2.0/schemas', 'AMENT_PREFIX_PATH': '/opt/ros/humble', 'SHELL': '/bin/bash', 'QT_ACCESSIBILITY': '1', 'GDMSESSION': 'ubuntu', 'LESSCLOSE': '/usr/bin/lesspipe %s %s', 'GTK_PATH_VSCODE_SNAP_ORIG': '', 'FONTCONFIG_FILE': '/etc/fonts/fonts.conf', 'GTK_IM_MODULE_FILE_VSCODE_SNAP_ORIG': '', 'VSCODE_GIT_ASKPASS_EXTRA_ARGS': '', 'QT_IM_MODULE': 'ibus', 'PWD': '/home/denis/DENIS/RollerBot23/guardros_ws/build/rb23_video_viewer', 'XDG_CONFIG_DIRS': '/etc/xdg/xdg-ubuntu:/etc/xdg', 'XDG_DATA_DIRS': '/home/denis/snap/code/230/.local/share:/home/denis/snap/code/230:/snap/code/230/usr/share:/usr/share/ubuntu:/usr/local/share/:/usr/share/:/var/lib/snapd/desktop', 'PYTHONPATH': '/home/denis/DENIS/RollerBot23/guardros_ws/build/rb23_video_viewer/prefix_override:/usr/lib/python3/dist-packages/colcon_core/task/python/colcon_distutils_commands:/home/denis/DENIS/RollerBot23/guardros_ws/install/rb23_video_viewer/lib/python3.10/site-packages:/opt/ros/humble/lib/python3.10/site-packages:/opt/ros/humble/local/lib/python3.10/dist-packages', 'COLCON': '1', 'VTE_VERSION': '6800'}, 'shell': False}
[1.906442] (-) TimerEvent: {}
[2.006934] (-) TimerEvent: {}
[2.107249] (-) TimerEvent: {}
[2.207589] (-) TimerEvent: {}
[2.236435] (rb23_keyboard_teleop) StdoutLine: {'line': b'running develop\n'}
[2.307686] (-) TimerEvent: {}
[2.348847] (rb23_video_viewer) StdoutLine: {'line': b'running develop\n'}
[2.369549] (rb23_ros_driver) StdoutLine: {'line': b'running develop\n'}
[2.399976] (rb23_audio) Command: {'cmd': ['/usr/bin/python3', '-W', 'ignore:setup.py install is deprecated', '-W', 'ignore:easy_install command is deprecated', 'setup.py', 'develop', '--editable', '--build-directory', '/home/denis/DENIS/RollerBot23/guardros_ws/build/rb23_audio/build', '--no-deps', 'symlink_data'], 'cwd': '/home/denis/DENIS/RollerBot23/guardros_ws/build/rb23_audio', 'env': {'PYTHON_BASIC_REPL': '1', 'LESSOPEN': '| /usr/bin/lesspipe %s', 'LANGUAGE': 'pt_BR:pt:en', 'USER': 'denis', 'FONTCONFIG_PATH': '/etc/fonts', 'GIO_MODULE_DIR': '/home/denis/snap/code/common/.cache/gio-modules', 'XDG_SESSION_TYPE': 'wayland', 'GIT_ASKPASS': '/snap/code/230/usr/share/code/resources/app/extensions/git/dist/askpass.sh', 'GTK_EXE_PREFIX_VSCODE_SNAP_ORIG': '', 'IGNITION_VERSION': 'citadel', 'GDK_BACKEND_VSCODE_SNAP_ORIG': '', 'SHLVL': '2', 'LD_LIBRARY_PATH': '/home/denis/DENIS/RollerBot23/guardros_ws/install/guardros_msgs/lib:/opt/ros/humble/opt/rviz_ogre_vendor/lib:/opt/ros/humble/lib/x86_64-linux-gnu:/opt/ros/humble/lib', 'HOME': '/home/denis', 'CHROME_DESKTOP': 'code.desktop', 'LOCPATH_VSCODE_SNAP_ORIG': '', 'OLDPWD': '/home/denis/DENIS/RollerBot23/guardros_ws/src', 'TERM_PROGRAM_VERSION': '1.112.0', 'DESKTOP_SESSION': 'ubuntu', 'GTK_PATH': '/snap/code/230/usr/lib/x86_64-linux-gnu/gtk-3.0', 'XDG_DATA_HOME_VSCODE_SNAP_ORIG': '', 'GTK_IM_MODULE_FILE': '/home/denis/snap/code/common/.cache/immodules/immodules.cache', 'ROS_PYTHON_VERSION': '3', 'GNOME_SHELL_SESSION_MODE': 'ubuntu', 'GTK_MODULES': 'gail:atk-bridge', 'GSETTINGS_SCHEMA_DIR_VSCODE_SNAP_ORIG': '', 'VSCODE_GIT_ASKPASS_MAIN': '/snap/code/230/usr/share/code/resources/app/extensions/git/dist/askpass-main.js', 'VSCODE_GIT_ASKPASS_NODE': '/snap/code/230/usr/share/code/code', 'PYDEVD_DISABLE_FILE_VALIDATION': '1', 'SYSTEMD_EXEC_PID': '1840', 'BUNDLED_DEBUGPY_PATH': '/home/denis/.vscode/extensions/ms-python.debugpy-2025.18.0-linux-x64/bundled/libs/debugpy', 'VSCODE_PYTHON_AUTOACTIVATE_GUARD': '1', 'DBUS_SESSION_BUS_ADDRESS': 'unix:path=/run/user/1000/bus', 'COLORTERM': 'truecolor', 'IM_CONFIG_PHASE': '1', 'WAYLAND_DISPLAY': 'wayland-0', 'ROS_DISTRO': 'humble', 'LOGNAME': 'denis', '_': '/usr/bin/colcon', 'ROS_VERSION': '2', 'XDG_CONFIG_DIRS_VSCODE_SNAP_ORIG': '/etc/xdg/xdg-ubuntu:/etc/xdg', 'XDG_SESSION_CLASS': 'user', 'XDG_DATA_DIRS_VSCODE_SNAP_ORIG': '/usr/share/ubuntu:/usr/local/share/:/usr/share/:/var/lib/snapd/desktop', 'USERNAME': 'denis', 'TERM': 'xterm-256color', 'GNOME_DESKTOP_SESSION_ID': 'this-is-deprecated', 'FC_FONTATIONS': '1', 'ROS_LOCALHOST_ONLY': '0', 'PATH': '/opt/ros/humble/bin:/usr/local/sbin:/usr/local/bin:/usr/sbin:/usr/bin:/sbin:/bin:/usr/games:/usr/local/games:/snap/bin:/snap/bin:/home/denis/.vscode/extensions/ms-python.debugpy-2025.18.0-linux-x64/bundled/scripts/noConfigScripts', 'SESSION_MANAGER': 'local/denis-Aspire-A515-54G:@/tmp/.ICE-unix/1611,unix/denis-Aspire-A515-54G:/tmp/.ICE-unix/1611', 'GTK_EXE_PREFIX': '/snap/code/230/usr', 'XDG_MENU_PREFIX': 'gnome-', 'GNOME_TERMINAL_SCREEN': '/org/gnome/Terminal/screen/44c58e84_9c4f_47c9_9eaa_2b824b20a3ff', 'GNOME_SETUP_DISPLAY': ':1', 'XDG_RUNTIME_DIR': '/run/user/1000', 'GDK_BACKEND': 'x11', 'DISPLAY': ':0', 'LOCPATH': '/snap/code/230/usr/lib/locale', 'VSCODE_DEBUGPY_ADAPTER_ENDPOINTS': '/home/denis/.vscode/extensions/ms-python.debugpy-2025.18.0-linux-x64/.noConfigDebugAdapterEndpoints/endpoint-34710e7746cf2fe7.txt', 'LANG': 'pt_BR.UTF-8', 'XDG_CURRENT_DESKTOP': 'ubuntu:GNOME', 'PYTHONSTARTUP': '/home/denis/.config/Code/User/workspaceStorage/df2967002095e09e96d32d7293e245d6/ms-python.python/pythonrc.py', 'GIO_MODULE_DIR_VSCODE_SNAP_ORIG': '', 'XDG_DATA_HOME': '/home/denis/snap/code/230/.local/share', 'XMODIFIERS': '@im=ibus', 'XDG_SESSION_DESKTOP': 'ubuntu', 'XAUTHORITY': '/run/user/1000/.mutter-Xwaylandauth.VA1SN3', 'LS_COLORS': 'rs=0:di=01;34:ln=01;36:mh=00:pi=40;33:so=01;35:do=01;35:bd=40;33;01:cd=40;33;01:or=40;31;01:mi=00:su=37;41:sg=30;43:ca=30;41:tw=30;42:ow=34;42:st=37;44:ex=01;32:*.tar=01;31:*.tgz=01;31:*.arc=01;31:*.arj=01;31:*.taz=01;31:*.lha=01;31:*.lz4=01;31:*.lzh=01;31:*.lzma=01;31:*.tlz=01;31:*.txz=01;31:*.tzo=01;31:*.t7z=01;31:*.zip=01;31:*.z=01;31:*.dz=01;31:*.gz=01;31:*.lrz=01;31:*.lz=01;31:*.lzo=01;31:*.xz=01;31:*.zst=01;31:*.tzst=01;31:*.bz2=01;31:*.bz=01;31:*.tbz=01;31:*.tbz2=01;31:*.tz=01;31:*.deb=01;31:*.rpm=01;31:*.jar=01;31:*.war=01;31:*.ear=01;31:*.sar=01;31:*.rar=01;31:*.alz=01;31:*.ace=01;31:*.zoo=01;31:*.cpio=01;31:*.7z=01;31:*.rz=01;31:*.cab=01;31:*.wim=01;31:*.swm=01;31:*.dwm=01;31:*.esd=01;31:*.jpg=01;35:*.jpeg=01;35:*.mjpg=01;35:*.mjpeg=01;35:*.gif=01;35:*.bmp=01;35:*.pbm=01;35:*.pgm=01;35:*.ppm=01;35:*.tga=01;35:*.xbm=01;35:*.xpm=01;35:*.tif=01;35:*.tiff=01;35:*.png=01;35:*.svg=01;35:*.svgz=01;35:*.mng=01;35:*.pcx=01;35:*.mov=01;35:*.mpg=01;35:*.mpeg=01;35:*.m2v=01;35:*.mkv=01;35:*.webm=01;35:*.webp=01;35:*.ogm=01;35:*.mp4=01;35:*.m4v=01;35:*.mp4v=01;35:*.vob=01;35:*.qt=01;35:*.nuv=01;35:*.wmv=01;35:*.asf=01;35:*.rm=01;35:*.rmvb=01;35:*.flc=01;35:*.avi=01;35:*.fli=01;35:*.flv=01;35:*.gl=01;35:*.dl=01;35:*.xcf=01;35:*.xwd=01;35:*.yuv=01;35:*.cgm=01;35:*.emf=01;35:*.ogv=01;35:*.ogx=01;35:*.aac=00;36:*.au=00;36:*.flac=00;36:*.m4a=00;36:*.mid=00;36:*.midi=00;36:*.mka=00;36:*.mp3=00;36:*.mpc=00;36:*.ogg=00;36:*.ra=00;36:*.wav=00;36:*.oga=00;36:*.opus=00;36:*.spx=00;36:*.xspf=00;36:', 'VSCODE_GIT_IPC_HANDLE': '/run/user/1000/vscode-git-13d6c4deeb.sock', 'GNOME_TERMINAL_SERVICE': ':1.108', 'TERM_PROGRAM': 'vscode', 'SSH_AGENT_LAUNCHER': 'gnome-keyring', 'SSH_AUTH_SOCK': '/run/user/1000/keyring/ssh', 'GSETTINGS_SCHEMA_DIR': '/home/denis/snap/code/230/.local/share/glib-2.0/schemas', 'AMENT_PREFIX_PATH': '/home/denis/DENIS/RollerBot23/guardros_ws/install/guardros_msgs:/opt/ros/humble', 'SHELL': '/bin/bash', 'QT_ACCESSIBILITY': '1', 'GDMSESSION': 'ubuntu', 'LESSCLOSE': '/usr/bin/lesspipe %s %s', 'GTK_PATH_VSCODE_SNAP_ORIG': '', 'FONTCONFIG_FILE': '/etc/fonts/fonts.conf', 'GTK_IM_MODULE_FILE_VSCODE_SNAP_ORIG': '', 'VSCODE_GIT_ASKPASS_EXTRA_ARGS': '', 'QT_IM_MODULE': 'ibus', 'PWD': '/home/denis/DENIS/RollerBot23/guardros_ws/build/rb23_audio', 'XDG_CONFIG_DIRS': '/etc/xdg/xdg-ubuntu:/etc/xdg', 'XDG_DATA_DIRS': '/home/denis/snap/code/230/.local/share:/home/denis/snap/code/230:/snap/code/230/usr/share:/usr/share/ubuntu:/usr/local/share/:/usr/share/:/var/lib/snapd/desktop', 'PYTHONPATH': '/home/denis/DENIS/RollerBot23/guardros_ws/build/rb23_audio/prefix_override:/usr/lib/python3/dist-packages/colcon_core/task/python/colcon_distutils_commands:/home/denis/DENIS/RollerBot23/guardros_ws/install/rb23_audio/lib/python3.10/site-packages:/home/denis/DENIS/RollerBot23/guardros_ws/install/guardros_msgs/local/lib/python3.10/dist-packages:/opt/ros/humble/lib/python3.10/site-packages:/opt/ros/humble/local/lib/python3.10/dist-packages', 'COLCON': '1', 'VTE_VERSION': '6800', 'CMAKE_PREFIX_PATH': '/home/denis/DENIS/RollerBot23/guardros_ws/install/guardros_msgs'}, 'shell': False}
[2.407786] (-) TimerEvent: {}
[2.468554] (rb23_telemetry_viewer) Command: {'cmd': ['/usr/bin/python3', '-W', 'ignore:setup.py install is deprecated', '-W', 'ignore:easy_install command is deprecated', 'setup.py', 'develop', '--editable', '--build-directory', '/home/denis/DENIS/RollerBot23/guardros_ws/build/rb23_telemetry_viewer/build', '--no-deps', 'symlink_data'], 'cwd': '/home/denis/DENIS/RollerBot23/guardros_ws/build/rb23_telemetry_viewer', 'env': {'PYTHON_BASIC_REPL': '1', 'LESSOPEN': '| /usr/bin/lesspipe %s', 'LANGUAGE': 'pt_BR:pt:en', 'USER': 'denis', 'FONTCONFIG_PATH': '/etc/fonts', 'GIO_MODULE_DIR': '/home/denis/snap/code/common/.cache/gio-modules', 'XDG_SESSION_TYPE': 'wayland', 'GIT_ASKPASS': '/snap/code/230/usr/share/code/resources/app/extensions/git/dist/askpass.sh', 'GTK_EXE_PREFIX_VSCODE_SNAP_ORIG': '', 'IGNITION_VERSION': 'citadel', 'GDK_BACKEND_VSCODE_SNAP_ORIG': '', 'SHLVL': '2', 'LD_LIBRARY_PATH': '/home/denis/DENIS/RollerBot23/guardros_ws/install/guardros_msgs/lib:/opt/ros/humble/opt/rviz_ogre_vendor/lib:/opt/ros/humble/lib/x86_64-linux-gnu:/opt/ros/humble/lib', 'HOME': '/home/denis', 'CHROME_DESKTOP': 'code.desktop', 'LOCPATH_VSCODE_SNAP_ORIG': '', 'OLDPWD': '/home/denis/DENIS/RollerBot23/guardros_ws/src', 'TERM_PROGRAM_VERSION': '1.112.0', 'DESKTOP_SESSION': 'ubuntu', 'GTK_PATH': '/snap/code/230/usr/lib/x86_64-linux-gnu/gtk-3.0', 'XDG_DATA_HOME_VSCODE_SNAP_ORIG': '', 'GTK_IM_MODULE_FILE': '/home/denis/snap/code/common/.cache/immodules/immodules.cache', 'ROS_PYTHON_VERSION': '3', 'GNOME_SHELL_SESSION_MODE': 'ubuntu', 'GTK_MODULES': 'gail:atk-bridge', 'GSETTINGS_SCHEMA_DIR_VSCODE_SNAP_ORIG': '', 'VSCODE_GIT_ASKPASS_MAIN': '/snap/code/230/usr/share/code/resources/app/extensions/git/dist/askpass-main.js', 'VSCODE_GIT_ASKPASS_NODE': '/snap/code/230/usr/share/code/code', 'PYDEVD_DISABLE_FILE_VALIDATION': '1', 'SYSTEMD_EXEC_PID': '1840', 'BUNDLED_DEBUGPY_PATH': '/home/denis/.vscode/extensions/ms-python.debugpy-2025.18.0-linux-x64/bundled/libs/debugpy', 'VSCODE_PYTHON_AUTOACTIVATE_GUARD': '1', 'DBUS_SESSION_BUS_ADDRESS': 'unix:path=/run/user/1000/bus', 'COLORTERM': 'truecolor', 'IM_CONFIG_PHASE': '1', 'WAYLAND_DISPLAY': 'wayland-0', 'ROS_DISTRO': 'humble', 'LOGNAME': 'denis', '_': '/usr/bin/colcon', 'ROS_VERSION': '2', 'XDG_CONFIG_DIRS_VSCODE_SNAP_ORIG': '/etc/xdg/xdg-ubuntu:/etc/xdg', 'XDG_SESSION_CLASS': 'user', 'XDG_DATA_DIRS_VSCODE_SNAP_ORIG': '/usr/share/ubuntu:/usr/local/share/:/usr/share/:/var/lib/snapd/desktop', 'USERNAME': 'denis', 'TERM': 'xterm-256color', 'GNOME_DESKTOP_SESSION_ID': 'this-is-deprecated', 'FC_FONTATIONS': '1', 'ROS_LOCALHOST_ONLY': '0', 'PATH': '/opt/ros/humble/bin:/usr/local/sbin:/usr/local/bin:/usr/sbin:/usr/bin:/sbin:/bin:/usr/games:/usr/local/games:/snap/bin:/snap/bin:/home/denis/.vscode/extensions/ms-python.debugpy-2025.18.0-linux-x64/bundled/scripts/noConfigScripts', 'SESSION_MANAGER': 'local/denis-Aspire-A515-54G:@/tmp/.ICE-unix/1611,unix/denis-Aspire-A515-54G:/tmp/.ICE-unix/1611', 'GTK_EXE_PREFIX': '/snap/code/230/usr', 'XDG_MENU_PREFIX': 'gnome-', 'GNOME_TERMINAL_SCREEN': '/org/gnome/Terminal/screen/44c58e84_9c4f_47c9_9eaa_2b824b20a3ff', 'GNOME_SETUP_DISPLAY': ':1', 'XDG_RUNTIME_DIR': '/run/user/1000', 'GDK_BACKEND': 'x11', 'DISPLAY': ':0', 'LOCPATH': '/snap/code/230/usr/lib/locale', 'VSCODE_DEBUGPY_ADAPTER_ENDPOINTS': '/home/denis/.vscode/extensions/ms-python.debugpy-2025.18.0-linux-x64/.noConfigDebugAdapterEndpoints/endpoint-34710e7746cf2fe7.txt', 'LANG': 'pt_BR.UTF-8', 'XDG_CURRENT_DESKTOP': 'ubuntu:GNOME', 'PYTHONSTARTUP': '/home/denis/.config/Code/User/workspaceStorage/df2967002095e09e96d32d7293e245d6/ms-python.python/pythonrc.py', 'GIO_MODULE_DIR_VSCODE_SNAP_ORIG': '', 'XDG_DATA_HOME': '/home/denis/snap/code/230/.local/share', 'XMODIFIERS': '@im=ibus', 'XDG_SESSION_DESKTOP': 'ubuntu', 'XAUTHORITY': '/run/user/1000/.mutter-Xwaylandauth.VA1SN3', 'LS_COLORS': 'rs=0:di=01;34:ln=01;36:mh=00:pi=40;33:so=01;35:do=01;35:bd=40;33;01:cd=40;33;01:or=40;31;01:mi=00:su=37;41:sg=30;43:ca=30;41:tw=30;42:ow=34;42:st=37;44:ex=01;32:*.tar=01;31:*.tgz=01;31:*.arc=01;31:*.arj=01;31:*.taz=01;31:*.lha=01;31:*.lz4=01;31:*.lzh=01;31:*.lzma=01;31:*.tlz=01;31:*.txz=01;31:*.tzo=01;31:*.t7z=01;31:*.zip=01;31:*.z=01;31:*.dz=01;31:*.gz=01;31:*.lrz=01;31:*.lz=01;31:*.lzo=01;31:*.xz=01;31:*.zst=01;31:*.tzst=01;31:*.bz2=01;31:*.bz=01;31:*.tbz=01;31:*.tbz2=01;31:*.tz=01;31:*.deb=01;31:*.rpm=01;31:*.jar=01;31:*.war=01;31:*.ear=01;31:*.sar=01;31:*.rar=01;31:*.alz=01;31:*.ace=01;31:*.zoo=01;31:*.cpio=01;31:*.7z=01;31:*.rz=01;31:*.cab=01;31:*.wim=01;31:*.swm=01;31:*.dwm=01;31:*.esd=01;31:*.jpg=01;35:*.jpeg=01;35:*.mjpg=01;35:*.mjpeg=01;35:*.gif=01;35:*.bmp=01;35:*.pbm=01;35:*.pgm=01;35:*.ppm=01;35:*.tga=01;35:*.xbm=01;35:*.xpm=01;35:*.tif=01;35:*.tiff=01;35:*.png=01;35:*.svg=01;35:*.svgz=01;35:*.mng=01;35:*.pcx=01;35:*.mov=01;35:*.mpg=01;35:*.mpeg=01;35:*.m2v=01;35:*.mkv=01;35:*.webm=01;35:*.webp=01;35:*.ogm=01;35:*.mp4=01;35:*.m4v=01;35:*.mp4v=01;35:*.vob=01;35:*.qt=01;35:*.nuv=01;35:*.wmv=01;35:*.asf=01;35:*.rm=01;35:*.rmvb=01;35:*.flc=01;35:*.avi=01;35:*.fli=01;35:*.flv=01;35:*.gl=01;35:*.dl=01;35:*.xcf=01;35:*.xwd=01;35:*.yuv=01;35:*.cgm=01;35:*.emf=01;35:*.ogv=01;35:*.ogx=01;35:*.aac=00;36:*.au=00;36:*.flac=00;36:*.m4a=00;36:*.mid=00;36:*.midi=00;36:*.mka=00;36:*.mp3=00;36:*.mpc=00;36:*.ogg=00;36:*.ra=00;36:*.wav=00;36:*.oga=00;36:*.opus=00;36:*.spx=00;36:*.xspf=00;36:', 'VSCODE_GIT_IPC_HANDLE': '/run/user/1000/vscode-git-13d6c4deeb.sock', 'GNOME_TERMINAL_SERVICE': ':1.108', 'TERM_PROGRAM': 'vscode', 'SSH_AGENT_LAUNCHER': 'gnome-keyring', 'SSH_AUTH_SOCK': '/run/user/1000/keyring/ssh', 'GSETTINGS_SCHEMA_DIR': '/home/denis/snap/code/230/.local/share/glib-2.0/schemas', 'AMENT_PREFIX_PATH': '/home/denis/DENIS/RollerBot23/guardros_ws/install/guardros_msgs:/opt/ros/humble', 'SHELL': '/bin/bash', 'QT_ACCESSIBILITY': '1', 'GDMSESSION': 'ubuntu', 'LESSCLOSE': '/usr/bin/lesspipe %s %s', 'GTK_PATH_VSCODE_SNAP_ORIG': '', 'FONTCONFIG_FILE': '/etc/fonts/fonts.conf', 'GTK_IM_MODULE_FILE_VSCODE_SNAP_ORIG': '', 'VSCODE_GIT_ASKPASS_EXTRA_ARGS': '', 'QT_IM_MODULE': 'ibus', 'PWD': '/home/denis/DENIS/RollerBot23/guardros_ws/build/rb23_telemetry_viewer', 'XDG_CONFIG_DIRS': '/etc/xdg/xdg-ubuntu:/etc/xdg', 'XDG_DATA_DIRS': '/home/denis/snap/code/230/.local/share:/home/denis/snap/code/230:/snap/code/230/usr/share:/usr/share/ubuntu:/usr/local/share/:/usr/share/:/var/lib/snapd/desktop', 'PYTHONPATH': '/home/denis/DENIS/RollerBot23/guardros_ws/build/rb23_telemetry_viewer/prefix_override:/usr/lib/python3/dist-packages/colcon_core/task/python/colcon_distutils_commands:/home/denis/DENIS/RollerBot23/guardros_ws/install/rb23_telemetry_viewer/lib/python3.10/site-packages:/home/denis/DENIS/RollerBot23/guardros_ws/install/guardros_msgs/local/lib/python3.10/dist-packages:/opt/ros/humble/lib/python3.10/site-packages:/opt/ros/humble/local/lib/python3.10/dist-packages', 'COLCON': '1', 'VTE_VERSION': '6800', 'CMAKE_PREFIX_PATH': '/home/denis/DENIS/RollerBot23/guardros_ws/install/guardros_msgs'}, 'shell': False}
[2.510178] (-) TimerEvent: {}
[2.543686] (rb23_keyboard_teleop) StdoutLine: {'line': b'running egg_info\n'}
[2.543890] (rb23_keyboard_teleop) StdoutLine: {'line': b'writing rb23_keyboard_teleop.egg-info/PKG-INFO\n'}
[2.544011] (rb23_keyboard_teleop) StdoutLine: {'line': b'writing dependency_links to rb23_keyboard_teleop.egg-info/dependency_links.txt\n'}
[2.544113] (rb23_keyboard_teleop) StdoutLine: {'line': b'writing entry points to rb23_keyboard_teleop.egg-info/entry_points.txt\n'}
[2.544218] (rb23_keyboard_teleop) StdoutLine: {'line': b'writing requirements to rb23_keyboard_teleop.egg-info/requires.txt\n'}
[2.544496] (rb23_keyboard_teleop) StdoutLine: {'line': b'writing top-level names to rb23_keyboard_teleop.egg-info/top_level.txt\n'}
[2.546577] (rb23_keyboard_teleop) StdoutLine: {'line': b"reading manifest file 'rb23_keyboard_teleop.egg-info/SOURCES.txt'\n"}
[2.548645] (rb23_keyboard_teleop) StdoutLine: {'line': b"writing manifest file 'rb23_keyboard_teleop.egg-info/SOURCES.txt'\n"}
[2.550239] (rb23_keyboard_teleop) StdoutLine: {'line': b'running build_ext\n'}
[2.550584] (rb23_keyboard_teleop) StdoutLine: {'line': b'Creating /home/denis/DENIS/RollerBot23/guardros_ws/install/rb23_keyboard_teleop/lib/python3.10/site-packages/rb23-keyboard-teleop.egg-link (link to .)\n'}
[2.551931] (rb23_keyboard_teleop) StdoutLine: {'line': b'Installing keyboard_teleop_node script to /home/denis/DENIS/RollerBot23/guardros_ws/install/rb23_keyboard_teleop/lib/rb23_keyboard_teleop\n'}
[2.552273] (rb23_keyboard_teleop) StdoutLine: {'line': b'\n'}
[2.552437] (rb23_keyboard_teleop) StdoutLine: {'line': b'Installed /home/denis/DENIS/RollerBot23/guardros_ws/build/rb23_keyboard_teleop\n'}
[2.552600] (rb23_keyboard_teleop) StdoutLine: {'line': b'running symlink_data\n'}
[2.599460] (rb23_keyboard_teleop) CommandEnded: {'returncode': 0}
[2.612265] (rb23_keyboard_teleop) JobEnded: {'identifier': 'rb23_keyboard_teleop', 'rc': 0}
[2.612723] (-) TimerEvent: {}
[2.638768] (rb23_ros_driver) StdoutLine: {'line': b'running egg_info\n'}
[2.638967] (rb23_ros_driver) StdoutLine: {'line': b'writing rb23_ros_driver.egg-info/PKG-INFO\n'}
[2.639092] (rb23_ros_driver) StdoutLine: {'line': b'writing dependency_links to rb23_ros_driver.egg-info/dependency_links.txt\n'}
[2.639218] (rb23_ros_driver) StdoutLine: {'line': b'writing entry points to rb23_ros_driver.egg-info/entry_points.txt\n'}
[2.640339] (rb23_ros_driver) StdoutLine: {'line': b'writing requirements to rb23_ros_driver.egg-info/requires.txt\n'}
[2.640595] (rb23_ros_driver) StdoutLine: {'line': b'writing top-level names to rb23_ros_driver.egg-info/top_level.txt\n'}
[2.642223] (rb23_ros_driver) StdoutLine: {'line': b"reading manifest file 'rb23_ros_driver.egg-info/SOURCES.txt'\n"}
[2.643106] (rb23_ros_driver) StdoutLine: {'line': b"writing manifest file 'rb23_ros_driver.egg-info/SOURCES.txt'\n"}
[2.644162] (rb23_video_viewer) StdoutLine: {'line': b'running egg_info\n'}
[2.644814] (rb23_video_viewer) StdoutLine: {'line': b'writing rb23_video_viewer.egg-info/PKG-INFO\n'}
[2.645358] (rb23_video_viewer) StdoutLine: {'line': b'writing dependency_links to rb23_video_viewer.egg-info/dependency_links.txt\n'}
[2.645488] (rb23_video_viewer) StdoutLine: {'line': b'writing entry points to rb23_video_viewer.egg-info/entry_points.txt\n'}
[2.645601] (rb23_ros_driver) StdoutLine: {'line': b'running build_ext\n'}
[2.645719] (rb23_video_viewer) StdoutLine: {'line': b'writing requirements to rb23_video_viewer.egg-info/requires.txt\n'}
[2.645829] (rb23_video_viewer) StdoutLine: {'line': b'writing top-level names to rb23_video_viewer.egg-info/top_level.txt\n'}
[2.645937] (rb23_ros_driver) StdoutLine: {'line': b'Creating /home/denis/DENIS/RollerBot23/guardros_ws/install/rb23_ros_driver/lib/python3.10/site-packages/rb23-ros-driver.egg-link (link to .)\n'}
[2.646454] (rb23_ros_driver) StdoutLine: {'line': b'Installing rb23_driver_node script to /home/denis/DENIS/RollerBot23/guardros_ws/install/rb23_ros_driver/lib/rb23_ros_driver\n'}
[2.646803] (rb23_ros_driver) StdoutLine: {'line': b'\n'}
[2.646945] (rb23_ros_driver) StdoutLine: {'line': b'Installed /home/denis/DENIS/RollerBot23/guardros_ws/build/rb23_ros_driver\n'}
[2.647097] (rb23_ros_driver) StdoutLine: {'line': b'running symlink_data\n'}
[2.647777] (rb23_video_viewer) StdoutLine: {'line': b"reading manifest file 'rb23_video_viewer.egg-info/SOURCES.txt'\n"}
[2.649433] (rb23_video_viewer) StdoutLine: {'line': b"writing manifest file 'rb23_video_viewer.egg-info/SOURCES.txt'\n"}
[2.651337] (rb23_video_viewer) StdoutLine: {'line': b'running build_ext\n'}
[2.651586] (rb23_video_viewer) StdoutLine: {'line': b'Creating /home/denis/DENIS/RollerBot23/guardros_ws/install/rb23_video_viewer/lib/python3.10/site-packages/rb23-video-viewer.egg-link (link to .)\n'}
[2.652894] (rb23_video_viewer) StdoutLine: {'line': b'Installing rb23_video_viewer_node script to /home/denis/DENIS/RollerBot23/guardros_ws/install/rb23_video_viewer/lib/rb23_video_viewer\n'}
[2.653200] (rb23_video_viewer) StdoutLine: {'line': b'\n'}
[2.653335] (rb23_video_viewer) StdoutLine: {'line': b'Installed /home/denis/DENIS/RollerBot23/guardros_ws/build/rb23_video_viewer\n'}
[2.653510] (rb23_video_viewer) StdoutLine: {'line': b'running symlink_data\n'}
[2.689146] (rb23_video_viewer) CommandEnded: {'returncode': 0}
[2.697575] (rb23_video_viewer) JobEnded: {'identifier': 'rb23_video_viewer', 'rc': 0}
[2.698950] (rb23_ros_driver) CommandEnded: {'returncode': 0}
[2.706343] (rb23_ros_driver) JobEnded: {'identifier': 'rb23_ros_driver', 'rc': 0}
[2.712858] (-) TimerEvent: {}
[2.755718] (rb23_audio) StdoutLine: {'line': b'running develop\n'}
[2.812942] (-) TimerEvent: {}
[2.837483] (rb23_telemetry_viewer) StdoutLine: {'line': b'running develop\n'}
[2.913044] (-) TimerEvent: {}
[2.938746] (rb23_audio) StdoutLine: {'line': b'running egg_info\n'}
[2.938898] (rb23_audio) StdoutLine: {'line': b'creating rb23_audio.egg-info\n'}
[2.939056] (rb23_audio) StdoutLine: {'line': b'writing rb23_audio.egg-info/PKG-INFO\n'}
[2.939236] (rb23_audio) StdoutLine: {'line': b'writing dependency_links to rb23_audio.egg-info/dependency_links.txt\n'}
[2.939375] (rb23_audio) StdoutLine: {'line': b'writing entry points to rb23_audio.egg-info/entry_points.txt\n'}
[2.939510] (rb23_audio) StdoutLine: {'line': b'writing requirements to rb23_audio.egg-info/requires.txt\n'}
[2.939578] (rb23_audio) StdoutLine: {'line': b'writing top-level names to rb23_audio.egg-info/top_level.txt\n'}
[2.939704] (rb23_audio) StdoutLine: {'line': b"writing manifest file 'rb23_audio.egg-info/SOURCES.txt'\n"}
[2.941280] (rb23_audio) StdoutLine: {'line': b"reading manifest file 'rb23_audio.egg-info/SOURCES.txt'\n"}
[2.941917] (rb23_audio) StdoutLine: {'line': b"writing manifest file 'rb23_audio.egg-info/SOURCES.txt'\n"}
[2.943250] (rb23_audio) StdoutLine: {'line': b'running build_ext\n'}
[2.943448] (rb23_audio) StdoutLine: {'line': b'Creating /home/denis/DENIS/RollerBot23/guardros_ws/install/rb23_audio/lib/python3.10/site-packages/rb23-audio.egg-link (link to .)\n'}
[2.944277] (rb23_audio) StdoutLine: {'line': b'Installing rb23_audio_node script to /home/denis/DENIS/RollerBot23/guardros_ws/install/rb23_audio/lib/rb23_audio\n'}
[2.944497] (rb23_audio) StdoutLine: {'line': b'\n'}
[2.944624] (rb23_audio) StdoutLine: {'line': b'Installed /home/denis/DENIS/RollerBot23/guardros_ws/build/rb23_audio\n'}
[2.944768] (rb23_audio) StdoutLine: {'line': b'running symlink_data\n'}
[2.944920] (rb23_audio) StdoutLine: {'line': b'creating /home/denis/DENIS/RollerBot23/guardros_ws/install/rb23_audio/share/ament_index\n'}
[2.945021] (rb23_audio) StdoutLine: {'line': b'creating /home/denis/DENIS/RollerBot23/guardros_ws/install/rb23_audio/share/ament_index/resource_index\n'}
[2.945119] (rb23_audio) StdoutLine: {'line': b'creating /home/denis/DENIS/RollerBot23/guardros_ws/install/rb23_audio/share/ament_index/resource_index/packages\n'}
[2.945215] (rb23_audio) StdoutLine: {'line': b'symbolically linking /home/denis/DENIS/RollerBot23/guardros_ws/build/rb23_audio/resource/rb23_audio -> /home/denis/DENIS/RollerBot23/guardros_ws/install/rb23_audio/share/ament_index/resource_index/packages\n'}
[2.945319] (rb23_audio) StdoutLine: {'line': b'symbolically linking /home/denis/DENIS/RollerBot23/guardros_ws/build/rb23_audio/package.xml -> /home/denis/DENIS/RollerBot23/guardros_ws/install/rb23_audio/share/rb23_audio\n'}
[2.981360] (rb23_audio) CommandEnded: {'returncode': 0}
[2.990199] (rb23_audio) JobEnded: {'identifier': 'rb23_audio', 'rc': 0}
[3.013169] (-) TimerEvent: {}
[3.077752] (rb23_telemetry_viewer) StdoutLine: {'line': b'running egg_info\n'}
[3.078005] (rb23_telemetry_viewer) StdoutLine: {'line': b'writing rb23_telemetry_viewer.egg-info/PKG-INFO\n'}
[3.078157] (rb23_telemetry_viewer) StdoutLine: {'line': b'writing dependency_links to rb23_telemetry_viewer.egg-info/dependency_links.txt\n'}
[3.078285] (rb23_telemetry_viewer) StdoutLine: {'line': b'writing entry points to rb23_telemetry_viewer.egg-info/entry_points.txt\n'}
[3.078410] (rb23_telemetry_viewer) StdoutLine: {'line': b'writing requirements to rb23_telemetry_viewer.egg-info/requires.txt\n'}
[3.078542] (rb23_telemetry_viewer) StdoutLine: {'line': b'writing top-level names to rb23_telemetry_viewer.egg-info/top_level.txt\n'}
[3.080233] (rb23_telemetry_viewer) StdoutLine: {'line': b"reading manifest file 'rb23_telemetry_viewer.egg-info/SOURCES.txt'\n"}
[3.081026] (rb23_telemetry_viewer) StdoutLine: {'line': b"writing manifest file 'rb23_telemetry_viewer.egg-info/SOURCES.txt'\n"}
[3.082543] (rb23_telemetry_viewer) StdoutLine: {'line': b'running build_ext\n'}
[3.082762] (rb23_telemetry_viewer) StdoutLine: {'line': b'Creating /home/denis/DENIS/RollerBot23/guardros_ws/install/rb23_telemetry_viewer/lib/python3.10/site-packages/rb23-telemetry-viewer.egg-link (link to .)\n'}
[3.083567] (rb23_telemetry_viewer) StdoutLine: {'line': b'Installing rb23_telemetry_viewer_node script to /home/denis/DENIS/RollerBot23/guardros_ws/install/rb23_telemetry_viewer/lib/rb23_telemetry_viewer\n'}
[3.083834] (rb23_telemetry_viewer) StdoutLine: {'line': b'\n'}
[3.083925] (rb23_telemetry_viewer) StdoutLine: {'line': b'Installed /home/denis/DENIS/RollerBot23/guardros_ws/build/rb23_telemetry_viewer\n'}
[3.083990] (rb23_telemetry_viewer) StdoutLine: {'line': b'running symlink_data\n'}
[3.113291] (-) TimerEvent: {}
[3.115494] (rb23_telemetry_viewer) CommandEnded: {'returncode': 0}
[3.125334] (rb23_telemetry_viewer) JobEnded: {'identifier': 'rb23_telemetry_viewer', 'rc': 0}
[3.125837] (-) EventReactorShutdown: {}
