[0.000000] (-) TimerEvent: {}
[0.000113] (guardros_msgs) JobQueued: {'identifier': 'guardros_msgs', 'dependencies': OrderedDict()}
[0.000143] (rb23_keyboard_teleop) JobQueued: {'identifier': 'rb23_keyboard_teleop', 'dependencies': OrderedDict()}
[0.000163] (rb23_ros_driver) JobQueued: {'identifier': 'rb23_ros_driver', 'dependencies': OrderedDict()}
[0.000181] (rb23_video_viewer) JobQueued: {'identifier': 'rb23_video_viewer', 'dependencies': OrderedDict()}
[0.000198] (rb23_audio) JobQueued: {'identifier': 'rb23_audio', 'dependencies': OrderedDict([('guardros_msgs', '/home/denis/DENIS/RollerBot23/guardros_ws/install/guardros_msgs')])}
[0.000218] (rb23_telemetry_viewer) JobQueued: {'identifier': 'rb23_telemetry_viewer', 'dependencies': OrderedDict([('guardros_msgs', '/home/denis/DENIS/RollerBot23/guardros_ws/install/guardros_msgs')])}
[0.000728] (guardros_msgs) JobStarted: {'identifier': 'guardros_msgs'}
[0.006313] (rb23_keyboard_teleop) JobStarted: {'identifier': 'rb23_keyboard_teleop'}
[0.014429] (rb23_ros_driver) JobStarted: {'identifier': 'rb23_ros_driver'}
[0.019599] (rb23_video_viewer) JobStarted: {'identifier': 'rb23_video_viewer'}
[0.027350] (guardros_msgs) JobProgress: {'identifier': 'guardros_msgs', 'progress': 'cmake'}
[0.028179] (guardros_msgs) JobProgress: {'identifier': 'guardros_msgs', 'progress': 'build'}
[0.029187] (guardros_msgs) Command: {'cmd': ['/usr/bin/cmake', '--build', '/home/denis/DENIS/RollerBot23/guardros_ws/build/guardros_msgs', '--', '-j8', '-l8'], 'cwd': '/home/denis/DENIS/RollerBot23/guardros_ws/build/guardros_msgs', 'env': OrderedDict([('PYTHON_BASIC_REPL', '1'), ('LESSOPEN', '| /usr/bin/lesspipe %s'), ('LANGUAGE', 'pt_BR:pt:en'), ('USER', 'denis'), ('FONTCONFIG_PATH', '/etc/fonts'), ('GIO_MODULE_DIR', '/home/denis/snap/code/common/.cache/gio-modules'), ('XDG_SESSION_TYPE', 'wayland'), ('GIT_ASKPASS', '/snap/code/230/usr/share/code/resources/app/extensions/git/dist/askpass.sh'), ('GTK_EXE_PREFIX_VSCODE_SNAP_ORIG', ''), ('IGNITION_VERSION', 'citadel'), ('GDK_BACKEND_VSCODE_SNAP_ORIG', ''), ('SHLVL', '2'), ('LD_LIBRARY_PATH', '/opt/ros/humble/opt/rviz_ogre_vendor/lib:/opt/ros/humble/lib/x86_64-linux-gnu:/opt/ros/humble/lib'), ('HOME', '/home/denis'), ('CHROME_DESKTOP', 'code.desktop'), ('LOCPATH_VSCODE_SNAP_ORIG', ''), ('OLDPWD', '/home/denis/DENIS/RollerBot23/guardros_ws/src'), ('TERM_PROGRAM_VERSION', '1.112.0'), ('DESKTOP_SESSION', 'ubuntu'), ('GTK_PATH', '/snap/code/230/usr/lib/x86_64-linux-gnu/gtk-3.0'), ('XDG_DATA_HOME_VSCODE_SNAP_ORIG', ''), ('GTK_IM_MODULE_FILE', '/home/denis/snap/code/common/.cache/immodules/immodules.cache'), ('ROS_PYTHON_VERSION', '3'), ('GNOME_SHELL_SESSION_MODE', 'ubuntu'), ('GTK_MODULES', 'gail:atk-bridge'), ('GSETTINGS_SCHEMA_DIR_VSCODE_SNAP_ORIG', ''), ('VSCODE_GIT_ASKPASS_MAIN', '/snap/code/230/usr/share/code/resources/app/extensions/git/dist/askpass-main.js'), ('VSCODE_GIT_ASKPASS_NODE', '/snap/code/230/usr/share/code/code'), ('PYDEVD_DISABLE_FILE_VALIDATION', '1'), ('SYSTEMD_EXEC_PID', '1840'), ('BUNDLED_DEBUGPY_PATH', '/home/denis/.vscode/extensions/ms-python.debugpy-2025.18.0-linux-x64/bundled/libs/debugpy'), ('VSCODE_PYTHON_AUTOACTIVATE_GUARD', '1'), ('DBUS_SESSION_BUS_ADDRESS', 'unix:path=/run/user/1000/bus'), ('COLORTERM', 'truecolor'), ('IM_CONFIG_PHASE', '1'), ('WAYLAND_DISPLAY', 'wayland-0'), ('ROS_DISTRO', 'humble'), ('LOGNAME', 'denis'), ('_', '/usr/bin/colcon'), ('ROS_VERSION', '2'), ('XDG_CONFIG_DIRS_VSCODE_SNAP_ORIG', '/etc/xdg/xdg-ubuntu:/etc/xdg'), ('XDG_SESSION_CLASS', 'user'), ('XDG_DATA_DIRS_VSCODE_SNAP_ORIG', '/usr/share/ubuntu:/usr/local/share/:/usr/share/:/var/lib/snapd/desktop'), ('USERNAME', 'denis'), ('TERM', 'xterm-256color'), ('GNOME_DESKTOP_SESSION_ID', 'this-is-deprecated'), ('FC_FONTATIONS', '1'), ('ROS_LOCALHOST_ONLY', '0'), ('PATH', '/opt/ros/humble/bin:/usr/local/sbin:/usr/local/bin:/usr/sbin:/usr/bin:/sbin:/bin:/usr/games:/usr/local/games:/snap/bin:/snap/bin:/home/denis/.vscode/extensions/ms-python.debugpy-2025.18.0-linux-x64/bundled/scripts/noConfigScripts'), ('SESSION_MANAGER', 'local/denis-Aspire-A515-54G:@/tmp/.ICE-unix/1611,unix/denis-Aspire-A515-54G:/tmp/.ICE-unix/1611'), ('GTK_EXE_PREFIX', '/snap/code/230/usr'), ('XDG_MENU_PREFIX', 'gnome-'), ('GNOME_TERMINAL_SCREEN', '/org/gnome/Terminal/screen/44c58e84_9c4f_47c9_9eaa_2b824b20a3ff'), ('GNOME_SETUP_DISPLAY', ':1'), ('XDG_RUNTIME_DIR', '/run/user/1000'), ('GDK_BACKEND', 'x11'), ('DISPLAY', ':0'), ('LOCPATH', '/snap/code/230/usr/lib/locale'), ('VSCODE_DEBUGPY_ADAPTER_ENDPOINTS', '/home/denis/.vscode/extensions/ms-python.debugpy-2025.18.0-linux-x64/.noConfigDebugAdapterEndpoints/endpoint-34710e7746cf2fe7.txt'), ('LANG', 'pt_BR.UTF-8'), ('XDG_CURRENT_DESKTOP', 'ubuntu:GNOME'), ('PYTHONSTARTUP', '/home/denis/.config/Code/User/workspaceStorage/df2967002095e09e96d32d7293e245d6/ms-python.python/pythonrc.py'), ('GIO_MODULE_DIR_VSCODE_SNAP_ORIG', ''), ('XDG_DATA_HOME', '/home/denis/snap/code/230/.local/share'), ('XMODIFIERS', '@im=ibus'), ('XDG_SESSION_DESKTOP', 'ubuntu'), ('XAUTHORITY', '/run/user/1000/.mutter-Xwaylandauth.VA1SN3'), ('LS_COLORS', 'rs=0:di=01;34:ln=01;36:mh=00:pi=40;33:so=01;35:do=01;35:bd=40;33;01:cd=40;33;01:or=40;31;01:mi=00:su=37;41:sg=30;43:ca=30;41:tw=30;42:ow=34;42:st=37;44:ex=01;32:*.tar=01;31:*.tgz=01;31:*.arc=01;31:*.arj=01;31:*.taz=01;31:*.lha=01;31:*.lz4=01;31:*.lzh=01;31:*.lzma=01;31:*.tlz=01;31:*.txz=01;31:*.tzo=01;31:*.t7z=01;31:*.zip=01;31:*.z=01;31:*.dz=01;31:*.gz=01;31:*.lrz=01;31:*.lz=01;31:*.lzo=01;31:*.xz=01;31:*.zst=01;31:*.tzst=01;31:*.bz2=01;31:*.bz=01;31:*.tbz=01;31:*.tbz2=01;31:*.tz=01;31:*.deb=01;31:*.rpm=01;31:*.jar=01;31:*.war=01;31:*.ear=01;31:*.sar=01;31:*.rar=01;31:*.alz=01;31:*.ace=01;31:*.zoo=01;31:*.cpio=01;31:*.7z=01;31:*.rz=01;31:*.cab=01;31:*.wim=01;31:*.swm=01;31:*.dwm=01;31:*.esd=01;31:*.jpg=01;35:*.jpeg=01;35:*.mjpg=01;35:*.mjpeg=01;35:*.gif=01;35:*.bmp=01;35:*.pbm=01;35:*.pgm=01;35:*.ppm=01;35:*.tga=01;35:*.xbm=01;35:*.xpm=01;35:*.tif=01;35:*.tiff=01;35:*.png=01;35:*.svg=01;35:*.svgz=01;35:*.mng=01;35:*.pcx=01;35:*.mov=01;35:*.mpg=01;35:*.mpeg=01;35:*.m2v=01;35:*.mkv=01;35:*.webm=01;35:*.webp=01;35:*.ogm=01;35:*.mp4=01;35:*.m4v=01;35:*.mp4v=01;35:*.vob=01;35:*.qt=01;35:*.nuv=01;35:*.wmv=01;35:*.asf=01;35:*.rm=01;35:*.rmvb=01;35:*.flc=01;35:*.avi=01;35:*.fli=01;35:*.flv=01;35:*.gl=01;35:*.dl=01;35:*.xcf=01;35:*.xwd=01;35:*.yuv=01;35:*.cgm=01;35:*.emf=01;35:*.ogv=01;35:*.ogx=01;35:*.aac=00;36:*.au=00;36:*.flac=00;36:*.m4a=00;36:*.mid=00;36:*.midi=00;36:*.mka=00;36:*.mp3=00;36:*.mpc=00;36:*.ogg=00;36:*.ra=00;36:*.wav=00;36:*.oga=00;36:*.opus=00;36:*.spx=00;36:*.xspf=00;36:'), ('VSCODE_GIT_IPC_HANDLE', '/run/user/1000/vscode-git-13d6c4deeb.sock'), ('GNOME_TERMINAL_SERVICE', ':1.108'), ('TERM_PROGRAM', 'vscode'), ('SSH_AGENT_LAUNCHER', 'gnome-keyring'), ('SSH_AUTH_SOCK', '/run/user/1000/keyring/ssh'), ('GSETTINGS_SCHEMA_DIR', '/home/denis/snap/code/230/.local/share/glib-2.0/schemas'), ('AMENT_PREFIX_PATH', '/opt/ros/humble'), ('SHELL', '/bin/bash'), ('QT_ACCESSIBILITY', '1'), ('GDMSESSION', 'ubuntu'), ('LESSCLOSE', '/usr/bin/lesspipe %s %s'), ('GTK_PATH_VSCODE_SNAP_ORIG', ''), ('FONTCONFIG_FILE', '/etc/fonts/fonts.conf'), ('GTK_IM_MODULE_FILE_VSCODE_SNAP_ORIG', ''), ('VSCODE_GIT_ASKPASS_EXTRA_ARGS', ''), ('QT_IM_MODULE', 'ibus'), ('PWD', '/home/denis/DENIS/RollerBot23/guardros_ws/build/guardros_msgs'), ('XDG_CONFIG_DIRS', '/etc/xdg/xdg-ubuntu:/etc/xdg'), ('XDG_DATA_DIRS', '/home/denis/snap/code/230/.local/share:/home/denis/snap/code/230:/snap/code/230/usr/share:/usr/share/ubuntu:/usr/local/share/:/usr/share/:/var/lib/snapd/desktop'), ('PYTHONPATH', '/opt/ros/humble/lib/python3.10/site-packages:/opt/ros/humble/local/lib/python3.10/dist-packages'), ('COLCON', '1'), ('VTE_VERSION', '6800'), ('CMAKE_PREFIX_PATH', '/opt/ros/humble')]), 'shell': False}
[0.101419] (-) TimerEvent: {}
[0.201867] (-) TimerEvent: {}
[0.302190] (-) TimerEvent: {}
[0.402444] (-) TimerEvent: {}
[0.502713] (-) TimerEvent: {}
[0.601624] (guardros_msgs) StdoutLine: {'line': b'[  1%] Built target guardros_msgs__cpp\n'}
[0.602114] (guardros_msgs) StdoutLine: {'line': b'[ 12%] Built target guardros_msgs__rosidl_generator_c\n'}
[0.602251] (guardros_msgs) StdoutLine: {'line': b'[ 12%] Built target ament_cmake_python_symlink_guardros_msgs\n'}
[0.602648] (guardros_msgs) StdoutLine: {'line': b'[ 25%] Built target guardros_msgs__rosidl_typesupport_introspection_cpp\n'}
[0.603068] (-) TimerEvent: {}
[0.603373] (guardros_msgs) StdoutLine: {'line': b'[ 35%] Built target guardros_msgs__rosidl_typesupport_introspection_c\n'}
[0.603812] (guardros_msgs) StdoutLine: {'line': b'[ 47%] Built target guardros_msgs__rosidl_typesupport_c\n'}
[0.603923] (guardros_msgs) StdoutLine: {'line': b'[ 59%] Built target guardros_msgs__rosidl_typesupport_fastrtps_cpp\n'}
[0.604024] (guardros_msgs) StdoutLine: {'line': b'[ 71%] Built target guardros_msgs__rosidl_typesupport_fastrtps_c\n'}
[0.604124] (guardros_msgs) StdoutLine: {'line': b'[ 81%] Built target guardros_msgs__rosidl_typesupport_cpp\n'}
[0.604225] (guardros_msgs) StdoutLine: {'line': b'[ 81%] Built target guardros_msgs\n'}
[0.604326] (guardros_msgs) StdoutLine: {'line': b'[ 82%] Built target guardros_msgs__py\n'}
[0.604440] (guardros_msgs) StdoutLine: {'line': b'[ 93%] Built target guardros_msgs__rosidl_generator_py\n'}
[0.604544] (guardros_msgs) StdoutLine: {'line': b'[ 95%] Built target guardros_msgs__rosidl_typesupport_introspection_c__pyext\n'}
[0.604643] (guardros_msgs) StdoutLine: {'line': b'[ 97%] Built target guardros_msgs__rosidl_typesupport_c__pyext\n'}
[0.604741] (guardros_msgs) StdoutLine: {'line': b'[100%] Built target guardros_msgs__rosidl_typesupport_fastrtps_c__pyext\n'}
[0.604841] (guardros_msgs) StdoutLine: {'line': b'running egg_info\n'}
[0.604938] (guardros_msgs) StdoutLine: {'line': b'writing guardros_msgs.egg-info/PKG-INFO\n'}
[0.605034] (guardros_msgs) StdoutLine: {'line': b'writing dependency_links to guardros_msgs.egg-info/dependency_links.txt\n'}
[0.605129] (guardros_msgs) StdoutLine: {'line': b'writing top-level names to guardros_msgs.egg-info/top_level.txt\n'}
[0.605227] (guardros_msgs) StdoutLine: {'line': b"reading manifest file 'guardros_msgs.egg-info/SOURCES.txt'\n"}
[0.605322] (guardros_msgs) StdoutLine: {'line': b"writing manifest file 'guardros_msgs.egg-info/SOURCES.txt'\n"}
[0.605428] (guardros_msgs) StdoutLine: {'line': b'[100%] Built target ament_cmake_python_build_guardros_msgs_egg\n'}
[0.703193] (-) TimerEvent: {}
[0.803510] (-) TimerEvent: {}
[0.872543] (guardros_msgs) CommandEnded: {'returncode': 0}
[0.873718] (guardros_msgs) JobProgress: {'identifier': 'guardros_msgs', 'progress': 'install'}
[0.881509] (guardros_msgs) Command: {'cmd': ['/usr/bin/cmake', '--install', '/home/denis/DENIS/RollerBot23/guardros_ws/build/guardros_msgs'], 'cwd': '/home/denis/DENIS/RollerBot23/guardros_ws/build/guardros_msgs', 'env': OrderedDict([('PYTHON_BASIC_REPL', '1'), ('LESSOPEN', '| /usr/bin/lesspipe %s'), ('LANGUAGE', 'pt_BR:pt:en'), ('USER', 'denis'), ('FONTCONFIG_PATH', '/etc/fonts'), ('GIO_MODULE_DIR', '/home/denis/snap/code/common/.cache/gio-modules'), ('XDG_SESSION_TYPE', 'wayland'), ('GIT_ASKPASS', '/snap/code/230/usr/share/code/resources/app/extensions/git/dist/askpass.sh'), ('GTK_EXE_PREFIX_VSCODE_SNAP_ORIG', ''), ('IGNITION_VERSION', 'citadel'), ('GDK_BACKEND_VSCODE_SNAP_ORIG', ''), ('SHLVL', '2'), ('LD_LIBRARY_PATH', '/opt/ros/humble/opt/rviz_ogre_vendor/lib:/opt/ros/humble/lib/x86_64-linux-gnu:/opt/ros/humble/lib'), ('HOME', '/home/denis'), ('CHROME_DESKTOP', 'code.desktop'), ('LOCPATH_VSCODE_SNAP_ORIG', ''), ('OLDPWD', '/home/denis/DENIS/RollerBot23/guardros_ws/src'), ('TERM_PROGRAM_VERSION', '1.112.0'), ('DESKTOP_SESSION', 'ubuntu'), ('GTK_PATH', '/snap/code/230/usr/lib/x86_64-linux-gnu/gtk-3.0'), ('XDG_DATA_HOME_VSCODE_SNAP_ORIG', ''), ('GTK_IM_MODULE_FILE', '/home/denis/snap/code/common/.cache/immodules/immodules.cache'), ('ROS_PYTHON_VERSION', '3'), ('GNOME_SHELL_SESSION_MODE', 'ubuntu'), ('GTK_MODULES', 'gail:atk-bridge'), ('GSETTINGS_SCHEMA_DIR_VSCODE_SNAP_ORIG', ''), ('VSCODE_GIT_ASKPASS_MAIN', '/snap/code/230/usr/share/code/resources/app/extensions/git/dist/askpass-main.js'), ('VSCODE_GIT_ASKPASS_NODE', '/snap/code/230/usr/share/code/code'), ('PYDEVD_DISABLE_FILE_VALIDATION', '1'), ('SYSTEMD_EXEC_PID', '1840'), ('BUNDLED_DEBUGPY_PATH', '/home/denis/.vscode/extensions/ms-python.debugpy-2025.18.0-linux-x64/bundled/libs/debugpy'), ('VSCODE_PYTHON_AUTOACTIVATE_GUARD', '1'), ('DBUS_SESSION_BUS_ADDRESS', 'unix:path=/run/user/1000/bus'), ('COLORTERM', 'truecolor'), ('IM_CONFIG_PHASE', '1'), ('WAYLAND_DISPLAY', 'wayland-0'), ('ROS_DISTRO', 'humble'), ('LOGNAME', 'denis'), ('_', '/usr/bin/colcon'), ('ROS_VERSION', '2'), ('XDG_CONFIG_DIRS_VSCODE_SNAP_ORIG', '/etc/xdg/xdg-ubuntu:/etc/xdg'), ('XDG_SESSION_CLASS', 'user'), ('XDG_DATA_DIRS_VSCODE_SNAP_ORIG', '/usr/share/ubuntu:/usr/local/share/:/usr/share/:/var/lib/snapd/desktop'), ('USERNAME', 'denis'), ('TERM', 'xterm-256color'), ('GNOME_DESKTOP_SESSION_ID', 'this-is-deprecated'), ('FC_FONTATIONS', '1'), ('ROS_LOCALHOST_ONLY', '0'), ('PATH', '/opt/ros/humble/bin:/usr/local/sbin:/usr/local/bin:/usr/sbin:/usr/bin:/sbin:/bin:/usr/games:/usr/local/games:/snap/bin:/snap/bin:/home/denis/.vscode/extensions/ms-python.debugpy-2025.18.0-linux-x64/bundled/scripts/noConfigScripts'), ('SESSION_MANAGER', 'local/denis-Aspire-A515-54G:@/tmp/.ICE-unix/1611,unix/denis-Aspire-A515-54G:/tmp/.ICE-unix/1611'), ('GTK_EXE_PREFIX', '/snap/code/230/usr'), ('XDG_MENU_PREFIX', 'gnome-'), ('GNOME_TERMINAL_SCREEN', '/org/gnome/Terminal/screen/44c58e84_9c4f_47c9_9eaa_2b824b20a3ff'), ('GNOME_SETUP_DISPLAY', ':1'), ('XDG_RUNTIME_DIR', '/run/user/1000'), ('GDK_BACKEND', 'x11'), ('DISPLAY', ':0'), ('LOCPATH', '/snap/code/230/usr/lib/locale'), ('VSCODE_DEBUGPY_ADAPTER_ENDPOINTS', '/home/denis/.vscode/extensions/ms-python.debugpy-2025.18.0-linux-x64/.noConfigDebugAdapterEndpoints/endpoint-34710e7746cf2fe7.txt'), ('LANG', 'pt_BR.UTF-8'), ('XDG_CURRENT_DESKTOP', 'ubuntu:GNOME'), ('PYTHONSTARTUP', '/home/denis/.config/Code/User/workspaceStorage/df2967002095e09e96d32d7293e245d6/ms-python.python/pythonrc.py'), ('GIO_MODULE_DIR_VSCODE_SNAP_ORIG', ''), ('XDG_DATA_HOME', '/home/denis/snap/code/230/.local/share'), ('XMODIFIERS', '@im=ibus'), ('XDG_SESSION_DESKTOP', 'ubuntu'), ('XAUTHORITY', '/run/user/1000/.mutter-Xwaylandauth.VA1SN3'), ('LS_COLORS', 'rs=0:di=01;34:ln=01;36:mh=00:pi=40;33:so=01;35:do=01;35:bd=40;33;01:cd=40;33;01:or=40;31;01:mi=00:su=37;41:sg=30;43:ca=30;41:tw=30;42:ow=34;42:st=37;44:ex=01;32:*.tar=01;31:*.tgz=01;31:*.arc=01;31:*.arj=01;31:*.taz=01;31:*.lha=01;31:*.lz4=01;31:*.lzh=01;31:*.lzma=01;31:*.tlz=01;31:*.txz=01;31:*.tzo=01;31:*.t7z=01;31:*.zip=01;31:*.z=01;31:*.dz=01;31:*.gz=01;31:*.lrz=01;31:*.lz=01;31:*.lzo=01;31:*.xz=01;31:*.zst=01;31:*.tzst=01;31:*.bz2=01;31:*.bz=01;31:*.tbz=01;31:*.tbz2=01;31:*.tz=01;31:*.deb=01;31:*.rpm=01;31:*.jar=01;31:*.war=01;31:*.ear=01;31:*.sar=01;31:*.rar=01;31:*.alz=01;31:*.ace=01;31:*.zoo=01;31:*.cpio=01;31:*.7z=01;31:*.rz=01;31:*.cab=01;31:*.wim=01;31:*.swm=01;31:*.dwm=01;31:*.esd=01;31:*.jpg=01;35:*.jpeg=01;35:*.mjpg=01;35:*.mjpeg=01;35:*.gif=01;35:*.bmp=01;35:*.pbm=01;35:*.pgm=01;35:*.ppm=01;35:*.tga=01;35:*.xbm=01;35:*.xpm=01;35:*.tif=01;35:*.tiff=01;35:*.png=01;35:*.svg=01;35:*.svgz=01;35:*.mng=01;35:*.pcx=01;35:*.mov=01;35:*.mpg=01;35:*.mpeg=01;35:*.m2v=01;35:*.mkv=01;35:*.webm=01;35:*.webp=01;35:*.ogm=01;35:*.mp4=01;35:*.m4v=01;35:*.mp4v=01;35:*.vob=01;35:*.qt=01;35:*.nuv=01;35:*.wmv=01;35:*.asf=01;35:*.rm=01;35:*.rmvb=01;35:*.flc=01;35:*.avi=01;35:*.fli=01;35:*.flv=01;35:*.gl=01;35:*.dl=01;35:*.xcf=01;35:*.xwd=01;35:*.yuv=01;35:*.cgm=01;35:*.emf=01;35:*.ogv=01;35:*.ogx=01;35:*.aac=00;36:*.au=00;36:*.flac=00;36:*.m4a=00;36:*.mid=00;36:*.midi=00;36:*.mka=00;36:*.mp3=00;36:*.mpc=00;36:*.ogg=00;36:*.ra=00;36:*.wav=00;36:*.oga=00;36:*.opus=00;36:*.spx=00;36:*.xspf=00;36:'), ('VSCODE_GIT_IPC_HANDLE', '/run/user/1000/vscode-git-13d6c4deeb.sock'), ('GNOME_TERMINAL_SERVICE', ':1.108'), ('TERM_PROGRAM', 'vscode'), ('SSH_AGENT_LAUNCHER', 'gnome-keyring'), ('SSH_AUTH_SOCK', '/run/user/1000/keyring/ssh'), ('GSETTINGS_SCHEMA_DIR', '/home/denis/snap/code/230/.local/share/glib-2.0/schemas'), ('AMENT_PREFIX_PATH', '/opt/ros/humble'), ('SHELL', '/bin/bash'), ('QT_ACCESSIBILITY', '1'), ('GDMSESSION', 'ubuntu'), ('LESSCLOSE', '/usr/bin/lesspipe %s %s'), ('GTK_PATH_VSCODE_SNAP_ORIG', ''), ('FONTCONFIG_FILE', '/etc/fonts/fonts.conf'), ('GTK_IM_MODULE_FILE_VSCODE_SNAP_ORIG', ''), ('VSCODE_GIT_ASKPASS_EXTRA_ARGS', ''), ('QT_IM_MODULE', 'ibus'), ('PWD', '/home/denis/DENIS/RollerBot23/guardros_ws/build/guardros_msgs'), ('XDG_CONFIG_DIRS', '/etc/xdg/xdg-ubuntu:/etc/xdg'), ('XDG_DATA_DIRS', '/home/denis/snap/code/230/.local/share:/home/denis/snap/code/230:/snap/code/230/usr/share:/usr/share/ubuntu:/usr/local/share/:/usr/share/:/var/lib/snapd/desktop'), ('PYTHONPATH', '/opt/ros/humble/lib/python3.10/site-packages:/opt/ros/humble/local/lib/python3.10/dist-packages'), ('COLCON', '1'), ('VTE_VERSION', '6800'), ('CMAKE_PREFIX_PATH', '/opt/ros/humble')]), 'shell': False}
[0.888862] (guardros_msgs) StdoutLine: {'line': b'-- Install configuration: ""\n'}
[0.889669] (guardros_msgs) StdoutLine: {'line': b'-- Execute custom install script\n'}
[0.890017] (guardros_msgs) StdoutLine: {'line': b'-- Up-to-date symlink: /home/denis/DENIS/RollerBot23/guardros_ws/install/guardros_msgs/share/ament_index/resource_index/rosidl_interfaces/guardros_msgs\n'}
[0.891159] (guardros_msgs) StdoutLine: {'line': b'-- Up-to-date symlink: /home/denis/DENIS/RollerBot23/guardros_ws/install/guardros_msgs/include/guardros_msgs/guardros_msgs/msg/audio_frame.h\n'}
[0.891359] (guardros_msgs) StdoutLine: {'line': b'-- Up-to-date symlink: /home/denis/DENIS/RollerBot23/guardros_ws/install/guardros_msgs/include/guardros_msgs/guardros_msgs/msg/audio_mode.h\n'}
[0.891559] (guardros_msgs) StdoutLine: {'line': b'-- Up-to-date symlink: /home/denis/DENIS/RollerBot23/guardros_ws/install/guardros_msgs/include/guardros_msgs/guardros_msgs/msg/battery.h\n'}
[0.891738] (guardros_msgs) StdoutLine: {'line': b'-- Up-to-date symlink: /home/denis/DENIS/RollerBot23/guardros_ws/install/guardros_msgs/include/guardros_msgs/guardros_msgs/msg/command_state.h\n'}
[0.891935] (guardros_msgs) StdoutLine: {'line': b'-- Up-to-date symlink: /home/denis/DENIS/RollerBot23/guardros_ws/install/guardros_msgs/include/guardros_msgs/guardros_msgs/msg/connection_status.h\n'}
[0.892129] (guardros_msgs) StdoutLine: {'line': b'-- Up-to-date symlink: /home/denis/DENIS/RollerBot23/guardros_ws/install/guardros_msgs/include/guardros_msgs/guardros_msgs/msg/detail/audio_frame__functions.h\n'}
[0.892329] (guardros_msgs) StdoutLine: {'line': b'-- Up-to-date symlink: /home/denis/DENIS/RollerBot23/guardros_ws/install/guardros_msgs/include/guardros_msgs/guardros_msgs/msg/detail/audio_frame__struct.h\n'}
[0.892549] (guardros_msgs) StdoutLine: {'line': b'-- Up-to-date symlink: /home/denis/DENIS/RollerBot23/guardros_ws/install/guardros_msgs/include/guardros_msgs/guardros_msgs/msg/detail/audio_frame__type_support.h\n'}
[0.892737] (guardros_msgs) StdoutLine: {'line': b'-- Up-to-date symlink: /home/denis/DENIS/RollerBot23/guardros_ws/install/guardros_msgs/include/guardros_msgs/guardros_msgs/msg/detail/audio_mode__functions.h\n'}
[0.892921] (guardros_msgs) StdoutLine: {'line': b'-- Up-to-date symlink: /home/denis/DENIS/RollerBot23/guardros_ws/install/guardros_msgs/include/guardros_msgs/guardros_msgs/msg/detail/audio_mode__struct.h\n'}
[0.893112] (guardros_msgs) StdoutLine: {'line': b'-- Up-to-date symlink: /home/denis/DENIS/RollerBot23/guardros_ws/install/guardros_msgs/include/guardros_msgs/guardros_msgs/msg/detail/audio_mode__type_support.h\n'}
[0.893293] (guardros_msgs) StdoutLine: {'line': b'-- Up-to-date symlink: /home/denis/DENIS/RollerBot23/guardros_ws/install/guardros_msgs/include/guardros_msgs/guardros_msgs/msg/detail/battery__functions.h\n'}
[0.893506] (guardros_msgs) StdoutLine: {'line': b'-- Up-to-date symlink: /home/denis/DENIS/RollerBot23/guardros_ws/install/guardros_msgs/include/guardros_msgs/guardros_msgs/msg/detail/battery__struct.h\n'}
[0.893696] (guardros_msgs) StdoutLine: {'line': b'-- Up-to-date symlink: /home/denis/DENIS/RollerBot23/guardros_ws/install/guardros_msgs/include/guardros_msgs/guardros_msgs/msg/detail/battery__type_support.h\n'}
[0.893881] (guardros_msgs) StdoutLine: {'line': b'-- Up-to-date symlink: /home/denis/DENIS/RollerBot23/guardros_ws/install/guardros_msgs/include/guardros_msgs/guardros_msgs/msg/detail/command_state__functions.h\n'}
[0.894072] (guardros_msgs) StdoutLine: {'line': b'-- Up-to-date symlink: /home/denis/DENIS/RollerBot23/guardros_ws/install/guardros_msgs/include/guardros_msgs/guardros_msgs/msg/detail/command_state__struct.h\n'}
[0.894251] (guardros_msgs) StdoutLine: {'line': b'-- Up-to-date symlink: /home/denis/DENIS/RollerBot23/guardros_ws/install/guardros_msgs/include/guardros_msgs/guardros_msgs/msg/detail/command_state__type_support.h\n'}
[0.894442] (guardros_msgs) StdoutLine: {'line': b'-- Up-to-date symlink: /home/denis/DENIS/RollerBot23/guardros_ws/install/guardros_msgs/include/guardros_msgs/guardros_msgs/msg/detail/connection_status__functions.h\n'}
[0.894632] (guardros_msgs) StdoutLine: {'line': b'-- Up-to-date symlink: /home/denis/DENIS/RollerBot23/guardros_ws/install/guardros_msgs/include/guardros_msgs/guardros_msgs/msg/detail/connection_status__struct.h\n'}
[0.894817] (guardros_msgs) StdoutLine: {'line': b'-- Up-to-date symlink: /home/denis/DENIS/RollerBot23/guardros_ws/install/guardros_msgs/include/guardros_msgs/guardros_msgs/msg/detail/connection_status__type_support.h\n'}
[0.894999] (guardros_msgs) StdoutLine: {'line': b'-- Up-to-date symlink: /home/denis/DENIS/RollerBot23/guardros_ws/install/guardros_msgs/include/guardros_msgs/guardros_msgs/msg/detail/drive_status__functions.h\n'}
[0.895185] (guardros_msgs) StdoutLine: {'line': b'-- Up-to-date symlink: /home/denis/DENIS/RollerBot23/guardros_ws/install/guardros_msgs/include/guardros_msgs/guardros_msgs/msg/detail/drive_status__struct.h\n'}
[0.895371] (guardros_msgs) StdoutLine: {'line': b'-- Up-to-date symlink: /home/denis/DENIS/RollerBot23/guardros_ws/install/guardros_msgs/include/guardros_msgs/guardros_msgs/msg/detail/drive_status__type_support.h\n'}
[0.895570] (guardros_msgs) StdoutLine: {'line': b'-- Up-to-date symlink: /home/denis/DENIS/RollerBot23/guardros_ws/install/guardros_msgs/include/guardros_msgs/guardros_msgs/msg/detail/magnetometer__functions.h\n'}
[0.895755] (guardros_msgs) StdoutLine: {'line': b'-- Up-to-date symlink: /home/denis/DENIS/RollerBot23/guardros_ws/install/guardros_msgs/include/guardros_msgs/guardros_msgs/msg/detail/magnetometer__struct.h\n'}
[0.895935] (guardros_msgs) StdoutLine: {'line': b'-- Up-to-date symlink: /home/denis/DENIS/RollerBot23/guardros_ws/install/guardros_msgs/include/guardros_msgs/guardros_msgs/msg/detail/magnetometer__type_support.h\n'}
[0.896114] (guardros_msgs) StdoutLine: {'line': b'-- Up-to-date symlink: /home/denis/DENIS/RollerBot23/guardros_ws/install/guardros_msgs/include/guardros_msgs/guardros_msgs/msg/detail/temperatures__functions.h\n'}
[0.896314] (guardros_msgs) StdoutLine: {'line': b'-- Up-to-date symlink: /home/denis/DENIS/RollerBot23/guardros_ws/install/guardros_msgs/include/guardros_msgs/guardros_msgs/msg/detail/temperatures__struct.h\n'}
[0.896613] (guardros_msgs) StdoutLine: {'line': b'-- Up-to-date symlink: /home/denis/DENIS/RollerBot23/guardros_ws/install/guardros_msgs/include/guardros_msgs/guardros_msgs/msg/detail/temperatures__type_support.h\n'}
[0.896805] (guardros_msgs) StdoutLine: {'line': b'-- Up-to-date symlink: /home/denis/DENIS/RollerBot23/guardros_ws/install/guardros_msgs/include/guardros_msgs/guardros_msgs/msg/drive_status.h\n'}
[0.896983] (guardros_msgs) StdoutLine: {'line': b'-- Up-to-date symlink: /home/denis/DENIS/RollerBot23/guardros_ws/install/guardros_msgs/include/guardros_msgs/guardros_msgs/msg/magnetometer.h\n'}
[0.897159] (guardros_msgs) StdoutLine: {'line': b'-- Up-to-date symlink: /home/denis/DENIS/RollerBot23/guardros_ws/install/guardros_msgs/include/guardros_msgs/guardros_msgs/msg/rosidl_generator_c__visibility_control.h\n'}
[0.897338] (guardros_msgs) StdoutLine: {'line': b'-- Up-to-date symlink: /home/denis/DENIS/RollerBot23/guardros_ws/install/guardros_msgs/include/guardros_msgs/guardros_msgs/msg/temperatures.h\n'}
[0.897625] (guardros_msgs) StdoutLine: {'line': b'-- Up-to-date symlink: /home/denis/DENIS/RollerBot23/guardros_ws/install/guardros_msgs/share/guardros_msgs/environment/library_path.sh\n'}
[0.897880] (guardros_msgs) StdoutLine: {'line': b'-- Up-to-date symlink: /home/denis/DENIS/RollerBot23/guardros_ws/install/guardros_msgs/share/guardros_msgs/environment/library_path.dsv\n'}
[0.899024] (guardros_msgs) StdoutLine: {'line': b'-- Up-to-date symlink: /home/denis/DENIS/RollerBot23/guardros_ws/install/guardros_msgs/include/guardros_msgs/guardros_msgs/msg/detail/audio_frame__rosidl_typesupport_fastrtps_c.h\n'}
[0.899233] (guardros_msgs) StdoutLine: {'line': b'-- Up-to-date symlink: /home/denis/DENIS/RollerBot23/guardros_ws/install/guardros_msgs/include/guardros_msgs/guardros_msgs/msg/detail/audio_mode__rosidl_typesupport_fastrtps_c.h\n'}
[0.899401] (guardros_msgs) StdoutLine: {'line': b'-- Up-to-date symlink: /home/denis/DENIS/RollerBot23/guardros_ws/install/guardros_msgs/include/guardros_msgs/guardros_msgs/msg/detail/battery__rosidl_typesupport_fastrtps_c.h\n'}
[0.899600] (guardros_msgs) StdoutLine: {'line': b'-- Up-to-date symlink: /home/denis/DENIS/RollerBot23/guardros_ws/install/guardros_msgs/include/guardros_msgs/guardros_msgs/msg/detail/command_state__rosidl_typesupport_fastrtps_c.h\n'}
[0.899782] (guardros_msgs) StdoutLine: {'line': b'-- Up-to-date symlink: /home/denis/DENIS/RollerBot23/guardros_ws/install/guardros_msgs/include/guardros_msgs/guardros_msgs/msg/detail/connection_status__rosidl_typesupport_fastrtps_c.h\n'}
[0.899961] (guardros_msgs) StdoutLine: {'line': b'-- Up-to-date symlink: /home/denis/DENIS/RollerBot23/guardros_ws/install/guardros_msgs/include/guardros_msgs/guardros_msgs/msg/detail/drive_status__rosidl_typesupport_fastrtps_c.h\n'}
[0.900144] (guardros_msgs) StdoutLine: {'line': b'-- Up-to-date symlink: /home/denis/DENIS/RollerBot23/guardros_ws/install/guardros_msgs/include/guardros_msgs/guardros_msgs/msg/detail/magnetometer__rosidl_typesupport_fastrtps_c.h\n'}
[0.900323] (guardros_msgs) StdoutLine: {'line': b'-- Up-to-date symlink: /home/denis/DENIS/RollerBot23/guardros_ws/install/guardros_msgs/include/guardros_msgs/guardros_msgs/msg/detail/temperatures__rosidl_typesupport_fastrtps_c.h\n'}
[0.900506] (guardros_msgs) StdoutLine: {'line': b'-- Up-to-date symlink: /home/denis/DENIS/RollerBot23/guardros_ws/install/guardros_msgs/include/guardros_msgs/guardros_msgs/msg/rosidl_typesupport_fastrtps_c__visibility_control.h\n'}
[0.901257] (guardros_msgs) StdoutLine: {'line': b'-- Up-to-date symlink: /home/denis/DENIS/RollerBot23/guardros_ws/install/guardros_msgs/include/guardros_msgs/guardros_msgs/msg/detail/audio_frame__rosidl_typesupport_introspection_c.h\n'}
[0.901443] (guardros_msgs) StdoutLine: {'line': b'-- Up-to-date symlink: /home/denis/DENIS/RollerBot23/guardros_ws/install/guardros_msgs/include/guardros_msgs/guardros_msgs/msg/detail/audio_mode__rosidl_typesupport_introspection_c.h\n'}
[0.901638] (guardros_msgs) StdoutLine: {'line': b'-- Up-to-date symlink: /home/denis/DENIS/RollerBot23/guardros_ws/install/guardros_msgs/include/guardros_msgs/guardros_msgs/msg/detail/battery__rosidl_typesupport_introspection_c.h\n'}
[0.901823] (guardros_msgs) StdoutLine: {'line': b'-- Up-to-date symlink: /home/denis/DENIS/RollerBot23/guardros_ws/install/guardros_msgs/include/guardros_msgs/guardros_msgs/msg/detail/command_state__rosidl_typesupport_introspection_c.h\n'}
[0.902010] (guardros_msgs) StdoutLine: {'line': b'-- Up-to-date symlink: /home/denis/DENIS/RollerBot23/guardros_ws/install/guardros_msgs/include/guardros_msgs/guardros_msgs/msg/detail/connection_status__rosidl_typesupport_introspection_c.h\n'}
[0.902194] (guardros_msgs) StdoutLine: {'line': b'-- Up-to-date symlink: /home/denis/DENIS/RollerBot23/guardros_ws/install/guardros_msgs/include/guardros_msgs/guardros_msgs/msg/detail/drive_status__rosidl_typesupport_introspection_c.h\n'}
[0.902385] (guardros_msgs) StdoutLine: {'line': b'-- Up-to-date symlink: /home/denis/DENIS/RollerBot23/guardros_ws/install/guardros_msgs/include/guardros_msgs/guardros_msgs/msg/detail/magnetometer__rosidl_typesupport_introspection_c.h\n'}
[0.902572] (guardros_msgs) StdoutLine: {'line': b'-- Up-to-date symlink: /home/denis/DENIS/RollerBot23/guardros_ws/install/guardros_msgs/include/guardros_msgs/guardros_msgs/msg/detail/temperatures__rosidl_typesupport_introspection_c.h\n'}
[0.902749] (guardros_msgs) StdoutLine: {'line': b'-- Up-to-date symlink: /home/denis/DENIS/RollerBot23/guardros_ws/install/guardros_msgs/include/guardros_msgs/guardros_msgs/msg/rosidl_typesupport_introspection_c__visibility_control.h\n'}
[0.903581] (-) TimerEvent: {}
[0.903947] (guardros_msgs) StdoutLine: {'line': b'-- Up-to-date symlink: /home/denis/DENIS/RollerBot23/guardros_ws/install/guardros_msgs/include/guardros_msgs/guardros_msgs/msg/audio_frame.hpp\n'}
[0.904138] (guardros_msgs) StdoutLine: {'line': b'-- Up-to-date symlink: /home/denis/DENIS/RollerBot23/guardros_ws/install/guardros_msgs/include/guardros_msgs/guardros_msgs/msg/audio_mode.hpp\n'}
[0.904299] (guardros_msgs) StdoutLine: {'line': b'-- Up-to-date symlink: /home/denis/DENIS/RollerBot23/guardros_ws/install/guardros_msgs/include/guardros_msgs/guardros_msgs/msg/battery.hpp\n'}
[0.904489] (guardros_msgs) StdoutLine: {'line': b'-- Up-to-date symlink: /home/denis/DENIS/RollerBot23/guardros_ws/install/guardros_msgs/include/guardros_msgs/guardros_msgs/msg/command_state.hpp\n'}
[0.904677] (guardros_msgs) StdoutLine: {'line': b'-- Up-to-date symlink: /home/denis/DENIS/RollerBot23/guardros_ws/install/guardros_msgs/include/guardros_msgs/guardros_msgs/msg/connection_status.hpp\n'}
[0.904862] (guardros_msgs) StdoutLine: {'line': b'-- Up-to-date symlink: /home/denis/DENIS/RollerBot23/guardros_ws/install/guardros_msgs/include/guardros_msgs/guardros_msgs/msg/detail/audio_frame__builder.hpp\n'}
[0.905045] (guardros_msgs) StdoutLine: {'line': b'-- Up-to-date symlink: /home/denis/DENIS/RollerBot23/guardros_ws/install/guardros_msgs/include/guardros_msgs/guardros_msgs/msg/detail/audio_frame__struct.hpp\n'}
[0.905229] (guardros_msgs) StdoutLine: {'line': b'-- Up-to-date symlink: /home/denis/DENIS/RollerBot23/guardros_ws/install/guardros_msgs/include/guardros_msgs/guardros_msgs/msg/detail/audio_frame__traits.hpp\n'}
[0.905423] (guardros_msgs) StdoutLine: {'line': b'-- Up-to-date symlink: /home/denis/DENIS/RollerBot23/guardros_ws/install/guardros_msgs/include/guardros_msgs/guardros_msgs/msg/detail/audio_frame__type_support.hpp\n'}
[0.905613] (guardros_msgs) StdoutLine: {'line': b'-- Up-to-date symlink: /home/denis/DENIS/RollerBot23/guardros_ws/install/guardros_msgs/include/guardros_msgs/guardros_msgs/msg/detail/audio_mode__builder.hpp\n'}
[0.905802] (guardros_msgs) StdoutLine: {'line': b'-- Up-to-date symlink: /home/denis/DENIS/RollerBot23/guardros_ws/install/guardros_msgs/include/guardros_msgs/guardros_msgs/msg/detail/audio_mode__struct.hpp\n'}
[0.905986] (guardros_msgs) StdoutLine: {'line': b'-- Up-to-date symlink: /home/denis/DENIS/RollerBot23/guardros_ws/install/guardros_msgs/include/guardros_msgs/guardros_msgs/msg/detail/audio_mode__traits.hpp\n'}
[0.906167] (guardros_msgs) StdoutLine: {'line': b'-- Up-to-date symlink: /home/denis/DENIS/RollerBot23/guardros_ws/install/guardros_msgs/include/guardros_msgs/guardros_msgs/msg/detail/audio_mode__type_support.hpp\n'}
[0.906356] (guardros_msgs) StdoutLine: {'line': b'-- Up-to-date symlink: /home/denis/DENIS/RollerBot23/guardros_ws/install/guardros_msgs/include/guardros_msgs/guardros_msgs/msg/detail/battery__builder.hpp\n'}
[0.906558] (guardros_msgs) StdoutLine: {'line': b'-- Up-to-date symlink: /home/denis/DENIS/RollerBot23/guardros_ws/install/guardros_msgs/include/guardros_msgs/guardros_msgs/msg/detail/battery__struct.hpp\n'}
[0.906745] (guardros_msgs) StdoutLine: {'line': b'-- Up-to-date symlink: /home/denis/DENIS/RollerBot23/guardros_ws/install/guardros_msgs/include/guardros_msgs/guardros_msgs/msg/detail/battery__traits.hpp\n'}
[0.906928] (guardros_msgs) StdoutLine: {'line': b'-- Up-to-date symlink: /home/denis/DENIS/RollerBot23/guardros_ws/install/guardros_msgs/include/guardros_msgs/guardros_msgs/msg/detail/battery__type_support.hpp\n'}
[0.907111] (guardros_msgs) StdoutLine: {'line': b'-- Up-to-date symlink: /home/denis/DENIS/RollerBot23/guardros_ws/install/guardros_msgs/include/guardros_msgs/guardros_msgs/msg/detail/command_state__builder.hpp\n'}
[0.907292] (guardros_msgs) StdoutLine: {'line': b'-- Up-to-date symlink: /home/denis/DENIS/RollerBot23/guardros_ws/install/guardros_msgs/include/guardros_msgs/guardros_msgs/msg/detail/command_state__struct.hpp\n'}
[0.907485] (guardros_msgs) StdoutLine: {'line': b'-- Up-to-date symlink: /home/denis/DENIS/RollerBot23/guardros_ws/install/guardros_msgs/include/guardros_msgs/guardros_msgs/msg/detail/command_state__traits.hpp\n'}
[0.907673] (guardros_msgs) StdoutLine: {'line': b'-- Up-to-date symlink: /home/denis/DENIS/RollerBot23/guardros_ws/install/guardros_msgs/include/guardros_msgs/guardros_msgs/msg/detail/command_state__type_support.hpp\n'}
[0.907850] (guardros_msgs) StdoutLine: {'line': b'-- Up-to-date symlink: /home/denis/DENIS/RollerBot23/guardros_ws/install/guardros_msgs/include/guardros_msgs/guardros_msgs/msg/detail/connection_status__builder.hpp\n'}
[0.908034] (guardros_msgs) StdoutLine: {'line': b'-- Up-to-date symlink: /home/denis/DENIS/RollerBot23/guardros_ws/install/guardros_msgs/include/guardros_msgs/guardros_msgs/msg/detail/connection_status__struct.hpp\n'}
[0.908216] (guardros_msgs) StdoutLine: {'line': b'-- Up-to-date symlink: /home/denis/DENIS/RollerBot23/guardros_ws/install/guardros_msgs/include/guardros_msgs/guardros_msgs/msg/detail/connection_status__traits.hpp\n'}
[0.908401] (guardros_msgs) StdoutLine: {'line': b'-- Up-to-date symlink: /home/denis/DENIS/RollerBot23/guardros_ws/install/guardros_msgs/include/guardros_msgs/guardros_msgs/msg/detail/connection_status__type_support.hpp\n'}
[0.908592] (guardros_msgs) StdoutLine: {'line': b'-- Up-to-date symlink: /home/denis/DENIS/RollerBot23/guardros_ws/install/guardros_msgs/include/guardros_msgs/guardros_msgs/msg/detail/drive_status__builder.hpp\n'}
[0.908780] (guardros_msgs) StdoutLine: {'line': b'-- Up-to-date symlink: /home/denis/DENIS/RollerBot23/guardros_ws/install/guardros_msgs/include/guardros_msgs/guardros_msgs/msg/detail/drive_status__struct.hpp\n'}
[0.908962] (guardros_msgs) StdoutLine: {'line': b'-- Up-to-date symlink: /home/denis/DENIS/RollerBot23/guardros_ws/install/guardros_msgs/include/guardros_msgs/guardros_msgs/msg/detail/drive_status__traits.hpp\n'}
[0.909149] (guardros_msgs) StdoutLine: {'line': b'-- Up-to-date symlink: /home/denis/DENIS/RollerBot23/guardros_ws/install/guardros_msgs/include/guardros_msgs/guardros_msgs/msg/detail/drive_status__type_support.hpp\n'}
[0.909337] (guardros_msgs) StdoutLine: {'line': b'-- Up-to-date symlink: /home/denis/DENIS/RollerBot23/guardros_ws/install/guardros_msgs/include/guardros_msgs/guardros_msgs/msg/detail/magnetometer__builder.hpp\n'}
[0.909530] (guardros_msgs) StdoutLine: {'line': b'-- Up-to-date symlink: /home/denis/DENIS/RollerBot23/guardros_ws/install/guardros_msgs/include/guardros_msgs/guardros_msgs/msg/detail/magnetometer__struct.hpp\n'}
[0.909730] (guardros_msgs) StdoutLine: {'line': b'-- Up-to-date symlink: /home/denis/DENIS/RollerBot23/guardros_ws/install/guardros_msgs/include/guardros_msgs/guardros_msgs/msg/detail/magnetometer__traits.hpp\n'}
[0.910537] (guardros_msgs) StdoutLine: {'line': b'-- Up-to-date symlink: /home/denis/DENIS/RollerBot23/guardros_ws/install/guardros_msgs/include/guardros_msgs/guardros_msgs/msg/detail/magnetometer__type_support.hpp\n'}
[0.910697] (guardros_msgs) StdoutLine: {'line': b'-- Up-to-date symlink: /home/denis/DENIS/RollerBot23/guardros_ws/install/guardros_msgs/include/guardros_msgs/guardros_msgs/msg/detail/temperatures__builder.hpp\n'}
[0.910821] (guardros_msgs) StdoutLine: {'line': b'-- Up-to-date symlink: /home/denis/DENIS/RollerBot23/guardros_ws/install/guardros_msgs/include/guardros_msgs/guardros_msgs/msg/detail/temperatures__struct.hpp\n'}
[0.910940] (guardros_msgs) StdoutLine: {'line': b'-- Up-to-date symlink: /home/denis/DENIS/RollerBot23/guardros_ws/install/guardros_msgs/include/guardros_msgs/guardros_msgs/msg/detail/temperatures__traits.hpp\n'}
[0.911124] (guardros_msgs) StdoutLine: {'line': b'-- Up-to-date symlink: /home/denis/DENIS/RollerBot23/guardros_ws/install/guardros_msgs/include/guardros_msgs/guardros_msgs/msg/detail/temperatures__type_support.hpp\n'}
[0.911850] (guardros_msgs) StdoutLine: {'line': b'-- Up-to-date symlink: /home/denis/DENIS/RollerBot23/guardros_ws/install/guardros_msgs/include/guardros_msgs/guardros_msgs/msg/drive_status.hpp\n'}
[0.911972] (guardros_msgs) StdoutLine: {'line': b'-- Up-to-date symlink: /home/denis/DENIS/RollerBot23/guardros_ws/install/guardros_msgs/include/guardros_msgs/guardros_msgs/msg/magnetometer.hpp\n'}
[0.912081] (guardros_msgs) StdoutLine: {'line': b'-- Up-to-date symlink: /home/denis/DENIS/RollerBot23/guardros_ws/install/guardros_msgs/include/guardros_msgs/guardros_msgs/msg/rosidl_generator_cpp__visibility_control.hpp\n'}
[0.912201] (guardros_msgs) StdoutLine: {'line': b'-- Up-to-date symlink: /home/denis/DENIS/RollerBot23/guardros_ws/install/guardros_msgs/include/guardros_msgs/guardros_msgs/msg/temperatures.hpp\n'}
[0.916132] (guardros_msgs) StdoutLine: {'line': b'-- Up-to-date symlink: /home/denis/DENIS/RollerBot23/guardros_ws/install/guardros_msgs/include/guardros_msgs/guardros_msgs/msg/detail/audio_frame__rosidl_typesupport_fastrtps_cpp.hpp\n'}
[0.916323] (guardros_msgs) StdoutLine: {'line': b'-- Up-to-date symlink: /home/denis/DENIS/RollerBot23/guardros_ws/install/guardros_msgs/include/guardros_msgs/guardros_msgs/msg/detail/audio_mode__rosidl_typesupport_fastrtps_cpp.hpp\n'}
[0.916457] (guardros_msgs) StdoutLine: {'line': b'-- Up-to-date symlink: /home/denis/DENIS/RollerBot23/guardros_ws/install/guardros_msgs/include/guardros_msgs/guardros_msgs/msg/detail/battery__rosidl_typesupport_fastrtps_cpp.hpp\n'}
[0.916578] (guardros_msgs) StdoutLine: {'line': b'-- Up-to-date symlink: /home/denis/DENIS/RollerBot23/guardros_ws/install/guardros_msgs/include/guardros_msgs/guardros_msgs/msg/detail/command_state__rosidl_typesupport_fastrtps_cpp.hpp\n'}
[0.916693] (guardros_msgs) StdoutLine: {'line': b'-- Up-to-date symlink: /home/denis/DENIS/RollerBot23/guardros_ws/install/guardros_msgs/include/guardros_msgs/guardros_msgs/msg/detail/connection_status__rosidl_typesupport_fastrtps_cpp.hpp\n'}
[0.916804] (guardros_msgs) StdoutLine: {'line': b'-- Up-to-date symlink: /home/denis/DENIS/RollerBot23/guardros_ws/install/guardros_msgs/include/guardros_msgs/guardros_msgs/msg/detail/drive_status__rosidl_typesupport_fastrtps_cpp.hpp\n'}
[0.916911] (guardros_msgs) StdoutLine: {'line': b'-- Up-to-date symlink: /home/denis/DENIS/RollerBot23/guardros_ws/install/guardros_msgs/include/guardros_msgs/guardros_msgs/msg/detail/magnetometer__rosidl_typesupport_fastrtps_cpp.hpp\n'}
[0.917020] (guardros_msgs) StdoutLine: {'line': b'-- Up-to-date symlink: /home/denis/DENIS/RollerBot23/guardros_ws/install/guardros_msgs/include/guardros_msgs/guardros_msgs/msg/detail/temperatures__rosidl_typesupport_fastrtps_cpp.hpp\n'}
[0.917132] (guardros_msgs) StdoutLine: {'line': b'-- Up-to-date symlink: /home/denis/DENIS/RollerBot23/guardros_ws/install/guardros_msgs/include/guardros_msgs/guardros_msgs/msg/rosidl_typesupport_fastrtps_cpp__visibility_control.h\n'}
[0.917240] (guardros_msgs) StdoutLine: {'line': b'-- Up-to-date symlink: /home/denis/DENIS/RollerBot23/guardros_ws/install/guardros_msgs/include/guardros_msgs/guardros_msgs/msg/detail/audio_frame__rosidl_typesupport_introspection_cpp.hpp\n'}
[0.917350] (guardros_msgs) StdoutLine: {'line': b'-- Up-to-date symlink: /home/denis/DENIS/RollerBot23/guardros_ws/install/guardros_msgs/include/guardros_msgs/guardros_msgs/msg/detail/audio_mode__rosidl_typesupport_introspection_cpp.hpp\n'}
[0.917483] (guardros_msgs) StdoutLine: {'line': b'-- Up-to-date symlink: /home/denis/DENIS/RollerBot23/guardros_ws/install/guardros_msgs/include/guardros_msgs/guardros_msgs/msg/detail/battery__rosidl_typesupport_introspection_cpp.hpp\n'}
[0.917602] (guardros_msgs) StdoutLine: {'line': b'-- Up-to-date symlink: /home/denis/DENIS/RollerBot23/guardros_ws/install/guardros_msgs/include/guardros_msgs/guardros_msgs/msg/detail/command_state__rosidl_typesupport_introspection_cpp.hpp\n'}
[0.925728] (guardros_msgs) StdoutLine: {'line': b'-- Up-to-date symlink: /home/denis/DENIS/RollerBot23/guardros_ws/install/guardros_msgs/include/guardros_msgs/guardros_msgs/msg/detail/connection_status__rosidl_typesupport_introspection_cpp.hpp\n'}
[0.928273] (guardros_msgs) StdoutLine: {'line': b'-- Up-to-date symlink: /home/denis/DENIS/RollerBot23/guardros_ws/install/guardros_msgs/include/guardros_msgs/guardros_msgs/msg/detail/drive_status__rosidl_typesupport_introspection_cpp.hpp\n'}
[0.928443] (guardros_msgs) StdoutLine: {'line': b'-- Up-to-date symlink: /home/denis/DENIS/RollerBot23/guardros_ws/install/guardros_msgs/include/guardros_msgs/guardros_msgs/msg/detail/magnetometer__rosidl_typesupport_introspection_cpp.hpp\n'}
[0.928566] (guardros_msgs) StdoutLine: {'line': b'-- Up-to-date symlink: /home/denis/DENIS/RollerBot23/guardros_ws/install/guardros_msgs/include/guardros_msgs/guardros_msgs/msg/detail/temperatures__rosidl_typesupport_introspection_cpp.hpp\n'}
[0.928684] (guardros_msgs) StdoutLine: {'line': b'-- Up-to-date symlink: /home/denis/DENIS/RollerBot23/guardros_ws/install/guardros_msgs/share/guardros_msgs/environment/pythonpath.sh\n'}
[0.928801] (guardros_msgs) StdoutLine: {'line': b'-- Up-to-date symlink: /home/denis/DENIS/RollerBot23/guardros_ws/install/guardros_msgs/share/guardros_msgs/environment/pythonpath.dsv\n'}
[0.928915] (guardros_msgs) StdoutLine: {'line': b'-- Up-to-date symlink: /home/denis/DENIS/RollerBot23/guardros_ws/install/guardros_msgs/local/lib/python3.10/dist-packages/guardros_msgs-0.0.0-py3.10.egg-info/PKG-INFO\n'}
[0.929026] (guardros_msgs) StdoutLine: {'line': b'-- Up-to-date symlink: /home/denis/DENIS/RollerBot23/guardros_ws/install/guardros_msgs/local/lib/python3.10/dist-packages/guardros_msgs-0.0.0-py3.10.egg-info/SOURCES.txt\n'}
[0.929142] (guardros_msgs) StdoutLine: {'line': b'-- Up-to-date symlink: /home/denis/DENIS/RollerBot23/guardros_ws/install/guardros_msgs/local/lib/python3.10/dist-packages/guardros_msgs-0.0.0-py3.10.egg-info/dependency_links.txt\n'}
[0.929270] (guardros_msgs) StdoutLine: {'line': b'-- Up-to-date symlink: /home/denis/DENIS/RollerBot23/guardros_ws/install/guardros_msgs/local/lib/python3.10/dist-packages/guardros_msgs-0.0.0-py3.10.egg-info/top_level.txt\n'}
[0.929391] (guardros_msgs) StdoutLine: {'line': b'-- Up-to-date symlink: /home/denis/DENIS/RollerBot23/guardros_ws/install/guardros_msgs/local/lib/python3.10/dist-packages/guardros_msgs/__init__.py\n'}
[0.929523] (guardros_msgs) StdoutLine: {'line': b'-- Up-to-date symlink: /home/denis/DENIS/RollerBot23/guardros_ws/install/guardros_msgs/local/lib/python3.10/dist-packages/guardros_msgs/_guardros_msgs_s.ep.rosidl_typesupport_c.c\n'}
[0.929637] (guardros_msgs) StdoutLine: {'line': b'-- Up-to-date symlink: /home/denis/DENIS/RollerBot23/guardros_ws/install/guardros_msgs/local/lib/python3.10/dist-packages/guardros_msgs/_guardros_msgs_s.ep.rosidl_typesupport_fastrtps_c.c\n'}
[0.929745] (guardros_msgs) StdoutLine: {'line': b'-- Up-to-date symlink: /home/denis/DENIS/RollerBot23/guardros_ws/install/guardros_msgs/local/lib/python3.10/dist-packages/guardros_msgs/_guardros_msgs_s.ep.rosidl_typesupport_introspection_c.c\n'}
[0.929855] (guardros_msgs) StdoutLine: {'line': b'-- Up-to-date symlink: /home/denis/DENIS/RollerBot23/guardros_ws/install/guardros_msgs/local/lib/python3.10/dist-packages/guardros_msgs/guardros_msgs_s__rosidl_typesupport_c.cpython-310-x86_64-linux-gnu.so\n'}
[0.929964] (guardros_msgs) StdoutLine: {'line': b'-- Up-to-date symlink: /home/denis/DENIS/RollerBot23/guardros_ws/install/guardros_msgs/local/lib/python3.10/dist-packages/guardros_msgs/guardros_msgs_s__rosidl_typesupport_fastrtps_c.cpython-310-x86_64-linux-gnu.so\n'}
[0.930076] (guardros_msgs) StdoutLine: {'line': b'-- Up-to-date symlink: /home/denis/DENIS/RollerBot23/guardros_ws/install/guardros_msgs/local/lib/python3.10/dist-packages/guardros_msgs/guardros_msgs_s__rosidl_typesupport_introspection_c.cpython-310-x86_64-linux-gnu.so\n'}
[0.930188] (guardros_msgs) StdoutLine: {'line': b'-- Up-to-date symlink: /home/denis/DENIS/RollerBot23/guardros_ws/install/guardros_msgs/local/lib/python3.10/dist-packages/guardros_msgs/libguardros_msgs__rosidl_generator_py.so\n'}
[0.930294] (guardros_msgs) StdoutLine: {'line': b'-- Up-to-date symlink: /home/denis/DENIS/RollerBot23/guardros_ws/install/guardros_msgs/local/lib/python3.10/dist-packages/guardros_msgs/msg/__init__.py\n'}
[0.930563] (guardros_msgs) StdoutLine: {'line': b'-- Up-to-date symlink: /home/denis/DENIS/RollerBot23/guardros_ws/install/guardros_msgs/local/lib/python3.10/dist-packages/guardros_msgs/msg/_audio_frame.py\n'}
[0.930684] (guardros_msgs) StdoutLine: {'line': b'-- Up-to-date symlink: /home/denis/DENIS/RollerBot23/guardros_ws/install/guardros_msgs/local/lib/python3.10/dist-packages/guardros_msgs/msg/_audio_frame_s.c\n'}
[0.930794] (guardros_msgs) StdoutLine: {'line': b'-- Up-to-date symlink: /home/denis/DENIS/RollerBot23/guardros_ws/install/guardros_msgs/local/lib/python3.10/dist-packages/guardros_msgs/msg/_audio_mode.py\n'}
[0.930902] (guardros_msgs) StdoutLine: {'line': b'-- Up-to-date symlink: /home/denis/DENIS/RollerBot23/guardros_ws/install/guardros_msgs/local/lib/python3.10/dist-packages/guardros_msgs/msg/_audio_mode_s.c\n'}
[0.931013] (guardros_msgs) StdoutLine: {'line': b'-- Up-to-date symlink: /home/denis/DENIS/RollerBot23/guardros_ws/install/guardros_msgs/local/lib/python3.10/dist-packages/guardros_msgs/msg/_battery.py\n'}
[0.931125] (guardros_msgs) StdoutLine: {'line': b'-- Up-to-date symlink: /home/denis/DENIS/RollerBot23/guardros_ws/install/guardros_msgs/local/lib/python3.10/dist-packages/guardros_msgs/msg/_battery_s.c\n'}
[0.931238] (guardros_msgs) StdoutLine: {'line': b'-- Up-to-date symlink: /home/denis/DENIS/RollerBot23/guardros_ws/install/guardros_msgs/local/lib/python3.10/dist-packages/guardros_msgs/msg/_command_state.py\n'}
[0.931340] (guardros_msgs) StdoutLine: {'line': b'-- Up-to-date symlink: /home/denis/DENIS/RollerBot23/guardros_ws/install/guardros_msgs/local/lib/python3.10/dist-packages/guardros_msgs/msg/_command_state_s.c\n'}
[0.931458] (guardros_msgs) StdoutLine: {'line': b'-- Up-to-date symlink: /home/denis/DENIS/RollerBot23/guardros_ws/install/guardros_msgs/local/lib/python3.10/dist-packages/guardros_msgs/msg/_connection_status.py\n'}
[0.931565] (guardros_msgs) StdoutLine: {'line': b'-- Up-to-date symlink: /home/denis/DENIS/RollerBot23/guardros_ws/install/guardros_msgs/local/lib/python3.10/dist-packages/guardros_msgs/msg/_connection_status_s.c\n'}
[0.931664] (guardros_msgs) StdoutLine: {'line': b'-- Up-to-date symlink: /home/denis/DENIS/RollerBot23/guardros_ws/install/guardros_msgs/local/lib/python3.10/dist-packages/guardros_msgs/msg/_drive_status.py\n'}
[0.931769] (guardros_msgs) StdoutLine: {'line': b'-- Up-to-date symlink: /home/denis/DENIS/RollerBot23/guardros_ws/install/guardros_msgs/local/lib/python3.10/dist-packages/guardros_msgs/msg/_drive_status_s.c\n'}
[0.931874] (guardros_msgs) StdoutLine: {'line': b'-- Up-to-date symlink: /home/denis/DENIS/RollerBot23/guardros_ws/install/guardros_msgs/local/lib/python3.10/dist-packages/guardros_msgs/msg/_magnetometer.py\n'}
[0.931981] (guardros_msgs) StdoutLine: {'line': b'-- Up-to-date symlink: /home/denis/DENIS/RollerBot23/guardros_ws/install/guardros_msgs/local/lib/python3.10/dist-packages/guardros_msgs/msg/_magnetometer_s.c\n'}
[0.932095] (guardros_msgs) StdoutLine: {'line': b'-- Up-to-date symlink: /home/denis/DENIS/RollerBot23/guardros_ws/install/guardros_msgs/local/lib/python3.10/dist-packages/guardros_msgs/msg/_temperatures.py\n'}
[0.932206] (guardros_msgs) StdoutLine: {'line': b'-- Up-to-date symlink: /home/denis/DENIS/RollerBot23/guardros_ws/install/guardros_msgs/local/lib/python3.10/dist-packages/guardros_msgs/msg/_temperatures_s.c\n'}
[0.932312] (guardros_msgs) StdoutLine: {'line': b'-- Up-to-date symlink: /home/denis/DENIS/RollerBot23/guardros_ws/install/guardros_msgs/local/lib/python3.10/dist-packages/guardros_msgs/guardros_msgs_s__rosidl_typesupport_fastrtps_c.cpython-310-x86_64-linux-gnu.so\n'}
[0.932437] (guardros_msgs) StdoutLine: {'line': b'-- Up-to-date symlink: /home/denis/DENIS/RollerBot23/guardros_ws/install/guardros_msgs/local/lib/python3.10/dist-packages/guardros_msgs/guardros_msgs_s__rosidl_typesupport_introspection_c.cpython-310-x86_64-linux-gnu.so\n'}
[0.932554] (guardros_msgs) StdoutLine: {'line': b'-- Up-to-date symlink: /home/denis/DENIS/RollerBot23/guardros_ws/install/guardros_msgs/local/lib/python3.10/dist-packages/guardros_msgs/guardros_msgs_s__rosidl_typesupport_c.cpython-310-x86_64-linux-gnu.so\n'}
[0.932671] (guardros_msgs) StdoutLine: {'line': b'-- Up-to-date symlink: /home/denis/DENIS/RollerBot23/guardros_ws/install/guardros_msgs/share/guardros_msgs/msg/Battery.idl\n'}
[0.932784] (guardros_msgs) StdoutLine: {'line': b'-- Up-to-date symlink: /home/denis/DENIS/RollerBot23/guardros_ws/install/guardros_msgs/share/guardros_msgs/msg/Temperatures.idl\n'}
[0.932894] (guardros_msgs) StdoutLine: {'line': b'-- Up-to-date symlink: /home/denis/DENIS/RollerBot23/guardros_ws/install/guardros_msgs/share/guardros_msgs/msg/DriveStatus.idl\n'}
[0.933009] (guardros_msgs) StdoutLine: {'line': b'-- Up-to-date symlink: /home/denis/DENIS/RollerBot23/guardros_ws/install/guardros_msgs/share/guardros_msgs/msg/Magnetometer.idl\n'}
[0.933121] (guardros_msgs) StdoutLine: {'line': b'-- Up-to-date symlink: /home/denis/DENIS/RollerBot23/guardros_ws/install/guardros_msgs/share/guardros_msgs/msg/ConnectionStatus.idl\n'}
[0.933231] (guardros_msgs) StdoutLine: {'line': b'-- Up-to-date symlink: /home/denis/DENIS/RollerBot23/guardros_ws/install/guardros_msgs/share/guardros_msgs/msg/CommandState.idl\n'}
[0.933340] (guardros_msgs) StdoutLine: {'line': b'-- Up-to-date symlink: /home/denis/DENIS/RollerBot23/guardros_ws/install/guardros_msgs/share/guardros_msgs/msg/AudioFrame.idl\n'}
[0.933514] (guardros_msgs) StdoutLine: {'line': b'-- Up-to-date symlink: /home/denis/DENIS/RollerBot23/guardros_ws/install/guardros_msgs/share/guardros_msgs/msg/AudioMode.idl\n'}
[0.934243] (guardros_msgs) StdoutLine: {'line': b'-- Up-to-date symlink: /home/denis/DENIS/RollerBot23/guardros_ws/install/guardros_msgs/share/guardros_msgs/msg/Battery.msg\n'}
[0.934377] (guardros_msgs) StdoutLine: {'line': b'-- Up-to-date symlink: /home/denis/DENIS/RollerBot23/guardros_ws/install/guardros_msgs/share/guardros_msgs/msg/Temperatures.msg\n'}
[0.934504] (guardros_msgs) StdoutLine: {'line': b'-- Up-to-date symlink: /home/denis/DENIS/RollerBot23/guardros_ws/install/guardros_msgs/share/guardros_msgs/msg/DriveStatus.msg\n'}
[0.934618] (guardros_msgs) StdoutLine: {'line': b'-- Up-to-date symlink: /home/denis/DENIS/RollerBot23/guardros_ws/install/guardros_msgs/share/guardros_msgs/msg/Magnetometer.msg\n'}
[0.934725] (guardros_msgs) StdoutLine: {'line': b'-- Up-to-date symlink: /home/denis/DENIS/RollerBot23/guardros_ws/install/guardros_msgs/share/guardros_msgs/msg/ConnectionStatus.msg\n'}
[0.934835] (guardros_msgs) StdoutLine: {'line': b'-- Up-to-date symlink: /home/denis/DENIS/RollerBot23/guardros_ws/install/guardros_msgs/share/guardros_msgs/msg/CommandState.msg\n'}
[0.934942] (guardros_msgs) StdoutLine: {'line': b'-- Up-to-date symlink: /home/denis/DENIS/RollerBot23/guardros_ws/install/guardros_msgs/share/guardros_msgs/msg/AudioFrame.msg\n'}
[0.935051] (guardros_msgs) StdoutLine: {'line': b'-- Up-to-date symlink: /home/denis/DENIS/RollerBot23/guardros_ws/install/guardros_msgs/share/guardros_msgs/msg/AudioMode.msg\n'}
[0.935159] (guardros_msgs) StdoutLine: {'line': b'-- Up-to-date symlink: /home/denis/DENIS/RollerBot23/guardros_ws/install/guardros_msgs/share/ament_index/resource_index/package_run_dependencies/guardros_msgs\n'}
[0.935267] (guardros_msgs) StdoutLine: {'line': b'-- Up-to-date symlink: /home/denis/DENIS/RollerBot23/guardros_ws/install/guardros_msgs/share/ament_index/resource_index/parent_prefix_path/guardros_msgs\n'}
[0.935381] (guardros_msgs) StdoutLine: {'line': b'-- Up-to-date symlink: /home/denis/DENIS/RollerBot23/guardros_ws/install/guardros_msgs/share/guardros_msgs/environment/ament_prefix_path.sh\n'}
[0.935505] (guardros_msgs) StdoutLine: {'line': b'-- Up-to-date symlink: /home/denis/DENIS/RollerBot23/guardros_ws/install/guardros_msgs/share/guardros_msgs/environment/ament_prefix_path.dsv\n'}
[0.935616] (guardros_msgs) StdoutLine: {'line': b'-- Up-to-date symlink: /home/denis/DENIS/RollerBot23/guardros_ws/install/guardros_msgs/share/guardros_msgs/environment/path.sh\n'}
[0.935738] (guardros_msgs) StdoutLine: {'line': b'-- Up-to-date symlink: /home/denis/DENIS/RollerBot23/guardros_ws/install/guardros_msgs/share/guardros_msgs/environment/path.dsv\n'}
[0.935851] (guardros_msgs) StdoutLine: {'line': b'-- Up-to-date symlink: /home/denis/DENIS/RollerBot23/guardros_ws/install/guardros_msgs/share/guardros_msgs/local_setup.bash\n'}
[0.935960] (guardros_msgs) StdoutLine: {'line': b'-- Up-to-date symlink: /home/denis/DENIS/RollerBot23/guardros_ws/install/guardros_msgs/share/guardros_msgs/local_setup.sh\n'}
[0.936087] (guardros_msgs) StdoutLine: {'line': b'-- Up-to-date symlink: /home/denis/DENIS/RollerBot23/guardros_ws/install/guardros_msgs/share/guardros_msgs/local_setup.zsh\n'}
[0.936194] (guardros_msgs) StdoutLine: {'line': b'-- Up-to-date symlink: /home/denis/DENIS/RollerBot23/guardros_ws/install/guardros_msgs/share/guardros_msgs/local_setup.dsv\n'}
[0.936308] (guardros_msgs) StdoutLine: {'line': b'-- Symlinking: /home/denis/DENIS/RollerBot23/guardros_ws/install/guardros_msgs/share/guardros_msgs/package.dsv\n'}
[0.944974] (guardros_msgs) StdoutLine: {'line': b'-- Up-to-date symlink: /home/denis/DENIS/RollerBot23/guardros_ws/install/guardros_msgs/share/ament_index/resource_index/packages/guardros_msgs\n'}
[0.945213] (guardros_msgs) StdoutLine: {'line': b'-- Up-to-date symlink: /home/denis/DENIS/RollerBot23/guardros_ws/install/guardros_msgs/share/guardros_msgs/cmake/rosidl_cmake-extras.cmake\n'}
[0.945420] (guardros_msgs) StdoutLine: {'line': b'-- Up-to-date symlink: /home/denis/DENIS/RollerBot23/guardros_ws/install/guardros_msgs/share/guardros_msgs/cmake/ament_cmake_export_include_directories-extras.cmake\n'}
[0.945687] (guardros_msgs) StdoutLine: {'line': b'-- Up-to-date symlink: /home/denis/DENIS/RollerBot23/guardros_ws/install/guardros_msgs/share/guardros_msgs/cmake/ament_cmake_export_libraries-extras.cmake\n'}
[0.945934] (guardros_msgs) StdoutLine: {'line': b'-- Up-to-date symlink: /home/denis/DENIS/RollerBot23/guardros_ws/install/guardros_msgs/share/guardros_msgs/cmake/ament_cmake_export_targets-extras.cmake\n'}
[0.946182] (guardros_msgs) StdoutLine: {'line': b'-- Up-to-date symlink: /home/denis/DENIS/RollerBot23/guardros_ws/install/guardros_msgs/share/guardros_msgs/cmake/rosidl_cmake_export_typesupport_targets-extras.cmake\n'}
[0.946456] (guardros_msgs) StdoutLine: {'line': b'-- Up-to-date symlink: /home/denis/DENIS/RollerBot23/guardros_ws/install/guardros_msgs/share/guardros_msgs/cmake/ament_cmake_export_dependencies-extras.cmake\n'}
[0.946707] (guardros_msgs) StdoutLine: {'line': b'-- Up-to-date symlink: /home/denis/DENIS/RollerBot23/guardros_ws/install/guardros_msgs/share/guardros_msgs/cmake/rosidl_cmake_export_typesupport_libraries-extras.cmake\n'}
[0.946960] (guardros_msgs) StdoutLine: {'line': b'-- Up-to-date symlink: /home/denis/DENIS/RollerBot23/guardros_ws/install/guardros_msgs/share/guardros_msgs/cmake/guardros_msgsConfig.cmake\n'}
[0.947141] (guardros_msgs) StdoutLine: {'line': b'-- Up-to-date symlink: /home/denis/DENIS/RollerBot23/guardros_ws/install/guardros_msgs/share/guardros_msgs/cmake/guardros_msgsConfig-version.cmake\n'}
[0.947382] (guardros_msgs) StdoutLine: {'line': b'-- Up-to-date symlink: /home/denis/DENIS/RollerBot23/guardros_ws/install/guardros_msgs/share/guardros_msgs/package.xml\n'}
[0.947711] (guardros_msgs) StdoutLine: {'line': b'-- Up-to-date: /home/denis/DENIS/RollerBot23/guardros_ws/install/guardros_msgs/lib/libguardros_msgs__rosidl_generator_c.so\n'}
[0.948125] (guardros_msgs) StdoutLine: {'line': b'-- Up-to-date: /home/denis/DENIS/RollerBot23/guardros_ws/install/guardros_msgs/lib/libguardros_msgs__rosidl_typesupport_fastrtps_c.so\n'}
[0.948515] (guardros_msgs) StdoutLine: {'line': b'-- Up-to-date: /home/denis/DENIS/RollerBot23/guardros_ws/install/guardros_msgs/lib/libguardros_msgs__rosidl_typesupport_introspection_c.so\n'}
[0.948886] (guardros_msgs) StdoutLine: {'line': b'-- Up-to-date: /home/denis/DENIS/RollerBot23/guardros_ws/install/guardros_msgs/lib/libguardros_msgs__rosidl_typesupport_c.so\n'}
[0.949256] (guardros_msgs) StdoutLine: {'line': b'-- Up-to-date: /home/denis/DENIS/RollerBot23/guardros_ws/install/guardros_msgs/lib/libguardros_msgs__rosidl_typesupport_fastrtps_cpp.so\n'}
[0.949662] (guardros_msgs) StdoutLine: {'line': b'-- Up-to-date: /home/denis/DENIS/RollerBot23/guardros_ws/install/guardros_msgs/lib/libguardros_msgs__rosidl_typesupport_introspection_cpp.so\n'}
[0.950036] (guardros_msgs) StdoutLine: {'line': b'-- Up-to-date: /home/denis/DENIS/RollerBot23/guardros_ws/install/guardros_msgs/lib/libguardros_msgs__rosidl_typesupport_cpp.so\n'}
[0.998439] (guardros_msgs) StdoutLine: {'line': b"Listing '/home/denis/DENIS/RollerBot23/guardros_ws/install/guardros_msgs/local/lib/python3.10/dist-packages/guardros_msgs'...\n"}
[0.998678] (guardros_msgs) StdoutLine: {'line': b"Listing '/home/denis/DENIS/RollerBot23/guardros_ws/install/guardros_msgs/local/lib/python3.10/dist-packages/guardros_msgs/msg'...\n"}
[1.003679] (-) TimerEvent: {}
[1.004999] (guardros_msgs) StdoutLine: {'line': b'-- Up-to-date: /home/denis/DENIS/RollerBot23/guardros_ws/install/guardros_msgs/lib/libguardros_msgs__rosidl_generator_py.so\n'}
[1.005325] (guardros_msgs) StdoutLine: {'line': b'-- Up-to-date: /home/denis/DENIS/RollerBot23/guardros_ws/install/guardros_msgs/share/guardros_msgs/cmake/export_guardros_msgs__rosidl_generator_cExport.cmake\n'}
[1.005507] (guardros_msgs) StdoutLine: {'line': b'-- Up-to-date: /home/denis/DENIS/RollerBot23/guardros_ws/install/guardros_msgs/share/guardros_msgs/cmake/export_guardros_msgs__rosidl_generator_cExport-noconfig.cmake\n'}
[1.005677] (guardros_msgs) StdoutLine: {'line': b'-- Up-to-date: /home/denis/DENIS/RollerBot23/guardros_ws/install/guardros_msgs/share/guardros_msgs/cmake/export_guardros_msgs__rosidl_typesupport_fastrtps_cExport.cmake\n'}
[1.005861] (guardros_msgs) StdoutLine: {'line': b'-- Up-to-date: /home/denis/DENIS/RollerBot23/guardros_ws/install/guardros_msgs/share/guardros_msgs/cmake/export_guardros_msgs__rosidl_typesupport_fastrtps_cExport-noconfig.cmake\n'}
[1.006009] (guardros_msgs) StdoutLine: {'line': b'-- Up-to-date: /home/denis/DENIS/RollerBot23/guardros_ws/install/guardros_msgs/share/guardros_msgs/cmake/guardros_msgs__rosidl_typesupport_introspection_cExport.cmake\n'}
[1.006165] (guardros_msgs) StdoutLine: {'line': b'-- Up-to-date: /home/denis/DENIS/RollerBot23/guardros_ws/install/guardros_msgs/share/guardros_msgs/cmake/guardros_msgs__rosidl_typesupport_introspection_cExport-noconfig.cmake\n'}
[1.006285] (guardros_msgs) StdoutLine: {'line': b'-- Up-to-date: /home/denis/DENIS/RollerBot23/guardros_ws/install/guardros_msgs/share/guardros_msgs/cmake/guardros_msgs__rosidl_typesupport_cExport.cmake\n'}
[1.007480] (guardros_msgs) StdoutLine: {'line': b'-- Up-to-date: /home/denis/DENIS/RollerBot23/guardros_ws/install/guardros_msgs/share/guardros_msgs/cmake/guardros_msgs__rosidl_typesupport_cExport-noconfig.cmake\n'}
[1.007625] (guardros_msgs) StdoutLine: {'line': b'-- Up-to-date: /home/denis/DENIS/RollerBot23/guardros_ws/install/guardros_msgs/share/guardros_msgs/cmake/export_guardros_msgs__rosidl_generator_cppExport.cmake\n'}
[1.007748] (guardros_msgs) StdoutLine: {'line': b'-- Up-to-date: /home/denis/DENIS/RollerBot23/guardros_ws/install/guardros_msgs/share/guardros_msgs/cmake/export_guardros_msgs__rosidl_typesupport_fastrtps_cppExport.cmake\n'}
[1.007867] (guardros_msgs) StdoutLine: {'line': b'-- Up-to-date: /home/denis/DENIS/RollerBot23/guardros_ws/install/guardros_msgs/share/guardros_msgs/cmake/export_guardros_msgs__rosidl_typesupport_fastrtps_cppExport-noconfig.cmake\n'}
[1.007987] (guardros_msgs) StdoutLine: {'line': b'-- Up-to-date: /home/denis/DENIS/RollerBot23/guardros_ws/install/guardros_msgs/share/guardros_msgs/cmake/guardros_msgs__rosidl_typesupport_introspection_cppExport.cmake\n'}
[1.008103] (guardros_msgs) StdoutLine: {'line': b'-- Up-to-date: /home/denis/DENIS/RollerBot23/guardros_ws/install/guardros_msgs/share/guardros_msgs/cmake/guardros_msgs__rosidl_typesupport_introspection_cppExport-noconfig.cmake\n'}
[1.008226] (guardros_msgs) StdoutLine: {'line': b'-- Up-to-date: /home/denis/DENIS/RollerBot23/guardros_ws/install/guardros_msgs/share/guardros_msgs/cmake/guardros_msgs__rosidl_typesupport_cppExport.cmake\n'}
[1.008348] (guardros_msgs) StdoutLine: {'line': b'-- Up-to-date: /home/denis/DENIS/RollerBot23/guardros_ws/install/guardros_msgs/share/guardros_msgs/cmake/guardros_msgs__rosidl_typesupport_cppExport-noconfig.cmake\n'}
[1.008479] (guardros_msgs) StdoutLine: {'line': b'-- Up-to-date: /home/denis/DENIS/RollerBot23/guardros_ws/install/guardros_msgs/share/guardros_msgs/cmake/export_guardros_msgs__rosidl_generator_pyExport.cmake\n'}
[1.008599] (guardros_msgs) StdoutLine: {'line': b'-- Up-to-date: /home/denis/DENIS/RollerBot23/guardros_ws/install/guardros_msgs/share/guardros_msgs/cmake/export_guardros_msgs__rosidl_generator_pyExport-noconfig.cmake\n'}
[1.009698] (guardros_msgs) CommandEnded: {'returncode': 0}
[1.045753] (guardros_msgs) JobEnded: {'identifier': 'guardros_msgs', 'rc': 0}
[1.046689] (rb23_audio) JobStarted: {'identifier': 'rb23_audio'}
[1.053954] (rb23_telemetry_viewer) JobStarted: {'identifier': 'rb23_telemetry_viewer'}
[1.103781] (-) TimerEvent: {}
[1.204099] (-) TimerEvent: {}
[1.304425] (-) TimerEvent: {}
[1.404783] (-) TimerEvent: {}
[1.505094] (-) TimerEvent: {}
[1.605402] (-) TimerEvent: {}
[1.660574] (rb23_keyboard_teleop) Command: {'cmd': ['/usr/bin/python3', '-W', 'ignore:setup.py install is deprecated', '-W', 'ignore:easy_install command is deprecated', 'setup.py', 'develop', '--editable', '--build-directory', '/home/denis/DENIS/RollerBot23/guardros_ws/build/rb23_keyboard_teleop/build', '--no-deps', 'symlink_data'], 'cwd': '/home/denis/DENIS/RollerBot23/guardros_ws/build/rb23_keyboard_teleop', 'env': {'PYTHON_BASIC_REPL': '1', 'LESSOPEN': '| /usr/bin/lesspipe %s', 'LANGUAGE': 'pt_BR:pt:en', 'USER': 'denis', 'FONTCONFIG_PATH': '/etc/fonts', 'GIO_MODULE_DIR': '/home/denis/snap/code/common/.cache/gio-modules', 'XDG_SESSION_TYPE': 'wayland', 'GIT_ASKPASS': '/snap/code/230/usr/share/code/resources/app/extensions/git/dist/askpass.sh', 'GTK_EXE_PREFIX_VSCODE_SNAP_ORIG': '', 'IGNITION_VERSION': 'citadel', 'GDK_BACKEND_VSCODE_SNAP_ORIG': '', 'SHLVL': '2', 'LD_LIBRARY_PATH': '/opt/ros/humble/opt/rviz_ogre_vendor/lib:/opt/ros/humble/lib/x86_64-linux-gnu:/opt/ros/humble/lib', 'HOME': '/home/denis', 'CHROME_DESKTOP': 'code.desktop', 'LOCPATH_VSCODE_SNAP_ORIG': '', 'OLDPWD': '/home/denis/DENIS/RollerBot23/guardros_ws/src', 'TERM_PROGRAM_VERSION': '1.112.0', 'DESKTOP_SESSION': 'ubuntu', 'GTK_PATH': '/snap/code/230/usr/lib/x86_64-linux-gnu/gtk-3.0', 'XDG_DATA_HOME_VSCODE_SNAP_ORIG': '', 'GTK_IM_MODULE_FILE': '/home/denis/snap/code/common/.cache/immodules/immodules.cache', 'ROS_PYTHON_VERSION': '3', 'GNOME_SHELL_SESSION_MODE': 'ubuntu', 'GTK_MODULES': 'gail:atk-bridge', 'GSETTINGS_SCHEMA_DIR_VSCODE_SNAP_ORIG': '', 'VSCODE_GIT_ASKPASS_MAIN': '/snap/code/230/usr/share/code/resources/app/extensions/git/dist/askpass-main.js', 'VSCODE_GIT_ASKPASS_NODE': '/snap/code/230/usr/share/code/code', 'PYDEVD_DISABLE_FILE_VALIDATION': '1', 'SYSTEMD_EXEC_PID': '1840', 'BUNDLED_DEBUGPY_PATH': '/home/denis/.vscode/extensions/ms-python.debugpy-2025.18.0-linux-x64/bundled/libs/debugpy', 'VSCODE_PYTHON_AUTOACTIVATE_GUARD': '1', 'DBUS_SESSION_BUS_ADDRESS': 'unix:path=/run/user/1000/bus', 'COLORTERM': 'truecolor', 'IM_CONFIG_PHASE': '1', 'WAYLAND_DISPLAY': 'wayland-0', 'ROS_DISTRO': 'humble', 'LOGNAME': 'denis', '_': '/usr/bin/colcon', 'ROS_VERSION': '2', 'XDG_CONFIG_DIRS_VSCODE_SNAP_ORIG': '/etc/xdg/xdg-ubuntu:/etc/xdg', 'XDG_SESSION_CLASS': 'user', 'XDG_DATA_DIRS_VSCODE_SNAP_ORIG': '/usr/share/ubuntu:/usr/local/share/:/usr/share/:/var/lib/snapd/desktop', 'USERNAME': 'denis', 'TERM': 'xterm-256color', 'GNOME_DESKTOP_SESSION_ID': 'this-is-deprecated', 'FC_FONTATIONS': '1', 'ROS_LOCALHOST_ONLY': '0', 'PATH': '/opt/ros/humble/bin:/usr/local/sbin:/usr/local/bin:/usr/sbin:/usr/bin:/sbin:/bin:/usr/games:/usr/local/games:/snap/bin:/snap/bin:/home/denis/.vscode/extensions/ms-python.debugpy-2025.18.0-linux-x64/bundled/scripts/noConfigScripts', 'SESSION_MANAGER': 'local/denis-Aspire-A515-54G:@/tmp/.ICE-unix/1611,unix/denis-Aspire-A515-54G:/tmp/.ICE-unix/1611', 'GTK_EXE_PREFIX': '/snap/code/230/usr', 'XDG_MENU_PREFIX': 'gnome-', 'GNOME_TERMINAL_SCREEN': '/org/gnome/Terminal/screen/44c58e84_9c4f_47c9_9eaa_2b824b20a3ff', 'GNOME_SETUP_DISPLAY': ':1', 'XDG_RUNTIME_DIR': '/run/user/1000', 'GDK_BACKEND': 'x11', 'DISPLAY': ':0', 'LOCPATH': '/snap/code/230/usr/lib/locale', 'VSCODE_DEBUGPY_ADAPTER_ENDPOINTS': '/home/denis/.vscode/extensions/ms-python.debugpy-2025.18.0-linux-x64/.noConfigDebugAdapterEndpoints/endpoint-34710e7746cf2fe7.txt', 'LANG': 'pt_BR.UTF-8', 'XDG_CURRENT_DESKTOP': 'ubuntu:GNOME', 'PYTHONSTARTUP': '/home/denis/.config/Code/User/workspaceStorage/df2967002095e09e96d32d7293e245d6/ms-python.python/pythonrc.py', 'GIO_MODULE_DIR_VSCODE_SNAP_ORIG': '', 'XDG_DATA_HOME': '/home/denis/snap/code/230/.local/share', 'XMODIFIERS': '@im=ibus', 'XDG_SESSION_DESKTOP': 'ubuntu', 'XAUTHORITY': '/run/user/1000/.mutter-Xwaylandauth.VA1SN3', 'LS_COLORS': 'rs=0:di=01;34:ln=01;36:mh=00:pi=40;33:so=01;35:do=01;35:bd=40;33;01:cd=40;33;01:or=40;31;01:mi=00:su=37;41:sg=30;43:ca=30;41:tw=30;42:ow=34;42:st=37;44:ex=01;32:*.tar=01;31:*.tgz=01;31:*.arc=01;31:*.arj=01;31:*.taz=01;31:*.lha=01;31:*.lz4=01;31:*.lzh=01;31:*.lzma=01;31:*.tlz=01;31:*.txz=01;31:*.tzo=01;31:*.t7z=01;31:*.zip=01;31:*.z=01;31:*.dz=01;31:*.gz=01;31:*.lrz=01;31:*.lz=01;31:*.lzo=01;31:*.xz=01;31:*.zst=01;31:*.tzst=01;31:*.bz2=01;31:*.bz=01;31:*.tbz=01;31:*.tbz2=01;31:*.tz=01;31:*.deb=01;31:*.rpm=01;31:*.jar=01;31:*.war=01;31:*.ear=01;31:*.sar=01;31:*.rar=01;31:*.alz=01;31:*.ace=01;31:*.zoo=01;31:*.cpio=01;31:*.7z=01;31:*.rz=01;31:*.cab=01;31:*.wim=01;31:*.swm=01;31:*.dwm=01;31:*.esd=01;31:*.jpg=01;35:*.jpeg=01;35:*.mjpg=01;35:*.mjpeg=01;35:*.gif=01;35:*.bmp=01;35:*.pbm=01;35:*.pgm=01;35:*.ppm=01;35:*.tga=01;35:*.xbm=01;35:*.xpm=01;35:*.tif=01;35:*.tiff=01;35:*.png=01;35:*.svg=01;35:*.svgz=01;35:*.mng=01;35:*.pcx=01;35:*.mov=01;35:*.mpg=01;35:*.mpeg=01;35:*.m2v=01;35:*.mkv=01;35:*.webm=01;35:*.webp=01;35:*.ogm=01;35:*.mp4=01;35:*.m4v=01;35:*.mp4v=01;35:*.vob=01;35:*.qt=01;35:*.nuv=01;35:*.wmv=01;35:*.asf=01;35:*.rm=01;35:*.rmvb=01;35:*.flc=01;35:*.avi=01;35:*.fli=01;35:*.flv=01;35:*.gl=01;35:*.dl=01;35:*.xcf=01;35:*.xwd=01;35:*.yuv=01;35:*.cgm=01;35:*.emf=01;35:*.ogv=01;35:*.ogx=01;35:*.aac=00;36:*.au=00;36:*.flac=00;36:*.m4a=00;36:*.mid=00;36:*.midi=00;36:*.mka=00;36:*.mp3=00;36:*.mpc=00;36:*.ogg=00;36:*.ra=00;36:*.wav=00;36:*.oga=00;36:*.opus=00;36:*.spx=00;36:*.xspf=00;36:', 'VSCODE_GIT_IPC_HANDLE': '/run/user/1000/vscode-git-13d6c4deeb.sock', 'GNOME_TERMINAL_SERVICE': ':1.108', 'TERM_PROGRAM': 'vscode', 'SSH_AGENT_LAUNCHER': 'gnome-keyring', 'SSH_AUTH_SOCK': '/run/user/1000/keyring/ssh', 'GSETTINGS_SCHEMA_DIR': '/home/denis/snap/code/230/.local/share/glib-2.0/schemas', 'AMENT_PREFIX_PATH': '/opt/ros/humble', 'SHELL': '/bin/bash', 'QT_ACCESSIBILITY': '1', 'GDMSESSION': 'ubuntu', 'LESSCLOSE': '/usr/bin/lesspipe %s %s', 'GTK_PATH_VSCODE_SNAP_ORIG': '', 'FONTCONFIG_FILE': '/etc/fonts/fonts.conf', 'GTK_IM_MODULE_FILE_VSCODE_SNAP_ORIG': '', 'VSCODE_GIT_ASKPASS_EXTRA_ARGS': '', 'QT_IM_MODULE': 'ibus', 'PWD': '/home/denis/DENIS/RollerBot23/guardros_ws/build/rb23_keyboard_teleop', 'XDG_CONFIG_DIRS': '/etc/xdg/xdg-ubuntu:/etc/xdg', 'XDG_DATA_DIRS': '/home/denis/snap/code/230/.local/share:/home/denis/snap/code/230:/snap/code/230/usr/share:/usr/share/ubuntu:/usr/local/share/:/usr/share/:/var/lib/snapd/desktop', 'PYTHONPATH': '/home/denis/DENIS/RollerBot23/guardros_ws/build/rb23_keyboard_teleop/prefix_override:/usr/lib/python3/dist-packages/colcon_core/task/python/colcon_distutils_commands:/home/denis/DENIS/RollerBot23/guardros_ws/install/rb23_keyboard_teleop/lib/python3.10/site-packages:/opt/ros/humble/lib/python3.10/site-packages:/opt/ros/humble/local/lib/python3.10/dist-packages', 'COLCON': '1', 'VTE_VERSION': '6800'}, 'shell': False}
[1.662236] (rb23_ros_driver) Command: {'cmd': ['/usr/bin/python3', '-W', 'ignore:setup.py install is deprecated', '-W', 'ignore:easy_install command is deprecated', 'setup.py', 'develop', '--editable', '--build-directory', '/home/denis/DENIS/RollerBot23/guardros_ws/build/rb23_ros_driver/build', '--no-deps', 'symlink_data'], 'cwd': '/home/denis/DENIS/RollerBot23/guardros_ws/build/rb23_ros_driver', 'env': {'PYTHON_BASIC_REPL': '1', 'LESSOPEN': '| /usr/bin/lesspipe %s', 'LANGUAGE': 'pt_BR:pt:en', 'USER': 'denis', 'FONTCONFIG_PATH': '/etc/fonts', 'GIO_MODULE_DIR': '/home/denis/snap/code/common/.cache/gio-modules', 'XDG_SESSION_TYPE': 'wayland', 'GIT_ASKPASS': '/snap/code/230/usr/share/code/resources/app/extensions/git/dist/askpass.sh', 'GTK_EXE_PREFIX_VSCODE_SNAP_ORIG': '', 'IGNITION_VERSION': 'citadel', 'GDK_BACKEND_VSCODE_SNAP_ORIG': '', 'SHLVL': '2', 'LD_LIBRARY_PATH': '/opt/ros/humble/opt/rviz_ogre_vendor/lib:/opt/ros/humble/lib/x86_64-linux-gnu:/opt/ros/humble/lib', 'HOME': '/home/denis', 'CHROME_DESKTOP': 'code.desktop', 'LOCPATH_VSCODE_SNAP_ORIG': '', 'OLDPWD': '/home/denis/DENIS/RollerBot23/guardros_ws/src', 'TERM_PROGRAM_VERSION': '1.112.0', 'DESKTOP_SESSION': 'ubuntu', 'GTK_PATH': '/snap/code/230/usr/lib/x86_64-linux-gnu/gtk-3.0', 'XDG_DATA_HOME_VSCODE_SNAP_ORIG': '', 'GTK_IM_MODULE_FILE': '/home/denis/snap/code/common/.cache/immodules/immodules.cache', 'ROS_PYTHON_VERSION': '3', 'GNOME_SHELL_SESSION_MODE': 'ubuntu', 'GTK_MODULES': 'gail:atk-bridge', 'GSETTINGS_SCHEMA_DIR_VSCODE_SNAP_ORIG': '', 'VSCODE_GIT_ASKPASS_MAIN': '/snap/code/230/usr/share/code/resources/app/extensions/git/dist/askpass-main.js', 'VSCODE_GIT_ASKPASS_NODE': '/snap/code/230/usr/share/code/code', 'PYDEVD_DISABLE_FILE_VALIDATION': '1', 'SYSTEMD_EXEC_PID': '1840', 'BUNDLED_DEBUGPY_PATH': '/home/denis/.vscode/extensions/ms-python.debugpy-2025.18.0-linux-x64/bundled/libs/debugpy', 'VSCODE_PYTHON_AUTOACTIVATE_GUARD': '1', 'DBUS_SESSION_BUS_ADDRESS': 'unix:path=/run/user/1000/bus', 'COLORTERM': 'truecolor', 'IM_CONFIG_PHASE': '1', 'WAYLAND_DISPLAY': 'wayland-0', 'ROS_DISTRO': 'humble', 'LOGNAME': 'denis', '_': '/usr/bin/colcon', 'ROS_VERSION': '2', 'XDG_CONFIG_DIRS_VSCODE_SNAP_ORIG': '/etc/xdg/xdg-ubuntu:/etc/xdg', 'XDG_SESSION_CLASS': 'user', 'XDG_DATA_DIRS_VSCODE_SNAP_ORIG': '/usr/share/ubuntu:/usr/local/share/:/usr/share/:/var/lib/snapd/desktop', 'USERNAME': 'denis', 'TERM': 'xterm-256color', 'GNOME_DESKTOP_SESSION_ID': 'this-is-deprecated', 'FC_FONTATIONS': '1', 'ROS_LOCALHOST_ONLY': '0', 'PATH': '/opt/ros/humble/bin:/usr/local/sbin:/usr/local/bin:/usr/sbin:/usr/bin:/sbin:/bin:/usr/games:/usr/local/games:/snap/bin:/snap/bin:/home/denis/.vscode/extensions/ms-python.debugpy-2025.18.0-linux-x64/bundled/scripts/noConfigScripts', 'SESSION_MANAGER': 'local/denis-Aspire-A515-54G:@/tmp/.ICE-unix/1611,unix/denis-Aspire-A515-54G:/tmp/.ICE-unix/1611', 'GTK_EXE_PREFIX': '/snap/code/230/usr', 'XDG_MENU_PREFIX': 'gnome-', 'GNOME_TERMINAL_SCREEN': '/org/gnome/Terminal/screen/44c58e84_9c4f_47c9_9eaa_2b824b20a3ff', 'GNOME_SETUP_DISPLAY': ':1', 'XDG_RUNTIME_DIR': '/run/user/1000', 'GDK_BACKEND': 'x11', 'DISPLAY': ':0', 'LOCPATH': '/snap/code/230/usr/lib/locale', 'VSCODE_DEBUGPY_ADAPTER_ENDPOINTS': '/home/denis/.vscode/extensions/ms-python.debugpy-2025.18.0-linux-x64/.noConfigDebugAdapterEndpoints/endpoint-34710e7746cf2fe7.txt', 'LANG': 'pt_BR.UTF-8', 'XDG_CURRENT_DESKTOP': 'ubuntu:GNOME', 'PYTHONSTARTUP': '/home/denis/.config/Code/User/workspaceStorage/df2967002095e09e96d32d7293e245d6/ms-python.python/pythonrc.py', 'GIO_MODULE_DIR_VSCODE_SNAP_ORIG': '', 'XDG_DATA_HOME': '/home/denis/snap/code/230/.local/share', 'XMODIFIERS': '@im=ibus', 'XDG_SESSION_DESKTOP': 'ubuntu', 'XAUTHORITY': '/run/user/1000/.mutter-Xwaylandauth.VA1SN3', 'LS_COLORS': 'rs=0:di=01;34:ln=01;36:mh=00:pi=40;33:so=01;35:do=01;35:bd=40;33;01:cd=40;33;01:or=40;31;01:mi=00:su=37;41:sg=30;43:ca=30;41:tw=30;42:ow=34;42:st=37;44:ex=01;32:*.tar=01;31:*.tgz=01;31:*.arc=01;31:*.arj=01;31:*.taz=01;31:*.lha=01;31:*.lz4=01;31:*.lzh=01;31:*.lzma=01;31:*.tlz=01;31:*.txz=01;31:*.tzo=01;31:*.t7z=01;31:*.zip=01;31:*.z=01;31:*.dz=01;31:*.gz=01;31:*.lrz=01;31:*.lz=01;31:*.lzo=01;31:*.xz=01;31:*.zst=01;31:*.tzst=01;31:*.bz2=01;31:*.bz=01;31:*.tbz=01;31:*.tbz2=01;31:*.tz=01;31:*.deb=01;31:*.rpm=01;31:*.jar=01;31:*.war=01;31:*.ear=01;31:*.sar=01;31:*.rar=01;31:*.alz=01;31:*.ace=01;31:*.zoo=01;31:*.cpio=01;31:*.7z=01;31:*.rz=01;31:*.cab=01;31:*.wim=01;31:*.swm=01;31:*.dwm=01;31:*.esd=01;31:*.jpg=01;35:*.jpeg=01;35:*.mjpg=01;35:*.mjpeg=01;35:*.gif=01;35:*.bmp=01;35:*.pbm=01;35:*.pgm=01;35:*.ppm=01;35:*.tga=01;35:*.xbm=01;35:*.xpm=01;35:*.tif=01;35:*.tiff=01;35:*.png=01;35:*.svg=01;35:*.svgz=01;35:*.mng=01;35:*.pcx=01;35:*.mov=01;35:*.mpg=01;35:*.mpeg=01;35:*.m2v=01;35:*.mkv=01;35:*.webm=01;35:*.webp=01;35:*.ogm=01;35:*.mp4=01;35:*.m4v=01;35:*.mp4v=01;35:*.vob=01;35:*.qt=01;35:*.nuv=01;35:*.wmv=01;35:*.asf=01;35:*.rm=01;35:*.rmvb=01;35:*.flc=01;35:*.avi=01;35:*.fli=01;35:*.flv=01;35:*.gl=01;35:*.dl=01;35:*.xcf=01;35:*.xwd=01;35:*.yuv=01;35:*.cgm=01;35:*.emf=01;35:*.ogv=01;35:*.ogx=01;35:*.aac=00;36:*.au=00;36:*.flac=00;36:*.m4a=00;36:*.mid=00;36:*.midi=00;36:*.mka=00;36:*.mp3=00;36:*.mpc=00;36:*.ogg=00;36:*.ra=00;36:*.wav=00;36:*.oga=00;36:*.opus=00;36:*.spx=00;36:*.xspf=00;36:', 'VSCODE_GIT_IPC_HANDLE': '/run/user/1000/vscode-git-13d6c4deeb.sock', 'GNOME_TERMINAL_SERVICE': ':1.108', 'TERM_PROGRAM': 'vscode', 'SSH_AGENT_LAUNCHER': 'gnome-keyring', 'SSH_AUTH_SOCK': '/run/user/1000/keyring/ssh', 'GSETTINGS_SCHEMA_DIR': '/home/denis/snap/code/230/.local/share/glib-2.0/schemas', 'AMENT_PREFIX_PATH': '/opt/ros/humble', 'SHELL': '/bin/bash', 'QT_ACCESSIBILITY': '1', 'GDMSESSION': 'ubuntu', 'LESSCLOSE': '/usr/bin/lesspipe %s %s', 'GTK_PATH_VSCODE_SNAP_ORIG': '', 'FONTCONFIG_FILE': '/etc/fonts/fonts.conf', 'GTK_IM_MODULE_FILE_VSCODE_SNAP_ORIG': '', 'VSCODE_GIT_ASKPASS_EXTRA_ARGS': '', 'QT_IM_MODULE': 'ibus', 'PWD': '/home/denis/DENIS/RollerBot23/guardros_ws/build/rb23_ros_driver', 'XDG_CONFIG_DIRS': '/etc/xdg/xdg-ubuntu:/etc/xdg', 'XDG_DATA_DIRS': '/home/denis/snap/code/230/.local/share:/home/denis/snap/code/230:/snap/code/230/usr/share:/usr/share/ubuntu:/usr/local/share/:/usr/share/:/var/lib/snapd/desktop', 'PYTHONPATH': '/home/denis/DENIS/RollerBot23/guardros_ws/build/rb23_ros_driver/prefix_override:/usr/lib/python3/dist-packages/colcon_core/task/python/colcon_distutils_commands:/home/denis/DENIS/RollerBot23/guardros_ws/install/rb23_ros_driver/lib/python3.10/site-packages:/opt/ros/humble/lib/python3.10/site-packages:/opt/ros/humble/local/lib/python3.10/dist-packages', 'COLCON': '1', 'VTE_VERSION': '6800'}, 'shell': False}
[1.664026] (rb23_video_viewer) Command: {'cmd': ['/usr/bin/python3', '-W', 'ignore:setup.py install is deprecated', '-W', 'ignore:easy_install command is deprecated', 'setup.py', 'develop', '--editable', '--build-directory', '/home/denis/DENIS/RollerBot23/guardros_ws/build/rb23_video_viewer/build', '--no-deps', 'symlink_data'], 'cwd': '/home/denis/DENIS/RollerBot23/guardros_ws/build/rb23_video_viewer', 'env': {'PYTHON_BASIC_REPL': '1', 'LESSOPEN': '| /usr/bin/lesspipe %s', 'LANGUAGE': 'pt_BR:pt:en', 'USER': 'denis', 'FONTCONFIG_PATH': '/etc/fonts', 'GIO_MODULE_DIR': '/home/denis/snap/code/common/.cache/gio-modules', 'XDG_SESSION_TYPE': 'wayland', 'GIT_ASKPASS': '/snap/code/230/usr/share/code/resources/app/extensions/git/dist/askpass.sh', 'GTK_EXE_PREFIX_VSCODE_SNAP_ORIG': '', 'IGNITION_VERSION': 'citadel', 'GDK_BACKEND_VSCODE_SNAP_ORIG': '', 'SHLVL': '2', 'LD_LIBRARY_PATH': '/opt/ros/humble/opt/rviz_ogre_vendor/lib:/opt/ros/humble/lib/x86_64-linux-gnu:/opt/ros/humble/lib', 'HOME': '/home/denis', 'CHROME_DESKTOP': 'code.desktop', 'LOCPATH_VSCODE_SNAP_ORIG': '', 'OLDPWD': '/home/denis/DENIS/RollerBot23/guardros_ws/src', 'TERM_PROGRAM_VERSION': '1.112.0', 'DESKTOP_SESSION': 'ubuntu', 'GTK_PATH': '/snap/code/230/usr/lib/x86_64-linux-gnu/gtk-3.0', 'XDG_DATA_HOME_VSCODE_SNAP_ORIG': '', 'GTK_IM_MODULE_FILE': '/home/denis/snap/code/common/.cache/immodules/immodules.cache', 'ROS_PYTHON_VERSION': '3', 'GNOME_SHELL_SESSION_MODE': 'ubuntu', 'GTK_MODULES': 'gail:atk-bridge', 'GSETTINGS_SCHEMA_DIR_VSCODE_SNAP_ORIG': '', 'VSCODE_GIT_ASKPASS_MAIN': '/snap/code/230/usr/share/code/resources/app/extensions/git/dist/askpass-main.js', 'VSCODE_GIT_ASKPASS_NODE': '/snap/code/230/usr/share/code/code', 'PYDEVD_DISABLE_FILE_VALIDATION': '1', 'SYSTEMD_EXEC_PID': '1840', 'BUNDLED_DEBUGPY_PATH': '/home/denis/.vscode/extensions/ms-python.debugpy-2025.18.0-linux-x64/bundled/libs/debugpy', 'VSCODE_PYTHON_AUTOACTIVATE_GUARD': '1', 'DBUS_SESSION_BUS_ADDRESS': 'unix:path=/run/user/1000/bus', 'COLORTERM': 'truecolor', 'IM_CONFIG_PHASE': '1', 'WAYLAND_DISPLAY': 'wayland-0', 'ROS_DISTRO': 'humble', 'LOGNAME': 'denis', '_': '/usr/bin/colcon', 'ROS_VERSION': '2', 'XDG_CONFIG_DIRS_VSCODE_SNAP_ORIG': '/etc/xdg/xdg-ubuntu:/etc/xdg', 'XDG_SESSION_CLASS': 'user', 'XDG_DATA_DIRS_VSCODE_SNAP_ORIG': '/usr/share/ubuntu:/usr/local/share/:/usr/share/:/var/lib/snapd/desktop', 'USERNAME': 'denis', 'TERM': 'xterm-256color', 'GNOME_DESKTOP_SESSION_ID': 'this-is-deprecated', 'FC_FONTATIONS': '1', 'ROS_LOCALHOST_ONLY': '0', 'PATH': '/opt/ros/humble/bin:/usr/local/sbin:/usr/local/bin:/usr/sbin:/usr/bin:/sbin:/bin:/usr/games:/usr/local/games:/snap/bin:/snap/bin:/home/denis/.vscode/extensions/ms-python.debugpy-2025.18.0-linux-x64/bundled/scripts/noConfigScripts', 'SESSION_MANAGER': 'local/denis-Aspire-A515-54G:@/tmp/.ICE-unix/1611,unix/denis-Aspire-A515-54G:/tmp/.ICE-unix/1611', 'GTK_EXE_PREFIX': '/snap/code/230/usr', 'XDG_MENU_PREFIX': 'gnome-', 'GNOME_TERMINAL_SCREEN': '/org/gnome/Terminal/screen/44c58e84_9c4f_47c9_9eaa_2b824b20a3ff', 'GNOME_SETUP_DISPLAY': ':1', 'XDG_RUNTIME_DIR': '/run/user/1000', 'GDK_BACKEND': 'x11', 'DISPLAY': ':0', 'LOCPATH': '/snap/code/230/usr/lib/locale', 'VSCODE_DEBUGPY_ADAPTER_ENDPOINTS': '/home/denis/.vscode/extensions/ms-python.debugpy-2025.18.0-linux-x64/.noConfigDebugAdapterEndpoints/endpoint-34710e7746cf2fe7.txt', 'LANG': 'pt_BR.UTF-8', 'XDG_CURRENT_DESKTOP': 'ubuntu:GNOME', 'PYTHONSTARTUP': '/home/denis/.config/Code/User/workspaceStorage/df2967002095e09e96d32d7293e245d6/ms-python.python/pythonrc.py', 'GIO_MODULE_DIR_VSCODE_SNAP_ORIG': '', 'XDG_DATA_HOME': '/home/denis/snap/code/230/.local/share', 'XMODIFIERS': '@im=ibus', 'XDG_SESSION_DESKTOP': 'ubuntu', 'XAUTHORITY': '/run/user/1000/.mutter-Xwaylandauth.VA1SN3', 'LS_COLORS': 'rs=0:di=01;34:ln=01;36:mh=00:pi=40;33:so=01;35:do=01;35:bd=40;33;01:cd=40;33;01:or=40;31;01:mi=00:su=37;41:sg=30;43:ca=30;41:tw=30;42:ow=34;42:st=37;44:ex=01;32:*.tar=01;31:*.tgz=01;31:*.arc=01;31:*.arj=01;31:*.taz=01;31:*.lha=01;31:*.lz4=01;31:*.lzh=01;31:*.lzma=01;31:*.tlz=01;31:*.txz=01;31:*.tzo=01;31:*.t7z=01;31:*.zip=01;31:*.z=01;31:*.dz=01;31:*.gz=01;31:*.lrz=01;31:*.lz=01;31:*.lzo=01;31:*.xz=01;31:*.zst=01;31:*.tzst=01;31:*.bz2=01;31:*.bz=01;31:*.tbz=01;31:*.tbz2=01;31:*.tz=01;31:*.deb=01;31:*.rpm=01;31:*.jar=01;31:*.war=01;31:*.ear=01;31:*.sar=01;31:*.rar=01;31:*.alz=01;31:*.ace=01;31:*.zoo=01;31:*.cpio=01;31:*.7z=01;31:*.rz=01;31:*.cab=01;31:*.wim=01;31:*.swm=01;31:*.dwm=01;31:*.esd=01;31:*.jpg=01;35:*.jpeg=01;35:*.mjpg=01;35:*.mjpeg=01;35:*.gif=01;35:*.bmp=01;35:*.pbm=01;35:*.pgm=01;35:*.ppm=01;35:*.tga=01;35:*.xbm=01;35:*.xpm=01;35:*.tif=01;35:*.tiff=01;35:*.png=01;35:*.svg=01;35:*.svgz=01;35:*.mng=01;35:*.pcx=01;35:*.mov=01;35:*.mpg=01;35:*.mpeg=01;35:*.m2v=01;35:*.mkv=01;35:*.webm=01;35:*.webp=01;35:*.ogm=01;35:*.mp4=01;35:*.m4v=01;35:*.mp4v=01;35:*.vob=01;35:*.qt=01;35:*.nuv=01;35:*.wmv=01;35:*.asf=01;35:*.rm=01;35:*.rmvb=01;35:*.flc=01;35:*.avi=01;35:*.fli=01;35:*.flv=01;35:*.gl=01;35:*.dl=01;35:*.xcf=01;35:*.xwd=01;35:*.yuv=01;35:*.cgm=01;35:*.emf=01;35:*.ogv=01;35:*.ogx=01;35:*.aac=00;36:*.au=00;36:*.flac=00;36:*.m4a=00;36:*.mid=00;36:*.midi=00;36:*.mka=00;36:*.mp3=00;36:*.mpc=00;36:*.ogg=00;36:*.ra=00;36:*.wav=00;36:*.oga=00;36:*.opus=00;36:*.spx=00;36:*.xspf=00;36:', 'VSCODE_GIT_IPC_HANDLE': '/run/user/1000/vscode-git-13d6c4deeb.sock', 'GNOME_TERMINAL_SERVICE': ':1.108', 'TERM_PROGRAM': 'vscode', 'SSH_AGENT_LAUNCHER': 'gnome-keyring', 'SSH_AUTH_SOCK': '/run/user/1000/keyring/ssh', 'GSETTINGS_SCHEMA_DIR': '/home/denis/snap/code/230/.local/share/glib-2.0/schemas', 'AMENT_PREFIX_PATH': '/opt/ros/humble', 'SHELL': '/bin/bash', 'QT_ACCESSIBILITY': '1', 'GDMSESSION': 'ubuntu', 'LESSCLOSE': '/usr/bin/lesspipe %s %s', 'GTK_PATH_VSCODE_SNAP_ORIG': '', 'FONTCONFIG_FILE': '/etc/fonts/fonts.conf', 'GTK_IM_MODULE_FILE_VSCODE_SNAP_ORIG': '', 'VSCODE_GIT_ASKPASS_EXTRA_ARGS': '', 'QT_IM_MODULE': 'ibus', 'PWD': '/home/denis/DENIS/RollerBot23/guardros_ws/build/rb23_video_viewer', 'XDG_CONFIG_DIRS': '/etc/xdg/xdg-ubuntu:/etc/xdg', 'XDG_DATA_DIRS': '/home/denis/snap/code/230/.local/share:/home/denis/snap/code/230:/snap/code/230/usr/share:/usr/share/ubuntu:/usr/local/share/:/usr/share/:/var/lib/snapd/desktop', 'PYTHONPATH': '/home/denis/DENIS/RollerBot23/guardros_ws/build/rb23_video_viewer/prefix_override:/usr/lib/python3/dist-packages/colcon_core/task/python/colcon_distutils_commands:/home/denis/DENIS/RollerBot23/guardros_ws/install/rb23_video_viewer/lib/python3.10/site-packages:/opt/ros/humble/lib/python3.10/site-packages:/opt/ros/humble/local/lib/python3.10/dist-packages', 'COLCON': '1', 'VTE_VERSION': '6800'}, 'shell': False}
[1.705497] (-) TimerEvent: {}
[1.805819] (-) TimerEvent: {}
[1.906152] (-) TimerEvent: {}
[1.955590] (rb23_keyboard_teleop) StdoutLine: {'line': b'running develop\n'}
[1.959991] (rb23_ros_driver) StdoutLine: {'line': b'running develop\n'}
[1.978827] (rb23_video_viewer) StdoutLine: {'line': b'running develop\n'}
[2.006239] (-) TimerEvent: {}
[2.106565] (-) TimerEvent: {}
[2.141684] (rb23_keyboard_teleop) StdoutLine: {'line': b'running egg_info\n'}
[2.142222] (rb23_keyboard_teleop) StdoutLine: {'line': b'writing rb23_keyboard_teleop.egg-info/PKG-INFO\n'}
[2.142415] (rb23_keyboard_teleop) StdoutLine: {'line': b'writing dependency_links to rb23_keyboard_teleop.egg-info/dependency_links.txt\n'}
[2.142578] (rb23_keyboard_teleop) StdoutLine: {'line': b'writing entry points to rb23_keyboard_teleop.egg-info/entry_points.txt\n'}
[2.142752] (rb23_keyboard_teleop) StdoutLine: {'line': b'writing requirements to rb23_keyboard_teleop.egg-info/requires.txt\n'}
[2.142878] (rb23_keyboard_teleop) StdoutLine: {'line': b'writing top-level names to rb23_keyboard_teleop.egg-info/top_level.txt\n'}
[2.145435] (rb23_keyboard_teleop) StdoutLine: {'line': b"reading manifest file 'rb23_keyboard_teleop.egg-info/SOURCES.txt'\n"}
[2.146784] (rb23_keyboard_teleop) StdoutLine: {'line': b"writing manifest file 'rb23_keyboard_teleop.egg-info/SOURCES.txt'\n"}
[2.148378] (rb23_keyboard_teleop) StdoutLine: {'line': b'running build_ext\n'}
[2.148627] (rb23_keyboard_teleop) StdoutLine: {'line': b'Creating /home/denis/DENIS/RollerBot23/guardros_ws/install/rb23_keyboard_teleop/lib/python3.10/site-packages/rb23-keyboard-teleop.egg-link (link to .)\n'}
[2.149807] (rb23_keyboard_teleop) StdoutLine: {'line': b'Installing keyboard_teleop_node script to /home/denis/DENIS/RollerBot23/guardros_ws/install/rb23_keyboard_teleop/lib/rb23_keyboard_teleop\n'}
[2.150146] (rb23_keyboard_teleop) StdoutLine: {'line': b'\n'}
[2.150285] (rb23_keyboard_teleop) StdoutLine: {'line': b'Installed /home/denis/DENIS/RollerBot23/guardros_ws/build/rb23_keyboard_teleop\n'}
[2.150445] (rb23_keyboard_teleop) StdoutLine: {'line': b'running symlink_data\n'}
[2.151387] (rb23_ros_driver) StdoutLine: {'line': b'running egg_info\n'}
[2.151650] (rb23_ros_driver) StdoutLine: {'line': b'writing rb23_ros_driver.egg-info/PKG-INFO\n'}
[2.151935] (rb23_ros_driver) StdoutLine: {'line': b'writing dependency_links to rb23_ros_driver.egg-info/dependency_links.txt\n'}
[2.152153] (rb23_ros_driver) StdoutLine: {'line': b'writing entry points to rb23_ros_driver.egg-info/entry_points.txt\n'}
[2.152321] (rb23_ros_driver) StdoutLine: {'line': b'writing requirements to rb23_ros_driver.egg-info/requires.txt\n'}
[2.152483] (rb23_ros_driver) StdoutLine: {'line': b'writing top-level names to rb23_ros_driver.egg-info/top_level.txt\n'}
[2.154601] (rb23_ros_driver) StdoutLine: {'line': b"reading manifest file 'rb23_ros_driver.egg-info/SOURCES.txt'\n"}
[2.155593] (rb23_ros_driver) StdoutLine: {'line': b"writing manifest file 'rb23_ros_driver.egg-info/SOURCES.txt'\n"}
[2.157245] (rb23_ros_driver) StdoutLine: {'line': b'running build_ext\n'}
[2.157554] (rb23_ros_driver) StdoutLine: {'line': b'Creating /home/denis/DENIS/RollerBot23/guardros_ws/install/rb23_ros_driver/lib/python3.10/site-packages/rb23-ros-driver.egg-link (link to .)\n'}
[2.158699] (rb23_ros_driver) StdoutLine: {'line': b'Installing rb23_driver_node script to /home/denis/DENIS/RollerBot23/guardros_ws/install/rb23_ros_driver/lib/rb23_ros_driver\n'}
[2.159041] (rb23_ros_driver) StdoutLine: {'line': b'\n'}
[2.159183] (rb23_ros_driver) StdoutLine: {'line': b'Installed /home/denis/DENIS/RollerBot23/guardros_ws/build/rb23_ros_driver\n'}
[2.159381] (rb23_ros_driver) StdoutLine: {'line': b'running symlink_data\n'}
[2.172064] (rb23_video_viewer) StdoutLine: {'line': b'running egg_info\n'}
[2.172391] (rb23_video_viewer) StdoutLine: {'line': b'writing rb23_video_viewer.egg-info/PKG-INFO\n'}
[2.172709] (rb23_video_viewer) StdoutLine: {'line': b'writing dependency_links to rb23_video_viewer.egg-info/dependency_links.txt\n'}
[2.172950] (rb23_video_viewer) StdoutLine: {'line': b'writing entry points to rb23_video_viewer.egg-info/entry_points.txt\n'}
[2.173122] (rb23_video_viewer) StdoutLine: {'line': b'writing requirements to rb23_video_viewer.egg-info/requires.txt\n'}
[2.173285] (rb23_video_viewer) StdoutLine: {'line': b'writing top-level names to rb23_video_viewer.egg-info/top_level.txt\n'}
[2.175848] (rb23_video_viewer) StdoutLine: {'line': b"reading manifest file 'rb23_video_viewer.egg-info/SOURCES.txt'\n"}
[2.177018] (rb23_video_viewer) StdoutLine: {'line': b"writing manifest file 'rb23_video_viewer.egg-info/SOURCES.txt'\n"}
[2.179022] (rb23_video_viewer) StdoutLine: {'line': b'running build_ext\n'}
[2.179373] (rb23_video_viewer) StdoutLine: {'line': b'Creating /home/denis/DENIS/RollerBot23/guardros_ws/install/rb23_video_viewer/lib/python3.10/site-packages/rb23-video-viewer.egg-link (link to .)\n'}
[2.180601] (rb23_video_viewer) StdoutLine: {'line': b'Installing rb23_video_viewer_node script to /home/denis/DENIS/RollerBot23/guardros_ws/install/rb23_video_viewer/lib/rb23_video_viewer\n'}
[2.180977] (rb23_video_viewer) StdoutLine: {'line': b'\n'}
[2.181137] (rb23_video_viewer) StdoutLine: {'line': b'Installed /home/denis/DENIS/RollerBot23/guardros_ws/build/rb23_video_viewer\n'}
[2.181313] (rb23_video_viewer) StdoutLine: {'line': b'running symlink_data\n'}
[2.207057] (rb23_keyboard_teleop) CommandEnded: {'returncode': 0}
[2.208735] (-) TimerEvent: {}
[2.225678] (rb23_keyboard_teleop) JobEnded: {'identifier': 'rb23_keyboard_teleop', 'rc': 0}
[2.227050] (rb23_ros_driver) CommandEnded: {'returncode': 0}
[2.245379] (rb23_ros_driver) JobEnded: {'identifier': 'rb23_ros_driver', 'rc': 0}
[2.249505] (rb23_video_viewer) CommandEnded: {'returncode': 0}
[2.259561] (rb23_video_viewer) JobEnded: {'identifier': 'rb23_video_viewer', 'rc': 0}
[2.261253] (rb23_audio) Command: {'cmd': ['/usr/bin/python3', '-W', 'ignore:setup.py install is deprecated', '-W', 'ignore:easy_install command is deprecated', 'setup.py', 'develop', '--editable', '--build-directory', '/home/denis/DENIS/RollerBot23/guardros_ws/build/rb23_audio/build', '--no-deps', 'symlink_data'], 'cwd': '/home/denis/DENIS/RollerBot23/guardros_ws/build/rb23_audio', 'env': {'PYTHON_BASIC_REPL': '1', 'LESSOPEN': '| /usr/bin/lesspipe %s', 'LANGUAGE': 'pt_BR:pt:en', 'USER': 'denis', 'FONTCONFIG_PATH': '/etc/fonts', 'GIO_MODULE_DIR': '/home/denis/snap/code/common/.cache/gio-modules', 'XDG_SESSION_TYPE': 'wayland', 'GIT_ASKPASS': '/snap/code/230/usr/share/code/resources/app/extensions/git/dist/askpass.sh', 'GTK_EXE_PREFIX_VSCODE_SNAP_ORIG': '', 'IGNITION_VERSION': 'citadel', 'GDK_BACKEND_VSCODE_SNAP_ORIG': '', 'SHLVL': '2', 'LD_LIBRARY_PATH': '/home/denis/DENIS/RollerBot23/guardros_ws/install/guardros_msgs/lib:/opt/ros/humble/opt/rviz_ogre_vendor/lib:/opt/ros/humble/lib/x86_64-linux-gnu:/opt/ros/humble/lib', 'HOME': '/home/denis', 'CHROME_DESKTOP': 'code.desktop', 'LOCPATH_VSCODE_SNAP_ORIG': '', 'OLDPWD': '/home/denis/DENIS/RollerBot23/guardros_ws/src', 'TERM_PROGRAM_VERSION': '1.112.0', 'DESKTOP_SESSION': 'ubuntu', 'GTK_PATH': '/snap/code/230/usr/lib/x86_64-linux-gnu/gtk-3.0', 'XDG_DATA_HOME_VSCODE_SNAP_ORIG': '', 'GTK_IM_MODULE_FILE': '/home/denis/snap/code/common/.cache/immodules/immodules.cache', 'ROS_PYTHON_VERSION': '3', 'GNOME_SHELL_SESSION_MODE': 'ubuntu', 'GTK_MODULES': 'gail:atk-bridge', 'GSETTINGS_SCHEMA_DIR_VSCODE_SNAP_ORIG': '', 'VSCODE_GIT_ASKPASS_MAIN': '/snap/code/230/usr/share/code/resources/app/extensions/git/dist/askpass-main.js', 'VSCODE_GIT_ASKPASS_NODE': '/snap/code/230/usr/share/code/code', 'PYDEVD_DISABLE_FILE_VALIDATION': '1', 'SYSTEMD_EXEC_PID': '1840', 'BUNDLED_DEBUGPY_PATH': '/home/denis/.vscode/extensions/ms-python.debugpy-2025.18.0-linux-x64/bundled/libs/debugpy', 'VSCODE_PYTHON_AUTOACTIVATE_GUARD': '1', 'DBUS_SESSION_BUS_ADDRESS': 'unix:path=/run/user/1000/bus', 'COLORTERM': 'truecolor', 'IM_CONFIG_PHASE': '1', 'WAYLAND_DISPLAY': 'wayland-0', 'ROS_DISTRO': 'humble', 'LOGNAME': 'denis', '_': '/usr/bin/colcon', 'ROS_VERSION': '2', 'XDG_CONFIG_DIRS_VSCODE_SNAP_ORIG': '/etc/xdg/xdg-ubuntu:/etc/xdg', 'XDG_SESSION_CLASS': 'user', 'XDG_DATA_DIRS_VSCODE_SNAP_ORIG': '/usr/share/ubuntu:/usr/local/share/:/usr/share/:/var/lib/snapd/desktop', 'USERNAME': 'denis', 'TERM': 'xterm-256color', 'GNOME_DESKTOP_SESSION_ID': 'this-is-deprecated', 'FC_FONTATIONS': '1', 'ROS_LOCALHOST_ONLY': '0', 'PATH': '/opt/ros/humble/bin:/usr/local/sbin:/usr/local/bin:/usr/sbin:/usr/bin:/sbin:/bin:/usr/games:/usr/local/games:/snap/bin:/snap/bin:/home/denis/.vscode/extensions/ms-python.debugpy-2025.18.0-linux-x64/bundled/scripts/noConfigScripts', 'SESSION_MANAGER': 'local/denis-Aspire-A515-54G:@/tmp/.ICE-unix/1611,unix/denis-Aspire-A515-54G:/tmp/.ICE-unix/1611', 'GTK_EXE_PREFIX': '/snap/code/230/usr', 'XDG_MENU_PREFIX': 'gnome-', 'GNOME_TERMINAL_SCREEN': '/org/gnome/Terminal/screen/44c58e84_9c4f_47c9_9eaa_2b824b20a3ff', 'GNOME_SETUP_DISPLAY': ':1', 'XDG_RUNTIME_DIR': '/run/user/1000', 'GDK_BACKEND': 'x11', 'DISPLAY': ':0', 'LOCPATH': '/snap/code/230/usr/lib/locale', 'VSCODE_DEBUGPY_ADAPTER_ENDPOINTS': '/home/denis/.vscode/extensions/ms-python.debugpy-2025.18.0-linux-x64/.noConfigDebugAdapterEndpoints/endpoint-34710e7746cf2fe7.txt', 'LANG': 'pt_BR.UTF-8', 'XDG_CURRENT_DESKTOP': 'ubuntu:GNOME', 'PYTHONSTARTUP': '/home/denis/.config/Code/User/workspaceStorage/df2967002095e09e96d32d7293e245d6/ms-python.python/pythonrc.py', 'GIO_MODULE_DIR_VSCODE_SNAP_ORIG': '', 'XDG_DATA_HOME': '/home/denis/snap/code/230/.local/share', 'XMODIFIERS': '@im=ibus', 'XDG_SESSION_DESKTOP': 'ubuntu', 'XAUTHORITY': '/run/user/1000/.mutter-Xwaylandauth.VA1SN3', 'LS_COLORS': 'rs=0:di=01;34:ln=01;36:mh=00:pi=40;33:so=01;35:do=01;35:bd=40;33;01:cd=40;33;01:or=40;31;01:mi=00:su=37;41:sg=30;43:ca=30;41:tw=30;42:ow=34;42:st=37;44:ex=01;32:*.tar=01;31:*.tgz=01;31:*.arc=01;31:*.arj=01;31:*.taz=01;31:*.lha=01;31:*.lz4=01;31:*.lzh=01;31:*.lzma=01;31:*.tlz=01;31:*.txz=01;31:*.tzo=01;31:*.t7z=01;31:*.zip=01;31:*.z=01;31:*.dz=01;31:*.gz=01;31:*.lrz=01;31:*.lz=01;31:*.lzo=01;31:*.xz=01;31:*.zst=01;31:*.tzst=01;31:*.bz2=01;31:*.bz=01;31:*.tbz=01;31:*.tbz2=01;31:*.tz=01;31:*.deb=01;31:*.rpm=01;31:*.jar=01;31:*.war=01;31:*.ear=01;31:*.sar=01;31:*.rar=01;31:*.alz=01;31:*.ace=01;31:*.zoo=01;31:*.cpio=01;31:*.7z=01;31:*.rz=01;31:*.cab=01;31:*.wim=01;31:*.swm=01;31:*.dwm=01;31:*.esd=01;31:*.jpg=01;35:*.jpeg=01;35:*.mjpg=01;35:*.mjpeg=01;35:*.gif=01;35:*.bmp=01;35:*.pbm=01;35:*.pgm=01;35:*.ppm=01;35:*.tga=01;35:*.xbm=01;35:*.xpm=01;35:*.tif=01;35:*.tiff=01;35:*.png=01;35:*.svg=01;35:*.svgz=01;35:*.mng=01;35:*.pcx=01;35:*.mov=01;35:*.mpg=01;35:*.mpeg=01;35:*.m2v=01;35:*.mkv=01;35:*.webm=01;35:*.webp=01;35:*.ogm=01;35:*.mp4=01;35:*.m4v=01;35:*.mp4v=01;35:*.vob=01;35:*.qt=01;35:*.nuv=01;35:*.wmv=01;35:*.asf=01;35:*.rm=01;35:*.rmvb=01;35:*.flc=01;35:*.avi=01;35:*.fli=01;35:*.flv=01;35:*.gl=01;35:*.dl=01;35:*.xcf=01;35:*.xwd=01;35:*.yuv=01;35:*.cgm=01;35:*.emf=01;35:*.ogv=01;35:*.ogx=01;35:*.aac=00;36:*.au=00;36:*.flac=00;36:*.m4a=00;36:*.mid=00;36:*.midi=00;36:*.mka=00;36:*.mp3=00;36:*.mpc=00;36:*.ogg=00;36:*.ra=00;36:*.wav=00;36:*.oga=00;36:*.opus=00;36:*.spx=00;36:*.xspf=00;36:', 'VSCODE_GIT_IPC_HANDLE': '/run/user/1000/vscode-git-13d6c4deeb.sock', 'GNOME_TERMINAL_SERVICE': ':1.108', 'TERM_PROGRAM': 'vscode', 'SSH_AGENT_LAUNCHER': 'gnome-keyring', 'SSH_AUTH_SOCK': '/run/user/1000/keyring/ssh', 'GSETTINGS_SCHEMA_DIR': '/home/denis/snap/code/230/.local/share/glib-2.0/schemas', 'AMENT_PREFIX_PATH': '/home/denis/DENIS/RollerBot23/guardros_ws/install/guardros_msgs:/opt/ros/humble', 'SHELL': '/bin/bash', 'QT_ACCESSIBILITY': '1', 'GDMSESSION': 'ubuntu', 'LESSCLOSE': '/usr/bin/lesspipe %s %s', 'GTK_PATH_VSCODE_SNAP_ORIG': '', 'FONTCONFIG_FILE': '/etc/fonts/fonts.conf', 'GTK_IM_MODULE_FILE_VSCODE_SNAP_ORIG': '', 'VSCODE_GIT_ASKPASS_EXTRA_ARGS': '', 'QT_IM_MODULE': 'ibus', 'PWD': '/home/denis/DENIS/RollerBot23/guardros_ws/build/rb23_audio', 'XDG_CONFIG_DIRS': '/etc/xdg/xdg-ubuntu:/etc/xdg', 'XDG_DATA_DIRS': '/home/denis/snap/code/230/.local/share:/home/denis/snap/code/230:/snap/code/230/usr/share:/usr/share/ubuntu:/usr/local/share/:/usr/share/:/var/lib/snapd/desktop', 'PYTHONPATH': '/home/denis/DENIS/RollerBot23/guardros_ws/build/rb23_audio/prefix_override:/usr/lib/python3/dist-packages/colcon_core/task/python/colcon_distutils_commands:/home/denis/DENIS/RollerBot23/guardros_ws/install/rb23_audio/lib/python3.10/site-packages:/home/denis/DENIS/RollerBot23/guardros_ws/install/guardros_msgs/local/lib/python3.10/dist-packages:/opt/ros/humble/lib/python3.10/site-packages:/opt/ros/humble/local/lib/python3.10/dist-packages', 'COLCON': '1', 'VTE_VERSION': '6800', 'CMAKE_PREFIX_PATH': '/home/denis/DENIS/RollerBot23/guardros_ws/install/guardros_msgs'}, 'shell': False}
[2.264122] (rb23_telemetry_viewer) Command: {'cmd': ['/usr/bin/python3', '-W', 'ignore:setup.py install is deprecated', '-W', 'ignore:easy_install command is deprecated', 'setup.py', 'develop', '--editable', '--build-directory', '/home/denis/DENIS/RollerBot23/guardros_ws/build/rb23_telemetry_viewer/build', '--no-deps', 'symlink_data'], 'cwd': '/home/denis/DENIS/RollerBot23/guardros_ws/build/rb23_telemetry_viewer', 'env': {'PYTHON_BASIC_REPL': '1', 'LESSOPEN': '| /usr/bin/lesspipe %s', 'LANGUAGE': 'pt_BR:pt:en', 'USER': 'denis', 'FONTCONFIG_PATH': '/etc/fonts', 'GIO_MODULE_DIR': '/home/denis/snap/code/common/.cache/gio-modules', 'XDG_SESSION_TYPE': 'wayland', 'GIT_ASKPASS': '/snap/code/230/usr/share/code/resources/app/extensions/git/dist/askpass.sh', 'GTK_EXE_PREFIX_VSCODE_SNAP_ORIG': '', 'IGNITION_VERSION': 'citadel', 'GDK_BACKEND_VSCODE_SNAP_ORIG': '', 'SHLVL': '2', 'LD_LIBRARY_PATH': '/home/denis/DENIS/RollerBot23/guardros_ws/install/guardros_msgs/lib:/opt/ros/humble/opt/rviz_ogre_vendor/lib:/opt/ros/humble/lib/x86_64-linux-gnu:/opt/ros/humble/lib', 'HOME': '/home/denis', 'CHROME_DESKTOP': 'code.desktop', 'LOCPATH_VSCODE_SNAP_ORIG': '', 'OLDPWD': '/home/denis/DENIS/RollerBot23/guardros_ws/src', 'TERM_PROGRAM_VERSION': '1.112.0', 'DESKTOP_SESSION': 'ubuntu', 'GTK_PATH': '/snap/code/230/usr/lib/x86_64-linux-gnu/gtk-3.0', 'XDG_DATA_HOME_VSCODE_SNAP_ORIG': '', 'GTK_IM_MODULE_FILE': '/home/denis/snap/code/common/.cache/immodules/immodules.cache', 'ROS_PYTHON_VERSION': '3', 'GNOME_SHELL_SESSION_MODE': 'ubuntu', 'GTK_MODULES': 'gail:atk-bridge', 'GSETTINGS_SCHEMA_DIR_VSCODE_SNAP_ORIG': '', 'VSCODE_GIT_ASKPASS_MAIN': '/snap/code/230/usr/share/code/resources/app/extensions/git/dist/askpass-main.js', 'VSCODE_GIT_ASKPASS_NODE': '/snap/code/230/usr/share/code/code', 'PYDEVD_DISABLE_FILE_VALIDATION': '1', 'SYSTEMD_EXEC_PID': '1840', 'BUNDLED_DEBUGPY_PATH': '/home/denis/.vscode/extensions/ms-python.debugpy-2025.18.0-linux-x64/bundled/libs/debugpy', 'VSCODE_PYTHON_AUTOACTIVATE_GUARD': '1', 'DBUS_SESSION_BUS_ADDRESS': 'unix:path=/run/user/1000/bus', 'COLORTERM': 'truecolor', 'IM_CONFIG_PHASE': '1', 'WAYLAND_DISPLAY': 'wayland-0', 'ROS_DISTRO': 'humble', 'LOGNAME': 'denis', '_': '/usr/bin/colcon', 'ROS_VERSION': '2', 'XDG_CONFIG_DIRS_VSCODE_SNAP_ORIG': '/etc/xdg/xdg-ubuntu:/etc/xdg', 'XDG_SESSION_CLASS': 'user', 'XDG_DATA_DIRS_VSCODE_SNAP_ORIG': '/usr/share/ubuntu:/usr/local/share/:/usr/share/:/var/lib/snapd/desktop', 'USERNAME': 'denis', 'TERM': 'xterm-256color', 'GNOME_DESKTOP_SESSION_ID': 'this-is-deprecated', 'FC_FONTATIONS': '1', 'ROS_LOCALHOST_ONLY': '0', 'PATH': '/opt/ros/humble/bin:/usr/local/sbin:/usr/local/bin:/usr/sbin:/usr/bin:/sbin:/bin:/usr/games:/usr/local/games:/snap/bin:/snap/bin:/home/denis/.vscode/extensions/ms-python.debugpy-2025.18.0-linux-x64/bundled/scripts/noConfigScripts', 'SESSION_MANAGER': 'local/denis-Aspire-A515-54G:@/tmp/.ICE-unix/1611,unix/denis-Aspire-A515-54G:/tmp/.ICE-unix/1611', 'GTK_EXE_PREFIX': '/snap/code/230/usr', 'XDG_MENU_PREFIX': 'gnome-', 'GNOME_TERMINAL_SCREEN': '/org/gnome/Terminal/screen/44c58e84_9c4f_47c9_9eaa_2b824b20a3ff', 'GNOME_SETUP_DISPLAY': ':1', 'XDG_RUNTIME_DIR': '/run/user/1000', 'GDK_BACKEND': 'x11', 'DISPLAY': ':0', 'LOCPATH': '/snap/code/230/usr/lib/locale', 'VSCODE_DEBUGPY_ADAPTER_ENDPOINTS': '/home/denis/.vscode/extensions/ms-python.debugpy-2025.18.0-linux-x64/.noConfigDebugAdapterEndpoints/endpoint-34710e7746cf2fe7.txt', 'LANG': 'pt_BR.UTF-8', 'XDG_CURRENT_DESKTOP': 'ubuntu:GNOME', 'PYTHONSTARTUP': '/home/denis/.config/Code/User/workspaceStorage/df2967002095e09e96d32d7293e245d6/ms-python.python/pythonrc.py', 'GIO_MODULE_DIR_VSCODE_SNAP_ORIG': '', 'XDG_DATA_HOME': '/home/denis/snap/code/230/.local/share', 'XMODIFIERS': '@im=ibus', 'XDG_SESSION_DESKTOP': 'ubuntu', 'XAUTHORITY': '/run/user/1000/.mutter-Xwaylandauth.VA1SN3', 'LS_COLORS': 'rs=0:di=01;34:ln=01;36:mh=00:pi=40;33:so=01;35:do=01;35:bd=40;33;01:cd=40;33;01:or=40;31;01:mi=00:su=37;41:sg=30;43:ca=30;41:tw=30;42:ow=34;42:st=37;44:ex=01;32:*.tar=01;31:*.tgz=01;31:*.arc=01;31:*.arj=01;31:*.taz=01;31:*.lha=01;31:*.lz4=01;31:*.lzh=01;31:*.lzma=01;31:*.tlz=01;31:*.txz=01;31:*.tzo=01;31:*.t7z=01;31:*.zip=01;31:*.z=01;31:*.dz=01;31:*.gz=01;31:*.lrz=01;31:*.lz=01;31:*.lzo=01;31:*.xz=01;31:*.zst=01;31:*.tzst=01;31:*.bz2=01;31:*.bz=01;31:*.tbz=01;31:*.tbz2=01;31:*.tz=01;31:*.deb=01;31:*.rpm=01;31:*.jar=01;31:*.war=01;31:*.ear=01;31:*.sar=01;31:*.rar=01;31:*.alz=01;31:*.ace=01;31:*.zoo=01;31:*.cpio=01;31:*.7z=01;31:*.rz=01;31:*.cab=01;31:*.wim=01;31:*.swm=01;31:*.dwm=01;31:*.esd=01;31:*.jpg=01;35:*.jpeg=01;35:*.mjpg=01;35:*.mjpeg=01;35:*.gif=01;35:*.bmp=01;35:*.pbm=01;35:*.pgm=01;35:*.ppm=01;35:*.tga=01;35:*.xbm=01;35:*.xpm=01;35:*.tif=01;35:*.tiff=01;35:*.png=01;35:*.svg=01;35:*.svgz=01;35:*.mng=01;35:*.pcx=01;35:*.mov=01;35:*.mpg=01;35:*.mpeg=01;35:*.m2v=01;35:*.mkv=01;35:*.webm=01;35:*.webp=01;35:*.ogm=01;35:*.mp4=01;35:*.m4v=01;35:*.mp4v=01;35:*.vob=01;35:*.qt=01;35:*.nuv=01;35:*.wmv=01;35:*.asf=01;35:*.rm=01;35:*.rmvb=01;35:*.flc=01;35:*.avi=01;35:*.fli=01;35:*.flv=01;35:*.gl=01;35:*.dl=01;35:*.xcf=01;35:*.xwd=01;35:*.yuv=01;35:*.cgm=01;35:*.emf=01;35:*.ogv=01;35:*.ogx=01;35:*.aac=00;36:*.au=00;36:*.flac=00;36:*.m4a=00;36:*.mid=00;36:*.midi=00;36:*.mka=00;36:*.mp3=00;36:*.mpc=00;36:*.ogg=00;36:*.ra=00;36:*.wav=00;36:*.oga=00;36:*.opus=00;36:*.spx=00;36:*.xspf=00;36:', 'VSCODE_GIT_IPC_HANDLE': '/run/user/1000/vscode-git-13d6c4deeb.sock', 'GNOME_TERMINAL_SERVICE': ':1.108', 'TERM_PROGRAM': 'vscode', 'SSH_AGENT_LAUNCHER': 'gnome-keyring', 'SSH_AUTH_SOCK': '/run/user/1000/keyring/ssh', 'GSETTINGS_SCHEMA_DIR': '/home/denis/snap/code/230/.local/share/glib-2.0/schemas', 'AMENT_PREFIX_PATH': '/home/denis/DENIS/RollerBot23/guardros_ws/install/guardros_msgs:/opt/ros/humble', 'SHELL': '/bin/bash', 'QT_ACCESSIBILITY': '1', 'GDMSESSION': 'ubuntu', 'LESSCLOSE': '/usr/bin/lesspipe %s %s', 'GTK_PATH_VSCODE_SNAP_ORIG': '', 'FONTCONFIG_FILE': '/etc/fonts/fonts.conf', 'GTK_IM_MODULE_FILE_VSCODE_SNAP_ORIG': '', 'VSCODE_GIT_ASKPASS_EXTRA_ARGS': '', 'QT_IM_MODULE': 'ibus', 'PWD': '/home/denis/DENIS/RollerBot23/guardros_ws/build/rb23_telemetry_viewer', 'XDG_CONFIG_DIRS': '/etc/xdg/xdg-ubuntu:/etc/xdg', 'XDG_DATA_DIRS': '/home/denis/snap/code/230/.local/share:/home/denis/snap/code/230:/snap/code/230/usr/share:/usr/share/ubuntu:/usr/local/share/:/usr/share/:/var/lib/snapd/desktop', 'PYTHONPATH': '/home/denis/DENIS/RollerBot23/guardros_ws/build/rb23_telemetry_viewer/prefix_override:/usr/lib/python3/dist-packages/colcon_core/task/python/colcon_distutils_commands:/home/denis/DENIS/RollerBot23/guardros_ws/install/rb23_telemetry_viewer/lib/python3.10/site-packages:/home/denis/DENIS/RollerBot23/guardros_ws/install/guardros_msgs/local/lib/python3.10/dist-packages:/opt/ros/humble/lib/python3.10/site-packages:/opt/ros/humble/local/lib/python3.10/dist-packages', 'COLCON': '1', 'VTE_VERSION': '6800', 'CMAKE_PREFIX_PATH': '/home/denis/DENIS/RollerBot23/guardros_ws/install/guardros_msgs'}, 'shell': False}
[2.308850] (-) TimerEvent: {}
[2.409083] (-) TimerEvent: {}
[2.509405] (-) TimerEvent: {}
[2.554055] (rb23_audio) StdoutLine: {'line': b'running develop\n'}
[2.579592] (rb23_telemetry_viewer) StdoutLine: {'line': b'running develop\n'}
[2.609498] (-) TimerEvent: {}
[2.709788] (-) TimerEvent: {}
[2.756710] (rb23_audio) StdoutLine: {'line': b'running egg_info\n'}
[2.757010] (rb23_audio) StdoutLine: {'line': b'writing rb23_audio.egg-info/PKG-INFO\n'}
[2.757214] (rb23_audio) StdoutLine: {'line': b'writing dependency_links to rb23_audio.egg-info/dependency_links.txt\n'}
[2.757438] (rb23_audio) StdoutLine: {'line': b'writing entry points to rb23_audio.egg-info/entry_points.txt\n'}
[2.757629] (rb23_audio) StdoutLine: {'line': b'writing requirements to rb23_audio.egg-info/requires.txt\n'}
[2.757805] (rb23_audio) StdoutLine: {'line': b'writing top-level names to rb23_audio.egg-info/top_level.txt\n'}
[2.759764] (rb23_audio) StdoutLine: {'line': b"reading manifest file 'rb23_audio.egg-info/SOURCES.txt'\n"}
[2.760938] (rb23_audio) StdoutLine: {'line': b"writing manifest file 'rb23_audio.egg-info/SOURCES.txt'\n"}
[2.763105] (rb23_audio) StdoutLine: {'line': b'running build_ext\n'}
[2.763304] (rb23_audio) StdoutLine: {'line': b'Creating /home/denis/DENIS/RollerBot23/guardros_ws/install/rb23_audio/lib/python3.10/site-packages/rb23-audio.egg-link (link to .)\n'}
[2.764229] (rb23_audio) StdoutLine: {'line': b'Installing rb23_audio_node script to /home/denis/DENIS/RollerBot23/guardros_ws/install/rb23_audio/lib/rb23_audio\n'}
[2.764457] (rb23_audio) StdoutLine: {'line': b'\n'}
[2.764627] (rb23_audio) StdoutLine: {'line': b'Installed /home/denis/DENIS/RollerBot23/guardros_ws/build/rb23_audio\n'}
[2.764743] (rb23_audio) StdoutLine: {'line': b'running symlink_data\n'}
[2.779661] (rb23_telemetry_viewer) StdoutLine: {'line': b'running egg_info\n'}
[2.779950] (rb23_telemetry_viewer) StdoutLine: {'line': b'writing rb23_telemetry_viewer.egg-info/PKG-INFO\n'}
[2.780150] (rb23_telemetry_viewer) StdoutLine: {'line': b'writing dependency_links to rb23_telemetry_viewer.egg-info/dependency_links.txt\n'}
[2.780321] (rb23_telemetry_viewer) StdoutLine: {'line': b'writing entry points to rb23_telemetry_viewer.egg-info/entry_points.txt\n'}
[2.780489] (rb23_telemetry_viewer) StdoutLine: {'line': b'writing requirements to rb23_telemetry_viewer.egg-info/requires.txt\n'}
[2.780667] (rb23_telemetry_viewer) StdoutLine: {'line': b'writing top-level names to rb23_telemetry_viewer.egg-info/top_level.txt\n'}
[2.782873] (rb23_telemetry_viewer) StdoutLine: {'line': b"reading manifest file 'rb23_telemetry_viewer.egg-info/SOURCES.txt'\n"}
[2.783732] (rb23_telemetry_viewer) StdoutLine: {'line': b"writing manifest file 'rb23_telemetry_viewer.egg-info/SOURCES.txt'\n"}
[2.785212] (rb23_telemetry_viewer) StdoutLine: {'line': b'running build_ext\n'}
[2.785408] (rb23_telemetry_viewer) StdoutLine: {'line': b'Creating /home/denis/DENIS/RollerBot23/guardros_ws/install/rb23_telemetry_viewer/lib/python3.10/site-packages/rb23-telemetry-viewer.egg-link (link to .)\n'}
[2.786224] (rb23_telemetry_viewer) StdoutLine: {'line': b'Installing rb23_telemetry_viewer_node script to /home/denis/DENIS/RollerBot23/guardros_ws/install/rb23_telemetry_viewer/lib/rb23_telemetry_viewer\n'}
[2.786475] (rb23_telemetry_viewer) StdoutLine: {'line': b'\n'}
[2.786608] (rb23_telemetry_viewer) StdoutLine: {'line': b'Installed /home/denis/DENIS/RollerBot23/guardros_ws/build/rb23_telemetry_viewer\n'}
[2.786677] (rb23_telemetry_viewer) StdoutLine: {'line': b'running symlink_data\n'}
[2.801532] (rb23_audio) CommandEnded: {'returncode': 0}
[2.810050] (-) TimerEvent: {}
[2.812773] (rb23_audio) JobEnded: {'identifier': 'rb23_audio', 'rc': 0}
[2.825481] (rb23_telemetry_viewer) CommandEnded: {'returncode': 0}
[2.838132] (rb23_telemetry_viewer) JobEnded: {'identifier': 'rb23_telemetry_viewer', 'rc': 0}
[2.838897] (-) EventReactorShutdown: {}
