timestamp,elapsed_sec,seq,linear_x,angular_z,dt_since_previous_sec
1778643524.5902958,0.043856143951416016,1,0.0,0.0,
1778643524.631882,0.08544230461120605,2,0.0,0.0,0.04158616065979004
1778643524.6840858,0.13764619827270508,3,0.0,0.0,0.05220389366149902
1778643524.7365327,0.1900930404663086,4,0.0,0.0,0.052446842193603516
1778643524.7893436,0.2429039478302002,5,0.0,0.0,0.0528109073638916
1778643524.8415632,0.2951235771179199,6,0.0,0.0,0.05221962928771973
1778643524.8838408,0.3374011516571045,7,0.0,0.0,0.04227757453918457
1778643524.9363165,0.3898768424987793,8,0.0,0.0,0.052475690841674805
1778643524.9887118,0.4422721862792969,9,0.0,0.0,0.05239534378051758
1778643525.0412052,0.4947655200958252,10,0.0,0.0,0.05249333381652832
1778643525.0831606,0.5367209911346436,11,0.0,0.0,0.04195547103881836
1778643525.1359107,0.5894711017608643,12,0.0,0.0,0.0527501106262207
1778643525.1893268,0.6428871154785156,13,0.0,0.0,0.05341601371765137
1778643525.2417536,0.6953139305114746,14,0.0,0.0,0.052426815032958984
1778643525.2835383,0.7370986938476562,15,0.0,0.0,0.04178476333618164
1778643525.3364766,0.7900369167327881,16,0.0,0.0,0.052938222885131836
1778643525.388552,0.8421123027801514,17,0.0,0.0,0.05207538604736328
1778643525.441204,0.8947644233703613,18,0.0,0.0,0.05265212059020996
1778643525.483492,0.9370522499084473,19,0.0,0.0,0.04228782653808594
1778643525.5359893,0.9895496368408203,20,0.0,0.0,0.05249738693237305
1778643525.5889523,1.0425126552581787,21,0.0,0.0,0.0529630184173584
1778643525.6417365,1.095296859741211,22,0.0,0.0,0.05278420448303223
1778643525.684092,1.1376523971557617,23,0.0,0.0,0.04235553741455078
1778643525.7366614,1.1902217864990234,24,0.0,0.0,0.05256938934326172
1778643525.789255,1.2428152561187744,25,0.0,0.0,0.05259346961975098
1778643525.8418705,1.2954308986663818,26,0.0,0.0,0.05261564254760742
1778643525.8837543,1.3373146057128906,27,0.0,0.0,0.04188370704650879
1778643525.9365926,1.390152931213379,28,0.0,0.0,0.05283832550048828
1778643525.989271,1.44283127784729,29,0.0,0.0,0.05267834663391113
1778643526.041265,1.4948253631591797,30,0.0,0.0,0.05199408531188965
1778643526.0828397,1.5364000797271729,31,0.0,0.0,0.041574716567993164
1778643526.134905,1.5884654521942139,32,0.0,0.0,0.052065372467041016
1778643526.1870503,1.640610694885254,33,0.0,0.0,0.05214524269104004
1778643526.2395916,1.6931519508361816,34,0.0,0.0,0.052541255950927734
1778643526.292382,1.7459423542022705,35,0.0,0.0,0.05279040336608887
1778643526.334524,1.7880842685699463,36,0.0,0.0,0.04214191436767578
1778643526.3869815,1.8405418395996094,37,0.0,0.0,0.052457571029663086
1778643526.4398727,1.8934330940246582,38,0.0,0.0,0.05289125442504883
1778643526.4819534,1.9355137348175049,39,0.0,0.0,0.04208064079284668
1778643526.5344934,1.988053798675537,40,0.0,0.0,0.05254006385803223
1778643526.587282,2.040842294692993,41,0.0,0.0,0.052788496017456055
1778643526.6399412,2.093501567840576,42,0.0,0.0,0.05265927314758301
1778643526.6820707,2.1356310844421387,43,0.0,0.0,0.0421295166015625
1778643526.7359476,2.1895079612731934,44,0.0,0.0,0.05387687683105469
1778643526.7878141,2.2413744926452637,45,0.0,0.0,0.05186653137207031
1778643526.840409,2.2939693927764893,46,0.0,0.0,0.052594900131225586
1778643526.882679,2.3362393379211426,47,0.0,0.0,0.04226994514465332
1778643526.9359524,2.389512777328491,48,0.0,0.0,0.05327343940734863
1778643526.988752,2.442312240600586,49,0.0,0.0,0.05279946327209473
1778643527.041853,2.495413303375244,50,0.0,0.0,0.0531010627746582
1778643527.0839517,2.5375120639801025,51,0.0,0.0,0.0420987606048584
1778643527.136541,2.5901012420654297,52,0.0,0.0,0.05258917808532715
1778643527.1890633,2.6426236629486084,53,0.0,0.0,0.05252242088317871
1778643527.2420168,2.6955771446228027,54,0.0,0.0,0.052953481674194336
1778643527.2840624,2.7376227378845215,55,0.0,0.0,0.04204559326171875
1778643527.3368878,2.7904481887817383,56,0.0,0.0,0.0528254508972168
1778643527.3900185,2.843578815460205,57,0.0,0.0,0.0531306266784668
1778643527.4422073,2.8957676887512207,58,0.0,0.0,0.052188873291015625
1778643527.484377,2.9379372596740723,59,0.0,0.0,0.04216957092285156
1778643527.536645,2.9902052879333496,60,0.0,0.0,0.052268028259277344
1778643527.5886085,3.0421688556671143,61,0.0,0.0,0.05196356773376465
1778643527.64094,3.0945003032684326,62,0.0,0.0,0.05233144760131836
1778643527.6825106,3.136070966720581,63,0.0,0.0,0.04157066345214844
1778643527.734385,3.1879453659057617,64,0.0,0.0,0.051874399185180664
1778643527.7862742,3.2398345470428467,65,0.0,0.0,0.05188918113708496
1778643527.8384502,3.292010545730591,66,0.0,0.0,0.05217599868774414
1778643527.8905516,3.344111919403076,67,0.0,0.0,0.05210137367248535
1778643527.9320865,3.3856468200683594,68,0.0,0.0,0.0415349006652832
1778643527.984243,3.437803268432617,69,0.0,0.0,0.05215644836425781
1778643528.036414,3.4899742603302,70,0.0,0.0,0.05217099189758301
1778643528.0889838,3.54254412651062,71,0.0,0.0,0.05256986618041992
1778643528.1410732,3.5946335792541504,72,0.0,0.0,0.05208945274353027
1778643528.1825814,3.636141777038574,73,0.0,0.0,0.04150819778442383
1778643528.2349105,3.6884708404541016,74,0.0,0.0,0.052329063415527344
1778643528.2872913,3.740851640701294,75,0.0,0.0,0.05238080024719238
1778643528.339665,3.7932252883911133,76,0.0,0.0,0.052373647689819336
1778643528.3919985,3.8455588817596436,77,0.0,0.0,0.05233359336853027
1778643528.4349122,3.888472557067871,78,0.0,0.0,0.04291367530822754
1778643528.4866354,3.9401957988739014,79,0.0,0.0,0.05172324180603027
1778643528.5389137,3.99247407913208,80,0.0,0.0,0.05227828025817871
1778643528.5912795,4.044839859008789,81,0.0,0.0,0.052365779876708984
1778643528.6341481,4.087708473205566,82,0.0,0.0,0.042868614196777344
1778643528.6859272,4.1394875049591064,83,0.0,0.0,0.05177903175354004
1778643528.7382536,4.191813945770264,84,0.0,0.0,0.05232644081115723
1778643528.7908506,4.244410991668701,85,0.0,0.0,0.0525970458984375
1778643528.8327374,4.286297798156738,86,0.0,0.0,0.04188680648803711
1778643528.8855236,4.339083909988403,87,0.0,0.0,0.05278611183166504
1778643528.938511,4.39207124710083,88,0.0,0.0,0.05298733711242676
1778643528.9913456,4.444905996322632,89,0.0,0.0,0.05283474922180176
1778643529.0333285,4.486888885498047,90,0.0,0.0,0.04198288917541504
1778643529.0858903,4.539450645446777,91,0.0,0.0,0.05256175994873047
1778643529.1384933,4.592053651809692,92,0.0,0.0,0.05260300636291504
1778643529.19135,4.6449103355407715,93,0.0,0.0,0.0528566837310791
1778643529.2334592,4.68701958656311,94,0.0,0.0,0.04210925102233887
1778643529.286361,4.73992133140564,95,0.0,0.0,0.0529017448425293
1778643529.3384275,4.791987895965576,96,0.0,0.0,0.05206656455993652
1778643529.3940394,4.847599744796753,97,0.0,0.0,0.05561184883117676
1778643529.435974,4.88953423500061,98,0.0,0.0,0.04193449020385742
1778643529.4886904,4.942250728607178,99,0.0,0.0,0.05271649360656738
1778643529.5419226,4.995482921600342,100,0.0,0.0,0.05323219299316406
1778643529.5848775,5.038437843322754,101,0.0,0.0,0.04295492172241211
1778643529.6375701,5.091130495071411,102,0.0,0.0,0.05269265174865723
1778643529.6900985,5.143658876419067,103,0.0,0.0,0.05252838134765625
1778643529.7324917,5.186052083969116,104,0.0,0.0,0.04239320755004883
1778643529.7856507,5.239211082458496,105,0.0,0.0,0.05315899848937988
1778643529.8388338,5.292394161224365,106,0.0,0.0,0.05318307876586914
1778643529.8915749,5.34513521194458,107,0.0,0.0,0.052741050720214844
1778643529.93384,5.387400388717651,108,0.0,0.0,0.04226517677307129
1778643529.9867187,5.440279006958008,109,0.0,0.0,0.052878618240356445
1778643530.0392773,5.49283766746521,110,0.0,0.0,0.05255866050720215
1778643530.091923,5.545483350753784,111,0.0,0.0,0.05264568328857422
1778643530.1339695,5.587529897689819,112,0.0,0.0,0.042046546936035156
1778643530.187391,5.64095139503479,113,0.0,0.0,0.0534214973449707
1778643530.2403257,5.693886041641235,114,0.0,0.0,0.05293464660644531
1778643530.2827582,5.736318588256836,115,0.0,0.0,0.042432546615600586
1778643530.3355236,5.789083957672119,116,0.0,0.0,0.0527653694152832
1778643530.388392,5.841952323913574,117,0.0,0.0,0.05286836624145508
1778643530.441027,5.894587278366089,118,0.0,0.0,0.05263495445251465
1778643530.483377,5.93693733215332,119,0.0,0.0,0.042350053787231445
1778643530.5361736,5.989733934402466,120,0.0,0.0,0.05279660224914551
1778643530.5881789,6.041739225387573,121,0.0,0.0,0.05200529098510742
1778643530.640171,6.09373140335083,122,0.0,0.0,0.051992177963256836
1778643530.6816742,6.135234594345093,123,0.0,0.0,0.041503190994262695
1778643530.7344534,6.188013792037964,124,0.0,0.0,0.052779197692871094
1778643530.7876515,6.241211891174316,125,0.0,0.0,0.05319809913635254
1778643530.840355,6.293915271759033,126,0.0,0.0,0.0527033805847168
1778643530.8838067,6.337367057800293,127,0.0,0.0,0.043451786041259766
1778643530.9345586,6.3881189823150635,128,0.0,0.0,0.05075192451477051
1778643530.986574,6.440134286880493,129,0.0,0.0,0.05201530456542969
1778643531.0390072,6.492567539215088,130,0.0,0.0,0.05243325233459473
1778643531.0916145,6.545174837112427,131,0.0,0.0,0.05260729789733887
1778643531.1336012,6.587161540985107,132,0.0,0.0,0.041986703872680664
1778643531.1864781,6.64003849029541,133,0.0,0.0,0.052876949310302734
1778643531.2387013,6.692261695861816,134,0.0,0.0,0.05222320556640625
1778643531.2917058,6.7452661991119385,135,0.0,0.0,0.05300450325012207
1778643531.333897,6.787457466125488,136,0.0,0.0,0.042191267013549805
1778643531.3874822,6.841042518615723,137,0.0,0.0,0.053585052490234375
1778643531.4393377,6.892898082733154,138,0.0,0.0,0.05185556411743164
1778643531.4919174,6.945477724075317,139,0.0,0.0,0.052579641342163086
1778643531.534411,6.987971305847168,140,0.0,0.0,0.042493581771850586
1778643531.5868762,7.040436506271362,141,0.0,0.0,0.052465200424194336
1778643531.6397512,7.093311548233032,142,0.0,0.0,0.05287504196166992
1778643531.6821582,7.135718584060669,143,0.0,0.0,0.04240703582763672
1778643531.73467,7.188230276107788,144,0.0,0.0,0.05251169204711914
1778643531.7872293,7.2407896518707275,145,0.0,0.0,0.05255937576293945
1778643531.8396218,7.293182134628296,146,0.0,0.0,0.05239248275756836
1778643531.8920934,7.345653772354126,147,0.0,0.0,0.05247163772583008
1778643531.934307,7.387867450714111,148,0.0,0.0,0.04221367835998535
1778643531.9864318,7.439992189407349,149,0.0,0.0,0.052124738693237305
1778643532.0384915,7.492051839828491,150,0.0,0.0,0.05205965042114258
1778643532.0906227,7.544183015823364,151,0.0,0.0,0.05213117599487305
1778643532.1320667,7.58562707901001,152,0.0,0.0,0.04144406318664551
1778643532.184621,7.638181447982788,153,0.0,0.0,0.05255436897277832
1778643532.2372262,7.690786600112915,154,0.0,0.0,0.05260515213012695
1778643532.2897332,7.743293523788452,155,0.0,0.0,0.05250692367553711
1778643532.3319795,7.785539865493774,156,0.0,0.0,0.042246341705322266
1778643532.3850322,7.838592529296875,157,0.0,0.0,0.053052663803100586
1778643532.437772,7.891332387924194,158,0.0,0.0,0.052739858627319336
1778643532.4908664,7.944426774978638,159,0.0,0.0,0.05309438705444336
1778643532.5366082,7.990168571472168,160,0.0,0.0,0.04574179649353027
1778643532.5877564,8.041316747665405,161,0.0,0.0,0.051148176193237305
1778643532.638325,8.091885328292847,162,0.0,0.0,0.050568580627441406
1778643532.6903684,8.14392876625061,163,0.0,0.0,0.05204343795776367
1778643532.7323813,8.185941696166992,164,0.0,0.0,0.042012929916381836
1778643532.7854981,8.239058494567871,165,0.0,0.0,0.053116798400878906
1778643532.8383138,8.291874170303345,166,0.0,0.0,0.05281567573547363
1778643532.891549,8.345109462738037,167,0.0,0.0,0.05323529243469238
1778643532.9335775,8.38713788986206,168,0.0,0.0,0.04202842712402344
1778643532.9864328,8.439993143081665,169,0.0,0.0,0.05285525321960449
1778643533.0395398,8.4931001663208,170,0.0,0.0,0.05310702323913574
1778643533.0921671,8.545727491378784,171,0.0,0.0,0.0526273250579834
1778643533.134192,8.587752342224121,172,0.0,0.0,0.042024850845336914
1778643533.1869988,8.640559196472168,173,0.0,0.0,0.052806854248046875
1778643533.2397883,8.69334864616394,174,0.0,0.0,0.05278944969177246
1778643533.2819517,8.735512018203735,175,0.0,0.0,0.04216337203979492
1778643533.3346865,8.788246870040894,176,0.0,0.0,0.0527348518371582
1778643533.3875144,8.841074705123901,177,0.0,0.0,0.05282783508300781
1778643533.4403353,8.893895626068115,178,0.0,0.0,0.05282092094421387
1778643533.4826658,8.93622612953186,179,0.0,0.0,0.04233050346374512
1778643533.5352418,8.988802194595337,180,0.0,0.0,0.05257606506347656
1778643533.5878506,9.04141092300415,181,0.0,0.0,0.05260872840881348
1778643533.6404219,9.093982219696045,182,0.0,0.0,0.05257129669189453
1778643533.6825185,9.136078834533691,183,0.0,0.0,0.042096614837646484
1778643533.7352178,9.188778162002563,184,0.0,0.0,0.05269932746887207
1778643533.7884645,9.242024898529053,185,0.0,0.0,0.05324673652648926
1778643533.841628,9.295188426971436,186,0.0,0.0,0.05316352844238281
1778643533.8843865,9.337946891784668,187,0.0,0.0,0.04275846481323242
1778643533.93707,9.39063024520874,188,0.0,0.0,0.052683353424072266
1778643533.9892485,9.442808866500854,189,0.0,0.0,0.05217862129211426
1778643534.0418344,9.495394706726074,190,0.0,0.0,0.05258584022521973
1778643534.0837932,9.537353515625,191,0.0,0.0,0.04195880889892578
1778643534.1372592,9.590819597244263,192,0.0,0.0,0.053466081619262695
1778643534.1899097,9.643470048904419,193,0.0,0.0,0.05265045166015625
1778643534.231752,9.685312271118164,194,0.0,0.0,0.04184222221374512
1778643534.2847257,9.738286018371582,195,0.0,0.0,0.05297374725341797
1778643534.338052,9.791612386703491,196,0.0,0.0,0.05332636833190918
1778643534.3908722,9.844432592391968,197,0.0,0.0,0.05282020568847656
1778643534.4332314,9.886791706085205,198,0.0,0.0,0.042359113693237305
1778643534.4858444,9.939404726028442,199,0.0,0.0,0.052613019943237305
1778643534.5396962,9.993256568908691,200,0.0,0.0,0.05385184288024902
1778643534.5913932,10.04495358467102,201,0.0,0.0,0.0516970157623291
1778643534.6334512,10.087011575698853,202,0.0,0.0,0.04205799102783203
1778643534.6862116,10.139771938323975,203,0.0,0.0,0.05276036262512207
1778643534.7394648,10.1930251121521,204,0.0,0.0,0.053253173828125
1778643534.7821918,10.23575210571289,205,0.0,0.0,0.042726993560791016
1778643534.8344457,10.288006067276001,206,0.0,0.0,0.05225396156311035
1778643534.887007,10.340567350387573,207,0.0,0.0,0.052561283111572266
1778643534.9394414,10.393001794815063,208,0.0,0.0,0.052434444427490234
1778643534.9920876,10.445647954940796,209,0.0,0.0,0.05264616012573242
1778643535.0343874,10.487947702407837,210,0.0,0.0,0.042299747467041016
1778643535.087305,10.540865421295166,211,0.0,0.0,0.0529177188873291
1778643535.140296,10.59385633468628,212,0.0,0.0,0.05299091339111328
1778643535.1822937,10.635854005813599,213,0.0,0.0,0.041997671127319336
1778643535.2355878,10.689148187637329,214,0.0,0.0,0.05329418182373047
1778643535.288164,10.741724252700806,215,0.0,0.0,0.05257606506347656
1778643535.3402576,10.79381799697876,216,0.0,0.0,0.0520937442779541
1778643535.382086,10.835646390914917,217,0.0,0.0,0.04182839393615723
1778643535.434568,10.888128280639648,218,0.0,0.0,0.052481889724731445
1778643535.4879236,10.941483974456787,219,0.0,0.0,0.05335569381713867
1778643535.541038,10.994598388671875,220,0.0,0.0,0.05311441421508789
1778643535.5835629,11.037123203277588,221,0.0,0.0,0.04252481460571289
1778643535.6364384,11.089998722076416,222,0.0,0.0,0.052875518798828125
1778643535.6890085,11.142568826675415,223,0.0,0.0,0.05257010459899902
1778643535.7416523,11.195212602615356,224,0.0,0.0,0.052643775939941406
1778643535.7839582,11.237518548965454,225,0.0,0.0,0.042305946350097656
1778643535.8367057,11.290266036987305,226,0.0,0.0,0.052747488021850586
1778643535.889477,11.343037366867065,227,0.0,0.0,0.05277132987976074
1778643535.942362,11.395922422409058,228,0.0,0.0,0.05288505554199219
1778643535.9845214,11.438081741333008,229,0.0,0.0,0.042159318923950195
1778643536.0399542,11.49351453781128,230,0.0,0.0,0.055432796478271484
1778643536.0821834,11.535743713378906,231,0.0,0.0,0.04222917556762695
1778643536.1353192,11.588879585266113,232,0.0,0.0,0.05313587188720703
1778643536.1881664,11.641726732254028,233,0.0,0.0,0.05284714698791504
1778643536.2409747,11.69453501701355,234,0.0,0.0,0.052808284759521484
1778643536.2830193,11.736579656600952,235,0.0,0.0,0.042044639587402344
1778643536.3396044,11.793164730072021,236,0.0,0.0,0.056585073471069336
1778643536.388772,11.842332363128662,237,0.0,0.0,0.049167633056640625
1778643536.441631,11.895191431045532,238,0.0,0.0,0.05285906791687012
1778643536.4840345,11.937594890594482,239,0.0,0.0,0.042403459548950195
1778643536.5365622,11.990122556686401,240,0.0,0.0,0.052527666091918945
1778643536.5893545,12.042914867401123,241,0.0,0.0,0.05279231071472168
1778643536.6427271,12.096287488937378,242,0.0,0.0,0.05337262153625488
1778643536.6845405,12.138100862503052,243,0.0,0.0,0.04181337356567383
1778643536.7374372,12.19099760055542,244,0.0,0.0,0.052896738052368164
1778643536.7900562,12.243616580963135,245,0.0,0.0,0.052618980407714844
1778643536.8325372,12.286097526550293,246,0.0,0.0,0.0424809455871582
1778643536.885852,12.339412450790405,247,0.0,0.0,0.053314924240112305
1778643536.9395974,12.393157720565796,248,0.0,0.0,0.053745269775390625
1778643536.9916887,12.445249080657959,249,0.0,0.0,0.052091360092163086
1778643537.033819,12.487379312515259,250,0.0,0.0,0.042130231857299805
1778643537.0875,12.541060447692871,251,0.0,0.0,0.053681135177612305
1778643537.1392717,12.592832088470459,252,0.0,0.0,0.05177164077758789
1778643537.1919496,12.645509958267212,253,0.0,0.0,0.05267786979675293
1778643537.2342293,12.687789678573608,254,0.0,0.0,0.042279720306396484
1778643537.2869635,12.74052381515503,255,0.0,0.0,0.0527341365814209
1778643537.3394985,12.7930588722229,256,0.0,0.0,0.052535057067871094
1778643537.3921332,12.845693588256836,257,0.0,0.0,0.05263471603393555
1778643537.4342575,12.887817859649658,258,0.0,0.0,0.042124271392822266
1778643537.4868145,12.940374851226807,259,0.0,0.0,0.05255699157714844
1778643537.5388653,12.992425680160522,260,0.0,0.0,0.05205082893371582
1778643537.591563,13.04512333869934,261,0.0,0.0,0.05269765853881836
1778643537.633672,13.0872323513031,262,0.0,0.0,0.042109012603759766
1778643537.687544,13.141104459762573,263,0.0,0.0,0.053872108459472656
1778643537.7392325,13.192792892456055,264,0.0,0.0,0.051688432693481445
1778643537.7916946,13.24525499343872,265,0.0,0.0,0.052462100982666016
1778643537.8335273,13.287087678909302,266,0.0,0.0,0.041832685470581055
1778643537.8860664,13.339626789093018,267,0.0,0.0,0.05253911018371582
1778643537.9386604,13.392220735549927,268,0.0,0.0,0.05259394645690918
1778643537.991477,13.445037364959717,269,0.0,0.0,0.05281662940979004
1778643538.0336547,13.487215042114258,270,0.0,0.0,0.042177677154541016
1778643538.0862432,13.539803504943848,271,0.0,0.0,0.052588462829589844
1778643538.1392207,13.592781066894531,272,0.0,0.0,0.052977561950683594
1778643538.1919246,13.645484924316406,273,0.0,0.0,0.052703857421875
1778643538.2341986,13.687758922576904,274,0.0,0.0,0.04227399826049805
1778643538.289894,13.743454456329346,275,0.0,0.0,0.055695533752441406
1778643538.3320522,13.7856125831604,276,0.0,0.0,0.04215812683105469
1778643538.3846016,13.838161945343018,277,0.0,0.0,0.05254936218261719
1778643538.437234,13.890794277191162,278,0.0,0.0,0.05263233184814453
1778643538.4897623,13.943322658538818,279,0.0,0.0,0.05252838134765625
1778643538.5319252,13.985485553741455,280,0.0,0.0,0.04216289520263672
1778643538.5846095,14.038169860839844,281,0.0,0.0,0.05268430709838867
1778643538.6372864,14.09084677696228,282,0.0,0.0,0.05267691612243652
1778643538.6902049,14.143765211105347,283,0.0,0.0,0.052918434143066406
1778643538.741995,14.195555448532104,284,0.0,0.0,0.05179023742675781
1778643538.78359,14.237150430679321,285,0.0,0.0,0.0415949821472168
1778643538.8356135,14.28917384147644,286,0.0,0.0,0.05202341079711914
1778643538.8875313,14.341091632843018,287,0.0,0.0,0.05191779136657715
1778643538.9394133,14.39297366142273,288,0.0,0.0,0.051882028579711914
1778643538.9917686,14.445328950881958,289,0.0,0.0,0.052355289459228516
1778643539.0340319,14.487592220306396,290,0.0,0.0,0.04226326942443848
1778643539.0863838,14.539944171905518,291,0.0,0.0,0.052351951599121094
1778643539.1392906,14.592850923538208,292,0.0,0.0,0.05290675163269043
1778643539.1917224,14.645282745361328,293,0.0,0.0,0.05243182182312012
1778643539.2336574,14.687217712402344,294,0.0,0.0,0.041934967041015625
1778643539.2862663,14.739826679229736,295,0.0,0.0,0.05260896682739258
1778643539.3388472,14.792407512664795,296,0.0,0.0,0.052580833435058594
1778643539.3916605,14.845220804214478,297,0.0,0.0,0.05281329154968262
1778643539.4338832,14.887443542480469,298,0.0,0.0,0.04222273826599121
1778643539.486693,14.940253257751465,299,0.0,0.0,0.052809715270996094
1778643539.5394614,14.993021726608276,300,0.0,0.0,0.05276846885681152
1778643539.5920095,15.045569896697998,301,0.0,0.0,0.05254817008972168
1778643539.6341078,15.087668180465698,302,0.0,0.0,0.042098283767700195
1778643539.6865087,15.140069007873535,303,0.0,0.0,0.052400827407836914
1778643539.7392042,15.192764520645142,304,0.0,0.0,0.052695512771606445
1778643539.7918277,15.24538803100586,305,0.0,0.0,0.05262351036071777
1778643539.833547,15.287107467651367,306,0.0,0.0,0.04171943664550781
1778643539.885987,15.339547395706177,307,0.0,0.0,0.05243992805480957
1778643539.9384432,15.392003536224365,308,0.0,0.0,0.05245614051818848
1778643539.9910388,15.444599151611328,309,0.0,0.0,0.05259561538696289
1778643540.033286,15.486846446990967,310,0.0,0.0,0.04224729537963867
1778643540.0874913,15.541051626205444,311,0.0,0.0,0.05420517921447754
1778643540.138865,15.592425346374512,312,0.0,0.0,0.05137372016906738
1778643540.1911077,15.644668102264404,313,0.0,0.0,0.05224275588989258
1778643540.2330682,15.686628580093384,314,0.0,0.0,0.04196047782897949
1778643540.2867131,15.740273475646973,315,0.0,0.0,0.05364489555358887
1778643540.3390605,15.79262089729309,316,0.0,0.0,0.052347421646118164
1778643540.3917363,15.845296621322632,317,0.0,0.0,0.052675724029541016
1778643540.4338458,15.88740611076355,318,0.0,0.0,0.04210948944091797
1778643540.4867072,15.940267562866211,319,0.0,0.0,0.05286145210266113
1778643540.5393634,15.992923736572266,320,0.0,0.0,0.05265617370605469
1778643540.592292,16.045852422714233,321,0.0,0.0,0.05292868614196777
1778643540.6344397,16.088000059127808,322,0.0,0.0,0.04214763641357422
1778643540.6875892,16.141149520874023,323,0.0,0.0,0.05314946174621582
1778643540.7393034,16.192863702774048,324,0.0,0.0,0.051714181900024414
1778643540.7917435,16.245303869247437,325,0.0,0.0,0.05244016647338867
1778643540.8337893,16.287349700927734,326,0.0,0.0,0.04204583168029785
1778643540.886546,16.34010624885559,327,0.0,0.0,0.052756547927856445
1778643540.9394789,16.393039226531982,328,0.0,0.0,0.0529329776763916
1778643540.9921849,16.44574522972107,329,0.0,0.0,0.052706003189086914
1778643541.0344045,16.487964868545532,330,0.0,0.0,0.04221963882446289
1778643541.08721,16.540770292282104,331,0.0,0.0,0.052805423736572266
1778643541.1399183,16.593478679656982,332,0.0,0.0,0.05270838737487793
1778643541.1822705,16.635830879211426,333,0.0,0.0,0.04235219955444336
1778643541.2351146,16.688674926757812,334,0.0,0.0,0.05284404754638672
1778643541.2882178,16.741778135299683,335,0.0,0.0,0.05310320854187012
1778643541.3414454,16.795005798339844,336,0.0,0.0,0.05322766304016113
1778643541.383811,16.837371349334717,337,0.0,0.0,0.04236555099487305
1778643541.4365556,16.890115976333618,338,0.0,0.0,0.05274462699890137
1778643541.4886577,16.94221806526184,339,0.0,0.0,0.052102088928222656
1778643541.5416703,16.995230674743652,340,0.0,0.0,0.05301260948181152
1778643541.584304,17.037864446640015,341,0.0,0.0,0.042633771896362305
1778643541.6365085,17.090068817138672,342,0.0,0.0,0.05220437049865723
1778643541.6890032,17.142563581466675,343,0.0,0.0,0.05249476432800293
1778643541.7420774,17.195637702941895,344,0.0,0.0,0.05307412147521973
1778643541.7844198,17.237980127334595,345,0.0,0.0,0.042342424392700195
1778643541.8372674,17.290827751159668,346,0.0,0.0,0.05284762382507324
1778643541.8898807,17.343441009521484,347,0.0,0.0,0.052613258361816406
1778643541.9321976,17.38575792312622,348,0.0,0.0,0.04231691360473633
1778643541.9852693,17.43882966041565,349,0.0,0.0,0.05307173728942871
1778643542.0389798,17.49254012107849,350,0.0,0.0,0.0537104606628418
1778643542.0906932,17.54425358772278,351,0.0,0.0,0.05171346664428711
1778643542.1327007,17.58626103401184,352,0.0,0.0,0.0420074462890625
1778643542.185648,17.63920831680298,353,0.0,0.0,0.052947282791137695
1778643542.2384546,17.692014932632446,354,0.0,0.0,0.05280661582946777
1778643542.2913265,17.744886875152588,355,0.0,0.0,0.0528719425201416
1778643542.3333938,17.786954164505005,356,0.0,0.0,0.04206728935241699
1778643542.3862436,17.83980393409729,357,0.0,0.0,0.052849769592285156
1778643542.4392993,17.89285969734192,358,0.0,0.0,0.053055763244628906
1778643542.4920602,17.9456205368042,359,0.0,0.0,0.05276083946228027
1778643542.53443,17.987990379333496,360,0.0,0.0,0.042369842529296875
1778643542.5870035,18.040563821792603,361,0.0,0.0,0.052573442459106445
1778643542.6400447,18.093605041503906,362,0.0,0.0,0.05304121971130371
1778643542.6821527,18.13571310043335,363,0.0,0.0,0.04210805892944336
1778643542.7348967,18.188457012176514,364,0.0,0.0,0.05274391174316406
1778643542.7880738,18.241634130477905,365,0.0,0.0,0.0531771183013916
1778643542.8413627,18.294923067092896,366,0.0,0.0,0.053288936614990234
1778643542.8839605,18.337520837783813,367,0.0,0.0,0.04259777069091797
1778643542.9365695,18.390129804611206,368,0.0,0.0,0.05260896682739258
1778643542.9893515,18.442911863327026,369,0.0,0.0,0.05278205871582031
1778643543.0416863,18.495246648788452,370,0.0,0.0,0.05233478546142578
1778643543.0842006,18.537760972976685,371,0.0,0.0,0.04251432418823242
1778643543.1378913,18.59145164489746,372,0.0,0.0,0.05369067192077637
1778643543.1904683,18.644028663635254,373,0.0,0.0,0.05257701873779297
1778643543.232431,18.685991287231445,374,0.0,0.0,0.041962623596191406
1778643543.28537,18.738930463790894,375,0.0,0.0,0.05293917655944824
1778643543.3381526,18.791712999343872,376,0.0,0.0,0.052782535552978516
1778643543.3912327,18.84479308128357,377,0.0,0.0,0.053080081939697266
1778643543.4336696,18.887229919433594,378,0.0,0.0,0.042436838150024414
1778643543.4865103,18.940070629119873,379,0.0,0.0,0.0528407096862793
1778643543.5404668,18.994027137756348,380,0.0,0.0,0.05395650863647461
1778643543.59224,19.04580044746399,381,0.0,0.0,0.0517733097076416
1778643543.6339958,19.08755612373352,382,0.0,0.0,0.04175567626953125
1778643543.6875584,19.14111876487732,383,0.0,0.0,0.05356264114379883
1778643543.739018,19.192578315734863,384,0.0,0.0,0.051459550857543945
1778643543.7915452,19.245105504989624,385,0.0,0.0,0.05252718925476074
1778643543.8336067,19.287167072296143,386,0.0,0.0,0.042061567306518555
1778643543.8858893,19.339449644088745,387,0.0,0.0,0.05228257179260254
1778643543.93893,19.39249038696289,388,0.0,0.0,0.05304074287414551
1778643543.9912386,19.444798946380615,389,0.0,0.0,0.05230855941772461
1778643544.03333,19.48689031600952,390,0.0,0.0,0.04209136962890625
1778643544.0859654,19.539525747299194,391,0.0,0.0,0.05263543128967285
1778643544.1386445,19.592204809188843,392,0.0,0.0,0.05267906188964844
1778643544.1909945,19.64455485343933,393,0.0,0.0,0.05235004425048828
1778643544.232616,19.686176300048828,394,0.0,0.0,0.04162144660949707
1778643544.2860534,19.7396137714386,395,0.0,0.0,0.05343747138977051
1778643544.3370674,19.7906277179718,396,0.0,0.0,0.051013946533203125
1778643544.3895004,19.843060731887817,397,0.0,0.0,0.052433013916015625
1778643544.4416556,19.89521598815918,398,0.0,0.0,0.052155256271362305
1778643544.483365,19.936925411224365,399,0.0,0.0,0.04170942306518555
1778643544.5356827,19.989243030548096,400,0.0,0.0,0.05231761932373047
1778643544.5879755,20.0415358543396,401,0.0,0.0,0.052292823791503906
1778643544.640544,20.094104290008545,402,0.0,0.0,0.05256843566894531
1778643544.682399,20.13595938682556,403,0.0,0.0,0.0418550968170166
1778643544.735032,20.188592433929443,404,0.0,0.0,0.052633047103881836
1778643544.7878048,20.24136519432068,405,0.0,0.0,0.05277276039123535
1778643544.8402026,20.293762922286987,406,0.0,0.0,0.052397727966308594
1778643544.8822188,20.335779190063477,407,0.0,0.0,0.04201626777648926
1778643544.9345686,20.388128995895386,408,0.0,0.0,0.05234980583190918
1778643544.987257,20.44081735610962,409,0.0,0.0,0.0526883602142334
1778643545.0397792,20.49333953857422,410,0.0,0.0,0.05252218246459961
1778643545.0821025,20.53566288948059,411,0.0,0.0,0.04232335090637207
1778643545.1349013,20.58846163749695,412,0.0,0.0,0.05279874801635742
1778643545.1877625,20.64132285118103,413,0.0,0.0,0.05286121368408203
1778643545.2406197,20.694180011749268,414,0.0,0.0,0.052857160568237305
1778643545.2829874,20.736547708511353,415,0.0,0.0,0.04236769676208496
1778643545.3359442,20.789504528045654,416,0.0,0.0,0.05295681953430176
1778643545.3888927,20.842453002929688,417,0.0,0.0,0.0529484748840332
1778643545.4417458,20.89530611038208,418,0.0,0.0,0.05285310745239258
1778643545.4836822,20.93724250793457,419,0.0,0.0,0.041936397552490234
1778643545.536921,20.99048137664795,420,0.0,0.0,0.053238868713378906
1778643545.5900881,21.04364848136902,421,0.0,0.0,0.053167104721069336
1778643545.6318893,21.085449695587158,422,0.0,0.0,0.04180121421813965
1778643545.6846292,21.138189554214478,423,0.0,0.0,0.052739858627319336
1778643545.737221,21.190781354904175,424,0.0,0.0,0.052591800689697266
1778643545.789811,21.24337124824524,425,0.0,0.0,0.05258989334106445
1778643545.832379,21.28593945503235,426,0.0,0.0,0.042568206787109375
1778643545.8853457,21.338906049728394,427,0.0,0.0,0.05296659469604492
1778643545.9385655,21.392125844955444,428,0.0,0.0,0.05321979522705078
1778643545.9911036,21.444664001464844,429,0.0,0.0,0.052538156509399414
1778643546.0330038,21.48656415939331,430,0.0,0.0,0.0419001579284668
1778643546.0855885,21.539148807525635,431,0.0,0.0,0.05258464813232422
1778643546.1383317,21.59189200401306,432,0.0,0.0,0.05274319648742676
1778643546.1908367,21.644397020339966,433,0.0,0.0,0.0525050163269043
1778643546.2326708,21.68623113632202,434,0.0,0.0,0.041834115982055664
1778643546.2856996,21.739259958267212,435,0.0,0.0,0.05302882194519043
1778643546.3384392,21.791999578475952,436,0.0,0.0,0.052739620208740234
1778643546.3912516,21.84481191635132,437,0.0,0.0,0.05281233787536621
1778643546.4333813,21.88694167137146,438,0.0,0.0,0.0421297550201416
1778643546.4858315,21.93939185142517,439,0.0,0.0,0.05245018005371094
1778643546.538612,21.992172241210938,440,0.0,0.0,0.0527803897857666
1778643546.5909672,22.044527530670166,441,0.0,0.0,0.052355289459228516
1778643546.6326928,22.08625316619873,442,0.0,0.0,0.04172563552856445
1778643546.685171,22.138731241226196,443,0.0,0.0,0.05247807502746582
1778643546.7376816,22.191241979599,444,0.0,0.0,0.052510738372802734
1778643546.7900877,22.243648052215576,445,0.0,0.0,0.05240607261657715
1778643546.8324733,22.286033630371094,446,0.0,0.0,0.04238557815551758
1778643546.8856623,22.33922266960144,447,0.0,0.0,0.05318903923034668
1778643546.938531,22.392091274261475,448,0.0,0.0,0.05286860466003418
1778643546.9915917,22.445152044296265,449,0.0,0.0,0.05306077003479004
1778643547.033534,22.487094402313232,450,0.0,0.0,0.04194235801696777
1778643547.0862575,22.539817810058594,451,0.0,0.0,0.05272340774536133
1778643547.1394546,22.59301495552063,452,0.0,0.0,0.05319714546203613
1778643547.1918771,22.645437479019165,453,0.0,0.0,0.052422523498535156
1778643547.2340095,22.687569856643677,454,0.0,0.0,0.04213237762451172
1778643547.2866075,22.74016785621643,455,0.0,0.0,0.052597999572753906
1778643547.3398461,22.79340648651123,456,0.0,0.0,0.053238630294799805
1778643547.3820283,22.835588693618774,457,0.0,0.0,0.042182207107543945
1778643547.4349225,22.888482809066772,458,0.0,0.0,0.05289411544799805
1778643547.4880981,22.94165849685669,459,0.0,0.0,0.05317568778991699
1778643547.540977,22.994537353515625,460,0.0,0.0,0.05287885665893555
1778643547.5832703,23.03683066368103,461,0.0,0.0,0.04229331016540527
1778643547.6357152,23.089275598526,462,0.0,0.0,0.0524449348449707
1778643547.687944,23.141504287719727,463,0.0,0.0,0.052228689193725586
1778643547.7405932,23.194153547286987,464,0.0,0.0,0.05264925956726074
1778643547.782235,23.235795259475708,465,0.0,0.0,0.0416417121887207
1778643547.8349283,23.288488626480103,466,0.0,0.0,0.05269336700439453
1778643547.8876176,23.341177940368652,467,0.0,0.0,0.052689313888549805
1778643547.9404533,23.39401364326477,468,0.0,0.0,0.052835702896118164
1778643547.9827373,23.43629765510559,469,0.0,0.0,0.04228401184082031
1778643548.0350964,23.488656759262085,470,0.0,0.0,0.05235910415649414
1778643548.0877469,23.54130721092224,471,0.0,0.0,0.05265045166015625
1778643548.1402912,23.593851566314697,472,0.0,0.0,0.052544355392456055
1778643548.1822507,23.63581109046936,473,0.0,0.0,0.041959524154663086
1778643548.2349372,23.68849754333496,474,0.0,0.0,0.052686452865600586
1778643548.2874014,23.74096179008484,475,0.0,0.0,0.05246424674987793
1778643548.3398185,23.793378829956055,476,0.0,0.0,0.05241703987121582
1778643548.38236,23.835920333862305,477,0.0,0.0,0.04254150390625
1778643548.4365733,23.89013361930847,478,0.0,0.0,0.05421328544616699
1778643548.488641,23.942201375961304,479,0.0,0.0,0.05206775665283203
1778643548.540455,23.99401545524597,480,0.0,0.0,0.05181407928466797
1778643548.5820227,24.035583019256592,481,0.0,0.0,0.04156756401062012
1778643548.634068,24.08762836456299,482,0.0,0.0,0.052045345306396484
1778643548.6861243,24.139684677124023,483,0.0,0.0,0.052056312561035156
1778643548.7385237,24.192084074020386,484,0.0,0.0,0.052399396896362305
1778643548.7911124,24.244672775268555,485,0.0,0.0,0.052588701248168945
1778643548.8333,24.286860466003418,486,0.0,0.0,0.04218769073486328
1778643548.8859813,24.33954167366028,487,0.0,0.0,0.05268120765686035
1778643548.939631,24.39319133758545,488,0.0,0.0,0.0536496639251709
1778643548.9912922,24.444852590560913,489,0.0,0.0,0.05166125297546387
1778643549.0336044,24.487164735794067,490,0.0,0.0,0.0423121452331543
1778643549.0876155,24.541175842285156,491,0.0,0.0,0.05401110649108887
1778643549.1395195,24.593079805374146,492,0.0,0.0,0.05190396308898926
1778643549.1921093,24.64566969871521,493,0.0,0.0,0.05258989334106445
1778643549.2345374,24.688097715377808,494,0.0,0.0,0.042428016662597656
1778643549.287392,24.740952253341675,495,0.0,0.0,0.05285453796386719
1778643549.3399613,24.793521642684937,496,0.0,0.0,0.05256938934326172
1778643549.3823946,24.835954904556274,497,0.0,0.0,0.04243326187133789
1778643549.435025,24.888585329055786,498,0.0,0.0,0.05263042449951172
1778643549.4877326,24.941293001174927,499,0.0,0.0,0.052707672119140625
1778643549.5404947,24.994055032730103,500,0.0,0.0,0.05276203155517578
1778643549.5827205,25.036280870437622,501,0.0,0.0,0.04222583770751953
1778643549.635485,25.08904528617859,502,0.0,0.0,0.0527644157409668
1778643549.6882298,25.14179015159607,503,0.0,0.0,0.05274486541748047
1778643549.7410347,25.194595098495483,504,0.0,0.0,0.05280494689941406
1778643549.7829473,25.236507654190063,505,0.0,0.0,0.04191255569458008
1778643549.8358905,25.289450883865356,506,0.0,0.0,0.05294322967529297
1778643549.8887117,25.34227204322815,507,0.0,0.0,0.05282115936279297
1778643549.9412699,25.394830226898193,508,0.0,0.0,0.052558183670043945
1778643549.9835203,25.43708062171936,509,0.0,0.0,0.04225039482116699
1778643550.036346,25.489906311035156,510,0.0,0.0,0.0528256893157959
1778643550.0889437,25.54250407218933,511,0.0,0.0,0.052597761154174805
1778643550.1415925,25.595152854919434,512,0.0,0.0,0.05264878273010254
1778643550.1837723,25.637332677841187,513,0.0,0.0,0.04217982292175293
1778643550.2367089,25.690269231796265,514,0.0,0.0,0.052936553955078125
1778643550.290431,25.743991374969482,515,0.0,0.0,0.05372214317321777
1778643550.3421745,25.795734882354736,516,0.0,0.0,0.051743507385253906
1778643550.3844078,25.837968111038208,517,0.0,0.0,0.04223322868347168
1778643550.4415452,25.895105600357056,518,0.0,0.0,0.057137489318847656
1778643550.4918554,25.94541573524475,519,0.0,0.0,0.05031013488769531
1778643550.5336921,25.987252473831177,520,0.0,0.0,0.04183673858642578
1778643550.5878112,26.0413715839386,521,0.0,0.0,0.054119110107421875
1778643550.6396477,26.093208074569702,522,0.0,0.0,0.051836490631103516
1778643550.6919324,26.145492792129517,523,0.0,0.0,0.05228471755981445
1778643550.7341797,26.187740087509155,524,0.0,0.0,0.04224729537963867
1778643550.787695,26.241255283355713,525,0.0,0.0,0.05351519584655762
1778643550.839984,26.29354429244995,526,0.0,0.0,0.05228900909423828
1778643550.881976,26.335536241531372,527,0.0,0.0,0.0419919490814209
1778643550.9346015,26.3881618976593,528,0.0,0.0,0.05262565612792969
1778643550.9872007,26.44076108932495,529,0.0,0.0,0.052599191665649414
1778643551.0395696,26.49312996864319,530,0.0,0.0,0.052368879318237305
1778643551.0924022,26.54596257209778,531,0.0,0.0,0.052832603454589844
1778643551.134727,26.588287353515625,532,0.0,0.0,0.04232478141784668
1778643551.1875184,26.64107871055603,533,0.0,0.0,0.05279135704040527
1778643551.239997,26.693557262420654,534,0.0,0.0,0.05247855186462402
1778643551.2823772,26.73593759536743,535,0.0,0.0,0.042380332946777344
1778643551.3347988,26.78835916519165,536,0.0,0.0,0.05242156982421875
1778643551.3886983,26.84225869178772,537,0.0,0.0,0.053899526596069336
1778643551.4417074,26.895267724990845,538,0.0,0.0,0.053009033203125
1778643551.4829953,26.93655562400818,539,0.0,0.0,0.041287899017333984
1778643551.5359888,26.989549160003662,540,0.0,0.0,0.0529935359954834
1778643551.589925,27.043485403060913,541,0.0,0.0,0.05393624305725098
1778643551.6319895,27.08554983139038,542,0.0,0.0,0.04206442832946777
1778643551.6846192,27.138179540634155,543,0.0,0.0,0.052629709243774414
1778643551.7374175,27.190977811813354,544,0.0,0.0,0.05279827117919922
1778643551.7900255,27.24358582496643,545,0.0,0.0,0.05260801315307617
1778643551.83236,27.28592038154602,546,0.0,0.0,0.042334556579589844
1778643551.8853626,27.33892297744751,547,0.0,0.0,0.05300259590148926
1778643551.9387357,27.392296075820923,548,0.0,0.0,0.053373098373413086
1778643551.991768,27.44532823562622,549,0.0,0.0,0.05303215980529785
1778643552.0342114,27.48777174949646,550,0.0,0.0,0.04244351387023926
1778643552.0876272,27.541187524795532,551,0.0,0.0,0.053415775299072266
1778643552.140416,27.593976259231567,552,0.0,0.0,0.052788734436035156
1778643552.1826305,27.63619089126587,553,0.0,0.0,0.04221463203430176
1778643552.2356114,27.68917179107666,554,0.0,0.0,0.052980899810791016
1778643552.2888825,27.742442846298218,555,0.0,0.0,0.05327105522155762
1778643552.342829,27.79638934135437,556,0.0,0.0,0.053946495056152344
1778643552.3845525,27.838112831115723,557,0.0,0.0,0.04172348976135254
1778643552.437068,27.890628337860107,558,0.0,0.0,0.052515506744384766
1778643552.4894283,27.942988634109497,559,0.0,0.0,0.05236029624938965
1778643552.5420048,27.995565176010132,560,0.0,0.0,0.052576541900634766
1778643552.5843794,28.03793978691101,561,0.0,0.0,0.042374610900878906
1778643552.638299,28.091859340667725,562,0.0,0.0,0.05391955375671387
1778643552.690736,28.144296407699585,563,0.0,0.0,0.05243706703186035
1778643552.7355978,28.18915820121765,564,0.0,0.0,0.044861793518066406
1778643552.7877388,28.241299152374268,565,0.0,0.0,0.05214095115661621
1778643552.8395798,28.293140172958374,566,0.0,0.0,0.051841020584106445
1778643552.8923233,28.34588360786438,567,0.0,0.0,0.05274343490600586
1778643552.9367542,28.39031457901001,568,0.0,0.0,0.04443097114562988
1778643552.9934077,28.44696807861328,569,0.0,0.0,0.056653499603271484
1778643553.0377893,28.491349697113037,570,0.0,0.0,0.04438161849975586
1778643553.090678,28.544238328933716,571,0.0,0.0,0.05288863182067871
1778643553.1322432,28.585803508758545,572,0.0,0.0,0.0415651798248291
1778643553.1844826,28.63804292678833,573,0.0,0.0,0.052239418029785156
1778643553.2370968,28.690657138824463,574,0.0,0.0,0.05261421203613281
1778643553.2900126,28.74357295036316,575,0.0,0.0,0.05291581153869629
1778643553.3322632,28.785823583602905,576,0.0,0.0,0.042250633239746094
1778643553.3848615,28.83842182159424,577,0.0,0.0,0.05259823799133301
1778643553.4369981,28.89055848121643,578,0.0,0.0,0.05213665962219238
1778643553.4896986,28.9432590007782,579,0.0,0.0,0.05270051956176758
1778643553.5422215,28.995781898498535,580,0.0,0.0,0.052522897720336914
1778643553.5847192,29.03827953338623,581,0.0,0.0,0.04249763488769531
1778643553.6371582,29.090718507766724,582,0.0,0.0,0.052438974380493164
1778643553.689531,29.143091440200806,583,0.0,0.0,0.05237293243408203
1778643553.7420948,29.19565510749817,584,0.0,0.0,0.05256366729736328
1778643553.7844093,29.237969636917114,585,0.0,0.0,0.04231452941894531
1778643553.8402424,29.293802738189697,586,0.0,0.0,0.05583310127258301
1778643553.8824093,29.33596968650818,587,0.0,0.0,0.042166948318481445
1778643553.93506,29.388620376586914,588,0.0,0.0,0.05265069007873535
1778643553.987542,29.441102266311646,589,0.0,0.0,0.052481889724731445
1778643554.0397155,29.4932758808136,590,0.0,0.0,0.052173614501953125
1778643554.0924757,29.54603600502014,591,0.0,0.0,0.05276012420654297
1778643554.1345499,29.588110208511353,592,0.0,0.0,0.04207420349121094
1778643554.1879556,29.641515970230103,593,0.0,0.0,0.05340576171875
1778643554.2412057,29.6947660446167,594,0.0,0.0,0.05325007438659668
1778643554.2817774,29.735337734222412,595,0.0,0.0,0.04057168960571289
1778643554.3339179,29.78747820854187,596,0.0,0.0,0.05214047431945801
1778643554.3861003,29.83966064453125,597,0.0,0.0,0.05218243598937988
1778643554.4385145,29.892074823379517,598,0.0,0.0,0.0524141788482666
1778643554.490918,29.944478273391724,599,0.0,0.0,0.05240345001220703
1778643554.5328302,29.986390590667725,600,0.0,0.0,0.04191231727600098
1778643554.5857756,30.03933596611023,601,0.0,0.0,0.05294537544250488
1778643554.6385965,30.092156887054443,602,0.0,0.0,0.05282092094421387
1778643554.690822,30.14438223838806,603,0.0,0.0,0.052225351333618164
1778643554.7328398,30.186400175094604,604,0.0,0.0,0.04201793670654297
1778643554.787637,30.24119734764099,605,0.0,0.0,0.05479717254638672
1778643554.8387823,30.29234266281128,606,0.0,0.0,0.051145315170288086
1778643554.8915555,30.345115900039673,607,0.0,0.0,0.052773237228393555
1778643554.9336765,30.387236833572388,608,0.0,0.0,0.042120933532714844
1778643554.986064,30.439624309539795,609,0.0,0.0,0.05238747596740723
1778643555.0383558,30.491916179656982,610,0.0,0.0,0.0522918701171875
1778643555.0907247,30.54428505897522,611,0.0,0.0,0.052368879318237305
1778643555.1326058,30.58616614341736,612,0.0,0.0,0.04188108444213867
1778643555.1853492,30.638909578323364,613,0.0,0.0,0.05274343490600586
1778643555.238605,30.69216537475586,614,0.0,0.0,0.05325579643249512
1778643555.2917233,30.745283603668213,615,0.0,0.0,0.053118228912353516
1778643555.3343205,30.787880897521973,616,0.0,0.0,0.042597293853759766
1778643555.3870301,30.840590476989746,617,0.0,0.0,0.05270957946777344
1778643555.4401858,30.89374613761902,618,0.0,0.0,0.05315566062927246
1778643555.4825382,30.93609857559204,619,0.0,0.0,0.04235243797302246
1778643555.5349178,30.988478183746338,620,0.0,0.0,0.052379608154296875
1778643555.5875406,31.04110097885132,621,0.0,0.0,0.05262279510498047
1778643555.6401334,31.093693733215332,622,0.0,0.0,0.05259275436401367
1778643555.6823416,31.135901927947998,623,0.0,0.0,0.042208194732666016
1778643555.7350025,31.188562870025635,624,0.0,0.0,0.05266094207763672
1778643555.787937,31.2414972782135,625,0.0,0.0,0.05293440818786621
1778643555.8407724,31.29433274269104,626,0.0,0.0,0.05283546447753906
1778643555.883085,31.336645364761353,627,0.0,0.0,0.0423126220703125
1778643555.936596,31.390156269073486,628,0.0,0.0,0.05351090431213379
1778643555.9911206,31.44468092918396,629,0.0,0.0,0.05452466011047363
1778643556.0422592,31.495819568634033,630,0.0,0.0,0.05113863945007324
1778643556.0843723,31.537932634353638,631,0.0,0.0,0.04211306571960449
1778643556.1366558,31.590216159820557,632,0.0,0.0,0.052283525466918945
1778643556.1892152,31.642775535583496,633,0.0,0.0,0.05255937576293945
1778643556.24174,31.695300340652466,634,0.0,0.0,0.05252480506896973
1778643556.2842302,31.73779058456421,635,0.0,0.0,0.042490243911743164
1778643556.337454,31.791014432907104,636,0.0,0.0,0.05322384834289551
1778643556.390983,31.84454345703125,637,0.0,0.0,0.05352902412414551
1778643556.4337983,31.88735866546631,638,0.0,0.0,0.042815208435058594
1778643556.4864461,31.940006494522095,639,0.0,0.0,0.05264782905578613
1778643556.5388873,31.9924476146698,640,0.0,0.0,0.05244112014770508
1778643556.591409,32.04496932029724,641,0.0,0.0,0.052521705627441406
1778643556.6340063,32.087566614151,642,0.0,0.0,0.042597293853759766
1778643556.686865,32.14042544364929,643,0.0,0.0,0.052858829498291016
1778643556.7389607,32.19252109527588,644,0.0,0.0,0.052095651626586914
1778643556.7918627,32.24542307853699,645,0.0,0.0,0.0529019832611084
1778643556.8341117,32.28767204284668,646,0.0,0.0,0.04224896430969238
1778643556.8870313,32.34059166908264,647,0.0,0.0,0.052919626235961914
1778643556.9406986,32.394258975982666,648,0.0,0.0,0.053667306900024414
1778643556.9823613,32.43592166900635,649,0.0,0.0,0.04166269302368164
1778643557.0344057,32.48796606063843,650,0.0,0.0,0.05204439163208008
1778643557.0872993,32.54085969924927,651,0.0,0.0,0.052893638610839844
1778643557.1398702,32.593430519104004,652,0.0,0.0,0.05257081985473633
1778643557.1823192,32.63587951660156,653,0.0,0.0,0.042448997497558594
1778643557.2353976,32.688957929611206,654,0.0,0.0,0.053078413009643555
1778643557.2882578,32.74181818962097,655,0.0,0.0,0.052860260009765625
1778643557.3409097,32.7944700717926,656,0.0,0.0,0.05265188217163086
1778643557.3832178,32.83677816390991,657,0.0,0.0,0.04230809211730957
1778643557.435661,32.88922142982483,658,0.0,0.0,0.05244326591491699
1778643557.4886587,32.94221901893616,659,0.0,0.0,0.052997589111328125
1778643557.5414789,32.995039224624634,660,0.0,0.0,0.05282020568847656
1778643557.5838702,33.03743052482605,661,0.0,0.0,0.042391300201416016
1778643557.6400065,33.09356689453125,662,0.0,0.0,0.056136369705200195
1778643557.6924767,33.146037101745605,663,0.0,0.0,0.05247020721435547
1778643557.7345111,33.188071489334106,664,0.0,0.0,0.04203438758850098
1778643557.787449,33.24100923538208,665,0.0,0.0,0.05293774604797363
1778643557.8403397,33.29390001296997,666,0.0,0.0,0.052890777587890625
1778643557.882604,33.336164236068726,667,0.0,0.0,0.04226422309875488
1778643557.9353218,33.38888216018677,668,0.0,0.0,0.05271792411804199
1778643557.9879203,33.44148063659668,669,0.0,0.0,0.05259847640991211
1778643558.0408437,33.49440407752991,670,0.0,0.0,0.05292344093322754
1778643558.0831966,33.53675699234009,671,0.0,0.0,0.042352914810180664
1778643558.1359937,33.58955407142639,672,0.0,0.0,0.05279707908630371
1778643558.1888492,33.642409563064575,673,0.0,0.0,0.052855491638183594
1778643558.2409072,33.694467544555664,674,0.0,0.0,0.05205798149108887
1778643558.2824063,33.73596668243408,675,0.0,0.0,0.04149913787841797
1778643558.3344717,33.78803205490112,676,0.0,0.0,0.052065372467041016
1778643558.3868237,33.840384006500244,677,0.0,0.0,0.052351951599121094
1778643558.442762,33.89632225036621,678,0.0,0.0,0.0559382438659668
1778643558.4835358,33.937096118927,679,0.0,0.0,0.040773868560791016
1778643558.537575,33.991135358810425,680,0.0,0.0,0.05403923988342285
1778643558.5901732,34.04373359680176,681,0.0,0.0,0.05259823799133301
1778643558.6323009,34.08586120605469,682,0.0,0.0,0.04212760925292969
1778643558.684971,34.13853144645691,683,0.0,0.0,0.05267024040222168
1778643558.737963,34.19152331352234,684,0.0,0.0,0.05299186706542969
1778643558.790985,34.244545459747314,685,0.0,0.0,0.053022146224975586
1778643558.8331041,34.2866644859314,686,0.0,0.0,0.04211902618408203
1778643558.886001,34.339561462402344,687,0.0,0.0,0.052896976470947266
1778643558.938814,34.39237427711487,688,0.0,0.0,0.052812814712524414
1778643558.9915004,34.44506072998047,689,0.0,0.0,0.052686452865600586
1778643559.0334706,34.48703098297119,690,0.0,0.0,0.041970252990722656
1778643559.086203,34.53976345062256,691,0.0,0.0,0.05273246765136719
1778643559.1386783,34.592238664627075,692,0.0,0.0,0.0524752140045166
1778643559.192754,34.6463143825531,693,0.0,0.0,0.05407571792602539
1778643559.2342727,34.687833070755005,694,0.0,0.0,0.0415186882019043
1778643559.2860222,34.739582538604736,695,0.0,0.0,0.051749467849731445
1778643559.3385067,34.79206705093384,696,0.0,0.0,0.05248451232910156
1778643559.3905873,34.84414768218994,697,0.0,0.0,0.052080631256103516
1778643559.4321842,34.88574457168579,698,0.0,0.0,0.04159688949584961
1778643559.4841592,34.93771958351135,699,0.0,0.0,0.05197501182556152
1778643559.5383704,34.99193072319031,700,0.0,0.0,0.05421113967895508
1778643559.5906324,35.04419279098511,701,0.0,0.0,0.052262067794799805
1778643559.632013,35.08557343482971,702,0.0,0.0,0.04138064384460449
1778643559.6839993,35.13755965232849,703,0.0,0.0,0.0519862174987793
1778643559.738447,35.192007303237915,704,0.0,0.0,0.05444765090942383
1778643559.7887719,35.242332220077515,705,0.0,0.0,0.05032491683959961
1778643559.8409913,35.294551610946655,706,0.0,0.0,0.052219390869140625
1778643559.883358,35.336918354034424,707,0.0,0.0,0.042366743087768555
1778643559.936209,35.389769315719604,708,0.0,0.0,0.052850961685180664
1778643559.9920602,35.4456205368042,709,0.0,0.0,0.05585122108459473
1778643560.0344472,35.48800754547119,710,0.0,0.0,0.04238700866699219
1778643560.0867198,35.54028010368347,711,0.0,0.0,0.05227255821228027
1778643560.139407,35.59296727180481,712,0.0,0.0,0.05268716812133789
1778643560.1917734,35.645333766937256,713,0.0,0.0,0.05236649513244629
1778643560.233768,35.68732833862305,714,0.0,0.0,0.041994571685791016
1778643560.2862754,35.73983573913574,715,0.0,0.0,0.05250740051269531
1778643560.3390229,35.79258322715759,716,0.0,0.0,0.052747488021850586
1778643560.3919575,35.84551787376404,717,0.0,0.0,0.05293464660644531
1778643560.4343193,35.887879610061646,718,0.0,0.0,0.04236173629760742
1778643560.4876099,35.94117021560669,719,0.0,0.0,0.053290605545043945
1778643560.5398545,35.993414878845215,720,0.0,0.0,0.05224466323852539
1778643560.5818486,36.03540897369385,721,0.0,0.0,0.04199409484863281
1778643560.6342392,36.08779954910278,722,0.0,0.0,0.05239057540893555
1778643560.6867979,36.140358209609985,723,0.0,0.0,0.05255866050720215
1778643560.7392895,36.19284987449646,724,0.0,0.0,0.05249166488647461
1778643560.7920017,36.2455620765686,725,0.0,0.0,0.052712202072143555
1778643560.83459,36.28815031051636,726,0.0,0.0,0.042588233947753906
1778643560.8875701,36.34113049507141,727,0.0,0.0,0.05298018455505371
1778643560.9396737,36.39323401451111,728,0.0,0.0,0.052103519439697266
1778643560.9919574,36.445517778396606,729,0.0,0.0,0.05228376388549805
1778643561.0341148,36.487675189971924,730,0.0,0.0,0.04215741157531738
1778643561.0868478,36.54040813446045,731,0.0,0.0,0.05273294448852539
1778643561.1391027,36.592663049697876,732,0.0,0.0,0.05225491523742676
1778643561.191245,36.64480543136597,733,0.0,0.0,0.05214238166809082
1778643561.2332964,36.686856746673584,734,0.0,0.0,0.04205131530761719
1778643561.2856724,36.739232778549194,735,0.0,0.0,0.05237603187561035
1778643561.3379595,36.7915198802948,736,0.0,0.0,0.05228710174560547
1778643561.3909347,36.84449505805969,737,0.0,0.0,0.05297517776489258
1778643561.4330187,36.88657903671265,738,0.0,0.0,0.0420839786529541
1778643561.4858594,36.939419746398926,739,0.0,0.0,0.0528407096862793
1778643561.5381885,36.99174880981445,740,0.0,0.0,0.052329063415527344
1778643561.5906343,37.04419469833374,741,0.0,0.0,0.05244588851928711
1778643561.6326559,37.08621621131897,742,0.0,0.0,0.04202151298522949
1778643561.6851456,37.13870596885681,743,0.0,0.0,0.0524897575378418
1778643561.7375634,37.191123723983765,744,0.0,0.0,0.052417755126953125
1778643561.7901995,37.243759870529175,745,0.0,0.0,0.052636146545410156
1778643561.8326015,37.28616189956665,746,0.0,0.0,0.042402029037475586
1778643561.8852606,37.338820934295654,747,0.0,0.0,0.052659034729003906
1778643561.9376845,37.391244888305664,748,0.0,0.0,0.052423954010009766
1778643561.9904418,37.44400215148926,749,0.0,0.0,0.05275726318359375
1778643562.0326464,37.48620676994324,750,0.0,0.0,0.04220461845397949
1778643562.0851834,37.53874373435974,751,0.0,0.0,0.052536964416503906
1778643562.137586,37.59114646911621,752,0.0,0.0,0.05240273475646973
1778643562.1898682,37.643428564071655,753,0.0,0.0,0.052282094955444336
1778643562.2320065,37.685566902160645,754,0.0,0.0,0.04213833808898926
1778643562.2849734,37.73853373527527,755,0.0,0.0,0.05296683311462402
1778643562.3380458,37.791606187820435,756,0.0,0.0,0.053072452545166016
1778643562.3910196,37.84457993507385,757,0.0,0.0,0.05297374725341797
1778643562.4328778,37.8864381313324,758,0.0,0.0,0.04185819625854492
1778643562.4852111,37.93877148628235,759,0.0,0.0,0.05233335494995117
1778643562.5374408,37.99100112915039,760,0.0,0.0,0.05222964286804199
1778643562.58994,38.0435004234314,761,0.0,0.0,0.05249929428100586
1778643562.63208,38.08564043045044,762,0.0,0.0,0.04214000701904297
1778643562.6846297,38.138190031051636,763,0.0,0.0,0.05254960060119629
1778643562.7373405,38.190900802612305,764,0.0,0.0,0.052710771560668945
1778643562.7899432,38.24350357055664,765,0.0,0.0,0.05260276794433594
1778643562.8322387,38.28579902648926,766,0.0,0.0,0.04229545593261719
1778643562.8852272,38.33878755569458,767,0.0,0.0,0.052988529205322266
1778643562.9381554,38.39171576499939,768,0.0,0.0,0.05292820930480957
1778643562.9910047,38.44456505775452,769,0.0,0.0,0.05284929275512695
1778643563.0336215,38.48718190193176,770,0.0,0.0,0.042616844177246094
1778643563.0866616,38.54022192955017,771,0.0,0.0,0.0530400276184082
1778643563.139657,38.59321737289429,772,0.0,0.0,0.05299544334411621
1778643563.1820054,38.635565757751465,773,0.0,0.0,0.042348384857177734
1778643563.2347836,38.68834400177002,774,0.0,0.0,0.05277824401855469
1778643563.2876544,38.741214752197266,775,0.0,0.0,0.052870750427246094
1778643563.3407784,38.79433870315552,776,0.0,0.0,0.05312395095825195
1778643563.3831782,38.83673858642578,777,0.0,0.0,0.04239988327026367
1778643563.4360387,38.889599084854126,778,0.0,0.0,0.05286049842834473
1778643563.4891107,38.942671060562134,779,0.0,0.0,0.05307197570800781
1778643563.541974,38.99553442001343,780,0.0,0.0,0.052863359451293945
1778643563.5839853,39.037545680999756,781,0.0,0.0,0.042011260986328125
1778643563.6370223,39.090582609176636,782,0.0,0.0,0.05303692817687988
1778643563.689932,39.143492460250854,783,0.0,0.0,0.05290985107421875
1778643563.732592,39.18615245819092,784,0.0,0.0,0.04265999794006348
1778643563.787681,39.241241455078125,785,0.0,0.0,0.05508899688720703
1778643563.8378878,39.29144811630249,786,0.0,0.0,0.050206661224365234
1778643563.8908427,39.34440302848816,787,0.0,0.0,0.052954912185668945
1778643563.9332783,39.38683867454529,788,0.0,0.0,0.042435646057128906
1778643563.9858077,39.43936800956726,789,0.0,0.0,0.052529335021972656
1778643564.0381715,39.49173188209534,790,0.0,0.0,0.05236387252807617
1778643564.0824692,39.53602957725525,791,0.0,0.0,0.04429769515991211
1778643564.1345763,39.58813667297363,792,0.0,0.0,0.05210709571838379
1778643564.1870134,39.64057374000549,793,0.0,0.0,0.05243706703186035
1778643564.2396135,39.69317388534546,794,0.0,0.0,0.05260014533996582
1778643564.2924852,39.74604558944702,795,0.0,0.0,0.0528717041015625
1778643564.335249,39.788809299468994,796,0.0,0.0,0.042763710021972656
1778643564.387883,39.84144330024719,797,0.0,0.0,0.05263400077819824
1778643564.441562,39.89512228965759,798,0.0,0.0,0.05367898941040039
1778643564.4851646,39.938724994659424,799,0.0,0.0,0.043602705001831055
1778643564.5379019,39.99146223068237,800,0.0,0.0,0.05273723602294922
1778643564.590517,40.04407739639282,801,0.0,0.0,0.05261516571044922
1778643564.632481,40.08604145050049,802,0.0,0.0,0.041964054107666016
1778643564.6856081,40.13916850090027,803,0.0,0.0,0.05312705039978027
1778643564.738773,40.192333459854126,804,0.0,0.0,0.05316495895385742
1778643564.791154,40.24471426010132,805,0.0,0.0,0.05238080024719238
1778643564.8330867,40.28664708137512,806,0.0,0.0,0.04193282127380371
1778643564.885923,40.3394832611084,807,0.0,0.0,0.05283617973327637
1778643564.938805,40.39236545562744,808,0.0,0.0,0.05288219451904297
1778643564.9914865,40.44504690170288,809,0.0,0.0,0.05268144607543945
1778643565.0339673,40.48752760887146,810,0.0,0.0,0.0424807071685791
1778643565.0867717,40.540332078933716,811,0.0,0.0,0.05280447006225586
1778643565.1404414,40.59400177001953,812,0.0,0.0,0.05366969108581543
1778643565.1861665,40.639726877212524,813,0.0,0.0,0.045725107192993164
1778643565.2387977,40.69235801696777,814,0.0,0.0,0.05263113975524902
1778643565.291498,40.74505829811096,815,0.0,0.0,0.05270028114318848
1778643565.333733,40.787293434143066,816,0.0,0.0,0.04223513603210449
1778643565.3865442,40.84010457992554,817,0.0,0.0,0.0528111457824707
1778643565.4396353,40.89319562911987,818,0.0,0.0,0.05309104919433594
1778643565.4919558,40.94551610946655,819,0.0,0.0,0.05232048034667969
1778643565.533859,40.98741936683655,820,0.0,0.0,0.04190325736999512
1778643565.5868564,41.0404167175293,821,0.0,0.0,0.05299735069274902
1778643565.6407077,41.09426808357239,822,0.0,0.0,0.05385136604309082
1778643565.682325,41.13588523864746,823,0.0,0.0,0.04161715507507324
1778643565.7348363,41.188396692276,824,0.0,0.0,0.05251145362854004
1778643565.787551,41.241111278533936,825,0.0,0.0,0.05271458625793457
1778643565.8400924,41.29365277290344,826,0.0,0.0,0.052541494369506836
1778643565.88223,41.335790395736694,827,0.0,0.0,0.04213762283325195
1778643565.934733,41.38829326629639,828,0.0,0.0,0.05250287055969238
1778643565.9872591,41.44081950187683,829,0.0,0.0,0.052526235580444336
1778643566.0403035,41.49386382102966,830,0.0,0.0,0.05304431915283203
1778643566.0828295,41.53638982772827,831,0.0,0.0,0.0425260066986084
1778643566.1353903,41.588950634002686,832,0.0,0.0,0.05256080627441406
1778643566.1887326,41.642292976379395,833,0.0,0.0,0.053342342376708984
1778643566.2415981,41.6951584815979,834,0.0,0.0,0.05286550521850586
1778643566.2859206,41.73948097229004,835,0.0,0.0,0.04432249069213867
1778643566.3377936,41.791353940963745,836,0.0,0.0,0.051872968673706055
1778643566.3900468,41.84360718727112,837,0.0,0.0,0.05225324630737305
1778643566.4319863,41.88554668426514,838,0.0,0.0,0.041939496994018555
1778643566.4865468,41.940107107162476,839,0.0,0.0,0.05456042289733887
1778643566.537256,41.99081635475159,840,0.0,0.0,0.05070924758911133
1778643566.590154,42.04371428489685,841,0.0,0.0,0.05289793014526367
1778643566.6323838,42.085944175720215,842,0.0,0.0,0.04222989082336426
1778643566.6850765,42.13863682746887,843,0.0,0.0,0.05269265174865723
1778643566.7379732,42.19153356552124,844,0.0,0.0,0.052896738052368164
1778643566.792007,42.245567321777344,845,0.0,0.0,0.054033756256103516
1778643566.8338006,42.28736090660095,846,0.0,0.0,0.0417935848236084
1778643566.8860798,42.33964014053345,847,0.0,0.0,0.05227923393249512
1778643566.9388561,42.39241647720337,848,0.0,0.0,0.052776336669921875
1778643566.9917521,42.4453125,849,0.0,0.0,0.05289602279663086
1778643567.0342839,42.48784422874451,850,0.0,0.0,0.042531728744506836
1778643567.087608,42.541168451309204,851,0.0,0.0,0.053324222564697266
1778643567.1400123,42.59357261657715,852,0.0,0.0,0.052404165267944336
1778643567.1820896,42.63564991950989,853,0.0,0.0,0.04207730293273926
1778643567.235131,42.68869137763977,854,0.0,0.0,0.05304145812988281
1778643567.2876976,42.74125790596008,855,0.0,0.0,0.0525665283203125
1778643567.339824,42.793384313583374,856,0.0,0.0,0.052126407623291016
1778643567.381918,42.83547830581665,857,0.0,0.0,0.04209399223327637
1778643567.4347832,42.88834357261658,858,0.0,0.0,0.05286526679992676
1778643567.4876142,42.94117450714111,859,0.0,0.0,0.05283093452453613
1778643567.54263,42.996190309524536,860,0.0,0.0,0.05501580238342285
1778643567.5829113,43.0364716053009,861,0.0,0.0,0.04028129577636719
1778643567.6353798,43.088940143585205,862,0.0,0.0,0.05246853828430176
1778643567.6880257,43.14158606529236,863,0.0,0.0,0.05264592170715332
1778643567.7408705,43.19443082809448,864,0.0,0.0,0.05284476280212402
1778643567.7832143,43.23677468299866,865,0.0,0.0,0.042343854904174805
1778643567.8367012,43.2902615070343,866,0.0,0.0,0.05348682403564453
1778643567.8894684,43.34302878379822,867,0.0,0.0,0.052767276763916016
1778643567.9419858,43.395546197891235,868,0.0,0.0,0.05251741409301758
1778643567.9847972,43.43835759162903,869,0.0,0.0,0.04281139373779297
1778643568.0374644,43.49102473258972,870,0.0,0.0,0.05266714096069336
1778643568.0901892,43.54374957084656,871,0.0,0.0,0.05272483825683594
1778643568.1325088,43.586069107055664,872,0.0,0.0,0.042319536209106445
1778643568.186347,43.639907360076904,873,0.0,0.0,0.053838253021240234
1778643568.238556,43.692116260528564,874,0.0,0.0,0.052208900451660156
1778643568.2913275,43.744887828826904,875,0.0,0.0,0.052771568298339844
1778643568.3330016,43.78656196594238,876,0.0,0.0,0.041674137115478516
1778643568.38544,43.83900046348572,877,0.0,0.0,0.05243849754333496
1778643568.4378402,43.89140057563782,878,0.0,0.0,0.05240011215209961
1778643568.4908695,43.944429874420166,879,0.0,0.0,0.05302929878234863
1778643568.5332022,43.98676252365112,880,0.0,0.0,0.04233264923095703
1778643568.5861812,44.03974151611328,881,0.0,0.0,0.0529789924621582
1778643568.6390028,44.09256315231323,882,0.0,0.0,0.05282163619995117
1778643568.692257,44.145817279815674,883,0.0,0.0,0.053254127502441406
1778643568.7347305,44.18829083442688,884,0.0,0.0,0.042473554611206055
1778643568.7877293,44.2412896156311,885,0.0,0.0,0.05299878120422363
1778643568.8405166,44.294076919555664,886,0.0,0.0,0.05278730392456055
1778643568.8833055,44.33686590194702,887,0.0,0.0,0.04278898239135742
1778643568.9363039,44.38986420631409,888,0.0,0.0,0.05299830436706543
1778643568.989214,44.442774295806885,889,0.0,0.0,0.05291008949279785
1778643569.0416448,44.49520516395569,890,0.0,0.0,0.05243086814880371
1778643569.084341,44.537901401519775,891,0.0,0.0,0.042696237564086914
1778643569.1370273,44.5905876159668,892,0.0,0.0,0.052686214447021484
1778643569.189651,44.643211364746094,893,0.0,0.0,0.052623748779296875
1778643569.2424486,44.696008920669556,894,0.0,0.0,0.052797555923461914
1778643569.2846355,44.73819589614868,895,0.0,0.0,0.04218697547912598
1778643569.3372393,44.790799617767334,896,0.0,0.0,0.052603721618652344
1778643569.390099,44.84365940093994,897,0.0,0.0,0.05285978317260742
1778643569.4323354,44.88589572906494,898,0.0,0.0,0.042236328125
1778643569.4850245,44.93858480453491,899,0.0,0.0,0.0526890754699707
1778643569.537816,44.9913763999939,900,0.0,0.0,0.052791595458984375
1778643569.5906777,45.04423809051514,901,0.0,0.0,0.052861690521240234
1778643569.632863,45.08642339706421,902,0.0,0.0,0.042185306549072266
1778643569.6857226,45.13928294181824,903,0.0,0.0,0.05285954475402832
1778643569.7384136,45.19197392463684,904,0.0,0.0,0.052690982818603516
1778643569.791457,45.245017290115356,905,0.0,0.0,0.053043365478515625
1778643569.8336365,45.28719687461853,906,0.0,0.0,0.04217958450317383
1778643569.8864925,45.34005284309387,907,0.0,0.0,0.0528559684753418
1778643569.9395473,45.393107652664185,908,0.0,0.0,0.0530548095703125
1778643569.9924877,45.44604802131653,909,0.0,0.0,0.05294036865234375
1778643570.0347335,45.48829388618469,910,0.0,0.0,0.04224586486816406
1778643570.087649,45.54120945930481,911,0.0,0.0,0.05291557312011719
1778643570.1406195,45.59417986869812,912,0.0,0.0,0.05297040939331055
1778643570.18254,45.63610029220581,913,0.0,0.0,0.04192042350769043
1778643570.2350988,45.68865919113159,914,0.0,0.0,0.05255889892578125
1778643570.2882555,45.74181580543518,915,0.0,0.0,0.05315661430358887
1778643570.3407826,45.79434299468994,916,0.0,0.0,0.05252718925476074
1778643570.3833065,45.83686685562134,917,0.0,0.0,0.042523860931396484
1778643570.4358268,45.889387130737305,918,0.0,0.0,0.0525202751159668
1778643570.4887645,45.94232487678528,919,0.0,0.0,0.05293774604797363
1778643570.5414727,45.99503302574158,920,0.0,0.0,0.05270814895629883
1778643570.5836778,46.037238121032715,921,0.0,0.0,0.042205095291137695
1778643570.636948,46.090508460998535,922,0.0,0.0,0.05327033996582031
1778643570.6897395,46.14329981803894,923,0.0,0.0,0.05279135704040527
1778643570.7323198,46.185880184173584,924,0.0,0.0,0.042580366134643555
1778643570.7851179,46.238678216934204,925,0.0,0.0,0.05279803276062012
1778643570.8378859,46.29144620895386,926,0.0,0.0,0.05276799201965332
1778643570.8908024,46.34436273574829,927,0.0,0.0,0.052916526794433594
1778643570.9334269,46.38698720932007,928,0.0,0.0,0.042624473571777344
1778643570.986385,46.439945459365845,929,0.0,0.0,0.05295825004577637
1778643571.038863,46.49242329597473,930,0.0,0.0,0.05247783660888672
1778643571.0918753,46.545435667037964,931,0.0,0.0,0.05301237106323242
1778643571.133797,46.58735728263855,932,0.0,0.0,0.04192161560058594
1778643571.1864803,46.64004063606262,933,0.0,0.0,0.052683353424072266
1778643571.2393303,46.692890644073486,934,0.0,0.0,0.05285000801086426
1778643571.2920642,46.74562454223633,935,0.0,0.0,0.0527338981628418
1778643571.3345594,46.78811979293823,936,0.0,0.0,0.0424952507019043
1778643571.3883827,46.84194302558899,937,0.0,0.0,0.053823232650756836
1778643571.4416518,46.895212173461914,938,0.0,0.0,0.053269147872924805
1778643571.4835436,46.93710398674011,939,0.0,0.0,0.04189181327819824
1778643571.5363824,46.98994278907776,940,0.0,0.0,0.052838802337646484
1778643571.5889108,47.042471170425415,941,0.0,0.0,0.05252838134765625
1778643571.6415625,47.09512281417847,942,0.0,0.0,0.05265164375305176
1778643571.6837611,47.13732147216797,943,0.0,0.0,0.04219865798950195
1778643571.7374258,47.19098615646362,944,0.0,0.0,0.0536646842956543
1778643571.7901123,47.243672609329224,945,0.0,0.0,0.052686452865600586
1778643571.8320875,47.28564786911011,946,0.0,0.0,0.04197525978088379
1778643571.884724,47.3382842540741,947,0.0,0.0,0.05263638496398926
1778643571.9373436,47.39090394973755,948,0.0,0.0,0.05261969566345215
1778643571.990088,47.44364833831787,949,0.0,0.0,0.052744388580322266
1778643572.0322223,47.485782623291016,950,0.0,0.0,0.04213428497314453
1778643572.0855036,47.539063930511475,951,0.0,0.0,0.053281307220458984
1778643572.138495,47.592055320739746,952,0.0,0.0,0.052991390228271484
1778643572.1913867,47.64494705200195,953,0.0,0.0,0.05289173126220703
1778643572.233499,47.68705940246582,954,0.0,0.0,0.04211235046386719
1778643572.2862043,47.73976469039917,955,0.0,0.0,0.05270528793334961
1778643572.3394403,47.7930006980896,956,0.0,0.0,0.05323600769042969
1778643572.3919516,47.84551191329956,957,0.0,0.0,0.05251121520996094
1778643572.4341333,47.887693643569946,958,0.0,0.0,0.04218173027038574
1778643572.4868705,47.940430879592896,959,0.0,0.0,0.05273723602294922
1778643572.5397055,47.993265867233276,960,0.0,0.0,0.05283498764038086
1778643572.582288,48.03584837913513,961,0.0,0.0,0.04258251190185547
1778643572.6350045,48.0885648727417,962,0.0,0.0,0.05271649360656738
1778643572.6877277,48.14128804206848,963,0.0,0.0,0.05272316932678223
1778643572.7403758,48.19393610954285,964,0.0,0.0,0.052648067474365234
1778643572.7825844,48.23614478111267,965,0.0,0.0,0.04220867156982422
1778643572.8352234,48.28878378868103,966,0.0,0.0,0.052639007568359375
1778643572.8893678,48.34292817115784,967,0.0,0.0,0.05414438247680664
1778643572.9329684,48.386528730392456,968,0.0,0.0,0.04360055923461914
1778643572.9852324,48.43879270553589,969,0.0,0.0,0.05226397514343262
1778643573.037317,48.49087738990784,970,0.0,0.0,0.05208468437194824
1778643573.089911,48.543471336364746,971,0.0,0.0,0.05259394645690918
1778643573.1321726,48.58573293685913,972,0.0,0.0,0.042261600494384766
1778643573.185079,48.63863945007324,973,0.0,0.0,0.05290651321411133
1778643573.2396114,48.69317173957825,974,0.0,0.0,0.05453228950500488
1778643573.2902586,48.74381899833679,975,0.0,0.0,0.05064725875854492
1778643573.3326437,48.78620409965515,976,0.0,0.0,0.042385101318359375
1778643573.3876011,48.841161489486694,977,0.0,0.0,0.05495738983154297
1778643573.4381812,48.89174151420593,978,0.0,0.0,0.05058002471923828
1778643573.4910038,48.9445641040802,979,0.0,0.0,0.05282258987426758
1778643573.5333433,48.98690366744995,980,0.0,0.0,0.04233956336975098
1778643573.5863574,49.03991770744324,981,0.0,0.0,0.05301403999328613
1778643573.6388035,49.0923638343811,982,0.0,0.0,0.05244612693786621
1778643573.6915586,49.145118951797485,983,0.0,0.0,0.052755117416381836
1778643573.7335894,49.1871497631073,984,0.0,0.0,0.04203081130981445
1778643573.7861645,49.23972487449646,985,0.0,0.0,0.052575111389160156
1778643573.8389447,49.29250502586365,986,0.0,0.0,0.0527801513671875
1778643573.8919773,49.3455376625061,987,0.0,0.0,0.053032636642456055
1778643573.934581,49.3881413936615,988,0.0,0.0,0.04260373115539551
1778643573.9870129,49.44057321548462,989,0.0,0.0,0.05243182182312012
1778643574.039813,49.49337339401245,990,0.0,0.0,0.05280017852783203
1778643574.0819387,49.53549909591675,991,0.0,0.0,0.042125701904296875
1778643574.1347663,49.58832669258118,992,0.0,0.0,0.05282759666442871
1778643574.1877694,49.641329765319824,993,0.0,0.0,0.05300307273864746
1778643574.2406082,49.69416856765747,994,0.0,0.0,0.052838802337646484
1778643574.28288,49.73644042015076,995,0.0,0.0,0.04227185249328613
1778643574.3353128,49.78887319564819,996,0.0,0.0,0.05243277549743652
1778643574.387953,49.84151339530945,997,0.0,0.0,0.05264019966125488
1778643574.4419866,49.89554691314697,998,0.0,0.0,0.054033517837524414
1778643574.4839838,49.937544107437134,999,0.0,0.0,0.04199719429016113
1778643574.536348,49.98990845680237,1000,0.0,0.0,0.052364349365234375
1778643574.5888367,50.042397022247314,1001,0.0,0.0,0.05248856544494629
1778643574.641342,50.0949022769928,1002,0.0,0.0,0.0525052547454834
1778643574.6832604,50.136820793151855,1003,0.0,0.0,0.04191851615905762
1778643574.7365847,50.19014501571655,1004,0.0,0.0,0.053324222564697266
1778643574.789231,50.242791414260864,1005,0.0,0.0,0.05264639854431152
1778643574.8416846,50.29524493217468,1006,0.0,0.0,0.05245351791381836
1778643574.8839834,50.33754372596741,1007,0.0,0.0,0.04229879379272461
1778643574.9372818,50.39084219932556,1008,0.0,0.0,0.0532984733581543
1778643574.9898646,50.44342494010925,1009,0.0,0.0,0.052582740783691406
1778643575.0321133,50.485673666000366,1010,0.0,0.0,0.04224872589111328
1778643575.0848124,50.53837275505066,1011,0.0,0.0,0.05269908905029297
1778643575.137616,50.5911762714386,1012,0.0,0.0,0.05280351638793945
1778643575.1899655,50.64352583885193,1013,0.0,0.0,0.05234956741333008
1778643575.2323866,50.68594694137573,1014,0.0,0.0,0.04242110252380371
1778643575.2852702,50.73883056640625,1015,0.0,0.0,0.05288362503051758
1778643575.33966,50.79322028160095,1016,0.0,0.0,0.05438971519470215
1778643575.3903725,50.84393286705017,1017,0.0,0.0,0.05071258544921875
1778643575.4322307,50.885791063308716,1018,0.0,0.0,0.04185819625854492
1778643575.4866247,50.94018507003784,1019,0.0,0.0,0.05439400672912598
1778643575.5379548,50.991515159606934,1020,0.0,0.0,0.0513300895690918
1778643575.5907621,51.04432249069214,1021,0.0,0.0,0.05280733108520508
1778643575.6328378,51.086398124694824,1022,0.0,0.0,0.04207563400268555
1778643575.685105,51.138665437698364,1023,0.0,0.0,0.05226731300354004
1778643575.738297,51.19185733795166,1024,0.0,0.0,0.0531919002532959
1778643575.790891,51.24445128440857,1025,0.0,0.0,0.05259394645690918
1778643575.8327646,51.286324977874756,1026,0.0,0.0,0.04187369346618652
1778643575.8854992,51.339059591293335,1027,0.0,0.0,0.0527346134185791
1778643575.9392788,51.392839193344116,1028,0.0,0.0,0.05377960205078125
1778643575.9907808,51.44434118270874,1029,0.0,0.0,0.05150198936462402
1778643576.0328665,51.48642683029175,1030,0.0,0.0,0.04208564758300781
1778643576.087569,51.54112935066223,1031,0.0,0.0,0.0547025203704834
1778643576.1376305,51.591190814971924,1032,0.0,0.0,0.05006146430969238
1778643576.1900816,51.64364194869995,1033,0.0,0.0,0.052451133728027344
1778643576.2322004,51.685760736465454,1034,0.0,0.0,0.04211878776550293
1778643576.2847946,51.73835492134094,1035,0.0,0.0,0.05259418487548828
1778643576.3375366,51.791096925735474,1036,0.0,0.0,0.05274200439453125
1778643576.3903239,51.843884229660034,1037,0.0,0.0,0.05278730392456055
1778643576.431819,51.88537931442261,1038,0.0,0.0,0.04149508476257324
1778643576.4846077,51.93816804885864,1039,0.0,0.0,0.052788734436035156
1778643576.5370128,51.9905731678009,1040,0.0,0.0,0.05240511894226074
1778643576.5898724,52.04343271255493,1041,0.0,0.0,0.05285954475402832
1778643576.6322148,52.08577513694763,1042,0.0,0.0,0.042342424392700195
1778643576.685634,52.13919425010681,1043,0.0,0.0,0.05341911315917969
1778643576.7385414,52.19210171699524,1044,0.0,0.0,0.052907466888427734
1778643576.791211,52.244771242141724,1045,0.0,0.0,0.052669525146484375
1778643576.833082,52.28664231300354,1046,0.0,0.0,0.041871070861816406
1778643576.8859792,52.339539527893066,1047,0.0,0.0,0.05289721488952637
1778643576.9387972,52.39235758781433,1048,0.0,0.0,0.05281805992126465
1778643576.991166,52.44472646713257,1049,0.0,0.0,0.052368879318237305
1778643577.0331697,52.486730098724365,1050,0.0,0.0,0.042003631591796875
1778643577.0858245,52.539384841918945,1051,0.0,0.0,0.05265474319458008
1778643577.1388893,52.59244966506958,1052,0.0,0.0,0.053064823150634766
1778643577.1913445,52.64490485191345,1053,0.0,0.0,0.05245518684387207
1778643577.2332563,52.686816692352295,1054,0.0,0.0,0.04191184043884277
1778643577.2865736,52.7401340007782,1055,0.0,0.0,0.05331730842590332
1778643577.3392365,52.79279685020447,1056,0.0,0.0,0.05266284942626953
1778643577.3922398,52.845800161361694,1057,0.0,0.0,0.05300331115722656
1778643577.434575,52.88813543319702,1058,0.0,0.0,0.04233527183532715
1778643577.487543,52.94110345840454,1059,0.0,0.0,0.05296802520751953
1778643577.539933,52.99349331855774,1060,0.0,0.0,0.05238986015319824
1778643577.5921595,53.04571986198425,1061,0.0,0.0,0.05222654342651367
1778643577.634252,53.087812423706055,1062,0.0,0.0,0.04209256172180176
1778643577.6872013,53.140761613845825,1063,0.0,0.0,0.05294919013977051
1778643577.7403843,53.193944692611694,1064,0.0,0.0,0.05318307876586914
1778643577.7823331,53.2358934879303,1065,0.0,0.0,0.041948795318603516
1778643577.8349283,53.2884886264801,1066,0.0,0.0,0.05259513854980469
1778643577.8876903,53.34125065803528,1067,0.0,0.0,0.05276203155517578
1778643577.9407637,53.39432406425476,1068,0.0,0.0,0.05307340621948242
1778643577.9829664,53.43652677536011,1069,0.0,0.0,0.04220271110534668
1778643578.0361364,53.489696741104126,1070,0.0,0.0,0.053169965744018555
1778643578.0888617,53.54242205619812,1071,0.0,0.0,0.05272531509399414
1778643578.141729,53.59528946876526,1072,0.0,0.0,0.05286741256713867
1778643578.18436,53.63792037963867,1073,0.0,0.0,0.042630910873413086
1778643578.2371147,53.690675020217896,1074,0.0,0.0,0.05275464057922363
1778643578.2898083,53.74336862564087,1075,0.0,0.0,0.05269360542297363
1778643578.3321354,53.78569579124451,1076,0.0,0.0,0.042327165603637695
1778643578.3852243,53.83878469467163,1077,0.0,0.0,0.05308890342712402
1778643578.438005,53.89156532287598,1078,0.0,0.0,0.0527806282043457
1778643578.4914272,53.944987535476685,1079,0.0,0.0,0.05342221260070801
1778643578.5333383,53.98689866065979,1080,0.0,0.0,0.04191112518310547
1778643578.5860896,54.039649963378906,1081,0.0,0.0,0.05275130271911621
1778643578.6383948,54.09195518493652,1082,0.0,0.0,0.05230522155761719
1778643578.6912255,54.14478588104248,1083,0.0,0.0,0.05283069610595703
1778643578.7332416,54.18680191040039,1084,0.0,0.0,0.042016029357910156
1778643578.791015,54.2445752620697,1085,0.0,0.0,0.05777335166931152
1778643578.8328044,54.286364793777466,1086,0.0,0.0,0.04178953170776367
1778643578.8852346,54.33879494667053,1087,0.0,0.0,0.052430152893066406
1778643578.9381893,54.39174962043762,1088,0.0,0.0,0.052954673767089844
1778643578.99065,54.44421029090881,1089,0.0,0.0,0.052460670471191406
1778643579.0331123,54.4866726398468,1090,0.0,0.0,0.04246234893798828
1778643579.08824,54.54180026054382,1091,0.0,0.0,0.055127620697021484
1778643579.139615,54.593175411224365,1092,0.0,0.0,0.05137515068054199
1778643579.1916952,54.64525556564331,1093,0.0,0.0,0.05208015441894531
1778643579.2339432,54.68750357627869,1094,0.0,0.0,0.04224801063537598
1778643579.2869868,54.74054718017578,1095,0.0,0.0,0.05304360389709473
1778643579.3397737,54.793334007263184,1096,0.0,0.0,0.052786827087402344
1778643579.3821526,54.835712909698486,1097,0.0,0.0,0.042378902435302734
1778643579.4349847,54.88854503631592,1098,0.0,0.0,0.05283212661743164
1778643579.4898484,54.943408727645874,1099,0.0,0.0,0.054863691329956055
1778643579.5422573,54.9958176612854,1100,0.0,0.0,0.05240893363952637
1778643579.5842173,55.03777766227722,1101,0.0,0.0,0.04196000099182129
1778643579.6365757,55.09013605117798,1102,0.0,0.0,0.052358388900756836
1778643579.689198,55.1427583694458,1103,0.0,0.0,0.052622318267822266
1778643579.7423291,55.195889472961426,1104,0.0,0.0,0.053131103515625
1778643579.7845562,55.23811650276184,1105,0.0,0.0,0.04222702980041504
1778643579.8375459,55.29110622406006,1106,0.0,0.0,0.05298972129821777
1778643579.8901677,55.34372806549072,1107,0.0,0.0,0.05262184143066406
1778643579.9322278,55.38578820228577,1108,0.0,0.0,0.042060136795043945
1778643579.9851875,55.43874788284302,1109,0.0,0.0,0.05295968055725098
1778643580.0378952,55.49145555496216,1110,0.0,0.0,0.052707672119140625
1778643580.091503,55.54506325721741,1111,0.0,0.0,0.05360770225524902
1778643580.1337454,55.587305784225464,1112,0.0,0.0,0.04224252700805664
1778643580.186516,55.64007639884949,1113,0.0,0.0,0.05277061462402344
1778643580.2392097,55.69277000427246,1114,0.0,0.0,0.05269360542297363
1778643580.2919931,55.745553493499756,1115,0.0,0.0,0.05278348922729492
1778643580.3342836,55.78784394264221,1116,0.0,0.0,0.042290449142456055
1778643580.3869016,55.84046196937561,1117,0.0,0.0,0.05261802673339844
1778643580.4396636,55.893224000930786,1118,0.0,0.0,0.05276203155517578
1778643580.4921885,55.945748805999756,1119,0.0,0.0,0.05252480506896973
1778643580.5342786,55.98783898353577,1120,0.0,0.0,0.04209017753601074
1778643580.5875192,56.0410795211792,1121,0.0,0.0,0.05324053764343262
1778643580.64024,56.09380030632019,1122,0.0,0.0,0.05272078514099121
1778643580.6823466,56.13590693473816,1123,0.0,0.0,0.04210662841796875
1778643580.7349243,56.18848466873169,1124,0.0,0.0,0.05257773399353027
1778643580.7878728,56.24143314361572,1125,0.0,0.0,0.0529484748840332
1778643580.8404775,56.29403781890869,1126,0.0,0.0,0.05260467529296875
1778643580.8829653,56.336525678634644,1127,0.0,0.0,0.04248785972595215
1778643580.9358435,56.38940382003784,1128,0.0,0.0,0.05287814140319824
1778643580.988713,56.44227337837219,1129,0.0,0.0,0.052869558334350586
1778643581.0425167,56.49607706069946,1130,0.0,0.0,0.05380368232727051
1778643581.083637,56.53719735145569,1131,0.0,0.0,0.041120290756225586
1778643581.1364074,56.58996772766113,1132,0.0,0.0,0.052770376205444336
1778643581.1892312,56.642791509628296,1133,0.0,0.0,0.052823781967163086
1778643581.2422497,56.695810079574585,1134,0.0,0.0,0.05301856994628906
1778643581.283863,56.73742341995239,1135,0.0,0.0,0.04161334037780762
1778643581.3359866,56.789546966552734,1136,0.0,0.0,0.0521235466003418
1778643581.3885736,56.84213399887085,1137,0.0,0.0,0.052587032318115234
1778643581.4414427,56.89500308036804,1138,0.0,0.0,0.05286908149719238
1778643581.4837577,56.937318086624146,1139,0.0,0.0,0.042315006256103516
1778643581.5364738,56.990034103393555,1140,0.0,0.0,0.05271601676940918
1778643581.5891564,57.04271674156189,1141,0.0,0.0,0.05268263816833496
1778643581.642458,57.09601831436157,1142,0.0,0.0,0.05330157279968262
1778643581.684618,57.13817834854126,1143,0.0,0.0,0.0421600341796875
1778643581.7370095,57.19056987762451,1144,0.0,0.0,0.05239152908325195
1778643581.789627,57.24318742752075,1145,0.0,0.0,0.052617549896240234
1778643581.8420715,57.295631885528564,1146,0.0,0.0,0.0524444580078125
1778643581.8844302,57.337990522384644,1147,0.0,0.0,0.0423586368560791
1778643581.9416306,57.395190954208374,1148,0.0,0.0,0.05720043182373047
1778643581.9836223,57.437182664871216,1149,0.0,0.0,0.0419917106628418
1778643582.0359426,57.489502906799316,1150,0.0,0.0,0.052320241928100586
1778643582.088505,57.542065382003784,1151,0.0,0.0,0.05256247520446777
1778643582.1411881,57.59474849700928,1152,0.0,0.0,0.052683115005493164
1778643582.1830754,57.63663578033447,1153,0.0,0.0,0.04188728332519531
1778643582.235608,57.68916845321655,1154,0.0,0.0,0.05253267288208008
1778643582.2882378,57.74179816246033,1155,0.0,0.0,0.052629709243774414
1778643582.340797,57.79435729980469,1156,0.0,0.0,0.05255913734436035
1778643582.3828003,57.836360692977905,1157,0.0,0.0,0.04200339317321777
1778643582.4352746,57.888834953308105,1158,0.0,0.0,0.052474260330200195
1778643582.4879906,57.941550970077515,1159,0.0,0.0,0.05271601676940918
1778643582.5405009,57.99406123161316,1160,0.0,0.0,0.05251026153564453
1778643582.5825143,58.0360746383667,1161,0.0,0.0,0.04201340675354004
1778643582.6350207,58.08858108520508,1162,0.0,0.0,0.052506446838378906
1778643582.6906884,58.144248723983765,1163,0.0,0.0,0.05566763877868652
1778643582.7407818,58.19434213638306,1164,0.0,0.0,0.05009341239929199
1778643582.7829778,58.23653817176819,1165,0.0,0.0,0.042196035385131836
1778643582.8359,58.28946042060852,1166,0.0,0.0,0.05292224884033203
1778643582.890777,58.344337463378906,1167,0.0,0.0,0.05487704277038574
1778643582.933146,58.38670635223389,1168,0.0,0.0,0.04236888885498047
1778643582.987513,58.441073417663574,1169,0.0,0.0,0.0543670654296875
1778643583.0384145,58.49197483062744,1170,0.0,0.0,0.05090141296386719
1778643583.0911877,58.544748067855835,1171,0.0,0.0,0.052773237228393555
1778643583.133542,58.58710241317749,1172,0.0,0.0,0.04235434532165527
1778643583.1863666,58.63992691040039,1173,0.0,0.0,0.05282449722290039
1778643583.239401,58.69296145439148,1174,0.0,0.0,0.05303454399108887
1778643583.2920256,58.745585918426514,1175,0.0,0.0,0.05262446403503418
1778643583.334416,58.78797626495361,1176,0.0,0.0,0.04239034652709961
1778643583.3872502,58.84081053733826,1177,0.0,0.0,0.052834272384643555
1778643583.4402924,58.89385271072388,1178,0.0,0.0,0.05304217338562012
1778643583.4823701,58.935930490493774,1179,0.0,0.0,0.04207777976989746
1778643583.535052,58.98861241340637,1180,0.0,0.0,0.052681922912597656
1778643583.587878,59.04143834114075,1181,0.0,0.0,0.052825927734375
1778643583.6405797,59.09414005279541,1182,0.0,0.0,0.052701711654663086
1778643583.6828508,59.13641119003296,1183,0.0,0.0,0.04227113723754883
1778643583.736002,59.18956232070923,1184,0.0,0.0,0.05315113067626953
1778643583.7887886,59.24234890937805,1185,0.0,0.0,0.05278658866882324
1778643583.8411853,59.294745683670044,1186,0.0,0.0,0.05239677429199219
1778643583.883589,59.33714938163757,1187,0.0,0.0,0.0424036979675293
1778643583.9368505,59.39041090011597,1188,0.0,0.0,0.053261518478393555
1778643583.9899752,59.443535566329956,1189,0.0,0.0,0.05312466621398926
1778643584.0322218,59.48578214645386,1190,0.0,0.0,0.04224658012390137
1778643584.085307,59.538867235183716,1191,0.0,0.0,0.0530850887298584
1778643584.138261,59.59182143211365,1192,0.0,0.0,0.05295419692993164
1778643584.1910954,59.64465570449829,1193,0.0,0.0,0.052834272384643555
1778643584.2330132,59.68657350540161,1194,0.0,0.0,0.04191780090332031
1778643584.2858684,59.739428758621216,1195,0.0,0.0,0.05285525321960449
1778643584.3384638,59.7920241355896,1196,0.0,0.0,0.05259537696838379
1778643584.391003,59.844563245773315,1197,0.0,0.0,0.05253911018371582
1778643584.4332604,59.886820793151855,1198,0.0,0.0,0.04225754737854004
1778643584.4887795,59.94233989715576,1199,0.0,0.0,0.05551910400390625
1778643584.539479,59.99303936958313,1200,0.0,0.0,0.050699472427368164
1778643584.592053,60.045613288879395,1201,0.0,0.0,0.05257391929626465
1778643584.634155,60.08771538734436,1202,0.0,0.0,0.04210209846496582
1778643584.6867728,60.14033317565918,1203,0.0,0.0,0.052617788314819336
1778643584.7394893,60.19304966926575,1204,0.0,0.0,0.05271649360656738
1778643584.7923267,60.24588704109192,1205,0.0,0.0,0.052837371826171875
1778643584.8343267,60.28788709640503,1206,0.0,0.0,0.04200005531311035
1778643584.887661,60.34122133255005,1207,0.0,0.0,0.05333423614501953
1778643584.9406185,60.39417886734009,1208,0.0,0.0,0.05295753479003906
1778643584.9826944,60.43625473976135,1209,0.0,0.0,0.04207587242126465
1778643585.034938,60.48849844932556,1210,0.0,0.0,0.052243709564208984
1778643585.087503,60.54106330871582,1211,0.0,0.0,0.05256485939025879
1778643585.140364,60.59392428398132,1212,0.0,0.0,0.05286097526550293
1778643585.182558,60.63611841201782,1213,0.0,0.0,0.04219412803649902
1778643585.2356176,60.68917798995972,1214,0.0,0.0,0.05305957794189453
1778643585.2912147,60.74477505683899,1215,0.0,0.0,0.05559706687927246
1778643585.333195,60.786755323410034,1216,0.0,0.0,0.04198026657104492
1778643585.3864825,60.84004282951355,1217,0.0,0.0,0.053287506103515625
1778643585.4395924,60.893152713775635,1218,0.0,0.0,0.05310988426208496
1778643585.4819462,60.93550658226013,1219,0.0,0.0,0.04235386848449707
1778643585.5347843,60.98834466934204,1220,0.0,0.0,0.05283808708190918
1778643585.5877464,61.04130673408508,1221,0.0,0.0,0.05296206474304199
1778643585.6405554,61.09411573410034,1222,0.0,0.0,0.05280900001525879
1778643585.6831596,61.136719942092896,1223,0.0,0.0,0.04260420799255371
1778643585.7359264,61.18948674201965,1224,0.0,0.0,0.05276679992675781
1778643585.7886732,61.24223351478577,1225,0.0,0.0,0.05274677276611328
1778643585.8414302,61.29499053955078,1226,0.0,0.0,0.05275702476501465
1778643585.8837104,61.337270736694336,1227,0.0,0.0,0.04228019714355469
1778643585.9365542,61.390114545822144,1228,0.0,0.0,0.05284380912780762
1778643585.9890509,61.44261121749878,1229,0.0,0.0,0.05249667167663574
1778643586.0418465,61.49540686607361,1230,0.0,0.0,0.0527956485748291
1778643586.083702,61.53726243972778,1231,0.0,0.0,0.041855573654174805
1778643586.136734,61.5902943611145,1232,0.0,0.0,0.05303192138671875
1778643586.1903467,61.64390707015991,1233,0.0,0.0,0.053612709045410156
1778643586.2328098,61.68637013435364,1234,0.0,0.0,0.042463064193725586
1778643586.2856274,61.739187717437744,1235,0.0,0.0,0.052817583084106445
1778643586.338295,61.791855335235596,1236,0.0,0.0,0.05266761779785156
1778643586.39096,61.84452033042908,1237,0.0,0.0,0.052664995193481445
1778643586.433367,61.886927366256714,1238,0.0,0.0,0.04240703582763672
1778643586.485958,61.939518451690674,1239,0.0,0.0,0.05259108543395996
1778643586.5383472,61.991907596588135,1240,0.0,0.0,0.05238914489746094
1778643586.5910795,62.04463982582092,1241,0.0,0.0,0.052732229232788086
1778643586.6331496,62.08670997619629,1242,0.0,0.0,0.04207015037536621
1778643586.6865168,62.140077114105225,1243,0.0,0.0,0.05336713790893555
1778643586.7396567,62.193217039108276,1244,0.0,0.0,0.05313992500305176
1778643586.7924542,62.24601459503174,1245,0.0,0.0,0.052797555923461914
1778643586.8350632,62.288623571395874,1246,0.0,0.0,0.04260897636413574
1778643586.8896837,62.34324407577515,1247,0.0,0.0,0.05462050437927246
1778643586.9415088,62.39506912231445,1248,0.0,0.0,0.05182504653930664
1778643586.9839594,62.437519788742065,1249,0.0,0.0,0.042450666427612305
1778643587.0374126,62.49097299575806,1250,0.0,0.0,0.05345320701599121
1778643587.0903618,62.54392218589783,1251,0.0,0.0,0.05294919013977051
1778643587.1326828,62.58624315261841,1252,0.0,0.0,0.042320966720581055
1778643587.1875863,62.641146659851074,1253,0.0,0.0,0.054903507232666016
1778643587.2382805,62.6918408870697,1254,0.0,0.0,0.05069422721862793
1778643587.2908468,62.744407176971436,1255,0.0,0.0,0.0525662899017334
1778643587.3334012,62.78696155548096,1256,0.0,0.0,0.042554378509521484
1778643587.3860803,62.839640617370605,1257,0.0,0.0,0.05267906188964844
1778643587.438769,62.892329454422,1258,0.0,0.0,0.0526888370513916
1778643587.4918187,62.94537901878357,1259,0.0,0.0,0.053049564361572266
1778643587.533682,62.987242460250854,1260,0.0,0.0,0.041863441467285156
1778643587.5862236,63.03978395462036,1261,0.0,0.0,0.052541494369506836
1778643587.6387217,63.09228205680847,1262,0.0,0.0,0.05249810218811035
1778643587.6912792,63.14483952522278,1263,0.0,0.0,0.05255746841430664
1778643587.7332275,63.186787843704224,1264,0.0,0.0,0.04194831848144531
1778643587.7875528,63.24111318588257,1265,0.0,0.0,0.05432534217834473
1778643587.8393989,63.292959213256836,1266,0.0,0.0,0.05184602737426758
1778643587.8918996,63.345459938049316,1267,0.0,0.0,0.05250072479248047
1778643587.9342546,63.38781499862671,1268,0.0,0.0,0.04235506057739258
1778643587.9865088,63.4400691986084,1269,0.0,0.0,0.05225419998168945
1778643588.0394292,63.4929895401001,1270,0.0,0.0,0.05292034149169922
1778643588.0923357,63.54589605331421,1271,0.0,0.0,0.05290651321411133
1778643588.1347723,63.588332653045654,1272,0.0,0.0,0.04243659973144531
1778643588.1881468,63.64170718193054,1273,0.0,0.0,0.053374528884887695
1778643588.2410645,63.69462490081787,1274,0.0,0.0,0.0529177188873291
1778643588.2832396,63.73679995536804,1275,0.0,0.0,0.0421750545501709
1778643588.3357613,63.78932166099548,1276,0.0,0.0,0.052521705627441406
1778643588.3892975,63.842857837677,1277,0.0,0.0,0.053536176681518555
1778643588.4421742,63.895734548568726,1278,0.0,0.0,0.05287671089172363
1778643588.4846098,63.938170194625854,1279,0.0,0.0,0.042435646057128906
1778643588.5376465,63.991206884384155,1280,0.0,0.0,0.05303668975830078
1778643588.59054,64.04410028457642,1281,0.0,0.0,0.05289340019226074
1778643588.633181,64.08674144744873,1282,0.0,0.0,0.04264116287231445
1778643588.6866755,64.1402359008789,1283,0.0,0.0,0.05349445343017578
1778643588.7392979,64.19285821914673,1284,0.0,0.0,0.052622318267822266
1778643588.7922099,64.24577021598816,1285,0.0,0.0,0.052911996841430664
1778643588.834476,64.28803634643555,1286,0.0,0.0,0.042266130447387695
1778643588.8872788,64.34083914756775,1287,0.0,0.0,0.05280280113220215
1778643588.9404,64.39396023750305,1288,0.0,0.0,0.053121089935302734
1778643588.9825776,64.43613791465759,1289,0.0,0.0,0.042177677154541016
1778643589.0357578,64.48931813240051,1290,0.0,0.0,0.05318021774291992
1778643589.088919,64.5424792766571,1291,0.0,0.0,0.0531611442565918
1778643589.1432903,64.59685063362122,1292,0.0,0.0,0.05437135696411133
1778643589.1842496,64.63780999183655,1293,0.0,0.0,0.04095935821533203
1778643589.2368922,64.6904525756836,1294,0.0,0.0,0.0526425838470459
1778643589.289593,64.74315333366394,1295,0.0,0.0,0.05270075798034668
1778643589.3421614,64.79572176933289,1296,0.0,0.0,0.05256843566894531
1778643589.384416,64.83797645568848,1297,0.0,0.0,0.04225468635559082
1778643589.43749,64.89105033874512,1298,0.0,0.0,0.053073883056640625
1778643589.4902928,64.94385313987732,1299,0.0,0.0,0.05280280113220215
1778643589.5327754,64.98633575439453,1300,0.0,0.0,0.042482614517211914
1778643589.5852022,65.03876256942749,1301,0.0,0.0,0.052426815032958984
1778643589.6383243,65.09188461303711,1302,0.0,0.0,0.05312204360961914
1778643589.6910155,65.14457583427429,1303,0.0,0.0,0.05269122123718262
1778643589.7330744,65.18663477897644,1304,0.0,0.0,0.04205894470214844
1778643589.78602,65.23958039283752,1305,0.0,0.0,0.052945613861083984
1778643589.8386495,65.29220986366272,1306,0.0,0.0,0.05262947082519531
1778643589.891371,65.34493136405945,1307,0.0,0.0,0.052721500396728516
1778643589.933737,65.38729739189148,1308,0.0,0.0,0.04236602783203125
1778643589.9863923,65.43995261192322,1309,0.0,0.0,0.05265522003173828
1778643590.039688,65.493248462677,1310,0.0,0.0,0.05329585075378418
1778643590.0837169,65.53727722167969,1311,0.0,0.0,0.04402875900268555
1778643590.1363864,65.58994674682617,1312,0.0,0.0,0.052669525146484375
1778643590.188957,65.64251732826233,1313,0.0,0.0,0.05257058143615723
1778643590.2418013,65.6953616142273,1314,0.0,0.0,0.05284428596496582
1778643590.2838395,65.73739981651306,1315,0.0,0.0,0.0420382022857666
1778643590.336676,65.79023623466492,1316,0.0,0.0,0.05283641815185547
1778643590.389318,65.8428783416748,1317,0.0,0.0,0.052642107009887695
1778643590.4422715,65.895831823349,1318,0.0,0.0,0.052953481674194336
1778643590.4847221,65.93828248977661,1319,0.0,0.0,0.042450666427612305
1778643590.537385,65.99094533920288,1320,0.0,0.0,0.05266284942626953
1778643590.590106,66.04366636276245,1321,0.0,0.0,0.05272102355957031
1778643590.6323354,66.08589577674866,1322,0.0,0.0,0.042229413986206055
1778643590.6849473,66.138507604599,1323,0.0,0.0,0.0526118278503418
1778643590.7374752,66.1910355091095,1324,0.0,0.0,0.05252790451049805
1778643590.7902226,66.24378299713135,1325,0.0,0.0,0.052747488021850586
1778643590.8334105,66.28697085380554,1326,0.0,0.0,0.043187856674194336
1778643590.886053,66.33961343765259,1327,0.0,0.0,0.0526425838470459
1778643590.938518,66.3920783996582,1328,0.0,0.0,0.052464962005615234
1778643590.991343,66.44490337371826,1329,0.0,0.0,0.052824974060058594
1778643591.03323,66.48679041862488,1330,0.0,0.0,0.04188704490661621
1778643591.0876353,66.54119563102722,1331,0.0,0.0,0.05440521240234375
1778643591.1388717,66.59243202209473,1332,0.0,0.0,0.05123639106750488
1778643591.1912112,66.64477157592773,1333,0.0,0.0,0.05233955383300781
1778643591.2331007,66.68666100502014,1334,0.0,0.0,0.04188942909240723
1778643591.2857947,66.73935508728027,1335,0.0,0.0,0.052694082260131836
1778643591.3383138,66.79187417030334,1336,0.0,0.0,0.05251908302307129
1778643591.3908918,66.84445214271545,1337,0.0,0.0,0.052577972412109375
1778643591.4329174,66.88647770881653,1338,0.0,0.0,0.04202556610107422
1778643591.485823,66.93938326835632,1339,0.0,0.0,0.05290555953979492
1778643591.5384054,66.99196577072144,1340,0.0,0.0,0.052582502365112305
1778643591.5913675,67.04492783546448,1341,0.0,0.0,0.05296206474304199
1778643591.633676,67.08723640441895,1342,0.0,0.0,0.04230856895446777
1778643591.6865108,67.14007115364075,1343,0.0,0.0,0.05283474922180176
1778643591.7390494,67.1926097869873,1344,0.0,0.0,0.05253863334655762
1778643591.7916725,67.24523282051086,1345,0.0,0.0,0.05262303352355957
1778643591.8343163,67.28787660598755,1346,0.0,0.0,0.04264378547668457
1778643591.8869483,67.34050869941711,1347,0.0,0.0,0.05263209342956543
1778643591.9394195,67.39297986030579,1348,0.0,0.0,0.052471160888671875
1778643591.9921935,67.44575381278992,1349,0.0,0.0,0.05277395248413086
1778643592.034174,67.48773431777954,1350,0.0,0.0,0.04198050498962402
1778643592.0865402,67.54010057449341,1351,0.0,0.0,0.05236625671386719
1778643592.1391814,67.59274172782898,1352,0.0,0.0,0.05264115333557129
1778643592.1919577,67.6455180644989,1353,0.0,0.0,0.052776336669921875
1778643592.2344744,67.68803477287292,1354,0.0,0.0,0.04251670837402344
1778643592.2872195,67.74077987670898,1355,0.0,0.0,0.05274510383605957
1778643592.3396862,67.79324650764465,1356,0.0,0.0,0.052466630935668945
1778643592.3822365,67.83579683303833,1357,0.0,0.0,0.04255032539367676
1778643592.435199,67.88875937461853,1358,0.0,0.0,0.052962541580200195
1778643592.4876502,67.94121050834656,1359,0.0,0.0,0.052451133728027344
1778643592.5398161,67.99337649345398,1360,0.0,0.0,0.052165985107421875
1778643592.5919268,68.04548716545105,1361,0.0,0.0,0.05211067199707031
1778643592.6337066,68.08726692199707,1362,0.0,0.0,0.04177975654602051
1778643592.6880095,68.14156985282898,1363,0.0,0.0,0.05430293083190918
1778643592.7410548,68.19461512565613,1364,0.0,0.0,0.05304527282714844
1778643592.7828395,68.23639988899231,1365,0.0,0.0,0.04178476333618164
1778643592.8351316,68.28869199752808,1366,0.0,0.0,0.0522921085357666
1778643592.8879972,68.34155750274658,1367,0.0,0.0,0.05286550521850586
1778643592.9406936,68.3942539691925,1368,0.0,0.0,0.05269646644592285
1778643592.9827151,68.43627548217773,1369,0.0,0.0,0.04202151298522949
1778643593.035399,68.48895931243896,1370,0.0,0.0,0.05268383026123047
1778643593.0879424,68.5415027141571,1371,0.0,0.0,0.05254340171813965
1778643593.1405454,68.59410572052002,1372,0.0,0.0,0.05260300636291504
1778643593.182758,68.63631844520569,1373,0.0,0.0,0.042212724685668945
1778643593.2352357,68.688796043396,1374,0.0,0.0,0.05247759819030762
1778643593.2877705,68.74133086204529,1375,0.0,0.0,0.05253481864929199
1778643593.3403566,68.79391694068909,1376,0.0,0.0,0.05258607864379883
1778643593.38234,68.83590030670166,1377,0.0,0.0,0.04198336601257324
1778643593.4350007,68.88856101036072,1378,0.0,0.0,0.05266070365905762
1778643593.4875758,68.94113612174988,1379,0.0,0.0,0.052575111389160156
1778643593.540256,68.99381637573242,1380,0.0,0.0,0.052680253982543945
1778643593.5823827,69.03594303131104,1381,0.0,0.0,0.04212665557861328
1778643593.6347113,69.0882716178894,1382,0.0,0.0,0.05232858657836914
1778643593.6871932,69.14075350761414,1383,0.0,0.0,0.052481889724731445
1778643593.7398276,69.19338798522949,1384,0.0,0.0,0.052634477615356445
1778643593.78209,69.23565030097961,1385,0.0,0.0,0.04226231575012207
1778643593.8346095,69.28816986083984,1386,0.0,0.0,0.05251955986022949
1778643593.8872125,69.34077286720276,1387,0.0,0.0,0.05260300636291504
1778643593.9396665,69.39322686195374,1388,0.0,0.0,0.05245399475097656
1778643593.992431,69.4459912776947,1389,0.0,0.0,0.0527644157409668
1778643594.0343833,69.48794364929199,1390,0.0,0.0,0.04195237159729004
1778643594.087047,69.54060745239258,1391,0.0,0.0,0.05266380310058594
1778643594.1395314,69.5930917263031,1392,0.0,0.0,0.05248427391052246
1778643594.192454,69.64601445198059,1393,0.0,0.0,0.052922725677490234
1778643594.2352273,69.68878769874573,1394,0.0,0.0,0.04277324676513672
1778643594.2886686,69.74222898483276,1395,0.0,0.0,0.05344128608703613
1778643594.3414574,69.7950177192688,1396,0.0,0.0,0.052788734436035156
1778643594.3837857,69.83734607696533,1397,0.0,0.0,0.0423283576965332
1778643594.4366264,69.89018678665161,1398,0.0,0.0,0.0528407096862793
1778643594.4888644,69.94242477416992,1399,0.0,0.0,0.05223798751831055
1778643594.5419133,69.99547362327576,1400,0.0,0.0,0.05304884910583496
1778643594.583862,70.03742241859436,1401,0.0,0.0,0.041948795318603516
1778643594.6362772,70.08983755111694,1402,0.0,0.0,0.05241513252258301
1778643594.6891956,70.14275598526001,1403,0.0,0.0,0.052918434143066406
1778643594.7424657,70.19602608680725,1404,0.0,0.0,0.05327010154724121
1778643594.7845898,70.2381501197815,1405,0.0,0.0,0.042124032974243164
1778643594.837146,70.2907063961029,1406,0.0,0.0,0.05255627632141113
1778643594.889979,70.34353923797607,1407,0.0,0.0,0.052832841873168945
1778643594.9319892,70.38554954528809,1408,0.0,0.0,0.04201030731201172
1778643594.9850574,70.43861770629883,1409,0.0,0.0,0.05306816101074219
1778643595.038311,70.49187135696411,1410,0.0,0.0,0.0532536506652832
1778643595.091517,70.54507732391357,1411,0.0,0.0,0.05320596694946289
1778643595.1341,70.58766031265259,1412,0.0,0.0,0.04258298873901367
1778643595.1870573,70.64061760902405,1413,0.0,0.0,0.05295729637145996
1778643595.2398443,70.69340467453003,1414,0.0,0.0,0.052787065505981445
1778643595.2823453,70.73590564727783,1415,0.0,0.0,0.042500972747802734
1778643595.3353274,70.78888773918152,1416,0.0,0.0,0.05298209190368652
1778643595.3883543,70.84191465377808,1417,0.0,0.0,0.05302691459655762
1778643595.440963,70.89452338218689,1418,0.0,0.0,0.05260872840881348
1778643595.4831772,70.93673753738403,1419,0.0,0.0,0.042214155197143555
1778643595.5359461,70.989506483078,1420,0.0,0.0,0.05276894569396973
1778643595.5886755,71.04223585128784,1421,0.0,0.0,0.05272936820983887
1778643595.6414595,71.0950198173523,1422,0.0,0.0,0.052783966064453125
1778643595.6836233,71.13718366622925,1423,0.0,0.0,0.042163848876953125
1778643595.736056,71.18961644172668,1424,0.0,0.0,0.05243277549743652
1778643595.788576,71.2421362400055,1425,0.0,0.0,0.052519798278808594
1778643595.8413258,71.29488611221313,1426,0.0,0.0,0.0527498722076416
1778643595.8835087,71.33706903457642,1427,0.0,0.0,0.04218292236328125
1778643595.9364214,71.38998174667358,1428,0.0,0.0,0.05291271209716797
1778643595.9890273,71.44258761405945,1429,0.0,0.0,0.05260586738586426
1778643596.0419297,71.49549007415771,1430,0.0,0.0,0.0529024600982666
1778643596.0842412,71.53780150413513,1431,0.0,0.0,0.04231142997741699
1778643596.137295,71.59085536003113,1432,0.0,0.0,0.053053855895996094
1778643596.1905212,71.64408159255981,1433,0.0,0.0,0.05322623252868652
1778643596.232754,71.68631434440613,1434,0.0,0.0,0.04223275184631348
1778643596.2850313,71.73859167098999,1435,0.0,0.0,0.052277326583862305
1778643596.3379083,71.7914686203003,1436,0.0,0.0,0.052876949310302734
1778643596.3905993,71.8441596031189,1437,0.0,0.0,0.052690982818603516
1778643596.4328942,71.88645458221436,1438,0.0,0.0,0.042294979095458984
1778643596.4866936,71.9402539730072,1439,0.0,0.0,0.05379939079284668
1778643596.5389225,71.9924829006195,1440,0.0,0.0,0.05222892761230469
1778643596.5917833,72.04534363746643,1441,0.0,0.0,0.05286073684692383
1778643596.634041,72.08760142326355,1442,0.0,0.0,0.04225778579711914
1778643596.6869352,72.14049553871155,1443,0.0,0.0,0.05289411544799805
1778643596.7393703,72.19293069839478,1444,0.0,0.0,0.05243515968322754
1778643596.7922475,72.24580788612366,1445,0.0,0.0,0.052877187728881836
1778643596.8343794,72.28793978691101,1446,0.0,0.0,0.042131900787353516
1778643596.8872588,72.3408191204071,1447,0.0,0.0,0.05287933349609375
1778643596.9400167,72.39357709884644,1448,0.0,0.0,0.052757978439331055
1778643596.9823086,72.43586897850037,1449,0.0,0.0,0.042291879653930664
1778643597.0348263,72.48838663101196,1450,0.0,0.0,0.05251765251159668
1778643597.0876918,72.54125213623047,1451,0.0,0.0,0.05286550521850586
1778643597.1406457,72.59420609474182,1452,0.0,0.0,0.05295395851135254
1778643597.1828513,72.63641166687012,1453,0.0,0.0,0.0422055721282959
1778643597.2375562,72.69111657142639,1454,0.0,0.0,0.054704904556274414
1778643597.2886758,72.74223613739014,1455,0.0,0.0,0.05111956596374512
1778643597.3413122,72.79487252235413,1456,0.0,0.0,0.05263638496398926
1778643597.3833413,72.83690166473389,1457,0.0,0.0,0.04202914237976074
1778643597.4364967,72.89005708694458,1458,0.0,0.0,0.05315542221069336
1778643597.488974,72.94253444671631,1459,0.0,0.0,0.052477359771728516
1778643597.541707,72.99526739120483,1460,0.0,0.0,0.05273294448852539
1778643597.5839293,73.03748965263367,1461,0.0,0.0,0.04222226142883301
1778643597.636639,73.09019947052002,1462,0.0,0.0,0.05270981788635254
1778643597.6892385,73.14279890060425,1463,0.0,0.0,0.052599430084228516
1778643597.7422893,73.19584965705872,1464,0.0,0.0,0.05305075645446777
1778643597.7842996,73.23785996437073,1465,0.0,0.0,0.04201030731201172
1778643597.8373442,73.29090452194214,1466,0.0,0.0,0.05304455757141113
1778643597.8898253,73.34338569641113,1467,0.0,0.0,0.05248117446899414
1778643597.9321678,73.38572812080383,1468,0.0,0.0,0.042342424392700195
1778643597.9868205,73.44038081169128,1469,0.0,0.0,0.05465269088745117
1778643598.039023,73.49258327484131,1470,0.0,0.0,0.052202463150024414
1778643598.0910485,73.54460883140564,1471,0.0,0.0,0.052025556564331055
1778643598.1332576,73.58681797981262,1472,0.0,0.0,0.04220914840698242
1778643598.1858468,73.63940715789795,1473,0.0,0.0,0.05258917808532715
1778643598.2381501,73.69171047210693,1474,0.0,0.0,0.052303314208984375
1778643598.290809,73.74436926841736,1475,0.0,0.0,0.052658796310424805
1778643598.3327506,73.78631091117859,1476,0.0,0.0,0.04194164276123047
1778643598.3854392,73.8389995098114,1477,0.0,0.0,0.0526885986328125
1778643598.438446,73.89200639724731,1478,0.0,0.0,0.053006887435913086
1778643598.4912162,73.94477653503418,1479,0.0,0.0,0.052770137786865234
1778643598.533436,73.98699641227722,1480,0.0,0.0,0.04221987724304199
1778643598.586894,74.0404543876648,1481,0.0,0.0,0.05345797538757324
1778643598.6388113,74.09237170219421,1482,0.0,0.0,0.051917314529418945
1778643598.6914666,74.14502692222595,1483,0.0,0.0,0.05265522003173828
1778643598.7338967,74.18745708465576,1484,0.0,0.0,0.04243016242980957
1778643598.7861812,74.239741563797,1485,0.0,0.0,0.05228447914123535
1778643598.8382554,74.29181575775146,1486,0.0,0.0,0.05207419395446777
1778643598.8908677,74.34442806243896,1487,0.0,0.0,0.0526123046875
1778643598.9329941,74.386554479599,1488,0.0,0.0,0.04212641716003418
1778643598.985697,74.43925738334656,1489,0.0,0.0,0.052702903747558594
1778643599.0380905,74.49165081977844,1490,0.0,0.0,0.052393436431884766
1778643599.0907423,74.54430270195007,1491,0.0,0.0,0.05265188217163086
1778643599.1326988,74.58625912666321,1492,0.0,0.0,0.041956424713134766
1778643599.1857064,74.63926672935486,1493,0.0,0.0,0.05300760269165039
1778643599.2385008,74.69206118583679,1494,0.0,0.0,0.052794456481933594
1778643599.291064,74.744624376297,1495,0.0,0.0,0.05256319046020508
1778643599.3331854,74.78674578666687,1496,0.0,0.0,0.04212141036987305
1778643599.3857822,74.83934259414673,1497,0.0,0.0,0.0525968074798584
1778643599.438021,74.89158129692078,1498,0.0,0.0,0.05223870277404785
1778643599.4907296,74.94428992271423,1499,0.0,0.0,0.05270862579345703
1778643599.5326633,74.98622369766235,1500,0.0,0.0,0.04193377494812012
1778643599.585105,75.03866529464722,1501,0.0,0.0,0.05244159698486328
1778643599.6374917,75.09105205535889,1502,0.0,0.0,0.05238676071166992
1778643599.689958,75.14351844787598,1503,0.0,0.0,0.052466392517089844
1778643599.7317715,75.18533182144165,1504,0.0,0.0,0.04181337356567383
1778643599.7847672,75.23832750320435,1505,0.0,0.0,0.05299568176269531
1778643599.8400424,75.29360270500183,1506,0.0,0.0,0.05527520179748535
1778643599.882568,75.33612823486328,1507,0.0,0.0,0.042525529861450195
1778643599.9354043,75.38896465301514,1508,0.0,0.0,0.05283641815185547
1778643599.9879375,75.44149780273438,1509,0.0,0.0,0.05253314971923828
1778643600.0403438,75.49390411376953,1510,0.0,0.0,0.05240631103515625
1778643600.0820122,75.53557252883911,1511,0.0,0.0,0.04166841506958008
1778643600.1347594,75.58831977844238,1512,0.0,0.0,0.052747249603271484
1778643600.1873248,75.6408851146698,1513,0.0,0.0,0.05256533622741699
1778643600.2397368,75.69329714775085,1514,0.0,0.0,0.05241203308105469
1778643600.292166,75.7457263469696,1515,0.0,0.0,0.05242919921875
1778643600.3339267,75.7874870300293,1516,0.0,0.0,0.04176068305969238
1778643600.3862603,75.83982062339783,1517,0.0,0.0,0.05233359336853027
1778643600.43881,75.8923704624176,1518,0.0,0.0,0.05254983901977539
1778643600.4910169,75.94457721710205,1519,0.0,0.0,0.05220675468444824
1778643600.5332,75.98676037788391,1520,0.0,0.0,0.04218316078186035
1778643600.5858037,76.03936409950256,1521,0.0,0.0,0.052603721618652344
1778643600.6388364,76.09239673614502,1522,0.0,0.0,0.053032636642456055
1778643600.6924806,76.14604091644287,1523,0.0,0.0,0.05364418029785156
1778643600.734198,76.18775844573975,1524,0.0,0.0,0.041717529296875
1778643600.7870944,76.24065470695496,1525,0.0,0.0,0.05289626121520996
1778643600.8403974,76.29395771026611,1526,0.0,0.0,0.05330300331115723
1778643600.8823254,76.33588576316833,1527,0.0,0.0,0.04192805290222168
1778643600.934921,76.3884813785553,1528,0.0,0.0,0.05259561538696289
1778643600.9876475,76.44120788574219,1529,0.0,0.0,0.05272650718688965
1778643601.041006,76.49456644058228,1530,0.0,0.0,0.05335855484008789
1778643601.083085,76.53664541244507,1531,0.0,0.0,0.04207897186279297
1778643601.135825,76.58938527107239,1532,0.0,0.0,0.052739858627319336
1778643601.1888444,76.642404794693,1533,0.0,0.0,0.05301952362060547
1778643601.2420793,76.69563961029053,1534,0.0,0.0,0.05323481559753418
1778643601.2867005,76.74026083946228,1535,0.0,0.0,0.04462122917175293
1778643601.3378997,76.79146003723145,1536,0.0,0.0,0.05119919776916504
1778643601.3897953,76.84335565567017,1537,0.0,0.0,0.0518956184387207
1778643601.433838,76.88739824295044,1538,0.0,0.0,0.04404258728027344
1778643601.4872131,76.94077348709106,1539,0.0,0.0,0.053375244140625
1778643601.5394173,76.99297761917114,1540,0.0,0.0,0.052204132080078125
1778643601.5924485,77.04600882530212,1541,0.0,0.0,0.053031206130981445
1778643601.6333978,77.08695816993713,1542,0.0,0.0,0.040949344635009766
1778643601.6882374,77.1417977809906,1543,0.0,0.0,0.0548396110534668
1778643601.7402887,77.19384908676147,1544,0.0,0.0,0.05205130577087402
1778643601.782286,77.23584628105164,1545,0.0,0.0,0.04199719429016113
1778643601.8346093,77.28816962242126,1546,0.0,0.0,0.052323341369628906
1778643601.8873384,77.34089875221252,1547,0.0,0.0,0.052729129791259766
1778643601.9402084,77.39376878738403,1548,0.0,0.0,0.05287003517150879
1778643601.9820611,77.43562150001526,1549,0.0,0.0,0.041852712631225586
1778643602.0351727,77.4887330532074,1550,0.0,0.0,0.05311155319213867
1778643602.0880136,77.54157400131226,1551,0.0,0.0,0.0528409481048584
1778643602.1406147,77.59417510032654,1552,0.0,0.0,0.05260109901428223
1778643602.1827931,77.63635349273682,1553,0.0,0.0,0.04217839241027832
1778643602.235413,77.68897342681885,1554,0.0,0.0,0.05261993408203125
1778643602.2882988,77.74185919761658,1555,0.0,0.0,0.05288577079772949
1778643602.3336103,77.78717064857483,1556,0.0,0.0,0.04531145095825195
1778643602.3886433,77.84220361709595,1557,0.0,0.0,0.055032968521118164
1778643602.444616,77.89817643165588,1558,0.0,0.0,0.05597281455993652
1778643602.4860382,77.93959856033325,1559,0.0,0.0,0.041422128677368164
1778643602.5382147,77.99177503585815,1560,0.0,0.0,0.052176475524902344
1778643602.5919366,78.0454969406128,1561,0.0,0.0,0.05372190475463867
1778643602.6378164,78.09137678146362,1562,0.0,0.0,0.04587984085083008
1778643602.6937392,78.14729952812195,1563,0.0,0.0,0.055922746658325195
1778643602.7362473,78.18980765342712,1564,0.0,0.0,0.04250812530517578
1778643602.7885895,78.2421498298645,1565,0.0,0.0,0.05234217643737793
1778643602.8411243,78.2946846485138,1566,0.0,0.0,0.05253481864929199
1778643602.8830602,78.33662056922913,1567,0.0,0.0,0.04193592071533203
1778643602.9356036,78.38916397094727,1568,0.0,0.0,0.05254340171813965
1778643602.9883103,78.44187068939209,1569,0.0,0.0,0.05270671844482422
1778643603.0407333,78.49429368972778,1570,0.0,0.0,0.05242300033569336
1778643603.0832243,78.53678464889526,1571,0.0,0.0,0.04249095916748047
1778643603.1355095,78.58906984329224,1572,0.0,0.0,0.052285194396972656
1778643603.1881342,78.64169454574585,1573,0.0,0.0,0.05262470245361328
1778643603.2410452,78.69460558891296,1574,0.0,0.0,0.05291104316711426
1778643603.2827652,78.73632550239563,1575,0.0,0.0,0.041719913482666016
1778643603.3352249,78.7887852191925,1576,0.0,0.0,0.052459716796875
1778643603.387733,78.84129333496094,1577,0.0,0.0,0.05250811576843262
1778643603.4403632,78.89392352104187,1578,0.0,0.0,0.05263018608093262
1778643603.482417,78.93597745895386,1579,0.0,0.0,0.042053937911987305
1778643603.5350654,78.9886257648468,1580,0.0,0.0,0.052648305892944336
1778643603.5878298,79.04139018058777,1581,0.0,0.0,0.0527644157409668
1778643603.6403375,79.09389781951904,1582,0.0,0.0,0.052507638931274414
1778643603.6830466,79.1366069316864,1583,0.0,0.0,0.0427091121673584
1778643603.7351549,79.18871521949768,1584,0.0,0.0,0.0521082878112793
1778643603.7890909,79.24265122413635,1585,0.0,0.0,0.053936004638671875
1778643603.831953,79.2855134010315,1586,0.0,0.0,0.0428621768951416
1778643603.8839304,79.33749079704285,1587,0.0,0.0,0.05197739601135254
1778643603.9363234,79.38988375663757,1588,0.0,0.0,0.05239295959472656
1778643603.9900463,79.44360661506653,1589,0.0,0.0,0.05372285842895508
1778643604.0423765,79.49593687057495,1590,0.0,0.0,0.05233025550842285
1778643604.0852659,79.53882622718811,1591,0.0,0.0,0.04288935661315918
1778643604.1379423,79.59150266647339,1592,0.0,0.0,0.05267643928527832
1778643604.1907153,79.6442756652832,1593,0.0,0.0,0.05277299880981445
1778643604.2326288,79.6861891746521,1594,0.0,0.0,0.041913509368896484
1778643604.2853086,79.73886895179749,1595,0.0,0.0,0.05267977714538574
1778643604.3388398,79.79240012168884,1596,0.0,0.0,0.05353116989135742
1778643604.3916907,79.84525108337402,1597,0.0,0.0,0.052850961685180664
1778643604.4336028,79.88716316223145,1598,0.0,0.0,0.041912078857421875
1778643604.4867115,79.94027185440063,1599,0.0,0.0,0.05310869216918945
1778643604.5394902,79.99305057525635,1600,0.0,0.0,0.05277872085571289
1778643604.5923526,80.04591298103333,1601,0.0,0.0,0.05286240577697754
1778643604.634697,80.08825731277466,1602,0.0,0.0,0.04234433174133301
1778643604.686976,80.14053630828857,1603,0.0,0.0,0.052278995513916016
1778643604.7396803,80.19324064254761,1604,0.0,0.0,0.0527043342590332
1778643604.7923908,80.2459511756897,1605,0.0,0.0,0.052710533142089844
1778643604.8352487,80.28880906105042,1606,0.0,0.0,0.04285788536071777
1778643604.8874946,80.34105491638184,1607,0.0,0.0,0.0522458553314209
1778643604.9397933,80.39335370063782,1608,0.0,0.0,0.052298784255981445
1778643604.9919772,80.44553756713867,1609,0.0,0.0,0.05218386650085449
1778643605.0343244,80.48788475990295,1610,0.0,0.0,0.04234719276428223
1778643605.0865712,80.54013156890869,1611,0.0,0.0,0.052246809005737305
1778643605.1390374,80.5925977230072,1612,0.0,0.0,0.05246615409851074
1778643605.1914883,80.64504861831665,1613,0.0,0.0,0.05245089530944824
1778643605.2333183,80.68687868118286,1614,0.0,0.0,0.04183006286621094
1778643605.285605,80.73916530609131,1615,0.0,0.0,0.052286624908447266
1778643605.3383274,80.79188776016235,1616,0.0,0.0,0.05272245407104492
1778643605.3907669,80.84432721138,1617,0.0,0.0,0.05243945121765137
1778643605.432628,80.8861882686615,1618,0.0,0.0,0.04186105728149414
1778643605.485505,80.93906545639038,1619,0.0,0.0,0.052877187728881836
1778643605.5384963,80.99205660820007,1620,0.0,0.0,0.05299115180969238
1778643605.5908217,81.04438209533691,1621,0.0,0.0,0.05232548713684082
1778643605.6328988,81.08645915985107,1622,0.0,0.0,0.042077064514160156
1778643605.685826,81.13938641548157,1623,0.0,0.0,0.052927255630493164
1778643605.7381802,81.1917405128479,1624,0.0,0.0,0.05235409736633301
1778643605.79185,81.2454104423523,1625,0.0,0.0,0.05366992950439453
1778643605.8328695,81.28642988204956,1626,0.0,0.0,0.041019439697265625
1778643605.8855982,81.33915853500366,1627,0.0,0.0,0.05272865295410156
1778643605.938498,81.39205837249756,1628,0.0,0.0,0.052899837493896484
1778643605.991487,81.44504737854004,1629,0.0,0.0,0.05298900604248047
1778643606.0358737,81.48943400382996,1630,0.0,0.0,0.04438662528991699
1778643606.0884807,81.54204106330872,1631,0.0,0.0,0.052607059478759766
1778643606.140778,81.59433841705322,1632,0.0,0.0,0.052297353744506836
1778643606.1829863,81.63654661178589,1633,0.0,0.0,0.042208194732666016
1778643606.235694,81.68925428390503,1634,0.0,0.0,0.052707672119140625
1778643606.2887523,81.74231266975403,1635,0.0,0.0,0.05305838584899902
1778643606.3411226,81.79468297958374,1636,0.0,0.0,0.052370309829711914
1778643606.3835578,81.83711814880371,1637,0.0,0.0,0.0424351692199707
1778643606.4361546,81.88971495628357,1638,0.0,0.0,0.0525968074798584
1778643606.4891071,81.94266748428345,1639,0.0,0.0,0.05295252799987793
1778643606.541767,81.99532723426819,1640,0.0,0.0,0.05265974998474121
1778643606.5842004,82.0377607345581,1641,0.0,0.0,0.04243350028991699
1778643606.6367702,82.09033060073853,1642,0.0,0.0,0.05256986618041992
1778643606.6896327,82.1431930065155,1643,0.0,0.0,0.05286240577697754
1778643606.742319,82.1958794593811,1644,0.0,0.0,0.052686452865600586
1778643606.784217,82.23777723312378,1645,0.0,0.0,0.04189777374267578
1778643606.8363917,82.28995203971863,1646,0.0,0.0,0.05217480659484863
1778643606.8887038,82.34226417541504,1647,0.0,0.0,0.05231213569641113
1778643606.940951,82.39451146125793,1648,0.0,0.0,0.05224728584289551
1778643606.984812,82.43837237358093,1649,0.0,0.0,0.04386091232299805
1778643607.0363762,82.4899365901947,1650,0.0,0.0,0.05156421661376953
1778643607.0888052,82.54236555099487,1651,0.0,0.0,0.0524289608001709
1778643607.1411657,82.59472608566284,1652,0.0,0.0,0.05236053466796875
1778643607.1831968,82.63675713539124,1653,0.0,0.0,0.042031049728393555
1778643607.2391677,82.69272804260254,1654,0.0,0.0,0.05597090721130371
1778643607.2914603,82.74502062797546,1655,0.0,0.0,0.052292585372924805
1778643607.335512,82.78907227516174,1656,0.0,0.0,0.0440516471862793
1778643607.388291,82.84185123443604,1657,0.0,0.0,0.05277895927429199
1778643607.4406073,82.89416766166687,1658,0.0,0.0,0.05231642723083496
1778643607.4826758,82.93623614311218,1659,0.0,0.0,0.0420684814453125
1778643607.5357578,82.98931813240051,1660,0.0,0.0,0.05308198928833008
1778643607.5880919,83.0416522026062,1661,0.0,0.0,0.05233407020568848
1778643607.6407409,83.09430122375488,1662,0.0,0.0,0.05264902114868164
1778643607.6823714,83.13593173027039,1663,0.0,0.0,0.04163050651550293
1778643607.7352798,83.18884015083313,1664,0.0,0.0,0.05290842056274414
1778643607.7881,83.2416603565216,1665,0.0,0.0,0.05282020568847656
1778643607.8408327,83.29439306259155,1666,0.0,0.0,0.05273270606994629
1778643607.883087,83.33664727210999,1667,0.0,0.0,0.04225420951843262
1778643607.9361296,83.38968992233276,1668,0.0,0.0,0.05304265022277832
1778643607.9890044,83.44256472587585,1669,0.0,0.0,0.05287480354309082
1778643608.0414054,83.49496579170227,1670,0.0,0.0,0.052401065826416016
1778643608.0834253,83.53698563575745,1671,0.0,0.0,0.04201984405517578
1778643608.1361284,83.58968877792358,1672,0.0,0.0,0.052703142166137695
1778643608.1885319,83.64209222793579,1673,0.0,0.0,0.05240345001220703
1778643608.241036,83.69459629058838,1674,0.0,0.0,0.05250406265258789
1778643608.2830274,83.73658776283264,1675,0.0,0.0,0.041991472244262695
1778643608.3355286,83.78908896446228,1676,0.0,0.0,0.05250120162963867
1778643608.3884897,83.842050075531,1677,0.0,0.0,0.052961111068725586
1778643608.4410627,83.89462304115295,1678,0.0,0.0,0.05257296562194824
1778643608.4832504,83.93681073188782,1679,0.0,0.0,0.04218769073486328
1778643608.5357509,83.98931121826172,1680,0.0,0.0,0.05250048637390137
1778643608.588475,84.04203534126282,1681,0.0,0.0,0.05272412300109863
1778643608.6414855,84.09504580497742,1682,0.0,0.0,0.05301046371459961
1778643608.6835752,84.13713550567627,1683,0.0,0.0,0.04208970069885254
1778643608.7361715,84.18973183631897,1684,0.0,0.0,0.052596330642700195
1778643608.7896497,84.24321007728577,1685,0.0,0.0,0.053478240966796875
1778643608.8424668,84.29602718353271,1686,0.0,0.0,0.05281710624694824
1778643608.8844385,84.33799886703491,1687,0.0,0.0,0.041971683502197266
1778643608.9371998,84.39076018333435,1688,0.0,0.0,0.05276131629943848
1778643608.9905603,84.44412064552307,1689,0.0,0.0,0.0533604621887207
1778643609.033088,84.48664832115173,1690,0.0,0.0,0.04252767562866211
1778643609.085681,84.53924131393433,1691,0.0,0.0,0.05259299278259277
1778643609.1384277,84.59198808670044,1692,0.0,0.0,0.05274677276611328
1778643609.1913233,84.64488363265991,1693,0.0,0.0,0.052895545959472656
1778643609.234002,84.68756246566772,1694,0.0,0.0,0.0426788330078125
1778643609.2870183,84.74057865142822,1695,0.0,0.0,0.05301618576049805
1778643609.3395553,84.79311561584473,1696,0.0,0.0,0.052536964416503906
1778643609.3818922,84.83545255661011,1697,0.0,0.0,0.04233694076538086
1778643609.434169,84.88772940635681,1698,0.0,0.0,0.0522768497467041
1778643609.4873307,84.94089102745056,1699,0.0,0.0,0.05316162109375
1778643609.539598,84.9931583404541,1700,0.0,0.0,0.05226731300354004
1778643609.5932786,85.04683899879456,1701,0.0,0.0,0.0536806583404541
1778643609.635463,85.08902335166931,1702,0.0,0.0,0.04218435287475586
1778643609.687566,85.14112639427185,1703,0.0,0.0,0.05210304260253906
1778643609.740044,85.19360446929932,1704,0.0,0.0,0.05247807502746582
1778643609.7826903,85.23625063896179,1705,0.0,0.0,0.042646169662475586
1778643609.8356302,85.28919053077698,1706,0.0,0.0,0.05293989181518555
1778643609.8892696,85.34282994270325,1707,0.0,0.0,0.05363941192626953
1778643609.9327862,85.38634657859802,1708,0.0,0.0,0.04351663589477539
1778643609.9872584,85.4408187866211,1709,0.0,0.0,0.05447220802307129
1778643610.039585,85.49314546585083,1710,0.0,0.0,0.05232667922973633
1778643610.082089,85.53564929962158,1711,0.0,0.0,0.04250383377075195
1778643610.1348057,85.58836603164673,1712,0.0,0.0,0.052716732025146484
1778643610.1877491,85.6413094997406,1713,0.0,0.0,0.05294346809387207
1778643610.2401278,85.69368815422058,1714,0.0,0.0,0.05237865447998047
1778643610.2821634,85.73572373390198,1715,0.0,0.0,0.042035579681396484
1778643610.3359418,85.78950214385986,1716,0.0,0.0,0.05377840995788574
1778643610.3889341,85.84249448776245,1717,0.0,0.0,0.05299234390258789
1778643610.4413033,85.89486360549927,1718,0.0,0.0,0.052369117736816406
1778643610.4832335,85.9367938041687,1719,0.0,0.0,0.041930198669433594
1778643610.536152,85.98971223831177,1720,0.0,0.0,0.052918434143066406
1778643610.5885732,86.04213356971741,1721,0.0,0.0,0.05242133140563965
1778643610.6408262,86.0943865776062,1722,0.0,0.0,0.052253007888793945
1778643610.682805,86.13636541366577,1723,0.0,0.0,0.04197883605957031
1778643610.7346292,86.18818950653076,1724,0.0,0.0,0.051824092864990234
1778643610.786331,86.23989129066467,1725,0.0,0.0,0.05170178413391113
1778643610.8381026,86.29166293144226,1726,0.0,0.0,0.05177164077758789
1778643610.8899622,86.34352254867554,1727,0.0,0.0,0.05185961723327637
1778643610.932169,86.38572931289673,1728,0.0,0.0,0.042206764221191406
1778643610.9843645,86.43792486190796,1729,0.0,0.0,0.05219554901123047
1778643611.0366404,86.49020075798035,1730,0.0,0.0,0.052275896072387695
1778643611.0891676,86.54272794723511,1731,0.0,0.0,0.05252718925476074
1778643611.1416376,86.59519791603088,1732,0.0,0.0,0.05246996879577637
1778643611.1839938,86.63755416870117,1733,0.0,0.0,0.042356252670288086
1778643611.2368703,86.69043064117432,1734,0.0,0.0,0.05287647247314453
1778643611.2894924,86.74305272102356,1735,0.0,0.0,0.052622079849243164
1778643611.3423529,86.7959132194519,1736,0.0,0.0,0.05286049842834473
1778643611.38461,86.83817028999329,1737,0.0,0.0,0.042257070541381836
1778643611.4373596,86.89091992378235,1738,0.0,0.0,0.0527496337890625
1778643611.4899852,86.94354557991028,1739,0.0,0.0,0.05262565612792969
1778643611.5422392,86.99579954147339,1740,0.0,0.0,0.05225396156311035
1778643611.583979,87.03753924369812,1741,0.0,0.0,0.041739702224731445
1778643611.637353,87.09091329574585,1742,0.0,0.0,0.05337405204772949
1778643611.6896439,87.14320421218872,1743,0.0,0.0,0.052290916442871094
1778643611.7422736,87.1958339214325,1744,0.0,0.0,0.052629709243774414
1778643611.784602,87.23816227912903,1745,0.0,0.0,0.0423283576965332
1778643611.8371165,87.2906768321991,1746,0.0,0.0,0.05251455307006836
1778643611.8896341,87.3431944847107,1747,0.0,0.0,0.05251765251159668
1778643611.9320877,87.38564801216125,1748,0.0,0.0,0.04245352745056152
1778643611.9857373,87.43929767608643,1749,0.0,0.0,0.0536496639251709
1778643612.0388253,87.49238562583923,1750,0.0,0.0,0.05308794975280762
1778643612.0906858,87.54424619674683,1751,0.0,0.0,0.05186057090759277
1778643612.1324902,87.5860505104065,1752,0.0,0.0,0.04180431365966797
1778643612.1852145,87.63877487182617,1753,0.0,0.0,0.052724361419677734
1778643612.2382917,87.69185209274292,1754,0.0,0.0,0.05307722091674805
1778643612.2906632,87.74422359466553,1755,0.0,0.0,0.05237150192260742
1778643612.3323975,87.78595781326294,1756,0.0,0.0,0.04173421859741211
1778643612.3849866,87.83854699134827,1757,0.0,0.0,0.05258917808532715
1778643612.4373732,87.89093351364136,1758,0.0,0.0,0.05238652229309082
1778643612.490252,87.9438123703003,1759,0.0,0.0,0.05287885665893555
1778643612.5322785,87.98583889007568,1760,0.0,0.0,0.042026519775390625
1778643612.5849328,88.0384931564331,1761,0.0,0.0,0.052654266357421875
1778643612.6377697,88.09133005142212,1762,0.0,0.0,0.05283689498901367
1778643612.6908157,88.144376039505,1763,0.0,0.0,0.05304598808288574
1778643612.7338183,88.18737864494324,1764,0.0,0.0,0.04300260543823242
1778643612.78606,88.23962044715881,1765,0.0,0.0,0.05224180221557617
1778643612.8386433,88.29220366477966,1766,0.0,0.0,0.05258321762084961
1778643612.8914235,88.34498381614685,1767,0.0,0.0,0.0527801513671875
1778643612.9338646,88.3874249458313,1768,0.0,0.0,0.04244112968444824
1778643612.9862502,88.43981051445007,1769,0.0,0.0,0.052385568618774414
1778643613.0385842,88.49214458465576,1770,0.0,0.0,0.05233407020568848
1778643613.0911887,88.54474902153015,1771,0.0,0.0,0.05260443687438965
1778643613.1331599,88.58672022819519,1772,0.0,0.0,0.04197120666503906
1778643613.186652,88.64021229743958,1773,0.0,0.0,0.053492069244384766
1778643613.2393644,88.6929247379303,1774,0.0,0.0,0.052712440490722656
1778643613.2820914,88.73565173149109,1775,0.0,0.0,0.042726993560791016
1778643613.334634,88.78819441795349,1776,0.0,0.0,0.052542686462402344
1778643613.3873484,88.84090876579285,1777,0.0,0.0,0.05271434783935547
1778643613.4401872,88.8937475681305,1778,0.0,0.0,0.052838802337646484
1778643613.4825132,88.93607354164124,1779,0.0,0.0,0.04232597351074219
1778643613.5353167,88.98887705802917,1780,0.0,0.0,0.05280351638793945
1778643613.5928054,89.04636573791504,1781,0.0,0.0,0.05748867988586426
1778643613.632756,89.08631634712219,1782,0.0,0.0,0.03995060920715332
1778643613.6849208,89.13848114013672,1783,0.0,0.0,0.05216479301452637
1778643613.7375488,89.19110918045044,1784,0.0,0.0,0.0526280403137207
1778643613.789248,89.24280834197998,1785,0.0,0.0,0.051699161529541016
1778643613.8416686,89.29522895812988,1786,0.0,0.0,0.052420616149902344
1778643613.88387,89.33743023872375,1787,0.0,0.0,0.04220128059387207
1778643613.9364235,89.3899838924408,1788,0.0,0.0,0.052553653717041016
1778643613.9892318,89.44279217720032,1789,0.0,0.0,0.052808284759521484
1778643614.0417497,89.4953100681305,1790,0.0,0.0,0.05251789093017578
1778643614.0833838,89.53694415092468,1791,0.0,0.0,0.04163408279418945
1778643614.1358683,89.58942866325378,1792,0.0,0.0,0.05248451232910156
1778643614.188305,89.64186525344849,1793,0.0,0.0,0.05243659019470215
1778643614.240571,89.69413137435913,1794,0.0,0.0,0.05226612091064453
1778643614.2827268,89.7362871170044,1795,0.0,0.0,0.04215574264526367
1778643614.3352983,89.78885865211487,1796,0.0,0.0,0.05257153511047363
1778643614.3877926,89.84135293960571,1797,0.0,0.0,0.05249428749084473
1778643614.4402416,89.89380192756653,1798,0.0,0.0,0.05244898796081543
1778643614.4822295,89.9357898235321,1799,0.0,0.0,0.04198789596557617
1778643614.5347161,89.98827648162842,1800,0.0,0.0,0.05248665809631348
1778643614.5873134,90.04087376594543,1801,0.0,0.0,0.0525972843170166
1778643614.6401324,90.09369277954102,1802,0.0,0.0,0.052819013595581055
1778643614.6819103,90.1354706287384,1803,0.0,0.0,0.041777849197387695
1778643614.7350833,90.18864369392395,1804,0.0,0.0,0.053173065185546875
1778643614.7879336,90.2414939403534,1805,0.0,0.0,0.05285024642944336
1778643614.8408272,90.29438757896423,1806,0.0,0.0,0.052893638610839844
1778643614.8827536,90.3363139629364,1807,0.0,0.0,0.04192638397216797
1778643614.9357371,90.38929748535156,1808,0.0,0.0,0.05298352241516113
1778643614.9884856,90.44204592704773,1809,0.0,0.0,0.05274844169616699
1778643615.041211,90.49477124214172,1810,0.0,0.0,0.05272531509399414
1778643615.0831861,90.53674650192261,1811,0.0,0.0,0.04197525978088379
1778643615.1356244,90.58918476104736,1812,0.0,0.0,0.05243825912475586
1778643615.1882536,90.64181399345398,1813,0.0,0.0,0.05262923240661621
1778643615.2405572,90.69411754608154,1814,0.0,0.0,0.05230355262756348
1778643615.2825358,90.73609614372253,1815,0.0,0.0,0.04197859764099121
1778643615.3350894,90.78864979743958,1816,0.0,0.0,0.052553653717041016
1778643615.3879197,90.84148001670837,1817,0.0,0.0,0.05283021926879883
1778643615.4409044,90.89446473121643,1818,0.0,0.0,0.05298471450805664
1778643615.483018,90.9365782737732,1819,0.0,0.0,0.042113542556762695
1778643615.5353832,90.98894357681274,1820,0.0,0.0,0.05236530303955078
1778643615.587722,91.04128241539001,1821,0.0,0.0,0.05233883857727051
1778643615.6401157,91.09367609024048,1822,0.0,0.0,0.05239367485046387
1778643615.682153,91.13571333885193,1823,0.0,0.0,0.042037248611450195
1778643615.734446,91.18800640106201,1824,0.0,0.0,0.05229306221008301
1778643615.7871048,91.24066519737244,1825,0.0,0.0,0.052658796310424805
1778643615.8397026,91.29326295852661,1826,0.0,0.0,0.052597761154174805
1778643615.8923783,91.34593868255615,1827,0.0,0.0,0.052675724029541016
1778643615.9344878,91.38804817199707,1828,0.0,0.0,0.04210948944091797
1778643615.9868784,91.440438747406,1829,0.0,0.0,0.05239057540893555
1778643616.039389,91.49294924736023,1830,0.0,0.0,0.05251049995422363
1778643616.091865,91.54542541503906,1831,0.0,0.0,0.05247616767883301
1778643616.1339924,91.58755278587341,1832,0.0,0.0,0.042127370834350586
1778643616.1869862,91.64054656028748,1833,0.0,0.0,0.0529937744140625
1778643616.2397432,91.69330358505249,1834,0.0,0.0,0.05275702476501465
1778643616.2821944,91.73575472831726,1835,0.0,0.0,0.04245114326477051
1778643616.3349915,91.78855180740356,1836,0.0,0.0,0.05279707908630371
1778643616.387385,91.84094524383545,1837,0.0,0.0,0.052393436431884766
1778643616.4398217,91.89338207244873,1838,0.0,0.0,0.05243682861328125
1778643616.49212,91.94568037986755,1839,0.0,0.0,0.05229830741882324
1778643616.5340412,91.98760151863098,1840,0.0,0.0,0.041921138763427734
1778643616.5867581,92.0403184890747,1841,0.0,0.0,0.052716970443725586
1778643616.6394067,92.09296703338623,1842,0.0,0.0,0.05264854431152344
1778643616.6918836,92.1454439163208,1843,0.0,0.0,0.05247688293457031
1778643616.7337632,92.18732357025146,1844,0.0,0.0,0.04187965393066406
1778643616.7865794,92.2401397228241,1845,0.0,0.0,0.052816152572631836
1778643616.8395545,92.29311490058899,1846,0.0,0.0,0.05297517776489258
1778643616.8921773,92.34573769569397,1847,0.0,0.0,0.05262279510498047
1778643616.9345815,92.38814187049866,1848,0.0,0.0,0.0424041748046875
1778643616.9872105,92.4407708644867,1849,0.0,0.0,0.05262899398803711
1778643617.0398946,92.4934549331665,1850,0.0,0.0,0.05268406867980957
1778643617.082574,92.53613424301147,1851,0.0,0.0,0.0426793098449707
1778643617.1348135,92.58837389945984,1852,0.0,0.0,0.05223965644836426
1778643617.1875074,92.64106774330139,1853,0.0,0.0,0.052693843841552734
1778643617.2403042,92.69386458396912,1854,0.0,0.0,0.05279684066772461
1778643617.282343,92.73590326309204,1855,0.0,0.0,0.042038679122924805
1778643617.3352704,92.78883075714111,1856,0.0,0.0,0.052927494049072266
1778643617.3878205,92.84138083457947,1857,0.0,0.0,0.05255007743835449
1778643617.4404244,92.8939847946167,1858,0.0,0.0,0.052603960037231445
1778643617.4826674,92.93622779846191,1859,0.0,0.0,0.042243003845214844
1778643617.5354836,92.98904395103455,1860,0.0,0.0,0.052816152572631836
1778643617.5881846,93.04174494743347,1861,0.0,0.0,0.05270099639892578
1778643617.641074,93.09463429450989,1862,0.0,0.0,0.052889347076416016
1778643617.6836216,93.1371819972992,1863,0.0,0.0,0.04254770278930664
1778643617.7356923,93.18925261497498,1864,0.0,0.0,0.05207061767578125
1778643617.7883658,93.2419261932373,1865,0.0,0.0,0.0526735782623291
1778643617.8401086,93.29366898536682,1866,0.0,0.0,0.0517427921295166
1778643617.8819194,93.33547973632812,1867,0.0,0.0,0.04181075096130371
1778643617.9367247,93.3902850151062,1868,0.0,0.0,0.05480527877807617
1778643617.9882026,93.44176292419434,1869,0.0,0.0,0.051477909088134766
1778643618.0411263,93.49468660354614,1870,0.0,0.0,0.05292367935180664
1778643618.082997,93.53655743598938,1871,0.0,0.0,0.041870832443237305
1778643618.1354866,93.58904695510864,1872,0.0,0.0,0.052489519119262695
1778643618.188497,93.64205741882324,1873,0.0,0.0,0.05301046371459961
1778643618.2407503,93.69431066513062,1874,0.0,0.0,0.05225324630737305
1778643618.2828472,93.73640751838684,1875,0.0,0.0,0.042096853256225586
1778643618.3358493,93.78940963745117,1876,0.0,0.0,0.053002119064331055
1778643618.3880045,93.84156489372253,1877,0.0,0.0,0.052155256271362305
1778643618.4405496,93.89410996437073,1878,0.0,0.0,0.05254507064819336
1778643618.4822304,93.93579077720642,1879,0.0,0.0,0.04168081283569336
1778643618.5348592,93.98841953277588,1880,0.0,0.0,0.05262875556945801
1778643618.587381,94.04094123840332,1881,0.0,0.0,0.052521705627441406
1778643618.6399195,94.09347987174988,1882,0.0,0.0,0.05253863334655762
1778643618.6820242,94.13558459281921,1883,0.0,0.0,0.04210472106933594
1778643618.7344873,94.1880476474762,1884,0.0,0.0,0.05246305465698242
1778643618.7871025,94.24066281318665,1885,0.0,0.0,0.05261516571044922
1778643618.8394403,94.2930006980896,1886,0.0,0.0,0.0523378849029541
1778643618.8844094,94.33796977996826,1887,0.0,0.0,0.04496908187866211
1778643618.9348469,94.3884072303772,1888,0.0,0.0,0.05043745040893555
1778643618.9867666,94.44032692909241,1889,0.0,0.0,0.05191969871520996
1778643619.0390904,94.4926507472992,1890,0.0,0.0,0.05232381820678711
1778643619.0911968,94.54475712776184,1891,0.0,0.0,0.052106380462646484
1778643619.133355,94.5869152545929,1892,0.0,0.0,0.04215812683105469
1778643619.18636,94.63992023468018,1893,0.0,0.0,0.05300498008728027
1778643619.2400358,94.69359612464905,1894,0.0,0.0,0.05367588996887207
1778643619.2818732,94.73543357849121,1895,0.0,0.0,0.041837453842163086
1778643619.3341634,94.78772377967834,1896,0.0,0.0,0.05229020118713379
1778643619.3870487,94.84060907363892,1897,0.0,0.0,0.05288529396057129
1778643619.4402442,94.8938045501709,1898,0.0,0.0,0.05319547653198242
1778643619.4823213,94.93588161468506,1899,0.0,0.0,0.042077064514160156
1778643619.5351744,94.98873472213745,1900,0.0,0.0,0.05285310745239258
1778643619.5888574,95.0424177646637,1901,0.0,0.0,0.05368304252624512
1778643619.6411927,95.09475302696228,1902,0.0,0.0,0.052335262298583984
1778643619.6833436,95.13690400123596,1903,0.0,0.0,0.04215097427368164
1778643619.736358,95.18991827964783,1904,0.0,0.0,0.053014278411865234
1778643619.7891092,95.24266958236694,1905,0.0,0.0,0.05275130271911621
1778643619.8417404,95.29530072212219,1906,0.0,0.0,0.05263113975524902
1778643619.8842528,95.33781313896179,1907,0.0,0.0,0.04251241683959961
1778643619.9366834,95.39024376869202,1908,0.0,0.0,0.05243062973022461
1778643619.9889948,95.44255518913269,1909,0.0,0.0,0.05231142044067383
1778643620.0418305,95.49539089202881,1910,0.0,0.0,0.052835702896118164
1778643620.0846448,95.53820514678955,1911,0.0,0.0,0.04281425476074219
1778643620.1376424,95.59120273590088,1912,0.0,0.0,0.052997589111328125
1778643620.190494,95.6440544128418,1913,0.0,0.0,0.05285167694091797
1778643620.2322378,95.68579816818237,1914,0.0,0.0,0.04174375534057617
1778643620.2853582,95.73891854286194,1915,0.0,0.0,0.05312037467956543
1778643620.3379583,95.7915186882019,1916,0.0,0.0,0.05260014533996582
1778643620.39086,95.84442043304443,1917,0.0,0.0,0.0529017448425293
1778643620.4329352,95.88649559020996,1918,0.0,0.0,0.042075157165527344
1778643620.485803,95.93936324119568,1919,0.0,0.0,0.05286765098571777
1778643620.5384803,95.99204063415527,1920,0.0,0.0,0.05267739295959473
1778643620.591424,96.04498434066772,1921,0.0,0.0,0.05294370651245117
1778643620.6335688,96.08712911605835,1922,0.0,0.0,0.042144775390625
1778643620.6859019,96.13946223258972,1923,0.0,0.0,0.05233311653137207
1778643620.739374,96.19293427467346,1924,0.0,0.0,0.053472042083740234
1778643620.7926633,96.24622368812561,1925,0.0,0.0,0.05328941345214844
1778643620.8348734,96.28843379020691,1926,0.0,0.0,0.04221010208129883
1778643620.8869243,96.34048461914062,1927,0.0,0.0,0.05205082893371582
1778643620.9394536,96.3930139541626,1928,0.0,0.0,0.052529335021972656
1778643620.9922872,96.4458475112915,1929,0.0,0.0,0.05283355712890625
1778643621.0346448,96.48820519447327,1930,0.0,0.0,0.042357683181762695
1778643621.0873442,96.54090452194214,1931,0.0,0.0,0.05269932746887207
1778643621.1405168,96.59407711029053,1932,0.0,0.0,0.05317258834838867
1778643621.1822937,96.6358540058136,1933,0.0,0.0,0.04177689552307129
1778643621.234906,96.6884663105011,1934,0.0,0.0,0.0526123046875
1778643621.2875338,96.74109411239624,1935,0.0,0.0,0.0526278018951416
1778643621.340652,96.7942123413086,1936,0.0,0.0,0.053118228912353516
1778643621.382346,96.83590626716614,1937,0.0,0.0,0.041693925857543945
1778643621.4343743,96.88793468475342,1938,0.0,0.0,0.05202841758728027
1778643621.4867337,96.94029402732849,1939,0.0,0.0,0.05235934257507324
1778643621.5394242,96.99298453330994,1940,0.0,0.0,0.05269050598144531
1778643621.592168,97.0457284450531,1941,0.0,0.0,0.05274391174316406
1778643621.63525,97.08881044387817,1942,0.0,0.0,0.04308199882507324
1778643621.6875405,97.14110088348389,1943,0.0,0.0,0.05229043960571289
1778643621.7398224,97.19338274002075,1944,0.0,0.0,0.052281856536865234
1778643621.7821105,97.23567080497742,1945,0.0,0.0,0.04228806495666504
1778643621.835423,97.28898334503174,1946,0.0,0.0,0.05331254005432129
1778643621.8883712,97.34193158149719,1947,0.0,0.0,0.0529482364654541
1778643621.9412982,97.3948585987091,1948,0.0,0.0,0.05292701721191406
1778643621.983857,97.43741726875305,1949,0.0,0.0,0.04255867004394531
1778643622.036501,97.49006128311157,1950,0.0,0.0,0.05264401435852051
1778643622.0894334,97.5429937839508,1951,0.0,0.0,0.0529325008392334
1778643622.1417887,97.59534907341003,1952,0.0,0.0,0.052355289459228516
1778643622.1839702,97.63753056526184,1953,0.0,0.0,0.04218149185180664
1778643622.2367735,97.6903338432312,1954,0.0,0.0,0.05280327796936035
1778643622.2896733,97.7432336807251,1955,0.0,0.0,0.052899837493896484
1778643622.3418758,97.79543614387512,1956,0.0,0.0,0.052202463150024414
1778643622.3844335,97.83799386024475,1957,0.0,0.0,0.042557716369628906
1778643622.4370391,97.89059948921204,1958,0.0,0.0,0.052605628967285156
1778643622.489582,97.94314241409302,1959,0.0,0.0,0.052542924880981445
1778643622.5321698,97.98573017120361,1960,0.0,0.0,0.0425877571105957
1778643622.5851276,98.03868794441223,1961,0.0,0.0,0.052957773208618164
1778643622.6381822,98.09174251556396,1962,0.0,0.0,0.0530545711517334
1778643622.6910143,98.1445746421814,1963,0.0,0.0,0.05283212661743164
1778643622.7331753,98.1867356300354,1964,0.0,0.0,0.042160987854003906
1778643622.786466,98.24002623558044,1965,0.0,0.0,0.053290605545043945
1778643622.840539,98.2940993309021,1966,0.0,0.0,0.05407309532165527
1778643622.8819222,98.33548259735107,1967,0.0,0.0,0.04138326644897461
1778643622.9343562,98.3879165649414,1968,0.0,0.0,0.05243396759033203
1778643622.9864218,98.43998217582703,1969,0.0,0.0,0.05206561088562012
1778643623.038753,98.49231338500977,1970,0.0,0.0,0.05233120918273926
1778643623.0913508,98.54491114616394,1971,0.0,0.0,0.052597761154174805
1778643623.1343467,98.58790707588196,1972,0.0,0.0,0.04299592971801758
1778643623.1899812,98.64354157447815,1973,0.0,0.0,0.055634498596191406
1778643623.2322366,98.68579697608948,1974,0.0,0.0,0.042255401611328125
1778643623.2844296,98.73798990249634,1975,0.0,0.0,0.05219292640686035
1778643623.3368218,98.79038214683533,1976,0.0,0.0,0.05239224433898926
1778643623.389037,98.84259724617004,1977,0.0,0.0,0.0522150993347168
1778643623.4422534,98.89581370353699,1978,0.0,0.0,0.05321645736694336
1778643623.4876094,98.94116973876953,1979,0.0,0.0,0.045356035232543945
1778643623.5380042,98.99156451225281,1980,0.0,0.0,0.05039477348327637
1778643623.5910316,99.04459190368652,1981,0.0,0.0,0.05302739143371582
1778643623.6334915,99.08705186843872,1982,0.0,0.0,0.042459964752197266
1778643623.6864913,99.14005160331726,1983,0.0,0.0,0.05299973487854004
1778643623.7392907,99.19285106658936,1984,0.0,0.0,0.05279946327209473
1778643623.7921772,99.24573755264282,1985,0.0,0.0,0.0528864860534668
1778643623.8343472,99.28790760040283,1986,0.0,0.0,0.042170047760009766
1778643623.8870485,99.34060883522034,1987,0.0,0.0,0.05270123481750488
1778643623.9395888,99.39314913749695,1988,0.0,0.0,0.05254030227661133
1778643623.9924603,99.44602060317993,1989,0.0,0.0,0.0528714656829834
1778643624.0347757,99.4883360862732,1990,0.0,0.0,0.04231548309326172
1778643624.0873113,99.54087162017822,1991,0.0,0.0,0.0525355339050293
1778643624.1399527,99.59351301193237,1992,0.0,0.0,0.05264139175415039
1778643624.1821854,99.63574576377869,1993,0.0,0.0,0.04223275184631348
1778643624.237507,99.6910674571991,1994,0.0,0.0,0.055321693420410156
1778643624.2880452,99.74160552024841,1995,0.0,0.0,0.050538063049316406
1778643624.3405874,99.79414772987366,1996,0.0,0.0,0.05254220962524414
1778643624.3824916,99.83605194091797,1997,0.0,0.0,0.04190421104431152
1778643624.43512,99.88868045806885,1998,0.0,0.0,0.052628517150878906
1778643624.4875588,99.94111919403076,1999,0.0,0.0,0.05243873596191406
1778643624.540024,99.99358439445496,2000,0.0,0.0,0.052465200424194336
1778643624.5820491,100.03560948371887,2001,0.0,0.0,0.042025089263916016
1778643624.6347005,100.08826088905334,2002,0.0,0.0,0.052651405334472656
1778643624.6872725,100.14083290100098,2003,0.0,0.0,0.052572011947631836
1778643624.7397547,100.19331502914429,2004,0.0,0.0,0.05248212814331055
1778643624.7920358,100.24559617042542,2005,0.0,0.0,0.05228114128112793
1778643624.8343008,100.28786110877991,2006,0.0,0.0,0.04226493835449219
1778643624.8879516,100.34151196479797,2007,0.0,0.0,0.053650856018066406
1778643624.9403203,100.39388060569763,2008,0.0,0.0,0.0523686408996582
1778643624.9818156,100.43537592887878,2009,0.0,0.0,0.041495323181152344
1778643625.0340075,100.48756790161133,2010,0.0,0.0,0.052191972732543945
1778643625.087234,100.5407943725586,2011,0.0,0.0,0.053226470947265625
1778643625.1394672,100.59302759170532,2012,0.0,0.0,0.052233219146728516
1778643625.1914525,100.64501285552979,2013,0.0,0.0,0.05198526382446289
1778643625.2338111,100.68737149238586,2014,0.0,0.0,0.0423586368560791
1778643625.2876241,100.74118447303772,2015,0.0,0.0,0.05381298065185547
1778643625.339712,100.7932722568512,2016,0.0,0.0,0.05208778381347656
1778643625.3864625,100.8400228023529,2017,0.0,0.0,0.046750545501708984
1778643625.4357655,100.88932585716248,2018,0.0,0.0,0.04930305480957031
1778643625.487978,100.94153833389282,2019,0.0,0.0,0.05221247673034668
1778643625.540438,100.99399828910828,2020,0.0,0.0,0.0524599552154541
1778643625.582766,101.03632640838623,2021,0.0,0.0,0.0423281192779541
1778643625.6353881,101.08894848823547,2022,0.0,0.0,0.052622079849243164
1778643625.6883633,101.14192366600037,2023,0.0,0.0,0.05297517776489258
1778643625.7413301,101.19489049911499,2024,0.0,0.0,0.05296683311462402
1778643625.7833416,101.2369019985199,2025,0.0,0.0,0.04201149940490723
1778643625.8362434,101.28980374336243,2026,0.0,0.0,0.0529017448425293
1778643625.8889806,101.34254097938538,2027,0.0,0.0,0.05273723602294922
1778643625.9415426,101.39510297775269,2028,0.0,0.0,0.05256199836730957
1778643625.983831,101.43739128112793,2029,0.0,0.0,0.04228830337524414
1778643626.0367625,101.49032282829285,2030,0.0,0.0,0.05293154716491699
1778643626.089322,101.54288244247437,2031,0.0,0.0,0.052559614181518555
1778643626.1423745,101.59593486785889,2032,0.0,0.0,0.053052425384521484
1778643626.1855028,101.6390631198883,2033,0.0,0.0,0.043128252029418945
1778643626.2363784,101.68993878364563,2034,0.0,0.0,0.05087566375732422
1778643626.2890487,101.74260902404785,2035,0.0,0.0,0.05267024040222168
1778643626.3417783,101.79533863067627,2036,0.0,0.0,0.05272960662841797
1778643626.384209,101.83776926994324,2037,0.0,0.0,0.04243063926696777
1778643626.43685,101.89041042327881,2038,0.0,0.0,0.05264115333557129
1778643626.489571,101.94313144683838,2039,0.0,0.0,0.05272102355957031
1778643626.5424664,101.99602675437927,2040,0.0,0.0,0.052895307540893555
1778643626.584639,102.03819942474365,2041,0.0,0.0,0.04217267036437988
1778643626.6374147,102.09097504615784,2042,0.0,0.0,0.05277562141418457
1778643626.6904922,102.14405250549316,2043,0.0,0.0,0.05307745933532715
1778643626.7327168,102.18627715110779,2044,0.0,0.0,0.04222464561462402
1778643626.7856958,102.23925614356995,2045,0.0,0.0,0.0529789924621582
1778643626.838578,102.29213833808899,2046,0.0,0.0,0.05288219451904297
1778643626.891447,102.34500741958618,2047,0.0,0.0,0.05286908149719238
1778643626.9339044,102.38746476173401,2048,0.0,0.0,0.04245734214782715
1778643626.986437,102.43999743461609,2049,0.0,0.0,0.05253267288208008
1778643627.0394814,102.49304175376892,2050,0.0,0.0,0.05304431915283203
1778643627.0928645,102.54642486572266,2051,0.0,0.0,0.05338311195373535
1778643627.1345572,102.5881175994873,2052,0.0,0.0,0.04169273376464844
1778643627.1871307,102.64069104194641,2053,0.0,0.0,0.052573442459106445
1778643627.2434,102.69696044921875,2054,0.0,0.0,0.05626940727233887
1778643627.2837706,102.7373309135437,2055,0.0,0.0,0.04037046432495117
1778643627.3360028,102.78956317901611,2056,0.0,0.0,0.05223226547241211
1778643627.3906095,102.8441698551178,2057,0.0,0.0,0.05460667610168457
1778643627.4323568,102.88591718673706,2058,0.0,0.0,0.041747331619262695
1778643627.4844434,102.93800377845764,2059,0.0,0.0,0.052086591720581055
1778643627.5368984,102.99045872688293,2060,0.0,0.0,0.05245494842529297
1778643627.5892494,103.04280972480774,2061,0.0,0.0,0.05235099792480469
1778643627.6418,103.09536027908325,2062,0.0,0.0,0.052550554275512695
1778643627.6838717,103.13743209838867,2063,0.0,0.0,0.04207181930541992
1778643627.7372942,103.19085454940796,2064,0.0,0.0,0.05342245101928711
1778643627.7903705,103.24393081665039,2065,0.0,0.0,0.05307626724243164
1778643627.832236,103.28579640388489,2066,0.0,0.0,0.04186558723449707
1778643627.8846533,103.33821368217468,2067,0.0,0.0,0.05241727828979492
1778643627.9379199,103.39148020744324,2068,0.0,0.0,0.05326652526855469
1778643627.9913108,103.44487118721008,2069,0.0,0.0,0.0533909797668457
1778643628.0332494,103.48680973052979,2070,0.0,0.0,0.04193854331970215
1778643628.086061,103.53962135314941,2071,0.0,0.0,0.052811622619628906
1778643628.1390631,103.59262347221375,2072,0.0,0.0,0.053002119064331055
1778643628.1921284,103.64568877220154,2073,0.0,0.0,0.05306529998779297
1778643628.2347515,103.68831181526184,2074,0.0,0.0,0.042623043060302734
1778643628.2891748,103.7427351474762,2075,0.0,0.0,0.05442333221435547
1778643628.3420367,103.79559707641602,2076,0.0,0.0,0.052861928939819336
1778643628.3840911,103.83765149116516,2077,0.0,0.0,0.04205441474914551
1778643628.436556,103.89011645317078,2078,0.0,0.0,0.052464962005615234
1778643628.489496,103.94305634498596,2079,0.0,0.0,0.05293989181518555
1778643628.5424883,103.99604868888855,2080,0.0,0.0,0.05299234390258789
1778643628.5856922,104.03925251960754,2081,0.0,0.0,0.04320383071899414
1778643628.6382263,104.0917866230011,2082,0.0,0.0,0.05253410339355469
1778643628.6907892,104.14434957504272,2083,0.0,0.0,0.05256295204162598
1778643628.732682,104.18624234199524,2084,0.0,0.0,0.04189276695251465
1778643628.7852356,104.23879599571228,2085,0.0,0.0,0.052553653717041016
1778643628.837773,104.29133343696594,2086,0.0,0.0,0.05253744125366211
1778643628.8906329,104.34419322013855,2087,0.0,0.0,0.05285978317260742
1778643628.932674,104.38623428344727,2088,0.0,0.0,0.04204106330871582
1778643628.9856768,104.43923711776733,2089,0.0,0.0,0.05300283432006836
1778643629.038586,104.49214625358582,2090,0.0,0.0,0.052909135818481445
1778643629.091112,104.54467225074768,2091,0.0,0.0,0.052525997161865234
1778643629.1340353,104.58759570121765,2092,0.0,0.0,0.0429234504699707
1778643629.1892643,104.64282464981079,2093,0.0,0.0,0.05522894859313965
1778643629.2410755,104.69463586807251,2094,0.0,0.0,0.05181121826171875
1778643629.2838864,104.73744678497314,2095,0.0,0.0,0.042810916900634766
1778643629.3363633,104.78992366790771,2096,0.0,0.0,0.05247688293457031
1778643629.3889208,104.84248113632202,2097,0.0,0.0,0.05255746841430664
1778643629.4417446,104.89530491828918,2098,0.0,0.0,0.052823781967163086
1778643629.4842198,104.93778014183044,2099,0.0,0.0,0.042475223541259766
1778643629.5372994,104.99085974693298,2100,0.0,0.0,0.05307960510253906
1778643629.5900488,105.04360914230347,2101,0.0,0.0,0.0527493953704834
1778643629.6318567,105.08541703224182,2102,0.0,0.0,0.04180788993835449
1778643629.684288,105.13784837722778,2103,0.0,0.0,0.052431344985961914
1778643629.7366977,105.19025802612305,2104,0.0,0.0,0.05240964889526367
1778643629.7894747,105.2430350780487,2105,0.0,0.0,0.05277705192565918
1778643629.8426547,105.29621505737305,2106,0.0,0.0,0.05317997932434082
1778643629.8844721,105.33803248405457,2107,0.0,0.0,0.041817426681518555
1778643629.9372535,105.39081382751465,2108,0.0,0.0,0.05278134346008301
1778643629.9901185,105.443678855896,2109,0.0,0.0,0.052865028381347656
1778643630.0325885,105.48614883422852,2110,0.0,0.0,0.04246997833251953
1778643630.085498,105.53905844688416,2111,0.0,0.0,0.05290961265563965
1778643630.1395993,105.59315967559814,2112,0.0,0.0,0.05410122871398926
1778643630.1925163,105.64607667922974,2113,0.0,0.0,0.0529170036315918
1778643630.2355752,105.68913555145264,2114,0.0,0.0,0.04305887222290039
1778643630.2880182,105.74157857894897,2115,0.0,0.0,0.05244302749633789
1778643630.3406522,105.79421257972717,2116,0.0,0.0,0.05263400077819824
1778643630.3828619,105.83642220497131,2117,0.0,0.0,0.042209625244140625
1778643630.435723,105.8892834186554,2118,0.0,0.0,0.05286121368408203
1778643630.488592,105.94215226173401,2119,0.0,0.0,0.05286884307861328
1778643630.541474,105.99503445625305,2120,0.0,0.0,0.05288219451904297
1778643630.583763,106.03732323646545,2121,0.0,0.0,0.042288780212402344
1778643630.6363406,106.08990097045898,2122,0.0,0.0,0.05257773399353027
1778643630.6892955,106.14285588264465,2123,0.0,0.0,0.052954912185668945
1778643630.7421918,106.19575214385986,2124,0.0,0.0,0.05289626121520996
1778643630.7848623,106.23842263221741,2125,0.0,0.0,0.042670488357543945
1778643630.8377445,106.29130482673645,2126,0.0,0.0,0.05288219451904297
1778643630.889737,106.34329724311829,2127,0.0,0.0,0.05199241638183594
1778643630.9318824,106.38544273376465,2128,0.0,0.0,0.042145490646362305
1778643630.9846842,106.43824458122253,2129,0.0,0.0,0.05280184745788574
1778643631.0372114,106.4907717704773,2130,0.0,0.0,0.05252718925476074
1778643631.089443,106.54300332069397,2131,0.0,0.0,0.052231550216674805
1778643631.1418946,106.59545493125916,2132,0.0,0.0,0.05245161056518555
1778643631.18392,106.63748025894165,2133,0.0,0.0,0.04202532768249512
1778643631.2381983,106.69175863265991,2134,0.0,0.0,0.05427837371826172
1778643631.2899735,106.74353384971619,2135,0.0,0.0,0.051775217056274414
1778643631.331915,106.78547525405884,2136,0.0,0.0,0.04194140434265137
1778643631.3839746,106.83753490447998,2137,0.0,0.0,0.05205965042114258
1778643631.4362679,106.88982820510864,2138,0.0,0.0,0.05229330062866211
1778643631.4888353,106.94239568710327,2139,0.0,0.0,0.052567481994628906
1778643631.54174,106.99530029296875,2140,0.0,0.0,0.052904605865478516
1778643631.5837717,107.03733205795288,2141,0.0,0.0,0.04203176498413086
1778643631.6362255,107.08978581428528,2142,0.0,0.0,0.05245375633239746
1778643631.6890388,107.14259910583496,2143,0.0,0.0,0.05281329154968262
1778643631.741173,107.19473338127136,2144,0.0,0.0,0.05213427543640137
1778643631.7832007,107.23676109313965,2145,0.0,0.0,0.04202771186828613
1778643631.836953,107.29051327705383,2146,0.0,0.0,0.05375218391418457
1778643631.8891778,107.3427381515503,2147,0.0,0.0,0.05222487449645996
1778643631.941577,107.39513731002808,2148,0.0,0.0,0.0523991584777832
1778643631.983754,107.43731427192688,2149,0.0,0.0,0.04217696189880371
1778643632.036582,107.49014234542847,2150,0.0,0.0,0.052828073501586914
1778643632.0894632,107.5430235862732,2151,0.0,0.0,0.05288124084472656
1778643632.1323245,107.58588480949402,2152,0.0,0.0,0.042861223220825195
1778643632.1848106,107.63837099075317,2153,0.0,0.0,0.05248618125915527
1778643632.2375195,107.69107985496521,2154,0.0,0.0,0.05270886421203613
1778643632.2902477,107.74380803108215,2155,0.0,0.0,0.05272817611694336
1778643632.3337185,107.78727889060974,2156,0.0,0.0,0.04347085952758789
1778643632.3896933,107.84325361251831,2157,0.0,0.0,0.055974721908569336
1778643632.4427016,107.8962619304657,2158,0.0,0.0,0.053008317947387695
1778643632.4849298,107.93849015235901,2159,0.0,0.0,0.04222822189331055
1778643632.5371323,107.99069261550903,2160,0.0,0.0,0.052202463150024414
1778643632.5888526,108.04241299629211,2161,0.0,0.0,0.051720380783081055
1778643632.6412647,108.09482502937317,2162,0.0,0.0,0.05241203308105469
1778643632.6832023,108.13676261901855,2163,0.0,0.0,0.04193758964538574
1778643632.7357702,108.18933057785034,2164,0.0,0.0,0.05256795883178711
1778643632.788497,108.24205732345581,2165,0.0,0.0,0.05272674560546875
1778643632.8413398,108.2949001789093,2166,0.0,0.0,0.05284285545349121
1778643632.883567,108.3371274471283,2167,0.0,0.0,0.04222726821899414
1778643632.9368408,108.39040112495422,2168,0.0,0.0,0.053273677825927734
1778643632.9894354,108.44299578666687,2169,0.0,0.0,0.052594661712646484
1778643633.042343,108.4959032535553,2170,0.0,0.0,0.052907466888427734
1778643633.0848758,108.5384361743927,2171,0.0,0.0,0.042532920837402344
1778643633.1376345,108.59119486808777,2172,0.0,0.0,0.05275869369506836
1778643633.1903448,108.64390516281128,2173,0.0,0.0,0.05271029472351074
1778643633.232276,108.68583631515503,2174,0.0,0.0,0.04193115234375
1778643633.2844985,108.7380588054657,2175,0.0,0.0,0.052222490310668945
1778643633.3373075,108.79086780548096,2176,0.0,0.0,0.05280900001525879
1778643633.3901854,108.84374570846558,2177,0.0,0.0,0.05287790298461914
1778643633.4327583,108.88631868362427,2178,0.0,0.0,0.042572975158691406
1778643633.485444,108.93900442123413,2179,0.0,0.0,0.05268573760986328
1778643633.5379767,108.99153709411621,2180,0.0,0.0,0.05253267288208008
1778643633.590976,109.04453635215759,2181,0.0,0.0,0.052999258041381836
1778643633.6328044,109.08636474609375,2182,0.0,0.0,0.04182839393615723
1778643633.685716,109.13927626609802,2183,0.0,0.0,0.05291152000427246
1778643633.7383413,109.19190168380737,2184,0.0,0.0,0.052625417709350586
1778643633.7909489,109.24450922012329,2185,0.0,0.0,0.05260753631591797
1778643633.8329642,109.28652453422546,2186,0.0,0.0,0.04201531410217285
1778643633.8856401,109.33920049667358,2187,0.0,0.0,0.05267596244812012
1778643633.9381795,109.39173984527588,2188,0.0,0.0,0.05253934860229492
1778643633.9904647,109.44402503967285,2189,0.0,0.0,0.052285194396972656
1778643634.0326307,109.48619103431702,2190,0.0,0.0,0.04216599464416504
1778643634.0856612,109.53922152519226,2191,0.0,0.0,0.05303049087524414
1778643634.138676,109.59223628044128,2192,0.0,0.0,0.05301475524902344
1778643634.191402,109.64496231079102,2193,0.0,0.0,0.052726030349731445
1778643634.2335098,109.68707013130188,2194,0.0,0.0,0.04210782051086426
1778643634.286227,109.73978734016418,2195,0.0,0.0,0.05271720886230469
1778643634.339101,109.79266142845154,2196,0.0,0.0,0.052874088287353516
1778643634.3923037,109.8458640575409,2197,0.0,0.0,0.05320262908935547
1778643634.4357183,109.88927865028381,2198,0.0,0.0,0.04341459274291992
1778643634.4874005,109.94096088409424,2199,0.0,0.0,0.051682233810424805
1778643634.5405564,109.99411678314209,2200,0.0,0.0,0.05315589904785156
1778643634.5826297,110.03619003295898,2201,0.0,0.0,0.04207324981689453
1778643634.634519,110.08807945251465,2202,0.0,0.0,0.05188941955566406
1778643634.6872118,110.1407721042633,2203,0.0,0.0,0.05269265174865723
1778643634.7391493,110.19270968437195,2204,0.0,0.0,0.05193758010864258
1778643634.7911537,110.24471402168274,2205,0.0,0.0,0.052004337310791016
1778643634.8325787,110.28613901138306,2206,0.0,0.0,0.04142498970031738
1778643634.885875,110.339435338974,2207,0.0,0.0,0.05329632759094238
1778643634.9370956,110.39065599441528,2208,0.0,0.0,0.05122065544128418
1778643634.9896863,110.44324660301208,2209,0.0,0.0,0.05259060859680176
1778643635.0318923,110.48545265197754,2210,0.0,0.0,0.0422060489654541
1778643635.084473,110.53803324699402,2211,0.0,0.0,0.05258059501647949
1778643635.1369202,110.59048056602478,2212,0.0,0.0,0.05244731903076172
1778643635.1898685,110.64342880249023,2213,0.0,0.0,0.0529482364654541
1778643635.2422478,110.69580817222595,2214,0.0,0.0,0.05237936973571777
1778643635.2844815,110.73804187774658,2215,0.0,0.0,0.04223370552062988
1778643635.3371584,110.79071879386902,2216,0.0,0.0,0.05267691612243652
1778643635.390108,110.84366846084595,2217,0.0,0.0,0.05294966697692871
1778643635.4324546,110.88601493835449,2218,0.0,0.0,0.04234647750854492
1778643635.4855409,110.93910121917725,2219,0.0,0.0,0.053086280822753906
1778643635.5384324,110.99199271202087,2220,0.0,0.0,0.05289149284362793
1778643635.5910459,111.04460620880127,2221,0.0,0.0,0.05261349678039551
1778643635.6329608,111.08652114868164,2222,0.0,0.0,0.041914939880371094
1778643635.6858695,111.13942980766296,2223,0.0,0.0,0.05290865898132324
1778643635.7385774,111.19213771820068,2224,0.0,0.0,0.05270791053771973
1778643635.7912374,111.244797706604,2225,0.0,0.0,0.05265998840332031
1778643635.8332582,111.2868185043335,2226,0.0,0.0,0.04202079772949219
1778643635.8857543,111.33931469917297,2227,0.0,0.0,0.05249619483947754
1778643635.9383664,111.3919267654419,2228,0.0,0.0,0.0526120662689209
1778643635.9915001,111.44506049156189,2229,0.0,0.0,0.05313372611999512
1778643636.034062,111.48762226104736,2230,0.0,0.0,0.04256176948547363
1778643636.0874794,111.54103970527649,2231,0.0,0.0,0.05341744422912598
1778643636.1389065,111.59246683120728,2232,0.0,0.0,0.05142712593078613
1778643636.191501,111.64506125450134,2233,0.0,0.0,0.05259442329406738
1778643636.2339575,111.68751788139343,2234,0.0,0.0,0.042456626892089844
1778643636.2869203,111.74048066139221,2235,0.0,0.0,0.0529627799987793
1778643636.339645,111.79320526123047,2236,0.0,0.0,0.052724599838256836
1778643636.3925605,111.84612083435059,2237,0.0,0.0,0.05291557312011719
1778643636.4355147,111.88907504081726,2238,0.0,0.0,0.042954206466674805
1778643636.4880269,111.94158720970154,2239,0.0,0.0,0.052512168884277344
1778643636.540713,111.99427342414856,2240,0.0,0.0,0.052686214447021484
1778643636.5825224,112.03608274459839,2241,0.0,0.0,0.0418093204498291
1778643636.635247,112.08880734443665,2242,0.0,0.0,0.052724599838256836
1778643636.687961,112.14152145385742,2243,0.0,0.0,0.05271410942077637
1778643636.7408276,112.19438791275024,2244,0.0,0.0,0.052866458892822266
1778643636.7834446,112.23700499534607,2245,0.0,0.0,0.042617082595825195
1778643636.8357868,112.28934717178345,2246,0.0,0.0,0.05234217643737793
1778643636.8882725,112.34183287620544,2247,0.0,0.0,0.05248570442199707
1778643636.9408672,112.39442753791809,2248,0.0,0.0,0.052594661712646484
1778643636.9828951,112.43645548820496,2249,0.0,0.0,0.042027950286865234
1778643637.0353966,112.48895692825317,2250,0.0,0.0,0.05250144004821777
1778643637.0879104,112.5414707660675,2251,0.0,0.0,0.052513837814331055
1778643637.1402094,112.59376978874207,2252,0.0,0.0,0.05229902267456055
1778643637.1822395,112.63579988479614,2253,0.0,0.0,0.04203009605407715
1778643637.2351334,112.68869376182556,2254,0.0,0.0,0.052893877029418945
1778643637.2876382,112.74119853973389,2255,0.0,0.0,0.052504777908325195
1778643637.3401978,112.7937581539154,2256,0.0,0.0,0.052559614181518555
1778643637.3823457,112.83590602874756,2257,0.0,0.0,0.04214787483215332
1778643637.4348428,112.88840317726135,2258,0.0,0.0,0.052497148513793945
1778643637.4876213,112.94118165969849,2259,0.0,0.0,0.05277848243713379
1778643637.5402114,112.99377179145813,2260,0.0,0.0,0.052590131759643555
1778643637.5823154,113.03587579727173,2261,0.0,0.0,0.04210400581359863
1778643637.6346958,113.08825612068176,2262,0.0,0.0,0.05238032341003418
1778643637.686766,113.14032626152039,2263,0.0,0.0,0.05207014083862305
1778643637.741666,113.19522643089294,2264,0.0,0.0,0.054900169372558594
1778643637.782275,113.235835313797,2265,0.0,0.0,0.040608882904052734
1778643637.8353992,113.28895950317383,2266,0.0,0.0,0.053124189376831055
1778643637.887645,113.34120535850525,2267,0.0,0.0,0.0522458553314209
1778643637.9402494,113.39380979537964,2268,0.0,0.0,0.05260443687438965
1778643637.9822679,113.43582820892334,2269,0.0,0.0,0.04201841354370117
1778643638.035303,113.48886346817017,2270,0.0,0.0,0.05303525924682617
1778643638.088625,113.54218530654907,2271,0.0,0.0,0.05332183837890625
1778643638.1419773,113.5955376625061,2272,0.0,0.0,0.05335235595703125
1778643638.1837928,113.63735318183899,2273,0.0,0.0,0.04181551933288574
1778643638.2358608,113.6894211769104,2274,0.0,0.0,0.05206799507141113
1778643638.2883744,113.74193477630615,2275,0.0,0.0,0.05251359939575195
1778643638.341222,113.79478240013123,2276,0.0,0.0,0.05284762382507324
1778643638.3836982,113.8372585773468,2277,0.0,0.0,0.04247617721557617
1778643638.4388385,113.89239883422852,2278,0.0,0.0,0.05514025688171387
1778643638.4912922,113.94485259056091,2279,0.0,0.0,0.05245375633239746
1778643638.5335019,113.98706221580505,2280,0.0,0.0,0.042209625244140625
1778643638.586026,114.03958630561829,2281,0.0,0.0,0.05252408981323242
1778643638.6384027,114.09196305274963,2282,0.0,0.0,0.052376747131347656
1778643638.6906123,114.14417266845703,2283,0.0,0.0,0.05220961570739746
1778643638.7330177,114.18657803535461,2284,0.0,0.0,0.04240536689758301
1778643638.7861753,114.23973560333252,2285,0.0,0.0,0.05315756797790527
1778643638.8387759,114.29233622550964,2286,0.0,0.0,0.05260062217712402
1778643638.8915727,114.34513306617737,2287,0.0,0.0,0.05279684066772461
1778643638.934039,114.3875994682312,2288,0.0,0.0,0.04246640205383301
1778643638.9875906,114.44115090370178,2289,0.0,0.0,0.053551435470581055
1778643639.0406604,114.49422073364258,2290,0.0,0.0,0.0530698299407959
1778643639.0821488,114.53570914268494,2291,0.0,0.0,0.0414884090423584
1778643639.1348267,114.58838701248169,2292,0.0,0.0,0.05267786979675293
1778643639.1879022,114.64146256446838,2293,0.0,0.0,0.053075551986694336
1778643639.2409334,114.69449377059937,2294,0.0,0.0,0.053031206130981445
1778643639.283377,114.7369372844696,2295,0.0,0.0,0.04244351387023926
1778643639.336194,114.78975439071655,2296,0.0,0.0,0.05281710624694824
1778643639.3887994,114.84235978126526,2297,0.0,0.0,0.052605390548706055
1778643639.441277,114.89483737945557,2298,0.0,0.0,0.05247759819030762
1778643639.4838912,114.93745160102844,2299,0.0,0.0,0.04261422157287598
1778643639.535923,114.98948335647583,2300,0.0,0.0,0.052031755447387695
1778643639.5886354,115.04219579696655,2301,0.0,0.0,0.052712440490722656
1778643639.641257,115.09481739997864,2302,0.0,0.0,0.05262160301208496
1778643639.6835742,115.13713455200195,2303,0.0,0.0,0.04231715202331543
1778643639.7363138,115.1898741722107,2304,0.0,0.0,0.052739620208740234
1778643639.7896483,115.24320864677429,2305,0.0,0.0,0.05333447456359863
1778643639.8422818,115.29584217071533,2306,0.0,0.0,0.05263352394104004
1778643639.8844807,115.33804106712341,2307,0.0,0.0,0.042198896408081055
1778643639.936956,115.39051628112793,2308,0.0,0.0,0.0524752140045166
1778643639.9894106,115.44297099113464,2309,0.0,0.0,0.05245471000671387
1778643640.0421157,115.49567604064941,2310,0.0,0.0,0.05270504951477051
1778643640.084815,115.53837537765503,2311,0.0,0.0,0.042699337005615234
1778643640.1371632,115.59072351455688,2312,0.0,0.0,0.05234813690185547
1778643640.189693,115.64325332641602,2313,0.0,0.0,0.05252981185913086
1778643640.2321768,115.68573713302612,2314,0.0,0.0,0.04248380661010742
1778643640.2850025,115.73856282234192,2315,0.0,0.0,0.0528256893157959
1778643640.3377264,115.79128670692444,2316,0.0,0.0,0.05272388458251953
1778643640.3906622,115.84422254562378,2317,0.0,0.0,0.05293583869934082
1778643640.4326596,115.88621997833252,2318,0.0,0.0,0.041997432708740234
1778643640.4855344,115.93909478187561,2319,0.0,0.0,0.05287480354309082
1778643640.53824,115.99180030822754,2320,0.0,0.0,0.05270552635192871
1778643640.5913608,116.04492115974426,2321,0.0,0.0,0.05312085151672363
1778643640.6333327,116.08689308166504,2322,0.0,0.0,0.04197192192077637
1778643640.686105,116.13966536521912,2323,0.0,0.0,0.05277228355407715
1778643640.7388282,116.1923885345459,2324,0.0,0.0,0.05272316932678223
1778643640.7919433,116.24550366401672,2325,0.0,0.0,0.053115129470825195
1778643640.8344336,116.28799390792847,2326,0.0,0.0,0.042490243911743164
1778643640.8872519,116.34081220626831,2327,0.0,0.0,0.05281829833984375
1778643640.940229,116.39378929138184,2328,0.0,0.0,0.05297708511352539
1778643640.9820342,116.43559455871582,2329,0.0,0.0,0.041805267333984375
1778643641.035748,116.48930835723877,2330,0.0,0.0,0.05371379852294922
1778643641.0887945,116.54235482215881,2331,0.0,0.0,0.053046464920043945
1778643641.1416414,116.59520173072815,2332,0.0,0.0,0.05284690856933594
1778643641.1840386,116.63759899139404,2333,0.0,0.0,0.042397260665893555
1778643641.236383,116.68994331359863,2334,0.0,0.0,0.052344322204589844
1778643641.2890778,116.7426381111145,2335,0.0,0.0,0.05269479751586914
1778643641.3416498,116.79521012306213,2336,0.0,0.0,0.052572011947631836
1778643641.3838022,116.83736252784729,2337,0.0,0.0,0.04215240478515625
1778643641.4370887,116.89064908027649,2338,0.0,0.0,0.05328655242919922
1778643641.4900255,116.94358587265015,2339,0.0,0.0,0.05293679237365723
1778643641.5320494,116.98560976982117,2340,0.0,0.0,0.04202389717102051
1778643641.5850854,117.03864574432373,2341,0.0,0.0,0.05303597450256348
1778643641.6380122,117.09157252311707,2342,0.0,0.0,0.05292677879333496
1778643641.690683,117.14424324035645,2343,0.0,0.0,0.05267071723937988
1778643641.7328587,117.18641901016235,2344,0.0,0.0,0.0421757698059082
1778643641.7853532,117.23891353607178,2345,0.0,0.0,0.05249452590942383
1778643641.8382354,117.29179573059082,2346,0.0,0.0,0.05288219451904297
1778643641.8908477,117.34440803527832,2347,0.0,0.0,0.0526123046875
1778643641.9332173,117.38677763938904,2348,0.0,0.0,0.04236960411071777
1778643641.9860084,117.43956875801086,2349,0.0,0.0,0.05279111862182617
1778643642.0387313,117.49229168891907,2350,0.0,0.0,0.052722930908203125
1778643642.0913568,117.54491710662842,2351,0.0,0.0,0.052625417709350586
1778643642.1337008,117.58726119995117,2352,0.0,0.0,0.042344093322753906
1778643642.1864567,117.64001703262329,2353,0.0,0.0,0.05275583267211914
1778643642.239053,117.69261336326599,2354,0.0,0.0,0.052596330642700195
1778643642.2918508,117.74541115760803,2355,0.0,0.0,0.052797794342041016
1778643642.3339605,117.78752088546753,2356,0.0,0.0,0.04210972785949707
1778643642.387608,117.84116840362549,2357,0.0,0.0,0.053647518157958984
1778643642.439415,117.89297533035278,2358,0.0,0.0,0.05180692672729492
1778643642.4919968,117.94555711746216,2359,0.0,0.0,0.052581787109375
1778643642.5344331,117.98799347877502,2360,0.0,0.0,0.04243636131286621
1778643642.586985,118.04054546356201,2361,0.0,0.0,0.052551984786987305
1778643642.6399305,118.09349083900452,2362,0.0,0.0,0.05294537544250488
1778643642.6820817,118.13564205169678,2363,0.0,0.0,0.04215121269226074
1778643642.7340708,118.1876311302185,2364,0.0,0.0,0.051989078521728516
1778643642.788878,118.24243831634521,2365,0.0,0.0,0.054807186126708984
1778643642.8426785,118.29623889923096,2366,0.0,0.0,0.05380058288574219
1778643642.8849525,118.33851289749146,2367,0.0,0.0,0.04227399826049805
1778643642.938259,118.39181923866272,2368,0.0,0.0,0.05330634117126465
1778643642.9906704,118.44423079490662,2369,0.0,0.0,0.052411556243896484
1778643643.0327618,118.48632216453552,2370,0.0,0.0,0.04209136962890625
1778643643.0856445,118.53920483589172,2371,0.0,0.0,0.05288267135620117
1778643643.138416,118.59197640419006,2372,0.0,0.0,0.052771568298339844
1778643643.1912167,118.64477705955505,2373,0.0,0.0,0.052800655364990234
1778643643.2336833,118.68724370002747,2374,0.0,0.0,0.04246664047241211
1778643643.2884638,118.74202418327332,2375,0.0,0.0,0.05478048324584961
1778643643.3401036,118.79366397857666,2376,0.0,0.0,0.05163979530334473
1778643643.3826194,118.83617973327637,2377,0.0,0.0,0.04251575469970703
1778643643.4356782,118.88923859596252,2378,0.0,0.0,0.05305886268615723
1778643643.4883862,118.94194650650024,2379,0.0,0.0,0.05270791053771973
1778643643.5408347,118.9943950176239,2380,0.0,0.0,0.05244851112365723
1778643643.5830681,119.03662848472595,2381,0.0,0.0,0.04223346710205078
1778643643.635488,119.08904838562012,2382,0.0,0.0,0.05241990089416504
1778643643.688315,119.14187526702881,2383,0.0,0.0,0.052826881408691406
1778643643.741961,119.1955213546753,2384,0.0,0.0,0.053646087646484375
1778643643.7848494,119.23840975761414,2385,0.0,0.0,0.04288840293884277
1778643643.839034,119.29259443283081,2386,0.0,0.0,0.054184675216674805
1778643643.8931532,119.34671354293823,2387,0.0,0.0,0.054119110107421875
1778643643.9362655,119.38982582092285,2388,0.0,0.0,0.04311227798461914
1778643643.9890187,119.4425790309906,2389,0.0,0.0,0.05275321006774902
1778643644.041689,119.49524927139282,2390,0.0,0.0,0.05267024040222168
1778643644.0840828,119.53764319419861,2391,0.0,0.0,0.04239392280578613
1778643644.1368241,119.5903844833374,2392,0.0,0.0,0.052741289138793945
1778643644.1907377,119.64429807662964,2393,0.0,0.0,0.05391359329223633
1778643644.2319546,119.6855149269104,2394,0.0,0.0,0.04121685028076172
1778643644.2848344,119.73839473724365,2395,0.0,0.0,0.05287981033325195
1778643644.3378503,119.79141068458557,2396,0.0,0.0,0.053015947341918945
1778643644.3909416,119.84450197219849,2397,0.0,0.0,0.05309128761291504
1778643644.4334376,119.88699793815613,2398,0.0,0.0,0.0424959659576416
1778643644.4874682,119.9410285949707,2399,0.0,0.0,0.054030656814575195
1778643644.5402207,119.99378108978271,2400,0.0,0.0,0.05275249481201172
1778643644.5820382,120.03559851646423,2401,0.0,0.0,0.041817426681518555
1778643644.6345844,120.08814477920532,2402,0.0,0.0,0.05254626274108887
1778643644.6869988,120.14055919647217,2403,0.0,0.0,0.0524144172668457
1778643644.7402182,120.19377851486206,2404,0.0,0.0,0.05321931838989258
1778643644.7824104,120.23597073554993,2405,0.0,0.0,0.04219222068786621
1778643644.8354673,120.28902769088745,2406,0.0,0.0,0.053056955337524414
1778643644.8888164,120.34237670898438,2407,0.0,0.0,0.05334901809692383
1778643644.9413662,120.39492654800415,2408,0.0,0.0,0.05254983901977539
1778643644.983303,120.4368634223938,2409,0.0,0.0,0.04193687438964844
1778643645.0358517,120.48941206932068,2410,0.0,0.0,0.05254864692687988
1778643645.0886521,120.54221248626709,2411,0.0,0.0,0.05280041694641113
1778643645.1413596,120.59491991996765,2412,0.0,0.0,0.05270743370056152
1778643645.1839972,120.63755750656128,2413,0.0,0.0,0.04263758659362793
1778643645.2364337,120.68999409675598,2414,0.0,0.0,0.05243659019470215
1778643645.2888527,120.74241304397583,2415,0.0,0.0,0.05241894721984863
1778643645.342672,120.79623246192932,2416,0.0,0.0,0.05381941795349121
1778643645.3856108,120.83917117118835,2417,0.0,0.0,0.0429387092590332
1778643645.4378164,120.89137673377991,2418,0.0,0.0,0.052205562591552734
1778643645.4900677,120.94362807273865,2419,0.0,0.0,0.052251338958740234
1778643645.5323148,120.9858751296997,2420,0.0,0.0,0.04224705696105957
1778643645.5847077,121.03826808929443,2421,0.0,0.0,0.05239295959472656
1778643645.6373727,121.09093308448792,2422,0.0,0.0,0.052664995193481445
1778643645.6903338,121.14389419555664,2423,0.0,0.0,0.052961111068725586
1778643645.7326598,121.18622016906738,2424,0.0,0.0,0.04232597351074219
1778643645.785407,121.23896741867065,2425,0.0,0.0,0.052747249603271484
1778643645.8382452,121.29180550575256,2426,0.0,0.0,0.05283808708190918
1778643645.8910298,121.34459018707275,2427,0.0,0.0,0.05278468132019043
1778643645.9329977,121.38655805587769,2428,0.0,0.0,0.04196786880493164
1778643645.9890068,121.44256711006165,2429,0.0,0.0,0.05600905418395996
1778643646.0410097,121.49457001686096,2430,0.0,0.0,0.052002906799316406
1778643646.0830886,121.53664898872375,2431,0.0,0.0,0.04207897186279297
1778643646.1356869,121.58924722671509,2432,0.0,0.0,0.05259823799133301
1778643646.1895714,121.64313173294067,2433,0.0,0.0,0.05388450622558594
1778643646.2416453,121.69520568847656,2434,0.0,0.0,0.05207395553588867
1778643646.283915,121.73747539520264,2435,0.0,0.0,0.04226970672607422
1778643646.3359182,121.78947854042053,2436,0.0,0.0,0.05200314521789551
1778643646.3887532,121.84231352806091,2437,0.0,0.0,0.05283498764038086
1778643646.4407327,121.89429306983948,2438,0.0,0.0,0.05197954177856445
1778643646.4832249,121.93678522109985,2439,0.0,0.0,0.04249215126037598
1778643646.536009,121.98956942558289,2440,0.0,0.0,0.05278420448303223
1778643646.5888922,122.04245257377625,2441,0.0,0.0,0.052883148193359375
1778643646.6417577,122.09531807899475,2442,0.0,0.0,0.05286550521850586
1778643646.6842535,122.13781380653381,2443,0.0,0.0,0.0424957275390625
1778643646.7375448,122.1911051273346,2444,0.0,0.0,0.05329132080078125
1778643646.79012,122.24368023872375,2445,0.0,0.0,0.052575111389160156
1778643646.8321218,122.2856822013855,2446,0.0,0.0,0.042001962661743164
1778643646.8852885,122.33884882926941,2447,0.0,0.0,0.05316662788391113
1778643646.9415522,122.39511251449585,2448,0.0,0.0,0.05626368522644043
1778643646.9835336,122.43709397315979,2449,0.0,0.0,0.04198145866394043
1778643647.037285,122.49084544181824,2450,0.0,0.0,0.053751468658447266
1778643647.0888782,122.54243850708008,2451,0.0,0.0,0.05159306526184082
1778643647.1419523,122.5955126285553,2452,0.0,0.0,0.05307412147521973
1778643647.183816,122.63737630844116,2453,0.0,0.0,0.04186367988586426
1778643647.2359376,122.68949794769287,2454,0.0,0.0,0.052121639251708984
1778643647.2906575,122.74421787261963,2455,0.0,0.0,0.05471992492675781
1778643647.3327396,122.78629994392395,2456,0.0,0.0,0.04208207130432129
1778643647.3849788,122.83853912353516,2457,0.0,0.0,0.052239179611206055
1778643647.4373605,122.89092087745667,2458,0.0,0.0,0.05238175392150879
1778643647.490096,122.94365644454956,2459,0.0,0.0,0.05273556709289551
1778643647.5320544,122.98561477661133,2460,0.0,0.0,0.04195833206176758
1778643647.5847242,123.03828454017639,2461,0.0,0.0,0.05266976356506348
1778643647.6371822,123.09074258804321,2462,0.0,0.0,0.05245804786682129
1778643647.6895127,123.14307308197021,2463,0.0,0.0,0.05233049392700195
1778643647.7417681,123.1953284740448,2464,0.0,0.0,0.05225539207458496
1778643647.7844071,123.2379674911499,2465,0.0,0.0,0.04263901710510254
1778643647.8375528,123.29111313819885,2466,0.0,0.0,0.053145647048950195
1778643647.890526,123.34408640861511,2467,0.0,0.0,0.052973270416259766
1778643647.9325936,123.38615393638611,2468,0.0,0.0,0.042067527770996094
1778643647.9853177,123.4388780593872,2469,0.0,0.0,0.05272412300109863
1778643648.0380435,123.49160385131836,2470,0.0,0.0,0.052725791931152344
1778643648.0911052,123.54466557502747,2471,0.0,0.0,0.053061723709106445
1778643648.133352,123.58691239356995,2472,0.0,0.0,0.04224681854248047
1778643648.1862986,123.63985896110535,2473,0.0,0.0,0.05294656753540039
1778643648.2387795,123.69233989715576,2474,0.0,0.0,0.05248093605041504
1778643648.2916071,123.74516749382019,2475,0.0,0.0,0.05282759666442871
1778643648.3330383,123.78659868240356,2476,0.0,0.0,0.04143118858337402
1778643648.3857822,123.83934259414673,2477,0.0,0.0,0.05274391174316406
1778643648.438475,123.89203524589539,2478,0.0,0.0,0.05269265174865723
1778643648.4915621,123.94512248039246,2479,0.0,0.0,0.05308723449707031
1778643648.534078,123.98763823509216,2480,0.0,0.0,0.04251575469970703
1778643648.5865836,124.0401439666748,2481,0.0,0.0,0.0525057315826416
1778643648.6399925,124.09355282783508,2482,0.0,0.0,0.05340886116027832
1778643648.6921592,124.14571952819824,2483,0.0,0.0,0.05216670036315918
1778643648.7343357,124.18789601325989,2484,0.0,0.0,0.04217648506164551
1778643648.7867682,124.24032855033875,2485,0.0,0.0,0.05243253707885742
1778643648.8402116,124.293771982193,2486,0.0,0.0,0.05344343185424805
1778643648.882077,124.33563733100891,2487,0.0,0.0,0.04186534881591797
1778643648.9347024,124.38826274871826,2488,0.0,0.0,0.052625417709350586
1778643648.9876294,124.44118976593018,2489,0.0,0.0,0.05292701721191406
1778643649.0412788,124.49483919143677,2490,0.0,0.0,0.0536494255065918
1778643649.0830843,124.53664469718933,2491,0.0,0.0,0.04180550575256348
1778643649.1357183,124.58927869796753,2492,0.0,0.0,0.05263400077819824
1778643649.1883717,124.64193201065063,2493,0.0,0.0,0.05265331268310547
1778643649.2413669,124.69492721557617,2494,0.0,0.0,0.05299520492553711
1778643649.2833292,124.73688960075378,2495,0.0,0.0,0.041962385177612305
1778643649.3359485,124.78950881958008,2496,0.0,0.0,0.052619218826293945
1778643649.3890736,124.84263396263123,2497,0.0,0.0,0.05312514305114746
1778643649.4417775,124.8953378200531,2498,0.0,0.0,0.052703857421875
1778643649.4837458,124.93730616569519,2499,0.0,0.0,0.041968345642089844
1778643649.5364153,124.98997569084167,2500,0.0,0.0,0.052669525146484375
1778643649.5892413,125.04280161857605,2501,0.0,0.0,0.052825927734375
1778643649.6418033,125.09536361694336,2502,0.0,0.0,0.05256199836730957
1778643649.6843133,125.13787364959717,2503,0.0,0.0,0.042510032653808594
1778643649.737416,125.19097638130188,2504,0.0,0.0,0.053102731704711914
1778643649.79063,125.24419045448303,2505,0.0,0.0,0.053214073181152344
1778643649.8328207,125.28638100624084,2506,0.0,0.0,0.0421905517578125
1778643649.8860881,125.33964848518372,2507,0.0,0.0,0.053267478942871094
1778643649.939186,125.39274644851685,2508,0.0,0.0,0.05309796333312988
1778643649.992669,125.44622945785522,2509,0.0,0.0,0.053483009338378906
1778643650.0341086,125.48766899108887,2510,0.0,0.0,0.04143953323364258
1778643650.0866547,125.54021501541138,2511,0.0,0.0,0.052546024322509766
1778643650.1392658,125.59282612800598,2512,0.0,0.0,0.05261111259460449
1778643650.191841,125.64540123939514,2513,0.0,0.0,0.052575111389160156
1778643650.2342527,125.68781304359436,2514,0.0,0.0,0.04241180419921875
1778643650.2864974,125.74005770683289,2515,0.0,0.0,0.05224466323852539
1778643650.3391037,125.79266405105591,2516,0.0,0.0,0.05260634422302246
1778643650.3919172,125.84547758102417,2517,0.0,0.0,0.05281352996826172
1778643650.4340549,125.88761520385742,2518,0.0,0.0,0.04213762283325195
1778643650.4876635,125.94122385978699,2519,0.0,0.0,0.05360865592956543
1778643650.5398235,125.99338388442993,2520,0.0,0.0,0.052160024642944336
1778643650.5820491,126.03560948371887,2521,0.0,0.0,0.04222559928894043
1778643650.635673,126.0892333984375,2522,0.0,0.0,0.05362391471862793
1778643650.6915066,126.14506697654724,2523,0.0,0.0,0.05583357810974121
1778643650.7400315,126.19359183311462,2524,0.0,0.0,0.04852485656738281
1778643650.7824113,126.23597168922424,2525,0.0,0.0,0.04237985610961914
1778643650.834437,126.28799724578857,2526,0.0,0.0,0.052025556564331055
1778643650.8870866,126.340646982193,2527,0.0,0.0,0.052649736404418945
1778643650.942651,126.39621138572693,2528,0.0,0.0,0.05556440353393555
1778643650.9877422,126.44130253791809,2529,0.0,0.0,0.04509115219116211
1778643651.043192,126.49675226211548,2530,0.0,0.0,0.055449724197387695
1778643651.0836182,126.53717851638794,2531,0.0,0.0,0.04042625427246094
1778643651.1361165,126.58967685699463,2532,0.0,0.0,0.05249834060668945
1778643651.188752,126.6423122882843,2533,0.0,0.0,0.05263543128967285
1778643651.2420547,126.69561505317688,2534,0.0,0.0,0.053302764892578125
1778643651.285171,126.73873138427734,2535,0.0,0.0,0.04311633110046387
1778643651.3414397,126.79500007629395,2536,0.0,0.0,0.05626869201660156
1778643651.383278,126.83683824539185,2537,0.0,0.0,0.04183816909790039
1778643651.4357476,126.88930797576904,2538,0.0,0.0,0.052469730377197266
1778643651.4881866,126.94174695014954,2539,0.0,0.0,0.052438974380493164
1778643651.5408401,126.99440050125122,2540,0.0,0.0,0.05265355110168457
1778643651.5829537,127.03651404380798,2541,0.0,0.0,0.042113542556762695
1778643651.635624,127.0891842842102,2542,0.0,0.0,0.05267024040222168
1778643651.6879752,127.14153552055359,2543,0.0,0.0,0.05235123634338379
1778643651.7405686,127.19412899017334,2544,0.0,0.0,0.05259346961975098
1778643651.782711,127.23627138137817,2545,0.0,0.0,0.042142391204833984
1778643651.8353736,127.28893399238586,2546,0.0,0.0,0.05266261100769043
1778643651.88827,127.34183025360107,2547,0.0,0.0,0.05289626121520996
1778643651.9411194,127.39467978477478,2548,0.0,0.0,0.052849531173706055
1778643651.9838305,127.43739080429077,2549,0.0,0.0,0.04271101951599121
1778643652.0369904,127.49055075645447,2550,0.0,0.0,0.05315995216369629
1778643652.0898697,127.54343008995056,2551,0.0,0.0,0.05287933349609375
1778643652.1318333,127.58539366722107,2552,0.0,0.0,0.04196357727050781
1778643652.1848166,127.63837695121765,2553,0.0,0.0,0.05298328399658203
1778643652.237204,127.69076442718506,2554,0.0,0.0,0.05238747596740723
1778643652.2900107,127.74357104301453,2555,0.0,0.0,0.05280661582946777
1778643652.3318212,127.78538155555725,2556,0.0,0.0,0.04181051254272461
1778643652.3842618,127.8378221988678,2557,0.0,0.0,0.052440643310546875
1778643652.4368336,127.89039397239685,2558,0.0,0.0,0.052571773529052734
1778643652.48988,127.9434404373169,2559,0.0,0.0,0.053046464920043945
1778643652.5323296,127.98588991165161,2560,0.0,0.0,0.0424494743347168
1778643652.5856557,128.03921604156494,2561,0.0,0.0,0.05332612991333008
1778643652.6378593,128.09141969680786,2562,0.0,0.0,0.05220365524291992
1778643652.6909206,128.1444809436798,2563,0.0,0.0,0.05306124687194824
1778643652.7329867,128.18654704093933,2564,0.0,0.0,0.042066097259521484
1778643652.7857878,128.23934817314148,2565,0.0,0.0,0.05280113220214844
1778643652.8386564,128.2922167778015,2566,0.0,0.0,0.05286860466003418
1778643652.8916273,128.34518766403198,2567,0.0,0.0,0.05297088623046875
1778643652.9342368,128.38779711723328,2568,0.0,0.0,0.042609453201293945
1778643652.9866843,128.44024467468262,2569,0.0,0.0,0.05244755744934082
1778643653.0391996,128.49275994300842,2570,0.0,0.0,0.052515268325805664
1778643653.0921097,128.54567003250122,2571,0.0,0.0,0.05291008949279785
1778643653.134531,128.5880913734436,2572,0.0,0.0,0.04242134094238281
1778643653.187737,128.64129734039307,2573,0.0,0.0,0.05320596694946289
1778643653.240184,128.69374442100525,2574,0.0,0.0,0.05244708061218262
1778643653.2824345,128.73599481582642,2575,0.0,0.0,0.04225039482116699
1778643653.3353112,128.78887152671814,2576,0.0,0.0,0.05287671089172363
1778643653.3880732,128.84163355827332,2577,0.0,0.0,0.05276203155517578
1778643653.44055,128.89411044120789,2578,0.0,0.0,0.05247688293457031
1778643653.4829428,128.93650317192078,2579,0.0,0.0,0.042392730712890625
1778643653.53564,128.98920035362244,2580,0.0,0.0,0.052697181701660156
1778643653.5884264,129.04198670387268,2581,0.0,0.0,0.05278635025024414
1778643653.6411798,129.094740152359,2582,0.0,0.0,0.052753448486328125
1778643653.6838431,129.13740348815918,2583,0.0,0.0,0.0426633358001709
1778643653.7365427,129.19010305404663,2584,0.0,0.0,0.05269956588745117
1778643653.7894015,129.24296188354492,2585,0.0,0.0,0.052858829498291016
1778643653.842087,129.2956473827362,2586,0.0,0.0,0.05268549919128418
1778643653.8845296,129.33808994293213,2587,0.0,0.0,0.04244256019592285
1778643653.9374323,129.39099264144897,2588,0.0,0.0,0.0529026985168457
1778643653.9902935,129.44385385513306,2589,0.0,0.0,0.05286121368408203
1778643654.0322556,129.4858160018921,2590,0.0,0.0,0.0419621467590332
1778643654.0862257,129.53978610038757,2591,0.0,0.0,0.0539700984954834
1778643654.1374469,129.59100723266602,2592,0.0,0.0,0.05122113227844238
1778643654.1900928,129.64365315437317,2593,0.0,0.0,0.05264592170715332
1778643654.231929,129.68548941612244,2594,0.0,0.0,0.04183626174926758
1778643654.2844748,129.73803520202637,2595,0.0,0.0,0.052545785903930664
1778643654.3370917,129.79065203666687,2596,0.0,0.0,0.05261683464050293
1778643654.3900144,129.84357476234436,2597,0.0,0.0,0.052922725677490234
1778643654.442355,129.89591526985168,2598,0.0,0.0,0.05234050750732422
1778643654.4845002,129.93806052207947,2599,0.0,0.0,0.0421452522277832
1778643654.5374024,129.99096274375916,2600,0.0,0.0,0.0529022216796875
1778643654.591789,130.04534935951233,2601,0.0,0.0,0.05438661575317383
1778643654.6329095,130.08646988868713,2602,0.0,0.0,0.04112052917480469
1778643654.6862245,130.13978481292725,2603,0.0,0.0,0.053314924240112305
1778643654.7392364,130.19279670715332,2604,0.0,0.0,0.05301189422607422
1778643654.7924335,130.24599385261536,2605,0.0,0.0,0.05319714546203613
1778643654.836712,130.29027223587036,2606,0.0,0.0,0.04427838325500488
1778643654.887816,130.34137630462646,2607,0.0,0.0,0.051104068756103516
1778643654.9402602,130.3938205242157,2608,0.0,0.0,0.0524442195892334
1778643654.982685,130.43624544143677,2609,0.0,0.0,0.042424917221069336
1778643655.0354142,130.48897457122803,2610,0.0,0.0,0.052729129791259766
1778643655.08811,130.5416703224182,2611,0.0,0.0,0.05269575119018555
1778643655.1408985,130.59445881843567,2612,0.0,0.0,0.052788496017456055
1778643655.183311,130.63687133789062,2613,0.0,0.0,0.042412519454956055
1778643655.2364204,130.68998074531555,2614,0.0,0.0,0.05310940742492676
1778643655.2899525,130.74351286888123,2615,0.0,0.0,0.05353212356567383
1778643655.3424807,130.7960410118103,2616,0.0,0.0,0.05252814292907715
1778643655.384352,130.8379123210907,2617,0.0,0.0,0.04187130928039551
1778643655.4370024,130.89056277275085,2618,0.0,0.0,0.05265045166015625
1778643655.489806,130.9433662891388,2619,0.0,0.0,0.05280351638793945
1778643655.5423899,130.99595022201538,2620,0.0,0.0,0.052583932876586914
1778643655.584719,131.03827929496765,2621,0.0,0.0,0.04232907295227051
1778643655.637337,131.09089732170105,2622,0.0,0.0,0.05261802673339844
1778643655.690743,131.14430332183838,2623,0.0,0.0,0.0534060001373291
1778643655.7325509,131.18611121177673,2624,0.0,0.0,0.04180788993835449
1778643655.7853665,131.2389268875122,2625,0.0,0.0,0.05281567573547363
1778643655.8381772,131.29173755645752,2626,0.0,0.0,0.0528106689453125
1778643655.890809,131.3443694114685,2627,0.0,0.0,0.05263185501098633
1778643655.9333677,131.38692808151245,2628,0.0,0.0,0.04255867004394531
1778643655.9877288,131.44128918647766,2629,0.0,0.0,0.05436110496520996
1778643656.0408967,131.49445700645447,2630,0.0,0.0,0.05316781997680664
1778643656.0827482,131.5363085269928,2631,0.0,0.0,0.04185152053833008
1778643656.1355956,131.5891559123993,2632,0.0,0.0,0.05284738540649414
1778643656.1879983,131.64155864715576,2633,0.0,0.0,0.05240273475646973
1778643656.2407484,131.69430875778198,2634,0.0,0.0,0.0527501106262207
1778643656.282756,131.73631644248962,2635,0.0,0.0,0.0420076847076416
1778643656.3357058,131.78926610946655,2636,0.0,0.0,0.05294966697692871
1778643656.3891184,131.8426787853241,2637,0.0,0.0,0.053412675857543945
1778643656.4413059,131.89486622810364,2638,0.0,0.0,0.052187442779541016
1778643656.4835498,131.93711018562317,2639,0.0,0.0,0.04224395751953125
1778643656.536099,131.9896593093872,2640,0.0,0.0,0.052549123764038086
1778643656.58916,132.04272031784058,2641,0.0,0.0,0.05306100845336914
1778643656.6421747,132.0957350730896,2642,0.0,0.0,0.05301475524902344
1778643656.6837778,132.1373381614685,2643,0.0,0.0,0.04160308837890625
1778643656.7361753,132.18973565101624,2644,0.0,0.0,0.05239748954772949
1778643656.788926,132.24248623847961,2645,0.0,0.0,0.052750587463378906
1778643656.8416343,132.2951946258545,2646,0.0,0.0,0.05270838737487793
1778643656.8840077,132.33756804466248,2647,0.0,0.0,0.0423734188079834
1778643656.9375155,132.39107584953308,2648,0.0,0.0,0.05350780487060547
1778643656.9895961,132.44315648078918,2649,0.0,0.0,0.052080631256103516
1778643657.0419812,132.4955415725708,2650,0.0,0.0,0.05238509178161621
1778643657.0845048,132.53806519508362,2651,0.0,0.0,0.04252362251281738
1778643657.137118,132.59067845344543,2652,0.0,0.0,0.052613258361816406
1778643657.1893365,132.64289689064026,2653,0.0,0.0,0.05221843719482422
1778643657.2423222,132.69588255882263,2654,0.0,0.0,0.05298566818237305
1778643657.2844243,132.7379846572876,2655,0.0,0.0,0.04210209846496582
1778643657.337429,132.7909893989563,2656,0.0,0.0,0.05300474166870117
1778643657.390592,132.84415245056152,2657,0.0,0.0,0.05316305160522461
1778643657.4332373,132.88679766654968,2658,0.0,0.0,0.04264521598815918
1778643657.486683,132.94024324417114,2659,0.0,0.0,0.05344557762145996
1778643657.5389514,132.99251174926758,2660,0.0,0.0,0.05226850509643555
1778643657.5920775,133.04563784599304,2661,0.0,0.0,0.05312609672546387
1778643657.634254,133.0878143310547,2662,0.0,0.0,0.04217648506164551
1778643657.6870034,133.14056372642517,2663,0.0,0.0,0.0527493953704834
1778643657.73995,133.19351029396057,2664,0.0,0.0,0.05294656753540039
1778643657.781823,133.23538327217102,2665,0.0,0.0,0.04187297821044922
1778643657.8344388,133.2879991531372,2666,0.0,0.0,0.05261588096618652
1778643657.8871908,133.34075117111206,2667,0.0,0.0,0.052752017974853516
1778643657.9413903,133.39495062828064,2668,0.0,0.0,0.0541994571685791
1778643657.9825625,133.4361228942871,2669,0.0,0.0,0.04117226600646973
1778643658.0355873,133.48914766311646,2670,0.0,0.0,0.0530247688293457
1778643658.08816,133.54172039031982,2671,0.0,0.0,0.05257272720336914
1778643658.1410763,133.59463667869568,2672,0.0,0.0,0.05291628837585449
1778643658.1826475,133.63620781898499,2673,0.0,0.0,0.04157114028930664
1778643658.235278,133.6888382434845,2674,0.0,0.0,0.05263042449951172
1778643658.2880647,133.7416250705719,2675,0.0,0.0,0.052786827087402344
1778643658.340694,133.79425430297852,2676,0.0,0.0,0.05262923240661621
1778643658.3830705,133.83663082122803,2677,0.0,0.0,0.04237651824951172
1778643658.4376197,133.89118003845215,2678,0.0,0.0,0.054549217224121094
1778643658.488679,133.94223928451538,2679,0.0,0.0,0.05105924606323242
1778643658.5412986,133.99485898017883,2680,0.0,0.0,0.05261969566345215
1778643658.5841897,134.03775000572205,2681,0.0,0.0,0.04289102554321289
1778643658.6373136,134.0908739566803,2682,0.0,0.0,0.05312395095825195
1778643658.6904554,134.14401578903198,2683,0.0,0.0,0.05314183235168457
1778643658.7323563,134.1859166622162,2684,0.0,0.0,0.0419008731842041
1778643658.7850804,134.23864078521729,2685,0.0,0.0,0.05272412300109863
1778643658.837731,134.29129123687744,2686,0.0,0.0,0.05265045166015625
1778643658.8902323,134.34379267692566,2687,0.0,0.0,0.05250144004821777
1778643658.9320812,134.38564157485962,2688,0.0,0.0,0.04184889793395996
1778643658.9849832,134.43854355812073,2689,0.0,0.0,0.0529019832611084
1778643659.0372787,134.4908390045166,2690,0.0,0.0,0.05229544639587402
1778643659.0896962,134.54325652122498,2691,0.0,0.0,0.05241751670837402
1778643659.1322768,134.5858371257782,2692,0.0,0.0,0.042580604553222656
1778643659.1854095,134.63896989822388,2693,0.0,0.0,0.05313277244567871
1778643659.2380247,134.69158506393433,2694,0.0,0.0,0.05261516571044922
1778643659.291021,134.74458146095276,2695,0.0,0.0,0.05299639701843262
1778643659.333183,134.78674340248108,2696,0.0,0.0,0.04216194152832031
1778643659.3859446,134.8395049571991,2697,0.0,0.0,0.05276155471801758
1778643659.4383688,134.89192914962769,2698,0.0,0.0,0.05242419242858887
1778643659.4914966,134.9450569152832,2699,0.0,0.0,0.05312776565551758
1778643659.5337918,134.98735213279724,2700,0.0,0.0,0.042295217514038086
1778643659.58597,135.0395302772522,2701,0.0,0.0,0.052178144454956055
1778643659.639515,135.09307527542114,2702,0.0,0.0,0.05354499816894531
1778643659.6913533,135.14491367340088,2703,0.0,0.0,0.05183839797973633
1778643659.7336984,135.18725872039795,2704,0.0,0.0,0.04234504699707031
1778643659.7869527,135.24051308631897,2705,0.0,0.0,0.05325436592102051
1778643659.8399367,135.2934970855713,2706,0.0,0.0,0.052983999252319336
1778643659.8825436,135.3361039161682,2707,0.0,0.0,0.04260683059692383
1778643659.935574,135.38913440704346,2708,0.0,0.0,0.05303049087524414
1778643659.9876378,135.44119811058044,2709,0.0,0.0,0.052063703536987305
1778643660.0401034,135.4936637878418,2710,0.0,0.0,0.05246567726135254
1778643660.0823736,135.53593397140503,2711,0.0,0.0,0.04227018356323242
1778643660.1353633,135.58892369270325,2712,0.0,0.0,0.05298972129821777
1778643660.1887457,135.64230608940125,2713,0.0,0.0,0.05338239669799805
1778643660.2402337,135.6937940120697,2714,0.0,0.0,0.05148792266845703
1778643660.2820907,135.73565101623535,2715,0.0,0.0,0.041857004165649414
1778643660.3350034,135.78856372833252,2716,0.0,0.0,0.05291271209716797
1778643660.3907807,135.8443410396576,2717,0.0,0.0,0.05577731132507324
1778643660.442046,135.89560627937317,2718,0.0,0.0,0.05126523971557617
1778643660.4835687,135.93712902069092,2719,0.0,0.0,0.04152274131774902
1778643660.5395231,135.99308347702026,2720,0.0,0.0,0.0559544563293457
1778643660.590895,136.0444552898407,2721,0.0,0.0,0.05137181282043457
1778643660.6329744,136.08653473854065,2722,0.0,0.0,0.04207944869995117
1778643660.6854777,136.1390380859375,2723,0.0,0.0,0.052503347396850586
1778643660.7399676,136.19352793693542,2724,0.0,0.0,0.054489850997924805
1778643660.791123,136.24468326568604,2725,0.0,0.0,0.05115532875061035
1778643660.833311,136.28687143325806,2726,0.0,0.0,0.042188167572021484
1778643660.885994,136.33955430984497,2727,0.0,0.0,0.05268287658691406
1778643660.9388077,136.3923680782318,2728,0.0,0.0,0.05281376838684082
1778643660.9915378,136.4450981616974,2729,0.0,0.0,0.05273008346557617
1778643661.033646,136.4872064590454,2730,0.0,0.0,0.04210829734802246
1778643661.0862303,136.53979063034058,2731,0.0,0.0,0.052584171295166016
1778643661.139052,136.59261226654053,2732,0.0,0.0,0.05282163619995117
1778643661.1914933,136.6450536251068,2733,0.0,0.0,0.05244135856628418
1778643661.2338758,136.6874361038208,2734,0.0,0.0,0.04238247871398926
1778643661.2877018,136.7412621974945,2735,0.0,0.0,0.053826093673706055
1778643661.3402588,136.79381918907166,2736,0.0,0.0,0.05255699157714844
1778643661.3918898,136.84545016288757,2737,0.0,0.0,0.05163097381591797
1778643661.4341962,136.88775658607483,2738,0.0,0.0,0.04230642318725586
1778643661.4865675,136.94012784957886,2739,0.0,0.0,0.05237126350402832
1778643661.5397568,136.99331712722778,2740,0.0,0.0,0.05318927764892578
1778643661.5821724,137.03573274612427,2741,0.0,0.0,0.042415618896484375
1778643661.6355023,137.08906269073486,2742,0.0,0.0,0.0533299446105957
1778643661.689641,137.14320135116577,2743,0.0,0.0,0.0541386604309082
1778643661.7419937,137.19555401802063,2744,0.0,0.0,0.0523526668548584
1778643661.7845206,137.23808097839355,2745,0.0,0.0,0.042526960372924805
1778643661.837005,137.29056525230408,2746,0.0,0.0,0.05248427391052246
1778643661.8905973,137.34415769577026,2747,0.0,0.0,0.05359244346618652
1778643661.9320648,137.38562512397766,2748,0.0,0.0,0.04146742820739746
1778643661.9850502,137.43861055374146,2749,0.0,0.0,0.052985429763793945
1778643662.0384004,137.49196076393127,2750,0.0,0.0,0.053350210189819336
1778643662.091546,137.54510641098022,2751,0.0,0.0,0.053145647048950195
1778643662.1337144,137.58727478981018,2752,0.0,0.0,0.042168378829956055
1778643662.1859891,137.63954949378967,2753,0.0,0.0,0.05227470397949219
1778643662.2382734,137.69183373451233,2754,0.0,0.0,0.05228424072265625
1778643662.2908921,137.74445247650146,2755,0.0,0.0,0.05261874198913574
1778643662.3335054,137.78706574440002,2756,0.0,0.0,0.04261326789855957
1778643662.386203,137.83976340293884,2757,0.0,0.0,0.05269765853881836
1778643662.4389846,137.8925449848175,2758,0.0,0.0,0.05278158187866211
1778643662.4917278,137.94528818130493,2759,0.0,0.0,0.05274319648742676
1778643662.5336905,137.98725080490112,2760,0.0,0.0,0.041962623596191406
1778643662.5862477,138.03980803489685,2761,0.0,0.0,0.05255722999572754
1778643662.6406817,138.09424209594727,2762,0.0,0.0,0.05443406105041504
1778643662.682377,138.13593745231628,2763,0.0,0.0,0.041695356369018555
1778643662.7361174,138.1896777153015,2764,0.0,0.0,0.05374026298522949
1778643662.7906892,138.24424958229065,2765,0.0,0.0,0.05457186698913574
1778643662.84152,138.2950804233551,2766,0.0,0.0,0.050830841064453125
1778643662.8835573,138.33711767196655,2767,0.0,0.0,0.042037248611450195
1778643662.937648,138.39120841026306,2768,0.0,0.0,0.05409073829650879
1778643662.989088,138.44264841079712,2769,0.0,0.0,0.05144000053405762
1778643663.0422463,138.49580669403076,2770,0.0,0.0,0.05315828323364258
1778643663.0852344,138.53879475593567,2771,0.0,0.0,0.04298806190490723
1778643663.137641,138.5912013053894,2772,0.0,0.0,0.05240654945373535
1778643663.189683,138.6432433128357,2773,0.0,0.0,0.05204200744628906
1778643663.242186,138.69574642181396,2774,0.0,0.0,0.052503108978271484
1778643663.2844715,138.73803186416626,2775,0.0,0.0,0.04228544235229492
1778643663.3369558,138.79051613807678,2776,0.0,0.0,0.05248427391052246
1778643663.390552,138.84411239624023,2777,0.0,0.0,0.05359625816345215
1778643663.4322708,138.88583111763,2778,0.0,0.0,0.04171872138977051
1778643663.4855523,138.93911266326904,2779,0.0,0.0,0.053281545639038086
1778643663.5386174,138.99217772483826,2780,0.0,0.0,0.05306506156921387
1778643663.5916884,139.04524874687195,2781,0.0,0.0,0.053071022033691406
1778643663.634078,139.0876383781433,2782,0.0,0.0,0.042389631271362305
1778643663.6884723,139.14203262329102,2783,0.0,0.0,0.05439424514770508
1778643663.741186,139.19474625587463,2784,0.0,0.0,0.052713632583618164
1778643663.7835178,139.23707818984985,2785,0.0,0.0,0.04233193397521973
1778643663.837366,139.29092645645142,2786,0.0,0.0,0.0538482666015625
1778643663.8894153,139.34297561645508,2787,0.0,0.0,0.05204916000366211
1778643663.9421172,139.39567756652832,2788,0.0,0.0,0.05270195007324219
1778643663.984768,139.4383282661438,2789,0.0,0.0,0.042650699615478516
1778643664.0374048,139.49096512794495,2790,0.0,0.0,0.05263686180114746
1778643664.0904105,139.54397082328796,2791,0.0,0.0,0.05300569534301758
1778643664.132638,139.58619832992554,2792,0.0,0.0,0.04222750663757324
1778643664.1855104,139.63907074928284,2793,0.0,0.0,0.052872419357299805
1778643664.2383895,139.69194984436035,2794,0.0,0.0,0.05287909507751465
1778643664.2914374,139.74499773979187,2795,0.0,0.0,0.053047895431518555
1778643664.333714,139.78727436065674,2796,0.0,0.0,0.042276620864868164
1778643664.385784,139.83934426307678,2797,0.0,0.0,0.052069902420043945
1778643664.4383252,139.8918855190277,2798,0.0,0.0,0.052541255950927734
1778643664.4909282,139.94448852539062,2799,0.0,0.0,0.05260300636291504
1778643664.5329611,139.98652148246765,2800,0.0,0.0,0.04203295707702637
1778643664.5858862,140.03944659233093,2801,0.0,0.0,0.05292510986328125
1778643664.6381931,140.0917534828186,2802,0.0,0.0,0.0523068904876709
1778643664.6915278,140.14508819580078,2803,0.0,0.0,0.053334712982177734
1778643664.7335098,140.18707013130188,2804,0.0,0.0,0.04198193550109863
1778643664.7860608,140.23962116241455,2805,0.0,0.0,0.0525510311126709
1778643664.837607,140.2911672592163,2806,0.0,0.0,0.05154609680175781
1778643664.890191,140.34375143051147,2807,0.0,0.0,0.052584171295166016
1778643664.9324741,140.38603448867798,2808,0.0,0.0,0.042283058166503906
1778643664.985545,140.4391052722931,2809,0.0,0.0,0.053070783615112305
1778643665.0388916,140.49245190620422,2810,0.0,0.0,0.05334663391113281
1778643665.0908742,140.54443454742432,2811,0.0,0.0,0.05198264122009277
1778643665.1332142,140.58677458763123,2812,0.0,0.0,0.04234004020690918
1778643665.1859908,140.63955116271973,2813,0.0,0.0,0.05277657508850098
1778643665.2385275,140.69208788871765,2814,0.0,0.0,0.052536725997924805
1778643665.2912247,140.7447850704193,2815,0.0,0.0,0.052697181701660156
1778643665.3337045,140.78726482391357,2816,0.0,0.0,0.042479753494262695
1778643665.3863301,140.8398904800415,2817,0.0,0.0,0.05262565612792969
1778643665.43903,140.89259028434753,2818,0.0,0.0,0.05269980430603027
1778643665.49186,140.94542026519775,2819,0.0,0.0,0.05282998085021973
1778643665.534216,140.98777627944946,2820,0.0,0.0,0.042356014251708984
1778643665.5871165,141.0406768321991,2821,0.0,0.0,0.05290055274963379
1778643665.6399517,141.09351205825806,2822,0.0,0.0,0.05283522605895996
1778643665.682373,141.13593339920044,2823,0.0,0.0,0.04242134094238281
1778643665.73532,141.188880443573,2824,0.0,0.0,0.052947044372558594
1778643665.7881258,141.24168610572815,2825,0.0,0.0,0.05280566215515137
1778643665.841435,141.29499530792236,2826,0.0,0.0,0.05330920219421387
1778643665.883638,141.3371982574463,2827,0.0,0.0,0.04220294952392578
1778643665.9367638,141.39032411575317,2828,0.0,0.0,0.053125858306884766
1778643665.9892528,141.44281315803528,2829,0.0,0.0,0.05248904228210449
1778643666.0418496,141.49540996551514,2830,0.0,0.0,0.0525968074798584
1778643666.0842023,141.53776264190674,2831,0.0,0.0,0.04235267639160156
1778643666.1366894,141.5902497768402,2832,0.0,0.0,0.05248713493347168
1778643666.1897595,141.64331984519958,2833,0.0,0.0,0.053070068359375
1778643666.2424426,141.69600296020508,2834,0.0,0.0,0.052683115005493164
1778643666.2850578,141.73861813545227,2835,0.0,0.0,0.04261517524719238
1778643666.3373556,141.79091596603394,2836,0.0,0.0,0.05229783058166504
1778643666.3900788,141.84363913536072,2837,0.0,0.0,0.05272316932678223
1778643666.4323306,141.88589096069336,2838,0.0,0.0,0.0422518253326416
1778643666.4848895,141.93844985961914,2839,0.0,0.0,0.05255889892578125
1778643666.5374577,141.9910180568695,2840,0.0,0.0,0.05256819725036621
1778643666.5908003,142.0443606376648,2841,0.0,0.0,0.053342580795288086
1778643666.633371,142.08693146705627,2842,0.0,0.0,0.04257082939147949
1778643666.6876605,142.14122080802917,2843,0.0,0.0,0.05428934097290039
1778643666.7398107,142.19337105751038,2844,0.0,0.0,0.05215024948120117
1778643666.7823057,142.2358660697937,2845,0.0,0.0,0.042495012283325195
1778643666.8375435,142.29110383987427,2846,0.0,0.0,0.055237770080566406
1778643666.8877354,142.34129571914673,2847,0.0,0.0,0.05019187927246094
1778643666.9402552,142.39381551742554,2848,0.0,0.0,0.052519798278808594
1778643666.982749,142.43630933761597,2849,0.0,0.0,0.04249382019042969
1778643667.035414,142.48897433280945,2850,0.0,0.0,0.052664995193481445
1778643667.0880222,142.5415825843811,2851,0.0,0.0,0.05260825157165527
1778643667.1408165,142.59437680244446,2852,0.0,0.0,0.05279421806335449
1778643667.1830947,142.63665509223938,2853,0.0,0.0,0.042278289794921875
1778643667.235492,142.68905234336853,2854,0.0,0.0,0.05239725112915039
1778643667.2879426,142.7415030002594,2855,0.0,0.0,0.05245065689086914
1778643667.340928,142.7944884300232,2856,0.0,0.0,0.052985429763793945
1778643667.3830523,142.83661270141602,2857,0.0,0.0,0.042124271392822266
1778643667.4363291,142.88988947868347,2858,0.0,0.0,0.053276777267456055
1778643667.4886503,142.9422106742859,2859,0.0,0.0,0.05232119560241699
1778643667.5415235,142.99508380889893,2860,0.0,0.0,0.05287313461303711
1778643667.5834494,143.03700971603394,2861,0.0,0.0,0.041925907135009766
1778643667.6356575,143.08921790122986,2862,0.0,0.0,0.05220818519592285
1778643667.6884332,143.14199352264404,2863,0.0,0.0,0.05277562141418457
1778643667.74179,143.19535040855408,2864,0.0,0.0,0.05335688591003418
1778643667.783263,143.2368233203888,2865,0.0,0.0,0.0414729118347168
1778643667.8360736,143.2896339893341,2866,0.0,0.0,0.0528106689453125
1778643667.8899357,143.34349608421326,2867,0.0,0.0,0.05386209487915039
1778643667.9412968,143.39485716819763,2868,0.0,0.0,0.051361083984375
1778643667.9834645,143.43702483177185,2869,0.0,0.0,0.04216766357421875
1778643668.0397422,143.49330258369446,2870,0.0,0.0,0.05627775192260742
1778643668.0893977,143.54295802116394,2871,0.0,0.0,0.04965543746948242
1778643668.1420772,143.59563755989075,2872,0.0,0.0,0.05267953872680664
1778643668.184166,143.63772630691528,2873,0.0,0.0,0.04208874702453613
1778643668.2366362,143.69019651412964,2874,0.0,0.0,0.05247020721435547
1778643668.28956,143.74312043190002,2875,0.0,0.0,0.05292391777038574
1778643668.3329222,143.78648257255554,2876,0.0,0.0,0.04336214065551758
1778643668.3849907,143.8385510444641,2877,0.0,0.0,0.052068471908569336
1778643668.4374473,143.89100766181946,2878,0.0,0.0,0.05245661735534668
1778643668.4946656,143.94822597503662,2879,0.0,0.0,0.057218313217163086
1778643668.5355396,143.98909997940063,2880,0.0,0.0,0.04087400436401367
1778643668.5869029,144.04046320915222,2881,0.0,0.0,0.051363229751586914
1778643668.6395879,144.09314823150635,2882,0.0,0.0,0.05268502235412598
1778643668.6819038,144.13546419143677,2883,0.0,0.0,0.04231595993041992
1778643668.7356324,144.18919277191162,2884,0.0,0.0,0.053728580474853516
1778643668.7882454,144.24180579185486,2885,0.0,0.0,0.052613019943237305
1778643668.8409123,144.29447269439697,2886,0.0,0.0,0.05266690254211426
1778643668.884127,144.33768725395203,2887,0.0,0.0,0.04321455955505371
1778643668.9366357,144.3901960849762,2888,0.0,0.0,0.05250883102416992
1778643668.9890966,144.44265699386597,2889,0.0,0.0,0.05246090888977051
1778643669.0418036,144.49536395072937,2890,0.0,0.0,0.05270695686340332
1778643669.084203,144.53776335716248,2891,0.0,0.0,0.04239940643310547
1778643669.136307,144.58986735343933,2892,0.0,0.0,0.05210399627685547
1778643669.1886284,144.64218878746033,2893,0.0,0.0,0.052321434020996094
1778643669.241167,144.69472742080688,2894,0.0,0.0,0.05253863334655762
1778643669.2834284,144.7369887828827,2895,0.0,0.0,0.042261362075805664
1778643669.336527,144.79008746147156,2896,0.0,0.0,0.05309867858886719
1778643669.3902814,144.84384179115295,2897,0.0,0.0,0.053754329681396484
1778643669.4332213,144.88678169250488,2898,0.0,0.0,0.04293990135192871
1778643669.4855006,144.93906092643738,2899,0.0,0.0,0.05227923393249512
1778643669.538171,144.99173140525818,2900,0.0,0.0,0.05267047882080078
1778643669.5910528,145.04461312294006,2901,0.0,0.0,0.052881717681884766
1778643669.6331875,145.08674788475037,2902,0.0,0.0,0.042134761810302734
1778643669.6866186,145.1401789188385,2903,0.0,0.0,0.053431034088134766
1778643669.73975,145.1933102607727,2904,0.0,0.0,0.0531313419342041
1778643669.7918715,145.2454319000244,2905,0.0,0.0,0.052121639251708984
1778643669.8342555,145.28781580924988,2906,0.0,0.0,0.04238390922546387
1778643669.88659,145.34015035629272,2907,0.0,0.0,0.05233454704284668
1778643669.939247,145.39280724525452,2908,0.0,0.0,0.05265688896179199
1778643669.9919772,145.44553756713867,2909,0.0,0.0,0.05273032188415527
1778643670.034303,145.48786330223083,2910,0.0,0.0,0.042325735092163086
1778643670.0871358,145.540696144104,2911,0.0,0.0,0.052832841873168945
1778643670.139589,145.59314942359924,2912,0.0,0.0,0.05245327949523926
1778643670.1923182,145.6458785533905,2913,0.0,0.0,0.052729129791259766
1778643670.2354357,145.68899607658386,2914,0.0,0.0,0.043117523193359375
1778643670.287049,145.74060940742493,2915,0.0,0.0,0.05161333084106445
1778643670.3395383,145.7930986881256,2916,0.0,0.0,0.052489280700683594
1778643670.392087,145.8456473350525,2917,0.0,0.0,0.05254864692687988
1778643670.434391,145.88795137405396,2918,0.0,0.0,0.042304039001464844
1778643670.4874585,145.94101881980896,2919,0.0,0.0,0.05306744575500488
1778643670.540273,145.99383330345154,2920,0.0,0.0,0.052814483642578125
1778643670.582707,146.0362672805786,2921,0.0,0.0,0.042433977127075195
1778643670.6356485,146.08920884132385,2922,0.0,0.0,0.05294156074523926
1778643670.6882272,146.1417875289917,2923,0.0,0.0,0.05257868766784668
1778643670.7408407,146.1944010257721,2924,0.0,0.0,0.05261349678039551
1778643670.7831807,146.236741065979,2925,0.0,0.0,0.04234004020690918
1778643670.836284,146.28984427452087,2926,0.0,0.0,0.05310320854187012
1778643670.8895698,146.34313011169434,2927,0.0,0.0,0.053285837173461914
1778643670.9320288,146.38558912277222,2928,0.0,0.0,0.04245901107788086
1778643670.9852986,146.43885898590088,2929,0.0,0.0,0.05326986312866211
1778643671.0378134,146.49137377738953,2930,0.0,0.0,0.05251479148864746
1778643671.0904565,146.54401683807373,2931,0.0,0.0,0.0526430606842041
1778643671.1324081,146.58596849441528,2932,0.0,0.0,0.041951656341552734
1778643671.185222,146.63878226280212,2933,0.0,0.0,0.05281376838684082
1778643671.2382529,146.69181323051453,2934,0.0,0.0,0.053030967712402344
1778643671.2911725,146.7447328567505,2935,0.0,0.0,0.052919626235961914
1778643671.3334432,146.78700351715088,2936,0.0,0.0,0.042270660400390625
1778643671.386361,146.8399212360382,2937,0.0,0.0,0.0529177188873291
1778643671.4391942,146.89275455474854,2938,0.0,0.0,0.05283331871032715
1778643671.4920957,146.94565606117249,2939,0.0,0.0,0.052901506423950195
1778643671.5346332,146.9881935119629,2940,0.0,0.0,0.04253745079040527
1778643671.5874438,147.0410041809082,2941,0.0,0.0,0.0528106689453125
1778643671.6405485,147.09410881996155,2942,0.0,0.0,0.05310463905334473
1778643671.682881,147.1364414691925,2943,0.0,0.0,0.04233264923095703
1778643671.7359016,147.18946194648743,2944,0.0,0.0,0.053020477294921875
1778643671.790781,147.2443413734436,2945,0.0,0.0,0.05487942695617676
1778643671.8424041,147.2959644794464,2946,0.0,0.0,0.05162310600280762
1778643671.8845055,147.33806586265564,2947,0.0,0.0,0.042101383209228516
1778643671.937715,147.3912754058838,2948,0.0,0.0,0.053209543228149414
1778643671.99048,147.4440402984619,2949,0.0,0.0,0.052764892578125
1778643672.032673,147.48623323440552,2950,0.0,0.0,0.042192935943603516
1778643672.0859292,147.53948950767517,2951,0.0,0.0,0.05325627326965332
1778643672.1398675,147.59342789649963,2952,0.0,0.0,0.05393838882446289
1778643672.1911283,147.6446886062622,2953,0.0,0.0,0.05126070976257324
1778643672.2330494,147.68660974502563,2954,0.0,0.0,0.041921138763427734
1778643672.2876296,147.74118995666504,2955,0.0,0.0,0.0545802116394043
1778643672.3405392,147.79409956932068,2956,0.0,0.0,0.05290961265563965
1778643672.3820093,147.83556962013245,2957,0.0,0.0,0.04147005081176758
1778643672.4344852,147.8880455493927,2958,0.0,0.0,0.052475929260253906
1778643672.4883063,147.94186663627625,2959,0.0,0.0,0.05382108688354492
1778643672.54149,147.99505043029785,2960,0.0,0.0,0.053183794021606445
1778643672.5832884,148.03684878349304,2961,0.0,0.0,0.04179835319519043
1778643672.6361876,148.0897479057312,2962,0.0,0.0,0.05289912223815918
1778643672.6887136,148.14227390289307,2963,0.0,0.0,0.052525997161865234
1778643672.7416112,148.19517159461975,2964,0.0,0.0,0.05289769172668457
1778643672.7838552,148.23741555213928,2965,0.0,0.0,0.04224395751953125
1778643672.83653,148.2900903224945,2966,0.0,0.0,0.05267477035522461
1778643672.8892562,148.34281659126282,2967,0.0,0.0,0.05272626876831055
1778643672.9419136,148.39547395706177,2968,0.0,0.0,0.052657365798950195
1778643672.984028,148.43758845329285,2969,0.0,0.0,0.0421144962310791
1778643673.036485,148.49004530906677,2970,0.0,0.0,0.05245685577392578
1778643673.0895114,148.54307174682617,2971,0.0,0.0,0.053026437759399414
1778643673.1423984,148.5959587097168,2972,0.0,0.0,0.052886962890625
1778643673.1848083,148.63836860656738,2973,0.0,0.0,0.04240989685058594
1778643673.2371511,148.6907114982605,2974,0.0,0.0,0.052342891693115234
1778643673.2899513,148.74351167678833,2975,0.0,0.0,0.05280017852783203
1778643673.3327641,148.7863245010376,2976,0.0,0.0,0.04281282424926758
1778643673.3851826,148.8387429714203,2977,0.0,0.0,0.05241847038269043
1778643673.4375398,148.89110016822815,2978,0.0,0.0,0.05235719680786133
1778643673.4897692,148.9433295726776,2979,0.0,0.0,0.05222940444946289
1778643673.5318096,148.9853699207306,2980,0.0,0.0,0.042040348052978516
1778643673.5845602,149.03812050819397,2981,0.0,0.0,0.052750587463378906
1778643673.6372445,149.09080481529236,2982,0.0,0.0,0.05268430709838867
1778643673.6897488,149.14330911636353,2983,0.0,0.0,0.05250430107116699
1778643673.7321,149.18566036224365,2984,0.0,0.0,0.04235124588012695
1778643673.785026,149.23858642578125,2985,0.0,0.0,0.052926063537597656
1778643673.8383822,149.29194259643555,2986,0.0,0.0,0.053356170654296875
1778643673.890711,149.3442714214325,2987,0.0,0.0,0.05232882499694824
1778643673.9326966,149.38625693321228,2988,0.0,0.0,0.041985511779785156
1778643673.9856749,149.4392352104187,2989,0.0,0.0,0.0529782772064209
1778643674.0385938,149.49215412139893,2990,0.0,0.0,0.05291891098022461
1778643674.0915024,149.54506278038025,2991,0.0,0.0,0.05290865898132324
1778643674.133689,149.58724927902222,2992,0.0,0.0,0.04218649864196777
1778643674.1863554,149.63991570472717,2993,0.0,0.0,0.052666425704956055
1778643674.239352,149.69291234016418,2994,0.0,0.0,0.05299663543701172
1778643674.2920992,149.74565958976746,2995,0.0,0.0,0.052747249603271484
1778643674.3346083,149.78816866874695,2996,0.0,0.0,0.04250907897949219
1778643674.387776,149.84133625030518,2997,0.0,0.0,0.05316758155822754
1778643674.4401543,149.89371466636658,2998,0.0,0.0,0.05237841606140137
1778643674.4823532,149.93591356277466,2999,0.0,0.0,0.042198896408081055
1778643674.5354018,149.9889621734619,3000,0.0,0.0,0.05304861068725586
1778643674.587431,150.04099130630493,3001,0.0,0.0,0.05202913284301758
1778643674.6401787,150.09373903274536,3002,0.0,0.0,0.05274772644042969
1778643674.6824684,150.13602876663208,3003,0.0,0.0,0.04228973388671875
1778643674.7350357,150.18859601020813,3004,0.0,0.0,0.052567243576049805
1778643674.7874506,150.24101090431213,3005,0.0,0.0,0.052414894104003906
1778643674.840229,150.29378938674927,3006,0.0,0.0,0.05277848243713379
1778643674.8821187,150.33567905426025,3007,0.0,0.0,0.04188966751098633
1778643674.9347165,150.38827681541443,3008,0.0,0.0,0.052597761154174805
1778643674.9878066,150.44136691093445,3009,0.0,0.0,0.05309009552001953
1778643675.0409791,150.49453949928284,3010,0.0,0.0,0.05317258834838867
1778643675.0841365,150.5376968383789,3011,0.0,0.0,0.043157339096069336
1778643675.138409,150.5919692516327,3012,0.0,0.0,0.05427241325378418
1778643675.1917832,150.645343542099,3013,0.0,0.0,0.053374290466308594
1778643675.234866,150.6884262561798,3014,0.0,0.0,0.04308271408081055
1778643675.288334,150.7418942451477,3015,0.0,0.0,0.05346798896789551
1778643675.3401155,150.79367589950562,3016,0.0,0.0,0.051781654357910156
1778643675.3824697,150.8360300064087,3017,0.0,0.0,0.04235410690307617
1778643675.4348288,150.88838911056519,3018,0.0,0.0,0.05235910415649414
1778643675.486798,150.94035840034485,3019,0.0,0.0,0.051969289779663086
1778643675.5391603,150.99272060394287,3020,0.0,0.0,0.05236220359802246
1778643675.5918238,151.04538416862488,3021,0.0,0.0,0.052663564682006836
1778643675.634662,151.08822226524353,3022,0.0,0.0,0.042838096618652344
1778643675.6899986,151.14355897903442,3023,0.0,0.0,0.055336713790893555
1778643675.732609,151.18616938591003,3024,0.0,0.0,0.04261040687561035
1778643675.7851567,151.2387170791626,3025,0.0,0.0,0.05254769325256348
1778643675.8377767,151.29133701324463,3026,0.0,0.0,0.05261993408203125
1778643675.890561,151.34412145614624,3027,0.0,0.0,0.05278444290161133
1778643675.9327664,151.38632678985596,3028,0.0,0.0,0.0422053337097168
1778643675.9853373,151.4388976097107,3029,0.0,0.0,0.05257081985473633
1778643676.0381968,151.49175715446472,3030,0.0,0.0,0.05285954475402832
1778643676.0907314,151.54429173469543,3031,0.3,0.0,0.05253458023071289
1778643676.1330354,151.5865957736969,3032,0.3,0.0,0.042304039001464844
1778643676.1859214,151.6394817829132,3033,0.3,0.0,0.052886009216308594
1778643676.238153,151.69171333312988,3034,0.3,0.0,0.052231550216674805
1778643676.29086,151.7444202899933,3035,0.0,0.0,0.05270695686340332
1778643676.3330119,151.78657221794128,3036,0.0,0.0,0.04215192794799805
1778643676.3857725,151.83933281898499,3037,0.0,0.0,0.05276060104370117
1778643676.4383533,151.89191365242004,3038,0.0,0.0,0.052580833435058594
1778643676.4909997,151.94456005096436,3039,0.0,0.0,0.05264639854431152
1778643676.5332057,151.9867660999298,3040,0.0,0.0,0.0422060489654541
1778643676.5857403,152.03930068016052,3041,0.3,0.0,0.05253458023071289
1778643676.6386278,152.0921881198883,3042,0.3,0.0,0.0528874397277832
1778643676.6912408,152.14480113983154,3043,0.3,0.0,0.052613019943237305
1778643676.7332141,152.1867744922638,3044,0.3,0.0,0.04197335243225098
1778643676.7857912,152.2393515110016,3045,0.3,0.0,0.05257701873779297
1778643676.8383598,152.2919201850891,3046,0.3,0.0,0.052568674087524414
1778643676.891202,152.34476232528687,3047,0.0,0.0,0.052842140197753906
1778643676.933264,152.38682436943054,3048,0.0,0.0,0.04206204414367676
1778643676.986061,152.43962144851685,3049,0.0,0.0,0.05279707908630371
1778643677.0391133,152.4926736354828,3050,0.0,0.0,0.05305218696594238
1778643677.0923257,152.5458860397339,3051,0.0,0.0,0.05321240425109863
1778643677.1349952,152.58855557441711,3052,0.0,0.0,0.04266953468322754
1778643677.188106,152.64166641235352,3053,0.0,0.0,0.05311083793640137
1778643677.2410173,152.6945776939392,3054,0.0,0.0,0.05291128158569336
1778643677.2830472,152.7366075515747,3055,0.0,0.0,0.04202985763549805
1778643677.335664,152.7892243862152,3056,0.0,0.0,0.05261683464050293
1778643677.3892324,152.8427927494049,3057,0.0,0.0,0.053568363189697266
1778643677.4422705,152.89583086967468,3058,-0.3,0.0,0.05303812026977539
1778643677.4844835,152.93804383277893,3059,-0.3,0.0,0.04221296310424805
1778643677.5375388,152.9910991191864,3060,-0.3,0.0,0.0530552864074707
1778643677.5902088,153.04376912117004,3061,0.0,0.0,0.05267000198364258
1778643677.6321013,153.08566164970398,3062,0.0,0.0,0.04189252853393555
1778643677.6849658,153.13852620124817,3063,0.0,0.0,0.05286455154418945
1778643677.737728,153.19128847122192,3064,0.0,0.0,0.05276226997375488
1778643677.7926838,153.2462441921234,3065,0.0,0.0,0.05495572090148926
1778643677.8347554,153.28831577301025,3066,0.0,0.0,0.04207158088684082
1778643677.886106,153.33966636657715,3067,0.0,0.0,0.05135059356689453
1778643677.9392335,153.3927938938141,3068,-0.3,0.0,0.05312752723693848
1778643677.9916868,153.44524717330933,3069,-0.3,0.0,0.05245327949523926
1778643678.0336568,153.48721718788147,3070,-0.3,0.0,0.041970014572143555
1778643678.0861871,153.53974747657776,3071,-0.3,0.0,0.05253028869628906
1778643678.138826,153.59238624572754,3072,-0.3,0.0,0.05263876914978027
1778643678.1914256,153.64498591423035,3073,-0.3,0.0,0.05259966850280762
1778643678.2333553,153.68691563606262,3074,-0.3,0.0,0.04192972183227539
1778643678.2861593,153.73971962928772,3075,-0.3,0.0,0.052803993225097656
1778643678.3387604,153.792320728302,3076,-0.3,0.0,0.05260109901428223
1778643678.391435,153.84499526023865,3077,-0.3,0.0,0.05267453193664551
1778643678.433381,153.88694143295288,3078,-0.3,0.0,0.0419461727142334
1778643678.486436,153.9399962425232,3079,-0.3,0.0,0.0530548095703125
1778643678.541567,153.9951274394989,3080,-0.3,0.0,0.05513119697570801
1778643678.5917063,154.04526662826538,3081,-0.3,0.0,0.05013918876647949
1778643678.6335456,154.08710598945618,3082,-0.3,0.0,0.0418393611907959
1778643678.6865401,154.14010047912598,3083,-0.3,0.0,0.052994489669799805
1778643678.739694,154.1932544708252,3084,-0.3,0.0,0.05315399169921875
1778643678.7828748,154.23643517494202,3085,-0.3,0.0,0.04318070411682129
1778643678.8352382,154.28879857063293,3086,-0.3,0.0,0.05236339569091797
1778643678.888728,154.34228825569153,3087,-0.3,0.0,0.05348968505859375
1778643678.9411862,154.39474654197693,3088,-0.3,0.0,0.05245828628540039
1778643678.9840333,154.4375936985016,3089,0.0,0.0,0.0428471565246582
1778643679.0364199,154.48998022079468,3090,0.0,0.0,0.05238652229309082
1778643679.0890422,154.5426025390625,3091,0.0,0.0,0.052622318267822266
1778643679.1414225,154.59498286247253,3092,0.0,0.0,0.05238032341003418
1778643679.1838162,154.63737654685974,3093,0.0,0.0,0.04239368438720703
1778643679.236354,154.68991446495056,3094,0.0,0.0,0.05253791809082031
1778643679.2893178,154.74287819862366,3095,0.0,0.0,0.0529637336730957
1778643679.3420658,154.79562616348267,3096,0.0,0.0,0.05274796485900879
1778643679.3842916,154.83785200119019,3097,0.0,0.0,0.04222583770751953
1778643679.436908,154.89046835899353,3098,0.0,0.0,0.05261635780334473
1778643679.4896803,154.9432406425476,3099,0.0,0.0,0.05277228355407715
1778643679.5420344,154.99559473991394,3100,0.0,0.0,0.05235409736633301
1778643679.5838265,155.03738689422607,3101,0.0,0.0,0.04179215431213379
1778643679.6363342,155.08989453315735,3102,0.0,0.0,0.052507638931274414
1778643679.6887374,155.14229774475098,3103,0.0,0.0,0.05240321159362793
1778643679.7416868,155.19524717330933,3104,0.0,0.0,0.05294942855834961
1778643679.7846837,155.23824405670166,3105,0.0,0.0,0.042996883392333984
1778643679.837185,155.2907452583313,3106,0.0,0.0,0.05250120162963867
1778643679.8897116,155.3432719707489,3107,0.0,0.0,0.05252671241760254
1778643679.942567,155.39612746238708,3108,0.0,0.0,0.052855491638183594
1778643679.984892,155.43845224380493,3109,0.0,0.0,0.04232478141784668
1778643680.0381565,155.49171686172485,3110,0.0,0.0,0.053264617919921875
1778643680.090822,155.5443823337555,3111,0.0,0.0,0.05266547203063965
1778643680.134425,155.5879852771759,3112,0.0,0.0,0.043602943420410156
1778643680.1864214,155.63998174667358,3113,0.0,0.0,0.051996469497680664
1778643680.2388241,155.69238448143005,3114,0.0,-1.0,0.05240273475646973
1778643680.291616,155.74517631530762,3115,0.0,-1.0,0.05279183387756348
1778643680.3339221,155.7874825000763,3116,0.0,-1.0,0.04230618476867676
1778643680.386866,155.84042644500732,3117,0.0,-1.0,0.05294394493103027
1778643680.4390182,155.89257860183716,3118,0.0,0.0,0.052152156829833984
1778643680.4951055,155.94866585731506,3119,0.0,0.0,0.05608725547790527
1778643680.5370414,155.9906017780304,3120,0.0,0.0,0.04193592071533203
1778643680.5896406,156.04320096969604,3121,0.0,0.0,0.052599191665649414
1778643680.6446028,156.09816312789917,3122,0.0,0.0,0.054962158203125
1778643680.6842656,156.13782596588135,3123,0.0,0.0,0.039662837982177734
1778643680.7372196,156.1907799243927,3124,0.0,-1.0,0.05295395851135254
1778643680.790621,156.24418139457703,3125,0.0,-1.0,0.05340147018432617
1778643680.832261,156.2858214378357,3126,0.0,-1.0,0.04164004325866699
1778643680.884861,156.33842134475708,3127,0.0,-1.0,0.05259990692138672
1778643680.937577,156.3911373615265,3128,0.0,-1.0,0.05271601676940918
1778643680.9900935,156.4436538219452,3129,0.0,-1.0,0.05251646041870117
1778643681.0316663,156.48522663116455,3130,0.0,-1.0,0.04157280921936035
1778643681.08399,156.53755044937134,3131,0.0,-1.0,0.05232381820678711
1778643681.1404014,156.59396171569824,3132,0.0,-1.0,0.0564112663269043
1778643681.1817617,156.63532209396362,3133,0.0,-1.0,0.04136037826538086
1778643681.2393894,156.6929497718811,3134,0.0,-1.0,0.05762767791748047
1778643681.2890406,156.74260091781616,3135,0.0,-1.0,0.049651145935058594
1778643681.3408134,156.79437375068665,3136,0.0,-1.0,0.0517728328704834
1778643681.3825989,156.83615922927856,3137,0.0,-1.0,0.041785478591918945
1778643681.4355216,156.88908195495605,3138,0.0,-1.0,0.052922725677490234
1778643681.4881108,156.94167113304138,3139,0.0,-1.0,0.05258917808532715
1778643681.5405564,156.9941167831421,3140,0.0,-1.0,0.05244565010070801
1778643681.5825346,157.03609490394592,3141,0.0,-1.0,0.04197812080383301
1778643681.6352491,157.08880949020386,3142,0.0,-1.0,0.05271458625793457
1778643681.68793,157.14149045944214,3143,0.0,-1.0,0.05268096923828125
1778643681.7406378,157.19419813156128,3144,0.0,-1.0,0.052707672119140625
1778643681.7825994,157.23615980148315,3145,0.0,-1.0,0.041961669921875
1778643681.8354225,157.28898286819458,3146,0.0,-1.0,0.05282306671142578
1778643681.8877811,157.34134149551392,3147,0.0,-1.0,0.05235862731933594
1778643681.9406137,157.3941740989685,3148,0.0,-1.0,0.052832603454589844
1778643681.9826982,157.43625855445862,3149,0.0,-1.0,0.042084455490112305
1778643682.035177,157.48873734474182,3150,0.0,-1.0,0.052478790283203125
1778643682.0880618,157.54162216186523,3151,0.0,-1.0,0.052884817123413086
1778643682.1404915,157.59405183792114,3152,0.0,-1.0,0.0524296760559082
1778643682.1827514,157.63631176948547,3153,0.0,-1.0,0.042259931564331055
1778643682.2356384,157.6891987323761,3154,0.0,-1.0,0.052886962890625
1778643682.28843,157.74199032783508,3155,0.0,-1.0,0.052791595458984375
1778643682.3410044,157.7945647239685,3156,0.0,-1.0,0.05257439613342285
1778643682.3826406,157.8362009525299,3157,0.0,-1.0,0.04163622856140137
1778643682.4352996,157.8888599872589,3158,0.0,-1.0,0.052659034729003906
1778643682.4881928,157.9417531490326,3159,0.0,0.0,0.05289316177368164
1778643682.5410216,157.99458193778992,3160,0.0,0.0,0.05282878875732422
1778643682.5832393,158.03679966926575,3161,0.0,0.0,0.04221773147583008
1778643682.6363065,158.08986687660217,3162,0.0,0.0,0.05306720733642578
1778643682.6888664,158.14242672920227,3163,0.0,0.0,0.052559852600097656
1778643682.7422328,158.19579315185547,3164,0.0,0.0,0.05336642265319824
1778643682.7844074,158.23796772956848,3165,0.0,0.0,0.042174577713012695
1778643682.837019,158.29057931900024,3166,0.0,0.0,0.052611589431762695
1778643682.8896103,158.34317064285278,3167,0.0,0.0,0.05259132385253906
1778643682.9422717,158.39583206176758,3168,0.0,0.0,0.05266141891479492
1778643682.9843893,158.43794965744019,3169,-0.3,0.0,0.04211759567260742
1778643683.0370564,158.49061679840088,3170,-0.3,0.0,0.05266714096069336
1778643683.089686,158.54324626922607,3171,-0.3,0.0,0.05262947082519531
1778643683.1422648,158.5958251953125,3172,0.0,0.0,0.05257892608642578
1778643683.1845403,158.63810062408447,3173,0.0,0.0,0.042275428771972656
1778643683.2369657,158.69052600860596,3174,0.0,0.0,0.052425384521484375
1778643683.2893066,158.74286699295044,3175,0.0,0.0,0.05234098434448242
1778643683.342026,158.79558634757996,3176,0.0,0.0,0.0527193546295166
1778643683.3841944,158.8377547264099,3177,0.0,0.0,0.042168378829956055
1778643683.436924,158.89048433303833,3178,0.0,0.0,0.05272960662841797
1778643683.4904003,158.9439606666565,3179,-0.3,0.0,0.05347633361816406
1778643683.5319848,158.98554515838623,3180,-0.3,0.0,0.04158449172973633
1778643683.5844243,159.03798460960388,3181,-0.3,0.0,0.05243945121765137
1778643683.6367671,159.090327501297,3182,-0.3,0.0,0.052342891693115234
1778643683.6894143,159.14297461509705,3183,-0.3,0.0,0.05264711380004883
1778643683.7419457,159.19550609588623,3184,-0.3,0.0,0.05253148078918457
1778643683.783999,159.23755931854248,3185,-0.3,0.0,0.04205322265625
1778643683.8414257,159.29498600959778,3186,0.0,0.0,0.05742669105529785
1778643683.8907528,159.34431314468384,3187,0.0,0.0,0.04932713508605957
1778643683.932209,159.38576936721802,3188,0.0,0.0,0.04145622253417969
1778643683.9845853,159.4381456375122,3189,0.0,0.0,0.05237627029418945
1778643684.0375867,159.4911470413208,3190,0.0,0.0,0.05300140380859375
1778643684.090455,159.54401540756226,3191,0.0,0.0,0.05286836624145508
1778643684.132954,159.58651423454285,3192,0.0,0.0,0.04249882698059082
1778643684.1854155,159.63897585868835,3193,0.0,0.0,0.05246162414550781
1778643684.2382252,159.69178557395935,3194,0.0,0.0,0.052809715270996094
1778643684.2907174,159.74427771568298,3195,0.0,0.0,0.05249214172363281
1778643684.33285,159.78641033172607,3196,0.3,0.0,0.04213261604309082
1778643684.38541,159.83897042274475,3197,0.3,0.0,0.05256009101867676
1778643684.4382617,159.89182209968567,3198,0.3,0.0,0.05285167694091797
1778643684.4910872,159.94464755058289,3199,0.3,0.0,0.0528254508972168
1778643684.5329301,159.98649048805237,3200,0.0,0.0,0.04184293746948242
1778643684.5856967,160.03925704956055,3201,0.0,0.0,0.05276656150817871
1778643684.6386,160.09216046333313,3202,0.0,0.0,0.05290341377258301
1778643684.6910543,160.14461469650269,3203,0.0,0.0,0.052454233169555664
1778643684.7330956,160.18665599822998,3204,0.0,0.0,0.04204130172729492
1778643684.785865,160.2394254207611,3205,0.0,0.0,0.05276942253112793
1778643684.8386853,160.29224562644958,3206,0.3,0.0,0.05282020568847656
1778643684.893208,160.34676837921143,3207,0.3,0.0,0.05452275276184082
1778643684.9348624,160.38842272758484,3208,0.3,0.0,0.041654348373413086
1778643684.9869661,160.44052648544312,3209,0.3,0.0,0.05210375785827637
1778643685.0399332,160.49349355697632,3210,0.3,0.0,0.052967071533203125
1778643685.0823343,160.53589463233948,3211,0.3,0.0,0.04240107536315918
1778643685.1352289,160.58878922462463,3212,0.3,0.0,0.05289459228515625
1778643685.1881092,160.64166951179504,3213,0.3,0.0,0.052880287170410156
1778643685.2411695,160.69472980499268,3214,0.3,0.0,0.053060293197631836
1778643685.2828739,160.7364342212677,3215,0.3,0.0,0.041704416275024414
1778643685.3356833,160.78924369812012,3216,0.3,0.0,0.05280947685241699
1778643685.3881156,160.8416759967804,3217,0.3,0.0,0.05243229866027832
1778643685.4410605,160.89462089538574,3218,0.3,0.0,0.05294489860534668
1778643685.483285,160.9368453025818,3219,0.3,0.0,0.04222440719604492
1778643685.5361307,160.98969101905823,3220,0.3,0.0,0.05284571647644043
1778643685.5889533,161.0425136089325,3221,0.0,0.0,0.05282258987426758
1778643685.6410248,161.0945851802826,3222,0.0,0.0,0.052071571350097656
1778643685.6833382,161.13689851760864,3223,0.0,0.0,0.042313337326049805
1778643685.7358165,161.1893768310547,3224,0.0,0.0,0.05247831344604492
1778643685.7900984,161.24365878105164,3225,0.0,0.0,0.05428194999694824
1778643685.834011,161.2875714302063,3226,0.0,0.0,0.043912649154663086
1778643685.8867235,161.34028387069702,3227,0.0,0.0,0.052712440490722656
1778643685.9391544,161.39271473884583,3228,0.0,0.0,0.05243086814880371
1778643685.991644,161.4452042579651,3229,0.0,0.0,0.052489519119262695
1778643686.0347335,161.4882938861847,3230,0.0,0.0,0.04308962821960449
1778643686.0872936,161.54085397720337,3231,0.0,0.0,0.05256009101867676
1778643686.1398091,161.59336948394775,3232,0.0,0.0,0.052515506744384766
1778643686.1921988,161.64575910568237,3233,0.0,0.0,0.05238962173461914
1778643686.2341034,161.68766379356384,3234,0.0,0.0,0.04190468788146973
1778643686.2874422,161.74100255966187,3235,0.0,0.0,0.05333876609802246
1778643686.3402812,161.7938416004181,3236,0.0,0.0,0.052839040756225586
1778643686.3826387,161.83619904518127,3237,0.0,0.0,0.042357444763183594
1778643686.4353337,161.88889408111572,3238,0.0,0.0,0.05269503593444824
1778643686.4876618,161.94122219085693,3239,0.0,0.0,0.05232810974121094
1778643686.540381,161.99394130706787,3240,0.0,0.0,0.0527191162109375
1778643686.5826201,162.03618049621582,3241,0.0,0.0,0.04223918914794922
1778643686.636026,162.08958625793457,3242,0.0,0.0,0.05340576171875
1778643686.688421,162.1419813632965,3243,0.0,0.0,0.05239510536193848
1778643686.741167,162.19472742080688,3244,0.0,0.0,0.05274605751037598
1778643686.7834573,162.23701763153076,3245,0.0,0.0,0.04229021072387695
1778643686.8363447,162.28990507125854,3246,0.0,0.0,0.0528874397277832
1778643686.8890598,162.34262013435364,3247,0.0,0.0,0.05271506309509277
1778643686.9427483,162.3963086605072,3248,0.0,0.0,0.05368852615356445
1778643686.984257,162.43781733512878,3249,0.0,0.0,0.04150867462158203
1778643687.0369368,162.49049711227417,3250,0.0,0.0,0.05267977714538574
1778643687.089822,162.54338240623474,3251,0.0,0.0,0.05288529396057129
1778643687.1319742,162.58553457260132,3252,0.0,0.0,0.04215216636657715
1778643687.1846645,162.63822484016418,3253,0.0,0.0,0.05269026756286621
1778643687.237573,162.69113326072693,3254,0.0,0.0,0.05290842056274414
1778643687.2901778,162.74373817443848,3255,0.0,0.0,0.05260491371154785
1778643687.3324406,162.78600096702576,3256,0.0,0.0,0.04226279258728027
1778643687.385201,162.83876132965088,3257,0.0,0.0,0.05276036262512207
1778643687.4379735,162.89153385162354,3258,0.0,0.0,0.05277252197265625
1778643687.4905438,162.9441041946411,3259,0.0,0.0,0.052570343017578125
1778643687.5326564,162.98621678352356,3260,0.0,0.0,0.04211258888244629
1778643687.5857723,163.03933262825012,3261,0.0,0.0,0.0531158447265625
1778643687.6383467,163.09190702438354,3262,0.0,0.0,0.05257439613342285
1778643687.6911566,163.14471697807312,3263,0.0,0.0,0.052809953689575195
1778643687.7332501,163.18681049346924,3264,0.0,0.0,0.042093515396118164
1778643687.7859552,163.239515542984,3265,0.0,0.0,0.05270504951477051
1778643687.8387375,163.2922978401184,3266,0.0,0.0,0.052782297134399414
1778643687.8912892,163.34484958648682,3267,0.0,0.0,0.0525517463684082
1778643687.9337149,163.38727521896362,3268,0.0,0.0,0.04242563247680664
1778643687.9870198,163.4405801296234,3269,0.0,0.0,0.05330491065979004
1778643688.0400093,163.49356961250305,3270,0.0,0.0,0.05298948287963867
1778643688.081902,163.53546237945557,3271,0.0,0.0,0.04189276695251465
1778643688.134582,163.58814239501953,3272,0.0,0.0,0.052680015563964844
1778643688.187308,163.64086842536926,3273,0.0,0.0,0.052726030349731445
1778643688.240241,163.69380140304565,3274,0.0,0.0,0.0529329776763916
1778643688.2825193,163.73607969284058,3275,0.0,0.0,0.042278289794921875
1778643688.335372,163.7889323234558,3276,0.0,0.0,0.052852630615234375
1778643688.3881345,163.84169483184814,3277,0.0,0.0,0.052762508392333984
1778643688.4428573,163.89641761779785,3278,0.0,0.0,0.05472278594970703
1778643688.4832304,163.93679070472717,3279,0.3,0.0,0.04037308692932129
1778643688.53603,163.98959040641785,3280,0.3,0.0,0.05279970169067383
1778643688.588871,164.0424313545227,3281,0.3,0.0,0.0528409481048584
1778643688.641579,164.09513926506042,3282,0.3,0.0,0.05270791053771973
1778643688.6842053,164.13776564598083,3283,0.0,0.0,0.042626380920410156
1778643688.7373242,164.19088459014893,3284,0.0,0.0,0.05311894416809082
1778643688.7909515,164.24451184272766,3285,0.0,0.0,0.05362725257873535
1778643688.8337755,164.28733587265015,3286,0.0,0.0,0.04282402992248535
1778643688.88607,164.3396303653717,3287,0.0,0.0,0.05229449272155762
1778643688.9385633,164.39212369918823,3288,0.0,0.0,0.05249333381652832
1778643688.9908905,164.44445085525513,3289,0.3,0.0,0.05232715606689453
1778643689.032843,164.486403465271,3290,0.3,0.0,0.04195261001586914
1778643689.0852013,164.53876161575317,3291,0.3,0.0,0.052358150482177734
1778643689.137571,164.59113144874573,3292,0.3,0.0,0.05236983299255371
1778643689.1906276,164.6441879272461,3293,0.3,0.0,0.05305647850036621
1778643689.2420752,164.69563555717468,3294,0.3,0.0,0.05144762992858887
1778643689.2839165,164.7374768257141,3295,0.3,0.0,0.04184126853942871
1778643689.336327,164.7898874282837,3296,0.3,0.0,0.05241060256958008
1778643689.3887408,164.8423011302948,3297,0.3,0.0,0.0524137020111084
1778643689.4414268,164.89498710632324,3298,0.3,0.0,0.05268597602844238
1778643689.4837432,164.93730354309082,3299,0.3,0.0,0.042316436767578125
1778643689.5365572,164.99011754989624,3300,0.3,0.0,0.05281400680541992
1778643689.5891867,165.04274702072144,3301,0.3,0.0,0.05262947082519531
1778643689.641588,165.09514832496643,3302,0.3,0.0,0.05240130424499512
1778643689.6835666,165.13712692260742,3303,0.3,0.0,0.04197859764099121
1778643689.7361083,165.1896686553955,3304,0.3,0.0,0.05254173278808594
1778643689.7887707,165.24233102798462,3305,0.0,0.0,0.05266237258911133
1778643689.8415446,165.29510498046875,3306,0.0,0.0,0.05277395248413086
1778643689.8839643,165.33752465248108,3307,0.0,0.0,0.0424196720123291
1778643689.9363983,165.3899586200714,3308,0.0,0.0,0.05243396759033203
1778643689.9892342,165.4427945613861,3309,0.0,0.0,0.052835941314697266
1778643690.0418432,165.4954035282135,3310,-0.3,0.0,0.05260896682739258
1778643690.0842683,165.53782868385315,3311,-0.3,0.0,0.04242515563964844
1778643690.1370788,165.59063911437988,3312,-0.3,0.0,0.0528104305267334
1778643690.1897027,165.64326310157776,3313,0.0,0.0,0.05262398719787598
1778643690.2317314,165.68529176712036,3314,0.0,0.0,0.04202866554260254
1778643690.2848983,165.73845863342285,3315,0.0,0.0,0.053166866302490234
1778643690.3377652,165.79132556915283,3316,0.0,0.0,0.05286693572998047
1778643690.390433,165.84399342536926,3317,0.0,0.0,0.052667856216430664
1778643690.4327633,165.88632369041443,3318,0.0,0.0,0.042330265045166016
1778643690.4857152,165.93927550315857,3319,0.0,0.0,0.052951812744140625
1778643690.5388067,165.99236702919006,3320,-0.3,0.0,0.05309152603149414
1778643690.591557,166.04511737823486,3321,-0.3,0.0,0.052750349044799805
1778643690.6336439,166.08720421791077,3322,-0.3,0.0,0.04208683967590332
1778643690.6864102,166.13997054100037,3323,-0.3,0.0,0.05276632308959961
1778643690.7396455,166.19320583343506,3324,-0.3,0.0,0.05323529243469238
1778643690.792313,166.2458734512329,3325,-0.3,0.0,0.05266761779785156
1778643690.8347313,166.28829169273376,3326,-0.3,0.0,0.04241824150085449
1778643690.8875375,166.34109783172607,3327,-0.3,0.0,0.05280613899230957
1778643690.939901,166.39346146583557,3328,-0.3,0.0,0.05236363410949707
1778643690.9821155,166.4356758594513,3329,-0.3,0.0,0.042214393615722656
1778643691.0347338,166.48829412460327,3330,-0.3,0.0,0.05261826515197754
1778643691.0876284,166.54118871688843,3331,-0.3,0.0,0.05289459228515625
1778643691.1407092,166.59426951408386,3332,-0.3,0.0,0.05308079719543457
1778643691.1836307,166.6371910572052,3333,-0.3,0.0,0.04292154312133789
1778643691.2358937,166.68945407867432,3334,-0.3,0.0,0.05226302146911621
1778643691.2884119,166.74197220802307,3335,-0.3,0.0,0.05251812934875488
1778643691.3409336,166.7944939136505,3336,-0.3,0.0,0.052521705627441406
1778643691.3832695,166.83682990074158,3337,-0.3,0.0,0.04233598709106445
1778643691.4356194,166.8891797065735,3338,-0.3,0.0,0.05234980583190918
1778643691.4880118,166.94157218933105,3339,-0.3,0.0,0.05239248275756836
1778643691.5409234,166.99448370933533,3340,0.0,0.0,0.05291152000427246
1778643691.5833573,167.0369176864624,3341,0.0,0.0,0.042433977127075195
1778643691.635485,167.0890452861786,3342,0.0,0.0,0.05212759971618652
1778643691.6877723,167.14133262634277,3343,0.0,0.0,0.05228734016418457
1778643691.7402468,167.19380712509155,3344,0.0,0.0,0.0524744987487793
1778643691.782835,167.2363953590393,3345,-0.3,0.0,0.042588233947753906
1778643691.8359194,167.28947973251343,3346,-0.3,0.0,0.053084373474121094
1778643691.8889287,167.34248900413513,3347,-0.3,0.0,0.0530092716217041
1778643691.9417136,167.3952739238739,3348,0.0,0.0,0.05278491973876953
1778643691.9836457,167.43720602989197,3349,0.0,0.0,0.041932106018066406
1778643692.0363474,167.48990774154663,3350,0.0,0.0,0.052701711654663086
1778643692.0889976,167.5425579547882,3351,0.0,0.0,0.05265021324157715
1778643692.1419294,167.5954897403717,3352,0.0,0.0,0.052931785583496094
1778643692.1844797,167.63804006576538,3353,0.0,0.0,0.04255032539367676
1778643692.236969,167.69052934646606,3354,0.0,0.0,0.052489280700683594
1778643692.2898653,167.74342560768127,3355,0.0,0.0,0.05289626121520996
1778643692.3420901,167.79565048217773,3356,0.0,0.0,0.05222487449645996
1778643692.383996,167.8375563621521,3357,0.0,0.0,0.041905879974365234
1778643692.4364634,167.8900237083435,3358,0.0,0.0,0.05246734619140625
1778643692.4893477,167.94290804862976,3359,0.0,0.0,0.05288434028625488
1778643692.5420496,167.995609998703,3360,0.0,0.0,0.05270195007324219
1778643692.5840628,168.03762316703796,3361,0.0,0.0,0.04201316833496094
1778643692.6367903,168.09035062789917,3362,0.0,0.0,0.052727460861206055
1778643692.6895053,168.14306569099426,3363,0.0,0.0,0.05271506309509277
1778643692.7319465,168.1855068206787,3364,0.0,0.0,0.04244112968444824
1778643692.7848217,168.23838210105896,3365,0.0,0.0,0.05287528038024902
1778643692.8378167,168.29137706756592,3366,0.0,0.0,0.05299496650695801
1778643692.8905365,168.3440968990326,3367,0.0,0.0,0.052719831466674805
1778643692.9328914,168.3864517211914,3368,0.0,0.0,0.04235482215881348
1778643692.9855785,168.43913888931274,3369,0.0,0.0,0.05268716812133789
1778643693.0384068,168.4919672012329,3370,0.0,0.0,0.052828311920166016
1778643693.0912752,168.54483556747437,3371,0.0,0.0,0.05286836624145508
1778643693.134233,168.58779335021973,3372,0.0,0.0,0.04295778274536133
1778643693.1872048,168.6407651901245,3373,0.0,0.0,0.052971839904785156
1778643693.239576,168.69313645362854,3374,0.0,0.0,0.05237126350402832
1778643693.2919693,168.74552965164185,3375,0.0,0.0,0.052393198013305664
1778643693.3342285,168.78778886795044,3376,0.0,0.0,0.04225921630859375
1778643693.3868053,168.84036564826965,3377,0.0,0.0,0.05257678031921387
1778643693.4395885,168.89314889907837,3378,0.0,0.0,0.05278325080871582
1778643693.4920533,168.9456136226654,3379,0.0,0.0,0.05246472358703613
1778643693.5342772,168.9878375530243,3380,0.0,0.0,0.04222393035888672
1778643693.5871234,169.0406837463379,3381,0.0,0.0,0.05284619331359863
1778643693.6399314,169.09349179267883,3382,0.0,0.0,0.05280804634094238
1778643693.6823404,169.1359007358551,3383,0.0,0.0,0.04240894317626953
1778643693.7354605,169.1890208721161,3384,0.0,0.0,0.05312013626098633
1778643693.7884653,169.2420256137848,3385,-0.3,0.0,0.05300474166870117
1778643693.840925,169.29448533058167,3386,-0.3,0.0,0.052459716796875
1778643693.8835335,169.33709383010864,3387,-0.3,0.0,0.04260849952697754
1778643693.9359596,169.38951992988586,3388,0.0,0.0,0.05242609977722168
1778643693.988734,169.44229435920715,3389,0.0,0.0,0.05277442932128906
1778643694.041004,169.49456429481506,3390,0.0,0.0,0.052269935607910156
1778643694.0829217,169.53648209571838,3391,0.0,0.0,0.04191780090332031
1778643694.135265,169.58882546424866,3392,0.0,0.0,0.05234336853027344
1778643694.187599,169.64115929603577,3393,0.0,0.0,0.052333831787109375
1778643694.2400017,169.69356203079224,3394,0.0,0.0,0.05240273475646973
1778643694.2827642,169.7363245487213,3395,-0.3,0.0,0.04276251792907715
1778643694.3355684,169.789128780365,3396,-0.3,0.0,0.05280423164367676
1778643694.3885033,169.84206366539001,3397,-0.3,0.0,0.052934885025024414
1778643694.441811,169.89537143707275,3398,-0.3,0.0,0.05330777168273926
1778643694.4844985,169.9380588531494,3399,-0.3,0.0,0.042687416076660156
1778643694.5373774,169.99093770980835,3400,-0.3,0.0,0.05287885665893555
1778643694.5933907,170.04695105552673,3401,-0.3,0.0,0.05601334571838379
1778643694.6352937,170.08885407447815,3402,-0.3,0.0,0.041903018951416016
1778643694.6877112,170.14127159118652,3403,-0.3,0.0,0.05241751670837402
1778643694.7402368,170.19379711151123,3404,-0.3,0.0,0.05252552032470703
1778643694.7821696,170.23572993278503,3405,-0.3,0.0,0.04193282127380371
1778643694.8346808,170.288241147995,3406,-0.3,0.0,0.05251121520996094
1778643694.8878624,170.3414227962494,3407,-0.3,0.0,0.05318164825439453
1778643694.9400868,170.3936471939087,3408,-0.3,0.0,0.05222439765930176
1778643694.982601,170.43616127967834,3409,0.0,0.0,0.04251408576965332
1778643695.034473,170.48803329467773,3410,0.0,0.0,0.05187201499938965
1778643695.0871108,170.5406711101532,3411,0.0,0.0,0.05263781547546387
1778643695.139678,170.59323835372925,3412,0.0,0.0,0.052567243576049805
1778643695.1818388,170.63539910316467,3413,0.0,0.0,0.042160749435424805
1778643695.23474,170.68830037117004,3414,0.0,0.0,0.052901268005371094
1778643695.2872798,170.7408401966095,3415,0.0,0.0,0.052539825439453125
1778643695.3397512,170.79331159591675,3416,0.0,0.0,0.05247139930725098
1778643695.3919842,170.8455445766449,3417,0.0,0.0,0.052232980728149414
1778643695.4340632,170.8876235485077,3418,0.0,0.0,0.04207897186279297
1778643695.486559,170.94011926651,3419,0.0,0.0,0.052495718002319336
1778643695.5390399,170.99260020256042,3420,0.0,0.0,0.05248093605041504
1778643695.5917916,171.0453519821167,3421,0.0,0.0,0.052751779556274414
1778643695.6341944,171.0877547264099,3422,0.0,0.0,0.04240274429321289
1778643695.6862535,171.1398138999939,3423,0.0,0.0,0.052059173583984375
1778643695.738591,171.1921513080597,3424,0.0,0.0,0.0523374080657959
1778643695.7912621,171.24482250213623,3425,0.0,0.0,0.052671194076538086
1778643695.83367,171.2872302532196,3426,0.0,0.0,0.04240775108337402
1778643695.886659,171.34021925926208,3427,0.0,0.0,0.05298900604248047
1778643695.9423752,171.3959355354309,3428,0.0,0.0,0.05571627616882324
1778643695.9847863,171.4383466243744,3429,0.0,1.0,0.042411088943481445
1778643696.037761,171.49132132530212,3430,0.0,1.0,0.052974700927734375
1778643696.0899718,171.54353213310242,3431,0.0,1.0,0.05221080780029297
1778643696.1320705,171.58563089370728,3432,0.0,1.0,0.0420987606048584
1778643696.1846182,171.63817858695984,3433,0.0,0.0,0.05254769325256348
1778643696.2371118,171.69067215919495,3434,0.0,0.0,0.05249357223510742
1778643696.2895017,171.74306201934814,3435,0.0,0.0,0.05238986015319824
1778643696.3422372,171.79579758644104,3436,0.0,0.0,0.05273556709289551
1778643696.3843973,171.83795762062073,3437,0.0,0.0,0.0421600341796875
1778643696.4367425,171.89030289649963,3438,0.0,0.0,0.05234527587890625
1778643696.489599,171.94315934181213,3439,0.0,1.0,0.0528564453125
1778643696.5423908,171.9959511756897,3440,0.0,1.0,0.05279183387756348
1778643696.5846364,172.03819680213928,3441,0.0,1.0,0.04224562644958496
1778643696.6379187,172.09147906303406,3442,0.0,1.0,0.05328226089477539
1778643696.6905453,172.1441056728363,3443,0.0,1.0,0.052626609802246094
1778643696.7324944,172.1860547065735,3444,0.0,1.0,0.04194903373718262
1778643696.785405,172.23896527290344,3445,0.0,1.0,0.052910566329956055
1778643696.8382187,172.29177904129028,3446,0.0,1.0,0.05281376838684082
1778643696.8908563,172.34441661834717,3447,0.0,1.0,0.052637577056884766
1778643696.9332335,172.38679385185242,3448,0.0,1.0,0.04237723350524902
1778643696.9864483,172.4400086402893,3449,0.0,1.0,0.05321478843688965
1778643697.0395331,172.4930934906006,3450,0.0,1.0,0.0530848503112793
1778643697.0819232,172.5354835987091,3451,0.0,1.0,0.04239010810852051
1778643697.1347256,172.58828592300415,3452,0.0,1.0,0.052802324295043945
1778643697.187589,172.64114928245544,3453,0.0,1.0,0.052863359451293945
1778643697.2405202,172.69408059120178,3454,0.0,1.0,0.05293130874633789
1778643697.2823443,172.73590469360352,3455,0.0,1.0,0.0418241024017334
1778643697.3345344,172.78809475898743,3456,0.0,1.0,0.05219006538391113
1778643697.3871174,172.8406777381897,3457,0.0,1.0,0.05258297920227051
1778643697.4394855,172.8930459022522,3458,0.0,1.0,0.0523681640625
1778643697.4919262,172.94548654556274,3459,0.0,1.0,0.052440643310546875
1778643697.53426,172.9878203868866,3460,0.0,1.0,0.04233384132385254
1778643697.5873134,173.04087376594543,3461,0.0,1.0,0.05305337905883789
1778643697.6397994,173.093359708786,3462,0.0,0.0,0.05248594284057617
1778643697.6820586,173.1356189250946,3463,0.0,0.0,0.04225921630859375
1778643697.735046,173.18860626220703,3464,0.0,0.0,0.05298733711242676
1778643697.7874901,173.24105048179626,3465,0.0,0.0,0.0524442195892334
1778643697.8402421,173.29380249977112,3466,0.0,0.0,0.052752017974853516
1778643697.88266,173.33622026443481,3467,0.0,0.0,0.04241776466369629
1778643697.935217,173.38877725601196,3468,0.0,0.0,0.05255699157714844
1778643697.9875066,173.44106698036194,3469,0.0,0.0,0.052289724349975586
1778643698.0397282,173.4932885169983,3470,0.0,0.0,0.05222153663635254
1778643698.0921688,173.54572916030884,3471,0.0,0.0,0.052440643310546875
1778643698.134047,173.58760738372803,3472,0.0,0.0,0.04187822341918945
1778643698.1876996,173.64125990867615,3473,0.0,1.0,0.05365252494812012
1778643698.2404003,173.6939606666565,3474,0.0,1.0,0.05270075798034668
1778643698.2825012,173.73606157302856,3475,0.0,1.0,0.04210090637207031
1778643698.3352456,173.7888059616089,3476,0.0,1.0,0.052744388580322266
1778643698.387898,173.84145832061768,3477,0.0,0.0,0.05265235900878906
1778643698.440824,173.89438438415527,3478,0.0,0.0,0.052926063537597656
1778643698.4833925,173.93695282936096,3479,0.0,0.0,0.04256844520568848
1778643698.5362914,173.98985171318054,3480,0.0,0.0,0.05289888381958008
1778643698.589514,174.04307436943054,3481,0.0,0.0,0.05322265625
1778643698.6425254,174.09608578681946,3482,0.0,0.0,0.053011417388916016
1778643698.6850235,174.1385838985443,3483,0.0,1.0,0.042498111724853516
1778643698.7378592,174.19141960144043,3484,0.0,1.0,0.052835702896118164
1778643698.790766,174.24432635307312,3485,0.0,1.0,0.05290675163269043
1778643698.8324258,174.28598618507385,3486,0.0,1.0,0.04165983200073242
1778643698.8846433,174.33820366859436,3487,0.0,1.0,0.05221748352050781
1778643698.9365752,174.3901355266571,3488,0.0,1.0,0.05193185806274414
1778643698.988839,174.44239926338196,3489,0.0,1.0,0.052263736724853516
1778643699.0412939,174.49485421180725,3490,0.0,1.0,0.05245494842529297
1778643699.0851269,174.5386872291565,3491,0.0,1.0,0.043833017349243164
1778643699.13876,174.5923204421997,3492,0.0,0.0,0.05363321304321289
1778643699.192003,174.64556336402893,3493,0.0,0.0,0.05324292182922363
1778643699.237566,174.69112634658813,3494,0.0,0.0,0.0455629825592041
1778643699.285905,174.73946523666382,3495,0.0,0.0,0.048338890075683594
1778643699.3379602,174.79152059555054,3496,0.0,0.0,0.05205535888671875
1778643699.3894756,174.8430359363556,3497,0.0,0.0,0.05151534080505371
1778643699.441225,174.89478540420532,3498,0.0,0.0,0.051749467849731445
1778643699.482722,174.93628239631653,3499,0.0,0.0,0.041496992111206055
1778643699.5344646,174.98802495002747,3500,0.0,0.0,0.0517425537109375
1778643699.5861013,175.03966164588928,3501,0.0,1.0,0.051636695861816406
1778643699.638156,175.09171628952026,3502,0.0,1.0,0.052054643630981445
1778643699.6900094,175.14356970787048,3503,0.0,1.0,0.05185341835021973
1778643699.732324,175.18588423728943,3504,0.0,1.0,0.04231452941894531
1778643699.7849114,175.2384717464447,3505,0.0,0.0,0.05258750915527344
1778643699.8394895,175.2930498123169,3506,0.0,0.0,0.05457806587219238
1778643699.8905554,175.34411573410034,3507,0.0,0.0,0.051065921783447266
1778643699.9329114,175.38647174835205,3508,0.0,0.0,0.042356014251708984
1778643699.9857273,175.4392876625061,3509,0.0,0.0,0.052815914154052734
1778643700.0384402,175.49200057983398,3510,0.0,0.0,0.05271291732788086
1778643700.0912223,175.5447826385498,3511,0.0,0.0,0.05278205871582031
1778643700.1332328,175.5867931842804,3512,0.0,0.0,0.04201054573059082
1778643700.1859596,175.63951992988586,3513,0.0,0.0,0.05272674560546875
1778643700.2390275,175.69258785247803,3514,0.0,0.0,0.053067922592163086
1778643700.2917674,175.74532771110535,3515,0.0,0.0,0.052739858627319336
1778643700.3347008,175.78826117515564,3516,0.0,0.0,0.04293346405029297
1778643700.3877282,175.84128856658936,3517,0.0,0.0,0.05302739143371582
1778643700.441,175.89456033706665,3518,0.0,0.0,0.05327177047729492
1778643700.483296,175.93685626983643,3519,0.0,0.0,0.04229593276977539
1778643700.5360327,175.98959302902222,3520,0.0,0.0,0.052736759185791016
1778643700.5891318,176.04269218444824,3521,0.0,0.0,0.05309915542602539
1778643700.6419413,176.09550166130066,3522,0.0,0.0,0.05280947685241699
1778643700.6838677,176.13742804527283,3523,0.0,0.0,0.04192638397216797
1778643700.7375731,176.1911334991455,3524,0.0,0.0,0.053705453872680664
1778643700.7898512,176.2434115409851,3525,0.0,0.0,0.05227804183959961
1778643700.831852,176.28541231155396,3526,0.0,0.0,0.042000770568847656
1778643700.8844771,176.33803749084473,3527,0.0,0.0,0.052625179290771484
1778643700.9371655,176.39072585105896,3528,0.0,0.0,0.0526883602142334
1778643700.99005,176.4436104297638,3529,0.0,0.0,0.052884578704833984
1778643701.032191,176.48575139045715,3530,0.0,0.0,0.042140960693359375
1778643701.084828,176.5383882522583,3531,0.0,0.0,0.05263686180114746
1778643701.1376266,176.59118700027466,3532,0.0,0.0,0.05279874801635742
1778643701.1904774,176.64403772354126,3533,0.0,0.0,0.05285072326660156
1778643701.2321572,176.68571758270264,3534,0.3,0.0,0.04167985916137695
1778643701.2849731,176.7385334968567,3535,0.3,0.0,0.052815914154052734
1778643701.3388162,176.7923765182495,3536,0.3,0.0,0.053843021392822266
1778643701.3910253,176.84458565711975,3537,0.3,0.0,0.05220913887023926
1778643701.4332523,176.88681268692017,3538,0.0,0.0,0.04222702980041504
1778643701.4863157,176.93987607955933,3539,0.0,0.0,0.053063392639160156
1778643701.5382142,176.991774559021,3540,0.0,0.0,0.05189847946166992
1778643701.5907357,177.04429602622986,3541,0.0,0.0,0.052521467208862305
1778643701.6326213,177.086181640625,3542,0.0,0.0,0.0418856143951416
1778643701.6852121,177.13877248764038,3543,0.0,0.0,0.05259084701538086
1778643701.7377138,177.19127416610718,3544,0.0,0.0,0.052501678466796875
1778643701.7902584,177.2438187599182,3545,0.0,0.0,0.052544593811035156
1778643701.8331614,177.28672170639038,3546,0.0,0.0,0.04290294647216797
1778643701.886383,177.33994340896606,3547,0.0,0.0,0.053221702575683594
1778643701.93883,177.39239025115967,3548,0.0,0.0,0.052446842193603516
1778643701.991246,177.44480633735657,3549,0.0,0.0,0.052416086196899414
1778643702.0337756,177.48733592033386,3550,0.0,0.0,0.04252958297729492
1778643702.0863981,177.53995847702026,3551,0.0,0.0,0.05262255668640137
1778643702.1392515,177.59281182289124,3552,0.0,0.0,0.05285334587097168
1778643702.1919227,177.64548301696777,3553,0.0,0.0,0.052671194076538086
1778643702.23423,177.68779039382935,3554,0.0,0.0,0.042307376861572266
1778643702.2871482,177.74070858955383,3555,0.0,0.0,0.052918195724487305
1778643702.3403742,177.79393458366394,3556,0.0,0.0,0.05322599411010742
1778643702.3830373,177.83659768104553,3557,0.0,0.0,0.0426630973815918
1778643702.4354215,177.88898181915283,3558,0.0,0.0,0.052384138107299805
1778643702.4881058,177.94166612625122,3559,0.0,0.0,0.05268430709838867
1778643702.5406811,177.99424147605896,3560,0.0,0.0,0.05257534980773926
1778643702.582629,178.03618931770325,3561,0.0,0.0,0.04194784164428711
1778643702.635257,178.08881735801697,3562,0.0,0.0,0.0526280403137207
1778643702.6880198,178.14158010482788,3563,0.0,0.0,0.052762746810913086
1778643702.7406726,178.19423294067383,3564,0.0,0.0,0.052652835845947266
1778643702.7833254,178.23688578605652,3565,0.3,0.0,0.04265284538269043
1778643702.8361723,178.28973269462585,3566,0.3,0.0,0.05284690856933594
1778643702.8886907,178.3422510623932,3567,0.3,0.0,0.052518367767333984
1778643702.9413137,178.39487409591675,3568,0.3,0.0,0.05262303352355957
1778643702.9835277,178.4370880126953,3569,0.0,0.0,0.04221391677856445
1778643703.0360024,178.48956274986267,3570,0.0,0.0,0.0524747371673584
1778643703.0886152,178.54217553138733,3571,0.0,0.0,0.0526127815246582
1778643703.1412208,178.59478116035461,3572,0.0,0.0,0.052605628967285156
1778643703.1859853,178.6395456790924,3573,0.0,0.0,0.04476451873779297
1778643703.2379873,178.6915476322174,3574,0.0,0.0,0.052001953125
1778643703.289905,178.74346542358398,3575,0.0,0.0,0.05191779136657715
1778643703.3317282,178.7852885723114,3576,0.0,0.0,0.04182314872741699
1778643703.3848577,178.83841800689697,3577,0.0,0.0,0.05312943458557129
1778643703.4387758,178.8923361301422,3578,0.0,0.0,0.05391812324523926
1778643703.491332,178.94489240646362,3579,0.0,0.0,0.05255627632141113
1778643703.5334454,178.9870057106018,3580,0.0,0.0,0.042113304138183594
1778643703.5895343,179.04309463500977,3581,0.0,0.0,0.056088924407958984
1778643703.641646,179.09520626068115,3582,0.0,0.0,0.05211162567138672
1778643703.6833336,179.13689398765564,3583,0.0,0.0,0.041687726974487305
1778643703.73927,179.19283032417297,3584,0.0,0.0,0.055936336517333984
1778643703.7923474,179.2459077835083,3585,0.0,0.0,0.05307745933532715
1778643703.8345008,179.28806114196777,3586,0.0,0.0,0.042153358459472656
1778643703.8863978,179.33995819091797,3587,0.0,0.0,0.05189704895019531
1778643703.9397132,179.39327359199524,3588,0.0,0.0,0.05331540107727051
1778643703.984289,179.43784928321838,3589,0.0,0.0,0.04457569122314453
1778643704.0355735,179.48913383483887,3590,0.0,0.0,0.0512845516204834
1778643704.087712,179.5412724018097,3591,0.0,0.0,0.052138566970825195
1778643704.1398988,179.5934591293335,3592,0.0,0.0,0.05218672752380371
1778643704.181928,179.63548827171326,3593,0.0,0.0,0.04202914237976074
1778643704.234941,179.68850135803223,3594,0.0,0.0,0.05301308631896973
1778643704.287926,179.74148631095886,3595,0.0,0.0,0.05298495292663574
1778643704.34101,179.7945704460144,3596,0.0,0.0,0.05308413505554199
1778643704.3840961,179.83765649795532,3597,0.0,0.0,0.04308605194091797
1778643704.436289,179.88984942436218,3598,0.0,0.0,0.05219292640686035
1778643704.4890358,179.9425961971283,3599,0.0,0.0,0.05274677276611328
1778643704.5420156,179.9955759048462,3600,0.0,0.0,0.05297970771789551
1778643704.5838177,180.03737807273865,3601,0.0,0.0,0.041802167892456055
1778643704.6362305,180.08979082107544,3602,0.0,0.0,0.05241274833679199
1778643704.6883557,180.14191603660583,3603,0.3,0.0,0.05212521553039551
1778643704.7411938,180.19475412368774,3604,0.3,0.0,0.05283808708190918
1778643704.7834532,180.23701357841492,3605,0.3,0.0,0.04225945472717285
1778643704.8358114,180.2893717288971,3606,0.0,0.0,0.052358150482177734
1778643704.8885884,180.34214878082275,3607,0.0,0.0,0.05277705192565918
1778643704.941348,180.39490842819214,3608,0.0,0.0,0.052759647369384766
1778643704.9834547,180.4370150566101,3609,0.0,0.0,0.04210662841796875
1778643705.0363638,180.4899241924286,3610,0.0,0.0,0.052909135818481445
1778643705.0889652,180.54252552986145,3611,0.0,0.0,0.05260133743286133
1778643705.1417062,180.59526658058167,3612,0.0,0.0,0.052741050720214844
1778643705.1838572,180.63741755485535,3613,0.0,0.0,0.04215097427368164
1778643705.236536,180.69009637832642,3614,0.0,0.0,0.052678823471069336
1778643705.2887678,180.74232816696167,3615,0.0,0.0,0.052231788635253906
1778643705.3412821,180.79484248161316,3616,0.0,0.0,0.05251431465148926
1778643705.38321,180.8367702960968,3617,0.0,0.0,0.04192781448364258
1778643705.435812,180.8893723487854,3618,0.0,0.0,0.05260205268859863
1778643705.4883313,180.94189167022705,3619,0.0,0.0,0.05251932144165039
1778643705.5421567,180.99571704864502,3620,0.0,0.0,0.05382537841796875
1778643705.5832374,181.03679776191711,3621,0.0,0.0,0.04108071327209473
1778643705.635998,181.08955836296082,3622,0.0,0.0,0.05276060104370117
1778643705.689572,181.1431324481964,3623,0.0,0.0,0.0535740852355957
1778643705.7413042,181.19486451148987,3624,0.0,0.0,0.05173206329345703
1778643705.783307,181.23686742782593,3625,0.0,0.0,0.04200291633605957
1778643705.8357952,181.28935551643372,3626,0.0,0.0,0.052488088607788086
1778643705.8888605,181.3424208164215,3627,0.0,0.0,0.05306529998779297
1778643705.9418526,181.39541292190552,3628,0.0,0.0,0.05299210548400879
1778643705.9842703,181.4378306865692,3629,0.0,0.0,0.04241776466369629
1778643706.0369399,181.4905002117157,3630,0.0,0.0,0.052669525146484375
1778643706.089373,181.5429334640503,3631,0.0,0.0,0.05243325233459473
1778643706.1423712,181.59593152999878,3632,0.0,0.0,0.05299806594848633
1778643706.1843858,181.63794612884521,3633,0.0,0.0,0.04201459884643555
1778643706.237077,181.6906373500824,3634,0.0,0.0,0.05269122123718262
1778643706.2900832,181.74364352226257,3635,0.0,0.0,0.05300617218017578
1778643706.3323224,181.78588271141052,3636,0.0,0.0,0.04223918914794922
1778643706.3852859,181.83884620666504,3637,0.0,0.0,0.0529634952545166
1778643706.4385788,181.89213919639587,3638,0.0,0.0,0.05329298973083496
1778643706.4901886,181.94374895095825,3639,0.0,0.0,0.05160975456237793
1778643706.532441,181.98600125312805,3640,0.0,0.0,0.042252302169799805
1778643706.5852234,182.03878378868103,3641,0.0,0.0,0.052782535552978516
1778643706.6378953,182.0914556980133,3642,0.0,0.0,0.05267190933227539
1778643706.6905696,182.14412999153137,3643,0.0,0.0,0.052674293518066406
1778643706.732514,182.18607425689697,3644,0.0,0.0,0.041944265365600586
1778643706.7856514,182.23921179771423,3645,0.0,0.0,0.05313754081726074
1778643706.8380542,182.2916145324707,3646,0.0,0.0,0.05240273475646973
1778643706.8899941,182.34355449676514,3647,0.0,0.0,0.051939964294433594
1778643706.9319649,182.38552522659302,3648,0.0,0.0,0.04197072982788086
1778643706.9844794,182.4380397796631,3649,0.0,0.0,0.05251455307006836
1778643707.0371075,182.4906678199768,3650,0.0,0.0,0.0526280403137207
1778643707.0893865,182.54294681549072,3651,0.0,0.0,0.052278995513916016
1778643707.142201,182.5957612991333,3652,0.0,0.0,0.052814483642578125
1778643707.1843452,182.63790559768677,3653,0.0,0.0,0.0421442985534668
1778643707.2369165,182.69047689437866,3654,0.0,0.0,0.05257129669189453
1778643707.2895598,182.74312019348145,3655,0.0,0.0,0.0526432991027832
1778643707.3423219,182.79588222503662,3656,0.0,0.0,0.05276203155517578
1778643707.3841708,182.83773112297058,3657,0.0,0.0,0.04184889793395996
1778643707.4366624,182.89022278785706,3658,0.0,0.0,0.05249166488647461
1778643707.4893553,182.9429156780243,3659,0.0,0.0,0.05269289016723633
1778643707.5427477,182.9963080883026,3660,0.0,0.0,0.05339241027832031
1778643707.5850062,183.03856658935547,3661,0.0,0.0,0.042258501052856445
1778643707.6375093,183.09106969833374,3662,0.0,0.0,0.052503108978271484
1778643707.68974,183.1433002948761,3663,0.0,0.0,0.0522305965423584
1778643707.7422423,183.19580268859863,3664,0.0,0.0,0.05250239372253418
1778643707.7843523,183.2379126548767,3665,0.0,0.0,0.04210996627807617
1778643707.8373902,183.2909505367279,3666,0.0,0.0,0.05303788185119629
1778643707.8904626,183.34402298927307,3667,0.0,0.0,0.053072452545166016
1778643707.9333014,183.38686180114746,3668,0.0,0.0,0.04283881187438965
1778643707.986344,183.43990445137024,3669,0.0,0.0,0.05304265022277832
1778643708.0396857,183.4932460784912,3670,0.0,0.0,0.05334162712097168
1778643708.082025,183.53558540344238,3671,0.0,0.0,0.042339324951171875
1778643708.134264,183.587824344635,3672,0.0,0.0,0.05223894119262695
1778643708.1865845,183.6401448249817,3673,0.0,0.0,0.05232048034667969
1778643708.2389028,183.69246315956116,3674,0.0,0.0,0.05231833457946777
1778643708.2917738,183.74533414840698,3675,0.0,0.0,0.052870988845825195
1778643708.3335757,183.78713607788086,3676,0.0,0.0,0.04180192947387695
1778643708.386225,183.83978533744812,3677,0.0,0.0,0.05264925956726074
1778643708.438651,183.89221143722534,3678,0.0,0.0,0.05242609977722168
1778643708.4916315,183.94519186019897,3679,0.0,0.0,0.05298042297363281
1778643708.5340586,183.98761892318726,3680,0.0,0.0,0.04242706298828125
1778643708.5865476,184.04010796546936,3681,0.0,0.0,0.05248904228210449
1778643708.6391072,184.09266757965088,3682,0.0,0.0,0.052559614181518555
1778643708.6917174,184.14527773857117,3683,0.0,0.0,0.052610158920288086
1778643708.7337244,184.18728470802307,3684,0.0,0.0,0.0420069694519043
1778643708.7865393,184.2400996685028,3685,0.0,0.0,0.05281496047973633
1778643708.8394072,184.2929675579071,3686,0.0,0.0,0.052867889404296875
1778643708.8926775,184.34623789787292,3687,0.0,0.0,0.05327033996582031
1778643708.9350202,184.3885805606842,3688,0.0,0.0,0.0423426628112793
1778643708.9877946,184.4413549900055,3689,0.0,0.0,0.05277442932128906
1778643709.0412223,184.49478268623352,3690,0.0,0.0,0.053427696228027344
1778643709.0842562,184.53781652450562,3691,0.0,0.0,0.04303383827209473
1778643709.1370785,184.5906388759613,3692,0.0,0.0,0.05282235145568848
1778643709.1899676,184.64352798461914,3693,0.0,0.0,0.052889108657836914
1778643709.2321997,184.68576002120972,3694,0.0,0.0,0.04223203659057617
1778643709.2850296,184.73859000205994,3695,0.0,0.0,0.05282998085021973
1778643709.3377528,184.79131317138672,3696,0.0,0.0,0.05272316932678223
1778643709.390509,184.84406924247742,3697,0.0,0.0,0.05275607109069824
1778643709.4326384,184.88619875907898,3698,0.0,0.0,0.0421295166015625
1778643709.4852514,184.93881177902222,3699,0.0,0.0,0.052613019943237305
1778643709.5382462,184.9918065071106,3700,0.0,0.0,0.052994728088378906
1778643709.5912921,185.04485249519348,3701,0.0,0.0,0.05304598808288574
1778643709.6332667,185.08682703971863,3702,0.0,0.0,0.041974544525146484
1778643709.685844,185.139404296875,3703,0.0,0.0,0.05257725715637207
1778643709.738091,185.19165134429932,3704,0.0,0.0,0.052247047424316406
1778643709.7902613,185.24382162094116,3705,0.0,0.0,0.0521702766418457
1778643709.8319159,185.28547620773315,3706,0.0,0.0,0.04165458679199219
1778643709.8840497,185.3376100063324,3707,0.0,0.0,0.052133798599243164
1778643709.937307,185.39086723327637,3708,0.0,0.0,0.05325722694396973
1778643709.9899895,185.4435498714447,3709,0.0,0.0,0.05268263816833496
1778643710.0321586,185.4857189655304,3710,0.0,0.0,0.04216909408569336
1778643710.0841494,185.53770971298218,3711,0.0,0.0,0.05199074745178223
1778643710.1363676,185.58992791175842,3712,0.0,0.0,0.05221819877624512
1778643710.1883538,185.6419141292572,3713,0.0,0.0,0.0519862174987793
1778643710.2406726,185.69423294067383,3714,0.0,0.0,0.05231881141662598
1778643710.282922,185.73648238182068,3715,0.0,0.0,0.042249441146850586
1778643710.3363733,185.78993368148804,3716,0.0,0.0,0.0534512996673584
1778643710.388421,185.84198141098022,3717,0.0,0.0,0.0520477294921875
1778643710.440294,185.89385437965393,3718,0.0,0.0,0.051872968673706055
1778643710.4822452,185.93580555915833,3719,0.0,0.0,0.04195117950439453
1778643710.5344949,185.988055229187,3720,0.0,0.0,0.05224967002868652
1778643710.5869315,186.0404918193817,3721,0.0,0.0,0.05243659019470215
1778643710.6392303,186.0927906036377,3722,0.0,0.0,0.052298784255981445
1778643710.6918132,186.14537358283997,3723,0.0,0.0,0.05258297920227051
1778643710.7337713,186.18733167648315,3724,0.0,0.0,0.04195809364318848
1778643710.7885363,186.24209666252136,3725,0.0,0.0,0.05476498603820801
1778643710.8390481,186.29260849952698,3726,0.0,0.0,0.050511837005615234
1778643710.8866968,186.34025716781616,3727,0.0,0.0,0.04764866828918457
1778643710.9355607,186.38912105560303,3728,0.0,0.0,0.048863887786865234
1778643710.987472,186.44103240966797,3729,0.0,0.0,0.051911354064941406
1778643711.0397956,186.49335598945618,3730,0.0,0.0,0.05232357978820801
1778643711.0920835,186.54564380645752,3731,0.0,0.0,0.05228781700134277
1778643711.1341321,186.58769249916077,3732,0.0,0.0,0.04204869270324707
1778643711.18921,186.64277029037476,3733,0.0,0.0,0.05507779121398926
1778643711.2411673,186.69472765922546,3734,0.0,0.0,0.05195736885070801
1778643711.2829223,186.73648262023926,3735,0.0,0.0,0.041754961013793945
1778643711.3350484,186.78860878944397,3736,0.0,0.0,0.052126169204711914
1778643711.387985,186.84154534339905,3737,0.0,0.0,0.052936553955078125
1778643711.440957,186.8945174217224,3738,0.0,0.0,0.05297207832336426
1778643711.4892528,186.94281315803528,3739,0.0,0.0,0.04829573631286621
1778643711.5372887,186.99084901809692,3740,0.0,0.0,0.04803586006164551
1778643711.589585,187.04314541816711,3741,0.0,0.0,0.05229640007019043
1778643711.6425056,187.0960659980774,3742,0.0,0.0,0.05292057991027832
1778643711.6845121,187.13807249069214,3743,0.0,0.0,0.042006492614746094
1778643711.7386312,187.19219160079956,3744,0.0,0.0,0.054119110107421875
1778643711.790823,187.24438333511353,3745,0.0,0.0,0.052191734313964844
1778643711.8324964,187.28605675697327,3746,0.0,0.0,0.04167342185974121
1778643711.8854485,187.339008808136,3747,0.0,0.0,0.05295205116271973
1778643711.9386332,187.3921935558319,3748,0.0,0.0,0.05318474769592285
1778643711.9911575,187.44471788406372,3749,0.0,0.0,0.05252432823181152
1778643712.0336978,187.48725819587708,3750,0.0,0.0,0.04254031181335449
1778643712.0866547,187.54021501541138,3751,0.0,0.0,0.05295681953430176
1778643712.1396759,187.59323620796204,3752,0.0,0.0,0.05302119255065918
1778643712.1929684,187.6465287208557,3753,0.0,0.0,0.05329251289367676
1778643712.2354586,187.68901896476746,3754,0.0,0.0,0.042490243911743164
1778643712.2899415,187.7435019016266,3755,0.0,0.0,0.05448293685913086
1778643712.3404417,187.79400205612183,3756,0.0,0.0,0.05050015449523926
1778643712.3826444,187.83620476722717,3757,0.0,0.0,0.04220271110534668
1778643712.4365222,187.89008259773254,3758,0.0,0.0,0.053877830505371094
1778643712.4891832,187.94274353981018,3759,0.0,0.0,0.05266094207763672
1778643712.5421705,187.9957308769226,3760,0.0,0.0,0.05298733711242676
1778643712.5843368,188.03789710998535,3761,0.0,0.0,0.04216623306274414
1778643712.6370184,188.09057879447937,3762,0.0,0.0,0.052681684494018555
1778643712.6897388,188.1432991027832,3763,0.0,0.0,0.05272030830383301
1778643712.742242,188.19580245018005,3764,0.0,0.0,0.052503347396850586
1778643712.7843482,188.23790860176086,3765,0.0,0.0,0.04210615158081055
1778643712.8371246,188.2906849384308,3766,0.0,0.0,0.052776336669921875
1778643712.8898501,188.34341049194336,3767,0.0,0.0,0.05272555351257324
1778643712.9320102,188.38557052612305,3768,0.0,0.0,0.0421600341796875
1778643712.9848945,188.4384548664093,3769,0.0,0.0,0.05288434028625488
1778643713.0372872,188.49084758758545,3770,0.0,0.0,0.05239272117614746
1778643713.090321,188.5438814163208,3771,0.0,0.0,0.05303382873535156
1778643713.132289,188.58584928512573,3772,0.0,0.0,0.04196786880493164
1778643713.1847985,188.63835883140564,3773,0.0,0.0,0.05250954627990723
1778643713.237685,188.6912453174591,3774,0.0,0.0,0.0528864860534668
1778643713.2899914,188.74355173110962,3775,0.0,0.0,0.052306413650512695
1778643713.3319645,188.7855248451233,3776,0.0,0.0,0.041973114013671875
1778643713.3845708,188.8381311893463,3777,0.0,0.0,0.05260634422302246
1778643713.437228,188.89078831672668,3778,0.0,0.0,0.052657127380371094
1778643713.4896734,188.9432337284088,3779,0.0,0.0,0.052445411682128906
1778643713.5422788,188.99583911895752,3780,0.0,0.0,0.052605390548706055
1778643713.584576,189.0381362438202,3781,0.0,0.0,0.0422971248626709
1778643713.6370842,189.0906445980072,3782,0.0,0.0,0.05250835418701172
1778643713.6898458,189.14340615272522,3783,0.0,0.0,0.05276155471801758
1778643713.7323582,189.18591856956482,3784,0.0,0.0,0.04251241683959961
1778643713.7853987,189.23895907402039,3785,0.0,0.0,0.053040504455566406
1778643713.8385832,189.29214358329773,3786,0.0,0.0,0.05318450927734375
1778643713.8911633,189.34472370147705,3787,0.0,0.0,0.05258011817932129
1778643713.9334345,189.3869948387146,3788,0.0,0.0,0.04227113723754883
1778643713.986528,189.44008827209473,3789,0.0,0.0,0.05309343338012695
1778643714.0393448,189.4929051399231,3790,0.0,0.0,0.05281686782836914
1778643714.0923424,189.54590272903442,3791,0.0,0.0,0.052997589111328125
1778643714.1341937,189.58775401115417,3792,0.0,0.0,0.04185128211975098
1778643714.18669,189.64025044441223,3793,0.0,0.0,0.05249643325805664
1778643714.2398543,189.69341468811035,3794,0.0,0.0,0.05316424369812012
1778643714.2917228,189.74528312683105,3795,0.0,0.0,0.051868438720703125
1778643714.3341362,189.78769659996033,3796,0.0,0.0,0.04241347312927246
1778643714.3870258,189.84058618545532,3797,0.0,0.0,0.05288958549499512
1778643714.4398596,189.8934199810028,3798,0.0,0.0,0.05283379554748535
1778643714.4822648,189.9358251094818,3799,0.0,0.0,0.042405128479003906
1778643714.535225,189.98878526687622,3800,0.0,0.0,0.05296015739440918
1778643714.5879648,190.04152512550354,3801,0.0,0.0,0.052739858627319336
1778643714.640859,190.09441924095154,3802,0.0,0.0,0.05289411544799805
1778643714.6832974,190.13685774803162,3803,0.0,0.0,0.042438507080078125
1778643714.7362597,190.18982005119324,3804,0.0,0.0,0.052962303161621094
1778643714.7891717,190.24273204803467,3805,0.0,0.0,0.052911996841430664
1778643714.8415926,190.29515290260315,3806,0.0,0.0,0.052420854568481445
1778643714.8836877,190.33724808692932,3807,0.0,0.0,0.042095184326171875
1778643714.9365227,190.3900830745697,3808,0.0,0.0,0.05283498764038086
1778643714.9896219,190.44318222999573,3809,0.0,0.0,0.05309915542602539
1778643715.0413291,190.49488949775696,3810,0.0,0.0,0.05170726776123047
1778643715.0827916,190.5363519191742,3811,0.0,0.0,0.04146242141723633
1778643715.1349254,190.58848571777344,3812,0.0,0.0,0.052133798599243164
1778643715.1875865,190.64114689826965,3813,0.0,0.0,0.05266118049621582
1778643715.2397337,190.69329404830933,3814,0.0,0.0,0.05214715003967285
1778643715.2918181,190.7453784942627,3815,0.0,0.0,0.05208444595336914
1778643715.3337746,190.78733491897583,3816,0.0,0.0,0.041956424713134766
1778643715.3865767,190.8401370048523,3817,0.0,0.0,0.052802085876464844
1778643715.438902,190.89246225357056,3818,0.0,0.0,0.05232524871826172
1778643715.4915934,190.94515371322632,3819,0.0,0.0,0.05269145965576172
1778643715.5334873,190.98704767227173,3820,0.0,0.0,0.041893959045410156
1778643715.5888035,191.04236388206482,3821,0.0,0.0,0.05531620979309082
1778643715.6388552,191.09241557121277,3822,0.0,0.0,0.05005168914794922
1778643715.6912658,191.14482617378235,3823,0.0,0.0,0.05241060256958008
1778643715.7332232,191.1867835521698,3824,0.0,0.0,0.04195737838745117
1778643715.7858274,191.2393877506256,3825,0.0,0.0,0.05260419845581055
1778643715.8384657,191.29202604293823,3826,0.0,0.0,0.05263829231262207
1778643715.8926857,191.34624600410461,3827,0.0,0.0,0.054219961166381836
1778643715.9333801,191.38694047927856,3828,0.0,0.0,0.040694475173950195
1778643715.9860961,191.43965649604797,3829,0.0,0.0,0.05271601676940918
1778643716.0420985,191.49565887451172,3830,0.0,0.0,0.05600237846374512
1778643716.0838532,191.53741359710693,3831,0.0,0.0,0.041754722595214844
1778643716.1362913,191.5898516178131,3832,0.0,0.0,0.05243802070617676
1778643716.1890643,191.64262461662292,3833,0.0,0.0,0.05277299880981445
1778643716.2419364,191.69549679756165,3834,0.0,0.0,0.0528721809387207
1778643716.2840545,191.7376148700714,3835,0.0,0.0,0.042118072509765625
1778643716.3364472,191.79000759124756,3836,0.0,0.0,0.05239272117614746
1778643716.3890076,191.84256792068481,3837,0.0,0.0,0.05256032943725586
1778643716.4424183,191.89597868919373,3838,0.0,0.0,0.05341076850891113
1778643716.4845319,191.9380922317505,3839,0.0,0.0,0.042113542556762695
1778643716.5369475,191.99050784111023,3840,0.0,0.0,0.05241560935974121
1778643716.5895603,192.0431206226349,3841,0.0,0.0,0.0526127815246582
1778643716.6420946,192.09565496444702,3842,0.0,0.0,0.05253434181213379
1778643716.6847336,192.13829398155212,3843,0.0,0.0,0.04263901710510254
1778643716.7372332,192.1907935142517,3844,0.0,0.0,0.05249953269958496
1778643716.7896876,192.24324798583984,3845,0.0,0.0,0.052454471588134766
1778643716.8318427,192.28540301322937,3846,0.0,0.0,0.04215502738952637
1778643716.8844266,192.33798694610596,3847,0.0,0.0,0.052583932876586914
1778643716.9374588,192.39101910591125,3848,0.0,0.0,0.05303215980529785
1778643716.9901757,192.44373607635498,3849,0.0,0.0,0.052716970443725586
1778643717.0325792,192.48613953590393,3850,0.0,0.0,0.042403459548950195
1778643717.0849464,192.53850674629211,3851,0.0,0.0,0.052367210388183594
1778643717.137377,192.59093737602234,3852,0.0,0.0,0.05243062973022461
1778643717.1897411,192.643301486969,3853,0.0,0.0,0.05236411094665527
1778643717.2319796,192.6855399608612,3854,0.0,0.0,0.042238473892211914
1778643717.2850668,192.73862719535828,3855,0.0,0.0,0.05308723449707031
1778643717.337968,192.79152846336365,3856,0.0,0.0,0.052901268005371094
1778643717.3909292,192.84448957443237,3857,0.0,0.0,0.052961111068725586
1778643717.4328995,192.8864598274231,3858,0.0,0.0,0.041970252990722656
1778643717.4854438,192.93900418281555,3859,0.0,0.0,0.052544355392456055
1778643717.5378618,192.99142217636108,3860,0.0,0.0,0.05241799354553223
1778643717.5912323,193.04479265213013,3861,0.0,0.0,0.05337047576904297
1778643717.6354053,193.08896565437317,3862,0.0,0.0,0.04417300224304199
1778643717.687403,193.14096331596375,3863,0.0,0.0,0.05199766159057617
1778643717.7396717,193.19323205947876,3864,0.0,0.0,0.05226874351501465
1778643717.7920735,193.2456338405609,3865,0.0,0.0,0.05240178108215332
1778643717.834201,193.28776144981384,3866,0.0,0.0,0.04212760925292969
1778643717.886727,193.3402874469757,3867,0.0,0.0,0.052525997161865234
1778643717.9389982,193.3925585746765,3868,0.0,0.0,0.052271127700805664
1778643717.9917266,193.44528698921204,3869,0.0,0.0,0.05272841453552246
1778643718.0338733,193.4874336719513,3870,0.0,0.0,0.04214668273925781
1778643718.086368,193.5399284362793,3871,0.0,0.0,0.05249476432800293
1778643718.1394908,193.59305119514465,3872,0.0,0.0,0.053122758865356445
1778643718.1921964,193.64575672149658,3873,0.0,0.0,0.05270552635192871
1778643718.2339952,193.68755555152893,3874,0.0,0.0,0.04179883003234863
1778643718.286443,193.74000334739685,3875,0.0,0.0,0.05244779586791992
1778643718.3388436,193.7924039363861,3876,0.0,0.0,0.05240058898925781
1778643718.3916566,193.8452169895172,3877,0.0,0.0,0.052813053131103516
1778643718.434179,193.88773941993713,3878,0.0,0.0,0.042522430419921875
1778643718.4869368,193.94049715995789,3879,0.0,0.0,0.05275774002075195
1778643718.5398052,193.99336552619934,3880,0.0,0.0,0.05286836624145508
1778643718.5923035,194.04586386680603,3881,0.0,0.0,0.05249834060668945
1778643718.6348784,194.08843874931335,3882,0.0,0.0,0.04257488250732422
1778643718.6876545,194.1412148475647,3883,0.0,0.0,0.05277609825134277
1778643718.7405965,194.1941568851471,3884,0.0,0.0,0.05294203758239746
1778643718.7825193,194.23607969284058,3885,0.0,0.0,0.041922807693481445
1778643718.8352993,194.28885960578918,3886,0.0,0.0,0.0527799129486084
1778643718.8880277,194.3415880203247,3887,0.0,0.0,0.05272841453552246
1778643718.9408789,194.39443922042847,3888,0.0,0.0,0.052851200103759766
1778643718.9830718,194.43663215637207,3889,0.0,0.0,0.042192935943603516
1778643719.0357957,194.4893560409546,3890,0.0,0.0,0.05272388458251953
1778643719.0880585,194.54161882400513,3891,0.0,0.0,0.05226278305053711
1778643719.1413238,194.5948841571808,3892,0.0,0.0,0.05326533317565918
1778643719.1837857,194.63734602928162,3893,0.0,0.0,0.04246187210083008
1778643719.236048,194.689608335495,3894,0.0,0.0,0.052262306213378906
1778643719.28893,194.74249029159546,3895,0.0,0.0,0.05288195610046387
1778643719.3416834,194.7952437400818,3896,0.0,0.0,0.052753448486328125
1778643719.3840368,194.83759713172913,3897,0.0,0.0,0.04235339164733887
1778643719.4365582,194.890118598938,3898,0.0,0.0,0.052521467208862305
1778643719.489368,194.94292831420898,3899,0.0,0.0,0.052809715270996094
1778643719.5421553,194.99571561813354,3900,0.0,0.0,0.05278730392456055
1778643719.5842364,195.03779673576355,3901,0.0,0.0,0.04208111763000488
1778643719.636861,195.09042143821716,3902,0.0,0.0,0.05262470245361328
1778643719.6899877,195.14354801177979,3903,0.0,0.0,0.05312657356262207
1778643719.7320876,195.18564796447754,3904,0.0,0.0,0.042099952697753906
1778643719.7849133,195.23847365379333,3905,0.0,0.0,0.0528256893157959
1778643719.8377643,195.29132461547852,3906,0.0,0.0,0.052850961685180664
1778643719.8908892,195.34444952011108,3907,0.0,0.0,0.05312490463256836
1778643719.9323123,195.38587260246277,3908,0.0,0.0,0.04142308235168457
1778643719.9844675,195.43802785873413,3909,0.0,0.0,0.052155256271362305
1778643720.036867,195.4904272556305,3910,0.0,0.0,0.052399396896362305
1778643720.0894446,195.54300498962402,3911,0.0,0.0,0.05257773399353027
1778643720.141957,195.59551739692688,3912,0.0,0.0,0.052512407302856445
1778643720.1843402,195.6379005908966,3913,0.3,0.0,0.04238319396972656
1778643720.2368262,195.69038653373718,3914,0.3,0.0,0.05248594284057617
1778643720.2895074,195.74306774139404,3915,0.3,0.0,0.05268120765686035
1778643720.3420181,195.79557847976685,3916,0.3,0.0,0.052510738372802734
1778643720.3842478,195.83780813217163,3917,0.0,0.0,0.042229652404785156
1778643720.4365525,195.8901128768921,3918,0.0,0.0,0.052304744720458984
1778643720.4892318,195.94279217720032,3919,0.0,0.0,0.05267930030822754
1778643720.541679,195.9952392578125,3920,0.0,0.0,0.05244708061218262
1778643720.5836456,196.03720593452454,3921,0.0,0.0,0.04196667671203613
1778643720.636384,196.08994436264038,3922,0.0,0.0,0.05273842811584473
1778643720.6887543,196.1423146724701,3923,0.3,0.0,0.052370309829711914
1778643720.7413917,196.1949520111084,3924,0.3,0.0,0.052637338638305664
1778643720.7844434,196.23800373077393,3925,0.3,0.0,0.043051719665527344
1778643720.837189,196.29074931144714,3926,0.3,0.0,0.05274558067321777
1778643720.8894782,196.34303855895996,3927,0.3,0.0,0.05228924751281738
1778643720.9418173,196.3953776359558,3928,0.3,0.0,0.05233907699584961
1778643720.9838192,196.43737959861755,3929,0.3,0.0,0.042001962661743164
1778643721.0366862,196.49024653434753,3930,0.3,0.0,0.05286693572998047
1778643721.0900688,196.5436291694641,3931,0.3,0.0,0.05338263511657715
1778643721.1325,196.58606028556824,3932,0.3,0.0,0.04243111610412598
1778643721.185177,196.63873744010925,3933,0.3,0.0,0.052677154541015625
1778643721.2377794,196.69133973121643,3934,0.3,0.0,0.052602291107177734
1778643721.2902777,196.74383807182312,3935,0.3,0.0,0.05249834060668945
1778643721.332334,196.7858943939209,3936,0.3,0.0,0.04205632209777832
1778643721.3847406,196.83830094337463,3937,0.3,0.0,0.05240654945373535
1778643721.4371927,196.89075303077698,3938,0.3,0.0,0.05245208740234375
1778643721.490011,196.94357132911682,3939,0.3,0.0,0.05281829833984375
1778643721.5323474,196.98590779304504,3940,0.0,0.0,0.042336463928222656
1778643721.58482,197.0383803844452,3941,0.0,0.0,0.052472591400146484
1778643721.6378102,197.09137058258057,3942,0.0,0.0,0.05299019813537598
1778643721.6903431,197.14390349388123,3943,0.0,0.0,0.05253291130065918
1778643721.7325323,197.18609261512756,3944,0.0,0.0,0.04218912124633789
1778643721.785401,197.23896145820618,3945,-0.3,0.0,0.05286884307861328
1778643721.8380852,197.291645526886,3946,-0.3,0.0,0.05268406867980957
1778643721.8910449,197.34460520744324,3947,-0.3,0.0,0.05295968055725098
1778643721.9331942,197.38675451278687,3948,0.0,0.0,0.04214930534362793
1778643721.986694,197.44025444984436,3949,0.0,0.0,0.05349993705749512
1778643722.038658,197.4922182559967,3950,0.0,0.0,0.05196380615234375
1778643722.0915983,197.54515862464905,3951,0.0,0.0,0.05294036865234375
1778643722.1352036,197.58876395225525,3952,0.0,0.0,0.04360532760620117
1778643722.1873837,197.64094400405884,3953,0.0,0.0,0.05218005180358887
1778643722.2397552,197.69331550598145,3954,0.0,0.0,0.05237150192260742
1778643722.2821035,197.73566389083862,3955,-0.3,0.0,0.042348384857177734
1778643722.3364217,197.7899820804596,3956,-0.3,0.0,0.05431818962097168
1778643722.38964,197.84320044517517,3957,-0.3,0.0,0.05321836471557617
1778643722.4320765,197.88563680648804,3958,-0.3,0.0,0.04243636131286621
1778643722.4850261,197.93858647346497,3959,-0.3,0.0,0.05294966697692871
1778643722.5381694,197.99172973632812,3960,-0.3,0.0,0.05314326286315918
1778643722.5905747,198.04413509368896,3961,-0.3,0.0,0.052405357360839844
1778643722.6325243,198.0860846042633,3962,-0.3,0.0,0.04194951057434082
1778643722.6847525,198.13831281661987,3963,-0.3,0.0,0.05222821235656738
1778643722.7378938,198.1914541721344,3964,-0.3,0.0,0.05314135551452637
1778643722.7913017,198.24486207962036,3965,-0.3,0.0,0.053407907485961914
1778643722.8338645,198.28742480278015,3966,-0.3,0.0,0.04256272315979004
1778643722.8865776,198.3401379585266,3967,-0.3,0.0,0.05271315574645996
1778643722.939251,198.39281129837036,3968,-0.3,0.0,0.05267333984375
1778643722.992014,198.44557428359985,3969,-0.3,0.0,0.05276298522949219
1778643723.0344057,198.48796606063843,3970,-0.3,0.0,0.04239177703857422
1778643723.0871067,198.54066705703735,3971,-0.3,0.0,0.05270099639892578
1778643723.1396813,198.59324169158936,3972,-0.3,0.0,0.05257463455200195
1778643723.1820521,198.63561248779297,3973,-0.3,0.0,0.04237079620361328
1778643723.2349918,198.68855214118958,3974,-0.3,0.0,0.052939653396606445
1778643723.2875235,198.74108386039734,3975,-0.3,0.0,0.05253171920776367
1778643723.340182,198.79374241828918,3976,-0.3,0.0,0.0526585578918457
1778643723.382583,198.83614325523376,3977,-0.3,0.0,0.04240083694458008
1778643723.4351225,198.88868284225464,3978,-0.3,0.0,0.05253958702087402
1778643723.4879498,198.9415102005005,3979,-0.3,0.0,0.05282735824584961
1778643723.541084,198.99464440345764,3980,0.0,0.0,0.05313420295715332
1778643723.583183,199.03674340248108,3981,0.0,0.0,0.0420989990234375
1778643723.636066,199.08962631225586,3982,0.0,0.0,0.05288290977478027
1778643723.6888926,199.14245295524597,3983,0.0,0.0,0.052826642990112305
1778643723.7418199,199.19538021087646,3984,0.0,0.0,0.052927255630493164
1778643723.7844093,199.23796963691711,3985,0.0,0.0,0.042589426040649414
1778643723.8379054,199.29146575927734,3986,0.0,0.0,0.05349612236022949
1778643723.8898346,199.34339499473572,3987,0.0,0.0,0.05192923545837402
1778643723.932251,199.38581132888794,3988,0.0,0.0,0.04241633415222168
1778643723.984809,199.4383692741394,3989,0.0,0.0,0.052557945251464844
1778643724.0373878,199.49094820022583,3990,0.0,0.0,0.05257892608642578
1778643724.0901043,199.5436646938324,3991,0.0,0.0,0.05271649360656738
1778643724.1326094,199.58616971969604,3992,0.0,0.0,0.04250502586364746
1778643724.185285,199.6388454437256,3993,0.0,0.0,0.052675724029541016
1778643724.2383335,199.69189381599426,3994,0.0,0.0,0.05304837226867676
1778643724.2908597,199.7444200515747,3995,0.0,0.0,0.052526235580444336
1778643724.3328383,199.7863986492157,3996,0.0,0.0,0.04197859764099121
1778643724.385253,199.83881330490112,3997,0.0,0.0,0.052414655685424805
1778643724.437394,199.89095425605774,3998,0.0,0.0,0.05214095115661621
1778643724.489637,199.9431972503662,3999,0.0,0.0,0.05224299430847168
1778643724.5422783,199.99583864212036,4000,0.0,0.0,0.05264139175415039
1778643724.584369,200.03792929649353,4001,0.0,0.0,0.042090654373168945
1778643724.6368055,200.09036588668823,4002,0.0,0.0,0.05243659019470215
1778643724.6899416,200.14350199699402,4003,0.0,0.0,0.05313611030578613
1778643724.7318552,200.18541550636292,4004,0.0,0.0,0.041913509368896484
1778643724.7845807,200.2381410598755,4005,0.0,0.0,0.05272555351257324
1778643724.8371518,200.2907121181488,4006,0.0,0.0,0.05257105827331543
1778643724.889282,200.34284234046936,4007,0.0,0.0,0.05213022232055664
1778643724.942081,200.3956413269043,4008,0.0,0.0,0.05279898643493652
1778643724.9852505,200.4388108253479,4009,0.0,0.0,0.043169498443603516
1778643725.037492,200.4910523891449,4010,0.0,0.0,0.05224156379699707
1778643725.0899186,200.54347896575928,4011,0.0,0.0,0.05242657661437988
1778643725.142226,200.5957863330841,4012,0.0,0.0,0.0523073673248291
1778643725.1843884,200.63794875144958,4013,0.0,0.0,0.042162418365478516
1778643725.2366989,200.69025921821594,4014,0.0,0.0,0.05231046676635742
1778643725.2890558,200.74261617660522,4015,0.0,0.0,0.05235695838928223
1778643725.3417306,200.79529094696045,4016,0.0,0.0,0.05267477035522461
1778643725.383689,200.83724927902222,4017,0.0,0.0,0.04195833206176758
1778643725.4363236,200.88988399505615,4018,0.0,0.0,0.05263471603393555
1778643725.488827,200.942387342453,4019,0.0,0.0,0.052503347396850586
1778643725.5414941,200.9950544834137,4020,0.0,0.0,0.05266714096069336
1778643725.5833232,201.0368835926056,4021,0.0,0.0,0.04182910919189453
1778643725.635887,201.08944725990295,4022,0.0,0.0,0.05256366729736328
1778643725.6883025,201.1418628692627,4023,0.0,0.0,0.05241560935974121
1778643725.7408779,201.19443821907043,4024,0.0,0.0,0.05257534980773926
1778643725.7827346,201.2362949848175,4025,0.0,0.0,0.04185676574707031
1778643725.8350806,201.28864097595215,4026,0.0,0.0,0.052345991134643555
1778643725.8873727,201.34093308448792,4027,0.0,0.0,0.0522921085357666
1778643725.9399674,201.39352774620056,4028,0.0,0.0,0.052594661712646484
1778643725.9922805,201.4458408355713,4029,0.0,0.0,0.05231308937072754
1778643726.0340772,201.48763751983643,4030,0.0,0.0,0.04179668426513672
1778643726.086529,201.5400893688202,4031,0.0,0.0,0.05245184898376465
1778643726.1392407,201.59280109405518,4032,0.0,0.0,0.05271172523498535
1778643726.1919549,201.64551520347595,4033,0.0,0.0,0.05271410942077637
1778643726.2340255,201.68758583068848,4034,0.0,0.0,0.042070627212524414
1778643726.2869344,201.74049472808838,4035,0.0,0.0,0.052908897399902344
1778643726.339675,201.79323530197144,4036,0.0,0.0,0.05274057388305664
1778643726.3817604,201.83532071113586,4037,0.0,0.0,0.04208540916442871
1778643726.4342704,201.88783073425293,4038,0.0,0.0,0.05251002311706543
1778643726.4870176,201.9405779838562,4039,0.0,0.0,0.052747249603271484
1778643726.5399294,201.99348974227905,4040,0.0,0.0,0.05291175842285156
1778643726.5823908,202.03595113754272,4041,0.0,0.0,0.042461395263671875
1778643726.634881,202.08844137191772,4042,0.0,0.0,0.052490234375
1778643726.6877182,202.14127850532532,4043,0.0,0.0,0.05283713340759277
1778643726.7401702,202.19373059272766,4044,0.0,0.0,0.05245208740234375
1778643726.7838886,202.23744893074036,4045,0.0,0.0,0.04371833801269531
1778643726.8360462,202.2896065711975,4046,0.0,0.0,0.05215764045715332
1778643726.8884215,202.34198188781738,4047,0.0,0.0,0.05237531661987305
1778643726.940517,202.3940773010254,4048,0.0,0.0,0.05209541320800781
1778643726.981958,202.4355182647705,4049,0.0,0.0,0.04144096374511719
1778643727.0346205,202.4881808757782,4050,0.0,0.0,0.05266261100769043
1778643727.0875041,202.54106450080872,4051,0.0,0.0,0.05288362503051758
1778643727.1398873,202.5934476852417,4052,0.0,0.0,0.0523831844329834
1778643727.1818936,202.63545393943787,4053,0.0,0.0,0.04200625419616699
1778643727.2347474,202.688307762146,4054,0.0,0.0,0.05285382270812988
1778643727.287072,202.74063229560852,4055,0.0,0.0,0.052324533462524414
1778643727.339721,202.7932813167572,4056,0.0,0.0,0.05264902114868164
1778643727.3824248,202.83598518371582,4057,0.0,0.0,0.042703866958618164
1778643727.4356995,202.88925981521606,4058,0.0,0.0,0.05327463150024414
1778643727.4887614,202.94232177734375,4059,0.0,0.0,0.05306196212768555
1778643727.5412073,202.99476766586304,4060,0.0,0.0,0.05244588851928711
1778643727.5834491,203.03700947761536,4061,0.0,0.0,0.042241811752319336
1778643727.6362092,203.0897696018219,4062,0.0,0.0,0.05276012420654297
1778643727.6883776,203.1419379711151,4063,0.0,0.0,0.05216836929321289
1778643727.7408736,203.194433927536,4064,0.0,0.0,0.05249595642089844
1778643727.7827828,203.23634314537048,4065,0.0,0.0,0.041909217834472656
1778643727.835594,203.28915429115295,4066,0.0,0.0,0.0528111457824707
1778643727.8887281,203.3422884941101,4067,0.0,0.0,0.05313420295715332
1778643727.9420805,203.39564085006714,4068,0.0,0.0,0.05335235595703125
1778643727.9847162,203.43827652931213,4069,0.0,0.0,0.04263567924499512
1778643728.0383096,203.49186992645264,4070,0.0,0.0,0.05359339714050293
1778643728.0908003,203.5443606376648,4071,0.0,0.0,0.0524907112121582
1778643728.1327362,203.58629655838013,4072,0.0,0.0,0.04193592071533203
1778643728.1860113,203.63957166671753,4073,0.0,0.0,0.053275108337402344
1778643728.2382798,203.69184017181396,4074,0.0,0.0,0.05226850509643555
1778643728.2913096,203.74486994743347,4075,0.0,0.0,0.053029775619506836
1778643728.3342068,203.78776717185974,4076,0.0,0.0,0.04289722442626953
1778643728.3866727,203.84023308753967,4077,0.0,0.0,0.05246591567993164
1778643728.4396005,203.89316082000732,4078,0.0,0.0,0.05292773246765137
1778643728.4820688,203.9356291294098,4079,0.0,0.0,0.04246830940246582
1778643728.5348065,203.9883668422699,4080,0.0,0.0,0.05273771286010742
1778643728.587517,204.041077375412,4081,0.0,0.0,0.052710533142089844
1778643728.639951,204.09351134300232,4082,0.0,0.0,0.05243396759033203
1778643728.681977,204.13553738594055,4083,0.0,0.0,0.04202604293823242
1778643728.735036,204.1885962486267,4084,0.0,0.0,0.05305886268615723
1778643728.7878046,204.2413649559021,4085,0.0,0.0,0.052768707275390625
1778643728.8404055,204.2939658164978,4086,0.0,0.0,0.052600860595703125
1778643728.8828192,204.33637952804565,4087,0.0,0.0,0.04241371154785156
1778643728.935671,204.38923144340515,4088,0.0,0.0,0.05285191535949707
1778643728.9884212,204.44198155403137,4089,0.0,0.0,0.0527501106262207
1778643729.0415282,204.4950885772705,4090,0.0,0.0,0.05310702323913574
1778643729.0837963,204.53735661506653,4091,0.0,0.0,0.04226803779602051
1778643729.1370306,204.5905909538269,4092,0.0,0.0,0.05323433876037598
1778643729.1887825,204.64234280586243,4093,0.0,0.0,0.05175185203552246
1778643729.241366,204.69492626190186,4094,0.0,0.0,0.05258345603942871
1778643729.2831638,204.7367241382599,4095,0.0,0.0,0.04179787635803223
1778643729.3355758,204.78913617134094,4096,0.0,0.0,0.05241203308105469
1778643729.38802,204.84158039093018,4097,0.0,0.0,0.0524442195892334
1778643729.4405053,204.89406561851501,4098,0.0,0.0,0.05248522758483887
1778643729.4830506,204.93661093711853,4099,0.0,0.0,0.042545318603515625
1778643729.5353801,204.98894047737122,4100,0.0,0.0,0.05232954025268555
1778643729.588389,205.04194927215576,4101,0.0,0.0,0.0530087947845459
1778643729.6409981,205.09455847740173,4102,0.0,0.0,0.05260920524597168
1778643729.6828592,205.13641953468323,4103,0.0,0.0,0.04186105728149414
1778643729.7353468,205.18890714645386,4104,0.0,0.0,0.05248761177062988
1778643729.7879448,205.2415051460266,4105,0.0,0.0,0.052597999572753906
1778643729.8407037,205.29426407814026,4106,0.0,0.0,0.05275893211364746
1778643729.8829176,205.33647799491882,4107,0.0,0.0,0.04221391677856445
1778643729.9358802,205.38944053649902,4108,0.0,0.0,0.052962541580200195
1778643729.9893293,205.44288969039917,4109,0.0,0.0,0.053449153900146484
1778643730.0415456,205.49510598182678,4110,0.0,0.0,0.052216291427612305
1778643730.0837646,205.5373249053955,4111,0.0,0.0,0.042218923568725586
1778643730.1368368,205.5903971195221,4112,0.0,0.0,0.053072214126586914
1778643730.1895788,205.64313912391663,4113,0.0,0.0,0.05274200439453125
1778643730.2424788,205.6960391998291,4114,0.0,0.0,0.052900075912475586
1778643730.2842677,205.73782801628113,4115,0.0,0.0,0.04178881645202637
1778643730.336447,205.79000735282898,4116,0.0,0.0,0.05217933654785156
1778643730.3890204,205.8425807952881,4117,0.0,0.0,0.052573442459106445
1778643730.441961,205.895521402359,4118,0.0,0.0,0.05294060707092285
1778643730.4842691,205.93782949447632,4119,0.0,0.0,0.04230809211730957
1778643730.5374477,205.99100804328918,4120,0.0,0.0,0.05317854881286621
1778643730.5904174,206.04397773742676,4121,0.0,0.0,0.05296969413757324
1778643730.6322029,206.08576321601868,4122,0.0,0.0,0.041785478591918945
1778643730.684465,206.13802528381348,4123,0.0,0.0,0.052262067794799805
1778643730.7368574,206.19041776657104,4124,0.0,0.0,0.05239248275756836
1778643730.7894268,206.2429871559143,4125,0.0,0.0,0.05256938934326172
1778643730.8418734,206.29543375968933,4126,0.0,0.0,0.052446603775024414
1778643730.8842573,206.3378176689148,4127,0.0,0.0,0.04238390922546387
1778643730.937095,206.39065527915955,4128,0.0,0.0,0.05283761024475098
1778643730.9900556,206.4436159133911,4129,0.0,0.0,0.05296063423156738
1778643731.0319147,206.48547506332397,4130,0.0,0.0,0.04185914993286133
1778643731.0848272,206.53838753700256,4131,0.0,0.0,0.05291247367858887
1778643731.1378515,206.59141182899475,4132,0.0,0.0,0.0530242919921875
1778643731.1905057,206.64406609535217,4133,0.0,0.0,0.052654266357421875
1778643731.2329879,206.68654823303223,4134,0.0,0.0,0.04248213768005371
1778643731.2858143,206.73937463760376,4135,0.0,0.0,0.0528264045715332
1778643731.3388724,206.79243278503418,4136,0.0,0.0,0.05305814743041992
1778643731.392061,206.84562134742737,4137,0.0,0.0,0.05318856239318848
1778643731.43415,206.88771033287048,4138,0.0,0.0,0.042088985443115234
1778643731.4890091,206.94256949424744,4139,0.0,0.0,0.054859161376953125
1778643731.5418456,206.9954059123993,4140,0.0,0.0,0.05283641815185547
1778643731.5837927,207.03735303878784,4141,0.0,0.0,0.041947126388549805
1778643731.6376274,207.0911877155304,4142,0.0,0.0,0.05383467674255371
1778643731.6894712,207.14303159713745,4143,0.0,0.0,0.051843881607055664
1778643731.7420027,207.19556307792664,4144,0.0,0.0,0.05253148078918457
1778643731.7851057,207.23866605758667,4145,0.0,0.0,0.04310297966003418
1778643731.8378532,207.29141354560852,4146,0.0,0.0,0.052747488021850586
1778643731.8904035,207.34396386146545,4147,0.0,0.0,0.052550315856933594
1778643731.932943,207.38650345802307,4148,0.0,0.0,0.04253959655761719
1778643731.9859889,207.43954920768738,4149,0.0,0.0,0.05304574966430664
1778643732.038826,207.49238634109497,4150,0.0,0.0,0.05283713340759277
1778643732.0916476,207.54520797729492,4151,0.0,0.0,0.05282163619995117
1778643732.1337376,207.58729791641235,4152,0.0,0.0,0.04208993911743164
1778643732.1864083,207.63996863365173,4153,0.0,0.0,0.05267071723937988
1778643732.2395086,207.69306898117065,4154,0.0,0.0,0.0531003475189209
1778643732.292502,207.74606227874756,4155,0.0,0.0,0.0529932975769043
1778643732.3346121,207.7881724834442,4156,0.0,0.0,0.04211020469665527
1778643732.3872263,207.84078669548035,4157,0.0,0.0,0.05261421203613281
1778643732.44029,207.8938503265381,4158,0.0,0.0,0.05306363105773926
1778643732.4824085,207.935968875885,4159,0.0,0.0,0.04211854934692383
1778643732.5348167,207.9883770942688,4160,0.0,0.0,0.05240821838378906
1778643732.5871596,208.0407199859619,4161,0.0,0.0,0.052342891693115234
1778643732.6395626,208.09312295913696,4162,0.0,0.0,0.05240297317504883
1778643732.6916032,208.14516353607178,4163,0.0,0.0,0.05204057693481445
1778643732.7334006,208.18696093559265,4164,0.0,0.0,0.04179739952087402
1778643732.7860749,208.23963522911072,4165,0.0,0.0,0.052674293518066406
1778643732.8384671,208.2920274734497,4166,0.0,0.0,0.05239224433898926
1778643732.8912292,208.34478950500488,4167,0.0,0.0,0.05276203155517578
1778643732.9335458,208.38710618019104,4168,0.0,0.0,0.04231667518615723
1778643732.9865913,208.44015169143677,4169,0.0,0.0,0.05304551124572754
1778643733.038813,208.4923734664917,4170,0.0,0.0,0.05222177505493164
1778643733.0912085,208.54476881027222,4171,0.0,0.0,0.05239534378051758
1778643733.133022,208.58658242225647,4172,0.0,0.0,0.04181361198425293
1778643733.1856506,208.63921093940735,4173,0.0,0.0,0.052628517150878906
1778643733.2382908,208.6918511390686,4174,0.0,0.0,0.05264019966125488
1778643733.291382,208.74494242668152,4175,0.0,0.0,0.05309128761291504
1778643733.3335922,208.78715252876282,4176,0.0,0.0,0.04221010208129883
1778643733.3864102,208.83997058868408,4177,0.0,0.0,0.05281805992126465
1778643733.438927,208.89248728752136,4178,0.0,0.0,0.05251669883728027
1778643733.4919555,208.94551587104797,4179,0.0,0.0,0.05302858352661133
1778643733.5345776,208.98813796043396,4180,0.0,0.0,0.04262208938598633
1778643733.5861914,209.03975176811218,4181,0.0,0.0,0.051613807678222656
1778643733.6385727,209.09213304519653,4182,0.0,0.0,0.052381277084350586
1778643733.691247,209.1448073387146,4183,0.0,0.0,0.052674293518066406
1778643733.7333393,209.18689966201782,4184,0.0,0.0,0.042092323303222656
1778643733.789422,209.24298238754272,4185,0.0,0.0,0.056082725524902344
1778643733.8400762,209.29363656044006,4186,0.0,0.0,0.05065417289733887
1778643733.8820717,209.33563208580017,4187,0.0,0.0,0.04199552536010742
1778643733.9347694,209.388329744339,4188,0.0,0.0,0.05269765853881836
1778643733.9872513,209.44081163406372,4189,0.0,0.0,0.052481889724731445
1778643734.0399725,209.49353289604187,4190,0.0,0.0,0.052721261978149414
1778643734.0825145,209.53607487678528,4191,0.0,0.0,0.0425419807434082
1778643734.135101,209.58866143226624,4192,0.0,0.0,0.05258655548095703
1778643734.1874638,209.64102411270142,4193,0.0,0.0,0.052362680435180664
1778643734.2407224,209.69428277015686,4194,0.0,0.0,0.053258657455444336
1778643734.282597,209.73615741729736,4195,0.0,0.0,0.04187464714050293
1778643734.3356192,209.78917956352234,4196,0.0,0.0,0.053022146224975586
1778643734.3883586,209.8419189453125,4197,0.0,0.0,0.05273938179016113
1778643734.4410524,209.89461278915405,4198,0.0,0.0,0.052693843841552734
1778643734.4829206,209.93648099899292,4199,0.0,0.0,0.04186820983886719
1778643734.5354052,209.98896551132202,4200,0.0,0.0,0.05248451232910156
1778643734.5880666,210.04162693023682,4201,0.0,0.0,0.05266141891479492
1778643734.6408882,210.09444856643677,4202,0.0,0.0,0.05282163619995117
1778643734.6828268,210.13638710975647,4203,0.0,0.0,0.04193854331970215
1778643734.735513,210.1890733242035,4204,0.0,0.0,0.052686214447021484
1778643734.788046,210.24160623550415,4205,0.0,0.0,0.05253291130065918
1778643734.8407385,210.2942988872528,4206,0.0,0.0,0.05269265174865723
1778643734.882576,210.33613634109497,4207,0.0,0.0,0.041837453842163086
1778643734.9351022,210.38866257667542,4208,0.0,0.0,0.052526235580444336
1778643734.9874032,210.4409635066986,4209,0.0,0.0,0.05230093002319336
1778643735.0398211,210.49338150024414,4210,0.0,0.0,0.05241799354553223
1778643735.0819085,210.5354688167572,4211,0.0,0.0,0.04208731651306152
1778643735.1350505,210.58861088752747,4212,0.0,0.0,0.05314207077026367
1778643735.1879778,210.64153814315796,4213,0.0,0.0,0.052927255630493164
1778643735.2409673,210.6945276260376,4214,0.0,0.0,0.05298948287963867
1778643735.2827215,210.73628187179565,4215,0.0,0.0,0.04175424575805664
1778643735.3356614,210.78922176361084,4216,0.0,0.0,0.05293989181518555
1778643735.3883967,210.84195709228516,4217,0.0,0.0,0.052735328674316406
1778643735.4413111,210.89487147331238,4218,0.0,0.0,0.05291438102722168
1778643735.4831185,210.93667888641357,4219,0.0,0.0,0.04180741310119629
1778643735.5357323,210.98929262161255,4220,0.0,0.0,0.05261373519897461
1778643735.587985,211.04154539108276,4221,0.0,0.0,0.052252769470214844
1778643735.640249,211.0938093662262,4222,0.0,0.0,0.05226397514343262
1778643735.6820009,211.13556122779846,4223,0.0,0.0,0.041751861572265625
1778643735.7347662,211.18832659721375,4224,0.0,0.0,0.0527653694152832
1778643735.7896135,211.24317383766174,4225,0.0,0.0,0.05484724044799805
1778643735.8419995,211.29555988311768,4226,0.0,0.0,0.05238604545593262
1778643735.8842103,211.3377707004547,4227,0.0,0.0,0.04221081733703613
1778643735.936761,211.39032125473022,4228,0.0,0.0,0.052550554275512695
1778643735.989502,211.44306230545044,4229,0.0,0.0,0.052741050720214844
1778643736.0320518,211.48561215400696,4230,0.0,0.0,0.042549848556518555
1778643736.0843215,211.5378818511963,4231,0.0,0.0,0.052269697189331055
1778643736.136758,211.590318441391,4232,0.0,0.0,0.05243659019470215
1778643736.1892061,211.6427664756775,4233,0.0,0.0,0.05244803428649902
1778643736.2417397,211.6953001022339,4234,0.0,0.0,0.052533626556396484
1778643736.28379,211.7373504638672,4235,0.0,0.0,0.04205036163330078
1778643736.3363802,211.78994059562683,4236,0.0,0.0,0.052590131759643555
1778643736.3892233,211.8427836894989,4237,0.0,0.0,0.05284309387207031
1778643736.4424496,211.8960099220276,4238,0.0,0.0,0.05322623252868652
1778643736.483909,211.9374692440033,4239,0.0,0.0,0.04145932197570801
1778643736.5365474,211.9901077747345,4240,0.0,0.0,0.05263853073120117
1778643736.5892208,212.04278111457825,4241,0.0,0.0,0.05267333984375
1778643736.6417189,212.09527921676636,4242,0.0,0.0,0.05249810218811035
1778643736.6838975,212.13745784759521,4243,0.0,0.0,0.04217863082885742
1778643736.7393868,212.19294714927673,4244,0.0,0.0,0.055489301681518555
1778643736.7905056,212.24406599998474,4245,0.0,0.0,0.05111885070800781
1778643736.8322933,212.28585362434387,4246,0.0,0.0,0.04178762435913086
1778643736.8846436,212.33820390701294,4247,0.0,0.0,0.05235028266906738
1778643736.9370909,212.3906512260437,4248,0.0,0.0,0.05244731903076172
1778643736.9892657,212.44282603263855,4249,0.0,0.0,0.05217480659484863
1778643737.0418649,212.4954252243042,4250,0.0,0.0,0.052599191665649414
1778643737.083935,212.53749537467957,4251,0.0,0.0,0.04207015037536621
1778643737.1368768,212.59043717384338,4252,0.0,0.0,0.05294179916381836
1778643737.1894875,212.64304780960083,4253,0.0,0.0,0.05261063575744629
1778643737.2422917,212.6958520412445,4254,0.0,0.0,0.05280423164367676
1778643737.284414,212.7379744052887,4255,0.0,0.0,0.04212236404418945
1778643737.3374844,212.79104471206665,4256,0.0,0.0,0.0530703067779541
1778643737.3889291,212.8424894809723,4257,0.0,0.0,0.05144476890563965
1778643737.4422789,212.89583921432495,4258,0.0,0.0,0.05334973335266113
1778643737.483062,212.93662238121033,4259,0.0,0.0,0.04078316688537598
1778643737.5356095,212.9891698360443,4260,0.0,0.0,0.052547454833984375
1778643737.5880346,213.04159498214722,4261,0.0,0.0,0.05242514610290527
1778643737.6403003,213.0938606262207,4262,0.0,0.0,0.05226564407348633
1778643737.6821265,213.13568687438965,4263,0.0,0.0,0.04182624816894531
1778643737.7341294,213.18768978118896,4264,0.0,0.0,0.052002906799316406
1778643737.7861557,213.23971605300903,4265,0.0,0.0,0.05202627182006836
1778643737.837826,213.2913863658905,4266,0.0,0.0,0.05167031288146973
1778643737.8897393,213.34329962730408,4267,0.0,0.0,0.05191326141357422
1778643737.941694,213.39525437355042,4268,0.0,0.0,0.05195474624633789
1778643737.9832773,213.43683767318726,4269,0.0,0.0,0.04158329963684082
1778643738.0356064,213.48916673660278,4270,0.0,0.0,0.052329063415527344
1778643738.088509,213.54206943511963,4271,0.0,0.0,0.0529026985168457
1778643738.1412923,213.59485268592834,4272,0.0,0.0,0.05278325080871582
1778643738.183505,213.637065410614,4273,0.0,0.0,0.042212724685668945
1778643738.2360885,213.68964886665344,4274,0.0,0.0,0.05258345603942871
1778643738.2898996,213.74345993995667,4275,0.0,0.0,0.053811073303222656
1778643738.3320377,213.78559803962708,4276,0.0,0.0,0.042138099670410156
1778643738.3845775,213.83813786506653,4277,0.0,0.0,0.052539825439453125
1778643738.4370103,213.89057064056396,4278,0.0,0.0,0.05243277549743652
1778643738.4898345,213.9433948993683,4279,0.0,0.0,0.05282425880432129
1778643738.5423717,213.99593210220337,4280,0.0,0.0,0.05253720283508301
1778643738.5844266,214.03798699378967,4281,0.0,0.0,0.04205489158630371
1778643738.6369584,214.09051871299744,4282,0.0,0.0,0.05253171920776367
1778643738.689247,214.14280724525452,4283,0.0,0.0,0.05228853225708008
1778643738.7414856,214.19504594802856,4284,0.0,0.0,0.05223870277404785
1778643738.7831302,214.23669052124023,4285,0.0,0.0,0.04164457321166992
1778643738.83575,214.28931045532227,4286,0.0,0.0,0.05261993408203125
1778643738.8886383,214.3421986103058,4287,0.0,0.0,0.05288815498352051
1778643738.9413412,214.39490151405334,4288,0.0,0.0,0.052702903747558594
1778643738.9834862,214.43704652786255,4289,0.0,0.0,0.0421450138092041
1778643739.0360641,214.48962450027466,4290,0.0,0.0,0.052577972412109375
1778643739.0887337,214.54229402542114,4291,0.0,0.0,0.052669525146484375
1778643739.141415,214.59497547149658,4292,0.0,0.0,0.05268144607543945
1778643739.1833444,214.6369047164917,4293,0.0,0.0,0.04192924499511719
1778643739.236001,214.6895613670349,4294,0.0,0.0,0.05265665054321289
1778643739.2894228,214.74298310279846,4295,0.0,0.0,0.053421735763549805
1778643739.3421097,214.79567003250122,4296,0.0,0.0,0.05268692970275879
1778643739.3842092,214.83776950836182,4297,0.0,0.0,0.0420994758605957
1778643739.4376926,214.89125299453735,4298,0.0,0.0,0.05348348617553711
1778643739.4905653,214.94412565231323,4299,0.0,0.0,0.052872657775878906
1778643739.5333104,214.98687076568604,4300,0.0,0.0,0.042745113372802734
1778643739.5855908,215.03915119171143,4301,0.0,0.0,0.052280426025390625
1778643739.6380363,215.09159660339355,4302,0.0,0.0,0.052445411682128906
1778643739.6904697,215.14403009414673,4303,0.0,0.0,0.05243349075317383
1778643739.7323442,215.18590450286865,4304,0.0,0.0,0.04187440872192383
1778643739.7848077,215.2383680343628,4305,0.0,0.0,0.052463531494140625
1778643739.8373513,215.2909116744995,4306,0.0,0.0,0.05254364013671875
1778643739.889825,215.34338545799255,4307,0.0,0.0,0.05247378349304199
1778643739.9320505,215.38561081886292,4308,0.0,0.0,0.04222536087036133
1778643739.9845474,215.43810772895813,4309,0.0,0.0,0.052496910095214844
1778643740.0370865,215.49064683914185,4310,0.0,0.0,0.05253911018371582
1778643740.0899332,215.5434935092926,4311,0.0,0.0,0.052846670150756836
1778643740.132092,215.5856523513794,4312,0.0,0.0,0.04215884208679199
1778643740.1843584,215.63791871070862,4313,0.0,0.0,0.05226635932922363
1778643740.2368853,215.6904456615448,4314,0.0,0.0,0.05252695083618164
1778643740.2894511,215.74301147460938,4315,0.0,0.0,0.052565813064575195
1778643740.3420637,215.79562401771545,4316,0.0,0.0,0.0526125431060791
1778643740.384052,215.8376123905182,4317,0.0,0.0,0.041988372802734375
1778643740.4370728,215.8906331062317,4318,0.0,0.0,0.05302071571350098
1778643740.4899201,215.94348049163818,4319,0.0,0.0,0.05284738540649414
1778643740.531809,215.98536944389343,4320,0.0,0.0,0.04188895225524902
1778643740.584806,216.03836631774902,4321,0.0,0.0,0.05299687385559082
1778643740.6376786,216.0912389755249,4322,0.0,0.0,0.052872657775878906
1778643740.6910086,216.1445689201355,4323,0.0,0.0,0.0533299446105957
1778643740.7328594,216.1864197254181,4324,0.0,0.0,0.04185080528259277
1778643740.7853532,216.23891353607178,4325,0.0,0.0,0.05249381065368652
1778643740.8381948,216.29175519943237,4326,0.0,0.0,0.0528416633605957
1778643740.89086,216.34442043304443,4327,0.0,0.0,0.05266523361206055
1778643740.932998,216.38655829429626,4328,0.0,0.0,0.042137861251831055
1778643740.985593,216.43915343284607,4329,0.0,0.0,0.05259513854980469
1778643741.0380673,216.49162769317627,4330,0.0,0.0,0.052474260330200195
1778643741.0972888,216.55084919929504,4331,0.0,0.0,0.059221506118774414
1778643741.1350284,216.5885887145996,4332,0.0,0.0,0.03773951530456543
1778643741.1902957,216.64385604858398,4333,0.0,0.0,0.055267333984375
1778643741.2348895,216.68844985961914,4334,0.0,0.0,0.04459381103515625
1778643741.287135,216.7406952381134,4335,0.0,0.0,0.052245378494262695
1778643741.3395827,216.79314303398132,4336,0.0,0.0,0.05244779586791992
1778643741.3919451,216.84550547599792,4337,0.0,0.0,0.05236244201660156
1778643741.4344592,216.88801956176758,4338,0.0,0.0,0.04251408576965332
1778643741.4890232,216.9425835609436,4339,0.0,0.0,0.05456399917602539
1778643741.532983,216.98654341697693,4340,0.0,0.0,0.043959856033325195
1778643741.588751,217.04231142997742,4341,0.0,0.0,0.05576801300048828
1778643741.6328375,217.08639788627625,4342,0.0,0.0,0.044086456298828125
1778643741.687861,217.1414213180542,4343,0.0,0.0,0.0550234317779541
1778643741.7438266,217.19738698005676,4344,0.0,0.0,0.05596566200256348
1778643741.788167,217.24172735214233,4345,0.0,0.0,0.04434037208557129
1778643741.8409824,217.29454278945923,4346,0.0,0.0,0.05281543731689453
1778643741.8830643,217.33662462234497,4347,0.0,0.0,0.04208183288574219
1778643741.9361308,217.38969111442566,4348,0.0,0.0,0.05306649208068848
1778643741.98841,217.44197034835815,4349,0.0,0.0,0.05227923393249512
1778643742.0416706,217.49523091316223,4350,0.0,0.0,0.05326056480407715
1778643742.0834365,217.53699684143066,4351,0.0,0.0,0.04176592826843262
1778643742.1353562,217.58891654014587,4352,0.0,0.0,0.05191969871520996
1778643742.1880102,217.64157056808472,4353,0.0,0.0,0.05265402793884277
1778643742.2405725,217.6941328048706,4354,0.0,0.0,0.05256223678588867
1778643742.2826905,217.73625087738037,4355,0.0,0.0,0.042118072509765625
1778643742.3356025,217.7891628742218,4356,0.0,0.0,0.052911996841430664
1778643742.3885193,217.84207963943481,4357,0.0,0.0,0.052916765213012695
1778643742.4411695,217.8947298526764,4358,0.0,0.0,0.05265021324157715
1778643742.4847777,217.93833804130554,4359,0.0,0.0,0.04360818862915039
1778643742.537201,217.99076128005981,4360,0.0,0.0,0.05242323875427246
1778643742.5893347,218.04289507865906,4361,0.0,0.0,0.052133798599243164
1778643742.6415436,218.09510397911072,4362,0.0,0.0,0.052208900451660156
1778643742.6834347,218.13699507713318,4363,0.0,0.0,0.04189109802246094
1778643742.7359016,218.18946194648743,4364,0.0,0.0,0.05246686935424805
1778643742.7888615,218.24242186546326,4365,0.0,0.0,0.05295991897583008
1778643742.8413897,218.29495000839233,4366,0.0,0.0,0.05252814292907715
1778643742.883412,218.3369722366333,4367,0.0,0.0,0.0420222282409668
1778643742.9362557,218.3898160457611,4368,0.0,0.0,0.05284380912780762
1778643742.9894538,218.44301414489746,4369,0.0,0.0,0.05319809913635254
1778643743.0419097,218.49547004699707,4370,0.0,0.0,0.052455902099609375
1778643743.0841155,218.53767585754395,4371,0.0,0.0,0.042205810546875
1778643743.1369457,218.59050607681274,4372,0.0,0.0,0.05283021926879883
1778643743.189757,218.6433174610138,4373,0.0,0.0,0.052811384201049805
1778643743.2318997,218.6854600906372,4374,0.0,0.0,0.042142629623413086
1778643743.2846627,218.7382230758667,4375,0.0,0.0,0.05276298522949219
1778643743.337115,218.79067540168762,4376,0.0,0.0,0.05245232582092285
1778643743.3898623,218.8434226512909,4377,0.0,0.0,0.052747249603271484
1778643743.43213,218.88569045066833,4378,0.0,0.0,0.042267799377441406
1778643743.4848766,218.93843698501587,4379,0.0,0.0,0.05274653434753418
1778643743.5377302,218.99129056930542,4380,0.0,0.0,0.05285358428955078
1778643743.5902076,219.04376792907715,4381,0.0,0.0,0.052477359771728516
1778643743.6324024,219.08596277236938,4382,0.0,0.0,0.04219484329223633
1778643743.6849656,219.1385259628296,4383,0.0,0.0,0.05256319046020508
1778643743.7371888,219.190749168396,4384,0.0,0.0,0.05222320556640625
1778643743.789763,219.24332332611084,4385,0.0,0.0,0.05257415771484375
1778643743.8317957,219.2853560447693,4386,0.0,0.0,0.042032718658447266
1778643743.8847146,219.3382749557495,4387,0.0,0.0,0.05291891098022461
1778643743.937422,219.39098238945007,4388,0.0,0.0,0.05270743370056152
1778643743.9903753,219.4439356327057,4389,0.0,0.0,0.052953243255615234
1778643744.032463,219.4860234260559,4390,0.0,0.0,0.04208779335021973
1778643744.0850296,219.53858995437622,4391,0.0,0.0,0.0525665283203125
1778643744.1381073,219.59166765213013,4392,0.0,0.0,0.05307769775390625
1778643744.191099,219.64465928077698,4393,0.0,0.0,0.052991628646850586
1778643744.2332478,219.68680810928345,4394,0.0,0.0,0.04214882850646973
1778643744.286572,219.74013233184814,4395,0.0,0.0,0.053324222564697266
1778643744.3391805,219.79274082183838,4396,0.0,0.0,0.052608489990234375
1778643744.3916306,219.8451910018921,4397,0.0,0.0,0.05245018005371094
1778643744.4336817,219.88724207878113,4398,0.0,0.0,0.042051076889038086
1778643744.4864693,219.94002962112427,4399,0.0,0.0,0.05278754234313965
1778643744.5392768,219.99283719062805,4400,0.0,0.0,0.05280756950378418
1778643744.592157,220.04571723937988,4401,0.0,0.0,0.052880048751831055
1778643744.6342084,220.08776879310608,4402,0.0,0.0,0.04205155372619629
1778643744.6884577,220.1420180797577,4403,0.0,0.0,0.05424928665161133
1778643744.740381,220.1939413547516,4404,0.0,0.0,0.051923274993896484
1778643744.7822444,220.23580479621887,4405,0.0,0.0,0.041863441467285156
1778643744.834753,220.28831338882446,4406,0.0,0.0,0.05250859260559082
1778643744.8877993,220.34135961532593,4407,0.0,0.0,0.053046226501464844
1778643744.9405763,220.3941366672516,4408,0.0,0.0,0.05277705192565918
1778643744.9824672,220.43602752685547,4409,0.0,0.0,0.041890859603881836
1778643745.0355875,220.48914790153503,4410,0.0,0.0,0.05312037467956543
1778643745.0879278,220.54148817062378,4411,0.0,0.0,0.05234026908874512
1778643745.1401622,220.5937225818634,4412,0.0,0.0,0.05223441123962402
1778643745.182403,220.6359634399414,4413,0.0,0.0,0.04224085807800293
1778643745.234986,220.68854641914368,4414,0.0,0.0,0.05258297920227051
1778643745.2877438,220.74130415916443,4415,0.0,0.0,0.05275774002075195
1778643745.3409061,220.79446649551392,4416,0.0,0.0,0.053162336349487305
1778643745.3823905,220.83595085144043,4417,0.0,0.0,0.04148435592651367
1778643745.4352105,220.88877081871033,4418,0.0,0.0,0.05281996726989746
1778643745.487965,220.94152545928955,4419,0.0,0.0,0.05275464057922363
1778643745.54035,220.9939103126526,4420,0.0,0.0,0.05238485336303711
1778643745.5818472,221.03540754318237,4421,0.0,0.0,0.041497230529785156
1778643745.634443,221.08800339698792,4422,0.0,0.0,0.05259585380554199
1778643745.6866617,221.14022207260132,4423,0.0,0.0,0.05221867561340332
1778643745.73951,221.19307041168213,4424,0.0,0.0,0.05284833908081055
1778643745.7923818,221.2459421157837,4425,0.0,0.0,0.0528717041015625
1778643745.834899,221.28845930099487,4426,0.0,0.0,0.04251718521118164
1778643745.88798,221.3415403366089,4427,0.0,0.0,0.05308103561401367
1778643745.9410117,221.39457201957703,4428,0.0,0.0,0.05303168296813965
1778643745.9832253,221.436785697937,4429,0.0,0.0,0.04221367835998535
1778643746.0356505,221.48921084403992,4430,0.0,0.0,0.05242514610290527
1778643746.0877323,221.54129266738892,4431,0.0,0.0,0.05208182334899902
1778643746.140016,221.5935764312744,4432,0.0,0.0,0.05228376388549805
1778643746.1822915,221.6358518600464,4433,0.0,0.0,0.042275428771972656
1778643746.2347658,221.6883261203766,4434,0.0,0.0,0.052474260330200195
1778643746.2873914,221.74095177650452,4435,0.0,0.0,0.05262565612792969
1778643746.3396645,221.79322481155396,4436,0.0,0.0,0.05227303504943848
1778643746.391977,221.84553742408752,4437,0.0,0.0,0.052312612533569336
1778643746.433756,221.8873164653778,4438,0.0,0.0,0.0417790412902832
1778643746.4868197,221.94038009643555,4439,0.0,0.0,0.05306363105773926
1778643746.5395675,221.99312782287598,4440,0.0,0.0,0.05274772644042969
1778643746.581905,222.03546524047852,4441,0.0,0.0,0.04233741760253906
1778643746.6348875,222.08844780921936,4442,0.0,0.0,0.05298256874084473
1778643746.6880524,222.14161276817322,4443,0.0,0.0,0.05316495895385742
1778643746.7407217,222.19428205490112,4444,0.0,0.0,0.05266928672790527
1778643746.7828362,222.2363965511322,4445,0.0,0.0,0.0421144962310791
1778643746.8357415,222.28930187225342,4446,0.0,0.0,0.05290532112121582
1778643746.8880672,222.34162759780884,4447,0.0,0.0,0.05232572555541992
1778643746.9405868,222.39414715766907,4448,0.0,0.0,0.05251955986022949
1778643746.982547,222.43610739707947,4449,0.0,0.0,0.04196023941040039
1778643747.0348172,222.48837757110596,4450,0.0,0.0,0.05227017402648926
1778643747.0875945,222.5411548614502,4451,0.0,0.0,0.05277729034423828
1778643747.1399367,222.59349703788757,4452,0.0,0.0,0.05234217643737793
1778643747.1818535,222.63541388511658,4453,0.0,0.0,0.041916847229003906
1778643747.2343094,222.6878697872162,4454,0.0,0.0,0.052455902099609375
1778643747.286977,222.74053740501404,4455,0.0,0.0,0.05266761779785156
1778643747.3394105,222.7929708957672,4456,0.0,0.0,0.05243349075317383
1778643747.3915868,222.84514713287354,4457,0.0,0.0,0.05217623710632324
1778643747.4332776,222.88683795928955,4458,0.0,0.0,0.041690826416015625
1778643747.4858136,222.93937397003174,4459,0.0,0.0,0.0525360107421875
1778643747.538414,222.99197435379028,4460,0.0,0.0,0.05260038375854492
1778643747.5905504,223.0441107749939,4461,0.0,0.0,0.05213642120361328
1778643747.6325507,223.0861110687256,4462,0.0,0.0,0.04200029373168945
1778643747.685208,223.13876843452454,4463,0.0,0.0,0.052657365798950195
1778643747.7394936,223.19305396080017,4464,0.0,0.0,0.054285526275634766
1778643747.792002,223.24556231498718,4465,0.0,0.0,0.05250835418701172
1778643747.8341346,223.28769493103027,4466,0.0,0.0,0.04213261604309082
1778643747.8873522,223.3409125804901,4467,0.0,0.0,0.05321764945983887
1778643747.9403446,223.3939049243927,4468,0.0,0.0,0.05299234390258789
1778643747.982194,223.43575429916382,4469,0.0,0.0,0.041849374771118164
1778643748.0350413,223.4886016845703,4470,0.0,0.0,0.05284738540649414
1778643748.087759,223.54131937026978,4471,0.0,0.0,0.05271768569946289
1778643748.1406236,223.59418392181396,4472,0.0,0.0,0.05286455154418945
1778643748.182695,223.63625526428223,4473,0.0,0.0,0.04207134246826172
1778643748.2350304,223.6885907649994,4474,0.0,0.0,0.052335500717163086
1778643748.2873755,223.74093580245972,4475,0.0,0.0,0.05234503746032715
1778643748.3406568,223.79421710968018,4476,0.0,0.0,0.053281307220458984
1778643748.3827567,223.83631706237793,4477,0.0,0.0,0.042099952697753906
1778643748.434738,223.88829827308655,4478,0.0,0.0,0.051981210708618164
1778643748.4869542,223.94051456451416,4479,0.0,0.0,0.052216291427612305
1778643748.5397794,223.9933397769928,4480,0.0,0.0,0.052825212478637695
1778643748.5817945,224.0353548526764,4481,0.0,0.0,0.04201507568359375
1778643748.6341927,224.08775305747986,4482,0.0,0.0,0.0523982048034668
1778643748.6873124,224.1408727169037,4483,0.0,0.0,0.053119659423828125
1778643748.7396007,224.1931610107422,4484,0.0,0.0,0.05228829383850098
1778643748.782023,224.2355833053589,4485,0.0,0.0,0.04242229461669922
1778643748.834669,224.28822946548462,4486,0.0,0.0,0.05264616012573242
1778643748.887128,224.34068846702576,4487,0.0,0.0,0.052459001541137695
1778643748.939893,224.39345335960388,4488,0.0,0.0,0.052764892578125
1778643748.9923127,224.44587302207947,4489,0.0,0.0,0.05241966247558594
1778643749.0344026,224.4879629611969,4490,0.0,0.0,0.04208993911743164
1778643749.0872893,224.54084968566895,4491,0.0,0.0,0.0528867244720459
1778643749.1400151,224.5935754776001,4492,0.0,0.0,0.052725791931152344
1778643749.1829438,224.6365041732788,4493,0.0,0.0,0.04292869567871094
1778643749.2359374,224.6894977092743,4494,0.0,0.0,0.0529935359954834
1778643749.2891133,224.7426736354828,4495,0.0,0.0,0.053175926208496094
1778643749.3417158,224.79527616500854,4496,0.0,0.0,0.052602529525756836
1778643749.383876,224.8374364376068,4497,0.0,0.0,0.0421602725982666
1778643749.4363983,224.8899586200714,4498,0.0,0.0,0.05252218246459961
1778643749.4887426,224.942302942276,4499,0.0,0.0,0.052344322204589844
1778643749.5410209,224.99458122253418,4500,0.0,0.0,0.05227828025817871
1778643749.584602,225.0381624698639,4501,0.0,0.0,0.043581247329711914
1778643749.6368809,225.09044122695923,4502,0.0,0.0,0.052278757095336914
1778643749.6892855,225.14284586906433,4503,0.0,0.0,0.05240464210510254
1778643749.7414396,225.1949999332428,4504,0.0,0.0,0.0521540641784668
1778643749.7838743,225.2374346256256,4505,0.0,0.0,0.0424346923828125
1778643749.8360338,225.2895941734314,4506,0.0,0.0,0.05215954780578613
1778643749.889056,225.34261631965637,4507,0.0,0.0,0.053022146224975586
1778643749.9419837,225.39554405212402,4508,0.0,0.0,0.05292773246765137
1778643749.9837694,225.43732976913452,4509,0.0,0.0,0.04178571701049805
1778643750.0367365,225.49029684066772,4510,0.0,0.0,0.052967071533203125
1778643750.089515,225.54307532310486,4511,0.0,0.0,0.05277848243713379
1778643750.1318967,225.5854570865631,4512,0.0,0.0,0.04238176345825195
1778643750.1847627,225.63832306861877,4513,0.0,0.0,0.05286598205566406
1778643750.2396448,225.69320511817932,4514,0.0,0.0,0.054882049560546875
1778643750.290348,225.74390840530396,4515,0.0,0.0,0.05070328712463379
1778643750.332447,225.7860074043274,4516,0.0,0.0,0.0420989990234375
1778643750.3856246,225.83918499946594,4517,0.0,0.0,0.053177595138549805
1778643750.4394886,225.89304900169373,4518,0.0,0.0,0.0538640022277832
1778643750.4922035,225.94576382637024,4519,0.0,0.0,0.05271482467651367
1778643750.5346484,225.98820877075195,4520,0.0,0.0,0.04244494438171387
1778643750.58741,226.04097032546997,4521,0.0,0.0,0.05276155471801758
1778643750.6403625,226.09392285346985,4522,0.0,0.0,0.05295252799987793
1778643750.6827946,226.1363549232483,4523,0.0,0.0,0.04243206977844238
1778643750.7364194,226.18997979164124,4524,0.0,0.0,0.053624868392944336
1778643750.7891865,226.24274682998657,4525,0.0,0.0,0.052767038345336914
1778643750.8423092,226.29586958885193,4526,0.0,0.0,0.053122758865356445
1778643750.884231,226.3377914428711,4527,0.0,0.0,0.04192185401916504
1778643750.9370153,226.39057564735413,4528,0.0,0.0,0.05278420448303223
1778643750.989129,226.44268941879272,4529,0.0,0.0,0.05211377143859863
1778643751.041664,226.49522423744202,4530,0.0,0.0,0.05253481864929199
1778643751.0838914,226.5374517440796,4531,0.0,0.0,0.04222750663757324
1778643751.1369712,226.5905315876007,4532,0.0,0.0,0.053079843521118164
1778643751.1896188,226.64317917823792,4533,0.0,0.0,0.05264759063720703
1778643751.2317643,226.68532466888428,4534,0.0,0.0,0.042145490646362305
1778643751.2844405,226.73800086975098,4535,0.0,0.0,0.05267620086669922
1778643751.3369062,226.79046654701233,4536,0.0,0.0,0.05246567726135254
1778643751.3896174,226.84317779541016,4537,0.0,0.0,0.05271124839782715
1778643751.442022,226.89558243751526,4538,0.0,0.0,0.05240464210510254
1778643751.4838524,226.93741273880005,4539,0.0,0.0,0.04183030128479004
1778643751.5360448,226.98960518836975,4540,0.0,0.0,0.05219244956970215
1778643751.5888858,227.0424461364746,4541,0.0,0.0,0.0528409481048584
1778643751.6414318,227.09499216079712,4542,0.0,0.0,0.052546024322509766
1778643751.6835527,227.13711309432983,4543,0.0,0.0,0.042120933532714844
1778643751.7362404,227.18980073928833,4544,0.0,0.0,0.052687644958496094
1778643751.7890234,227.24258375167847,4545,0.0,0.0,0.05278301239013672
1778643751.84125,227.29481029510498,4546,0.0,0.0,0.05222654342651367
1778643751.8834817,227.33704209327698,4547,0.0,0.0,0.04223179817199707
1778643751.935886,227.38944625854492,4548,0.0,0.0,0.052404165267944336
1778643751.9920075,227.44556784629822,4549,0.0,0.0,0.0561215877532959
1778643752.0342882,227.48784852027893,4550,0.0,0.0,0.04228067398071289
1778643752.0869277,227.54048800468445,4551,0.0,0.0,0.05263948440551758
1778643752.1396394,227.59319972991943,4552,0.0,0.0,0.05271172523498535
1778643752.1922164,227.64577674865723,4553,0.0,0.0,0.05257701873779297
1778643752.234591,227.6881513595581,4554,0.0,0.0,0.042374610900878906
1778643752.287387,227.7409472465515,4555,0.0,0.0,0.0527958869934082
1778643752.3399296,227.79348993301392,4556,0.0,0.0,0.052542686462402344
1778643752.382095,227.83565545082092,4557,0.0,0.0,0.042165517807006836
1778643752.4346707,227.88823103904724,4558,0.0,0.0,0.05257558822631836
1778643752.4875975,227.94115781784058,4559,0.0,0.0,0.05292677879333496
1778643752.5411515,227.99471187591553,4560,0.0,0.0,0.05355405807495117
1778643752.5822392,228.03579950332642,4561,0.0,0.0,0.04108762741088867
1778643752.6345723,228.0881326198578,4562,0.0,0.0,0.05233311653137207
1778643752.6871145,228.14067482948303,4563,0.0,0.0,0.05254220962524414
1778643752.7395253,228.1930856704712,4564,0.0,0.0,0.05241084098815918
1778643752.7923133,228.2458736896515,4565,0.0,0.0,0.05278801918029785
1778643752.835412,228.2889723777771,4566,0.0,0.0,0.04309868812561035
1778643752.8873346,228.34089493751526,4567,0.0,0.0,0.05192255973815918
1778643752.939597,228.39315724372864,4568,0.0,0.0,0.052262306213378906
1778643752.9816713,228.43523168563843,4569,0.0,0.0,0.04207444190979004
1778643753.0342653,228.48782563209534,4570,0.0,0.0,0.05259394645690918
1778643753.0873976,228.54095792770386,4571,0.0,0.0,0.05313229560852051
1778643753.1404898,228.5940501689911,4572,0.0,0.0,0.053092241287231445
1778643753.1823313,228.6358916759491,4573,0.0,0.0,0.04184150695800781
1778643753.234411,228.68797135353088,4574,0.0,0.0,0.05207967758178711
1778643753.286856,228.74041628837585,4575,0.0,0.0,0.0524449348449707
1778643753.3395574,228.79311776161194,4576,0.0,0.0,0.052701473236083984
1778643753.3923905,228.8459508419037,4577,0.0,0.0,0.05283308029174805
1778643753.4346964,228.88825678825378,4578,0.0,0.0,0.042305946350097656
1778643753.4874637,228.9410240650177,4579,0.0,0.0,0.052767276763916016
1778643753.5408356,228.99439597129822,4580,0.0,0.0,0.05337190628051758
1778643753.5828452,229.0364055633545,4581,0.0,0.0,0.042009592056274414
1778643753.6354082,229.08896851539612,4582,0.0,0.0,0.05256295204162598
1778643753.687943,229.1415033340454,4583,0.0,0.0,0.05253481864929199
1778643753.7412775,229.194837808609,4584,0.0,0.0,0.05333447456359863
1778643753.782951,229.23651146888733,4585,0.0,0.0,0.04167366027832031
1778643753.835497,229.28905725479126,4586,0.0,0.0,0.052545785903930664
1778643753.8878975,229.34145784378052,4587,0.0,0.0,0.05240058898925781
1778643753.940458,229.39401841163635,4588,0.0,0.0,0.05256056785583496
1778643753.9832032,229.43676352500916,4589,0.0,0.0,0.042745113372802734
1778643754.03624,229.48980045318604,4590,0.0,0.0,0.05303692817687988
1778643754.0890322,229.54259252548218,4591,0.0,0.0,0.05279207229614258
1778643754.1425266,229.59608697891235,4592,0.0,0.0,0.05349445343017578
1778643754.1842895,229.63784980773926,4593,0.0,0.0,0.0417628288269043
1778643754.2365136,229.69007396697998,4594,0.0,0.0,0.052224159240722656
1778643754.2888594,229.74241971969604,4595,0.0,0.0,0.05234575271606445
1778643754.3419416,229.79550194740295,4596,0.0,0.0,0.05308222770690918
1778643754.3841245,229.83768486976624,4597,0.0,0.0,0.04218292236328125
1778643754.4366794,229.89023971557617,4598,0.0,0.0,0.05255484580993652
1778643754.4894137,229.94297409057617,4599,0.0,0.0,0.052734375
1778643754.5420969,229.99565720558167,4600,0.0,0.0,0.052683115005493164
1778643754.58494,230.03850030899048,4601,0.0,0.0,0.04284310340881348
1778643754.6378667,230.0914270877838,4602,0.0,0.0,0.05292677879333496
1778643754.6908298,230.14439010620117,4603,0.0,0.0,0.0529630184173584
1778643754.7330282,230.1865885257721,4604,0.0,0.0,0.04219841957092285
1778643754.786814,230.24037432670593,4605,0.0,0.0,0.05378580093383789
1778643754.839342,230.292902469635,4606,0.0,0.0,0.05252814292907715
1778643754.8915598,230.3451201915741,4607,0.0,0.0,0.052217721939086914
1778643754.933331,230.38689136505127,4608,0.0,0.0,0.04177117347717285
1778643754.985579,230.4391393661499,4609,0.0,0.0,0.05224800109863281
1778643755.03779,230.49135041236877,4610,0.0,0.0,0.05221104621887207
1778643755.0906217,230.54418206214905,4611,0.0,0.0,0.05283164978027344
1778643755.1325321,230.58609247207642,4612,0.0,0.0,0.041910409927368164
1778643755.1851747,230.63873505592346,4613,0.0,0.0,0.0526425838470459
1778643755.237856,230.69141626358032,4614,0.0,0.0,0.05268120765686035
1778643755.2903275,230.74388790130615,4615,0.0,0.0,0.05247163772583008
1778643755.3347018,230.78826212882996,4616,0.0,0.0,0.04437422752380371
1778643755.3864872,230.84004759788513,4617,0.0,0.0,0.05178546905517578
1778643755.43839,230.89195036888123,4618,0.0,0.0,0.05190277099609375
1778643755.4906604,230.9442207813263,4619,0.0,0.0,0.05227041244506836
1778643755.5331273,230.98668766021729,4620,0.0,0.0,0.04246687889099121
1778643755.5867462,231.04030656814575,4621,0.0,0.0,0.0536189079284668
1778643755.6382287,231.0917890071869,4622,0.0,0.0,0.051482439041137695
1778643755.691424,231.1449842453003,4623,0.0,0.0,0.05319523811340332
1778643755.7332413,231.1868016719818,4624,0.0,0.0,0.041817426681518555
1778643755.7859924,231.23955273628235,4625,0.0,0.0,0.05275106430053711
1778643755.838652,231.2922122478485,4626,0.0,0.0,0.05265951156616211
1778643755.8913445,231.34490489959717,4627,0.0,0.0,0.05269265174865723
1778643755.9335604,231.38712072372437,4628,0.0,0.0,0.042215824127197266
1778643755.9906251,231.4441854953766,4629,0.0,0.0,0.05706477165222168
1778643756.0328827,231.48644304275513,4630,0.0,0.0,0.04225754737854004
1778643756.0852919,231.53885221481323,4631,0.0,0.0,0.05240917205810547
1778643756.13738,231.5909402370453,4632,0.0,0.0,0.052088022232055664
1778643756.1898382,231.6433985233307,4633,0.0,0.0,0.05245828628540039
1778643756.2319646,231.68552494049072,4634,0.0,0.0,0.04212641716003418
1778643756.2849257,231.73848605155945,4635,0.0,0.0,0.052961111068725586
1778643756.337363,231.7909233570099,4636,0.0,0.0,0.05243730545043945
1778643756.3904274,231.84398770332336,4637,0.0,0.0,0.05306434631347656
1778643756.4332323,231.88679265975952,4638,0.0,0.0,0.04280495643615723
1778643756.4855366,231.93909692764282,4639,0.0,0.0,0.05230426788330078
1778643756.5379908,231.99155116081238,4640,0.0,0.0,0.052454233169555664
1778643756.590863,232.0444233417511,4641,0.0,0.0,0.0528721809387207
1778643756.6329622,232.08652257919312,4642,0.0,0.0,0.0420992374420166
1778643756.6857579,232.13931822776794,4643,0.0,0.0,0.0527956485748291
1778643756.7384424,232.1920027732849,4644,0.0,0.0,0.05268454551696777
1778643756.7911048,232.24466514587402,4645,0.0,0.0,0.05266237258911133
1778643756.8335683,232.2871286869049,4646,0.0,0.0,0.04246354103088379
1778643756.8866978,232.34025812149048,4647,0.0,0.0,0.05312943458557129
1778643756.9400735,232.39363384246826,4648,0.0,0.0,0.0533757209777832
1778643756.982202,232.4357624053955,4649,0.0,0.0,0.042128562927246094
1778643757.036249,232.48980927467346,4650,0.0,0.0,0.0540468692779541
1778643757.0890632,232.54262351989746,4651,0.0,0.0,0.05281424522399902
1778643757.1419523,232.5955126285553,4652,0.0,0.0,0.052889108657836914
1778643757.1842291,232.63778948783875,4653,0.0,0.0,0.042276859283447266
1778643757.2372644,232.69082474708557,4654,0.0,0.0,0.05303525924682617
1778643757.2905846,232.74414491653442,4655,0.0,0.0,0.05332016944885254
1778643757.3328094,232.78636980056763,4656,0.0,0.0,0.042224884033203125
1778643757.3854487,232.83900904655457,4657,0.0,0.0,0.05263924598693848
1778643757.4386182,232.89217853546143,4658,0.0,0.0,0.05316948890686035
1778643757.4915383,232.94509863853455,4659,0.0,0.0,0.05292010307312012
1778643757.5336697,232.98723006248474,4660,0.0,0.0,0.04213142395019531
1778643757.5869343,233.04049468040466,4661,0.0,0.0,0.053264617919921875
1778643757.639685,233.09324526786804,4662,0.0,0.0,0.052750587463378906
1778643757.6822193,233.13577961921692,4663,0.0,0.0,0.04253435134887695
1778643757.7354639,233.1890242099762,4664,0.0,0.0,0.053244590759277344
1778643757.7883787,233.24193906784058,4665,0.0,0.0,0.05291485786437988
1778643757.8410249,233.2945852279663,4666,0.0,0.0,0.05264616012573242
1778643757.8834205,233.33698081970215,4667,0.0,0.0,0.042395591735839844
1778643757.936234,233.3897943496704,4668,0.0,0.0,0.05281352996826172
1778643757.9912686,233.44482898712158,4669,0.0,0.0,0.055034637451171875
1778643758.0331008,233.486661195755,4670,0.0,0.0,0.04183220863342285
1778643758.085577,233.53913736343384,4671,0.0,0.0,0.05247616767883301
1778643758.1377976,233.59135794639587,4672,0.0,0.0,0.05222058296203613
1778643758.1902595,233.64381980895996,4673,0.0,0.0,0.052461862564086914
1778643758.2324517,233.68601202964783,4674,0.0,0.0,0.04219222068786621
1778643758.2848623,233.7384226322174,4675,0.0,0.0,0.05241060256958008
1778643758.3372853,233.7908456325531,4676,0.0,0.0,0.05242300033569336
1778643758.3902807,233.84384107589722,4677,0.0,0.0,0.05299544334411621
1778643758.4327614,233.8863217830658,4678,0.0,0.0,0.0424807071685791
1778643758.4873562,233.94091653823853,4679,0.0,0.0,0.05459475517272949
1778643758.5391862,233.992746591568,4680,0.0,0.0,0.05183005332946777
1778643758.5918767,234.04543709754944,4681,0.0,0.0,0.05269050598144531
1778643758.634181,234.08774137496948,4682,0.0,0.0,0.042304277420043945
1778643758.687969,234.14152932167053,4683,0.0,0.0,0.053787946701049805
1778643758.7401133,234.19367361068726,4684,0.0,0.0,0.05214428901672363
1778643758.7819433,234.23550367355347,4685,0.0,0.0,0.04183006286621094
1778643758.8368385,234.29039883613586,4686,0.0,0.0,0.05489516258239746
1778643758.8881707,234.34173107147217,4687,0.0,0.0,0.05133223533630371
1778643758.9404523,234.39401268959045,4688,0.0,0.0,0.05228161811828613
1778643758.9825091,234.4360694885254,4689,0.0,0.0,0.04205679893493652
1778643759.0351987,234.48875904083252,4690,0.0,0.0,0.052689552307128906
1778643759.0895765,234.54313683509827,4691,0.0,0.0,0.05437779426574707
1778643759.1410997,234.59466004371643,4692,0.0,0.0,0.05152320861816406
1778643759.1832576,234.6368179321289,4693,0.0,0.0,0.042157888412475586
1778643759.2366064,234.69016671180725,4694,0.0,0.0,0.05334877967834473
1778643759.2887926,234.7423529624939,4695,0.0,0.0,0.05218625068664551
1778643759.3412201,234.7947804927826,4696,0.0,0.0,0.05242753028869629
1778643759.3833241,234.8368844985962,4697,0.0,0.0,0.04210400581359863
1778643759.4358244,234.8893847465515,4698,0.0,0.0,0.052500247955322266
1778643759.488544,234.9421043395996,4699,0.0,0.0,0.0527195930480957
1778643759.5415788,234.99513912200928,4700,0.0,0.0,0.05303478240966797
1778643759.5837374,235.0372977256775,4701,0.0,0.0,0.04215860366821289
1778643759.6368244,235.09038472175598,4702,0.0,0.0,0.05308699607849121
1778643759.689682,235.14324235916138,4703,0.0,0.0,0.05285763740539551
1778643759.7322576,235.18581795692444,4704,0.0,0.0,0.04257559776306152
1778643759.7856758,235.2392361164093,4705,0.0,0.0,0.05341815948486328
1778643759.8385952,235.29215550422668,4706,0.0,0.0,0.05291938781738281
1778643759.8915312,235.3450915813446,4707,0.0,0.0,0.05293607711791992
1778643759.93379,235.38735032081604,4708,0.0,0.0,0.04225873947143555
1778643759.9892,235.4427604675293,4709,0.0,0.0,0.055410146713256836
1778643760.0417147,235.49527502059937,4710,0.0,0.0,0.05251455307006836
1778643760.0836449,235.5372052192688,4711,0.0,0.0,0.041930198669433594
1778643760.1360996,235.5896599292755,4712,0.0,0.0,0.05245471000671387
1778643760.1893313,235.64289164543152,4713,0.0,0.0,0.05323171615600586
1778643760.2420192,235.6955795288086,4714,0.0,0.0,0.052687883377075195
1778643760.2846131,235.73817348480225,4715,0.0,0.0,0.042593955993652344
1778643760.337617,235.79117727279663,4716,0.0,0.0,0.053003787994384766
1778643760.3900595,235.8436198234558,4717,0.0,0.0,0.05244255065917969
1778643760.4321156,235.885675907135,4718,0.0,0.0,0.04205608367919922
1778643760.4848464,235.93840670585632,4719,0.0,0.0,0.05273079872131348
1778643760.5375154,235.99107575416565,4720,0.0,0.0,0.05266904830932617
1778643760.5900824,236.04364275932312,4721,0.0,0.0,0.0525670051574707
1778643760.6324878,236.0860481262207,4722,0.0,0.0,0.04240536689758301
1778643760.6850126,236.13857293128967,4723,0.0,0.0,0.05252480506896973
1778643760.7376776,236.19123792648315,4724,0.0,0.0,0.052664995193481445
1778643760.7908082,236.24436855316162,4725,0.0,0.0,0.0531306266784668
1778643760.8328335,236.28639388084412,4726,0.0,0.0,0.04202532768249512
1778643760.8849723,236.33853268623352,4727,0.0,0.0,0.0521388053894043
1778643760.9379425,236.39150285720825,4728,0.0,0.0,0.052970170974731445
1778643760.9903903,236.44395065307617,4729,0.0,0.0,0.05244779586791992
1778643761.0330122,236.48657250404358,4730,0.0,0.0,0.04262185096740723
1778643761.0857978,236.5393581390381,4731,0.0,0.0,0.052785634994506836
1778643761.1383998,236.59196019172668,4732,0.0,0.0,0.05260205268859863
1778643761.1909342,236.64449453353882,4733,0.0,0.0,0.05253434181213379
1778643761.2332456,236.68680596351624,4734,0.0,0.0,0.04231142997741699
1778643761.285772,236.73933243751526,4735,0.0,0.0,0.05252647399902344
1778643761.3389215,236.79248189926147,4736,0.0,0.0,0.05314946174621582
1778643761.3917394,236.84529972076416,4737,0.0,0.0,0.05281782150268555
1778643761.4344568,236.8880171775818,4738,0.0,0.0,0.04271745681762695
1778643761.4900415,236.94360184669495,4739,0.0,0.0,0.05558466911315918
1778643761.5325603,236.98612070083618,4740,0.0,0.0,0.04251885414123535
1778643761.5852504,237.03881072998047,4741,0.0,0.0,0.05269002914428711
1778643761.6382403,237.09180068969727,4742,0.0,0.0,0.052989959716796875
1778643761.6923165,237.14587688446045,4743,0.0,0.0,0.054076194763183594
1778643761.7349463,237.18850660324097,4744,0.0,0.0,0.04262971878051758
1778643761.7869523,237.2405126094818,4745,0.0,0.0,0.05200600624084473
1778643761.839642,237.29320240020752,4746,0.0,0.0,0.05268979072570801
1778643761.892225,237.3457853794098,4747,0.0,0.0,0.05258297920227051
1778643761.9362273,237.3897876739502,4748,0.0,0.0,0.04400229454040527
1778643761.9879265,237.44148683547974,4749,0.0,0.0,0.051699161529541016
1778643762.0402353,237.49379563331604,4750,0.0,0.0,0.05230879783630371
1778643762.0820954,237.53565573692322,4751,0.0,0.0,0.041860103607177734
1778643762.1346204,237.58818078041077,4752,0.0,0.0,0.05252504348754883
1778643762.187431,237.64099144935608,4753,0.0,0.0,0.0528106689453125
1778643762.2401237,237.69368410110474,4754,0.0,0.0,0.05269265174865723
1778643762.282232,237.73579239845276,4755,0.0,0.0,0.04210829734802246
1778643762.3349996,237.78855991363525,4756,0.0,0.0,0.05276751518249512
1778643762.38961,237.8431704044342,4757,0.0,0.0,0.054610490798950195
1778643762.4410107,237.8945710659027,4758,0.0,0.0,0.05140066146850586
1778643762.4838746,237.9374349117279,4759,0.0,0.0,0.04286384582519531
1778643762.5372028,237.99076318740845,4760,0.0,0.0,0.05332827568054199
1778643762.5903637,238.04392409324646,4761,0.0,0.0,0.053160905838012695
1778643762.6325316,238.08609199523926,4762,0.0,0.0,0.04216790199279785
1778643762.6852272,238.13878750801086,4763,0.0,0.0,0.052695512771606445
1778643762.7382917,238.19185209274292,4764,0.0,0.0,0.053064584732055664
1778643762.791015,238.2445752620697,4765,0.0,0.0,0.05272316932678223
1778643762.833615,238.2871754169464,4766,0.0,0.0,0.042600154876708984
1778643762.886463,238.34002327919006,4767,0.0,0.0,0.052847862243652344
1778643762.9393907,238.39295101165771,4768,0.0,0.0,0.05292773246765137
1778643762.9924417,238.44600200653076,4769,0.0,0.0,0.053050994873046875
1778643763.0346541,238.48821449279785,4770,0.0,0.0,0.042212486267089844
1778643763.087265,238.54082536697388,4771,0.0,0.0,0.05261087417602539
1778643763.1396737,238.59323406219482,4772,0.0,0.0,0.052408695220947266
1778643763.1921806,238.64574098587036,4773,0.0,0.0,0.05250692367553711
1778643763.234655,238.6882152557373,4774,0.0,0.0,0.04247426986694336
1778643763.2864745,238.7400348186493,4775,0.0,0.0,0.051819562911987305
1778643763.339367,238.79292726516724,4776,0.0,0.0,0.052892446517944336
1778643763.392047,238.8456072807312,4777,0.0,0.0,0.052680015563964844
1778643763.4345336,238.88809394836426,4778,0.0,0.0,0.04248666763305664
1778643763.4871845,238.94074487686157,4779,0.0,0.0,0.05265092849731445
1778643763.5399003,238.9934606552124,4780,0.0,0.0,0.05271577835083008
1778643763.5824041,239.03596448898315,4781,0.0,0.0,0.04250383377075195
1778643763.6351955,239.08875584602356,4782,0.0,0.0,0.05279135704040527
1778643763.690382,239.14394235610962,4783,0.0,0.0,0.05518651008605957
1778643763.7317934,239.18535375595093,4784,0.0,0.0,0.041411399841308594
1778643763.783895,239.237455368042,4785,0.0,0.0,0.05210161209106445
1778643763.8391826,239.2927429676056,4786,0.0,0.0,0.05528759956359863
1778643763.8919342,239.3454945087433,4787,0.0,0.0,0.05275154113769531
1778643763.933831,239.38739132881165,4788,0.0,0.0,0.041896820068359375
1778643763.9862123,239.439772605896,4789,0.0,0.0,0.052381277084350586
1778643764.0387182,239.49227857589722,4790,0.0,0.0,0.0525059700012207
1778643764.0822783,239.5358386039734,4791,0.0,0.0,0.043560028076171875
1778643764.1345868,239.5881471633911,4792,0.0,0.0,0.05230855941772461
1778643764.1870904,239.64065074920654,4793,0.0,0.0,0.05250358581542969
1778643764.2397356,239.69329595565796,4794,0.0,0.0,0.052645206451416016
1778643764.2818534,239.73541378974915,4795,0.0,0.0,0.04211783409118652
1778643764.3346734,239.78823375701904,4796,0.0,0.0,0.05281996726989746
1778643764.3879647,239.84152507781982,4797,0.0,0.0,0.05329132080078125
1778643764.4408689,239.89442920684814,4798,0.0,0.0,0.05290412902832031
1778643764.4829872,239.9365475177765,4799,0.0,0.0,0.04211831092834473
1778643764.5355005,239.98906087875366,4800,0.0,0.0,0.05251336097717285
1778643764.5879955,240.04155588150024,4801,0.0,0.0,0.05249500274658203
1778643764.6406355,240.09419584274292,4802,0.0,0.0,0.05263996124267578
1778643764.6829004,240.1364607810974,4803,0.0,0.0,0.04226493835449219
1778643764.7360253,240.18958568572998,4804,0.0,0.0,0.05312490463256836
1778643764.7895517,240.24311208724976,4805,0.0,0.0,0.05352640151977539
1778643764.8418102,240.29537057876587,4806,0.0,0.0,0.05225849151611328
1778643764.883713,240.3372733592987,4807,0.0,0.0,0.041902780532836914
1778643764.9366102,240.39017057418823,4808,0.0,0.0,0.05289721488952637
1778643764.9900913,240.44365167617798,4809,0.0,0.0,0.053481101989746094
1778643765.033345,240.48690533638,4810,0.0,0.0,0.04325366020202637
1778643765.085995,240.539555311203,4811,0.0,0.0,0.05264997482299805
1778643765.1390207,240.59258103370667,4812,0.0,0.0,0.05302572250366211
1778643765.1918461,240.64540648460388,4813,0.0,0.0,0.0528254508972168
1778643765.2340822,240.6876425743103,4814,0.0,0.0,0.0422360897064209
1778643765.2869449,240.74050521850586,4815,0.0,0.0,0.05286264419555664
1778643765.3395996,240.79315996170044,4816,0.0,0.0,0.05265474319458008
1778643765.3924184,240.84597873687744,4817,0.0,0.0,0.05281877517700195
1778643765.4344382,240.88799858093262,4818,0.0,0.0,0.04201984405517578
1778643765.4923828,240.94594311714172,4819,0.0,0.0,0.057944536209106445
1778643765.5407794,240.99433970451355,4820,0.0,0.0,0.04839658737182617
1778643765.5841362,241.03769659996033,4821,0.0,0.0,0.043356895446777344
1778643765.637318,241.09087824821472,4822,0.0,0.0,0.05318164825439453
1778643765.6896946,241.14325499534607,4823,0.0,0.0,0.052376747131347656
1778643765.7423882,241.19594860076904,4824,0.0,0.0,0.05269360542297363
1778643765.7844064,241.23796677589417,4825,0.0,0.0,0.04201817512512207
1778643765.8368757,241.2904360294342,4826,0.0,0.0,0.05246925354003906
1778643765.889501,241.34306144714355,4827,0.0,0.0,0.052625417709350586
1778643765.9421537,241.39571404457092,4828,0.0,0.0,0.052652597427368164
1778643765.9860072,241.43956756591797,4829,0.0,0.0,0.0438535213470459
1778643766.0382164,241.4917767047882,4830,0.0,0.0,0.05220913887023926
1778643766.0902889,241.54384922981262,4831,0.0,0.0,0.05207252502441406
1778643766.1323245,241.58588480949402,4832,0.0,0.0,0.042035579681396484
1778643766.1857593,241.63931965827942,4833,0.0,0.0,0.05343484878540039
1778643766.2383258,241.69188618659973,4834,0.0,0.0,0.0525665283203125
1778643766.2914932,241.74505352973938,4835,0.0,0.0,0.05316734313964844
1778643766.3338757,241.78743600845337,4836,0.0,0.0,0.04238247871398926
1778643766.3867676,241.84032797813416,4837,0.0,0.0,0.05289196968078613
1778643766.4394221,241.89298248291016,4838,0.0,0.0,0.05265450477600098
1778643766.4921646,241.94572496414185,4839,0.0,0.0,0.05274248123168945
1778643766.5342257,241.9877860546112,4840,0.0,0.0,0.04206109046936035
1778643766.587438,242.0409984588623,4841,0.0,0.0,0.05321240425109863
1778643766.6406262,242.09418654441833,4842,0.0,0.0,0.05318808555603027
1778643766.683087,242.13664746284485,4843,0.0,0.0,0.04246091842651367
1778643766.7360308,242.1895911693573,4844,0.0,0.0,0.05294370651245117
1778643766.789307,242.2428674697876,4845,0.0,0.0,0.05327630043029785
1778643766.84249,242.2960503101349,4846,0.0,0.0,0.05318284034729004
1778643766.8847198,242.33828020095825,4847,0.0,0.0,0.04222989082336426
1778643766.9373002,242.39086055755615,4848,0.0,0.0,0.05258035659790039
1778643766.9898884,242.44344878196716,4849,0.0,0.0,0.05258822441101074
1778643767.0323315,242.48589181900024,4850,0.0,0.0,0.042443037033081055
1778643767.0850837,242.53864407539368,4851,0.0,0.0,0.05275225639343262
1778643767.1377366,242.59129691123962,4852,0.0,0.0,0.052652835845947266
1778643767.1914468,242.6450071334839,4853,0.0,0.0,0.053710222244262695
1778643767.2339263,242.68748664855957,4854,0.0,0.0,0.042479515075683594
1778643767.2866135,242.7401738166809,4855,0.0,0.0,0.05268716812133789
1778643767.339311,242.79287123680115,4856,0.0,0.0,0.05269742012023926
1778643767.3923504,242.8459107875824,4857,0.0,0.0,0.05303955078125
1778643767.43426,242.88782024383545,4858,0.0,0.0,0.04190945625305176
1778643767.4869032,242.94046354293823,4859,0.0,0.0,0.0526432991027832
1778643767.5394902,242.99305057525635,4860,0.0,0.0,0.052587032318115234
1778643767.5920825,243.0456428527832,4861,0.0,0.0,0.05259227752685547
1778643767.6343763,243.08793663978577,4862,0.0,0.0,0.04229378700256348
1778643767.6870747,243.14063501358032,4863,0.0,0.0,0.052698373794555664
1778643767.7397175,243.19327783584595,4864,0.0,0.0,0.052642822265625
1778643767.7818627,243.23542308807373,4865,0.0,0.0,0.0421452522277832
1778643767.8346903,243.28825068473816,4866,0.0,0.0,0.05282759666442871
1778643767.8878875,243.3414478302002,4867,0.0,0.0,0.05319714546203613
1778643767.9409213,243.39448165893555,4868,0.0,0.0,0.05303382873535156
1778643767.9833286,243.43688893318176,4869,0.0,0.0,0.04240727424621582
1778643768.036196,243.4897563457489,4870,0.0,0.0,0.05286741256713867
1778643768.089277,243.54283738136292,4871,0.0,0.0,0.05308103561401367
1778643768.1421292,243.595689535141,4872,0.0,0.0,0.05285215377807617
1778643768.1845467,243.6381070613861,4873,0.0,0.0,0.04241752624511719
1778643768.2371597,243.69072008132935,4874,0.0,0.0,0.052613019943237305
1778643768.2900388,243.74359917640686,4875,0.0,0.0,0.05287909507751465
1778643768.3324497,243.78601002693176,4876,0.0,0.0,0.042410850524902344
1778643768.3852966,243.8388569355011,4877,0.0,0.0,0.05284690856933594
1778643768.4381328,243.89169311523438,4878,0.0,0.0,0.05283617973327637
1778643768.4911602,243.9447205066681,4879,0.0,0.0,0.05302739143371582
1778643768.5337162,243.98727655410767,4880,0.0,0.0,0.042556047439575195
1778643768.5866961,244.04025650024414,4881,0.0,0.0,0.05297994613647461
1778643768.6392574,244.0928177833557,4882,0.0,0.0,0.052561283111572266
1778643768.6925502,244.14611053466797,4883,0.0,0.0,0.05329275131225586
1778643768.7341995,244.18775987625122,4884,0.0,0.0,0.04164934158325195
1778643768.786985,244.24054527282715,4885,0.0,0.0,0.052785396575927734
1778643768.8402874,244.29384779930115,4886,0.0,0.0,0.05330252647399902
1778643768.8829296,244.33648991584778,4887,0.0,0.0,0.04264211654663086
1778643768.9356673,244.38922762870789,4888,0.0,0.0,0.05273771286010742
1778643768.9883096,244.44186997413635,4889,0.0,0.0,0.0526423454284668
1778643769.041242,244.494802236557,4890,0.0,0.0,0.0529322624206543
1778643769.0836227,244.53718304634094,4891,0.0,0.0,0.04238080978393555
1778643769.1362915,244.5898518562317,4892,0.0,0.0,0.05266880989074707
1778643769.1892786,244.64283895492554,4893,0.0,0.0,0.052987098693847656
1778643769.2420216,244.69558191299438,4894,0.0,0.0,0.052742958068847656
1778643769.2841797,244.73774003982544,4895,0.0,0.0,0.04215812683105469
1778643769.3371782,244.79073858261108,4896,0.0,0.0,0.05299854278564453
1778643769.3899484,244.84350872039795,4897,0.0,0.0,0.052770137786865234
1778643769.4320893,244.8856496810913,4898,0.0,0.0,0.042140960693359375
1778643769.4854367,244.93899703025818,4899,0.0,0.0,0.05334734916687012
1778643769.5383651,244.99192547798157,4900,0.0,0.0,0.05292844772338867
1778643769.5913105,245.04487085342407,4901,0.0,0.0,0.05294537544250488
1778643769.633424,245.08698439598083,4902,0.0,0.0,0.042113542556762695
1778643769.6887703,245.1423306465149,4903,0.0,0.0,0.05534625053405762
1778643769.740875,245.19443535804749,4904,0.0,0.0,0.05210471153259277
1778643769.7824101,245.23597049713135,4905,0.0,0.0,0.041535139083862305
1778643769.8348315,245.288391828537,4906,0.0,0.0,0.05242133140563965
1778643769.889676,245.34323644638062,4907,0.0,0.0,0.05484461784362793
1778643769.9414253,245.39498567581177,4908,0.0,0.0,0.051749229431152344
1778643769.9839463,245.43750667572021,4909,0.0,0.0,0.042520999908447266
1778643770.0376914,245.49125170707703,4910,0.0,0.0,0.05374503135681152
1778643770.0901022,245.54366254806519,4911,0.0,0.0,0.05241084098815918
1778643770.1322548,245.58581519126892,4912,0.0,0.0,0.04215264320373535
1778643770.1852248,245.63878512382507,4913,0.0,0.0,0.052969932556152344
1778643770.2380397,245.6916000843048,4914,0.0,0.0,0.05281496047973633
1778643770.2905512,245.74411153793335,4915,0.0,0.0,0.05251145362854004
1778643770.332597,245.78615736961365,4916,0.0,0.0,0.04204583168029785
1778643770.3857749,245.83933520317078,4917,0.0,0.0,0.053177833557128906
1778643770.4380474,245.89160776138306,4918,0.0,0.0,0.05227255821228027
1778643770.490385,245.94394540786743,4919,0.0,0.0,0.052337646484375
1778643770.5323331,245.9858934879303,4920,0.0,0.0,0.04194808006286621
1778643770.5866644,246.04022479057312,4921,0.0,0.0,0.054331302642822266
1778643770.6385977,246.09215807914734,4922,0.0,0.0,0.05193328857421875
1778643770.6908147,246.1443750858307,4923,0.0,0.0,0.05221700668334961
1778643770.7325356,246.18609595298767,4924,0.0,0.0,0.04172086715698242
1778643770.7853088,246.23886919021606,4925,0.0,0.0,0.052773237228393555
1778643770.8377252,246.29128551483154,4926,0.0,0.0,0.052416324615478516
1778643770.8898365,246.34339690208435,4927,0.0,0.0,0.05211138725280762
1778643770.9420693,246.39562964439392,4928,0.0,0.0,0.05223274230957031
1778643770.9845665,246.43812680244446,4929,0.0,0.0,0.04249715805053711
1778643771.0375679,246.49112820625305,4930,0.0,0.0,0.05300140380859375
1778643771.090737,246.54429745674133,4931,0.0,0.0,0.05316925048828125
1778643771.1327689,246.58632922172546,4932,0.0,0.0,0.04203176498413086
1778643771.1851206,246.638680934906,4933,0.0,0.0,0.05235171318054199
1778643771.2389631,246.69252347946167,4934,0.0,0.0,0.05384254455566406
1778643771.2915056,246.7450659275055,4935,0.0,0.0,0.05254244804382324
1778643771.3325474,246.7861077785492,4936,0.0,0.0,0.04104185104370117
1778643771.3854,246.83896040916443,4937,0.0,0.0,0.052852630615234375
1778643771.4380686,246.8916289806366,4938,0.0,0.0,0.05266857147216797
1778643771.490797,246.94435739517212,4939,0.0,0.0,0.05272841453552246
1778643771.533269,246.98682928085327,4940,0.0,0.0,0.042471885681152344
1778643771.5867271,247.04028749465942,4941,0.0,0.0,0.053458213806152344
1778643771.63931,247.09287023544312,4942,0.0,0.0,0.052582740783691406
1778643771.692284,247.1458444595337,4943,0.0,0.0,0.05297422409057617
1778643771.7347052,247.1882655620575,4944,0.0,0.0,0.04242110252380371
1778643771.7876098,247.24117016792297,4945,0.0,0.0,0.052904605865478516
1778643771.840016,247.29357624053955,4946,0.0,0.0,0.05240607261657715
1778643771.88241,247.33597040176392,4947,0.0,0.0,0.042394161224365234
1778643771.935057,247.38861727714539,4948,0.0,0.0,0.05264687538146973
1778643771.9878347,247.44139504432678,4949,0.0,0.0,0.052777767181396484
1778643772.0406082,247.49416851997375,4950,0.0,0.0,0.052773475646972656
1778643772.0828283,247.53638863563538,4951,0.0,0.0,0.042220115661621094
1778643772.1357245,247.5892848968506,4952,0.0,0.0,0.05289626121520996
1778643772.1886752,247.64223551750183,4953,0.0,0.0,0.05295062065124512
1778643772.2412558,247.6948161125183,4954,0.0,0.0,0.05258059501647949
1778643772.2832582,247.7368185520172,4955,0.0,0.0,0.04200243949890137
1778643772.3363333,247.78989362716675,4956,0.0,0.0,0.05307507514953613
1778643772.3893833,247.84294366836548,4957,0.0,0.0,0.05305004119873047
1778643772.4423628,247.8959231376648,4958,0.0,0.0,0.052979469299316406
1778643772.4853847,247.93894505500793,4959,0.0,0.0,0.04302191734313965
1778643772.5391967,247.99275708198547,4960,0.0,0.0,0.05381202697753906
1778643772.5913153,248.04487562179565,4961,0.0,0.0,0.052118539810180664
1778643772.633164,248.08672428131104,4962,0.0,0.0,0.04184865951538086
1778643772.6855245,248.139084815979,4963,0.0,0.0,0.05236053466796875
1778643772.7378094,248.1913697719574,4964,0.0,0.0,0.052284955978393555
1778643772.791674,248.24523425102234,4965,0.0,0.0,0.053864479064941406
1778643772.8337104,248.28727078437805,4966,0.0,0.0,0.04203653335571289
1778643772.8864274,248.33998775482178,4967,0.0,0.0,0.052716970443725586
1778643772.9395921,248.39315247535706,4968,0.0,0.0,0.05316472053527832
1778643772.9922266,248.4457869529724,4969,0.0,0.0,0.052634477615356445
1778643773.0347908,248.48835110664368,4970,0.0,0.0,0.04256415367126465
1778643773.0875049,248.54106521606445,4971,0.0,0.0,0.05271410942077637
1778643773.1403067,248.59386706352234,4972,0.0,0.0,0.05280184745788574
1778643773.182166,248.63572645187378,4973,0.0,0.0,0.04185938835144043
1778643773.2350159,248.68857622146606,4974,0.0,0.0,0.052849769592285156
1778643773.2879155,248.74147582054138,4975,0.0,0.0,0.05289959907531738
1778643773.3406072,248.79416751861572,4976,0.0,0.0,0.05269169807434082
1778643773.3830316,248.83659195899963,4977,0.0,0.0,0.04242444038391113
1778643773.436044,248.88960433006287,4978,0.0,0.0,0.05301237106323242
1778643773.4890895,248.9426498413086,4979,0.0,0.0,0.05304551124572754
1778643773.5418503,248.99541068077087,4980,0.0,0.0,0.05276083946228027
1778643773.5843062,249.03786659240723,4981,0.0,0.0,0.04245591163635254
1778643773.6375644,249.0911247730255,4982,0.0,0.0,0.05325818061828613
1778643773.6905298,249.14409017562866,4983,0.0,0.0,0.052965402603149414
1778643773.7329342,249.18649458885193,4984,0.0,0.0,0.0424044132232666
1778643773.7856436,249.23920392990112,4985,0.0,0.0,0.052709341049194336
1778643773.838162,249.29172229766846,4986,0.0,0.0,0.052518367767333984
1778643773.8909783,249.34453868865967,4987,0.0,0.0,0.05281639099121094
1778643773.933721,249.38728141784668,4988,0.0,0.0,0.04274272918701172
1778643773.987127,249.440687417984,4989,0.0,0.0,0.0534060001373291
1778643774.0399375,249.49349784851074,4990,0.0,0.0,0.0528104305267334
1778643774.0923407,249.54590106010437,4991,0.0,0.0,0.05240321159362793
1778643774.1342309,249.58779120445251,4992,0.0,0.0,0.04189014434814453
1778643774.1868477,249.64040803909302,4993,0.0,0.0,0.05261683464050293
1778643774.2393022,249.69286251068115,4994,0.0,0.0,0.052454471588134766
1778643774.2917612,249.7453215122223,4995,0.0,0.0,0.052459001541137695
1778643774.3340554,249.787615776062,4996,0.0,0.0,0.04229426383972168
1778643774.391066,249.84462642669678,4997,0.0,0.0,0.057010650634765625
1778643774.4332576,249.8868179321289,4998,0.0,0.0,0.042191505432128906
1778643774.4858692,249.93942952156067,4999,0.0,0.0,0.052611589431762695
1778643774.5390034,249.99256372451782,5000,0.0,0.0,0.05313420295715332
1778643774.591949,250.0455093383789,5001,0.0,0.0,0.052945613861083984
1778643774.6339881,250.087548494339,5002,0.0,0.0,0.04203915596008301
1778643774.6874366,250.1409969329834,5003,0.0,0.0,0.05344843864440918
1778643774.7401552,250.19371557235718,5004,0.0,0.0,0.0527186393737793
1778643774.782648,250.2362084388733,5005,0.0,0.0,0.04249286651611328
1778643774.8350587,250.28861904144287,5006,0.0,0.0,0.05241060256958008
1778643774.8879957,250.3415560722351,5007,0.0,0.0,0.05293703079223633
1778643774.9410694,250.39462971687317,5008,0.0,0.0,0.05307364463806152
1778643774.983637,250.43719744682312,5009,0.0,0.0,0.04256772994995117
1778643775.0361996,250.4897599220276,5010,0.0,0.0,0.05256247520446777
1778643775.0883224,250.5418827533722,5011,0.0,0.0,0.05212283134460449
1778643775.1412678,250.5948281288147,5012,0.0,0.0,0.05294537544250488
1778643775.1837964,250.63735675811768,5013,0.0,0.0,0.042528629302978516
1778643775.236832,250.69039225578308,5014,0.0,0.0,0.05303549766540527
1778643775.290356,250.74391627311707,5015,0.0,0.0,0.053524017333984375
1778643775.333003,250.78656339645386,5016,0.0,0.0,0.04264712333679199
1778643775.3858156,250.8393759727478,5017,0.0,0.0,0.05281257629394531
1778643775.4383774,250.89193773269653,5018,0.0,0.0,0.05256175994873047
1778643775.490783,250.94434332847595,5019,0.0,0.0,0.052405595779418945
1778643775.5324464,250.98600673675537,5020,0.0,0.0,0.041663408279418945
1778643775.5853205,251.03888082504272,5021,0.0,0.0,0.052874088287353516
1778643775.6380184,251.09157872200012,5022,0.0,0.0,0.05269789695739746
1778643775.69052,251.14408040046692,5023,0.0,0.0,0.052501678466796875
1778643775.7330039,251.18656420707703,5024,0.0,0.0,0.04248380661010742
1778643775.7862322,251.23979258537292,5025,0.0,0.0,0.05322837829589844
1778643775.8393931,251.29295349121094,5026,0.0,0.0,0.053160905838012695
1778643775.8916652,251.34522557258606,5027,0.0,0.0,0.05227208137512207
1778643775.9332328,251.38679313659668,5028,0.0,0.0,0.04156756401062012
1778643775.9856684,251.43922877311707,5029,0.0,0.0,0.05243563652038574
1778643776.0381305,251.49169087409973,5030,0.0,0.0,0.052462100982666016
1778643776.0916047,251.54516506195068,5031,0.0,0.0,0.05347418785095215
1778643776.133726,251.58728623390198,5032,0.0,0.0,0.042121171951293945
1778643776.1862886,251.63984894752502,5033,0.0,0.0,0.052562713623046875
1778643776.2385805,251.6921408176422,5034,0.0,0.0,0.0522918701171875
1778643776.291209,251.7447693347931,5035,0.0,0.0,0.052628517150878906
1778643776.3333635,251.78692388534546,5036,0.0,0.0,0.042154550552368164
1778643776.3863125,251.83987283706665,5037,0.0,0.0,0.052948951721191406
1778643776.439137,251.89269733428955,5038,0.0,0.0,0.05282449722290039
1778643776.4920743,251.94563460350037,5039,0.0,0.0,0.05293726921081543
1778643776.5344923,251.98805260658264,5040,0.0,0.0,0.04241800308227539
1778643776.587374,252.04093432426453,5041,0.0,0.0,0.052881717681884766
1778643776.6398876,252.09344792366028,5042,0.0,0.0,0.05251359939575195
1778643776.682108,252.13566827774048,5043,0.0,0.0,0.042220354080200195
1778643776.7349694,252.18852972984314,5044,0.0,0.0,0.05286145210266113
1778643776.7884638,252.24202418327332,5045,0.0,0.0,0.05349445343017578
1778643776.840826,252.29438638687134,5046,0.0,0.0,0.05236220359802246
1778643776.8827686,252.33632898330688,5047,0.0,0.0,0.041942596435546875
1778643776.9364662,252.39002656936646,5048,0.0,0.0,0.05369758605957031
1778643776.9879835,252.44154381752014,5049,0.0,0.0,0.05151724815368652
1778643777.0403333,252.49389362335205,5050,0.0,0.0,0.05234980583190918
1778643777.0820973,252.53565764427185,5051,0.0,0.0,0.041764020919799805
1778643777.1346185,252.58817887306213,5052,0.0,0.0,0.0525212287902832
1778643777.1876736,252.64123392105103,5053,0.0,0.0,0.0530550479888916
1778643777.2407327,252.69429302215576,5054,0.0,0.0,0.05305910110473633
1778643777.2832332,252.7367935180664,5055,0.0,0.0,0.04250049591064453
1778643777.3362088,252.78976917266846,5056,0.0,0.0,0.05297565460205078
1778643777.3897703,252.84333062171936,5057,0.0,0.0,0.05356144905090332
1778643777.432161,252.88572144508362,5058,0.0,0.0,0.04239082336425781
1778643777.4845557,252.9381160736084,5059,0.0,0.0,0.05239462852478027
1778643777.5373619,252.9909222126007,5060,0.0,0.0,0.05280613899230957
1778643777.5899584,253.043518781662,5061,0.0,0.0,0.0525965690612793
1778643777.6320443,253.08560466766357,5062,0.0,0.0,0.042085886001586914
1778643777.6851227,253.13868308067322,5063,0.0,0.0,0.053078413009643555
1778643777.7380922,253.1916525363922,5064,0.0,0.0,0.05296945571899414
1778643777.7903821,253.24394249916077,5065,0.0,0.0,0.05228996276855469
1778643777.8324287,253.2859890460968,5066,0.0,0.0,0.042046546936035156
1778643777.8850856,253.3386459350586,5067,0.0,0.0,0.05265688896179199
1778643777.9372067,253.39076709747314,5068,0.0,0.0,0.05212116241455078
1778643777.9896102,253.44317054748535,5069,0.0,0.0,0.05240345001220703
1778643778.0425353,253.49609565734863,5070,0.0,0.0,0.05292510986328125
1778643778.084751,253.53831124305725,5071,0.0,0.0,0.042215585708618164
1778643778.1375902,253.59115052223206,5072,0.0,0.0,0.05283927917480469
1778643778.1902466,253.6438069343567,5073,0.0,0.0,0.05265641212463379
1778643778.2320912,253.68565154075623,5074,0.0,0.0,0.04184460639953613
1778643778.2852075,253.73876786231995,5075,0.0,0.0,0.0531163215637207
1778643778.3382885,253.79184889793396,5076,0.0,0.0,0.05308103561401367
1778643778.391242,253.84480237960815,5077,0.0,0.0,0.052953481674194336
1778643778.4334173,253.8869776725769,5078,0.0,0.0,0.04217529296875
1778643778.486499,253.94005942344666,5079,0.0,0.0,0.05308175086975098
1778643778.5397933,253.99335360527039,5080,0.0,0.0,0.05329418182373047
1778643778.5822623,254.0358226299286,5081,0.0,0.0,0.042469024658203125
1778643778.6348608,254.0884211063385,5082,0.0,0.0,0.05259847640991211
1778643778.6874278,254.14098811149597,5083,0.0,0.0,0.0525670051574707
1778643778.740469,254.19402933120728,5084,0.0,0.0,0.05304121971130371
1778643778.783005,254.2365653514862,5085,0.0,0.0,0.042536020278930664
1778643778.8359458,254.2895061969757,5086,0.0,0.0,0.05294084548950195
1778643778.8885367,254.3420970439911,5087,0.0,0.0,0.05259084701538086
1778643778.9416006,254.3951609134674,5088,0.0,0.0,0.05306386947631836
1778643778.9840584,254.4376187324524,5089,0.0,0.0,0.04245781898498535
1778643779.0376275,254.49118781089783,5090,0.0,0.0,0.05356907844543457
1778643779.089883,254.543443441391,5091,0.0,0.0,0.05225563049316406
1778643779.1319914,254.585551738739,5092,0.0,0.0,0.04210829734802246
1778643779.1853817,254.63894200325012,5093,0.0,0.0,0.0533902645111084
1778643779.2382739,254.6918342113495,5094,0.0,0.0,0.052892208099365234
1778643779.2908852,254.74444556236267,5095,0.0,0.0,0.052611351013183594
1778643779.333091,254.78665137290955,5096,0.0,0.0,0.042205810546875
1778643779.386126,254.8396863937378,5097,0.0,0.0,0.05303502082824707
1778643779.4389083,254.8924686908722,5098,0.0,0.0,0.052782297134399414
1778643779.491478,254.94503831863403,5099,0.0,0.0,0.05256962776184082
1778643779.5336912,254.98725152015686,5100,0.0,0.0,0.04221320152282715
1778643779.5864446,255.0400049686432,5101,0.0,0.0,0.052753448486328125
1778643779.6389337,255.0924940109253,5102,0.0,0.0,0.05248904228210449
1778643779.6918218,255.1453821659088,5103,0.0,0.0,0.05288815498352051
1778643779.733713,255.18727326393127,5104,0.0,0.0,0.04189109802246094
1778643779.7874289,255.24098920822144,5105,0.0,0.0,0.05371594429016113
1778643779.8400269,255.2935872077942,5106,0.0,0.0,0.052597999572753906
1778643779.881872,255.33543229103088,5107,0.0,0.0,0.041845083236694336
1778643779.934796,255.38835644721985,5108,0.0,0.0,0.052924156188964844
1778643779.9870858,255.44064617156982,5109,0.0,0.0,0.052289724349975586
1778643780.0394728,255.49303317070007,5110,0.0,0.0,0.05238699913024902
1778643780.092065,255.54562544822693,5111,0.0,0.0,0.05259227752685547
1778643780.134528,255.58808827400208,5112,0.0,0.0,0.042462825775146484
1778643780.1871927,255.64075303077698,5113,0.0,0.0,0.052664756774902344
1778643780.2408018,255.6943621635437,5114,0.0,0.0,0.05360913276672363
1778643780.2822623,255.7358226776123,5115,0.0,0.0,0.041460514068603516
1778643780.3347008,255.78826117515564,5116,0.0,0.0,0.05243849754333496
1778643780.3886213,255.84218168258667,5117,0.0,0.0,0.05392050743103027
1778643780.4406471,255.89420747756958,5118,0.0,0.0,0.052025794982910156
1778643780.483031,255.93659138679504,5119,0.0,0.0,0.04238390922546387
1778643780.5358262,255.98938655853271,5120,0.0,0.0,0.0527951717376709
1778643780.592286,256.04584646224976,5121,0.0,0.0,0.056459903717041016
1778643780.6339376,256.0874979496002,5122,0.0,0.0,0.04165148735046387
1778643780.6885135,256.1420738697052,5123,0.0,0.0,0.05457592010498047
1778643780.7388198,256.19238018989563,5124,0.0,0.0,0.05030632019042969
1778643780.7915554,256.2451157569885,5125,0.0,0.0,0.05273556709289551
1778643780.8339243,256.2874846458435,5126,0.0,0.0,0.04236888885498047
1778643780.8865044,256.3400647640228,5127,0.0,0.0,0.05258011817932129
1778643780.9393952,256.3929555416107,5128,0.0,0.0,0.052890777587890625
1778643780.9923134,256.4458737373352,5129,0.0,0.0,0.052918195724487305
1778643781.0343082,256.4878685474396,5130,0.0,0.0,0.04199481010437012
1778643781.08717,256.5407302379608,5131,0.0,0.0,0.052861690521240234
1778643781.140089,256.5936493873596,5132,0.0,0.0,0.05291914939880371
1778643781.1822875,256.63584780693054,5133,0.0,0.0,0.04219841957092285
1778643781.2350817,256.6886420249939,5134,0.0,0.0,0.05279421806335449
1778643781.2897422,256.74330258369446,5135,0.0,0.0,0.05466055870056152
1778643781.3413875,256.7949478626251,5136,0.0,0.0,0.05164527893066406
1778643781.3832078,256.8367681503296,5137,0.0,0.0,0.04182028770446777
1778643781.4363554,256.8899157047272,5138,0.0,0.0,0.05314755439758301
1778643781.4891317,256.9426920413971,5139,0.0,0.0,0.052776336669921875
1778643781.5419152,256.9954755306244,5140,0.0,0.0,0.05278348922729492
1778643781.5843751,257.0379354953766,5141,0.0,0.0,0.042459964752197266
1778643781.6370914,257.0906517505646,5142,0.0,0.0,0.05271625518798828
1778643781.6923065,257.1458668708801,5143,0.0,0.0,0.05521512031555176
1778643781.735146,257.18870639801025,5144,0.0,0.0,0.04283952713012695
1778643781.787246,257.24080634117126,5145,0.0,0.0,0.05209994316101074
1778643781.8397224,257.2932827472687,5146,0.0,0.0,0.05247640609741211
1778643781.8824172,257.3359775543213,5147,0.0,0.0,0.042694807052612305
1778643781.9357424,257.3893027305603,5148,0.0,0.0,0.05332517623901367
1778643781.9881194,257.44167971611023,5149,0.0,0.0,0.05237698554992676
1778643782.0407045,257.4942648410797,5150,0.0,0.0,0.05258512496948242
1778643782.0823004,257.53586077690125,5151,0.0,0.0,0.0415959358215332
1778643782.1353927,257.5889530181885,5152,0.0,0.0,0.053092241287231445
1778643782.188762,257.6423223018646,5153,0.0,0.0,0.05336928367614746
1778643782.2408745,257.6944348812103,5154,0.0,0.0,0.052112579345703125
1778643782.2849197,257.73848009109497,5155,0.0,0.0,0.044045209884643555
1778643782.3375292,257.7910895347595,5156,0.0,0.0,0.05260944366455078
1778643782.3895216,257.84308195114136,5157,0.0,0.0,0.05199241638183594
1778643782.4419,257.89546036720276,5158,0.0,0.0,0.05237841606140137
1778643782.4842412,257.93780159950256,5159,0.0,0.0,0.04234123229980469
1778643782.5368721,257.99043250083923,5160,0.0,0.0,0.05263090133666992
1778643782.5894148,258.04297518730164,5161,0.0,0.0,0.052542686462402344
1778643782.6420534,258.09561371803284,5162,0.0,0.0,0.05263853073120117
1778643782.6843677,258.1379280090332,5163,0.0,0.0,0.04231429100036621
1778643782.7372487,258.19080901145935,5164,0.0,0.0,0.05288100242614746
1778643782.791639,258.2451994419098,5165,0.0,0.0,0.05439043045043945
1778643782.8328762,258.2864365577698,5166,0.0,0.0,0.04123711585998535
1778643782.8857512,258.33931159973145,5167,0.0,0.0,0.05287504196166992
1778643782.938506,258.39206624031067,5168,0.0,0.0,0.05275464057922363
1778643782.9913561,258.4449164867401,5169,0.0,0.0,0.05285024642944336
1778643783.0336645,258.487224817276,5170,0.0,0.0,0.04230833053588867
1778643783.0868056,258.54036593437195,5171,0.0,0.0,0.053141117095947266
1778643783.1393144,258.5928747653961,5172,0.0,0.0,0.05250883102416992
1778643783.1916573,258.64521765708923,5173,0.0,0.0,0.052342891693115234
1778643783.2340195,258.687579870224,5174,0.0,0.0,0.042362213134765625
1778643783.2866309,258.7401912212372,5175,0.0,0.0,0.052611351013183594
1778643783.3400764,258.79363679885864,5176,0.0,0.0,0.05344557762145996
1778643783.3834348,258.8369951248169,5177,0.0,0.0,0.04335832595825195
1778643783.435745,258.8893053531647,5178,0.0,0.0,0.05231022834777832
1778643783.490668,258.9442284107208,5179,0.0,0.0,0.054923057556152344
1778643783.5343451,258.98790550231934,5180,0.0,0.0,0.04367709159851074
1778643783.5895758,259.04313611984253,5181,0.0,0.0,0.05523061752319336
1778643783.6417015,259.0952618122101,5182,0.0,0.0,0.05212569236755371
1778643783.6838026,259.13736295700073,5183,0.0,0.0,0.042101144790649414
1778643783.7365167,259.1900770664215,5184,0.0,0.0,0.05271410942077637
1778643783.7890303,259.24259066581726,5185,0.0,0.0,0.05251359939575195
1778643783.841707,259.2952673435211,5186,0.0,0.0,0.05267667770385742
1778643783.8837523,259.33731269836426,5187,0.0,0.0,0.04204535484313965
1778643783.9409776,259.3945379257202,5188,0.0,0.0,0.05722522735595703
1778643783.9830062,259.4365665912628,5189,0.0,0.0,0.04202866554260254
1778643784.0377364,259.4912967681885,5190,0.0,0.0,0.05473017692565918
1778643784.0901344,259.54369473457336,5191,0.0,0.0,0.052397966384887695
1778643784.1322129,259.585773229599,5192,0.0,0.0,0.042078495025634766
1778643784.1855073,259.6390676498413,5193,0.0,0.0,0.05329442024230957
1778643784.2381327,259.69169306755066,5194,0.0,0.0,0.052625417709350586
1778643784.2905335,259.7440938949585,5195,0.0,0.0,0.052400827407836914
1778643784.3324244,259.7859847545624,5196,0.0,0.0,0.041890859603881836
1778643784.3846514,259.83821177482605,5197,0.0,0.0,0.052227020263671875
1778643784.4370496,259.8906099796295,5198,0.0,0.0,0.0523982048034668
1778643784.4898288,259.9433891773224,5199,0.0,0.0,0.052779197692871094
1778643784.5318077,259.98536801338196,5200,0.0,0.0,0.04197883605957031
1778643784.5842948,260.03785514831543,5201,0.0,0.0,0.05248713493347168
1778643784.6367707,260.0903310775757,5202,0.0,0.0,0.052475929260253906
1778643784.6892338,260.14279413223267,5203,0.0,0.0,0.05246305465698242
1778643784.7420225,260.1955828666687,5204,0.0,0.0,0.052788734436035156
1778643784.7874575,260.2410178184509,5205,0.0,0.0,0.04543495178222656
1778643784.839377,260.29293727874756,5206,0.0,0.0,0.05191946029663086
1778643784.8916147,260.3451750278473,5207,0.0,0.0,0.052237749099731445
1778643784.9336715,260.3872318267822,5208,0.0,0.0,0.04205679893493652
1778643784.9860952,260.43965554237366,5209,0.0,0.0,0.052423715591430664
1778643785.038794,260.49235439300537,5210,0.0,0.0,0.05269885063171387
1778643785.0912313,260.5447916984558,5211,0.0,0.0,0.05243730545043945
1778643785.133031,260.5865912437439,5212,0.0,0.0,0.04179954528808594
1778643785.1896646,260.6432249546051,5213,0.0,0.0,0.056633710861206055
1778643785.2392712,260.69283151626587,5214,0.0,0.0,0.0496065616607666
1778643785.2916973,260.7452576160431,5215,0.0,0.0,0.05242609977722168
1778643785.3337202,260.7872805595398,5216,0.0,0.0,0.0420229434967041
1778643785.386531,260.8400914669037,5217,0.0,0.0,0.0528109073638916
1778643785.4392917,260.8928520679474,5218,0.0,0.0,0.05276060104370117
1778643785.491962,260.9455223083496,5219,0.0,0.0,0.05267024040222168
1778643785.5342772,260.9878375530243,5220,0.0,0.0,0.04231524467468262
1778643785.5868595,261.0404198169708,5221,0.0,0.0,0.0525822639465332
1778643785.639678,261.09323835372925,5222,0.0,0.0,0.05281853675842285
1778643785.6923296,261.1458899974823,5223,0.0,0.0,0.05265164375305176
1778643785.7343533,261.18791365623474,5224,0.0,0.0,0.042023658752441406
1778643785.7872236,261.24078392982483,5225,0.0,0.0,0.05287027359008789
1778643785.8399518,261.2935121059418,5226,0.0,0.0,0.05272817611694336
1778643785.881828,261.33538842201233,5227,0.0,0.0,0.04187631607055664
1778643785.9354851,261.38904547691345,5228,0.0,0.0,0.05365705490112305
1778643785.988312,261.44187235832214,5229,0.0,0.0,0.052826881408691406
1778643786.0406673,261.4942276477814,5230,0.0,0.0,0.052355289459228516
1778643786.0826988,261.5362591743469,5231,0.0,0.0,0.04203152656555176
1778643786.1353343,261.5888946056366,5232,0.0,0.0,0.05263543128967285
1778643786.1885178,261.6420781612396,5233,0.0,0.0,0.053183555603027344
1778643786.2413807,261.69494104385376,5234,0.0,0.0,0.05286288261413574
1778643786.2836728,261.73723316192627,5235,0.0,0.0,0.042292118072509766
1778643786.3360271,261.7895874977112,5236,0.0,0.0,0.05235433578491211
1778643786.3887794,261.8423397541046,5237,0.0,0.0,0.05275225639343262
1778643786.4413574,261.8949177265167,5238,0.0,0.0,0.052577972412109375
1778643786.4834287,261.936989068985,5239,0.0,0.0,0.04207134246826172
1778643786.5362213,261.9897816181183,5240,0.0,0.0,0.05279254913330078
1778643786.589126,262.04268646240234,5241,0.0,0.0,0.05290484428405762
1778643786.6419709,262.09553122520447,5242,0.0,0.0,0.05284476280212402
1778643786.6847184,262.13827872276306,5243,0.0,0.0,0.04274749755859375
1778643786.737199,262.1907594203949,5244,0.0,0.0,0.05248069763183594
1778643786.7917821,262.24534249305725,5245,0.0,0.0,0.054583072662353516
1778643786.8338442,262.2874045372009,5246,0.0,0.0,0.04206204414367676
1778643786.8861,262.33966040611267,5247,0.0,0.0,0.052255868911743164
1778643786.9386654,262.3922257423401,5248,0.0,0.0,0.05256533622741699
1778643786.9912164,262.44477677345276,5249,0.0,0.0,0.0525510311126709
1778643787.0330074,262.486567735672,5250,0.0,0.0,0.04179096221923828
1778643787.0858517,262.53941202163696,5251,0.0,0.0,0.05284428596496582
1778643787.1384892,262.59204959869385,5252,0.0,0.0,0.052637577056884766
1778643787.1908884,262.64444875717163,5253,0.0,0.0,0.0523991584777832
1778643787.2332425,262.6868028640747,5254,0.0,0.0,0.04235410690307617
1778643787.2859294,262.73948979377747,5255,0.0,0.0,0.05268692970275879
1778643787.3381488,262.7917091846466,5256,0.0,0.0,0.052219390869140625
1778643787.3911328,262.8446931838989,5257,0.0,0.0,0.052983999252319336
1778643787.433317,262.8868772983551,5258,0.0,0.0,0.04218411445617676
1778643787.4860296,262.9395899772644,5259,0.0,0.0,0.05271267890930176
1778643787.538833,262.99239325523376,5260,0.0,0.0,0.05280327796936035
1778643787.5914202,263.04498052597046,5261,0.0,0.0,0.052587270736694336
1778643787.633669,263.0872292518616,5262,0.0,0.0,0.04224872589111328
1778643787.6859307,263.1394910812378,5263,0.0,0.0,0.0522618293762207
1778643787.738474,263.19203424453735,5264,0.0,0.0,0.05254316329956055
1778643787.7909205,263.2444808483124,5265,0.0,0.0,0.052446603775024414
1778643787.8332474,263.28680777549744,5266,0.0,0.0,0.042326927185058594
1778643787.885936,263.33949637413025,5267,0.0,0.0,0.0526885986328125
1778643787.9386668,263.39222717285156,5268,0.0,0.0,0.05273079872131348
1778643787.9911108,263.4446711540222,5269,0.0,0.0,0.0524439811706543
1778643788.0329287,263.4864890575409,5270,0.0,0.0,0.04181790351867676
1778643788.08562,263.5391802787781,5271,0.0,0.0,0.05269122123718262
1778643788.1379924,263.591552734375,5272,0.0,0.0,0.05237245559692383
1778643788.1908185,263.64437890052795,5273,0.0,0.0,0.0528261661529541
1778643788.2329636,263.68652391433716,5274,0.0,0.0,0.0421450138092041
1778643788.2859333,263.73949360847473,5275,0.0,0.0,0.05296969413757324
1778643788.3386102,263.79217052459717,5276,0.0,0.0,0.05267691612243652
1778643788.3913794,263.8449397087097,5277,0.0,0.0,0.05276918411254883
1778643788.4338055,263.8873658180237,5278,0.0,0.0,0.042426109313964844
1778643788.486872,263.94043231010437,5279,0.0,0.0,0.05306649208068848
1778643788.538565,263.99212527275085,5280,0.0,0.0,0.051692962646484375
1778643788.5912042,264.0447645187378,5281,0.0,0.0,0.05263924598693848
1778643788.6332676,264.08682799339294,5282,0.0,0.0,0.04206347465515137
1778643788.6858542,264.1394145488739,5283,0.0,0.0,0.05258655548095703
1778643788.7384307,264.19199109077454,5284,0.0,0.0,0.052576541900634766
1778643788.790984,264.2445442676544,5285,0.0,0.0,0.05255317687988281
1778643788.8332016,264.28676199913025,5286,0.0,0.0,0.04221773147583008
1778643788.8861313,264.33969163894653,5287,0.0,0.0,0.05292963981628418
1778643788.938518,264.3920783996582,5288,0.0,0.0,0.05238676071166992
1778643788.9915476,264.44510793685913,5289,0.0,0.0,0.053029537200927734
1778643789.0332136,264.4867739677429,5290,0.0,0.0,0.04166603088378906
1778643789.086011,264.5395712852478,5291,0.0,0.0,0.05279731750488281
1778643789.13836,264.591920375824,5292,0.0,0.0,0.052349090576171875
1778643789.1907837,264.6443440914154,5293,0.0,0.0,0.052423715591430664
1778643789.233114,264.68667435646057,5294,0.0,0.0,0.042330265045166016
1778643789.2857597,264.73932003974915,5295,0.0,0.0,0.05264568328857422
1778643789.3383596,264.79191994667053,5296,0.0,0.0,0.05259990692138672
1778643789.3910315,264.8445918560028,5297,0.0,0.0,0.05267190933227539
1778643789.4395888,264.89314913749695,5298,0.0,0.0,0.048557281494140625
1778643789.4890323,264.9425926208496,5299,0.0,0.0,0.04944348335266113
1778643789.541112,264.9946722984314,5300,0.0,0.0,0.05207967758178711
1778643789.582984,265.03654432296753,5301,0.0,0.0,0.04187202453613281
1778643789.6349738,265.088534116745,5302,0.0,0.0,0.05198979377746582
1778643789.6878295,265.14138984680176,5303,0.0,0.0,0.052855730056762695
1778643789.7437885,265.1973488330841,5304,0.0,0.0,0.05595898628234863
1778643789.7887006,265.24226093292236,5305,0.0,0.0,0.044912099838256836
1778643789.84142,265.2949802875519,5306,0.0,0.0,0.0527193546295166
1778643789.8835795,265.3371398448944,5307,0.0,0.0,0.0421595573425293
1778643789.936753,265.3903133869171,5308,0.0,0.0,0.05317354202270508
1778643789.9899802,265.4435405731201,5309,0.0,0.0,0.05322718620300293
1778643790.0323167,265.48587703704834,5310,0.0,0.0,0.042336463928222656
1778643790.084862,265.5384223461151,5311,0.0,0.0,0.05254530906677246
1778643790.1396022,265.5931625366211,5312,0.0,0.0,0.054740190505981445
1778643790.1902697,265.64383006095886,5313,0.0,0.0,0.050667524337768555
1778643790.2326076,265.68616795539856,5314,0.0,0.0,0.042337894439697266
1778643790.2850137,265.73857402801514,5315,0.0,0.0,0.05240607261657715
1778643790.3378212,265.7913815975189,5316,0.0,0.0,0.05280756950378418
1778643790.3904626,265.84402298927307,5317,0.0,0.0,0.05264139175415039
1778643790.4324596,265.88601994514465,5318,0.0,0.0,0.04199695587158203
1778643790.4853806,265.9389410018921,5319,0.0,0.0,0.05292105674743652
1778643790.5383608,265.99192118644714,5320,0.0,0.0,0.05298018455505371
1778643790.5909727,266.0445330142975,5321,0.0,0.0,0.0526118278503418
1778643790.633045,266.08660531044006,5322,0.0,0.0,0.042072296142578125
1778643790.6856792,266.13923954963684,5323,0.0,0.0,0.052634239196777344
1778643790.7411525,266.19471287727356,5324,0.0,0.0,0.05547332763671875
1778643790.7918897,266.2454500198364,5325,0.0,0.0,0.05073714256286621
1778643790.8333013,266.2868616580963,5326,0.0,0.0,0.041411638259887695
1778643790.8879762,266.3415365219116,5327,0.0,0.0,0.05467486381530762
1778643790.9407294,266.39428973197937,5328,0.0,0.0,0.05275321006774902
1778643790.9825115,266.4360718727112,5329,0.0,0.0,0.04178214073181152
1778643791.0350564,266.4886167049408,5330,0.0,0.0,0.05254483222961426
1778643791.0876055,266.54116582870483,5331,0.0,0.0,0.052549123764038086
1778643791.1403437,266.5939040184021,5332,0.0,0.0,0.052738189697265625
1778643791.1846936,266.63825392723083,5333,0.0,0.0,0.04434990882873535
1778643791.236657,266.690217256546,5334,0.0,0.0,0.05196332931518555
1778643791.2885816,266.7421419620514,5335,0.0,0.0,0.051924705505371094
1778643791.3412256,266.7947859764099,5336,0.0,0.0,0.05264401435852051
1778643791.3832655,266.83682584762573,5337,0.0,0.0,0.04203987121582031
1778643791.4358706,266.88943099975586,5338,0.0,0.0,0.05260515213012695
1778643791.488488,266.9420483112335,5339,0.0,0.0,0.05261731147766113
1778643791.5411623,266.9947226047516,5340,0.0,0.0,0.052674293518066406
1778643791.5834363,267.0369966030121,5341,0.0,0.0,0.04227399826049805
1778643791.6376216,267.0911819934845,5342,0.0,0.0,0.05418539047241211
1778643791.6895983,267.1431586742401,5343,0.0,0.0,0.051976680755615234
1778643791.7421727,267.19573307037354,5344,0.0,0.0,0.05257439613342285
1778643791.7845993,267.23815965652466,5345,0.0,0.0,0.04242658615112305
1778643791.837509,267.2910692691803,5346,0.0,0.0,0.05290961265563965
1778643791.8899674,267.3435277938843,5347,0.0,0.0,0.05245852470397949
1778643791.9323194,267.38587975502014,5348,0.0,0.0,0.04235196113586426
1778643791.9846232,267.4381835460663,5349,0.0,0.0,0.05230379104614258
1778643792.0377755,267.49133586883545,5350,0.0,0.0,0.05315232276916504
1778643792.090918,267.54447841644287,5351,0.0,0.0,0.053142547607421875
1778643792.1330466,267.5866069793701,5352,0.0,0.0,0.042128562927246094
1778643792.1855648,267.6391251087189,5353,0.0,0.0,0.05251812934875488
1778643792.2381,267.6916604042053,5354,0.0,0.0,0.052535295486450195
1778643792.2906282,267.7441885471344,5355,0.0,0.0,0.05252814292907715
1778643792.33295,267.7865104675293,5356,0.0,0.0,0.04232192039489746
1778643792.3858814,267.83944177627563,5357,0.0,0.0,0.05293130874633789
1778643792.4387991,267.89235949516296,5358,0.0,0.0,0.0529177188873291
1778643792.4913907,267.9449510574341,5359,0.0,0.0,0.052591562271118164
1778643792.533561,267.98712134361267,5360,0.0,0.0,0.04217028617858887
1778643792.5862956,268.03985595703125,5361,0.0,0.0,0.0527346134185791
1778643792.6389632,268.0925235748291,5362,0.0,0.0,0.05266761779785156
1778643792.691977,268.1455373764038,5363,0.0,0.0,0.05301380157470703
1778643792.73396,268.1875202655792,5364,0.0,0.0,0.04198288917541504
1778643792.7866778,268.24023818969727,5365,0.0,0.0,0.05271792411804199
1778643792.8397274,268.29328775405884,5366,0.0,0.0,0.053049564361572266
1778643792.892355,268.3459153175354,5367,0.0,0.0,0.0526275634765625
1778643792.9344046,268.38796496391296,5368,0.0,0.0,0.04204964637756348
1778643792.9877543,268.4413146972656,5369,0.0,0.0,0.05334973335266113
1778643793.0403948,268.49395513534546,5370,0.0,0.0,0.052640438079833984
1778643793.0825727,268.5361330509186,5371,0.0,0.0,0.04217791557312012
1778643793.1353414,268.58890175819397,5372,0.0,0.0,0.052768707275390625
1778643793.187761,268.64132142066956,5373,0.0,0.0,0.05241966247558594
1778643793.2406187,268.69417905807495,5374,0.0,0.0,0.05285763740539551
1778643793.2828217,268.7363820075989,5375,0.0,0.0,0.04220294952392578
1778643793.3357208,268.78928112983704,5376,0.0,0.0,0.05289912223815918
1778643793.3894463,268.84300661087036,5377,0.0,0.0,0.053725481033325195
1778643793.4323595,268.88591980934143,5378,0.0,0.0,0.042913198471069336
1778643793.4860537,268.9396140575409,5379,0.0,0.0,0.05369424819946289
1778643793.5391798,268.99274015426636,5380,0.0,0.0,0.05312609672546387
1778643793.5925074,269.04606771469116,5381,0.0,0.0,0.05332756042480469
1778643793.6352544,269.0888147354126,5382,0.0,0.0,0.04274702072143555
1778643793.6885881,269.14214849472046,5383,0.0,0.0,0.05333375930786133
1778643793.742073,269.19563341140747,5384,0.0,0.0,0.05348491668701172
1778643793.7846107,269.23817110061646,5385,0.0,0.0,0.042537689208984375
1778643793.8381915,269.29175186157227,5386,0.0,0.0,0.05358076095581055
1778643793.8918357,269.3453960418701,5387,0.0,0.0,0.05364418029785156
1778643793.9346867,269.38824701309204,5388,0.0,0.0,0.04285097122192383
1778643793.9915047,269.4450650215149,5389,0.0,0.0,0.05681800842285156
1778643794.0340111,269.48757147789,5390,0.0,0.0,0.04250645637512207
1778643794.0863369,269.53989720344543,5391,0.0,0.0,0.05232572555541992
1778643794.1387784,269.5923388004303,5392,0.0,0.0,0.05244159698486328
1778643794.1910892,269.64464950561523,5393,0.0,0.0,0.05231070518493652
1778643794.2330768,269.68663716316223,5394,0.0,0.0,0.04198765754699707
1778643794.2855582,269.7391185760498,5395,0.0,0.0,0.05248141288757324
1778643794.3385577,269.79211807250977,5396,0.0,0.0,0.05299949645996094
1778643794.3915615,269.84512186050415,5397,0.0,0.0,0.053003787994384766
1778643794.4334536,269.8870139122009,5398,0.0,0.0,0.041892051696777344
1778643794.4875243,269.9410846233368,5399,0.0,0.0,0.05407071113586426
1778643794.5395348,269.99309515953064,5400,0.0,0.0,0.052010536193847656
1778643794.592562,270.0461223125458,5401,0.0,0.0,0.05302715301513672
1778643794.6349576,270.0885179042816,5402,0.0,0.0,0.042395591735839844
1778643794.6874552,270.14101552963257,5403,0.0,0.0,0.05249762535095215
1778643794.740381,270.1939413547516,5404,0.0,0.0,0.052925825119018555
1778643794.7827332,270.23629355430603,5405,0.0,0.0,0.04235219955444336
1778643794.835546,270.28910636901855,5406,0.0,0.0,0.052812814712524414
1778643794.888464,270.34202432632446,5407,0.0,0.0,0.0529179573059082
1778643794.9416575,270.3952178955078,5408,0.0,0.0,0.05319356918334961
1778643794.983156,270.4367163181305,5409,0.0,0.0,0.041498422622680664
1778643795.0354993,270.48905968666077,5410,0.0,0.0,0.05234336853027344
1778643795.0876076,270.54116797447205,5411,0.0,0.0,0.0521082878112793
1778643795.14027,270.59383034706116,5412,0.0,0.0,0.05266237258911133
1778643795.1826928,270.636253118515,5413,0.0,0.0,0.04242277145385742
1778643795.2359283,270.6894886493683,5414,0.0,0.0,0.053235530853271484
1778643795.2892802,270.74284052848816,5415,0.0,0.0,0.05335187911987305
1778643795.3420448,270.7956051826477,5416,0.0,0.0,0.0527646541595459
1778643795.3847082,270.8382685184479,5417,0.0,0.0,0.0426633358001709
1778643795.4372313,270.8907916545868,5418,0.0,0.0,0.052523136138916016
1778643795.4898822,270.9434425830841,5419,0.0,0.0,0.05265092849731445
1778643795.5317373,270.9852976799011,5420,0.0,0.0,0.0418550968170166
1778643795.5841992,271.0377595424652,5421,0.0,0.0,0.052461862564086914
1778643795.6367037,271.09026408195496,5422,0.0,0.0,0.052504539489746094
1778643795.6892693,271.14282965660095,5423,0.0,0.0,0.052565574645996094
1778643795.7416263,271.19518661499023,5424,0.0,0.0,0.05235695838928223
1778643795.7835956,271.23715591430664,5425,0.0,0.0,0.04196929931640625
1778643795.840852,271.29441237449646,5426,0.0,0.0,0.057256460189819336
1778643795.8901258,271.3436861038208,5427,0.0,0.0,0.04927372932434082
1778643795.9321523,271.3857126235962,5428,0.0,0.0,0.042026519775390625
1778643795.9861865,271.43974685668945,5429,0.0,0.0,0.05403423309326172
1778643796.0382695,271.49182987213135,5430,0.0,0.0,0.05208301544189453
1778643796.0914729,271.54503321647644,5431,0.0,0.0,0.05320334434509277
1778643796.1336763,271.5872366428375,5432,0.0,0.0,0.042203426361083984
1778643796.1862319,271.6397922039032,5433,0.0,0.0,0.05255556106567383
1778643796.2389321,271.6924924850464,5434,0.0,0.0,0.05270028114318848
1778643796.2915127,271.74507308006287,5435,0.0,0.0,0.05258059501647949
1778643796.3333282,271.78688859939575,5436,0.0,0.0,0.04181551933288574
1778643796.3858674,271.83942770957947,5437,0.0,0.0,0.05253911018371582
1778643796.4385467,271.8921070098877,5438,0.0,0.0,0.05267930030822754
1778643796.491565,271.9451253414154,5439,0.0,0.0,0.05301833152770996
1778643796.5339053,271.9874656200409,5440,0.0,0.0,0.04234027862548828
1778643796.5868897,272.04045009613037,5441,0.0,0.0,0.05298447608947754
1778643796.6397219,272.0932822227478,5442,0.0,0.0,0.05283212661743164
1778643796.6822526,272.135812997818,5443,0.0,0.0,0.04253077507019043
1778643796.7386804,272.19224071502686,5444,0.0,0.0,0.056427717208862305
1778643796.7916434,272.2452037334442,5445,0.0,0.0,0.0529630184173584
1778643796.8340209,272.28758120536804,5446,0.0,0.0,0.042377471923828125
1778643796.8873918,272.34095215797424,5447,0.0,0.0,0.05337095260620117
1778643796.9402807,272.3938410282135,5448,0.0,0.0,0.05288887023925781
1778643796.9825835,272.43614387512207,5449,0.0,0.0,0.042302846908569336
1778643797.0354261,272.488986492157,5450,0.0,0.0,0.05284261703491211
1778643797.0884137,272.541974067688,5451,0.0,0.0,0.05298757553100586
1778643797.1412416,272.594801902771,5452,0.0,0.0,0.05282783508300781
1778643797.1834683,272.63702869415283,5453,0.0,0.0,0.04222679138183594
1778643797.238569,272.6921293735504,5454,0.0,0.0,0.05510067939758301
1778643797.2907143,272.74427461624146,5455,0.0,0.0,0.05214524269104004
1778643797.3356943,272.78925466537476,5456,0.0,0.0,0.04498004913330078
1778643797.3888838,272.84244418144226,5457,0.0,0.0,0.05318951606750488
1778643797.4409635,272.89452385902405,5458,0.0,0.0,0.05207967758178711
1778643797.482822,272.9363822937012,5459,0.0,0.0,0.04185843467712402
1778643797.5352113,272.9887716770172,5460,0.0,0.0,0.05238938331604004
1778643797.5878475,273.0414078235626,5461,0.0,0.0,0.052636146545410156
1778643797.640735,273.0942952632904,5462,0.0,0.0,0.0528874397277832
1778643797.6825712,273.1361315250397,5463,0.0,0.0,0.04183626174926758
1778643797.7349534,273.18851375579834,5464,0.0,0.0,0.05238223075866699
1778643797.7875454,273.2411057949066,5465,0.0,0.0,0.05259203910827637
1778643797.8403263,273.29388666152954,5466,0.0,0.0,0.052780866622924805
1778643797.882205,273.3357653617859,5467,0.0,0.0,0.041878700256347656
1778643797.9352455,273.38880586624146,5468,0.0,0.0,0.053040504455566406
1778643797.9880817,273.44164204597473,5469,0.0,0.0,0.05283617973327637
1778643798.0412621,273.49482250213623,5470,0.0,0.0,0.05318045616149902
1778643798.0833635,273.53692388534546,5471,0.0,0.0,0.042101383209228516
1778643798.1363215,273.58988189697266,5472,0.0,0.0,0.052958011627197266
1778643798.1889796,273.64253997802734,5473,0.0,0.0,0.0526580810546875
1778643798.2419994,273.6955597400665,5474,0.0,0.0,0.05301976203918457
1778643798.2857335,273.73929381370544,5475,0.0,0.0,0.043734073638916016
1778643798.3390758,273.79263615608215,5476,0.0,0.0,0.053342342376708984
1778643798.3914435,273.8450038433075,5477,0.0,0.0,0.0523676872253418
1778643798.4332628,273.88682317733765,5478,0.0,0.0,0.04181933403015137
1778643798.4857843,273.9393446445465,5479,0.0,0.0,0.052521467208862305
1778643798.538211,273.99177145957947,5480,0.0,0.0,0.052426815032958984
1778643798.5910618,274.04462218284607,5481,0.0,0.0,0.05285072326660156
1778643798.6336472,274.0872075557709,5482,0.0,0.0,0.04258537292480469
1778643798.6866722,274.1402325630188,5483,0.0,0.0,0.053025007247924805
1778643798.739435,274.1929953098297,5484,0.0,0.0,0.052762746810913086
1778643798.79221,274.24577045440674,5485,0.0,0.0,0.05277514457702637
1778643798.834688,274.28824830055237,5486,0.0,0.0,0.04247784614562988
1778643798.889958,274.3435182571411,5487,0.0,0.0,0.05526995658874512
1778643798.9424696,274.39602994918823,5488,0.0,0.0,0.05251169204711914
1778643798.9848335,274.43839383125305,5489,0.0,0.0,0.042363882064819336
1778643799.037723,274.49128341674805,5490,0.0,0.0,0.05288958549499512
1778643799.0906782,274.5442385673523,5491,0.0,0.0,0.05295515060424805
1778643799.1324534,274.5860137939453,5492,0.0,0.0,0.04177522659301758
1778643799.1847873,274.6383476257324,5493,0.0,0.0,0.052333831787109375
1778643799.2371523,274.6907126903534,5494,0.0,0.0,0.05236506462097168
1778643799.2898273,274.7433876991272,5495,0.0,0.0,0.05267500877380371
1778643799.3320491,274.7856094837189,5496,0.0,0.0,0.042221784591674805
1778643799.384602,274.8381624221802,5497,0.0,0.0,0.05255293846130371
1778643799.4376626,274.8912229537964,5498,0.0,0.0,0.05306053161621094
1778643799.4901853,274.94374561309814,5499,0.0,0.0,0.05252265930175781
1778643799.5324304,274.98599076271057,5500,0.0,0.0,0.04224514961242676
1778643799.585028,275.03858828544617,5501,0.0,0.0,0.0525975227355957
1778643799.6377764,275.09133672714233,5502,0.0,0.0,0.05274844169616699
1778643799.6903048,275.14386510849,5503,0.0,0.0,0.05252838134765625
1778643799.7326157,275.18617606163025,5504,0.0,0.0,0.04231095314025879
1778643799.787185,275.240745306015,5505,0.0,0.0,0.054569244384765625
1778643799.8393724,275.29293274879456,5506,0.0,0.0,0.052187442779541016
1778643799.891945,275.34550523757935,5507,0.0,0.0,0.05257248878479004
1778643799.9339964,275.38755679130554,5508,0.0,0.0,0.04205155372619629
1778643799.9867797,275.44034004211426,5509,0.0,0.0,0.05278325080871582
1778643800.0398018,275.49336218833923,5510,0.0,0.0,0.053022146224975586
1778643800.082095,275.53565526008606,5511,0.0,0.0,0.04229307174682617
1778643800.1348834,275.5884437561035,5512,0.0,0.0,0.052788496017456055
1778643800.1880317,275.64159202575684,5513,0.0,0.0,0.05314826965332031
1778643800.2409062,275.69446659088135,5514,0.0,0.0,0.05287456512451172
1778643800.2832174,275.7367777824402,5515,0.0,0.0,0.04231119155883789
1778643800.3358479,275.7894082069397,5516,0.0,0.0,0.05263042449951172
1778643800.389025,275.8425853252411,5517,0.0,0.0,0.0531771183013916
1778643800.4420285,275.8955888748169,5518,0.0,0.0,0.053003549575805664
1778643800.4845123,275.938072681427,5519,0.0,0.0,0.04248380661010742
1778643800.53716,275.9907202720642,5520,0.0,0.0,0.05264759063720703
1778643800.5900621,276.0436224937439,5521,0.0,0.0,0.0529022216796875
1778643800.632384,276.0859444141388,5522,0.0,0.0,0.04232192039489746
1778643800.6847575,276.13831782341003,5523,0.0,0.0,0.052373409271240234
1778643800.7371206,276.1906809806824,5524,0.0,0.0,0.05236315727233887
1778643800.7896798,276.24324011802673,5525,0.0,0.0,0.05255913734436035
1778643800.8425426,276.29610300064087,5526,0.0,0.0,0.05286288261413574
1778643800.8864791,276.34003949165344,5527,0.0,0.0,0.04393649101257324
1778643800.9386768,276.3922371864319,5528,0.0,0.0,0.05219769477844238
1778643800.9907568,276.44431710243225,5529,0.0,0.0,0.05207991600036621
1778643801.0325656,276.4861259460449,5530,0.0,0.0,0.0418088436126709
1778643801.088231,276.5417914390564,5531,0.0,0.0,0.05566549301147461
1778643801.1409588,276.5945191383362,5532,0.0,0.0,0.052727699279785156
1778643801.1831677,276.6367280483246,5533,0.0,0.0,0.04220890998840332
1778643801.2360487,276.68960905075073,5534,0.0,0.0,0.05288100242614746
1778643801.290593,276.7441532611847,5535,0.0,0.0,0.05454421043395996
1778643801.342033,276.79559326171875,5536,0.0,0.0,0.05144000053405762
1778643801.385625,276.8391852378845,5537,0.0,0.0,0.043591976165771484
1778643801.4371557,276.8907160758972,5538,0.0,0.0,0.05153083801269531
1778643801.4898293,276.94338965415955,5539,0.0,0.0,0.0526735782623291
1778643801.5321114,276.98567175865173,5540,0.0,0.0,0.0422821044921875
1778643801.5848866,277.03844690322876,5541,0.0,0.0,0.05277514457702637
1778643801.637533,277.09109330177307,5542,0.0,0.0,0.05264639854431152
1778643801.6904726,277.1440329551697,5543,0.0,0.0,0.052939653396606445
1778643801.7323153,277.1858756542206,5544,0.0,0.0,0.04184269905090332
1778643801.7850277,277.2385880947113,5545,0.0,0.0,0.052712440490722656
1778643801.8387609,277.29232120513916,5546,0.0,0.0,0.053733110427856445
1778643801.8907526,277.34431290626526,5547,0.0,0.0,0.05199170112609863
1778643801.9330823,277.38664269447327,5548,0.0,0.0,0.04232978820800781
1778643801.9873068,277.44086718559265,5549,0.0,0.0,0.054224491119384766
1778643802.0391083,277.4926686286926,5550,0.0,0.0,0.051801443099975586
1778643802.0919597,277.54552006721497,5551,0.0,0.0,0.05285143852233887
1778643802.1342602,277.58782052993774,5552,0.0,0.0,0.04230046272277832
1778643802.1867483,277.64030861854553,5553,0.0,0.0,0.052488088607788086
1778643802.239385,277.6929452419281,5554,0.0,0.0,0.05263662338256836
1778643802.292283,277.74584341049194,5555,0.0,0.0,0.05289816856384277
1778643802.3343313,277.78789162635803,5556,0.0,0.0,0.04204821586608887
1778643802.3871744,277.8407347202301,5557,0.0,0.0,0.05284309387207031
1778643802.4398284,277.89338874816895,5558,0.0,0.0,0.05265402793884277
1778643802.492234,277.94579434394836,5559,0.0,0.0,0.052405595779418945
1778643802.5341487,277.98770904541016,5560,0.0,0.0,0.04191470146179199
1778643802.5872703,278.0408306121826,5561,0.0,0.0,0.05312156677246094
1778643802.6393175,278.09287786483765,5562,0.0,0.0,0.0520472526550293
1778643802.693132,278.146692276001,5563,0.0,0.0,0.05381441116333008
1778643802.7351098,278.18867015838623,5564,0.0,0.0,0.041977882385253906
1778643802.7882006,278.241760969162,5565,0.0,0.0,0.053090810775756836
1778643802.8413248,278.2948851585388,5566,0.0,0.0,0.053124189376831055
1778643802.8830996,278.3366599082947,5567,0.0,0.0,0.041774749755859375
1778643802.9353077,278.3888680934906,5568,0.0,0.0,0.05220818519592285
1778643802.9879649,278.441525220871,5569,0.0,0.0,0.052657127380371094
1778643803.0408173,278.4943776130676,5570,0.0,0.0,0.05285239219665527
1778643803.0828552,278.5364155769348,5571,0.0,0.0,0.0420379638671875
1778643803.1351304,278.58869075775146,5572,0.0,0.0,0.05227518081665039
1778643803.1875908,278.6411511898041,5573,0.0,0.0,0.052460432052612305
1778643803.2399163,278.6934766769409,5574,0.0,0.0,0.05232548713684082
1778643803.2820919,278.73565220832825,5575,0.0,0.0,0.0421755313873291
1778643803.3355947,278.7891550064087,5576,0.0,0.0,0.053502798080444336
1778643803.38799,278.8415503501892,5577,0.0,0.0,0.05239534378051758
1778643803.4404116,278.8939719200134,5578,0.0,0.0,0.05242156982421875
1778643803.4826214,278.93618178367615,5579,0.0,0.0,0.04220986366271973
1778643803.5352116,278.9887719154358,5580,0.0,0.0,0.052590131759643555
1778643803.5887337,279.04229402542114,5581,0.0,0.0,0.05352210998535156
1778643803.641516,279.09507632255554,5582,0.0,0.0,0.052782297134399414
1778643803.683437,279.13699746131897,5583,0.0,0.0,0.041921138763427734
1778643803.73592,279.189480304718,5584,0.0,0.0,0.05248284339904785
1778643803.788868,279.2424283027649,5585,0.0,0.0,0.052947998046875
1778643803.841505,279.2950654029846,5586,0.0,0.0,0.05263710021972656
1778643803.883629,279.33718943595886,5587,0.0,0.0,0.042124032974243164
1778643803.9367821,279.39034247398376,5588,0.0,0.0,0.053153038024902344
1778643803.988484,279.4420442581177,5589,0.0,0.0,0.05170178413391113
1778643804.0405648,279.49412512779236,5590,0.0,0.0,0.05208086967468262
1778643804.0827892,279.5363495349884,5591,0.0,0.0,0.04222440719604492
1778643804.1353192,279.5888795852661,5592,0.0,0.0,0.05253005027770996
1778643804.1877162,279.6412765979767,5593,0.0,0.0,0.05239701271057129
1778643804.2404714,279.69403171539307,5594,0.0,0.0,0.052755117416381836
1778643804.2836633,279.7372236251831,5595,0.0,0.0,0.04319190979003906
1778643804.339219,279.7927794456482,5596,0.0,0.0,0.05555582046508789
1778643804.3914073,279.8449676036835,5597,0.0,0.0,0.05218815803527832
1778643804.4335647,279.8871250152588,5598,0.0,0.0,0.04215741157531738
1778643804.4869912,279.9405515193939,5599,0.0,0.0,0.053426504135131836
1778643804.5406716,279.9942319393158,5600,0.0,0.0,0.053680419921875
1778643804.582142,280.0357024669647,5601,0.0,0.0,0.04147052764892578
1778643804.6345646,280.08812499046326,5602,0.0,0.0,0.052422523498535156
1778643804.6872816,280.140841960907,5603,0.0,0.0,0.052716970443725586
1778643804.740234,280.1937942504883,5604,0.0,0.0,0.05295228958129883
1778643804.7820597,280.23562002182007,5605,0.0,0.0,0.04182577133178711
1778643804.834943,280.288503408432,5606,0.0,0.0,0.05288338661193848
1778643804.8877559,280.34131622314453,5607,0.0,0.0,0.052812814712524414
1778643804.9402957,280.393856048584,5608,0.0,0.0,0.052539825439453125
1778643804.9822628,280.4358232021332,5609,0.0,0.0,0.041967153549194336
1778643805.034782,280.48834228515625,5610,0.0,0.0,0.05251908302307129
1778643805.0877347,280.5412950515747,5611,0.0,0.0,0.05295276641845703
1778643805.1402683,280.5938286781311,5612,0.0,0.0,0.052533626556396484
1778643805.1824496,280.63600993156433,5613,0.0,0.0,0.04218125343322754
1778643805.2351918,280.68875217437744,5614,0.0,0.0,0.05274224281311035
1778643805.288065,280.7416253089905,5615,0.0,0.0,0.05287313461303711
1778643805.3405902,280.7941505908966,5616,0.0,0.0,0.05252528190612793
1778643805.382921,280.83648133277893,5617,0.0,0.0,0.04233074188232422
1778643805.4355266,280.8890869617462,5618,0.0,0.0,0.052605628967285156
1778643805.488428,280.94198846817017,5619,0.0,0.0,0.052901506423950195
1778643805.5412452,280.9948055744171,5620,0.0,0.0,0.05281710624694824
1778643805.583414,281.03697443008423,5621,0.0,0.0,0.04216885566711426
1778643805.6362524,281.0898127555847,5622,0.0,0.0,0.05283832550048828
1778643805.6889102,281.1424705982208,5623,0.0,0.0,0.0526578426361084
1778643805.7418919,281.19545221328735,5624,0.0,0.0,0.05298161506652832
1778643805.7838976,281.23745799064636,5625,0.0,0.0,0.04200577735900879
1778643805.8360643,281.2896246910095,5626,0.0,0.0,0.05216670036315918
1778643805.889037,281.34259724617004,5627,0.0,0.0,0.05297255516052246
1778643805.9419558,281.39551615715027,5628,0.0,0.0,0.05291891098022461
1778643805.984392,281.43795228004456,5629,0.0,0.0,0.04243612289428711
1778643806.0372672,281.4908275604248,5630,0.0,0.0,0.05287528038024902
1778643806.0896754,281.5432357788086,5631,0.0,0.0,0.05240821838378906
1778643806.1422257,281.5957860946655,5632,0.0,0.0,0.052550315856933594
1778643806.1845646,281.63812494277954,5633,0.0,0.0,0.04233884811401367
1778643806.23731,281.6908702850342,5634,0.0,0.0,0.05274534225463867
1778643806.2896602,281.74322056770325,5635,0.0,0.0,0.05235028266906738
1778643806.3422225,281.79578280448914,5636,0.0,0.0,0.05256223678588867
1778643806.3842905,281.8378508090973,5637,0.0,0.0,0.0420680046081543
1778643806.4369738,281.89053416252136,5638,0.0,0.0,0.052683353424072266
1778643806.4897022,281.9432625770569,5639,0.0,0.0,0.05272841453552246
1778643806.5319023,281.98546266555786,5640,0.0,0.0,0.04220008850097656
1778643806.5844235,282.03798389434814,5641,0.0,0.0,0.0525212287902832
1778643806.6375966,282.0911569595337,5642,0.0,0.0,0.053173065185546875
1778643806.6894343,282.1429946422577,5643,0.0,0.0,0.05183768272399902
1778643806.7424533,282.19601368904114,5644,0.0,0.0,0.053019046783447266
1778643806.784927,282.23848724365234,5645,0.0,0.0,0.042473554611206055
1778643806.8377075,282.2912678718567,5646,0.0,0.0,0.0527806282043457
1778643806.8902009,282.3437612056732,5647,0.0,0.0,0.05249333381652832
1778643806.9324536,282.3860139846802,5648,0.0,0.0,0.04225277900695801
1778643806.9850507,282.4386110305786,5649,0.0,0.0,0.0525970458984375
1778643807.0397453,282.493305683136,5650,0.0,0.0,0.05469465255737305
1778643807.0818691,282.53542947769165,5651,0.0,0.0,0.04212379455566406
1778643807.134101,282.5876612663269,5652,0.0,0.0,0.052231788635253906
1778643807.1868112,282.6403715610504,5653,0.0,0.0,0.05271029472351074
1778643807.2324383,282.6859986782074,5654,0.0,0.0,0.04562711715698242
1778643807.285133,282.7386932373047,5655,0.0,0.0,0.05269455909729004
1778643807.338402,282.7919623851776,5656,0.0,0.0,0.053269147872924805
1778643807.390749,282.8443093299866,5657,0.0,0.0,0.05234694480895996
1778643807.4324443,282.8860046863556,5658,0.0,0.0,0.041695356369018555
1778643807.4853818,282.938942193985,5659,0.0,0.0,0.05293750762939453
1778643807.5380697,282.99163007736206,5660,0.0,0.0,0.052687883377075195
1778643807.5908089,283.04436922073364,5661,0.0,0.0,0.05273914337158203
1778643807.6332998,283.0868601799011,5662,0.0,0.0,0.04249095916748047
1778643807.686331,283.1398913860321,5663,0.0,0.0,0.053031206130981445
1778643807.739386,283.192946434021,5664,0.0,0.0,0.0530550479888916
1778643807.7921596,283.24571990966797,5665,0.0,0.0,0.052773475646972656
1778643807.8345666,283.2881269454956,5666,0.0,0.0,0.04240703582763672
1778643807.8871222,283.3406825065613,5667,0.0,0.0,0.05255556106567383
1778643807.9400318,283.3935921192169,5668,0.0,0.0,0.05290961265563965
1778643807.9822283,283.4357886314392,5669,0.0,0.0,0.04219651222229004
1778643808.0349646,283.48852491378784,5670,0.0,0.0,0.05273628234863281
1778643808.0873942,283.54095458984375,5671,0.0,0.0,0.0524296760559082
1778643808.1398711,283.5934314727783,5672,0.0,0.0,0.05247688293457031
1778643808.1819117,283.6354720592499,5673,0.0,0.0,0.04204058647155762
1778643808.2340422,283.687602519989,5674,0.0,0.0,0.05213046073913574
1778643808.2866392,283.74019956588745,5675,0.0,0.0,0.0525970458984375
1778643808.339866,283.7934262752533,5676,0.0,0.0,0.05322670936584473
1778643808.3824706,283.836030960083,5677,0.0,0.0,0.042604684829711914
1778643808.4349277,283.8884880542755,5678,-0.3,0.0,0.05245709419250488
1778643808.4890366,283.94259691238403,5679,-0.3,0.0,0.05410885810852051
1778643808.541391,283.99495124816895,5680,-0.3,0.0,0.05235433578491211
1778643808.583198,284.03675842285156,5681,-0.3,0.0,0.04180717468261719
1778643808.635978,284.08953833580017,5682,0.0,0.0,0.0527799129486084
1778643808.6885247,284.1420850753784,5683,0.0,0.0,0.05254673957824707
1778643808.7410839,284.1946442127228,5684,0.0,0.0,0.05255913734436035
1778643808.7831295,284.2366898059845,5685,0.0,0.0,0.04204559326171875
1778643808.8361049,284.28966522216797,5686,0.0,0.0,0.05297541618347168
1778643808.8889089,284.34246921539307,5687,0.0,0.0,0.052803993225097656
1778643808.9419215,284.3954818248749,5688,0.0,0.0,0.05301260948181152
1778643808.9840462,284.43760657310486,5689,0.0,0.0,0.04212474822998047
1778643809.0372648,284.490825176239,5690,0.0,0.0,0.05321860313415527
1778643809.0899465,284.54350686073303,5691,0.0,0.0,0.052681684494018555
1778643809.132658,284.5862183570862,5692,0.0,0.0,0.042711496353149414
1778643809.1848545,284.63841485977173,5693,0.0,0.0,0.052196502685546875
1778643809.2372725,284.69083285331726,5694,0.0,0.0,0.05241799354553223
1778643809.2894402,284.74300050735474,5695,0.0,0.0,0.052167654037475586
1778643809.3424785,284.7960388660431,5696,0.0,0.0,0.05303835868835449
1778643809.3848968,284.83845710754395,5697,0.0,0.0,0.04241824150085449
1778643809.4380383,284.89159870147705,5698,0.0,0.0,0.05314159393310547
1778643809.4910986,284.9446589946747,5699,0.0,0.0,0.053060293197631836
1778643809.5329883,284.98654866218567,5700,0.0,0.0,0.04188966751098633
1778643809.5856478,285.03920817375183,5701,0.0,0.0,0.05265951156616211
1778643809.6395218,285.09308218955994,5702,0.0,0.0,0.05387401580810547
1778643809.6915257,285.14508605003357,5703,0.0,0.0,0.05200386047363281
1778643809.7337615,285.1873219013214,5704,0.0,0.0,0.0422358512878418
1778643809.787662,285.2412223815918,5705,0.0,0.0,0.05390048027038574
1778643809.8394392,285.2929995059967,5706,-0.3,0.0,0.05177712440490723
1778643809.8923063,285.34586668014526,5707,-0.3,0.0,0.05286717414855957
1778643809.9348044,285.3883647918701,5708,-0.3,0.0,0.042498111724853516
1778643809.9873981,285.44095849990845,5709,0.0,0.0,0.05259370803833008
1778643810.0400481,285.49360847473145,5710,0.0,0.0,0.05264997482299805
1778643810.0823963,285.53595662117004,5711,0.0,0.0,0.04234814643859863
1778643810.1356058,285.5891661643982,5712,0.0,0.0,0.053209543228149414
1778643810.1884935,285.64205384254456,5713,0.0,0.0,0.052887678146362305
1778643810.2413206,285.6948809623718,5714,0.0,0.0,0.05282711982727051
1778643810.2835212,285.73708152770996,5715,0.0,0.0,0.042200565338134766
1778643810.3360908,285.7896511554718,5716,-0.3,0.0,0.05256962776184082
1778643810.3887594,285.84231972694397,5717,-0.3,0.0,0.05266857147216797
1778643810.4415097,285.89507007598877,5718,-0.3,0.0,0.052750349044799805
1778643810.483613,285.93717336654663,5719,-0.3,0.0,0.04210329055786133
1778643810.5365984,285.9901587963104,5720,-0.3,0.0,0.052985429763793945
1778643810.589326,286.04288625717163,5721,-0.3,0.0,0.052727460861206055
1778643810.642071,286.0956313610077,5722,-0.3,0.0,0.05274510383605957
1778643810.6839907,286.13755106925964,5723,-0.3,0.0,0.041919708251953125
1778643810.7364116,286.1899719238281,5724,-0.3,0.0,0.052420854568481445
1778643810.7892964,286.24285674095154,5725,0.0,0.0,0.052884817123413086
1778643810.8422043,286.2957646846771,5726,0.0,0.0,0.05290794372558594
1778643810.8848143,286.3383746147156,5727,0.0,0.0,0.04260993003845215
1778643810.9372377,286.3907980918884,5728,0.0,0.0,0.05242347717285156
1778643810.9897866,286.4433469772339,5729,0.0,0.0,0.052548885345458984
1778643811.0424356,286.49599599838257,5730,0.0,0.0,0.05264902114868164
1778643811.0845542,286.5381145477295,5731,0.0,0.0,0.04211854934692383
1778643811.1373825,286.59094285964966,5732,0.0,0.0,0.052828311920166016
1778643811.190219,286.6437792778015,5733,0.0,0.0,0.05283641815185547
1778643811.2323601,286.68592047691345,5734,0.0,0.0,0.04214119911193848
1778643811.2853591,286.73891949653625,5735,0.0,0.0,0.052999019622802734
1778643811.338298,286.7918584346771,5736,0.0,0.0,0.05293893814086914
1778643811.3910265,286.84458684921265,5737,0.0,0.0,0.05272841453552246
1778643811.4329917,286.8865520954132,5738,0.0,0.0,0.04196524620056152
1778643811.4855993,286.9391596317291,5739,0.0,0.0,0.05260753631591797
1778643811.5383222,286.99188256263733,5740,0.3,0.0,0.052722930908203125
1778643811.5913067,287.0448670387268,5741,0.3,0.0,0.05298447608947754
1778643811.6346533,287.0882136821747,5742,0.3,0.0,0.04334664344787598
1778643811.689041,287.1426012516022,5743,0.3,0.0,0.054387569427490234
1778643811.7408566,287.1944169998169,5744,0.0,0.0,0.05181574821472168
1778643811.7828054,287.2363657951355,5745,0.0,0.0,0.041948795318603516
1778643811.838526,287.29208636283875,5746,0.0,0.0,0.05572056770324707
1778643811.8896124,287.34317278862,5747,0.0,0.0,0.05108642578125
1778643811.9419463,287.3955066204071,5748,0.0,0.0,0.052333831787109375
1778643811.9840016,287.43756198883057,5749,0.0,0.0,0.042055368423461914
1778643812.0366862,287.49024653434753,5750,0.3,0.0,0.05268454551696777
1778643812.089498,287.54305839538574,5751,0.3,0.0,0.05281186103820801
1778643812.1422539,287.59581422805786,5752,0.3,0.0,0.05275583267211914
1778643812.1844494,287.63800978660583,5753,0.3,0.0,0.04219555854797363
1778643812.2373612,287.6909215450287,5754,0.3,0.0,0.05291175842285156
1778643812.2900615,287.7436218261719,5755,0.3,0.0,0.05270028114318848
1778643812.3321187,287.78567910194397,5756,0.3,0.0,0.04205727577209473
1778643812.3847964,287.83835673332214,5757,0.3,0.0,0.05267763137817383
1778643812.4394886,287.8930490016937,5758,0.3,0.0,0.05469226837158203
1778643812.4910412,287.9446015357971,5759,0.3,0.0,0.051552534103393555
1778643812.532705,287.9862654209137,5760,0.3,0.0,0.04166388511657715
1778643812.585526,288.0390863418579,5761,0.3,0.0,0.05282092094421387
1778643812.6380713,288.0916316509247,5762,0.3,0.0,0.05254530906677246
1778643812.690518,288.1440782546997,5763,0.3,0.0,0.052446603775024414
1778643812.7328305,288.18639087677,5764,0.3,0.0,0.0423126220703125
1778643812.7852938,288.2388541698456,5765,0.3,0.0,0.05246329307556152
1778643812.8379219,288.2914822101593,5766,0.3,0.0,0.0526280403137207
1778643812.890723,288.34428334236145,5767,0.0,0.0,0.05280113220214844
1778643812.9327607,288.38632106781006,5768,0.0,0.0,0.0420377254486084
1778643812.9853175,288.4388778209686,5769,0.0,0.0,0.052556753158569336
1778643813.0379884,288.4915487766266,5770,0.0,0.0,0.052670955657958984
1778643813.0902839,288.54384422302246,5771,0.0,0.0,0.05229544639587402
1778643813.1319222,288.5854825973511,5772,0.0,0.0,0.04163837432861328
1778643813.1843998,288.6379601955414,5773,0.0,0.0,0.05247759819030762
1778643813.2376587,288.6912190914154,5774,0.0,0.0,0.05325889587402344
1778643813.2896512,288.74321150779724,5775,0.0,0.0,0.05199241638183594
1778643813.3422167,288.79577708244324,5776,0.0,0.0,0.052565574645996094
1778643813.3869398,288.84050011634827,5777,0.0,0.0,0.0447230339050293
1778643813.4365978,288.8901581764221,5778,0.0,0.0,0.04965806007385254
1778643813.4894922,288.9430525302887,5779,0.0,0.0,0.05289435386657715
1778643813.541659,288.99521946907043,5780,0.0,0.0,0.05216693878173828
1778643813.5841894,289.03774976730347,5781,0.0,0.0,0.04253029823303223
1778643813.6364062,289.08996653556824,5782,0.0,0.0,0.05221676826477051
1778643813.6896758,289.1432361602783,5783,0.0,0.0,0.05326962471008301
1778643813.7418637,289.195424079895,5784,0.0,0.0,0.05218791961669922
1778643813.7846832,289.2382435798645,5785,0.0,0.0,0.04281949996948242
1778643813.837513,289.29107332229614,5786,0.0,0.0,0.052829742431640625
1778643813.8900087,289.34356904029846,5787,0.0,0.0,0.052495718002319336
1778643813.9320936,289.38565397262573,5788,0.0,0.0,0.04208493232727051
1778643813.9848902,289.4384505748749,5789,0.0,0.0,0.05279660224914551
1778643814.037415,289.49097537994385,5790,0.0,0.0,0.05252480506896973
1778643814.0902853,289.54384565353394,5791,0.0,0.0,0.05287027359008789
1778643814.1323855,289.58594584465027,5792,0.0,0.0,0.04210019111633301
1778643814.185266,289.63882637023926,5793,0.0,0.0,0.05288052558898926
1778643814.2373602,289.69092059135437,5794,0.0,0.0,0.052094221115112305
1778643814.289743,289.7433032989502,5795,0.0,0.0,0.052382707595825195
1778643814.34245,289.7960102558136,5796,0.0,0.0,0.05270695686340332
1778643814.384618,289.838178396225,5797,0.0,0.0,0.04216814041137695
1778643814.4375012,289.89106154441833,5798,0.0,0.0,0.052883148193359375
1778643814.490116,289.9436762332916,5799,0.0,0.0,0.052614688873291016
1778643814.5321915,289.9857518672943,5800,0.0,0.0,0.04207563400268555
1778643814.584862,290.0384223461151,5801,0.0,0.0,0.05267047882080078
1778643814.6374927,290.0910530090332,5802,0.0,0.0,0.05263066291809082
1778643814.6897378,290.1432981491089,5803,0.0,0.0,0.052245140075683594
1778643814.7422516,290.1958119869232,5804,0.0,0.0,0.052513837814331055
1778643814.7840698,290.2376301288605,5805,0.0,0.0,0.04181814193725586
1778643814.836988,290.29054832458496,5806,0.0,0.0,0.052918195724487305
1778643814.890065,290.34362530708313,5807,0.0,0.0,0.053076982498168945
1778643814.9423387,290.3958990573883,5808,0.0,0.0,0.05227375030517578
1778643814.984209,290.4377694129944,5809,0.0,0.0,0.0418703556060791
1778643815.0370288,290.4905891418457,5810,0.0,0.0,0.05281972885131836
1778643815.0895019,290.543062210083,5811,0.0,0.0,0.05247306823730469
1778643815.1425226,290.5960829257965,5812,0.0,0.0,0.05302071571350098
1778643815.184855,290.6384153366089,5813,0.0,0.0,0.04233241081237793
1778643815.2374313,290.69099164009094,5814,0.0,0.0,0.052576303482055664
1778643815.2899551,290.7435154914856,5815,0.0,0.0,0.05252385139465332
1778643815.3319876,290.78554797172546,5816,0.0,0.0,0.042032480239868164
1778643815.3852348,290.8387951850891,5817,0.0,0.0,0.05324721336364746
1778643815.4376533,290.8912136554718,5818,0.0,0.0,0.05241847038269043
1778643815.4913409,290.94490122795105,5819,0.0,0.0,0.05368757247924805
1778643815.5328026,290.98636293411255,5820,0.0,0.0,0.04146170616149902
1778643815.5856173,291.0391776561737,5821,0.0,0.0,0.05281472206115723
1778643815.638384,291.09194445610046,5822,0.0,0.0,0.05276679992675781
1778643815.6909087,291.14446902275085,5823,0.0,0.0,0.052524566650390625
1778643815.73252,291.18608045578003,5824,0.0,0.0,0.041611433029174805
1778643815.7849293,291.23848962783813,5825,0.0,0.0,0.05240917205810547
1778643815.8377125,291.29127287864685,5826,0.0,0.0,0.05278325080871582
1778643815.8903687,291.3439290523529,5827,0.0,0.0,0.05265617370605469
1778643815.9327335,291.38629388809204,5828,0.0,0.0,0.04236483573913574
1778643815.9857283,291.4392886161804,5829,0.0,0.0,0.052994728088378906
1778643816.0386462,291.4922065734863,5830,0.0,0.0,0.0529179573059082
1778643816.0910137,291.5445740222931,5831,0.0,0.0,0.052367448806762695
1778643816.1344805,291.58804082870483,5832,0.0,0.0,0.043466806411743164
1778643816.187788,291.641348361969,5833,0.0,0.0,0.053307533264160156
1778643816.2403002,291.69386053085327,5834,0.0,0.0,0.052512168884277344
1778643816.282051,291.7356114387512,5835,0.0,0.0,0.04175090789794922
1778643816.3351712,291.7887315750122,5836,0.0,0.0,0.05312013626098633
1778643816.3881786,291.8417389392853,5837,0.0,0.0,0.05300736427307129
1778643816.4409719,291.8945322036743,5838,0.0,0.0,0.052793264389038086
1778643816.483523,291.93708324432373,5839,0.0,0.0,0.04255104064941406
1778643816.53617,291.9897303581238,5840,0.0,0.0,0.05264711380004883
1778643816.5889902,292.04255056381226,5841,0.0,0.0,0.05282020568847656
1778643816.6425383,292.09609866142273,5842,0.0,0.0,0.05354809761047363
1778643816.6845558,292.1381161212921,5843,0.0,0.0,0.042017459869384766
1778643816.736473,292.19003343582153,5844,0.0,0.0,0.051917314529418945
1778643816.7885242,292.2420845031738,5845,0.0,0.0,0.05205106735229492
1778643816.8412,292.29476046562195,5846,0.0,0.0,0.05267596244812012
1778643816.8835447,292.33710503578186,5847,0.0,0.0,0.04234457015991211
1778643816.9367769,292.390337228775,5848,0.0,0.0,0.05323219299316406
1778643816.989867,292.44342732429504,5849,0.0,0.0,0.05309009552001953
1778643817.0327325,292.4862928390503,5850,0.0,0.0,0.04286551475524902
1778643817.0854228,292.53898310661316,5851,0.0,0.0,0.05269026756286621
1778643817.1380723,292.591632604599,5852,0.0,0.0,0.052649497985839844
1778643817.1907902,292.64435052871704,5853,0.0,0.0,0.05271792411804199
1778643817.2331295,292.6866898536682,5854,0.0,0.0,0.042339324951171875
1778643817.2875218,292.7410821914673,5855,0.0,0.0,0.054392337799072266
1778643817.339909,292.7934694290161,5856,0.0,0.0,0.052387237548828125
1778643817.3818078,292.8353681564331,5857,0.0,0.0,0.04189872741699219
1778643817.437475,292.89103531837463,5858,0.0,0.0,0.05566716194152832
1778643817.4891498,292.9427101612091,5859,0.0,0.0,0.051674842834472656
1778643817.5417423,292.99530267715454,5860,0.0,0.0,0.05259251594543457
1778643817.5842264,293.0377867221832,5861,0.0,0.0,0.04248404502868652
1778643817.6376126,293.0911729335785,5862,0.0,0.0,0.05338621139526367
1778643817.690254,293.14381432533264,5863,0.0,0.0,0.05264139175415039
1778643817.731966,293.1855263710022,5864,0.0,0.0,0.041712045669555664
1778643817.7842486,293.2378089427948,5865,0.0,0.0,0.05228257179260254
1778643817.836741,293.290301322937,5866,0.0,0.0,0.052492380142211914
1778643817.8891697,293.3427300453186,5867,0.0,0.0,0.0524287223815918
1778643817.941943,293.395503282547,5868,0.0,0.0,0.052773237228393555
1778643817.9841363,293.43769669532776,5869,0.0,0.0,0.04219341278076172
1778643818.0377128,293.49127316474915,5870,0.0,0.0,0.05357646942138672
1778643818.0900974,293.5436577796936,5871,0.0,0.0,0.05238461494445801
1778643818.1320949,293.58565521240234,5872,0.0,0.0,0.041997432708740234
1778643818.1855783,293.6391386985779,5873,0.0,0.0,0.05348348617553711
1778643818.2372386,293.690798997879,5874,0.0,0.0,0.05166029930114746
1778643818.290048,293.74360823631287,5875,0.0,0.0,0.05280923843383789
1778643818.331939,293.7854993343353,5876,0.0,0.0,0.04189109802246094
1778643818.385068,293.83862829208374,5877,0.0,0.0,0.053128957748413086
1778643818.437372,293.89093232154846,5878,0.0,0.0,0.05230402946472168
1778643818.4899178,293.9434781074524,5879,0.0,0.0,0.052545785903930664
1778643818.5319448,293.98550510406494,5880,0.0,0.0,0.04202699661254883
1778643818.5848217,294.03838205337524,5881,0.0,0.0,0.052876949310302734
1778643818.637449,294.0910093784332,5882,0.0,0.0,0.0526273250579834
1778643818.6902256,294.14378595352173,5883,0.0,0.0,0.05277657508850098
1778643818.7324378,294.18599820137024,5884,0.0,0.0,0.04221224784851074
1778643818.784944,294.23850440979004,5885,0.0,0.0,0.052506208419799805
1778643818.8377237,294.29128408432007,5886,0.0,0.0,0.0527796745300293
1778643818.891103,294.34466338157654,5887,0.0,0.0,0.05337929725646973
1778643818.933012,294.38657236099243,5888,0.0,0.0,0.041908979415893555
1778643818.9853096,294.4388699531555,5889,0.0,0.0,0.05229759216308594
1778643819.037915,294.4914753437042,5890,0.0,0.0,0.052605390548706055
1778643819.0910988,294.54465913772583,5891,0.0,0.0,0.053183794021606445
1778643819.1333528,294.5869131088257,5892,0.0,0.0,0.042253971099853516
1778643819.1862562,294.63981652259827,5893,0.0,0.0,0.05290341377258301
1778643819.2390742,294.69263458251953,5894,0.0,0.0,0.05281805992126465
1778643819.291757,294.74531745910645,5895,0.0,0.0,0.05268287658691406
1778643819.3338792,294.78743958473206,5896,0.0,0.0,0.04212212562561035
1778643819.386656,294.84021639823914,5897,0.0,0.0,0.05277681350708008
1778643819.439238,294.8927984237671,5898,0.0,0.0,0.0525820255279541
1778643819.4916883,294.9452486038208,5899,0.0,0.0,0.05245018005371094
1778643819.5336583,294.98721861839294,5900,0.0,0.0,0.041970014572143555
1778643819.5861583,295.0397186279297,5901,0.0,0.0,0.052500009536743164
1778643819.6388288,295.0923891067505,5902,0.0,0.0,0.05267047882080078
1778643819.691244,295.14480423927307,5903,0.0,0.0,0.05241513252258301
1778643819.733324,295.18688440322876,5904,0.0,0.0,0.04208016395568848
1778643819.785935,295.2394952774048,5905,0.0,0.0,0.05261087417602539
1778643819.8385954,295.29215574264526,5906,0.0,0.0,0.052660465240478516
1778643819.8916116,295.34517192840576,5907,0.0,0.0,0.05301618576049805
1778643819.9336276,295.3871879577637,5908,0.0,0.0,0.042016029357910156
1778643819.9867938,295.4403541088104,5909,0.0,0.0,0.05316615104675293
1778643820.0382245,295.4917848110199,5910,0.0,0.0,0.051430702209472656
1778643820.0907516,295.54431200027466,5911,0.0,0.0,0.05252718925476074
1778643820.133041,295.5866012573242,5912,0.0,0.0,0.04228925704956055
1778643820.1858292,295.6393895149231,5913,0.0,0.0,0.05278825759887695
1778643820.23891,295.69247031211853,5914,0.0,0.0,0.05308079719543457
1778643820.292005,295.7455654144287,5915,0.0,0.0,0.053095102310180664
1778643820.3342838,295.7878441810608,5916,0.0,0.0,0.04227876663208008
1778643820.387057,295.8406174182892,5917,0.0,0.0,0.052773237228393555
1778643820.4396706,295.8932309150696,5918,0.0,0.0,0.05261349678039551
1778643820.4923701,295.94593048095703,5919,0.0,0.0,0.05269956588745117
1778643820.53448,295.9880404472351,5920,0.0,0.0,0.04210996627807617
1778643820.5873425,296.0409028530121,5921,0.0,0.0,0.05286240577697754
1778643820.6399055,296.0934658050537,5922,0.0,0.0,0.05256295204162598
1778643820.6818674,296.13542771339417,5923,0.0,0.0,0.0419619083404541
1778643820.7348392,296.18839955329895,5924,0.0,0.0,0.052971839904785156
1778643820.7873483,296.2409086227417,5925,0.0,0.0,0.05250906944274902
1778643820.8402512,296.2938115596771,5926,0.0,0.0,0.052902936935424805
1778643820.8821046,296.3356649875641,5927,0.0,0.0,0.04185342788696289
1778643820.9347928,296.38835310935974,5928,0.0,0.0,0.0526881217956543
1778643820.989129,296.4426894187927,5929,0.0,0.0,0.0543363094329834
1778643821.0418909,296.4954512119293,5930,0.0,0.0,0.05276179313659668
1778643821.084187,296.5377473831177,5931,0.0,0.0,0.04229617118835449
1778643821.1368663,296.5904266834259,5932,0.0,0.0,0.05267930030822754
1778643821.189222,296.6427824497223,5933,0.0,0.0,0.05235576629638672
1778643821.2415407,296.69510102272034,5934,0.0,0.0,0.052318572998046875
1778643821.2846863,296.73824667930603,5935,0.0,0.0,0.04314565658569336
1778643821.338377,296.7919373512268,5936,0.0,0.0,0.05369067192077637
1778643821.3905482,296.84410858154297,5937,0.0,0.0,0.05217123031616211
1778643821.4324372,296.8859975337982,5938,0.0,0.0,0.04188895225524902
1778643821.4850502,296.93861055374146,5939,0.0,0.0,0.052613019943237305
1778643821.5379393,296.9914996623993,5940,0.0,0.0,0.052889108657836914
1778643821.5915825,297.0451428890228,5941,0.0,0.0,0.053643226623535156
1778643821.6329665,297.08652687072754,5942,0.0,0.0,0.041383981704711914
1778643821.6851046,297.1386649608612,5943,0.0,0.0,0.05213809013366699
1778643821.737455,297.1910152435303,5944,0.0,0.0,0.05235028266906738
1778643821.789774,297.2433342933655,5945,0.0,0.0,0.05231904983520508
1778643821.833633,297.28719329833984,5946,0.0,0.0,0.043859004974365234
1778643821.8866403,297.3402006626129,5947,0.0,0.0,0.05300736427307129
1778643821.938514,297.39207434654236,5948,0.0,0.0,0.05187368392944336
1778643821.9928844,297.44644474983215,5949,0.0,0.0,0.05437040328979492
1778643822.037616,297.49117636680603,5950,0.0,0.0,0.04473161697387695
1778643822.0901868,297.54374718666077,5951,0.0,0.0,0.05257081985473633
1778643822.1319373,297.58549761772156,5952,0.0,0.0,0.041750431060791016
1778643822.1843226,297.63788294792175,5953,0.0,0.0,0.05238533020019531
1778643822.2367442,297.690304517746,5954,0.0,0.0,0.05242156982421875
1778643822.2901292,297.74368953704834,5955,0.0,0.0,0.053385019302368164
1778643822.3324134,297.78597378730774,5956,0.0,0.0,0.042284250259399414
1778643822.388405,297.8419654369354,5957,0.0,0.0,0.05599164962768555
1778643822.438344,297.89190435409546,5958,0.0,0.0,0.04993891716003418
1778643822.4904997,297.944060087204,5959,0.0,0.0,0.05215573310852051
1778643822.5324726,297.9860329627991,5960,0.0,0.0,0.04197287559509277
1778643822.58498,298.03854036331177,5961,0.0,0.0,0.05250740051269531
1778643822.638237,298.09179735183716,5962,0.0,0.0,0.053256988525390625
1778643822.6914847,298.14504504203796,5963,0.0,0.0,0.053247690200805664
1778643822.7332826,298.186842918396,5964,0.0,0.0,0.04179787635803223
1778643822.7859092,298.23946952819824,5965,0.0,0.0,0.052626609802246094
1778643822.8382974,298.2918577194214,5966,0.0,0.0,0.05238819122314453
1778643822.8907447,298.34430503845215,5967,0.0,0.0,0.05244731903076172
1778643822.933222,298.3867824077606,5968,0.0,0.0,0.04247736930847168
1778643822.986584,298.4401443004608,5969,0.0,0.0,0.05336189270019531
1778643823.041045,298.49460530281067,5970,0.0,0.0,0.054461002349853516
1778643823.0819108,298.535471200943,5971,0.0,0.0,0.04086589813232422
1778643823.1343288,298.5878891944885,5972,0.0,0.0,0.05241799354553223
1778643823.1876833,298.64124369621277,5973,0.0,0.0,0.053354501724243164
1778643823.2434733,298.69703364372253,5974,0.0,0.0,0.055789947509765625
1778643823.2846413,298.7382016181946,5975,0.0,0.0,0.0411679744720459
1778643823.3365865,298.79014682769775,5976,0.0,0.0,0.05194520950317383
1778643823.3906572,298.8442175388336,5977,0.0,0.0,0.05407071113586426
1778643823.435277,298.8888373374939,5978,0.0,0.0,0.04461979866027832
1778643823.4894106,298.94297099113464,5979,0.0,0.0,0.05413365364074707
1778643823.5419235,298.99548387527466,5980,0.0,0.0,0.05251288414001465
1778643823.583778,299.03733825683594,5981,0.0,0.0,0.0418543815612793
1778643823.6369724,299.0905327796936,5982,0.0,0.0,0.053194522857666016
1778643823.6926527,299.146213054657,5983,0.0,0.0,0.055680274963378906
1778643823.7371206,299.1906809806824,5984,0.0,0.0,0.044467926025390625
1778643823.7892194,299.2427797317505,5985,0.0,0.0,0.052098751068115234
1778643823.8416235,299.29518389701843,5986,0.0,0.0,0.052404165267944336
1778643823.8838706,299.3374309539795,5987,0.0,0.0,0.04224705696105957
1778643823.9359224,299.3894827365875,5988,0.0,0.0,0.05205178260803223
1778643823.9886396,299.44219994544983,5989,0.0,0.0,0.05271720886230469
1778643824.0426047,299.49616503715515,5990,0.0,0.0,0.053965091705322266
1778643824.0866907,299.5402510166168,5991,0.0,0.0,0.04408597946166992
1778643824.1379626,299.5915229320526,5992,0.0,0.0,0.051271915435791016
1778643824.1905446,299.64410495758057,5993,0.0,0.0,0.0525820255279541
1778643824.234577,299.68813729286194,5994,0.0,0.0,0.04403233528137207
1778643824.2907822,299.7443425655365,5995,0.0,0.0,0.05620527267456055
1778643824.3321664,299.7857267856598,5996,0.0,0.0,0.041384220123291016
1778643824.3842173,299.8377776145935,5997,0.0,0.0,0.05205082893371582
1778643824.4378858,299.8914461135864,5998,0.0,0.0,0.05366849899291992
1778643824.4924648,299.94602513313293,5999,0.0,0.0,0.05457901954650879
1778643824.5343254,299.98788571357727,6000,0.0,0.0,0.04186058044433594
1778643824.5896437,300.0432040691376,6001,0.0,0.0,0.055318355560302734
1778643824.6429574,300.0965178012848,6002,0.0,0.0,0.0533137321472168
1778643824.689812,300.143372297287,6003,0.0,0.0,0.046854496002197266
1778643824.739847,300.1934072971344,6004,0.0,0.0,0.05003499984741211
1778643824.7919972,300.2455575466156,6005,0.0,0.0,0.05215024948120117
1778643824.8348272,300.28838753700256,6006,0.0,0.0,0.04282999038696289
1778643824.8895252,300.34308552742004,6007,0.0,0.0,0.05469799041748047
1778643824.941917,300.3954772949219,6008,0.0,0.0,0.052391767501831055
1778643824.9835246,300.4370849132538,6009,0.0,0.0,0.04160761833190918
1778643825.0364606,300.4900209903717,6010,0.0,0.0,0.05293607711791992
1778643825.08949,300.54305028915405,6011,0.0,0.0,0.05302929878234863
1778643825.1419609,300.59552121162415,6012,0.0,0.0,0.05247092247009277
1778643825.1833758,300.63693618774414,6013,0.0,0.0,0.04141497611999512
1778643825.2369456,300.6905059814453,6014,0.0,0.0,0.053569793701171875
1778643825.293001,300.7465612888336,6015,0.0,0.0,0.056055307388305664
1778643825.3351328,300.788693189621,6016,0.0,0.0,0.042131900787353516
1778643825.3872268,300.8407871723175,6017,0.0,0.0,0.0520939826965332
1778643825.4409075,300.89446783065796,6018,0.0,0.0,0.0536806583404541
1778643825.485946,300.93950629234314,6019,0.0,0.0,0.045038461685180664
1778643825.5389507,300.99251103401184,6020,0.0,0.0,0.05300474166870117
1778643825.5910532,301.0446135997772,6021,0.0,0.0,0.05210256576538086
1778643825.6335654,301.08712577819824,6022,0.0,0.0,0.04251217842102051
1778643825.6922278,301.145788192749,6023,0.0,0.0,0.05866241455078125
1778643825.732893,301.18645334243774,6024,0.0,0.0,0.0406651496887207
1778643825.785339,301.2388994693756,6025,0.0,0.0,0.05244612693786621
1778643825.8374653,301.2910256385803,6026,0.0,0.0,0.052126169204711914
1778643825.8910615,301.3446218967438,6027,0.0,0.0,0.05359625816345215
1778643825.9342027,301.38776302337646,6028,0.0,0.0,0.04314112663269043
1778643825.9884455,301.44200587272644,6029,0.0,0.0,0.054242849349975586
1778643826.038396,301.49195623397827,6030,0.0,0.0,0.049950361251831055
1778643826.0944912,301.54805159568787,6031,0.0,0.0,0.05609536170959473
1778643826.1388605,301.5924208164215,6032,0.0,0.0,0.04436922073364258
1778643826.192215,301.64577531814575,6033,0.0,0.0,0.053354501724243164
1778643826.2334013,301.6869616508484,6034,0.0,0.0,0.04118633270263672
1778643826.2857883,301.73934864997864,6035,0.0,0.0,0.05238699913024902
1778643826.3402562,301.7938165664673,6036,0.0,0.0,0.05446791648864746
1778643826.3824534,301.8360137939453,6037,0.0,0.0,0.042197227478027344
1778643826.4393883,301.8929486274719,6038,0.0,0.0,0.05693483352661133
1778643826.493425,301.946985244751,6039,0.0,0.0,0.054036617279052734
1778643826.5382884,301.9918487071991,6040,0.0,0.0,0.04486346244812012
1778643826.594034,302.04759430885315,6041,0.0,0.0,0.055745601654052734
1778643826.636405,302.08996534347534,6042,0.0,0.0,0.04237103462219238
1778643826.6882896,302.1418499946594,6043,0.0,0.0,0.05188465118408203
1778643826.7409241,302.1944844722748,6044,0.0,0.0,0.052634477615356445
1778643826.782998,302.2365584373474,6045,0.0,0.0,0.042073965072631836
1778643826.8355324,302.28909277915955,6046,0.0,0.0,0.05253434181213379
1778643826.8880007,302.34156107902527,6047,0.0,0.0,0.052468299865722656
1778643826.9420366,302.3955969810486,6048,0.0,0.0,0.05403590202331543
1778643826.984337,302.43789744377136,6049,0.0,0.0,0.04230046272277832
1778643827.0361311,302.4896914958954,6050,0.0,0.0,0.05179405212402344
1778643827.0889487,302.5425090789795,6051,0.0,0.0,0.052817583084106445
1778643827.1336253,302.5871856212616,6052,0.0,0.0,0.04467654228210449
1778643827.1897726,302.64333295822144,6053,0.0,0.0,0.05614733695983887
1778643827.2414453,302.6950056552887,6054,0.0,0.0,0.05167269706726074
1778643827.2830107,302.7365710735321,6055,0.0,0.0,0.0415654182434082
1778643827.3372517,302.79081201553345,6056,0.0,0.0,0.05424094200134277
1778643827.3937566,302.84731698036194,6057,0.0,0.0,0.05650496482849121
1778643827.4352055,302.88876581192017,6058,0.0,0.0,0.04144883155822754
1778643827.48701,302.94057035446167,6059,0.0,0.0,0.051804542541503906
1778643827.5398538,302.9934141635895,6060,0.0,0.0,0.05284380912780762
1778643827.58394,303.0375003814697,6061,0.0,0.0,0.04408621788024902
1778643827.6363215,303.08988189697266,6062,0.0,0.0,0.05238151550292969
1778643827.6886077,303.14216804504395,6063,0.0,0.0,0.05228614807128906
1778643827.7420404,303.19560074806213,6064,0.0,0.0,0.05343270301818848
1778643827.7880635,303.241623878479,6065,0.0,0.0,0.04602313041687012
1778643827.8415644,303.2951247692108,6066,0.0,0.0,0.05350089073181152
1778643827.8832626,303.3368229866028,6067,0.0,0.0,0.04169821739196777
1778643827.935496,303.3890564441681,6068,0.0,0.0,0.05223345756530762
1778643827.9907935,303.44435381889343,6069,0.0,0.0,0.0552973747253418
1778643828.0349445,303.4885048866272,6070,0.0,0.0,0.04415106773376465
1778643828.0841885,303.53774881362915,6071,0.0,0.0,0.049243927001953125
1778643828.1361454,303.5897057056427,6072,0.0,0.0,0.051956892013549805
1778643828.1885865,303.6421468257904,6073,0.0,0.0,0.05244112014770508
1778643828.24131,303.69487023353577,6074,0.0,0.0,0.05272340774536133
1778643828.2835577,303.73711800575256,6075,0.0,0.0,0.042247772216796875
1778643828.3363204,303.7898807525635,6076,0.0,0.0,0.052762746810913086
1778643828.389307,303.84286737442017,6077,0.0,0.0,0.05298662185668945
1778643828.442195,303.8957552909851,6078,0.0,0.0,0.052887916564941406
1778643828.4843926,303.9379529953003,6079,0.0,0.0,0.04219770431518555
1778643828.5368607,303.99042105674744,6080,0.0,0.0,0.052468061447143555
1778643828.5892396,304.042799949646,6081,0.0,0.0,0.05237889289855957
1778643828.6418958,304.09545612335205,6082,0.0,0.0,0.05265617370605469
1778643828.684232,304.1377923488617,6083,0.0,0.0,0.042336225509643555
1778643828.736607,304.190167427063,6084,0.0,0.0,0.052375078201293945
1778643828.789257,304.242817401886,6085,0.0,0.0,0.05264997482299805
1778643828.8420203,304.29558062553406,6086,0.0,0.0,0.05276322364807129
1778643828.8840632,304.3376235961914,6087,0.0,0.0,0.04204297065734863
1778643828.9369216,304.39048194885254,6088,0.0,0.0,0.05285835266113281
1778643828.9892569,304.4428172111511,6089,0.0,0.0,0.052335262298583984
1778643829.0423813,304.49594163894653,6090,0.0,0.0,0.053124427795410156
1778643829.0855458,304.5391061306,6091,0.0,0.0,0.04316449165344238
1778643829.1373732,304.5909335613251,6092,0.0,0.0,0.051827430725097656
1778643829.1898437,304.643404006958,6093,0.0,0.0,0.05247044563293457
1778643829.2338865,304.68744683265686,6094,0.0,0.0,0.04404282569885254
1778643829.2877278,304.74128818511963,6095,0.0,0.0,0.053841352462768555
1778643829.340271,304.7938313484192,6096,0.0,0.0,0.05254316329956055
1778643829.3827817,304.83634209632874,6097,0.0,0.0,0.0425107479095459
1778643829.4350896,304.8886499404907,6098,0.0,0.0,0.052307844161987305
1778643829.4875584,304.9411187171936,6099,0.0,0.0,0.05246877670288086
1778643829.5401623,304.99372267723083,6100,0.0,0.0,0.052603960037231445
1778643829.5820446,305.03560495376587,6101,0.0,0.0,0.04188227653503418
1778643829.6345747,305.0881350040436,6102,0.0,0.0,0.05253005027770996
1778643829.6875682,305.14112854003906,6103,0.0,0.0,0.0529935359954834
1778643829.7400706,305.1936309337616,6104,0.0,0.0,0.05250239372253418
1778643829.7821498,305.23571014404297,6105,0.0,0.0,0.04207921028137207
1778643829.8345292,305.2880895137787,6106,0.0,0.0,0.05237936973571777
1778643829.8876786,305.3412389755249,6107,0.0,0.0,0.05314946174621582
1778643829.9398425,305.3934028148651,6108,0.0,0.0,0.05216383934020996
1778643829.9824798,305.43604016304016,6109,0.0,0.0,0.04263734817504883
1778643830.0352175,305.48877787590027,6110,0.0,0.0,0.05273771286010742
1778643830.0879803,305.5415406227112,6111,0.0,0.0,0.052762746810913086
1778643830.141264,305.59482431411743,6112,0.0,0.0,0.05328369140625
1778643830.1831949,305.6367552280426,6113,0.0,0.0,0.0419309139251709
1778643830.2358246,305.6893849372864,6114,0.0,0.0,0.052629709243774414
1778643830.2902317,305.74379205703735,6115,0.0,0.0,0.05440711975097656
1778643830.3323548,305.7859151363373,6116,0.0,0.0,0.04212307929992676
1778643830.3852546,305.8388149738312,6117,0.0,0.0,0.052899837493896484
1778643830.4380493,305.8916096687317,6118,0.0,0.0,0.052794694900512695
1778643830.4908488,305.9444091320038,6119,0.0,0.0,0.05279946327209473
1778643830.5329988,305.98655915260315,6120,0.0,0.0,0.042150020599365234
1778643830.5856209,306.0391812324524,6121,0.0,0.0,0.052622079849243164
1778643830.638409,306.0919692516327,6122,0.0,0.0,0.05278801918029785
1778643830.6906922,306.14425253868103,6123,0.0,0.0,0.052283287048339844
1778643830.7330885,306.1866488456726,6124,0.0,0.0,0.04239630699157715
1778643830.785706,306.23926639556885,6125,0.0,0.0,0.052617549896240234
1778643830.8381875,306.2917478084564,6126,0.0,0.0,0.05248141288757324
1778643830.8909414,306.3445017337799,6127,0.0,0.0,0.05275392532348633
1778643830.933327,306.3868873119354,6128,0.0,0.0,0.04238557815551758
1778643830.9857988,306.43935918807983,6129,0.0,0.0,0.05247187614440918
1778643831.0382261,306.49178647994995,6130,0.0,0.0,0.05242729187011719
1778643831.0908291,306.54438948631287,6131,0.0,0.0,0.05260300636291504
1778643831.132734,306.5862944126129,6132,0.0,0.0,0.04190492630004883
1778643831.1854641,306.6390244960785,6133,0.0,0.0,0.05273008346557617
1778643831.2393003,306.6928606033325,6134,0.0,0.0,0.05383610725402832
1778643831.2912698,306.74483013153076,6135,0.0,0.0,0.05196952819824219
1778643831.3333945,306.78695487976074,6136,0.0,0.0,0.04212474822998047
1778643831.3862846,306.8398449420929,6137,0.0,0.0,0.05289006233215332
1778643831.4394023,306.8929626941681,6138,0.0,0.0,0.05311775207519531
1778643831.4921205,306.9456808567047,6139,0.0,0.0,0.052718162536621094
1778643831.5343537,306.9879140853882,6140,0.0,0.0,0.04223322868347168
1778643831.5873744,307.0409348011017,6141,0.0,0.0,0.05302071571350098
1778643831.6403065,307.09386682510376,6142,0.0,0.0,0.052932024002075195
1778643831.684587,307.138147354126,6143,0.0,0.0,0.0442805290222168
1778643831.7365286,307.19008898735046,6144,0.0,0.0,0.051941633224487305
1778643831.7889478,307.2425081729889,6145,0.0,0.0,0.052419185638427734
1778643831.8414679,307.2950282096863,6146,0.0,0.0,0.052520036697387695
1778643831.8838587,307.33741903305054,6147,0.0,0.0,0.04239082336425781
1778643831.936501,307.390061378479,6148,0.0,0.0,0.0526423454284668
1778643831.9895117,307.4430720806122,6149,0.0,0.0,0.05301070213317871
1778643832.042574,307.49613428115845,6150,0.0,0.0,0.05306220054626465
1778643832.084108,307.537668466568,6151,0.0,0.0,0.0415341854095459
1778643832.1369162,307.59047651290894,6152,0.0,0.0,0.05280804634094238
1778643832.1895232,307.6430835723877,6153,0.0,0.0,0.052607059478759766
1778643832.2420747,307.6956350803375,6154,0.0,0.0,0.0525515079498291
1778643832.2843454,307.7379057407379,6155,0.0,0.0,0.042270660400390625
1778643832.336892,307.7904522418976,6156,0.0,0.0,0.05254650115966797
1778643832.3901815,307.8437418937683,6157,0.0,0.0,0.05328965187072754
1778643832.4320447,307.885605096817,6158,0.0,0.0,0.041863203048706055
1778643832.4845667,307.93812704086304,6159,0.0,0.0,0.05252194404602051
1778643832.537079,307.9906394481659,6160,0.0,0.0,0.052512407302856445
1778643832.5902367,308.0437970161438,6161,0.0,0.0,0.05315756797790527
1778643832.6324282,308.0859885215759,6162,0.0,0.0,0.042191505432128906
1778643832.6872942,308.1408545970917,6163,0.0,0.0,0.05486607551574707
1778643832.7389581,308.1925184726715,6164,0.0,0.0,0.051663875579833984
1778643832.7909355,308.24449586868286,6165,0.0,0.0,0.05197739601135254
1778643832.8331027,308.2866630554199,6166,0.0,0.0,0.04216718673706055
1778643832.88564,308.339200258255,6167,0.0,0.0,0.05253720283508301
1778643832.9382362,308.3917965888977,6168,0.0,0.0,0.052596330642700195
1778643832.9909012,308.4444615840912,6169,0.0,0.0,0.052664995193481445
1778643833.0324318,308.48599219322205,6170,0.0,0.0,0.041530609130859375
1778643833.084918,308.5384783744812,6171,0.0,0.0,0.05248618125915527
1778643833.1379611,308.59152150154114,6172,0.0,0.0,0.05304312705993652
1778643833.1909142,308.6444745063782,6173,0.0,0.0,0.05295300483703613
1778643833.2332022,308.68676257133484,6174,0.0,0.0,0.04228806495666504
1778643833.2860298,308.73959016799927,6175,0.0,0.0,0.05282759666442871
1778643833.3388045,308.79236483573914,6176,0.0,0.0,0.052774667739868164
1778643833.392044,308.84560441970825,6177,0.0,0.0,0.05323958396911621
1778643833.434262,308.88782238960266,6178,0.0,0.0,0.04221796989440918
1778643833.4869523,308.9405126571655,6179,0.0,0.0,0.05269026756286621
1778643833.5396063,308.99316668510437,6180,0.0,0.0,0.05265402793884277
1778643833.5931373,309.04669761657715,6181,0.0,0.0,0.05353093147277832
1778643833.6348412,309.088401556015,6182,0.0,0.0,0.04170393943786621
1778643833.6879766,309.14153695106506,6183,0.0,0.0,0.05313539505004883
1778643833.740668,309.1942284107208,6184,0.0,0.0,0.05269145965576172
1778643833.7827468,309.23630714416504,6185,0.0,0.0,0.04207873344421387
1778643833.835504,309.28906440734863,6186,0.0,0.0,0.05275726318359375
1778643833.888103,309.3416633605957,6187,0.0,0.0,0.05259895324707031
1778643833.940679,309.3942394256592,6188,0.0,0.0,0.05257606506347656
1778643833.9828002,309.4363605976105,6189,0.0,0.0,0.042121171951293945
1778643834.035329,309.4888894557953,6190,0.0,0.0,0.05252885818481445
1778643834.0881891,309.5417494773865,6191,0.0,0.0,0.05286002159118652
1778643834.1421297,309.59569001197815,6192,0.0,0.0,0.053940534591674805
1778643834.1832495,309.6368098258972,6193,0.0,0.0,0.04111981391906738
1778643834.236172,309.6897323131561,6194,0.0,0.0,0.05292248725891113
1778643834.2891736,309.7427339553833,6195,0.0,0.0,0.05300164222717285
1778643834.3424811,309.79604148864746,6196,0.0,0.0,0.053307533264160156
1778643834.3842323,309.837792634964,6197,0.0,0.0,0.04175114631652832
1778643834.4364996,309.89005994796753,6198,0.0,0.0,0.05226731300354004
1778643834.4890313,309.9425916671753,6199,0.0,0.0,0.05253171920776367
1778643834.541555,309.99511528015137,6200,0.0,0.0,0.05252361297607422
1778643834.5835588,310.03711915016174,6201,0.0,0.0,0.04200387001037598
1778643834.635933,310.0894932746887,6202,0.0,0.0,0.05237412452697754
1778643834.688359,310.14191937446594,6203,0.0,0.0,0.05242609977722168
1778643834.740944,310.19450426101685,6204,0.0,0.0,0.05258488655090332
1778643834.7837105,310.23727083206177,6205,0.0,0.0,0.042766571044921875
1778643834.8359745,310.2895348072052,6206,0.0,0.0,0.05226397514343262
1778643834.8883948,310.3419551849365,6207,0.0,0.0,0.05242037773132324
1778643834.9414582,310.3950185775757,6208,0.0,0.0,0.053063392639160156
1778643834.983316,310.43687629699707,6209,0.0,0.0,0.04185771942138672
1778643835.0360727,310.4896330833435,6210,0.0,0.0,0.05275678634643555
1778643835.0886326,310.5421929359436,6211,0.0,0.0,0.052559852600097656
1778643835.1413393,310.5948996543884,6212,0.0,0.0,0.05270671844482422
1778643835.183351,310.6369113922119,6213,0.0,0.0,0.04201173782348633
1778643835.2358074,310.6893677711487,6214,0.0,0.0,0.05245637893676758
1778643835.288765,310.7423253059387,6215,0.0,0.0,0.05295753479003906
1778643835.3419926,310.7955529689789,6216,0.0,0.0,0.05322766304016113
1778643835.383363,310.8369233608246,6217,0.0,0.0,0.041370391845703125
1778643835.4375024,310.89106273651123,6218,0.0,0.0,0.05413937568664551
1778643835.4885983,310.94215869903564,6219,0.0,0.0,0.05109596252441406
1778643835.5414858,310.9950461387634,6220,0.0,0.0,0.0528874397277832
1778643835.584062,311.0376224517822,6221,0.0,0.0,0.04257631301879883
1778643835.6380775,311.09163784980774,6222,0.0,0.0,0.054015398025512695
1778643835.691225,311.1447854042053,6223,0.0,0.0,0.05314755439758301
1778643835.7333527,311.18691301345825,6224,0.0,0.0,0.04212760925292969
1778643835.786603,311.2401633262634,6225,0.0,0.0,0.05325031280517578
1778643835.8394089,311.29296922683716,6226,0.0,0.0,0.05280590057373047
1778643835.892386,311.3459463119507,6227,0.0,0.0,0.05297708511352539
1778643835.9346814,311.3882417678833,6228,0.0,0.0,0.04229545593261719
1778643835.9879107,311.4414710998535,6229,0.0,0.0,0.053229331970214844
1778643836.0404491,311.4940094947815,6230,0.0,0.0,0.052538394927978516
1778643836.0823815,311.53594183921814,6231,0.0,0.0,0.04193234443664551
1778643836.1348557,311.58841609954834,6232,0.0,0.0,0.052474260330200195
1778643836.1878479,311.64140820503235,6233,0.0,0.0,0.05299210548400879
1778643836.241265,311.6948254108429,6234,0.0,0.0,0.053417205810546875
1778643836.2828333,311.73639369010925,6235,0.0,0.0,0.04156827926635742
1778643836.336023,311.78958344459534,6236,0.0,0.0,0.053189754486083984
1778643836.3889208,311.842481136322,6237,0.0,0.0,0.05289769172668457
1778643836.4418197,311.8953800201416,6238,0.0,0.0,0.05289888381958008
1778643836.4840252,311.9375855922699,6239,0.0,0.0,0.0422055721282959
1778643836.5366285,311.9901888370514,6240,0.0,0.0,0.05260324478149414
1778643836.5894403,312.0430006980896,6241,0.0,0.0,0.05281186103820801
1778643836.6415527,312.0951130390167,6242,0.0,0.0,0.05211234092712402
1778643836.683388,312.1369483470917,6243,0.0,0.0,0.04183530807495117
1778643836.7355752,312.18913555145264,6244,0.0,0.0,0.052187204360961914
1778643836.7884507,312.24201107025146,6245,0.0,0.0,0.052875518798828125
1778643836.841662,312.29522228240967,6246,0.0,0.0,0.053211212158203125
1778643836.8836768,312.3372371196747,6247,0.0,0.0,0.04201483726501465
1778643836.9362445,312.3898048400879,6248,0.0,0.0,0.05256772041320801
1778643836.9887962,312.4423565864563,6249,0.0,0.0,0.0525517463684082
1778643837.0415225,312.4950828552246,6250,0.0,0.0,0.05272626876831055
1778643837.0847242,312.5382845401764,6251,0.0,0.0,0.04320168495178223
1778643837.1370568,312.5906171798706,6252,0.0,0.0,0.05233263969421387
1778643837.1900527,312.6436131000519,6253,0.0,0.0,0.052995920181274414
1778643837.2422159,312.69577622413635,6254,0.0,0.0,0.052163124084472656
1778643837.2840488,312.7376091480255,6255,0.0,0.0,0.041832923889160156
1778643837.3369703,312.7905306816101,6256,0.0,0.0,0.05292153358459473
1778643837.389918,312.8434784412384,6257,0.0,0.0,0.0529477596282959
1778643837.4322162,312.8857765197754,6258,0.0,0.0,0.042298078536987305
1778643837.4848454,312.938405752182,6259,0.0,0.0,0.05262923240661621
1778643837.5377345,312.99129486083984,6260,0.0,0.0,0.052889108657836914
1778643837.591694,313.04525446891785,6261,0.0,0.0,0.05395960807800293
1778643837.633073,313.0866334438324,6262,0.0,0.0,0.04137897491455078
1778643837.6860647,313.13962507247925,6263,0.0,0.0,0.052991628646850586
1778643837.7386067,313.1921670436859,6264,0.0,0.0,0.05254197120666504
1778643837.791987,313.2455472946167,6265,0.0,0.0,0.05338025093078613
1778643837.833411,313.2869713306427,6266,0.0,0.0,0.04142403602600098
1778643837.8857727,313.33933305740356,6267,0.0,0.0,0.05236172676086426
1778643837.9385087,313.3920691013336,6268,0.0,0.0,0.05273604393005371
1778643837.9911213,313.4446816444397,6269,0.0,0.0,0.0526125431060791
1778643838.0331085,313.48666882514954,6270,0.0,0.0,0.04198718070983887
1778643838.086021,313.5395812988281,6271,0.0,0.0,0.05291247367858887
1778643838.1387372,313.5922975540161,6272,0.0,0.0,0.05271625518798828
1778643838.1913385,313.644898891449,6273,0.0,0.0,0.05260133743286133
1778643838.2335277,313.6870880126953,6274,0.0,0.0,0.04218912124633789
1778643838.2865262,313.74008655548096,6275,0.0,0.0,0.05299854278564453
1778643838.3391156,313.79267597198486,6276,0.0,0.0,0.05258941650390625
1778643838.3922834,313.84584379196167,6277,0.0,0.0,0.05316781997680664
1778643838.4335272,313.88708758354187,6278,0.0,0.0,0.041243791580200195
1778643838.4858642,313.9394245147705,6279,0.3,0.0,0.052336931228637695
1778643838.5384107,313.9919710159302,6280,0.3,0.0,0.05254650115966797
1778643838.591754,314.0453143119812,6281,0.3,0.0,0.05334329605102539
1778643838.6338296,314.0873899459839,6282,0.3,0.0,0.04207563400268555
1778643838.686127,314.1396872997284,6283,0.0,0.0,0.052297353744506836
1778643838.738818,314.192378282547,6284,0.0,0.0,0.052690982818603516
1778643838.7913384,314.24489879608154,6285,0.0,0.0,0.0525205135345459
1778643838.8333466,314.28690695762634,6286,0.0,0.0,0.042008161544799805
1778643838.8858342,314.339394569397,6287,0.0,0.0,0.05248761177062988
1778643838.9388885,314.3924489021301,6288,0.0,0.0,0.0530543327331543
1778643838.9916375,314.44519782066345,6289,0.3,0.0,0.052748918533325195
1778643839.0372102,314.4907705783844,6290,0.3,0.0,0.045572757720947266
1778643839.092492,314.5460524559021,6291,0.3,0.0,0.055281877517700195
1778643839.1367996,314.59035992622375,6292,0.3,0.0,0.04430747032165527
1778643839.188624,314.6421842575073,6293,0.3,0.0,0.051824331283569336
1778643839.234214,314.68777441978455,6294,0.3,0.0,0.04559016227722168
1778643839.2906609,314.74422121047974,6295,0.3,0.0,0.05644679069519043
1778643839.3362083,314.7897686958313,6296,0.3,0.0,0.0455474853515625
1778643839.387917,314.841477394104,6297,0.3,0.0,0.05170869827270508
1778643839.4406857,314.8942461013794,6298,0.3,0.0,0.052768707275390625
1778643839.4835322,314.9370925426483,6299,0.3,0.0,0.0428464412689209
1778643839.5422623,314.99582266807556,6300,0.3,0.0,0.058730125427246094
1778643839.5870557,315.0406160354614,6301,0.3,0.0,0.04479336738586426
1778643839.6412776,315.09483790397644,6302,0.3,0.0,0.05422186851501465
1778643839.682997,315.13655734062195,6303,0.3,0.0,0.04171943664550781
1778643839.7361052,315.189665555954,6304,0.3,0.0,0.05310821533203125
1778643839.7924974,315.24605774879456,6305,0.3,0.0,0.05639219284057617
1778643839.8369133,315.2904736995697,6306,0.3,0.0,0.044415950775146484
1778643839.8930736,315.3466339111328,6307,0.0,0.0,0.05616021156311035
1778643839.9402099,315.3937702178955,6308,-0.3,0.0,0.04713630676269531
1778643839.983157,315.4367172718048,6309,-0.3,0.0,0.04294705390930176
1778643840.0353324,315.4888927936554,6310,-0.3,0.0,0.05217552185058594
1778643840.0873413,315.5409016609192,6311,0.0,0.0,0.052008867263793945
1778643840.1399345,315.59349489212036,6312,0.0,0.0,0.052593231201171875
1778643840.1824741,315.636034488678,6313,0.0,0.0,0.04253959655761719
1778643840.2355976,315.6891579627991,6314,0.0,0.0,0.05312347412109375
1778643840.2883947,315.7419550418854,6315,0.0,0.0,0.05279707908630371
1778643840.3402348,315.79379510879517,6316,0.0,0.0,0.05184006690979004
1778643840.3822958,315.8358561992645,6317,0.0,0.0,0.04206109046936035
1778643840.4348905,315.8884508609772,6318,-0.3,0.0,0.052594661712646484
1778643840.4875746,315.941134929657,6319,-0.3,0.0,0.05268406867980957
1778643840.5399911,315.99355149269104,6320,-0.3,0.0,0.05241656303405762
1778643840.5822737,316.0358340740204,6321,-0.3,0.0,0.0422825813293457
1778643840.6345584,316.0881187915802,6322,-0.3,0.0,0.05228471755981445
1778643840.6869833,316.1405436992645,6323,-0.3,0.0,0.05242490768432617
1778643840.73961,316.1931703090668,6324,-0.3,0.0,0.052626609802246094
1778643840.792243,316.24580335617065,6325,-0.3,0.0,0.052633047103881836
1778643840.8345103,316.28807067871094,6326,-0.3,0.0,0.0422673225402832
1778643840.8873029,316.34086322784424,6327,-0.3,0.0,0.05279254913330078
1778643840.940098,316.3936583995819,6328,-0.3,0.0,0.0527951717376709
1778643840.9820929,316.4356532096863,6329,-0.3,0.0,0.04199481010437012
1778643841.0341535,316.48771381378174,6330,-0.3,0.0,0.052060604095458984
1778643841.086609,316.5401692390442,6331,-0.3,0.0,0.05245542526245117
1778643841.139835,316.5933952331543,6332,-0.3,0.0,0.05322599411010742
1778643841.1820602,316.63562059402466,6333,-0.3,0.0,0.04222536087036133
1778643841.2350225,316.6885828971863,6334,-0.3,0.0,0.052962303161621094
1778643841.2878802,316.7414405345917,6335,-0.3,0.0,0.05285763740539551
1778643841.3408084,316.7943687438965,6336,-0.3,0.0,0.05292820930480957
1778643841.3831215,316.83668184280396,6337,-0.3,0.0,0.0423130989074707
1778643841.435658,316.8892183303833,6338,-0.3,0.0,0.0525364875793457
1778643841.4883666,316.94192695617676,6339,-0.3,0.0,0.05270862579345703
1778643841.5410233,316.99458360671997,6340,-0.3,0.0,0.05265665054321289
1778643841.5845306,317.03809094429016,6341,-0.3,0.0,0.04350733757019043
1778643841.6375322,317.09109258651733,6342,-0.3,0.0,0.05300164222717285
1778643841.689556,317.14311623573303,6343,-0.3,0.0,0.05202364921569824
1778643841.741992,317.1955523490906,6344,-0.3,0.0,0.052436113357543945
1778643841.783987,317.2375473976135,6345,-0.3,0.0,0.04199504852294922
1778643841.8370314,317.29059171676636,6346,-0.3,0.0,0.05304431915283203
1778643841.8897018,317.34326219558716,6347,-0.3,0.0,0.05267047882080078
1778643841.9319592,317.3855195045471,6348,-0.3,0.0,0.04225730895996094
1778643841.9845788,317.43813920021057,6349,0.0,0.0,0.05261969566345215
1778643842.0369673,317.4905276298523,6350,0.0,0.0,0.05238842964172363
1778643842.090217,317.5437774658203,6351,0.0,0.0,0.05324983596801758
1778643842.131925,317.585485458374,6352,0.0,0.0,0.04170799255371094
1778643842.1847029,317.6382632255554,6353,0.0,0.0,0.052777767181396484
1778643842.2372894,317.6908497810364,6354,0.0,0.0,0.05258655548095703
1778643842.291294,317.74485445022583,6355,0.0,0.0,0.054004669189453125
1778643842.3324592,317.7860195636749,6356,0.0,0.0,0.04116511344909668
1778643842.385534,317.8390944004059,6357,0.0,0.0,0.05307483673095703
1778643842.437872,317.89143228530884,6358,0.0,0.0,0.0523378849029541
1778643842.490592,317.9441523551941,6359,0.0,0.0,0.052720069885253906
1778643842.5324438,317.986004114151,6360,0.0,0.0,0.04185175895690918
1778643842.585867,318.039427280426,6361,0.0,0.0,0.053423166275024414
1778643842.6384432,318.0920035839081,6362,0.0,1.0,0.052576303482055664
1778643842.6913624,318.1449227333069,6363,0.0,1.0,0.05291914939880371
1778643842.732918,318.18647837638855,6364,0.0,1.0,0.04155564308166504
1778643842.787601,318.24116134643555,6365,0.0,0.0,0.05468297004699707
1778643842.83844,318.2920002937317,6366,0.0,0.0,0.05083894729614258
1778643842.8912935,318.34485387802124,6367,0.0,0.0,0.05285358428955078
1778643842.9335756,318.3871359825134,6368,0.0,0.0,0.0422821044921875
1778643842.986243,318.4398033618927,6369,0.0,0.0,0.05266737937927246
1778643843.03897,318.49253034591675,6370,0.0,0.0,0.05272698402404785
1778643843.091775,318.54533529281616,6371,0.0,0.0,0.05280494689941406
1778643843.1342645,318.58782482147217,6372,0.0,1.0,0.04248952865600586
1778643843.1871371,318.64069747924805,6373,0.0,1.0,0.052872657775878906
1778643843.239994,318.6935544013977,6374,0.0,1.0,0.0528569221496582
1778643843.2826774,318.7362377643585,6375,0.0,1.0,0.04268336296081543
1778643843.334927,318.7884874343872,6376,0.0,1.0,0.05224967002868652
1778643843.3871956,318.84075593948364,6377,0.0,1.0,0.05226850509643555
1778643843.4397926,318.8933529853821,6378,0.0,1.0,0.0525970458984375
1778643843.491817,318.9453773498535,6379,0.0,1.0,0.05202436447143555
1778643843.5339057,318.98746609687805,6380,0.0,1.0,0.04208874702453613
1778643843.585817,319.039377450943,6381,0.0,1.0,0.051911354064941406
1778643843.6385014,319.0920617580414,6382,0.0,1.0,0.05268430709838867
1778643843.6906207,319.1441810131073,6383,0.0,1.0,0.05211925506591797
1778643843.7323213,319.18588161468506,6384,0.0,1.0,0.04170060157775879
1778643843.7846851,319.23824548721313,6385,0.0,1.0,0.05236387252807617
1778643843.8372014,319.29076170921326,6386,0.0,1.0,0.05251622200012207
1778643843.8900871,319.343647480011,6387,0.0,1.0,0.05288577079772949
1778643843.9419713,319.3955316543579,6388,0.0,1.0,0.05188417434692383
1778643843.9840815,319.43764185905457,6389,0.0,1.0,0.04211020469665527
1778643844.0364356,319.4899959564209,6390,0.0,1.0,0.05235409736633301
1778643844.0887754,319.5423357486725,6391,0.0,1.0,0.052339792251586914
1778643844.1413064,319.5948667526245,6392,0.0,1.0,0.05253100395202637
1778643844.1833231,319.63688349723816,6393,0.0,1.0,0.04201674461364746
1778643844.2355685,319.6891288757324,6394,0.0,1.0,0.052245378494262695
1778643844.2882211,319.7417814731598,6395,0.0,1.0,0.052652597427368164
1778643844.3410237,319.7945840358734,6396,0.0,1.0,0.05280256271362305
1778643844.383345,319.8369052410126,6397,0.0,1.0,0.042321205139160156
1778643844.4361095,319.8896698951721,6398,0.0,1.0,0.0527646541595459
1778643844.4899125,319.94347286224365,6399,0.0,0.0,0.0538029670715332
1778643844.5418394,319.99539971351624,6400,0.0,0.0,0.05192685127258301
1778643844.5841434,320.0377037525177,6401,0.0,0.0,0.042304039001464844
1778643844.6367993,320.0903596878052,6402,0.0,0.0,0.052655935287475586
1778643844.689524,320.14308428764343,6403,0.0,0.0,0.052724599838256836
1778643844.7424605,320.1960208415985,6404,0.0,0.0,0.052936553955078125
1778643844.7846146,320.2381749153137,6405,0.0,0.0,0.04215407371520996
1778643844.8376875,320.29124784469604,6406,0.0,0.0,0.05307292938232422
1778643844.8920963,320.3456566333771,6407,0.0,1.0,0.05440878868103027
1778643844.9327767,320.38633704185486,6408,0.0,1.0,0.0406804084777832
1778643844.9854822,320.4390425682068,6409,0.0,1.0,0.05270552635192871
1778643845.0382788,320.49183917045593,6410,0.0,0.0,0.05279660224914551
1778643845.092059,320.5456192493439,6411,0.0,0.0,0.05378007888793945
1778643845.1336284,320.5871887207031,6412,0.0,0.0,0.04156947135925293
1778643845.1865058,320.6400661468506,6413,0.0,0.0,0.05287742614746094
1778643845.2392976,320.69285798072815,6414,0.0,0.0,0.05279183387756348
1778643845.2918432,320.7454035282135,6415,0.0,0.0,0.05254554748535156
1778643845.334426,320.78798627853394,6416,0.0,0.0,0.04258275032043457
1778643845.3870904,320.84065079689026,6417,0.0,0.0,0.05266451835632324
1778643845.4399247,320.8934850692749,6418,0.0,1.0,0.052834272384643555
1778643845.4828968,320.936457157135,6419,0.0,1.0,0.04297208786010742
1778643845.5357878,320.9893481731415,6420,0.0,1.0,0.05289101600646973
1778643845.587552,321.0411124229431,6421,0.0,0.0,0.05176424980163574
1778643845.640248,321.0938084125519,6422,0.0,0.0,0.05269598960876465
1778643845.6825423,321.1361026763916,6423,0.0,0.0,0.04229426383972168
1778643845.7354336,321.18899393081665,6424,0.0,0.0,0.05289125442504883
1778643845.7883265,321.24188685417175,6425,0.0,0.0,0.05289292335510254
1778643845.8411725,321.2947328090668,6426,0.0,0.0,0.05284595489501953
1778643845.8829694,321.3365297317505,6427,0.0,0.0,0.04179692268371582
1778643845.935876,321.3894362449646,6428,0.0,0.0,0.05290651321411133
1778643845.9885375,321.442097902298,6429,0.0,0.0,0.05266165733337402
1778643846.0410783,321.49463868141174,6430,0.0,0.0,0.05254077911376953
1778643846.0836678,321.5372281074524,6431,0.0,0.0,0.042589426040649414
1778643846.1364062,321.58996653556824,6432,0.0,0.0,0.05273842811584473
1778643846.1898625,321.64342284202576,6433,0.3,0.0,0.05345630645751953
1778643846.242047,321.69560742378235,6434,0.3,0.0,0.0521845817565918
1778643846.28429,321.73785042762756,6435,0.3,0.0,0.042243003845214844
1778643846.33705,321.7906103134155,6436,0.3,0.0,0.05275988578796387
1778643846.3895555,321.8431158065796,6437,0.0,0.0,0.0525054931640625
1778643846.4423018,321.89586210250854,6438,0.0,0.0,0.05274629592895508
1778643846.4842637,321.937824010849,6439,0.0,0.0,0.0419619083404541
1778643846.5367672,321.99032759666443,6440,0.0,0.0,0.05250358581542969
1778643846.5889304,322.0424907207489,6441,0.0,0.0,0.052163124084472656
1778643846.6413436,322.09490394592285,6442,0.0,0.0,0.052413225173950195
1778643846.683324,322.1368844509125,6443,0.3,0.0,0.04198050498962402
1778643846.7355466,322.18910694122314,6444,0.3,0.0,0.052222490310668945
1778643846.788597,322.24215745925903,6445,0.3,0.0,0.05305051803588867
1778643846.8415961,322.29515647888184,6446,0.3,0.0,0.052999019622802734
1778643846.8837361,322.3372964859009,6447,0.3,0.0,0.04214000701904297
1778643846.9362288,322.38978910446167,6448,0.3,0.0,0.052492618560791016
1778643846.9889688,322.44252920150757,6449,0.3,0.0,0.05274009704589844
1778643847.041323,322.4948832988739,6450,0.3,0.0,0.05235409736633301
1778643847.0835795,322.5371398925781,6451,0.3,0.0,0.04225659370422363
1778643847.1360822,322.58964252471924,6452,0.3,0.0,0.05250263214111328
1778643847.1890666,322.6426270008087,6453,0.3,0.0,0.05298447608947754
1778643847.242368,322.6959283351898,6454,0.3,0.0,0.053301334381103516
1778643847.2844439,322.7380042076111,6455,0.3,0.0,0.04207587242126465
1778643847.3371022,322.79066252708435,6456,0.0,0.0,0.0526583194732666
1778643847.3895705,322.8431308269501,6457,0.0,0.0,0.052468299865722656
1778643847.4434624,322.8970227241516,6458,0.0,0.0,0.053891897201538086
1778643847.485307,322.93886733055115,6459,0.0,0.0,0.04184460639953613
1778643847.5382965,322.9918568134308,6460,0.0,0.0,0.05298948287963867
1778643847.5908318,323.04439210891724,6461,0.0,0.0,0.052535295486450195
1778643847.6325305,323.08609080314636,6462,-0.3,0.0,0.04169869422912598
1778643847.6852167,323.1387770175934,6463,-0.3,0.0,0.052686214447021484
1778643847.7378645,323.19142484664917,6464,-0.3,0.0,0.05264782905578613
1778643847.7904582,323.2440185546875,6465,0.0,0.0,0.05259370803833008
1778643847.8422241,323.2957844734192,6466,0.0,0.0,0.05176591873168945
1778643847.8874106,323.340970993042,6467,0.0,0.0,0.045186519622802734
1778643847.9393485,323.3929088115692,6468,0.0,0.0,0.05193781852722168
1778643847.9918213,323.44538164138794,6469,0.0,0.0,0.052472829818725586
1778643848.0337741,323.4873344898224,6470,0.0,0.0,0.04195284843444824
1778643848.0864556,323.5400159358978,6471,0.0,0.0,0.05268144607543945
1778643848.1390862,323.5926465988159,6472,-0.3,0.0,0.05263066291809082
1778643848.2083151,323.6618754863739,6473,-0.3,0.0,0.0692288875579834
1778643848.2342982,323.68785858154297,6474,-0.3,0.0,0.025983095169067383
1778643848.286399,323.7399592399597,6475,-0.3,0.0,0.05210065841674805
1778643848.3425536,323.7961139678955,6476,-0.3,0.0,0.056154727935791016
1778643848.3830104,323.8365707397461,6477,-0.3,0.0,0.04045677185058594
1778643848.4352162,323.8887765407562,6478,-0.3,0.0,0.052205801010131836
1778643848.4893517,323.9429121017456,6479,-0.3,0.0,0.05413556098937988
1778643848.5422008,323.99576115608215,6480,-0.3,0.0,0.05284905433654785
1778643848.5842528,324.0378131866455,6481,-0.3,0.0,0.04205203056335449
1778643848.6376443,324.0912046432495,6482,-0.3,0.0,0.053391456604003906
1778643848.6913905,324.1449508666992,6483,-0.3,0.0,0.05374622344970703
1778643848.732718,324.1862783432007,6484,-0.3,0.0,0.041327476501464844
1778643848.7860703,324.2396306991577,6485,-0.3,0.0,0.05335235595703125
1778643848.838285,324.2918453216553,6486,-0.3,0.0,0.052214622497558594
1778643848.8910658,324.3446261882782,6487,-0.3,0.0,0.052780866622924805
1778643848.9331222,324.386682510376,6488,-0.3,0.0,0.04205632209777832
1778643848.9856462,324.4392066001892,6489,-0.3,0.0,0.05252408981323242
1778643849.0380423,324.49160265922546,6490,-0.3,0.0,0.05239605903625488
1778643849.0918446,324.54540491104126,6491,-0.3,0.0,0.0538022518157959
1778643849.1331675,324.5867278575897,6492,-0.3,0.0,0.041322946548461914
1778643849.1863995,324.6399598121643,6493,-0.3,0.0,0.05323195457458496
1778643849.239212,324.69277238845825,6494,-0.3,0.0,0.05281257629394531
1778643849.2920742,324.74563455581665,6495,-0.3,0.0,0.05286216735839844
1778643849.3342843,324.78784465789795,6496,-0.3,0.0,0.04221010208129883
1778643849.3872137,324.84077405929565,6497,-0.3,0.0,0.05292940139770508
1778643849.4398253,324.8933856487274,6498,-0.3,0.0,0.052611589431762695
1778643849.4822123,324.9357726573944,6499,-0.3,0.0,0.04238700866699219
1778643849.535282,324.9888422489166,6500,-0.3,0.0,0.0530695915222168
1778643849.5885777,325.0421380996704,6501,-0.3,0.0,0.05329585075378418
1778643849.6401675,325.09372782707214,6502,0.0,0.0,0.0515897274017334
1778643849.681928,325.13548827171326,6503,0.0,0.0,0.04176044464111328
1778643849.7341633,325.1877236366272,6504,0.0,0.0,0.05223536491394043
1778643849.788626,325.2421863079071,6505,0.0,0.0,0.05446267127990723
1778643849.8400795,325.29363989830017,6506,0.0,0.0,0.051453590393066406
1778643849.8920105,325.3455708026886,6507,0.0,0.0,0.051930904388427734
1778643849.9338632,325.3874235153198,6508,0.0,0.0,0.041852712631225586
1778643849.9867737,325.4403340816498,6509,0.0,0.0,0.052910566329956055
1778643850.0385034,325.49206376075745,6510,0.0,-1.0,0.051729679107666016
1778643850.0914805,325.545040845871,6511,0.0,-1.0,0.05297708511352539
1778643850.1333647,325.58692502975464,6512,0.0,-1.0,0.04188418388366699
1778643850.18579,325.6393504142761,6513,0.0,-1.0,0.052425384521484375
1778643850.2384124,325.69197273254395,6514,0.0,0.0,0.052622318267822266
1778643850.2923803,325.7459406852722,6515,0.0,0.0,0.053967952728271484
1778643850.3338537,325.7874140739441,6516,0.0,0.0,0.041473388671875
1778643850.386306,325.839866399765,6517,0.0,0.0,0.05245232582092285
1778643850.4385834,325.8921437263489,6518,0.0,0.0,0.052277326583862305
1778643850.490956,325.9445164203644,6519,0.0,0.0,0.05237269401550293
1778643850.533002,325.9865622520447,6520,0.0,-1.0,0.04204583168029785
1778643850.5856144,326.03917479515076,6521,0.0,-1.0,0.0526125431060791
1778643850.6381974,326.091757774353,6522,0.0,-1.0,0.05258297920227051
1778643850.6908784,326.1444387435913,6523,0.0,-1.0,0.05268096923828125
1778643850.7355053,326.18906569480896,6524,0.0,-1.0,0.04462695121765137
1778643850.7898288,326.2433891296387,6525,0.0,-1.0,0.054323434829711914
1778643850.842178,326.2957384586334,6526,0.0,-1.0,0.05234932899475098
1778643850.8842843,326.33784461021423,6527,0.0,-1.0,0.04210615158081055
1778643850.936378,326.3899383544922,6528,0.0,-1.0,0.0520937442779541
1778643850.9893467,326.44290709495544,6529,0.0,-1.0,0.052968740463256836
1778643851.0420165,326.4955768585205,6530,0.0,-1.0,0.05266976356506348
1778643851.0839424,326.5375027656555,6531,0.0,-1.0,0.041925907135009766
1778643851.137538,326.59109830856323,6532,0.0,-1.0,0.053595542907714844
1778643851.1902695,326.6438298225403,6533,0.0,-1.0,0.05273151397705078
1778643851.2318656,326.6854259967804,6534,0.0,-1.0,0.041596174240112305
1778643851.2848003,326.73836064338684,6535,0.0,-1.0,0.05293464660644531
1778643851.3375432,326.7911036014557,6536,0.0,-1.0,0.052742958068847656
1778643851.3904028,326.8439631462097,6537,0.0,-1.0,0.05285954475402832
1778643851.4323225,326.88588285446167,6538,0.0,-1.0,0.041919708251953125
1778643851.4850836,326.93864393234253,6539,0.0,-1.0,0.052761077880859375
1778643851.5380385,326.9915988445282,6540,0.0,-1.0,0.052954912185668945
1778643851.5826433,327.036203622818,6541,0.0,-1.0,0.04460477828979492
1778643851.6354816,327.0890419483185,6542,0.0,-1.0,0.05283832550048828
1778643851.6884418,327.1420021057129,6543,0.0,-1.0,0.05296015739440918
1778643851.7432618,327.19682216644287,6544,0.0,-1.0,0.05482006072998047
1778643851.7863503,327.2399106025696,6545,0.0,-1.0,0.043088436126708984
1778643851.8385584,327.2921187877655,6546,0.0,-1.0,0.05220818519592285
1778643851.8916757,327.34523606300354,6547,0.0,-1.0,0.05311727523803711
1778643851.9329462,327.3865065574646,6548,0.0,-1.0,0.04127049446105957
1778643851.9857914,327.4393517971039,6549,0.0,-1.0,0.05284523963928223
1778643852.038471,327.4920313358307,6550,0.0,-1.0,0.05267953872680664
1778643852.0915442,327.5451045036316,6551,0.0,-1.0,0.05307316780090332
1778643852.1333702,327.58693051338196,6552,0.0,-1.0,0.04182600975036621
1778643852.1861002,327.63966059684753,6553,0.0,-1.0,0.05273008346557617
1778643852.2387855,327.69234585762024,6554,0.0,-1.0,0.05268526077270508
1778643852.2915933,327.7451536655426,6555,0.0,-1.0,0.05280780792236328
1778643852.333621,327.7871813774109,6556,0.0,-1.0,0.04202771186828613
1778643852.3861742,327.83973455429077,6557,0.0,-1.0,0.05255317687988281
1778643852.4388793,327.89243960380554,6558,0.0,-1.0,0.05270504951477051
1778643852.4914076,327.9449679851532,6559,0.0,-1.0,0.05252838134765625
1778643852.5335011,327.9870615005493,6560,0.0,-1.0,0.042093515396118164
1778643852.5860484,328.0396087169647,6561,0.0,-1.0,0.05254721641540527
1778643852.638574,328.09213423728943,6562,0.0,-1.0,0.05252552032470703
1778643852.6916757,328.1452360153198,6563,0.0,-1.0,0.05310177803039551
1778643852.7334433,328.1870036125183,6564,0.0,-1.0,0.04176759719848633
1778643852.7859566,328.2395169734955,6565,0.0,-1.0,0.05251336097717285
1778643852.8386705,328.2922308444977,6566,0.0,-1.0,0.052713871002197266
1778643852.8913462,328.3449065685272,6567,0.0,-1.0,0.052675724029541016
1778643852.9335015,328.3870618343353,6568,0.0,0.0,0.04215526580810547
1778643852.9861188,328.439679145813,6569,0.0,0.0,0.05261731147766113
1778643853.0390728,328.49263310432434,6570,0.0,0.0,0.05295395851135254
1778643853.0914817,328.54504203796387,6571,0.0,0.0,0.05240893363952637
1778643853.1339512,328.58751153945923,6572,0.0,0.0,0.04246950149536133
1778643853.1874526,328.6410129070282,6573,0.0,0.0,0.05350136756896973
1778643853.2399004,328.6934607028961,6574,0.0,0.0,0.05244779586791992
1778643853.2825363,328.7360966205597,6575,0.3,0.0,0.04263591766357422
1778643853.3352487,328.7888090610504,6576,0.3,0.0,0.052712440490722656
1778643853.3886726,328.8422329425812,6577,0.3,0.0,0.05342388153076172
1778643853.4404044,328.89396476745605,6578,0.0,0.0,0.05173182487487793
1778643853.4820948,328.9356551170349,6579,0.0,0.0,0.04169034957885742
1778643853.5346365,328.988196849823,6580,0.0,0.0,0.05254173278808594
1778643853.587463,329.04102325439453,6581,0.0,0.0,0.0528264045715332
1778643853.6406484,329.0942087173462,6582,0.0,0.0,0.053185462951660156
1778643853.6825094,329.1360697746277,6583,0.0,0.0,0.04186105728149414
1778643853.7357187,329.18927907943726,6584,0.0,0.0,0.05320930480957031
1778643853.7887979,329.24235820770264,6585,0.3,0.0,0.05307912826538086
1778643853.8437207,329.2972810268402,6586,0.3,0.0,0.05492281913757324
1778643853.8888345,329.3423948287964,6587,0.3,0.0,0.04511380195617676
1778643853.9403698,329.3939301967621,6588,0.3,0.0,0.05153536796569824
1778643853.9821143,329.4356746673584,6589,0.3,0.0,0.04174447059631348
1778643854.0348523,329.4884126186371,6590,0.3,0.0,0.05273795127868652
1778643854.0876672,329.5412275791168,6591,0.3,0.0,0.05281496047973633
1778643854.1399283,329.5934886932373,6592,0.3,0.0,0.0522611141204834
1778643854.1818647,329.6354250907898,6593,0.3,0.0,0.041936397552490234
1778643854.234399,329.68795943260193,6594,0.3,0.0,0.05253434181213379
1778643854.2868593,329.74041962623596,6595,0.3,0.0,0.0524601936340332
1778643854.340019,329.7935793399811,6596,0.3,0.0,0.05315971374511719
1778643854.3820446,329.83560490608215,6597,0.3,0.0,0.04202556610107422
1778643854.4349008,329.8884611129761,6598,0.3,0.0,0.0528562068939209
1778643854.487975,329.9415352344513,6599,0.3,0.0,0.05307412147521973
1778643854.5410018,329.99456214904785,6600,0.3,0.0,0.05302691459655762
1778643854.585101,330.0386612415314,6601,0.3,0.0,0.04409909248352051
1778643854.6366267,330.0901870727539,6602,0.3,0.0,0.05152583122253418
1778643854.6894305,330.1429908275604,6603,0.3,0.0,0.052803754806518555
1778643854.7420027,330.19556307792664,6604,0.0,0.0,0.05257225036621094
1778643854.784212,330.2377724647522,6605,0.0,0.0,0.04220938682556152
1778643854.8367167,330.29027700424194,6606,0.0,0.0,0.052504539489746094
1778643854.8892884,330.342848777771,6607,0.0,0.0,0.052571773529052734
1778643854.9419954,330.3955557346344,6608,-0.3,0.0,0.05270695686340332
1778643854.984116,330.43767642974854,6609,-0.3,0.0,0.04212069511413574
1778643855.0368319,330.49039220809937,6610,-0.3,0.0,0.05271577835083008
1778643855.0890145,330.5425748825073,6611,-0.3,0.0,0.052182674407958984
1778643855.1413798,330.5949401855469,6612,0.0,0.0,0.05236530303955078
1778643855.183322,330.63688230514526,6613,0.0,0.0,0.04194211959838867
1778643855.2359278,330.6894881725311,6614,0.0,0.0,0.05260586738586426
1778643855.2889009,330.7424612045288,6615,0.0,0.0,0.052973031997680664
1778643855.3419542,330.79551458358765,6616,0.0,0.0,0.05305337905883789
1778643855.3828,330.8363604545593,6617,0.0,0.0,0.04084587097167969
1778643855.4373448,330.89090514183044,6618,0.0,0.0,0.054544687271118164
1778643855.4895074,330.94306778907776,6619,-0.3,0.0,0.05216264724731445
1778643855.5425153,330.996075630188,6620,-0.3,0.0,0.05300784111022949
1778643855.5841508,331.03771114349365,6621,-0.3,0.0,0.04163551330566406
1778643855.636869,331.0904293060303,6622,-0.3,0.0,0.052718162536621094
1778643855.6904132,331.1439735889435,6623,-0.3,0.0,0.05354428291320801
1778643855.7422938,331.1958541870117,6624,-0.3,0.0,0.051880598068237305
1778643855.7848427,331.2384030818939,6625,-0.3,0.0,0.04254889488220215
1778643855.8424828,331.2960431575775,6626,-0.3,0.0,0.05764007568359375
1778643855.8824053,331.33596563339233,6627,-0.3,0.0,0.039922475814819336
1778643855.9350843,331.388644695282,6628,-0.3,0.0,0.05267906188964844
1778643855.9873874,331.4409477710724,6629,-0.3,0.0,0.05230307579040527
1778643856.0389094,331.49246978759766,6630,-0.3,0.0,0.051522016525268555
1778643856.0915058,331.54506611824036,6631,-0.3,0.0,0.052596330642700195
1778643856.135822,331.58938241004944,6632,-0.3,0.0,0.04431629180908203
1778643856.1882784,331.6418387889862,6633,-0.3,0.0,0.05245637893676758
1778643856.2401528,331.6937131881714,6634,-0.3,0.0,0.051874399185180664
1778643856.2818651,331.7354254722595,6635,-0.3,0.0,0.041712284088134766
1778643856.3343377,331.78789806365967,6636,-0.3,0.0,0.052472591400146484
1778643856.3868554,331.84041571617126,6637,-0.3,0.0,0.05251765251159668
1778643856.4395244,331.8930847644806,6638,-0.3,0.0,0.05266904830932617
1778643856.4920855,331.9456458091736,6639,-0.3,0.0,0.052561044692993164
1778643856.5343585,331.98791885375977,6640,-0.3,0.0,0.04227304458618164
1778643856.5872211,332.0407814979553,6641,-0.3,0.0,0.05286264419555664
1778643856.6396725,332.09323287010193,6642,-0.3,0.0,0.052451372146606445
1778643856.682011,332.1355712413788,6643,-0.3,0.0,0.04233837127685547
1778643856.7353446,332.18890500068665,6644,-0.3,0.0,0.05333375930786133
1778643856.7878892,332.2414495944977,6645,-0.3,0.0,0.052544593811035156
1778643856.8402026,332.293762922287,6646,-0.3,0.0,0.05231332778930664
1778643856.8825207,332.3360810279846,6647,-0.3,0.0,0.042318105697631836
1778643856.935116,332.388676404953,6648,-0.3,0.0,0.05259537696838379
1778643856.9878428,332.4414031505585,6649,-0.3,0.0,0.05272674560546875
1778643857.0416486,332.49520897865295,6650,-0.3,0.0,0.05380582809448242
1778643857.0832908,332.53685116767883,6651,-0.3,0.0,0.041642189025878906
1778643857.1365275,332.590087890625,6652,0.0,0.0,0.05323672294616699
1778643857.1886077,332.64216804504395,6653,0.0,0.0,0.05208015441894531
1778643857.2415488,332.695109128952,6654,0.0,0.0,0.052941083908081055
1778643857.2837865,332.7373468875885,6655,0.0,0.0,0.04223775863647461
1778643857.3374224,332.7909827232361,6656,0.0,0.0,0.05363583564758301
1778643857.3906069,332.8441672325134,6657,0.0,0.0,0.05318450927734375
1778643857.4321837,332.88574409484863,6658,0.0,0.0,0.04157686233520508
1778643857.4857125,332.9392728805542,6659,0.0,0.0,0.053528785705566406
1778643857.5367851,332.99034547805786,6660,0.0,0.0,0.05107259750366211
1778643857.5900152,333.0435755252838,6661,0.0,0.0,0.05323004722595215
1778643857.6318595,333.08541989326477,6662,0.0,0.0,0.04184436798095703
1778643857.6847277,333.13828802108765,6663,0.0,0.0,0.05286812782287598
1778643857.7382872,333.1918475627899,6664,0.0,0.0,0.05355954170227051
1778643857.7903078,333.2438681125641,6665,0.0,0.0,0.05202054977416992
1778643857.831844,333.28540444374084,6666,0.0,0.0,0.04153633117675781
1778643857.8837168,333.337277173996,6667,0.0,0.0,0.05187273025512695
1778643857.9364648,333.390025138855,6668,0.0,0.0,0.05274796485900879
1778643857.9905932,333.444153547287,6669,0.0,0.0,0.054128408432006836
1778643858.0319324,333.4854927062988,6670,0.0,0.0,0.04133915901184082
1778643858.0842035,333.53776383399963,6671,0.0,0.0,0.052271127700805664
1778643858.1362913,333.5898516178131,6672,0.0,0.0,0.05208778381347656
1778643858.189405,333.64296531677246,6673,0.0,0.0,0.053113698959350586
1778643858.2423785,333.6959388256073,6674,0.0,0.0,0.05297350883483887
1778643858.2842667,333.7378270626068,6675,0.0,0.0,0.04188823699951172
1778643858.3369079,333.7904682159424,6676,0.0,0.0,0.05264115333557129
1778643858.3908198,333.84438014030457,6677,0.0,0.0,0.05391192436218262
1778643858.4325056,333.8860659599304,6678,0.0,-1.0,0.04168581962585449
1778643858.485256,333.9388163089752,6679,0.0,-1.0,0.052750349044799805
1778643858.537952,333.991512298584,6680,0.0,-1.0,0.05269598960876465
1778643858.5915613,334.0451216697693,6681,0.0,-1.0,0.053609371185302734
1778643858.63306,334.08662033081055,6682,0.0,0.0,0.041498661041259766
1778643858.6856396,334.1391999721527,6683,0.0,0.0,0.052579641342163086
1778643858.738197,334.191757440567,6684,0.0,0.0,0.05255746841430664
1778643858.7906783,334.244238615036,6685,0.0,0.0,0.05248117446899414
1778643858.8331356,334.28669595718384,6686,0.0,0.0,0.04245734214782715
1778643858.8867514,334.3403117656708,6687,0.0,0.0,0.05361580848693848
1778643858.9396846,334.39324498176575,6688,0.0,-1.0,0.0529332160949707
1778643858.9823868,334.4359471797943,6689,0.0,-1.0,0.04270219802856445
1778643859.034659,334.48821926116943,6690,0.0,-1.0,0.05227208137512207
1778643859.0870912,334.5406515598297,6691,0.0,-1.0,0.05243229866027832
1778643859.1392617,334.59282207489014,6692,0.0,-1.0,0.052170515060424805
1778643859.1920173,334.6455776691437,6693,0.0,-1.0,0.05275559425354004
1778643859.2344346,334.6879949569702,6694,0.0,-1.0,0.042417287826538086
1778643859.287661,334.7412214279175,6695,0.0,-1.0,0.053226470947265625
1778643859.3393426,334.79290294647217,6696,0.0,-1.0,0.0516815185546875
1778643859.3923187,334.8458790779114,6697,0.0,-1.0,0.052976131439208984
1778643859.4345646,334.88812494277954,6698,0.0,-1.0,0.04224586486816406
1778643859.4867616,334.94032192230225,6699,0.0,-1.0,0.05219697952270508
1778643859.539498,334.99305844306946,6700,0.0,-1.0,0.052736520767211914
1778643859.5958273,335.04938769340515,6701,0.0,-1.0,0.05632925033569336
1778643859.6356893,335.0892496109009,6702,0.0,-1.0,0.03986191749572754
1778643859.6913223,335.1448826789856,6703,0.0,-1.0,0.0556330680847168
1778643859.7320368,335.1855971813202,6704,0.0,-1.0,0.04071450233459473
1778643859.7842882,335.23784852027893,6705,0.0,-1.0,0.052251338958740234
1778643859.8377957,335.29135608673096,6706,0.0,-1.0,0.05350756645202637
1778643859.8904133,335.3439736366272,6707,0.0,-1.0,0.052617549896240234
1778643859.9330175,335.38657784461975,6708,0.0,-1.0,0.04260420799255371
1778643859.9862943,335.4398546218872,6709,0.0,-1.0,0.053276777267456055
1778643860.0386436,335.49220395088196,6710,0.0,-1.0,0.05234932899475098
1778643860.0858233,335.53938364982605,6711,0.0,-1.0,0.0471796989440918
1778643860.139504,335.5930643081665,6712,0.0,-1.0,0.0536806583404541
1778643860.1820343,335.63559460639954,6713,0.0,-1.0,0.04253029823303223
1778643860.2343686,335.6879289150238,6714,0.0,-1.0,0.05233430862426758
1778643860.286934,335.7404942512512,6715,0.0,-1.0,0.05256533622741699
1778643860.339506,335.79306626319885,6716,0.0,-1.0,0.052572011947631836
1778643860.3920343,335.8455946445465,6717,0.0,-1.0,0.05252838134765625
1778643860.4339955,335.8875558376312,6718,0.0,0.0,0.0419611930847168
1778643860.4864502,335.94001054763794,6719,0.0,0.0,0.05245471000671387
1778643860.5390282,335.99258852005005,6720,0.0,0.0,0.052577972412109375
1778643860.5921938,336.04575419425964,6721,0.0,0.0,0.05316567420959473
1778643860.634474,336.0880343914032,6722,0.0,0.0,0.04228019714355469
1778643860.6882603,336.1418206691742,6723,0.0,0.0,0.053786277770996094
1778643860.7389715,336.19253182411194,6724,0.0,0.0,0.05071115493774414
1778643860.7915194,336.2450797557831,6725,0.0,0.0,0.05254793167114258
1778643860.833879,336.2874393463135,6726,0.0,0.0,0.04235959053039551
1778643860.88649,336.3400504589081,6727,0.0,0.0,0.05261111259460449
1778643860.9395163,336.3930766582489,6728,0.0,0.0,0.05302619934082031
1778643860.992397,336.44595742225647,6729,0.0,0.0,0.05288076400756836
1778643861.0339289,336.4874892234802,6730,0.0,0.0,0.04153180122375488
1778643861.0876877,336.5412480831146,6731,0.0,0.0,0.053758859634399414
1778643861.1392531,336.5928134918213,6732,0.0,0.0,0.05156540870666504
1778643861.1916428,336.6452031135559,6733,0.0,0.0,0.05238962173461914
1778643861.2340963,336.68765664100647,6734,0.0,0.0,0.04245352745056152
1778643861.2870157,336.74057602882385,6735,0.0,0.0,0.05291938781738281
1778643861.3390336,336.79259395599365,6736,0.0,0.0,0.052017927169799805
1778643861.3915813,336.8451416492462,6737,0.0,0.0,0.05254769325256348
1778643861.4332314,336.8867917060852,6738,0.0,0.0,0.04165005683898926
1778643861.4859712,336.9395315647125,6739,0.0,0.0,0.052739858627319336
1778643861.5385923,336.99215269088745,6740,0.0,0.0,0.05262112617492676
1778643861.5910966,337.0446569919586,6741,0.0,0.0,0.05250430107116699
1778643861.633215,337.08677530288696,6742,0.0,0.0,0.04211831092834473
1778643861.6858964,337.1394567489624,6743,0.0,0.0,0.05268144607543945
1778643861.7387514,337.1923117637634,6744,0.0,0.0,0.05285501480102539
1778643861.7916846,337.2452449798584,6745,0.0,0.0,0.0529332160949707
1778643861.8330631,337.2866234779358,6746,0.0,0.0,0.04137849807739258
1778643861.8854928,337.3390531539917,6747,0.0,0.0,0.0524296760559082
1778643861.938557,337.3921172618866,6748,0.0,0.0,0.05306410789489746
1778643861.9914865,337.4450469017029,6749,0.0,0.0,0.05292963981628418
1778643862.032899,337.4864592552185,6750,0.0,0.0,0.041412353515625
1778643862.0853727,337.53893303871155,6751,0.0,0.0,0.05247378349304199
1778643862.137897,337.59145736694336,6752,0.0,0.0,0.05252432823181152
1778643862.1905289,337.64408922195435,6753,0.0,0.0,0.05263185501098633
1778643862.233634,337.6871943473816,6754,0.0,0.0,0.043105125427246094
1778643862.2856023,337.73916268348694,6755,0.0,0.0,0.05196833610534668
1778643862.3382137,337.7917740345001,6756,0.0,0.0,0.052611351013183594
1778643862.3907456,337.84430599212646,6757,0.0,0.0,0.05253195762634277
1778643862.433238,337.8867983818054,6758,0.0,0.0,0.04249238967895508
1778643862.4863179,337.93987822532654,6759,0.0,0.0,0.053079843521118164
1778643862.539653,337.9932134151459,6760,0.3,0.0,0.05333518981933594
1778643862.5916557,338.0452160835266,6761,0.3,0.0,0.052002668380737305
1778643862.6339087,338.08746910095215,6762,0.3,0.0,0.04225301742553711
1778643862.6857142,338.13927459716797,6763,0.0,0.0,0.05180549621582031
1778643862.7384264,338.1919867992401,6764,0.0,0.0,0.052712202072143555
1778643862.7909868,338.24454712867737,6765,0.0,0.0,0.05256032943725586
1778643862.8330708,338.2866311073303,6766,0.0,0.0,0.0420839786529541
1778643862.886028,338.3395884037018,6767,0.0,0.0,0.05295729637145996
1778643862.9388933,338.3924536705017,6768,0.0,0.0,0.05286526679992676
1778643862.9919739,338.44553422927856,6769,0.3,0.0,0.05308055877685547
1778643863.0335214,338.48708176612854,6770,0.3,0.0,0.041547536849975586
1778643863.0860326,338.5395929813385,6771,0.3,0.0,0.05251121520996094
1778643863.1389148,338.59247517585754,6772,0.3,0.0,0.05288219451904297
1778643863.191757,338.6453173160553,6773,0.3,0.0,0.052842140197753906
1778643863.2335708,338.68713116645813,6774,0.3,0.0,0.04181385040283203
1778643863.286067,338.7396273612976,6775,0.0,0.0,0.05249619483947754
1778643863.3391073,338.7926676273346,6776,0.0,0.0,0.053040266036987305
1778643863.3933907,338.846951007843,6777,0.0,0.0,0.05428338050842285
1778643863.4342139,338.8877742290497,6778,0.0,0.0,0.04082322120666504
1778643863.4866493,338.9402096271515,6779,0.0,0.0,0.05243539810180664
1778643863.5391185,338.9926788806915,6780,0.0,0.0,0.05246925354003906
1778643863.592524,339.0460844039917,6781,0.0,0.0,0.0534055233001709
1778643863.633953,339.08751344680786,6782,0.0,0.0,0.04142904281616211
1778643863.6879916,339.14155197143555,6783,0.0,0.0,0.05403852462768555
1778643863.739914,339.1934742927551,6784,0.0,0.0,0.05192232131958008
1778643863.7824328,339.23599314689636,6785,0.0,0.0,0.04251885414123535
1778643863.8355627,339.2891230583191,6786,0.0,0.0,0.05312991142272949
1778643863.8884757,339.34203600883484,6787,0.0,0.0,0.05291295051574707
1778643863.9407334,339.3942937850952,6788,0.0,0.0,0.05225777626037598
1778643863.9827092,339.43626952171326,6789,0.0,0.0,0.04197573661804199
1778643864.0396085,339.4931688308716,6790,0.0,0.0,0.056899309158325195
1778643864.0920467,339.54560708999634,6791,0.0,0.0,0.05243825912475586
1778643864.134326,339.5878863334656,6792,0.0,0.0,0.04227924346923828
1778643864.186947,339.6405074596405,6793,0.0,0.0,0.05262112617492676
1778643864.2404659,339.69402623176575,6794,0.0,0.0,0.05351877212524414
1778643864.282413,339.7359733581543,6795,0.0,0.0,0.041947126388549805
1778643864.335337,339.7888972759247,6796,0.0,0.0,0.05292391777038574
1778643864.3883297,339.84189009666443,6797,0.0,0.0,0.052992820739746094
1778643864.4409351,339.89449548721313,6798,-0.3,0.0,0.052605390548706055
1778643864.4830594,339.93661975860596,6799,-0.3,0.0,0.042124271392822266
1778643864.536073,339.9896333217621,6800,-0.3,0.0,0.05301356315612793
1778643864.588709,340.0422694683075,6801,0.0,0.0,0.052636146545410156
1778643864.6414728,340.0950331687927,6802,0.0,0.0,0.05276370048522949
1778643864.6835198,340.1370801925659,6803,0.0,0.0,0.04204702377319336
1778643864.735319,340.1888792514801,6804,0.0,0.0,0.05179905891418457
1778643864.7883453,340.2419056892395,6805,0.0,0.0,0.053026437759399414
1778643864.8412058,340.29476618766785,6806,0.0,0.0,0.05286049842834473
1778643864.8831651,340.33672547340393,6807,0.0,0.0,0.041959285736083984
1778643864.9371724,340.39073276519775,6808,-0.3,0.0,0.05400729179382324
1778643864.99056,340.4441204071045,6809,-0.3,0.0,0.05338764190673828
1778643865.0321772,340.48573756217957,6810,-0.3,0.0,0.04161715507507324
1778643865.0851216,340.53868198394775,6811,-0.3,0.0,0.05294442176818848
1778643865.1373541,340.59091448783875,6812,-0.3,0.0,0.05223250389099121
1778643865.1901937,340.64375400543213,6813,-0.3,0.0,0.05283951759338379
1778643865.2326508,340.6862111091614,6814,-0.3,0.0,0.04245710372924805
1778643865.288414,340.7419743537903,6815,-0.3,0.0,0.05576324462890625
1778643865.3409016,340.7944619655609,6816,-0.3,0.0,0.05248761177062988
1778643865.3830676,340.8366279602051,6817,-0.3,0.0,0.04216599464416504
1778643865.4354715,340.88903188705444,6818,-0.3,0.0,0.052403926849365234
1778643865.4875696,340.9411299228668,6819,-0.3,0.0,0.05209803581237793
1778643865.540177,340.99373745918274,6820,-0.3,0.0,0.05260753631591797
1778643865.582086,341.03564643859863,6821,-0.3,0.0,0.041908979415893555
1778643865.6347313,341.08829164505005,6822,-0.3,0.0,0.052645206451416016
1778643865.6869073,341.1404676437378,6823,-0.3,0.0,0.05217599868774414
1778643865.7398548,341.1934151649475,6824,0.0,0.0,0.0529475212097168
1778643865.782522,341.23608231544495,6825,0.0,0.0,0.04266715049743652
1778643865.8354259,341.2889862060547,6826,0.0,0.0,0.05290389060974121
1778643865.8882732,341.3418335914612,6827,0.0,0.0,0.05284738540649414
1778643865.940061,341.39362144470215,6828,0.0,0.0,0.0517878532409668
1778643865.9820857,341.4356460571289,6829,0.0,0.0,0.04202461242675781
1778643866.035116,341.48867630958557,6830,0.0,0.0,0.05303025245666504
1778643866.0878198,341.54138016700745,6831,0.0,0.0,0.052703857421875
1778643866.1404443,341.5940046310425,6832,0.0,0.0,0.05262446403503418
1778643866.1826851,341.6362454891205,6833,0.0,0.0,0.04224085807800293
1778643866.2358007,341.68936109542847,6834,0.0,0.0,0.0531156063079834
1778643866.2881007,341.74166107177734,6835,0.0,0.0,0.05229997634887695
1778643866.3407037,341.79426407814026,6836,0.0,0.0,0.05260300636291504
1778643866.383377,341.83693742752075,6837,0.0,0.0,0.042673349380493164
1778643866.4363368,341.889897108078,6838,0.0,0.0,0.05295968055725098
1778643866.4895043,341.94306468963623,6839,0.0,0.0,0.05316758155822754
1778643866.542125,341.995685338974,6840,0.0,0.0,0.052620649337768555
1778643866.5840893,342.03764963150024,6841,0.0,0.0,0.04196429252624512
1778643866.6370115,342.0905718803406,6842,0.0,0.0,0.05292224884033203
1778643866.6898243,342.1433846950531,6843,0.0,0.0,0.052812814712524414
1778643866.732386,342.1859464645386,6844,0.0,0.0,0.04256176948547363
1778643866.7867029,342.24026322364807,6845,0.0,0.0,0.05431675910949707
1778643866.8387485,342.29230880737305,6846,0.0,0.0,0.052045583724975586
1778643866.8916,342.3451602458954,6847,0.0,0.0,0.05285143852233887
1778643866.9339316,342.387491941452,6848,0.0,0.0,0.042331695556640625
1778643866.9863687,342.4399290084839,6849,0.0,0.0,0.05243706703186035
1778643867.0393908,342.49295115470886,6850,0.0,0.0,0.053022146224975586
1778643867.0921977,342.5457580089569,6851,0.0,0.0,0.052806854248046875
1778643867.1358886,342.589448928833,6852,0.0,0.0,0.04369091987609863
1778643867.1868002,342.6403605937958,6853,0.0,0.0,0.050911664962768555
1778643867.2396748,342.6932351589203,6854,0.0,0.0,0.05287456512451172
1778643867.2821558,342.73571610450745,6855,0.0,0.0,0.0424809455871582
1778643867.3347888,342.7883491516113,6856,0.0,0.0,0.052633047103881836
1778643867.3885958,342.8421561717987,6857,0.0,0.0,0.05380702018737793
1778643867.4415228,342.8950831890106,6858,0.0,0.0,0.05292701721191406
1778643867.484282,342.9378423690796,6859,0.0,0.0,0.04275918006896973
1778643867.537091,342.99065136909485,6860,0.0,0.0,0.05280900001525879
1778643867.5898492,343.04340958595276,6861,0.0,0.0,0.052758216857910156
1778643867.6319468,343.0855071544647,6862,0.0,0.0,0.04209756851196289
1778643867.6853726,343.1389329433441,6863,0.0,0.0,0.05342578887939453
1778643867.738134,343.19169425964355,6864,0.0,0.0,0.05276131629943848
1778643867.7912533,343.2448136806488,6865,0.0,0.0,0.05311942100524902
1778643867.8335521,343.2871124744415,6866,0.0,0.0,0.04229879379272461
1778643867.886799,343.3403594493866,6867,0.0,0.0,0.05324697494506836
1778643867.939306,343.39286637306213,6868,0.0,0.0,0.05250692367553711
1778643867.9923787,343.4459390640259,6869,0.0,0.0,0.05307269096374512
1778643868.0349524,343.4885127544403,6870,0.0,0.0,0.04257369041442871
1778643868.087687,343.5412473678589,6871,0.0,0.0,0.0527346134185791
1778643868.140845,343.59440541267395,6872,0.0,0.0,0.05315804481506348
1778643868.1835568,343.6371171474457,6873,0.0,0.0,0.042711734771728516
1778643868.23709,343.69065046310425,6874,0.0,0.0,0.053533315658569336
1778643868.2896168,343.74317717552185,6875,0.0,0.0,0.05252671241760254
1778643868.3423257,343.7958860397339,6876,0.0,0.0,0.05270886421203613
1778643868.3843007,343.8378610610962,6877,0.0,0.0,0.04197502136230469
1778643868.4371753,343.8907356262207,6878,0.0,0.0,0.05287456512451172
1778643868.4895637,343.9431240558624,6879,0.0,0.0,0.05238842964172363
1778643868.5321167,343.9856770038605,6880,0.0,0.0,0.042552947998046875
1778643868.5847647,344.03832507133484,6881,0.0,0.0,0.052648067474365234
1778643868.637815,344.09137535095215,6882,0.0,0.0,0.05305027961730957
1778643868.690224,344.1437842845917,6883,0.0,0.0,0.05240893363952637
1778643868.732586,344.18614625930786,6884,0.0,0.0,0.04236197471618652
1778643868.7861664,344.2397267818451,6885,0.0,0.0,0.053580522537231445
1778643868.8384085,344.29196882247925,6886,0.0,0.0,0.05224204063415527
1778643868.8906205,344.34418082237244,6887,0.0,0.0,0.05221199989318848
1778643868.9327216,344.3862819671631,6888,0.0,0.0,0.042101144790649414
1778643868.9847126,344.43827295303345,6889,0.0,0.0,0.05199098587036133
1778643869.0408547,344.49441504478455,6890,0.0,0.0,0.05614209175109863
1778643869.0912392,344.5447995662689,6891,0.0,0.0,0.050384521484375
1778643869.1330638,344.5866241455078,6892,0.0,0.0,0.0418245792388916
1778643869.1873643,344.64092469215393,6893,0.0,0.0,0.054300546646118164
1778643869.23984,344.6934003829956,6894,0.0,0.0,0.052475690841674805
1778643869.2921176,344.74567794799805,6895,0.0,0.0,0.052277565002441406
1778643869.3356519,344.7892122268677,6896,0.0,0.0,0.043534278869628906
1778643869.3870604,344.8406207561493,6897,0.0,0.0,0.05140852928161621
1778643869.4399219,344.89348220825195,6898,0.0,0.0,0.05286145210266113
1778643869.4823725,344.93593287467957,6899,0.0,0.0,0.042450666427612305
1778643869.5347426,344.9883029460907,6900,0.0,0.0,0.05237007141113281
1778643869.5872085,345.04076886177063,6901,0.0,0.0,0.05246591567993164
1778643869.6406376,345.09419798851013,6902,0.0,0.0,0.05342912673950195
1778643869.682295,345.1358554363251,6903,0.0,0.0,0.041657447814941406
1778643869.735328,345.1888883113861,6904,0.0,0.0,0.053032875061035156
1778643869.7887297,345.242290019989,6905,0.0,0.0,0.05340170860290527
1778643869.8410451,345.29460549354553,6906,0.0,0.0,0.052315473556518555
1778643869.883417,345.33697724342346,6907,0.0,0.0,0.04237174987792969
1778643869.9367096,345.3902699947357,6908,0.0,0.0,0.05329275131225586
1778643869.9893353,345.44289565086365,6909,0.0,0.0,0.05262565612792969
1778643870.0418372,345.495397567749,6910,0.0,0.0,0.05250191688537598
1778643870.0842018,345.5377621650696,6911,0.0,0.0,0.04236459732055664
1778643870.1371536,345.5907139778137,6912,0.0,0.0,0.052951812744140625
1778643870.190278,345.64383840560913,6913,0.0,0.0,0.053124427795410156
1778643870.2326274,345.6861877441406,6914,0.0,0.0,0.04234933853149414
1778643870.2855308,345.7390911579132,6915,0.0,0.0,0.05290341377258301
1778643870.3388636,345.79242396354675,6916,0.0,0.0,0.05333280563354492
1778643870.3916585,345.84521889686584,6917,0.0,0.0,0.0527949333190918
1778643870.4340093,345.8875696659088,6918,0.0,0.0,0.04235076904296875
1778643870.4874458,345.94100618362427,6919,0.0,0.0,0.0534365177154541
1778643870.5396924,345.9932527542114,6920,0.0,0.0,0.0522465705871582
1778643870.5922434,346.0458037853241,6921,0.0,0.0,0.0525510311126709
1778643870.6342204,346.08778071403503,6922,0.0,0.0,0.0419769287109375
1778643870.686762,346.1403224468231,6923,0.0,0.0,0.05254173278808594
1778643870.7395928,346.1931531429291,6924,0.0,0.0,0.05283069610595703
1778643870.7819052,346.2354655265808,6925,0.0,0.0,0.0423123836517334
1778643870.8346138,346.28817415237427,6926,0.0,0.0,0.05270862579345703
1778643870.8877778,346.3413381576538,6927,0.0,0.0,0.053164005279541016
1778643870.9402313,346.3937916755676,6928,0.0,0.0,0.05245351791381836
1778643870.9825232,346.43608355522156,6929,0.0,0.0,0.042291879653930664
1778643871.0364108,346.4899711608887,6930,0.0,0.0,0.05388760566711426
1778643871.0878632,346.54142355918884,6931,0.0,0.0,0.0514523983001709
1778643871.1412818,346.59484219551086,6932,0.0,0.0,0.053418636322021484
1778643871.182844,346.63640427589417,6933,0.0,0.0,0.04156208038330078
1778643871.2356062,346.6891665458679,6934,0.0,0.0,0.05276226997375488
1778643871.2882936,346.74185395240784,6935,0.0,0.0,0.05268740653991699
1778643871.341479,346.7950394153595,6936,0.0,0.0,0.053185462951660156
1778643871.3835719,346.8371322154999,6937,0.0,0.0,0.04209280014038086
1778643871.4362745,346.88983488082886,6938,0.0,0.0,0.05270266532897949
1778643871.488759,346.94231939315796,6939,0.0,0.0,0.05248451232910156
1778643871.5414708,346.99503111839294,6940,0.0,0.0,0.05271172523498535
1778643871.583637,347.0371973514557,6941,0.0,0.0,0.04216623306274414
1778643871.636421,347.08998131752014,6942,0.0,0.0,0.052783966064453125
1778643871.690535,347.1440954208374,6943,0.0,0.0,0.05411410331726074
1778643871.7416558,347.19521617889404,6944,0.0,0.0,0.051120758056640625
1778643871.7836783,347.2372386455536,6945,0.0,0.0,0.0420224666595459
1778643871.8357556,347.2893159389496,6946,0.0,0.0,0.052077293395996094
1778643871.8889155,347.3424758911133,6947,0.0,0.0,0.05315995216369629
1778643871.9415946,347.39515495300293,6948,0.0,0.0,0.05267906188964844
1778643871.984416,347.43797636032104,6949,0.0,0.0,0.042821407318115234
1778643872.0364573,347.4900176525116,6950,0.0,0.0,0.05204129219055176
1778643872.0892248,347.5427851676941,6951,0.0,0.0,0.05276751518249512
1778643872.1418748,347.5954351425171,6952,0.0,0.0,0.05264997482299805
1778643872.184773,347.6383333206177,6953,0.0,0.0,0.04289817810058594
1778643872.2378583,347.6914186477661,6954,0.0,0.0,0.0530853271484375
1778643872.2907078,347.7442681789398,6955,0.0,0.0,0.052849531173706055
1778643872.3327663,347.7863266468048,6956,0.0,0.0,0.042058467864990234
1778643872.386119,347.8396792411804,6957,0.0,0.0,0.05335259437561035
1778643872.439176,347.8927364349365,6958,0.0,0.0,0.053057193756103516
1778643872.492128,347.94568824768066,6959,0.0,0.0,0.052951812744140625
1778643872.5343955,347.9879558086395,6960,0.0,0.0,0.042267560958862305
1778643872.5874798,348.04104018211365,6961,0.0,0.0,0.053084373474121094
1778643872.64057,348.09413027763367,6962,0.0,0.0,0.05309009552001953
1778643872.6828024,348.1363627910614,6963,0.0,0.0,0.042232513427734375
1778643872.7357953,348.18935561180115,6964,0.0,0.0,0.052992820739746094
1778643872.7888253,348.24238562583923,6965,0.0,0.0,0.05303001403808594
1778643872.8416386,348.2951989173889,6966,0.0,0.0,0.05281329154968262
1778643872.883404,348.3369643688202,6967,0.0,0.0,0.041765451431274414
1778643872.9377453,348.39130568504333,6968,0.0,0.0,0.05434131622314453
1778643872.9896283,348.44318866729736,6969,0.0,0.0,0.05188298225402832
1778643873.0420265,348.49558687210083,6970,0.0,0.0,0.0523982048034668
1778643873.0844433,348.5380036830902,6971,0.0,0.0,0.04241681098937988
1778643873.1377876,348.59134793281555,6972,0.0,0.0,0.0533442497253418
1778643873.1900098,348.64357018470764,6973,0.0,0.0,0.052222251892089844
1778643873.2319913,348.6855516433716,6974,0.0,0.0,0.04198145866394043
1778643873.2848008,348.738361120224,6975,0.0,0.0,0.05280947685241699
1778643873.337653,348.7912132740021,6976,0.0,0.0,0.05285215377807617
1778643873.3903902,348.843950510025,6977,0.0,0.0,0.05273723602294922
1778643873.4323845,348.88594484329224,6978,0.0,0.0,0.041994333267211914
1778643873.485048,348.93860840797424,6979,0.0,0.0,0.052663564682006836
1778643873.5407047,348.9942650794983,6980,0.0,0.0,0.05565667152404785
1778643873.590769,349.04432940483093,6981,0.0,0.0,0.0500643253326416
1778643873.632313,349.0858733654022,6982,0.0,0.0,0.04154396057128906
1778643873.6852117,349.1387720108032,6983,0.0,0.0,0.05289864540100098
1778643873.7380824,349.19164276123047,6984,0.0,0.0,0.052870750427246094
1778643873.7905023,349.24406266212463,6985,0.0,0.0,0.05241990089416504
1778643873.832578,349.2861382961273,6986,0.0,0.0,0.04207563400268555
1778643873.8852851,349.3388454914093,6987,0.0,0.0,0.05270719528198242
1778643873.9379146,349.3914749622345,6988,0.0,0.0,0.05262947082519531
1778643873.9903762,349.44393658638,6989,0.0,0.0,0.05246162414550781
1778643874.032712,349.4862723350525,6990,0.0,0.0,0.04233574867248535
1778643874.085133,349.53869342803955,6991,0.0,0.0,0.05242109298706055
1778643874.1377845,349.591344833374,6992,0.0,0.0,0.052651405334472656
1778643874.1906195,349.6441798210144,6993,0.0,0.0,0.05283498764038086
1778643874.2323043,349.68586468696594,6994,0.0,0.0,0.041684865951538086
1778643874.285898,349.739458322525,6995,0.0,0.0,0.05359363555908203
1778643874.3386028,349.7921631336212,6996,0.0,0.0,0.052704811096191406
1778643874.3915348,349.8450951576233,6997,0.0,0.0,0.052932024002075195
1778643874.433262,349.8868224620819,6998,0.0,0.0,0.041727304458618164
1778643874.4855175,349.9390778541565,6999,0.0,0.0,0.05225539207458496
1778643874.5382085,349.9917688369751,7000,0.0,0.0,0.052690982818603516
1778643874.590781,350.0443413257599,7001,0.0,0.0,0.05257248878479004
1778643874.6331234,350.0866837501526,7002,0.0,0.0,0.042342424392700195
1778643874.686035,350.13959527015686,7003,0.0,0.0,0.05291152000427246
1778643874.7390268,350.1925871372223,7004,0.0,0.0,0.05299186706542969
1778643874.7918448,350.24540519714355,7005,0.0,0.0,0.05281805992126465
1778643874.834213,350.2877733707428,7006,0.0,0.0,0.042368173599243164
1778643874.8872135,350.3407738208771,7007,0.0,0.0,0.053000450134277344
1778643874.9399576,350.3935179710388,7008,0.0,0.0,0.052744150161743164
1778643874.9821627,350.43572306632996,7009,0.0,0.0,0.042205095291137695
1778643875.0352337,350.48879408836365,7010,0.0,0.0,0.053071022033691406
1778643875.088489,350.542049407959,7011,0.0,0.0,0.053255319595336914
1778643875.1409562,350.5945165157318,7012,0.0,0.0,0.05246710777282715
1778643875.1834614,350.63702178001404,7013,0.0,0.0,0.04250526428222656
1778643875.2362568,350.6898171901703,7014,0.0,0.0,0.05279541015625
1778643875.2890782,350.74263858795166,7015,0.0,0.0,0.05282139778137207
1778643875.3418465,350.7954068183899,7016,0.0,0.0,0.05276823043823242
1778643875.384233,350.8377933502197,7017,0.0,0.0,0.042386531829833984
1778643875.4367976,350.8903579711914,7018,0.0,0.0,0.05256462097167969
1778643875.4899297,350.94349002838135,7019,0.0,0.0,0.053132057189941406
1778643875.5320942,350.98565459251404,7020,0.0,0.0,0.04216456413269043
1778643875.5848901,351.03845047950745,7021,0.0,0.0,0.0527958869934082
1778643875.6374857,351.0910460948944,7022,0.0,0.0,0.05259561538696289
1778643875.6898212,351.1433815956116,7023,0.0,0.0,0.052335500717163086
1778643875.7321303,351.1856906414032,7024,0.0,0.0,0.04230904579162598
1778643875.7876117,351.2411720752716,7025,0.0,0.0,0.0554814338684082
1778643875.8374815,351.2910418510437,7026,0.0,0.0,0.04986977577209473
1778643875.8900454,351.34360575675964,7027,0.0,0.0,0.05256390571594238
1778643875.9320323,351.3855926990509,7028,0.0,0.0,0.041986942291259766
1778643875.9849067,351.43846702575684,7029,0.0,0.0,0.05287432670593262
1778643876.037353,351.4909133911133,7030,0.0,0.0,0.05244636535644531
1778643876.090216,351.5437762737274,7031,0.0,0.0,0.05286288261413574
1778643876.1325898,351.58615016937256,7032,0.0,0.0,0.0423738956451416
1778643876.1868813,351.64044165611267,7033,0.0,0.0,0.054291486740112305
1778643876.2384214,351.69198179244995,7034,0.0,0.0,0.05154013633728027
1778643876.290831,351.7443914413452,7035,0.0,0.0,0.05240964889526367
1778643876.3327131,351.78627347946167,7036,0.0,0.0,0.04188203811645508
1778643876.3875976,351.841157913208,7037,0.0,0.0,0.05488443374633789
1778643876.4379492,351.89150953292847,7038,0.0,0.0,0.050351619720458984
1778643876.4898076,351.94336795806885,7039,0.0,0.0,0.05185842514038086
1778643876.5320442,351.9856045246124,7040,0.0,0.0,0.0422365665435791
1778643876.5845945,352.03815484046936,7041,0.0,0.0,0.052550315856933594
1778643876.6371229,352.090683221817,7042,0.0,0.0,0.05252838134765625
1778643876.6917446,352.1453049182892,7043,0.0,0.0,0.05462169647216797
1778643876.733513,352.187073469162,7044,0.0,0.0,0.041768550872802734
1778643876.7855635,352.23912382125854,7045,0.0,0.0,0.05205035209655762
1778643876.8382554,352.29181575775146,7046,0.0,0.0,0.05269193649291992
1778643876.892221,352.34578132629395,7047,0.0,0.0,0.05396556854248047
1778643876.9340255,352.3875858783722,7048,0.0,0.0,0.04180455207824707
1778643876.9876,352.44116044044495,7049,0.0,0.0,0.053574562072753906
1778643877.0386167,352.4921770095825,7050,0.0,0.0,0.05101656913757324
1778643877.0911252,352.5446856021881,7051,0.0,0.0,0.05250859260559082
1778643877.1336117,352.5871720314026,7052,0.0,0.0,0.04248642921447754
1778643877.1865783,352.64013862609863,7053,0.0,0.0,0.05296659469604492
1778643877.2390797,352.69264006614685,7054,0.0,0.0,0.05250144004821777
1778643877.2917502,352.74531054496765,7055,0.0,0.0,0.05267047882080078
1778643877.3342807,352.78784108161926,7056,0.0,0.0,0.04253053665161133
1778643877.386381,352.83994126319885,7057,0.0,0.0,0.052100181579589844
1778643877.4395573,352.8931176662445,7058,0.0,0.0,0.0531764030456543
1778643877.491564,352.9451243877411,7059,0.0,0.0,0.05200672149658203
1778643877.5340075,352.9875679016113,7060,0.0,0.0,0.04244351387023926
1778643877.587643,353.04120326042175,7061,0.0,0.0,0.053635358810424805
1778643877.6397278,353.0932881832123,7062,0.0,0.0,0.052084922790527344
1778643877.682021,353.1355812549591,7063,0.0,0.0,0.04229307174682617
1778643877.7349463,353.18850660324097,7064,0.0,0.0,0.05292534828186035
1778643877.7876632,353.2412235736847,7065,0.0,0.0,0.052716970443725586
1778643877.839796,353.2933564186096,7066,0.0,0.0,0.05213284492492676
1778643877.892097,353.3456573486328,7067,0.0,0.0,0.05230093002319336
1778643877.9339676,353.38752794265747,7068,0.0,0.0,0.0418705940246582
1778643877.9863105,353.4398708343506,7069,0.0,0.0,0.052342891693115234
1778643878.0406866,353.4942469596863,7070,0.0,0.0,0.05437612533569336
1778643878.08203,353.53559041023254,7071,0.0,0.0,0.04134345054626465
1778643878.134603,353.5881633758545,7072,0.0,0.0,0.05257296562194824
1778643878.1872504,353.6408107280731,7073,0.0,0.0,0.05264735221862793
1778643878.2396657,353.6932260990143,7074,0.0,0.0,0.05241537094116211
1778643878.2819977,353.7355580329895,7075,0.0,0.0,0.04233193397521973
1778643878.3354642,353.7890245914459,7076,0.0,0.0,0.0534665584564209
1778643878.3874853,353.84104561805725,7077,0.0,0.0,0.052021026611328125
1778643878.4400706,353.8936309814453,7078,0.0,0.0,0.05258536338806152
1778643878.4821923,353.93575263023376,7079,0.0,0.0,0.04212164878845215
1778643878.535468,353.9890284538269,7080,0.0,0.0,0.05327582359313965
1778643878.5885026,354.042062997818,7081,0.0,0.0,0.05303454399108887
1778643878.6408982,354.0944585800171,7082,0.0,0.0,0.05239558219909668
1778643878.6828165,354.13637685775757,7083,0.0,0.0,0.041918277740478516
1778643878.7365355,354.19009590148926,7084,0.0,0.0,0.05371904373168945
1778643878.7887373,354.24229764938354,7085,0.0,0.0,0.05220174789428711
1778643878.840893,354.29445338249207,7086,0.0,0.0,0.05215573310852051
1778643878.8830254,354.3365857601166,7087,0.0,0.0,0.04213237762451172
1778643878.9353812,354.38894152641296,7088,0.0,0.0,0.05235576629638672
1778643878.988377,354.44193744659424,7089,0.0,0.0,0.052995920181274414
1778643879.0417962,354.4953565597534,7090,0.0,0.0,0.05341911315917969
1778643879.084636,354.5381963253021,7091,0.0,0.0,0.042839765548706055
1778643879.137295,354.5908553600311,7092,0.0,0.0,0.052659034729003906
1778643879.1896875,354.6432478427887,7093,0.0,0.0,0.05239248275756836
1778643879.2322452,354.6858055591583,7094,0.0,0.0,0.042557716369628906
1778643879.285375,354.73893547058105,7095,0.0,0.0,0.05312991142272949
1778643879.337278,354.79083824157715,7096,0.0,0.0,0.05190277099609375
1778643879.3901224,354.8436827659607,7097,0.0,0.0,0.05284452438354492
1778643879.432074,354.88563442230225,7098,0.0,0.0,0.041951656341552734
1778643879.4847019,354.9382622241974,7099,0.0,0.0,0.0526278018951416
1778643879.5384774,354.9920377731323,7100,0.0,0.0,0.05377554893493652
1778643879.5894518,355.0430121421814,7101,0.0,0.0,0.050974369049072266
1778643879.642392,355.09595227241516,7102,0.0,0.0,0.05294013023376465
1778643879.685014,355.13857436180115,7103,0.0,0.0,0.04262208938598633
1778643879.7375062,355.1910665035248,7104,0.0,0.0,0.05249214172363281
1778643879.790093,355.2436532974243,7105,0.0,0.0,0.05258679389953613
1778643879.8323658,355.2859261035919,7106,0.0,0.0,0.04227280616760254
1778643879.8857148,355.33927512168884,7107,0.0,0.0,0.05334901809692383
1778643879.9401677,355.393728017807,7108,0.0,0.0,0.05445289611816406
1778643879.9824727,355.4360330104828,7109,0.0,0.0,0.04230499267578125
1778643880.0357077,355.4892680644989,7110,0.0,0.0,0.05323505401611328
1778643880.0875819,355.5411422252655,7111,0.0,0.0,0.05187416076660156
1778643880.1406002,355.5941605567932,7112,0.0,0.0,0.05301833152770996
1778643880.182921,355.6364812850952,7113,0.0,0.0,0.04232072830200195
1778643880.235857,355.68941736221313,7114,0.0,0.0,0.05293607711791992
1778643880.2891555,355.7427158355713,7115,0.0,0.0,0.0532984733581543
1778643880.3420913,355.79565167427063,7116,0.0,0.0,0.05293583869934082
1778643880.3842452,355.83780550956726,7117,0.0,0.0,0.04215383529663086
1778643880.4374213,355.89098167419434,7118,0.0,0.0,0.053176164627075195
1778643880.4899561,355.9435164928436,7119,0.0,0.0,0.05253481864929199
1778643880.53187,355.9854302406311,7120,0.0,0.0,0.041913747787475586
1778643880.5847716,356.03833198547363,7121,0.0,0.0,0.0529017448425293
1778643880.6371653,356.0907256603241,7122,0.0,0.0,0.05239367485046387
1778643880.690166,356.14372634887695,7123,0.0,0.0,0.053000688552856445
1778643880.7323241,356.185884475708,7124,0.0,0.0,0.04215812683105469
1778643880.7849245,356.23848485946655,7125,0.0,0.0,0.05260038375854492
1778643880.8376555,356.29121589660645,7126,0.0,0.0,0.05273103713989258
1778643880.8905632,356.34412360191345,7127,0.0,0.0,0.052907705307006836
1778643880.9325333,356.3860936164856,7128,0.0,0.0,0.041970014572143555
1778643880.9852736,356.4388339519501,7129,0.0,0.0,0.05274033546447754
1778643881.038508,356.49206829071045,7130,0.0,0.0,0.05323433876037598
1778643881.0906909,356.544251203537,7131,0.0,0.0,0.052182912826538086
1778643881.1324868,356.5860471725464,7132,0.0,0.0,0.041795969009399414
1778643881.1864834,356.64004373550415,7133,0.0,0.0,0.05399656295776367
1778643881.2375774,356.69113779067993,7134,0.0,0.0,0.05109405517578125
1778643881.2900333,356.74359369277954,7135,0.0,0.0,0.052455902099609375
1778643881.3322117,356.7857720851898,7136,0.0,0.0,0.04217839241027832
1778643881.384519,356.83807945251465,7137,0.0,0.0,0.0523073673248291
1778643881.4383097,356.89187002182007,7138,0.0,0.0,0.05379056930541992
1778643881.4910536,356.94461393356323,7139,0.0,0.0,0.05274391174316406
1778643881.5333571,356.98691749572754,7140,0.0,0.0,0.04230356216430664
1778643881.5861294,357.0396897792816,7141,0.0,0.0,0.05277228355407715
1778643881.6390042,357.0925645828247,7142,0.0,0.0,0.05287480354309082
1778643881.6917388,357.1452991962433,7143,0.0,0.0,0.0527346134185791
1778643881.7342844,357.1878447532654,7144,0.0,0.0,0.04254555702209473
1778643881.7869818,357.2405421733856,7145,0.0,0.0,0.05269742012023926
1778643881.8397317,357.29329204559326,7146,0.0,0.0,0.0527498722076416
1778643881.8925629,357.3461232185364,7147,0.0,0.0,0.052831172943115234
1778643881.9356408,357.3892011642456,7148,0.0,0.0,0.043077945709228516
1778643881.9877174,357.44127774238586,7149,0.0,0.0,0.05207657814025879
1778643882.0407486,357.49430894851685,7150,0.0,0.0,0.053031206130981445
1778643882.082973,357.5365333557129,7151,0.0,0.0,0.04222440719604492
1778643882.1359642,357.5895245075226,7152,0.0,0.0,0.05299115180969238
1778643882.1888137,357.6423740386963,7153,0.0,0.0,0.052849531173706055
1778643882.241696,357.69525623321533,7154,0.0,0.0,0.05288219451904297
1778643882.2842534,357.7378137111664,7155,0.0,0.0,0.042557477951049805
1778643882.3369346,357.79049491882324,7156,0.0,0.0,0.05268120765686035
1778643882.3897495,357.843309879303,7157,0.0,0.0,0.05281496047973633
1778643882.4323463,357.8859066963196,7158,0.0,0.0,0.04259681701660156
1778643882.4849083,357.9384686946869,7159,0.0,0.0,0.05256199836730957
1778643882.537666,357.99122643470764,7160,0.0,0.0,0.05275774002075195
1778643882.590357,358.04391741752625,7161,0.0,0.0,0.052690982818603516
1778643882.632688,358.08624839782715,7162,0.0,0.0,0.04233098030090332
1778643882.68646,358.1400203704834,7163,0.0,0.0,0.05377197265625
1778643882.7389383,358.19249868392944,7164,0.0,0.0,0.05247831344604492
1778643882.7920568,358.2456171512604,7165,0.0,0.0,0.05311846733093262
1778643882.834511,358.2880713939667,7166,0.0,0.0,0.04245424270629883
1778643882.8876436,358.3412039279938,7167,0.0,0.0,0.05313253402709961
1778643882.9406548,358.3942151069641,7168,0.0,0.0,0.053011178970336914
1778643882.9842238,358.4377841949463,7169,0.0,0.0,0.043569087982177734
1778643883.0362144,358.4897747039795,7170,0.0,0.0,0.051990509033203125
1778643883.088841,358.54240131378174,7171,0.0,0.0,0.052626609802246094
1778643883.1415963,358.5951566696167,7172,0.0,0.0,0.05275535583496094
1778643883.1839929,358.63755321502686,7173,0.0,0.0,0.04239654541015625
1778643883.236721,358.6902813911438,7174,0.0,0.0,0.05272817611694336
1778643883.2899253,358.7434856891632,7175,0.0,0.0,0.05320429801940918
1778643883.3416486,358.79520893096924,7176,0.0,0.0,0.05172324180603027
1778643883.3835824,358.83714270591736,7177,0.0,0.0,0.04193377494812012
1778643883.4363003,358.8898606300354,7178,0.0,0.0,0.05271792411804199
1778643883.4887352,358.94229555130005,7179,0.0,0.0,0.05243492126464844
1778643883.5415003,358.99506068229675,7180,0.0,0.0,0.0527651309967041
1778643883.5840573,359.03761768341064,7181,0.0,0.0,0.0425570011138916
1778643883.6367862,359.0903465747833,7182,0.0,0.0,0.052728891372680664
1778643883.6888223,359.14238262176514,7183,0.0,0.0,0.05203604698181152
1778643883.7415316,359.19509196281433,7184,0.0,0.0,0.052709341049194336
1778643883.7837868,359.2373471260071,7185,0.0,0.0,0.04225516319274902
1778643883.8361948,359.2897551059723,7186,0.0,0.0,0.05240797996520996
1778643883.8891556,359.34271597862244,7187,0.0,0.0,0.052960872650146484
1778643883.9416535,359.39521384239197,7188,0.0,0.0,0.05249786376953125
1778643883.983655,359.43721532821655,7189,0.0,0.0,0.04200148582458496
1778643884.0370524,359.49061274528503,7190,0.0,0.0,0.053397417068481445
1778643884.089695,359.5432553291321,7191,0.0,0.0,0.0526425838470459
1778643884.1421847,359.5957450866699,7192,0.0,0.0,0.0524897575378418
1778643884.1839976,359.63755798339844,7193,0.0,0.0,0.041812896728515625
1778643884.2364252,359.68998551368713,7194,0.0,0.0,0.05242753028869629
1778643884.2890158,359.74257612228394,7195,0.0,0.0,0.05259060859680176
1778643884.342291,359.7958514690399,7196,0.0,0.0,0.053275346755981445
1778643884.3856719,359.8392322063446,7197,0.0,0.0,0.0433807373046875
1778643884.4374566,359.89101696014404,7198,0.0,0.0,0.05178475379943848
1778643884.4897773,359.9433376789093,7199,0.0,0.0,0.05232071876525879
1778643884.532188,359.9857482910156,7200,0.0,0.0,0.04241061210632324
1778643884.5846486,360.0382089614868,7201,0.0,0.0,0.052460670471191406
1778643884.6372008,360.0907611846924,7202,0.0,0.0,0.052552223205566406
1778643884.6897807,360.1433410644531,7203,0.0,0.0,0.05257987976074219
1778643884.7322483,360.18580865859985,7204,0.0,0.0,0.042467594146728516
1778643884.7855875,360.23914790153503,7205,0.0,0.0,0.053339242935180664
1778643884.837729,360.2912893295288,7206,0.0,0.0,0.052141427993774414
1778643884.890337,360.3438973426819,7207,0.0,0.0,0.05260801315307617
1778643884.932423,360.38598346710205,7208,0.0,0.0,0.042086124420166016
1778643884.9857168,360.4392771720886,7209,0.0,0.0,0.053293704986572266
1778643885.0381362,360.49169659614563,7210,0.0,0.0,0.052419424057006836
1778643885.0910904,360.54465079307556,7211,0.0,0.0,0.05295419692993164
1778643885.133506,360.58706641197205,7212,0.0,0.0,0.042415618896484375
1778643885.1857414,360.639301776886,7213,0.0,0.0,0.05223536491394043
1778643885.2382271,360.691787481308,7214,0.0,0.0,0.05248570442199707
1778643885.2906325,360.7441928386688,7215,0.0,0.0,0.052405357360839844
1778643885.3330371,360.78659749031067,7216,0.0,0.0,0.0424046516418457
1778643885.3867633,360.84032368659973,7217,0.0,0.0,0.0537261962890625
1778643885.4387445,360.89230489730835,7218,0.0,0.0,0.051981210708618164
1778643885.4915974,360.94515776634216,7219,0.0,0.0,0.05285286903381348
1778643885.5343313,360.98789167404175,7220,0.0,0.0,0.04273390769958496
1778643885.5868232,361.0403835773468,7221,0.0,0.0,0.05249190330505371
1778643885.640373,361.09393334388733,7222,0.0,0.0,0.053549766540527344
1778643885.6820757,361.1356360912323,7223,0.0,0.0,0.0417027473449707
1778643885.7345166,361.1880769729614,7224,0.0,0.0,0.05244088172912598
1778643885.7871974,361.2407577037811,7225,0.0,0.0,0.05268073081970215
1778643885.841112,361.2946722507477,7226,0.0,0.0,0.053914546966552734
1778643885.8836644,361.33722472190857,7227,0.0,0.0,0.04255247116088867
1778643885.9363387,361.38989901542664,7228,0.0,0.0,0.052674293518066406
1778643885.98883,361.44239044189453,7229,0.0,0.0,0.05249142646789551
1778643886.041856,361.4954164028168,7230,0.0,0.0,0.05302596092224121
1778643886.084173,361.5377333164215,7231,0.0,0.0,0.04231691360473633
1778643886.1366172,361.59017753601074,7232,0.0,0.0,0.0524442195892334
1778643886.1896644,361.6432247161865,7233,0.0,0.0,0.05304718017578125
1778643886.2331288,361.6866891384125,7234,0.0,0.0,0.04346442222595215
1778643886.2858052,361.73936557769775,7235,0.0,0.0,0.05267643928527832
1778643886.3382807,361.79184103012085,7236,0.0,0.0,0.0524754524230957
1778643886.390771,361.84433126449585,7237,0.0,0.0,0.052490234375
1778643886.4328413,361.8864016532898,7238,0.0,0.0,0.04207038879394531
1778643886.4855428,361.9391031265259,7239,0.0,0.0,0.052701473236083984
1778643886.5396225,361.99318289756775,7240,0.0,0.0,0.05407977104187012
1778643886.5915473,362.0451076030731,7241,0.0,0.0,0.051924705505371094
1778643886.633274,362.0868344306946,7242,0.0,0.0,0.04172682762145996
1778643886.6854692,362.13902950286865,7243,0.0,0.0,0.052195072174072266
1778643886.738655,362.19221544265747,7244,0.0,0.0,0.05318593978881836
1778643886.7910936,362.2446539402008,7245,0.0,0.0,0.05243849754333496
1778643886.833615,362.2871754169464,7246,0.0,0.0,0.04252147674560547
1778643886.8854516,362.3390119075775,7247,0.0,0.0,0.051836490631103516
1778643886.938134,362.39169430732727,7248,0.0,0.0,0.05268239974975586
1778643886.9906523,362.4442126750946,7249,0.0,0.0,0.052518367767333984
1778643887.0327237,362.48628401756287,7250,0.0,0.0,0.04207134246826172
1778643887.0853152,362.538875579834,7251,0.0,0.0,0.052591562271118164
1778643887.1383393,362.5918996334076,7252,0.0,0.0,0.0530240535736084
1778643887.1911128,362.64467310905457,7253,0.0,0.0,0.052773475646972656
1778643887.233644,362.6872043609619,7254,0.0,0.0,0.04253125190734863
1778643887.2863219,362.73988223075867,7255,0.0,0.0,0.05267786979675293
1778643887.3405616,362.7941219806671,7256,0.0,0.0,0.054239749908447266
1778643887.3919368,362.84549713134766,7257,0.0,0.0,0.05137515068054199
1778643887.4339347,362.88749504089355,7258,0.0,0.0,0.04199790954589844
1778643887.486729,362.9402892589569,7259,0.0,0.0,0.05279421806335449
1778643887.5417235,362.9952838420868,7260,0.0,0.0,0.05499458312988281
1778643887.5855353,363.0390956401825,7261,0.0,0.0,0.043811798095703125
1778643887.6360445,363.08960485458374,7262,0.0,0.0,0.05050921440124512
1778643887.690728,363.1442883014679,7263,0.0,0.0,0.05468344688415527
1778643887.7329006,363.1864609718323,7264,0.0,0.0,0.04217267036437988
1778643887.7884097,363.24197006225586,7265,0.0,0.0,0.055509090423583984
1778643887.8436644,363.29722476005554,7266,0.0,0.0,0.05525469779968262
1778643887.8898463,363.3434066772461,7267,0.0,0.0,0.04618191719055176
1778643887.9404078,363.39396810531616,7268,0.0,0.0,0.05056142807006836
1778643887.9821885,363.4357488155365,7269,0.0,0.0,0.041780710220336914
1778643888.0348117,363.48837208747864,7270,0.0,0.0,0.05262327194213867
1778643888.0873842,363.5409445762634,7271,0.0,0.0,0.05257248878479004
1778643888.1401105,363.59367084503174,7272,0.0,0.0,0.05272626876831055
1778643888.1823456,363.63590598106384,7273,0.0,0.0,0.04223513603210449
1778643888.2349072,363.688467502594,7274,0.0,0.0,0.05256152153015137
1778643888.2877119,363.74127221107483,7275,0.0,0.0,0.05280470848083496
1778643888.3405998,363.79416012763977,7276,0.0,0.0,0.052887916564941406
1778643888.382957,363.8365173339844,7277,0.0,0.0,0.04235720634460449
1778643888.435107,363.888667345047,7278,0.0,0.0,0.05215001106262207
1778643888.487114,363.94067430496216,7279,0.0,0.0,0.05200695991516113
1778643888.5397077,363.9932680130005,7280,0.0,0.0,0.05259370803833008
1778643888.5923233,364.0458836555481,7281,0.0,0.0,0.05261564254760742
1778643888.6346934,364.088253736496,7282,0.0,0.0,0.04237008094787598
1778643888.6876605,364.1412208080292,7283,0.0,0.0,0.052967071533203125
1778643888.7403102,364.1938705444336,7284,0.0,0.0,0.052649736404418945
1778643888.7823846,364.2359449863434,7285,0.0,0.0,0.04207444190979004
1778643888.8350492,364.2886095046997,7286,0.0,0.0,0.05266451835632324
1778643888.8878064,364.3413667678833,7287,0.0,0.0,0.05275726318359375
1778643888.940481,364.39404129981995,7288,0.0,0.0,0.05267453193664551
1778643888.9833546,364.4369149208069,7289,0.0,0.0,0.04287362098693848
1778643889.0356014,364.4891617298126,7290,0.0,0.0,0.052246809005737305
1778643889.0877657,364.54132604599,7291,0.0,0.0,0.052164316177368164
1778643889.1405673,364.5941276550293,7292,0.0,0.0,0.05280160903930664
1778643889.1841092,364.63766956329346,7293,0.0,0.0,0.043541908264160156
1778643889.236363,364.689923286438,7294,0.0,0.0,0.05225372314453125
1778643889.2896752,364.74323558807373,7295,0.0,0.0,0.05331230163574219
1778643889.3422635,364.79582381248474,7296,0.0,0.0,0.05258822441101074
1778643889.3846228,364.83818316459656,7297,0.0,0.0,0.042359352111816406
1778643889.4369798,364.89054012298584,7298,0.0,0.0,0.05235695838928223
1778643889.489422,364.94298243522644,7299,0.0,0.0,0.052442312240600586
1778643889.5422342,364.9957945346832,7300,0.0,0.0,0.05281209945678711
1778643889.5845363,365.03809666633606,7301,0.0,0.0,0.04230213165283203
1778643889.637426,365.09098625183105,7302,0.0,0.0,0.05288958549499512
1778643889.6901617,365.14372205734253,7303,0.0,0.0,0.05273580551147461
1778643889.7321594,365.18571972846985,7304,0.0,0.0,0.041997671127319336
1778643889.784881,365.23844146728516,7305,0.0,0.0,0.05272173881530762
1778643889.8376837,365.2912440299988,7306,0.0,0.0,0.05280256271362305
1778643889.8906012,365.34416151046753,7307,0.0,0.0,0.05291748046875
1778643889.9328358,365.3863961696625,7308,0.0,0.0,0.04223465919494629
1778643889.985858,365.43941831588745,7309,0.0,0.0,0.053022146224975586
1778643890.038814,365.492374420166,7310,0.0,0.0,0.05295610427856445
1778643890.0914161,365.5449764728546,7311,0.0,0.0,0.05260205268859863
1778643890.1337464,365.5873067378998,7312,0.0,0.0,0.042330265045166016
1778643890.1867242,365.64028453826904,7313,0.0,0.0,0.052977800369262695
1778643890.2410772,365.69463753700256,7314,0.0,0.0,0.05435299873352051
1778643890.2825081,365.73606848716736,7315,0.0,0.0,0.04143095016479492
1778643890.3348055,365.78836584091187,7316,0.0,0.0,0.052297353744506836
1778643890.3872807,365.8408410549164,7317,0.0,0.0,0.0524752140045166
1778643890.4410255,365.8945858478546,7318,0.0,0.0,0.05374479293823242
1778643890.483504,365.937064409256,7319,0.0,0.0,0.04247856140136719
1778643890.5361242,365.9896845817566,7320,0.0,0.0,0.05262017250061035
1778643890.588587,366.042147397995,7321,0.0,0.0,0.05246281623840332
1778643890.6412733,366.094833612442,7322,0.0,0.0,0.052686214447021484
1778643890.6840234,366.137583732605,7323,0.0,0.0,0.04275012016296387
1778643890.736797,366.19035744667053,7324,0.0,0.0,0.05277371406555176
1778643890.7895663,366.2431266307831,7325,0.0,0.0,0.05276918411254883
1778643890.8423238,366.29588413238525,7326,0.0,0.0,0.05275750160217285
1778643890.8846807,366.3382411003113,7327,0.0,0.0,0.04235696792602539
1778643890.9372234,366.3907837867737,7328,0.0,0.0,0.052542686462402344
1778643890.989854,366.4434144496918,7329,0.0,0.0,0.05263066291809082
1778643891.0419643,366.4955246448517,7330,0.0,0.0,0.05211019515991211
1778643891.0841973,366.5377576351166,7331,0.0,0.0,0.04223299026489258
1778643891.1367385,366.5902988910675,7332,0.0,0.0,0.052541255950927734
1778643891.1894798,366.6430401802063,7333,0.0,0.0,0.052741289138793945
1778643891.2422655,366.6958258152008,7334,0.0,0.0,0.052785634994506836
1778643891.2842321,366.73779249191284,7335,0.0,0.0,0.04196667671203613
1778643891.3360283,366.7895886898041,7336,0.0,0.0,0.05179619789123535
1778643891.3890858,366.84264612197876,7337,0.0,0.0,0.05305743217468262
1778643891.4429762,366.8965365886688,7338,0.0,0.0,0.05389046669006348
1778643891.4845355,366.9380958080292,7339,0.0,0.0,0.04155921936035156
1778643891.5373852,366.99094557762146,7340,0.0,0.0,0.052849769592285156
1778643891.5898888,367.0434491634369,7341,0.0,0.0,0.05250358581542969
1778643891.6318796,367.0854399204254,7342,0.0,0.0,0.04199075698852539
1778643891.6850073,367.13856768608093,7343,0.0,0.0,0.05312776565551758
1778643891.73763,367.19119024276733,7344,0.0,0.0,0.05262255668640137
1778643891.7907438,367.24430418014526,7345,0.0,0.0,0.05311393737792969
1778643891.8330672,367.28662753105164,7346,0.0,0.0,0.04232335090637207
1778643891.8859253,367.3394856452942,7347,0.0,0.0,0.05285811424255371
1778643891.938558,367.3921184539795,7348,0.0,0.0,0.052632808685302734
1778643891.9907684,367.4443287849426,7349,0.0,0.0,0.052210330963134766
1778643892.032923,367.486483335495,7350,0.0,0.0,0.042154550552368164
1778643892.0855706,367.5391309261322,7351,0.0,0.0,0.05264759063720703
1778643892.1381068,367.59166717529297,7352,0.0,0.0,0.0525362491607666
1778643892.1906414,367.6442017555237,7353,0.0,0.0,0.05253458023071289
1778643892.2327147,367.6862750053406,7354,0.0,0.0,0.04207324981689453
1778643892.2856102,367.73917055130005,7355,0.0,0.0,0.052895545959472656
1778643892.338429,367.79198932647705,7356,0.0,0.0,0.05281877517700195
1778643892.3911512,367.8447115421295,7357,0.0,0.0,0.05272221565246582
1778643892.4334648,367.88702511787415,7358,0.0,0.0,0.042313575744628906
1778643892.486096,367.9396562576294,7359,0.0,0.0,0.05263113975524902
1778643892.538879,367.99243927001953,7360,0.0,0.0,0.05278301239013672
1778643892.594657,368.04821729660034,7361,0.0,0.0,0.05577802658081055
1778643892.63447,368.08803033828735,7362,0.0,0.0,0.03981304168701172
1778643892.686975,368.14053535461426,7363,0.0,0.0,0.0525050163269043
1778643892.7397218,368.19328212738037,7364,0.0,0.0,0.05274677276611328
1778643892.7819648,368.2355251312256,7365,0.0,0.0,0.042243003845214844
1778643892.83509,368.28865027427673,7366,0.0,0.0,0.05312514305114746
1778643892.888312,368.3418724536896,7367,0.0,0.0,0.0532221794128418
1778643892.94117,368.39473032951355,7368,0.0,0.0,0.05285787582397461
1778643892.984521,368.43808126449585,7369,0.0,0.0,0.043350934982299805
1778643893.0379436,368.4915039539337,7370,0.0,0.0,0.05342268943786621
1778643893.09033,368.5438902378082,7371,0.0,0.0,0.05238628387451172
1778643893.1331084,368.5866687297821,7372,0.0,0.0,0.04277849197387695
1778643893.186099,368.63965940475464,7373,0.0,0.0,0.05299067497253418
1778643893.239297,368.6928572654724,7374,0.0,0.0,0.05319786071777344
1778643893.282367,368.73592734336853,7375,0.0,0.0,0.043070077896118164
1778643893.3353384,368.78889870643616,7376,0.0,0.0,0.05297136306762695
1778643893.3882015,368.8417618274689,7377,0.0,0.0,0.052863121032714844
1778643893.4407027,368.8942630290985,7378,0.0,0.0,0.05250120162963867
1778643893.4826586,368.9362189769745,7379,0.0,0.0,0.04195594787597656
1778643893.535195,368.98875546455383,7380,0.0,0.0,0.0525364875793457
1778643893.5875874,369.0411477088928,7381,0.0,0.0,0.05239224433898926
1778643893.6401184,369.09367871284485,7382,0.0,0.0,0.05253100395202637
1778643893.682241,369.1358013153076,7383,0.0,0.0,0.042122602462768555
1778643893.737112,369.1906723976135,7384,0.0,0.0,0.0548710823059082
1778643893.788703,369.24226331710815,7385,0.0,0.0,0.051590919494628906
1778643893.8414261,369.29498648643494,7386,0.0,0.0,0.05272316932678223
1778643893.8836005,369.33716082572937,7387,0.0,0.0,0.042174339294433594
1778643893.9379814,369.39154171943665,7388,0.0,0.0,0.05438089370727539
1778643893.9889762,369.4425365924835,7389,0.0,0.0,0.050994873046875
1778643894.041938,369.495498418808,7390,0.0,0.0,0.05296182632446289
1778643894.0844038,369.5379641056061,7391,0.0,0.0,0.0424656867980957
1778643894.1368396,369.59039998054504,7392,0.0,0.0,0.052435874938964844
1778643894.1891959,369.6427562236786,7393,0.0,0.0,0.05235624313354492
1778643894.241768,369.6953282356262,7394,0.0,0.0,0.052572011947631836
1778643894.2839105,369.73747086524963,7395,0.0,0.0,0.042142629623413086
1778643894.3397,369.79326033592224,7396,0.0,0.0,0.05578947067260742
1778643894.3917403,369.8453006744385,7397,0.0,0.0,0.05204033851623535
1778643894.4334695,369.8870298862457,7398,0.0,0.0,0.04172921180725098
1778643894.4855328,369.93909311294556,7399,0.0,0.0,0.0520632266998291
1778643894.5380642,369.99162459373474,7400,0.0,0.0,0.05253148078918457
1778643894.5909526,370.04451298713684,7401,0.0,0.0,0.05288839340209961
1778643894.633211,370.0867712497711,7402,0.0,0.0,0.042258262634277344
1778643894.6862595,370.1398198604584,7403,0.0,0.0,0.05304861068725586
1778643894.7387385,370.19229888916016,7404,0.0,0.0,0.05247902870178223
1778643894.7914386,370.24499893188477,7405,0.0,0.0,0.052700042724609375
1778643894.8337145,370.2872748374939,7406,0.0,0.0,0.04227590560913086
1778643894.8864665,370.34002685546875,7407,0.0,0.0,0.052752017974853516
1778643894.9387765,370.39233684539795,7408,0.0,0.0,0.05230998992919922
1778643894.991548,370.4451084136963,7409,0.0,0.0,0.052771568298339844
1778643895.0331967,370.4867570400238,7410,0.0,0.0,0.04164862632751465
1778643895.085393,370.53895330429077,7411,0.0,0.0,0.05219626426696777
1778643895.1379037,370.5914640426636,7412,0.0,0.0,0.052510738372802734
1778643895.1902232,370.64378356933594,7413,0.0,0.0,0.05231952667236328
1778643895.2322187,370.68577909469604,7414,0.0,0.0,0.04199552536010742
1778643895.285046,370.7386064529419,7415,0.0,0.0,0.05282735824584961
1778643895.3379307,370.79149103164673,7416,0.0,0.0,0.052884578704833984
1778643895.3907957,370.8443560600281,7417,0.0,0.0,0.052865028381347656
1778643895.4329689,370.8865292072296,7418,0.0,0.0,0.042173147201538086
1778643895.4855309,370.9390912055969,7419,0.0,0.0,0.05256199836730957
1778643895.5385566,370.9921169281006,7420,0.0,0.0,0.05302572250366211
1778643895.5908725,371.04443287849426,7421,0.0,0.0,0.05231595039367676
1778643895.6333492,371.086909532547,7422,0.0,0.0,0.042476654052734375
1778643895.6861258,371.1396861076355,7423,0.0,0.0,0.05277657508850098
1778643895.7390075,371.1925678253174,7424,0.0,0.0,0.052881717681884766
1778643895.7924008,371.24596118927,7425,0.0,0.0,0.05339336395263672
1778643895.8352556,371.2888159751892,7426,0.0,0.0,0.04285478591918945
1778643895.8881564,371.3417167663574,7427,0.0,0.0,0.05290079116821289
1778643895.9409375,371.3944978713989,7428,0.0,0.0,0.052781105041503906
1778643895.983008,371.43656826019287,7429,0.0,0.0,0.04207038879394531
1778643896.0360475,371.4896078109741,7430,0.0,0.0,0.05303955078125
1778643896.0886433,371.54220366477966,7431,0.0,0.0,0.05259585380554199
1778643896.141765,371.5953254699707,7432,0.0,0.0,0.05312180519104004
1778643896.1848545,371.63841485977173,7433,0.0,0.0,0.04308938980102539
1778643896.2370167,371.6905770301819,7434,0.0,0.0,0.05216217041015625
1778643896.2896407,371.74320101737976,7435,0.0,0.0,0.05262398719787598
1778643896.3426652,371.7962255477905,7436,0.0,0.0,0.0530245304107666
1778643896.3854394,371.83899974823,7437,0.0,0.0,0.042774200439453125
1778643896.4373229,371.89088320732117,7438,0.0,0.0,0.05188345909118652
1778643896.4897797,371.9433400630951,7439,0.0,0.0,0.05245685577392578
1778643896.5321844,371.98574471473694,7440,0.0,0.0,0.0424046516418457
1778643896.5854797,372.03904008865356,7441,0.0,0.0,0.05329537391662598
1778643896.6378188,372.0913791656494,7442,0.0,0.0,0.05233907699584961
1778643896.6905255,372.14408588409424,7443,0.0,0.0,0.05270671844482422
1778643896.7327468,372.18630719184875,7444,0.0,0.0,0.0422213077545166
1778643896.7859225,372.2394828796387,7445,0.0,0.0,0.05317568778991699
1778643896.8381824,372.29174280166626,7446,0.0,0.0,0.05225992202758789
1778643896.8902614,372.3438217639923,7447,0.0,0.0,0.052078962326049805
1778643896.9319842,372.3855445384979,7448,0.0,0.0,0.041722774505615234
1778643896.9844527,372.4380130767822,7449,0.0,0.0,0.05246853828430176
1778643897.0372086,372.49076890945435,7450,0.0,0.0,0.05275583267211914
1778643897.0905304,372.54409074783325,7451,0.0,0.0,0.05332183837890625
1778643897.1327012,372.586261510849,7452,0.0,0.0,0.04217076301574707
1778643897.1852446,372.63880491256714,7453,0.0,0.0,0.05254340171813965
1778643897.2385626,372.6921229362488,7454,0.0,0.0,0.053318023681640625
1778643897.2914271,372.74498748779297,7455,0.0,0.0,0.05286455154418945
1778643897.3332694,372.7868297100067,7456,0.0,0.0,0.04184222221374512
1778643897.3864577,372.8400180339813,7457,0.0,0.0,0.053188323974609375
1778643897.4390168,372.8925771713257,7458,0.0,0.0,0.05255913734436035
1778643897.492067,372.945627450943,7459,0.0,0.0,0.05305027961730957
1778643897.535077,372.9886374473572,7460,0.0,0.0,0.04300999641418457
1778643897.5883546,373.04191493988037,7461,0.0,0.0,0.05327749252319336
1778643897.641601,373.0951614379883,7462,0.0,0.0,0.053246498107910156
1778643897.6885352,373.1420955657959,7463,0.0,0.0,0.04693412780761719
1778643897.738479,373.1920392513275,7464,0.0,0.0,0.04994368553161621
1778643897.7903874,373.2439477443695,7465,0.0,0.0,0.05190849304199219
1778643897.8322475,373.2858078479767,7466,0.0,0.0,0.041860103607177734
1778643897.8844728,373.3380331993103,7467,0.0,0.0,0.052225351333618164
1778643897.937544,373.3911044597626,7468,0.0,0.0,0.05307126045227051
1778643897.990769,373.4443292617798,7469,0.0,0.0,0.053224802017211914
1778643898.033123,373.48668336868286,7470,0.0,0.0,0.04235410690307617
1778643898.0855665,373.53912687301636,7471,0.0,0.0,0.052443504333496094
1778643898.1384046,373.59196496009827,7472,0.0,0.0,0.05283808708190918
1778643898.1911993,373.6447596549988,7473,0.0,0.0,0.052794694900512695
1778643898.2334445,373.6870048046112,7474,0.0,0.0,0.04224514961242676
1778643898.286407,373.7399673461914,7475,0.0,0.0,0.052962541580200195
1778643898.339206,373.79276633262634,7476,0.0,0.0,0.05279898643493652
1778643898.392387,373.845947265625,7477,0.0,0.0,0.05318093299865723
1778643898.4345732,373.8881335258484,7478,0.0,0.0,0.04218626022338867
1778643898.4873102,373.94087052345276,7479,0.0,0.0,0.05273699760437012
1778643898.5402699,373.99383020401,7480,0.0,0.0,0.05295968055725098
1778643898.582811,374.0363714694977,7481,0.0,0.0,0.0425412654876709
1778643898.6348643,374.0884246826172,7482,0.0,0.0,0.052053213119506836
1778643898.6875055,374.14106583595276,7483,0.0,0.0,0.05264115333557129
1778643898.74022,374.1937804222107,7484,0.0,0.0,0.05271458625793457
1778643898.782116,374.23567628860474,7485,-0.3,0.0,0.04189586639404297
1778643898.8349512,374.2885115146637,7486,-0.3,0.0,0.05283522605895996
1778643898.8876736,374.34123396873474,7487,-0.3,0.0,0.05272245407104492
1778643898.9405618,374.39412212371826,7488,0.0,0.0,0.05288815498352051
1778643898.9831595,374.4367198944092,7489,0.0,0.0,0.04259777069091797
1778643899.0351787,374.4887390136719,7490,0.0,0.0,0.05201911926269531
1778643899.0882516,374.5418119430542,7491,0.0,0.0,0.05307292938232422
1778643899.141042,374.5946023464203,7492,0.0,0.0,0.05279040336608887
1778643899.1839178,374.63747811317444,7493,0.0,0.0,0.04287576675415039
1778643899.2365012,374.69006156921387,7494,0.0,0.0,0.05258345603942871
1778643899.289497,374.74305725097656,7495,-0.3,0.0,0.05299568176269531
1778643899.336957,374.7905173301697,7496,-0.3,0.0,0.047460079193115234
1778643899.387062,374.84062242507935,7497,-0.3,0.0,0.05010509490966797
1778643899.439555,374.8931152820587,7498,-0.3,0.0,0.05249285697937012
1778643899.4921055,374.94566583633423,7499,-0.3,0.0,0.052550554275512695
1778643899.5341244,374.9876847267151,7500,-0.3,0.0,0.042018890380859375
1778643899.5869374,375.0404977798462,7501,-0.3,0.0,0.052813053131103516
1778643899.6393807,375.0929410457611,7502,-0.3,0.0,0.05244326591491699
1778643899.691795,375.14535546302795,7503,-0.3,0.0,0.0524144172668457
1778643899.7343216,375.1878819465637,7504,-0.3,0.0,0.0425264835357666
1778643899.7872562,375.24081659317017,7505,-0.3,0.0,0.05293464660644531
1778643899.8407023,375.2942626476288,7506,-0.3,0.0,0.053446054458618164
1778643899.885335,375.33889532089233,7507,-0.3,0.0,0.044632673263549805
1778643899.936712,375.3902723789215,7508,-0.3,0.0,0.051377058029174805
1778643899.991291,375.444851398468,7509,-0.3,0.0,0.05457901954650879
1778643900.0329459,375.4865062236786,7510,-0.3,0.0,0.04165482521057129
1778643900.08548,375.53904032707214,7511,-0.3,0.0,0.05253410339355469
1778643900.1380844,375.59164476394653,7512,0.0,0.0,0.05260443687438965
1778643900.1907427,375.6443030834198,7513,0.0,0.0,0.0526583194732666
1778643900.233356,375.68691635131836,7514,0.0,0.0,0.04261326789855957
1778643900.286026,375.739586353302,7515,0.0,0.0,0.05267000198364258
1778643900.3393705,375.7929308414459,7516,0.0,0.0,0.0533444881439209
1778643900.3821762,375.8357365131378,7517,0.0,0.0,0.04280567169189453
1778643900.4352894,375.88884973526,7518,0.0,0.0,0.05311322212219238
1778643900.4880445,375.9416048526764,7519,0.0,0.0,0.052755117416381836
1778643900.540785,375.99434542655945,7520,0.0,0.0,0.05274057388305664
1778643900.5830467,376.03660702705383,7521,0.0,0.0,0.042261600494384766
1778643900.6359615,376.0895218849182,7522,0.0,0.0,0.05291485786437988
1778643900.6885052,376.14206552505493,7523,0.0,0.0,0.05254364013671875
1778643900.7412233,376.19478368759155,7524,0.0,0.0,0.052718162536621094
1778643900.7837985,376.23735880851746,7525,0.3,0.0,0.04257512092590332
1778643900.8370075,376.29056787490845,7526,0.3,0.0,0.05320906639099121
1778643900.8899314,376.34349179267883,7527,0.3,0.0,0.05292391777038574
1778643900.9329958,376.38655614852905,7528,0.0,0.0,0.04306435585021973
1778643900.985462,376.43902230262756,7529,0.0,0.0,0.05246615409851074
1778643901.0384512,376.4920115470886,7530,0.0,0.0,0.05298924446105957
1778643901.0912018,376.544762134552,7531,0.0,0.0,0.052750587463378906
1778643901.1334205,376.58698081970215,7532,0.0,0.0,0.042218685150146484
1778643901.186297,376.6398572921753,7533,0.0,0.0,0.05287647247314453
1778643901.239221,376.69278144836426,7534,0.0,0.0,0.052924156188964844
1778643901.2923594,376.74591970443726,7535,0.3,0.0,0.05313825607299805
1778643901.334251,376.7878112792969,7536,0.3,0.0,0.04189157485961914
1778643901.3869991,376.84055948257446,7537,0.3,0.0,0.05274820327758789
1778643901.4425964,376.8961567878723,7538,0.3,0.0,0.05559730529785156
1778643901.483925,376.9374854564667,7539,0.3,0.0,0.04132866859436035
1778643901.536183,376.98974347114563,7540,0.3,0.0,0.05225801467895508
1778643901.58841,377.0419702529907,7541,0.3,0.0,0.05222678184509277
1778643901.640629,377.0941894054413,7542,0.3,0.0,0.05221915245056152
1778643901.6823277,377.1358880996704,7543,0.3,0.0,0.04169869422912598
1778643901.7347136,377.18827390670776,7544,0.3,0.0,0.052385807037353516
1778643901.7870982,377.2406585216522,7545,0.3,0.0,0.05238461494445801
1778643901.8397882,377.2933485507965,7546,0.3,0.0,0.05269002914428711
1778643901.8831995,377.3367598056793,7547,0.3,0.0,0.0434112548828125
1778643901.9353905,377.38895082473755,7548,0.3,0.0,0.05219101905822754
1778643901.987276,377.44083642959595,7549,0.3,0.0,0.05188560485839844
1778643902.0393617,377.4929220676422,7550,0.3,0.0,0.05208563804626465
1778643902.0935314,377.5470917224884,7551,0.0,1.0,0.054169654846191406
1778643902.138298,377.5918583869934,7552,0.0,1.0,0.04476666450500488
1778643902.1899204,377.6434807777405,7553,0.0,1.0,0.05162239074707031
1778643902.2317753,377.6853356361389,7554,0.0,0.0,0.0418548583984375
1778643902.284133,377.73769330978394,7555,0.0,0.0,0.05235767364501953
1778643902.3374908,377.7910511493683,7556,0.0,0.0,0.053357839584350586
1778643902.3899333,377.84349370002747,7557,0.0,0.0,0.05244255065917969
1778643902.4422886,377.8958489894867,7558,0.0,0.0,0.052355289459228516
1778643902.4839325,377.9374928474426,7559,0.0,0.0,0.04164385795593262
1778643902.5367606,377.9903209209442,7560,0.0,0.0,0.052828073501586914
1778643902.589546,378.04310631752014,7561,0.0,1.0,0.052785396575927734
1778643902.6323793,378.0859396457672,7562,0.0,1.0,0.04283332824707031
1778643902.6845345,378.1380949020386,7563,0.0,1.0,0.052155256271362305
1778643902.7367353,378.19029569625854,7564,0.0,1.0,0.0522007942199707
1778643902.789043,378.24260330200195,7565,0.0,1.0,0.0523076057434082
1778643902.8418388,378.29539918899536,7566,0.0,1.0,0.0527958869934082
1778643902.8843355,378.33789587020874,7567,0.0,1.0,0.042496681213378906
1778643902.9379494,378.39150977134705,7568,0.0,1.0,0.053613901138305664
1778643902.990538,378.44409823417664,7569,0.0,1.0,0.052588462829589844
1778643903.032993,378.48655343055725,7570,0.0,1.0,0.042455196380615234
1778643903.0860002,378.53956055641174,7571,0.0,1.0,0.05300712585449219
1778643903.138723,378.59228324890137,7572,0.0,1.0,0.05272269248962402
1778643903.1911745,378.64473485946655,7573,0.0,1.0,0.05245161056518555
1778643903.2333977,378.6869580745697,7574,0.0,1.0,0.042223215103149414
1778643903.2861557,378.73971605300903,7575,0.0,1.0,0.052757978439331055
1778643903.339271,378.79283142089844,7576,0.0,1.0,0.0531153678894043
1778643903.3927057,378.84626603126526,7577,0.0,1.0,0.05343461036682129
1778643903.4343956,378.88795590400696,7578,0.0,1.0,0.04168987274169922
1778643903.4873948,378.94095516204834,7579,0.0,1.0,0.052999258041381836
1778643903.5400174,378.99357771873474,7580,0.0,1.0,0.05262255668640137
1778643903.5824664,379.0360267162323,7581,0.0,1.0,0.042448997497558594
1778643903.6353102,379.0888705253601,7582,0.0,1.0,0.05284380912780762
1778643903.6878018,379.1413621902466,7583,0.0,1.0,0.05249166488647461
1778643903.7422602,379.19582056999207,7584,0.0,1.0,0.0544583797454834
1778643903.7836826,379.237242937088,7585,0.0,1.0,0.041422367095947266
1778643903.8360145,379.2895748615265,7586,0.0,1.0,0.05233192443847656
1778643903.8885534,379.3421137332916,7587,0.0,1.0,0.05253887176513672
1778643903.9411159,379.3946762084961,7588,0.0,1.0,0.05256247520446777
1778643903.9835088,379.43706917762756,7589,0.0,1.0,0.04239296913146973
1778643904.0363338,379.4898941516876,7590,0.0,1.0,0.052824974060058594
1778643904.088992,379.5425524711609,7591,0.0,1.0,0.0526583194732666
1778643904.141641,379.595201253891,7592,0.0,1.0,0.05264878273010254
1778643904.1837611,379.63732147216797,7593,0.0,1.0,0.04212021827697754
1778643904.2366004,379.6901607513428,7594,0.0,1.0,0.05283927917480469
1778643904.2891064,379.742666721344,7595,0.0,1.0,0.0525059700012207
1778643904.3421762,379.7957365512848,7596,0.0,1.0,0.0530698299407959
1778643904.3869655,379.8405258655548,7597,0.0,1.0,0.04478931427001953
1778643904.439209,379.89276933670044,7598,0.0,1.0,0.05224347114562988
1778643904.491474,379.9450342655182,7599,0.0,1.0,0.05226492881774902
1778643904.5339425,379.98750281333923,7600,0.0,1.0,0.04246854782104492
1778643904.5877733,380.0413336753845,7601,0.0,1.0,0.053830862045288086
1778643904.6401057,380.09366607666016,7602,0.0,1.0,0.052332401275634766
1778643904.6820872,380.1356475353241,7603,0.0,1.0,0.04198145866394043
1778643904.7349875,380.18854784965515,7604,0.0,1.0,0.05290031433105469
1778643904.788076,380.2416362762451,7605,0.0,1.0,0.05308842658996582
1778643904.8409708,380.29453110694885,7606,0.0,1.0,0.05289483070373535
1778643904.8834105,380.3369708061218,7607,0.3,0.0,0.04243969917297363
1778643904.9357424,380.3893027305603,7608,0.3,0.0,0.05233192443847656
1778643904.988039,380.4415993690491,7609,0.3,0.0,0.05229663848876953
1778643905.0405173,380.4940776824951,7610,0.3,0.0,0.05247831344604492
1778643905.082658,380.5362184047699,7611,0.0,0.0,0.04214072227478027
1778643905.1355553,380.5891156196594,7612,0.0,0.0,0.05289721488952637
1778643905.188247,380.64180731773376,7613,0.0,0.0,0.05269169807434082
1778643905.2407634,380.69432377815247,7614,0.0,0.0,0.05251646041870117
1778643905.2826838,380.73624420166016,7615,0.0,0.0,0.04192042350769043
1778643905.3351192,380.78867959976196,7616,0.0,0.0,0.05243539810180664
1778643905.3879724,380.84153270721436,7617,0.3,0.0,0.05285310745239258
1778643905.4407263,380.89428663253784,7618,0.3,0.0,0.05275392532348633
1778643905.483017,380.9365773200989,7619,0.3,0.0,0.042290687561035156
1778643905.5357625,380.9893229007721,7620,0.3,0.0,0.05274558067321777
1778643905.588771,381.04233145713806,7621,0.3,0.0,0.0530085563659668
1778643905.6414008,381.09496116638184,7622,0.3,0.0,0.052629709243774414
1778643905.6837535,381.13731384277344,7623,0.3,0.0,0.04235267639160156
1778643905.7364304,381.1899907588959,7624,0.3,0.0,0.05267691612243652
1778643905.7891738,381.2427341938019,7625,0.3,0.0,0.05274343490600586
1778643905.841651,381.29521131515503,7626,0.3,0.0,0.052477121353149414
1778643905.8834429,381.3370032310486,7627,0.3,0.0,0.04179191589355469
1778643905.9356894,381.38924980163574,7628,0.3,0.0,0.0522465705871582
1778643905.9880373,381.441597700119,7629,0.3,0.0,0.05234789848327637
1778643906.0403638,381.4939241409302,7630,0.3,0.0,0.05232644081115723
1778643906.082318,381.5358784198761,7631,0.0,0.0,0.04195427894592285
1778643906.1349356,381.58849596977234,7632,0.0,0.0,0.052617549896240234
1778643906.1876118,381.64117217063904,7633,0.0,0.0,0.05267620086669922
1778643906.2404284,381.6939888000488,7634,0.0,0.0,0.05281662940979004
1778643906.2826145,381.73617482185364,7635,0.0,0.0,0.04218602180480957
1778643906.3356981,381.789258480072,7636,0.0,0.0,0.05308365821838379
1778643906.388622,381.8421823978424,7637,0.0,0.0,0.05292391777038574
1778643906.4413326,381.8948929309845,7638,0.0,0.0,0.052710533142089844
1778643906.4833665,381.93692684173584,7639,0.0,0.0,0.04203391075134277
1778643906.535986,381.9895462989807,7640,0.0,0.0,0.05261945724487305
1778643906.5884717,382.0420320034027,7641,0.0,0.0,0.05248570442199707
1778643906.6409762,382.09453654289246,7642,-0.3,0.0,0.052504539489746094
1778643906.6831694,382.13672971725464,7643,-0.3,0.0,0.04219317436218262
1778643906.7358034,382.18936371803284,7644,-0.3,0.0,0.05263400077819824
1778643906.788569,382.2421293258667,7645,0.0,0.0,0.052765607833862305
1778643906.843801,382.29736137390137,7646,0.0,0.0,0.05523204803466797
1778643906.8835464,382.3371067047119,7647,0.0,0.0,0.039745330810546875
1778643906.9360878,382.3896481990814,7648,0.0,0.0,0.052541494369506836
1778643906.9883723,382.44193267822266,7649,0.0,0.0,0.05228447914123535
1778643907.0408688,382.4944291114807,7650,0.0,0.0,0.05249643325805664
1778643907.0827427,382.5363030433655,7651,0.0,0.0,0.041873931884765625
1778643907.135574,382.5891344547272,7652,-0.3,0.0,0.052831411361694336
1778643907.1878285,382.64138889312744,7653,-0.3,0.0,0.052254438400268555
1778643907.240808,382.69436836242676,7654,-0.3,0.0,0.052979469299316406
1778643907.2832534,382.73681378364563,7655,-0.3,0.0,0.04244542121887207
1778643907.3354225,382.7889828681946,7656,-0.3,0.0,0.052169084548950195
1778643907.387624,382.8411843776703,7657,-0.3,0.0,0.05220150947570801
1778643907.440049,382.8936092853546,7658,-0.3,0.0,0.05242490768432617
1778643907.4817624,382.93532276153564,7659,-0.3,0.0,0.04171347618103027
1778643907.5341191,382.98767948150635,7660,-0.3,0.0,0.052356719970703125
1778643907.586935,383.0404953956604,7661,-0.3,0.0,0.052815914154052734
1778643907.6398215,383.09338188171387,7662,-0.3,0.0,0.0528864860534668
1778643907.6923523,383.1459126472473,7663,-0.3,0.0,0.052530765533447266
1778643907.7342296,383.1877899169922,7664,-0.3,0.0,0.04187726974487305
1778643907.7873137,383.24087405204773,7665,-0.3,0.0,0.05308413505554199
1778643907.8398707,383.2934310436249,7666,-0.3,0.0,0.05255699157714844
1778643907.8838453,383.3374056816101,7667,-0.3,0.0,0.04397463798522949
1778643907.9361236,383.3896839618683,7668,-0.3,0.0,0.05227828025817871
1778643907.9882793,383.4418396949768,7669,-0.3,0.0,0.05215573310852051
1778643908.0330074,383.486567735672,7670,-0.3,0.0,0.04472804069519043
1778643908.0850234,383.53858375549316,7671,-0.3,0.0,0.05201601982116699
1778643908.137225,383.5907852649689,7672,-0.3,0.0,0.05220150947570801
1778643908.1903327,383.64389300346375,7673,-0.3,0.0,0.05310773849487305
1778643908.232313,383.6858732700348,7674,0.0,0.0,0.04198026657104492
1778643908.2843025,383.7378628253937,7675,0.0,0.0,0.05198955535888672
1778643908.3365638,383.79012417793274,7676,0.0,-1.0,0.0522613525390625
1778643908.3888922,383.84245252609253,7677,0.0,-1.0,0.05232834815979004
1778643908.4415686,383.8951289653778,7678,0.0,-1.0,0.05267643928527832
1778643908.4838457,383.93740606307983,7679,0.0,-1.0,0.04227709770202637
1778643908.536247,383.98980736732483,7680,0.0,0.0,0.05240130424499512
1778643908.5884764,384.0420367717743,7681,0.0,0.0,0.05222940444946289
1778643908.6410892,384.09464955329895,7682,0.0,0.0,0.0526127815246582
1778643908.6828969,384.1364572048187,7683,0.0,0.0,0.04180765151977539
1778643908.7366707,384.1902310848236,7684,0.0,0.0,0.05377388000488281
1778643908.7887387,384.242299079895,7685,0.0,0.0,0.05206799507141113
1778643908.841535,384.2950954437256,7686,0.0,-1.0,0.052796363830566406
1778643908.8838878,384.3374481201172,7687,0.0,-1.0,0.04235267639160156
1778643908.9363942,384.38995456695557,7688,0.0,-1.0,0.052506446838378906
1778643908.9889777,384.442538022995,7689,0.0,-1.0,0.05258345603942871
1778643909.0414429,384.4950032234192,7690,0.0,-1.0,0.052465200424194336
1778643909.0833907,384.5369510650635,7691,0.0,-1.0,0.04194784164428711
1778643909.1362133,384.58977365493774,7692,0.0,-1.0,0.05282258987426758
1778643909.1889122,384.64247250556946,7693,0.0,-1.0,0.05269885063171387
1778643909.24151,384.69507026672363,7694,0.0,-1.0,0.052597761154174805
1778643909.2835464,384.73710680007935,7695,0.0,-1.0,0.04203653335571289
1778643909.3360894,384.7896497249603,7696,0.0,-1.0,0.052542924880981445
1778643909.3886786,384.84223890304565,7697,0.0,-1.0,0.05258917808532715
1778643909.4410596,384.8946199417114,7698,0.0,-1.0,0.052381038665771484
1778643909.482832,384.9363923072815,7699,0.0,-1.0,0.04177236557006836
1778643909.5349343,384.9884946346283,7700,0.0,-1.0,0.05210232734680176
1778643909.5872412,385.04080152511597,7701,0.0,-1.0,0.0523068904876709
1778643909.6395922,385.09315252304077,7702,0.0,-1.0,0.05235099792480469
1778643909.692019,385.14557933807373,7703,0.0,-1.0,0.052426815032958984
1778643909.7366004,385.1901607513428,7704,0.0,-1.0,0.04458141326904297
1778643909.7883935,385.2419538497925,7705,0.0,-1.0,0.05179309844970703
1778643909.8405359,385.29409623146057,7706,0.0,-1.0,0.05214238166809082
1778643909.882204,385.3357644081116,7707,0.0,-1.0,0.04166817665100098
1778643909.9351819,385.38874220848083,7708,0.0,-1.0,0.052977800369262695
1778643909.9878628,385.4414231777191,7709,0.0,-1.0,0.05268096923828125
1778643910.0406692,385.49422955513,7710,0.0,-1.0,0.05280637741088867
1778643910.082609,385.5361692905426,7711,0.0,-1.0,0.041939735412597656
1778643910.135071,385.58863139152527,7712,0.0,-1.0,0.052462100982666016
1778643910.1879487,385.6415090560913,7713,0.0,-1.0,0.05287766456604004
1778643910.2407787,385.6943390369415,7714,0.0,-1.0,0.05282998085021973
1778643910.2829032,385.73646354675293,7715,0.0,-1.0,0.04212450981140137
1778643910.336219,385.78977942466736,7716,0.0,-1.0,0.05331587791442871
1778643910.3885963,385.84215664863586,7717,0.0,-1.0,0.05237722396850586
1778643910.4412873,385.89484763145447,7718,0.0,-1.0,0.052690982818603516
1778643910.4835038,385.9370641708374,7719,0.0,-1.0,0.04221653938293457
1778643910.536081,385.9896414279938,7720,0.0,-1.0,0.05257725715637207
1778643910.588527,386.04208731651306,7721,0.0,-1.0,0.05244588851928711
1778643910.6413875,386.0949478149414,7722,0.0,-1.0,0.05286049842834473
1778643910.6831937,386.1367540359497,7723,0.0,-1.0,0.04180622100830078
1778643910.7373648,386.1909251213074,7724,0.0,-1.0,0.054171085357666016
1778643910.788897,386.24245738983154,7725,0.0,-1.0,0.05153226852416992
1778643910.8420727,386.29563307762146,7726,0.0,-1.0,0.05317568778991699
1778643910.8845346,386.3380949497223,7727,0.0,-1.0,0.04246187210083008
1778643910.937172,386.3907322883606,7728,0.0,-1.0,0.052637338638305664
1778643910.9898643,386.4434247016907,7729,0.0,-1.0,0.052692413330078125
1778643911.032181,386.48574137687683,7730,0.0,-1.0,0.04231667518615723
1778643911.0844674,386.5380277633667,7731,0.0,-1.0,0.052286386489868164
1778643911.137014,386.59057426452637,7732,0.0,-1.0,0.05254650115966797
1778643911.1894956,386.6430559158325,7733,0.0,-1.0,0.052481651306152344
1778643911.2418027,386.69536304473877,7734,0.0,-1.0,0.05230712890625
1778643911.2838573,386.7374176979065,7735,0.0,-1.0,0.04205465316772461
1778643911.3368251,386.79038548469543,7736,0.0,-1.0,0.05296778678894043
1778643911.389815,386.84337544441223,7737,0.0,0.0,0.052989959716796875
1778643911.433644,386.88720440864563,7738,0.0,0.0,0.04382896423339844
1778643911.4851148,386.9386751651764,7739,0.0,0.0,0.05147075653076172
1778643911.5375247,386.99108505249023,7740,0.0,0.0,0.05240988731384277
1778643911.589947,387.0435073375702,7741,0.0,0.0,0.052422285079956055
1778643911.6320784,387.0856387615204,7742,0.0,0.0,0.04213142395019531
1778643911.684636,387.13819646835327,7743,0.0,0.0,0.05255770683288574
1778643911.737302,387.19086241722107,7744,0.0,0.0,0.05266594886779785
1778643911.7903469,387.24390721321106,7745,0.0,0.0,0.053044795989990234
1778643911.8350885,387.28864884376526,7746,0.0,0.0,0.04474163055419922
1778643911.886836,387.34039640426636,7747,0.0,0.0,0.05174756050109863
1778643911.9389405,387.39250087738037,7748,0.0,0.0,0.05210447311401367
1778643911.9914792,387.44503951072693,7749,0.0,0.0,0.05253863334655762
1778643912.0340788,387.4876391887665,7750,0.0,0.0,0.04259967803955078
1778643912.0870454,387.5406057834625,7751,0.0,0.0,0.05296659469604492
1778643912.1398165,387.5933768749237,7752,0.0,0.0,0.05277109146118164
1778643912.1925209,387.64608120918274,7753,0.0,0.0,0.0527043342590332
1778643912.2342556,387.6878159046173,7754,0.0,0.0,0.04173469543457031
1778643912.287129,387.7406892776489,7755,0.0,0.0,0.05287337303161621
1778643912.3400254,387.7935857772827,7756,0.0,0.0,0.05289649963378906
1778643912.3822389,387.8357992172241,7757,0.0,0.0,0.04221343994140625
1778643912.4352489,387.88880920410156,7758,0.0,0.0,0.053009986877441406
1778643912.488121,387.9416813850403,7759,0.0,0.0,0.0528721809387207
1778643912.5411277,387.9946880340576,7760,0.0,0.0,0.053006649017333984
1778643912.5830631,388.0366234779358,7761,0.0,0.0,0.04193544387817383
1778643912.635498,388.08905839920044,7762,0.0,0.0,0.05243492126464844
1778643912.687668,388.1412284374237,7763,0.0,0.0,0.0521700382232666
1778643912.740104,388.19366431236267,7764,0.0,0.0,0.052435874938964844
1778643912.7831633,388.23672366142273,7765,0.0,0.0,0.043059349060058594
1778643912.835611,388.28917145729065,7766,0.0,0.0,0.05244779586791992
1778643912.8882267,388.34178709983826,7767,0.0,0.0,0.05261564254760742
1778643912.9413102,388.39487051963806,7768,0.0,0.0,0.05308341979980469
1778643912.9833896,388.436949968338,7769,0.0,0.0,0.04207944869995117
1778643913.0360954,388.4896557331085,7770,0.0,0.0,0.05270576477050781
1778643913.088501,388.54206132888794,7771,0.0,0.0,0.052405595779418945
1778643913.1412525,388.59481287002563,7772,0.0,0.0,0.05275154113769531
1778643913.183419,388.63697934150696,7773,0.0,0.0,0.04216647148132324
1778643913.236421,388.6899814605713,7774,0.0,0.0,0.053002119064331055
1778643913.2895243,388.74308466911316,7775,0.0,0.0,0.05310320854187012
1778643913.3416486,388.79520893096924,7776,0.0,0.0,0.0521242618560791
1778643913.3834617,388.83702206611633,7777,0.0,0.0,0.04181313514709473
1778643913.4360487,388.88960909843445,7778,0.0,0.0,0.052587032318115234
1778643913.4892328,388.94279313087463,7779,0.0,0.0,0.05318403244018555
1778643913.5420582,388.99561858177185,7780,0.0,0.0,0.0528254508972168
1778643913.5852513,389.0388116836548,7781,0.0,0.0,0.04319310188293457
1778643913.637494,389.0910544395447,7782,0.0,0.0,0.05224275588989258
1778643913.690058,389.1436183452606,7783,0.0,0.0,0.05256390571594238
1778643913.7321532,389.1857135295868,7784,0.0,0.0,0.042095184326171875
1778643913.7849236,389.23848390579224,7785,0.0,0.0,0.052770376205444336
1778643913.8372464,389.2908067703247,7786,0.0,0.0,0.0523228645324707
1778643913.890539,389.3440992832184,7787,0.0,0.0,0.05329251289367676
1778643913.9320922,389.38565254211426,7788,0.0,0.0,0.04155325889587402
1778643913.985123,389.4386832714081,7789,0.0,0.0,0.05303072929382324
1778643914.0392537,389.4928140640259,7790,0.0,0.0,0.05413079261779785
1778643914.091441,389.54500126838684,7791,0.0,0.0,0.052187204360961914
1778643914.1338785,389.5874388217926,7792,0.0,0.0,0.04243755340576172
1778643914.1868043,389.6403646469116,7793,0.0,0.0,0.052925825119018555
1778643914.2386568,389.6922171115875,7794,0.0,0.0,0.05185246467590332
1778643914.2914615,389.74502182006836,7795,0.0,0.0,0.05280470848083496
1778643914.3332472,389.78680753707886,7796,0.0,0.0,0.04178571701049805
1778643914.3864064,389.8399667739868,7797,0.0,0.0,0.053159236907958984
1778643914.4392495,389.8928098678589,7798,0.0,0.0,0.05284309387207031
1778643914.4920828,389.9456431865692,7799,0.0,0.0,0.05283331871032715
1778643914.5340114,389.9875717163086,7800,0.0,0.0,0.04192852973937988
1778643914.5863347,390.0398950576782,7801,0.0,0.0,0.052323341369628906
1778643914.6387496,390.0923099517822,7802,0.0,0.0,0.052414894104003906
1778643914.6910813,390.1446416378021,7803,0.0,0.0,0.05233168601989746
1778643914.7334805,390.18704080581665,7804,0.0,0.0,0.04239916801452637
1778643914.7873962,390.2409565448761,7805,0.0,0.0,0.05391573905944824
1778643914.839311,390.29287123680115,7806,0.0,0.0,0.05191469192504883
1778643914.8917384,390.34529876708984,7807,0.0,0.0,0.05242753028869629
1778643914.9333155,390.3868758678436,7808,0.0,0.0,0.04157710075378418
1778643914.9854643,390.43902468681335,7809,0.0,0.0,0.05214881896972656
1778643915.037863,390.491423368454,7810,0.0,0.0,0.052398681640625
1778643915.0903127,390.54387307167053,7811,0.0,0.0,0.052449703216552734
1778643915.1322901,390.5858504772186,7812,0.0,0.0,0.0419774055480957
1778643915.1847184,390.63827872276306,7813,0.0,0.0,0.052428245544433594
1778643915.2373195,390.69087982177734,7814,0.0,0.0,0.05260109901428223
1778643915.2899835,390.7435438632965,7815,0.0,0.0,0.05266404151916504
1778643915.332241,390.78580141067505,7816,0.0,0.0,0.04225754737854004
1778643915.3849814,390.8385417461395,7817,0.0,0.0,0.05274033546447754
1778643915.4375927,390.8911530971527,7818,0.0,0.0,0.052611351013183594
1778643915.4901626,390.94372296333313,7819,0.0,0.0,0.05256986618041992
1778643915.5322368,390.98579716682434,7820,0.0,0.0,0.04207420349121094
1778643915.5847979,391.03835821151733,7821,0.0,0.0,0.052561044692993164
1778643915.6373653,391.09092569351196,7822,0.0,0.0,0.052567481994628906
1778643915.6903732,391.1439335346222,7823,0.0,0.0,0.05300784111022949
1778643915.7325764,391.1861367225647,7824,0.0,0.0,0.04220318794250488
1778643915.7854328,391.2389931678772,7825,0.0,0.0,0.0528564453125
1778643915.8377194,391.29127979278564,7826,0.0,0.0,0.052286624908447266
1778643915.8904793,391.3440396785736,7827,0.0,0.0,0.05275988578796387
1778643915.934968,391.3885283470154,7828,0.0,0.0,0.04448866844177246
1778643915.9863837,391.43994402885437,7829,0.0,0.0,0.05141568183898926
1778643916.0387359,391.49229621887207,7830,0.0,0.0,0.052352190017700195
1778643916.0912006,391.5447609424591,7831,0.0,0.0,0.05246472358703613
1778643916.1332448,391.58680510520935,7832,0.0,0.0,0.04204416275024414
1778643916.1866198,391.6401801109314,7833,0.0,0.0,0.0533750057220459
1778643916.23936,391.6929204463959,7834,0.0,0.0,0.05274033546447754
1778643916.292095,391.74565529823303,7835,0.0,0.0,0.0527348518371582
1778643916.3337765,391.78733682632446,7836,0.0,0.0,0.041681528091430664
1778643916.3858573,391.83941769599915,7837,0.0,0.0,0.05208086967468262
1778643916.4382582,391.891818523407,7838,0.0,0.0,0.052400827407836914
1778643916.4909258,391.94448614120483,7839,0.0,0.0,0.05266761779785156
1778643916.5327713,391.9863317012787,7840,0.0,0.0,0.04184556007385254
1778643916.585299,392.0388593673706,7841,0.0,0.0,0.052527666091918945
1778643916.6382632,392.09182357788086,7842,0.0,0.0,0.052964210510253906
1778643916.6911654,392.14472579956055,7843,0.0,0.0,0.0529022216796875
1778643916.7344313,392.1879916191101,7844,0.0,0.0,0.04326581954956055
1778643916.786303,392.2398633956909,7845,0.0,0.0,0.05187177658081055
1778643916.8391192,392.29267954826355,7846,0.0,0.0,0.052816152572631836
1778643916.892175,392.3457353115082,7847,0.0,0.0,0.053055763244628906
1778643916.9342964,392.38785672187805,7848,0.0,0.0,0.04212141036987305
1778643916.9870064,392.440566778183,7849,0.0,0.0,0.05271005630493164
1778643917.041629,392.49518942832947,7850,0.0,0.0,0.054622650146484375
1778643917.082463,392.5360233783722,7851,0.0,0.0,0.04083395004272461
1778643917.1357496,392.5893099308014,7852,0.0,0.0,0.05328655242919922
1778643917.1906166,392.64417695999146,7853,0.0,0.0,0.05486702919006348
1778643917.2413146,392.69487500190735,7854,0.0,0.0,0.050698041915893555
1778643917.2839112,392.73747158050537,7855,0.0,0.0,0.04259657859802246
1778643917.3368905,392.7904508113861,7856,0.0,0.0,0.052979230880737305
1778643917.3895488,392.8431091308594,7857,0.0,0.0,0.0526583194732666
1778643917.4423118,392.89587211608887,7858,0.0,0.0,0.05276298522949219
1778643917.4845014,392.93806171417236,7859,0.0,0.0,0.042189598083496094
1778643917.5373402,392.99090051651,7860,0.0,0.0,0.052838802337646484
1778643917.589973,393.0435333251953,7861,0.0,0.0,0.052632808685302734
1778643917.6319067,393.08546710014343,7862,0.0,0.0,0.04193377494812012
1778643917.6848493,393.138409614563,7863,0.0,0.0,0.052942514419555664
1778643917.7374167,393.1909770965576,7864,0.0,0.0,0.052567481994628906
1778643917.790435,393.2439954280853,7865,0.0,0.0,0.05301833152770996
1778643917.8327513,393.2863116264343,7866,0.0,0.0,0.04231619834899902
1778643917.8858097,393.3393700122833,7867,0.0,0.0,0.05305838584899902
1778643917.9389088,393.39246916770935,7868,0.0,0.0,0.05309915542602539
1778643917.9916437,393.4452040195465,7869,0.0,0.0,0.0527348518371582
1778643918.0355763,393.4891366958618,7870,0.0,0.0,0.04393267631530762
1778643918.087571,393.54113125801086,7871,0.0,0.0,0.05199456214904785
1778643918.1392431,393.59280347824097,7872,0.0,0.0,0.05167222023010254
1778643918.1918468,393.6454071998596,7873,0.0,0.0,0.052603721618652344
1778643918.233923,393.68748331069946,7874,0.0,0.0,0.04207611083984375
1778643918.2862277,393.7397880554199,7875,0.0,0.0,0.052304744720458984
1778643918.338976,393.7925362586975,7876,0.0,0.0,0.05274820327758789
1778643918.3920467,393.8456070423126,7877,0.0,0.0,0.053070783615112305
1778643918.4343414,393.8879017829895,7878,0.0,0.0,0.04229474067687988
1778643918.4871042,393.9406645298004,7879,0.0,0.0,0.052762746810913086
1778643918.5406332,393.99419355392456,7880,0.0,0.0,0.05352902412414551
1778643918.5818844,394.0354447364807,7881,0.0,0.0,0.041251182556152344
1778643918.6344743,394.0880346298218,7882,0.0,0.0,0.05258989334106445
1778643918.688358,394.1419184207916,7883,0.0,0.0,0.05388379096984863
1778643918.7393098,394.1928701400757,7884,0.0,0.0,0.05095171928405762
1778643918.7916186,394.245178937912,7885,0.0,0.0,0.05230879783630371
1778643918.833663,394.2872233390808,7886,0.0,0.0,0.04204440116882324
1778643918.886113,394.33967328071594,7887,0.0,0.0,0.052449941635131836
1778643918.9387555,394.392315864563,7888,0.0,0.0,0.0526425838470459
1778643918.991261,394.44482135772705,7889,0.0,0.0,0.0525054931640625
1778643919.0329788,394.4865391254425,7890,0.0,0.0,0.0417177677154541
1778643919.0853982,394.5389585494995,7891,0.0,0.0,0.052419424057006836
1778643919.1377778,394.5913381576538,7892,0.0,0.0,0.052379608154296875
1778643919.1904228,394.64398312568665,7893,0.0,0.0,0.052644968032836914
1778643919.2326384,394.68619871139526,7894,0.0,0.0,0.042215585708618164
1778643919.2856822,394.73924255371094,7895,0.0,0.0,0.05304384231567383
1778643919.338113,394.79167342185974,7896,0.0,0.0,0.05243086814880371
1778643919.3906922,394.84425258636475,7897,0.0,0.0,0.05257916450500488
1778643919.4327798,394.8863401412964,7898,0.0,0.0,0.042087554931640625
1778643919.4876611,394.9412214756012,7899,0.0,0.0,0.05488133430480957
1778643919.539467,394.9930274486542,7900,0.0,0.0,0.051805973052978516
1778643919.591707,395.0452673435211,7901,0.0,0.0,0.05223989486694336
1778643919.6340187,395.0875790119171,7902,0.0,0.0,0.042311668395996094
1778643919.6863687,395.1399290561676,7903,0.0,0.0,0.05235004425048828
1778643919.739128,395.1926884651184,7904,0.0,0.0,0.052759408950805664
1778643919.791717,395.24527740478516,7905,0.0,0.0,0.05258893966674805
1778643919.8335702,395.28713059425354,7906,0.0,0.0,0.04185318946838379
1778643919.8865378,395.3400981426239,7907,0.0,0.0,0.05296754837036133
1778643919.9385846,395.3921449184418,7908,0.0,0.0,0.052046775817871094
1778643919.9914265,395.44498682022095,7909,0.0,0.0,0.052841901779174805
1778643920.032969,395.48652935028076,7910,0.0,0.0,0.04154253005981445
1778643920.0855494,395.53910970687866,7911,0.0,0.0,0.05258035659790039
1778643920.1378155,395.5913758277893,7912,0.0,0.0,0.05226612091064453
1778643920.1907167,395.6442770957947,7913,0.0,0.0,0.052901268005371094
1778643920.232692,395.68625235557556,7914,0.0,0.0,0.04197525978088379
1778643920.285624,395.73918437957764,7915,0.0,0.0,0.052932024002075195
1778643920.3386195,395.79217982292175,7916,0.0,0.0,0.05299544334411621
1778643920.3910804,395.8446407318115,7917,0.0,0.0,0.05246090888977051
1778643920.4330862,395.88664650917053,7918,0.0,0.0,0.04200577735900879
1778643920.4868312,395.94039154052734,7919,0.0,0.0,0.05374503135681152
1778643920.5385828,395.9921431541443,7920,0.0,0.0,0.05175161361694336
1778643920.5912488,396.0448091030121,7921,0.0,0.0,0.05266594886779785
1778643920.6348987,396.0884590148926,7922,0.0,0.0,0.043649911880493164
1778643920.6857991,396.13935947418213,7923,0.0,0.0,0.05090045928955078
1778643920.7379968,396.19155716896057,7924,0.0,0.0,0.05219769477844238
1778643920.7903569,396.2439172267914,7925,0.0,0.0,0.05236005783081055
1778643920.8333735,396.2869338989258,7926,0.0,0.0,0.043016672134399414
1778643920.8859508,396.33951115608215,7927,0.0,0.0,0.05257725715637207
1778643920.938117,396.39167737960815,7928,0.0,0.0,0.05216622352600098
1778643920.990399,396.443959236145,7929,0.0,0.0,0.052281856536865234
1778643921.033439,396.48699927330017,7930,0.0,0.0,0.04304003715515137
1778643921.0860333,396.53959369659424,7931,0.0,0.0,0.05259442329406738
1778643921.138174,396.5917344093323,7932,0.0,0.0,0.05214071273803711
1778643921.1906664,396.6442267894745,7933,0.0,0.0,0.052492380142211914
1778643921.232713,396.6862733364105,7934,0.0,0.0,0.042046546936035156
1778643921.2895977,396.7431581020355,7935,0.0,0.0,0.056884765625
1778643921.3402755,396.7938358783722,7936,0.0,0.0,0.05067777633666992
1778643921.3818262,396.8353865146637,7937,0.0,0.0,0.041550636291503906
1778643921.434561,396.88812136650085,7938,0.0,0.0,0.0527348518371582
1778643921.4869246,396.94048500061035,7939,0.0,0.0,0.05236363410949707
1778643921.5401878,396.9937481880188,7940,0.0,0.0,0.053263187408447266
1778643921.5821805,397.03574085235596,7941,0.0,0.0,0.0419926643371582
1778643921.635086,397.08864641189575,7942,0.0,0.0,0.05290555953979492
1778643921.6876667,397.14122700691223,7943,0.0,0.0,0.05258059501647949
1778643921.740017,397.1935772895813,7944,0.0,0.0,0.05235028266906738
1778643921.7822514,397.23581171035767,7945,0.0,0.0,0.04223442077636719
1778643921.8352926,397.28885293006897,7946,0.0,0.0,0.05304121971130371
1778643921.8885334,397.342093706131,7947,0.0,0.0,0.05324077606201172
1778643921.9413762,397.3949365615845,7948,0.0,0.0,0.05284285545349121
1778643921.9839027,397.43746304512024,7949,0.0,0.0,0.0425264835357666
1778643922.0360885,397.4896488189697,7950,0.0,0.0,0.052185773849487305
1778643922.0882835,397.5418438911438,7951,0.0,0.0,0.052195072174072266
1778643922.1408396,397.59439992904663,7952,0.0,0.0,0.05255603790283203
1778643922.182928,397.6364884376526,7953,0.0,0.0,0.04208850860595703
1778643922.2359202,397.6894805431366,7954,0.0,0.0,0.05299210548400879
1778643922.2889442,397.7425045967102,7955,0.0,0.0,0.0530240535736084
1778643922.3419833,397.7955436706543,7956,0.0,0.0,0.0530390739440918
1778643922.384358,397.8379182815552,7957,0.0,0.0,0.042374610900878906
1778643922.4368622,397.89042258262634,7958,0.0,0.0,0.05250430107116699
1778643922.4895108,397.94307112693787,7959,0.0,0.0,0.05264854431152344
1778643922.541724,397.99528431892395,7960,0.0,0.0,0.052213191986083984
1778643922.5840964,398.0376567840576,7961,0.0,0.0,0.04237246513366699
1778643922.6366787,398.09023904800415,7962,0.0,0.0,0.0525822639465332
1778643922.6891553,398.14271569252014,7963,0.0,0.0,0.05247664451599121
1778643922.741835,398.1953954696655,7964,0.0,0.0,0.05267977714538574
1778643922.7838624,398.23742270469666,7965,0.0,0.0,0.04202723503112793
1778643922.8376074,398.29116773605347,7966,0.0,0.0,0.05374503135681152
1778643922.8895805,398.3431408405304,7967,0.0,0.0,0.05197310447692871
1778643922.942475,398.39603543281555,7968,0.0,0.0,0.05289459228515625
1778643922.984328,398.43788838386536,7969,0.0,0.0,0.04185295104980469
1778643923.0373526,398.4909129142761,7970,0.0,0.0,0.0530245304107666
1778643923.0896049,398.5431652069092,7971,0.0,0.0,0.05225229263305664
1778643923.1422994,398.59585976600647,7972,0.0,0.0,0.05269455909729004
1778643923.1846116,398.6381719112396,7973,0.0,0.0,0.0423121452331543
1778643923.237178,398.69073843955994,7974,0.0,0.0,0.0525665283203125
1778643923.2900987,398.7436590194702,7975,0.0,0.0,0.05292057991027832
1778643923.332958,398.7865183353424,7976,0.0,0.0,0.04285931587219238
1778643923.386258,398.83981823921204,7977,0.0,0.0,0.053299903869628906
1778643923.4396684,398.89322876930237,7978,0.0,0.0,0.05341053009033203
1778643923.485204,398.938764333725,7979,0.0,0.0,0.04553556442260742
1778643923.535777,398.9893374443054,7980,0.0,0.0,0.050573110580444336
1778643923.5876737,399.04123401641846,7981,0.0,0.0,0.05189657211303711
1778643923.6415007,399.0950610637665,7982,0.0,0.0,0.05382704734802246
1778643923.6837184,399.1372787952423,7983,0.0,0.0,0.04221773147583008
1778643923.7370427,399.190603017807,7984,0.0,0.0,0.053324222564697266
1778643923.7899384,399.24349880218506,7985,0.0,0.0,0.05289578437805176
1778643923.842467,399.2960274219513,7986,0.0,0.0,0.05252861976623535
1778643923.8843763,399.33793663978577,7987,0.0,0.0,0.041909217834472656
1778643923.9368303,399.39039063453674,7988,0.0,0.0,0.05245399475097656
1778643923.9892979,399.44285821914673,7989,0.0,0.0,0.05246758460998535
1778643924.04231,399.4958703517914,7990,0.0,0.0,0.05301213264465332
1778643924.084473,399.538033246994,7991,0.0,0.0,0.04216289520263672
1778643924.1372936,399.59085392951965,7992,0.0,0.0,0.052820682525634766
1778643924.1901195,399.643679857254,7993,0.0,0.0,0.052825927734375
1778643924.2320108,399.68557119369507,7994,0.0,0.0,0.04189133644104004
1778643924.2844799,399.7380402088165,7995,0.0,0.0,0.05246901512145996
1778643924.3370144,399.79057478904724,7996,0.0,0.0,0.05253458023071289
1778643924.3900096,399.8435699939728,7997,0.0,0.0,0.05299520492553711
1778643924.4321277,399.88568806648254,7998,0.0,0.0,0.042118072509765625
1778643924.4856179,399.9391782283783,7999,0.0,0.0,0.05349016189575195
1778643924.537423,399.99098324775696,8000,0.0,0.0,0.05180501937866211
1778643924.5898535,400.0434138774872,8001,0.0,0.0,0.05243062973022461
1778643924.6421015,400.0956618785858,8002,0.0,0.0,0.05224800109863281
1778643924.6848233,400.13838362693787,8003,0.0,0.0,0.04272174835205078
1778643924.7374175,400.19097781181335,8004,0.0,0.0,0.05259418487548828
1778643924.7900062,400.2435665130615,8005,0.0,0.0,0.052588701248168945
1778643924.8318253,400.2853856086731,8006,0.0,0.0,0.041819095611572266
1778643924.884562,400.3381223678589,8007,0.0,0.0,0.052736759185791016
1778643924.9373994,400.39095973968506,8008,0.0,0.0,0.052837371826171875
1778643924.9908397,400.4444000720978,8009,0.0,0.0,0.05344033241271973
1778643925.032031,400.4855914115906,8010,0.0,0.0,0.04119133949279785
1778643925.084589,400.53814935684204,8011,0.0,0.0,0.052557945251464844
1778643925.1363301,400.5898904800415,8012,0.0,0.0,0.05174112319946289
1778643925.18844,400.64200043678284,8013,0.0,0.0,0.05210995674133301
1778643925.2408528,400.69441318511963,8014,0.0,0.0,0.05241274833679199
1778643925.283109,400.7366693019867,8015,0.0,0.0,0.04225611686706543
1778643925.335558,400.7891182899475,8016,0.0,0.0,0.05244898796081543
1778643925.3878927,400.84145307540894,8017,0.0,0.0,0.05233478546142578
1778643925.4411519,400.89471220970154,8018,0.0,0.0,0.05325913429260254
1778643925.4836917,400.93725204467773,8019,0.0,0.0,0.04253983497619629
1778643925.537173,400.99073338508606,8020,0.0,0.0,0.053481340408325195
1778643925.5903046,401.04386496543884,8021,0.0,0.0,0.0531315803527832
1778643925.6326382,401.0861985683441,8022,0.0,0.0,0.04233360290527344
1778643925.6892068,401.1427671909332,8023,0.0,0.0,0.05656862258911133
1778643925.7397382,401.19329857826233,8024,0.0,0.0,0.05053138732910156
1778643925.792087,401.2456474304199,8025,0.0,0.0,0.05234885215759277
1778643925.8346047,401.28816509246826,8026,0.0,0.0,0.042517662048339844
1778643925.8880486,401.34160900115967,8027,0.0,0.0,0.05344390869140625
1778643925.9405138,401.39407420158386,8028,0.0,0.0,0.052465200424194336
1778643925.9823499,401.43591022491455,8029,0.0,0.0,0.04183602333068848
1778643926.0350482,401.4886085987091,8030,0.0,0.0,0.052698373794555664
1778643926.0879734,401.5415337085724,8031,0.0,0.0,0.05292510986328125
1778643926.140503,401.59406328201294,8032,0.0,0.0,0.05252957344055176
1778643926.1827726,401.636332988739,8033,0.0,0.0,0.04226970672607422
1778643926.2365081,401.69006848335266,8034,0.0,0.0,0.05373549461364746
1778643926.2924035,401.7459638118744,8035,0.0,0.0,0.055895328521728516
1778643926.3342419,401.78780221939087,8036,0.0,0.0,0.04183840751647949
1778643926.386592,401.84015226364136,8037,0.0,0.0,0.05235004425048828
1778643926.4421902,401.8957505226135,8038,0.0,0.0,0.05559825897216797
1778643926.484016,401.9375762939453,8039,0.0,0.0,0.04182577133178711
1778643926.5359385,401.9894988536835,8040,0.0,0.0,0.05192255973815918
1778643926.5883546,402.04191493988037,8041,0.0,0.0,0.052416086196899414
1778643926.6408982,402.0944585800171,8042,0.0,0.0,0.05254364013671875
1778643926.6830213,402.136581659317,8043,0.0,0.0,0.04212307929992676
1778643926.735526,402.18908643722534,8044,0.0,0.0,0.052504777908325195
1778643926.7882304,402.2417907714844,8045,0.0,0.0,0.0527043342590332
1778643926.8405764,402.294136762619,8046,0.0,0.0,0.052345991134643555
1778643926.8828316,402.33639192581177,8047,0.0,0.0,0.04225516319274902
1778643926.9350188,402.38857913017273,8048,0.0,0.0,0.052187204360961914
1778643926.9876065,402.4411668777466,8049,0.0,0.0,0.05258774757385254
1778643927.0402288,402.4937891960144,8050,0.0,0.0,0.052622318267822266
1778643927.0821567,402.53571701049805,8051,0.0,0.0,0.04192781448364258
1778643927.13512,402.588680267334,8052,0.0,0.0,0.0529632568359375
1778643927.1874495,402.64100980758667,8053,0.0,0.0,0.05232954025268555
1778643927.2406518,402.69421219825745,8054,0.0,0.0,0.05320239067077637
1778643927.2919557,402.74551606178284,8055,0.0,0.0,0.051303863525390625
1778643927.3339448,402.7875051498413,8056,0.0,0.0,0.04198908805847168
1778643927.3866038,402.8401641845703,8057,0.0,0.0,0.052659034729003906
1778643927.4392927,402.8928530216217,8058,0.0,0.0,0.0526888370513916
1778643927.491813,402.94537329673767,8059,0.0,0.0,0.0525202751159668
1778643927.5339575,402.9875178337097,8060,0.0,0.0,0.0421445369720459
1778643927.5865023,403.04006266593933,8061,0.0,0.0,0.05254483222961426
1778643927.6389313,403.0924916267395,8062,0.0,0.0,0.0524289608001709
1778643927.6913886,403.1449489593506,8063,0.0,0.0,0.052457332611083984
1778643927.7333808,403.1869411468506,8064,0.0,0.0,0.0419921875
1778643927.7858303,403.23939061164856,8065,0.0,0.0,0.05244946479797363
1778643927.8385699,403.2921302318573,8066,0.0,0.0,0.052739620208740234
1778643927.890916,403.3444764614105,8067,0.0,0.0,0.052346229553222656
1778643927.9357927,403.3893530368805,8068,0.0,0.0,0.0448765754699707
1778643927.9872363,403.44079661369324,8069,0.0,0.0,0.05144357681274414
1778643928.040123,403.4936833381653,8070,0.0,0.0,0.0528867244720459
1778643928.0824435,403.5360038280487,8071,0.0,0.0,0.04232048988342285
1778643928.1351185,403.5886788368225,8072,0.0,0.0,0.05267500877380371
1778643928.1881473,403.6417076587677,8073,0.0,0.0,0.05302882194519043
1778643928.2409968,403.6945571899414,8074,0.0,0.0,0.052849531173706055
1778643928.283055,403.7366154193878,8075,0.0,0.0,0.04205822944641113
1778643928.3358977,403.78945803642273,8076,0.0,0.0,0.05284261703491211
1778643928.3891697,403.8427300453186,8077,0.0,0.0,0.05327200889587402
1778643928.4417946,403.8953549861908,8078,0.0,0.0,0.05262494087219238
1778643928.4836864,403.937246799469,8079,0.0,0.0,0.04189181327819824
1778643928.5366888,403.9902491569519,8080,0.0,0.0,0.053002357482910156
1778643928.5896096,404.04316997528076,8081,0.0,0.0,0.05292081832885742
1778643928.6423564,404.0959167480469,8082,0.0,0.0,0.05274677276611328
1778643928.6852977,404.1388580799103,8083,0.0,0.0,0.04294133186340332
1778643928.7395947,404.1931550502777,8084,0.0,0.0,0.05429697036743164
1778643928.7902746,404.2438349723816,8085,0.0,0.0,0.050679922103881836
1778643928.832413,404.2859733104706,8086,0.0,0.0,0.04213833808898926
1778643928.8849247,404.3384850025177,8087,0.0,0.0,0.05251169204711914
1778643928.9375641,404.3911244869232,8088,0.0,0.0,0.05263948440551758
1778643928.9902854,404.44384574890137,8089,0.0,0.0,0.052721261978149414
1778643929.0322576,404.4858179092407,8090,0.0,0.0,0.04197216033935547
1778643929.0848858,404.538446187973,8091,0.0,0.0,0.052628278732299805
1778643929.137876,404.5914363861084,8092,0.0,0.0,0.05299019813537598
1778643929.189838,404.6433982849121,8093,0.0,0.0,0.05196189880371094
1778643929.23177,404.6853303909302,8094,0.0,0.0,0.041932106018066406
1778643929.2840466,404.7376070022583,8095,0.0,0.0,0.052276611328125
1778643929.3363914,404.78995180130005,8096,0.0,0.0,0.05234479904174805
1778643929.38918,404.8427402973175,8097,0.0,0.0,0.052788496017456055
1778643929.4420373,404.8955976963043,8098,0.0,0.0,0.052857398986816406
1778643929.4846454,404.93820571899414,8099,0.0,0.0,0.042608022689819336
1778643929.5376568,404.99121713638306,8100,0.0,0.0,0.053011417388916016
1778643929.5905926,405.0441529750824,8101,0.0,0.0,0.05293583869934082
1778643929.6325247,405.08608508110046,8102,0.0,0.0,0.041932106018066406
1778643929.6847637,405.1383240222931,8103,0.0,0.0,0.05223894119262695
1778643929.7381501,405.19171047210693,8104,0.0,0.0,0.05338644981384277
1778643929.7912545,405.2448148727417,8105,0.0,0.0,0.053104400634765625
1778643929.8330777,405.2866380214691,8106,0.0,0.0,0.04182314872741699
1778643929.8852005,405.3387608528137,8107,0.0,0.0,0.05212283134460449
1778643929.9378786,405.39143896102905,8108,0.0,0.0,0.05267810821533203
1778643929.990477,405.44403743743896,8109,0.0,0.0,0.05259847640991211
1778643930.0327592,405.48631954193115,8110,0.0,0.0,0.0422821044921875
1778643930.0847535,405.5383138656616,8111,0.0,0.0,0.05199432373046875
1778643930.1376588,405.59121918678284,8112,0.0,0.0,0.05290532112121582
1778643930.1903164,405.64387679100037,8113,0.0,0.0,0.0526576042175293
1778643930.2322414,405.68580174446106,8114,0.0,0.0,0.04192495346069336
1778643930.28535,405.73891043663025,8115,0.0,0.0,0.05310869216918945
1778643930.3379486,405.79150891304016,8116,0.0,0.0,0.05259847640991211
1778643930.3907716,405.8443319797516,8117,0.0,0.0,0.05282306671142578
1778643930.4329667,405.8865270614624,8118,0.0,0.0,0.04219508171081543
1778643930.4862535,405.9398138523102,8119,0.0,0.0,0.05328679084777832
1778643930.5384161,405.9919764995575,8120,0.0,0.0,0.05216264724731445
1778643930.5909493,406.04450964927673,8121,0.0,0.0,0.05253314971923828
1778643930.6330965,406.08665680885315,8122,0.0,0.0,0.042147159576416016
1778643930.6860359,406.1395962238312,8123,0.0,0.0,0.052939414978027344
1778643930.7386591,406.1922194957733,8124,0.0,0.0,0.05262327194213867
1778643930.791487,406.2450473308563,8125,0.0,0.0,0.05282783508300781
1778643930.8335118,406.28707218170166,8126,0.0,0.0,0.042024850845336914
1778643930.8860037,406.3395640850067,8127,0.0,0.0,0.05249190330505371
1778643930.9385438,406.39210414886475,8128,0.0,0.0,0.05254006385803223
1778643930.9913056,406.44486594200134,8129,0.0,0.0,0.05276179313659668
1778643931.0331554,406.4867157936096,8130,0.0,0.0,0.04184985160827637
1778643931.0857897,406.5393500328064,8131,0.0,0.0,0.052634239196777344
1778643931.139505,406.5930652618408,8132,0.0,0.0,0.05371522903442383
1778643931.1912081,406.6447684764862,8133,0.0,0.0,0.05170321464538574
1778643931.2334948,406.6870551109314,8134,0.0,0.0,0.04228663444519043
1778643931.2866917,406.74025201797485,8135,0.0,0.0,0.05319690704345703
1778643931.3388963,406.7924566268921,8136,0.0,0.0,0.05220460891723633
1778643931.3914747,406.84503507614136,8137,0.0,0.0,0.05257844924926758
1778643931.4335012,406.88706159591675,8138,0.0,0.0,0.042026519775390625
1778643931.4866529,406.9402132034302,8139,0.0,0.0,0.053151607513427734
1778643931.5393314,406.99289178848267,8140,0.0,0.0,0.052678585052490234
1778643931.5921073,407.04566764831543,8141,0.0,0.0,0.05277585983276367
1778643931.634087,407.0876474380493,8142,0.0,0.0,0.04197978973388672
1778643931.6865613,407.1401216983795,8143,0.0,0.0,0.052474260330200195
1778643931.7395184,407.1930787563324,8144,0.0,0.0,0.05295705795288086
1778643931.7921922,407.2457525730133,8145,0.0,0.0,0.0526738166809082
1778643931.8346326,407.288192987442,8146,0.0,0.0,0.04244041442871094
1778643931.887294,407.3408544063568,8147,0.0,0.0,0.05266141891479492
1778643931.940223,407.39378333091736,8148,0.0,0.0,0.052928924560546875
1778643931.9835665,407.4371268749237,8149,0.0,0.0,0.043343544006347656
1778643932.0352647,407.48882508277893,8150,0.0,0.0,0.05169820785522461
1778643932.0875893,407.54114961624146,8151,0.0,0.0,0.052324533462524414
1778643932.1400208,407.593581199646,8152,0.0,0.0,0.052431583404541016
1778643932.1823015,407.6358618736267,8153,0.0,0.0,0.04228067398071289
1778643932.2349665,407.6885268688202,8154,0.0,0.0,0.052664995193481445
1778643932.2876592,407.74121952056885,8155,0.0,0.0,0.05269265174865723
1778643932.340376,407.793936252594,8156,0.0,0.0,0.052716732025146484
1778643932.3826807,407.8362410068512,8157,0.0,0.0,0.04230475425720215
1778643932.4352446,407.88880491256714,8158,0.0,0.0,0.05256390571594238
1778643932.488272,407.94183230400085,8159,0.0,0.0,0.05302739143371582
1778643932.5329595,407.9865198135376,8160,0.0,0.0,0.044687509536743164
1778643932.58462,408.0381803512573,8161,0.0,0.0,0.05166053771972656
1778643932.6370523,408.0906126499176,8162,0.0,0.0,0.05243229866027832
1778643932.690242,408.1438024044037,8163,0.0,0.0,0.053189754486083984
1778643932.7322278,408.18578815460205,8164,0.0,0.0,0.04198575019836426
1778643932.7850816,408.2386419773102,8165,0.0,0.0,0.05285382270812988
1778643932.8378172,408.2913775444031,8166,0.0,0.0,0.05273556709289551
1778643932.8908088,408.3443691730499,8167,0.0,0.0,0.052991628646850586
1778643932.9329808,408.38654112815857,8168,0.0,0.0,0.04217195510864258
1778643932.9860725,408.43963289260864,8169,0.0,0.0,0.05309176445007324
1778643933.0386329,408.4921932220459,8170,0.0,0.0,0.05256032943725586
1778643933.091053,408.54461336135864,8171,0.0,0.0,0.05242013931274414
1778643933.132903,408.5864634513855,8172,0.0,0.0,0.04185009002685547
1778643933.1847684,408.6383287906647,8173,0.0,0.0,0.051865339279174805
1778643933.2366369,408.6901972293854,8174,0.0,0.0,0.051868438720703125
1778643933.2888658,408.7424261569977,8175,0.0,0.0,0.05222892761230469
1778643933.340891,408.79445123672485,8176,0.0,0.0,0.05202507972717285
1778643933.3828192,408.83637952804565,8177,0.0,0.0,0.04192829132080078
1778643933.4352767,408.8888370990753,8178,0.0,0.0,0.052457571029663086
1778643933.488035,408.9415953159332,8179,0.0,0.0,0.052758216857910156
1778643933.5405176,408.9940779209137,8180,0.0,0.0,0.05248260498046875
1778643933.5821655,409.0357258319855,8181,0.0,0.0,0.041647911071777344
1778643933.634564,409.0881242752075,8182,0.0,0.0,0.0523984432220459
1778643933.6871202,409.14068055152893,8183,0.0,0.0,0.05255627632141113
1778643933.7402086,409.1937689781189,8184,0.0,0.0,0.05308842658996582
1778643933.7862544,409.2398147583008,8185,0.0,0.0,0.046045780181884766
1778643933.838262,409.2918224334717,8186,0.0,0.0,0.05200767517089844
1778643933.8907135,409.3442738056183,8187,0.0,0.0,0.052451372146606445
1778643933.932967,409.386527299881,8188,0.0,0.0,0.04225349426269531
1778643933.9888747,409.4424350261688,8189,0.0,0.0,0.0559077262878418
1778643934.042676,409.4962363243103,8190,0.0,0.0,0.05380129814147949
1778643934.0846572,409.53821754455566,8191,0.0,0.0,0.04198122024536133
1778643934.1368482,409.5904085636139,8192,0.0,0.0,0.05219101905822754
1778643934.1891942,409.64275455474854,8193,0.0,0.0,0.052345991134643555
1778643934.2419124,409.69547271728516,8194,0.0,0.0,0.052718162536621094
1778643934.2847936,409.7383539676666,8195,0.0,0.0,0.04288125038146973
1778643934.338382,409.79194235801697,8196,0.0,0.0,0.0535883903503418
1778643934.3924491,409.84600949287415,8197,0.0,0.0,0.054067134857177734
1778643934.4346952,409.8882555961609,8198,0.0,0.0,0.042246103286743164
1778643934.4873474,409.9409077167511,8199,0.0,0.0,0.05265212059020996
1778643934.5399945,409.99355483055115,8200,0.0,0.0,0.05264711380004883
1778643934.5827773,410.03633761405945,8201,0.0,0.0,0.04278278350830078
1778643934.6341565,410.08771681785583,8202,0.0,0.0,0.05137920379638672
1778643934.686066,410.13962626457214,8203,0.0,0.0,0.051909446716308594
1778643934.7395833,410.1931436061859,8204,0.0,0.0,0.05351734161376953
1778643934.7910283,410.24458861351013,8205,0.0,0.0,0.05144500732421875
1778643934.832843,410.2864034175873,8206,0.0,0.0,0.04181480407714844
1778643934.8852,410.33876037597656,8207,0.0,0.0,0.05235695838928223
1778643934.9374154,410.39097571372986,8208,0.0,0.0,0.0522153377532959
1778643934.9895806,410.44314098358154,8209,0.0,0.0,0.05216526985168457
1778643935.0418081,410.4953684806824,8210,0.0,0.0,0.05222749710083008
1778643935.083634,410.53719425201416,8211,0.0,0.0,0.04182577133178711
1778643935.1358259,410.5893862247467,8212,0.0,0.0,0.052191972732543945
1778643935.1882792,410.64183950424194,8213,0.0,0.0,0.05245327949523926
1778643935.2407327,410.69429302215576,8214,0.0,0.0,0.05245351791381836
1778643935.2826128,410.7361731529236,8215,0.0,0.0,0.041880130767822266
1778643935.335067,410.78862738609314,8216,0.0,0.0,0.052454233169555664
1778643935.3877387,410.84129905700684,8217,0.0,0.0,0.05267167091369629
1778643935.440527,410.8940873146057,8218,0.0,0.0,0.05278825759887695
1778643935.4824488,410.9360091686249,8219,0.0,0.0,0.04192185401916504
1778643935.5352106,410.9887709617615,8220,0.0,0.0,0.05276179313659668
1778643935.5875924,411.041152715683,8221,0.0,0.0,0.05238175392150879
1778643935.6398947,411.09345507621765,8222,0.0,0.0,0.05230236053466797
1778643935.6922302,411.1457905769348,8223,0.0,0.0,0.052335500717163086
1778643935.7342472,411.18780755996704,8224,0.0,0.0,0.04201698303222656
1778643935.786798,411.24035835266113,8225,0.0,0.0,0.0525507926940918
1778643935.8394864,411.29304671287537,8226,0.0,0.0,0.0526883602142334
1778643935.8922393,411.34579968452454,8227,0.0,0.0,0.05275297164916992
1778643935.9343493,411.3879096508026,8228,0.0,0.0,0.04210996627807617
1778643935.986847,411.44040727615356,8229,0.0,0.0,0.05249762535095215
1778643936.0395575,411.49311780929565,8230,0.0,0.0,0.052710533142089844
1778643936.0917592,411.54531955718994,8231,0.0,0.0,0.05220174789428711
1778643936.1335957,411.5871560573578,8232,0.0,0.0,0.04183650016784668
1778643936.1858513,411.63941168785095,8233,0.0,0.0,0.05225563049316406
1778643936.2383678,411.69192814826965,8234,0.0,0.0,0.05251646041870117
1778643936.2912695,411.7448298931122,8235,0.0,0.0,0.0529017448425293
1778643936.3330758,411.7866361141205,8236,0.0,0.0,0.04180622100830078
1778643936.3868213,411.84038162231445,8237,0.0,0.0,0.05374550819396973
1778643936.438848,411.8924083709717,8238,0.0,0.0,0.05202674865722656
1778643936.4914985,411.94505882263184,8239,0.0,0.0,0.05265045166015625
1778643936.5331175,411.98667788505554,8240,0.0,0.0,0.041619062423706055
1778643936.586155,412.0397152900696,8241,0.0,0.0,0.053037405014038086
1778643936.6390371,412.0925974845886,8242,0.0,0.0,0.05288219451904297
1778643936.6916,412.14516043663025,8243,0.0,0.0,0.05256295204162598
1778643936.7337413,412.1873016357422,8244,0.0,0.0,0.04214119911193848
1778643936.7860913,412.2396516799927,8245,0.0,0.0,0.05235004425048828
1778643936.8398955,412.2934558391571,8246,0.0,0.0,0.05380415916442871
1778643936.8920856,412.345645904541,8247,0.0,0.0,0.05219006538391113
1778643936.9339087,412.38746905326843,8248,0.0,0.0,0.04182314872741699
1778643936.9863596,412.4399199485779,8249,0.0,0.0,0.05245089530944824
1778643937.0397797,412.4933400154114,8250,0.0,0.0,0.053420066833496094
1778643937.0846949,412.53825521469116,8251,0.0,0.0,0.044915199279785156
1778643937.1352072,412.58876752853394,8252,0.0,0.0,0.05051231384277344
1778643937.1876485,412.6412088871002,8253,0.0,0.0,0.05244135856628418
1778643937.2401128,412.6936731338501,8254,0.0,0.0,0.05246424674987793
1778643937.2825098,412.7360701560974,8255,0.0,0.0,0.04239702224731445
1778643937.3354626,412.78902292251587,8256,0.0,0.0,0.05295276641845703
1778643937.3880496,412.841609954834,8257,0.0,0.0,0.052587032318115234
1778643937.4403129,412.8938732147217,8258,0.0,0.0,0.05226325988769531
1778643937.4845724,412.93813276290894,8259,0.0,0.0,0.04425954818725586
1778643937.5368521,412.9904124736786,8260,0.0,0.0,0.05227971076965332
1778643937.5892236,413.0427839756012,8261,0.0,0.0,0.05237150192260742
1778643937.6420865,413.09564685821533,8262,0.0,0.0,0.05286288261413574
1778643937.6840403,413.1376006603241,8263,0.0,0.0,0.04195380210876465
1778643937.7370756,413.1906359195709,8264,0.0,0.0,0.05303525924682617
1778643937.7899992,413.24355959892273,8265,0.0,0.0,0.05292367935180664
1778643937.8322213,413.285781621933,8266,0.0,0.0,0.042222023010253906
1778643937.885999,413.33955931663513,8267,0.0,0.0,0.05377769470214844
1778643937.9381506,413.3917109966278,8268,0.0,0.0,0.05215167999267578
1778643937.991473,413.4450333118439,8269,0.0,0.0,0.05332231521606445
1778643938.0339632,413.4875235557556,8270,0.0,0.0,0.042490243911743164
1778643938.0864792,413.54003953933716,8271,0.0,0.0,0.05251598358154297
1778643938.1389651,413.59252548217773,8272,0.0,0.0,0.05248594284057617
1778643938.1917045,413.6452648639679,8273,0.0,0.0,0.05273938179016113
1778643938.233966,413.6875264644623,8274,0.0,0.0,0.042261600494384766
1778643938.286755,413.7403154373169,8275,0.0,0.0,0.05278897285461426
1778643938.339368,413.79292845726013,8276,0.0,0.0,0.052613019943237305
1778643938.3916707,413.8452310562134,8277,0.0,0.0,0.05230259895324707
1778643938.4338608,413.88742113113403,8278,0.0,0.0,0.0421900749206543
1778643938.486769,413.9403293132782,8279,0.0,0.0,0.05290818214416504
1778643938.5393934,413.99295377731323,8280,0.0,0.0,0.05262446403503418
1778643938.5918512,414.0454115867615,8281,0.0,0.0,0.05245780944824219
1778643938.6340015,414.0875618457794,8282,0.0,0.0,0.042150259017944336
1778643938.6868098,414.14037013053894,8283,0.0,0.0,0.052808284759521484
1778643938.7399056,414.19346594810486,8284,0.0,0.0,0.05309581756591797
1778643938.782202,414.2357623577118,8285,0.0,0.0,0.042296409606933594
1778643938.8346205,414.2881808280945,8286,0.0,0.0,0.05241847038269043
1778643938.8870492,414.3406095504761,8287,0.0,0.0,0.0524287223815918
1778643938.939481,414.3930413722992,8288,0.0,0.0,0.05243182182312012
1778643938.991915,414.4454753398895,8289,0.0,0.0,0.05243396759033203
1778643939.0340831,414.4876434803009,8290,0.0,0.0,0.04216814041137695
1778643939.0896573,414.5432176589966,8291,0.0,0.0,0.05557417869567871
1778643939.1410623,414.5946226119995,8292,0.0,0.0,0.05140495300292969
1778643939.1830063,414.63656663894653,8293,0.0,0.0,0.041944026947021484
1778643939.2357235,414.68928384780884,8294,0.0,0.0,0.05271720886230469
1778643939.2888026,414.7423629760742,8295,0.0,0.0,0.05307912826538086
1778643939.3415968,414.7951571941376,8296,0.0,0.0,0.05279421806335449
1778643939.3838654,414.83742570877075,8297,0.0,0.0,0.04226851463317871
1778643939.436839,414.89039945602417,8298,0.0,0.0,0.05297374725341797
1778643939.4899235,414.9434838294983,8299,0.0,0.0,0.053084373474121094
1778643939.532118,414.98567843437195,8300,0.0,0.0,0.04219460487365723
1778643939.5848184,415.03837871551514,8301,0.0,0.0,0.05270028114318848
1778643939.6375008,415.0910611152649,8302,0.0,0.0,0.05268239974975586
1778643939.6903234,415.14388370513916,8303,0.0,0.0,0.05282258987426758
1778643939.7324953,415.1860556602478,8304,0.0,0.0,0.04217195510864258
1778643939.785189,415.2387492656708,8305,0.0,0.0,0.05269360542297363
1778643939.8376691,415.29122948646545,8306,0.0,0.0,0.052480220794677734
1778643939.8904257,415.3439860343933,8307,0.0,0.0,0.052756547927856445
1778643939.9324152,415.38597559928894,8308,0.0,0.0,0.04198956489562988
1778643939.9877105,415.44127082824707,8309,0.0,0.0,0.05529522895812988
1778643940.0381684,415.4917287826538,8310,0.0,0.0,0.05045795440673828
1778643940.0907004,415.54426074028015,8311,0.0,0.0,0.05253195762634277
1778643940.1328685,415.5864288806915,8312,0.0,0.0,0.04216814041137695
1778643940.1857197,415.6392800807953,8313,0.0,0.0,0.052851200103759766
1778643940.2386777,415.6922380924225,8314,0.0,0.0,0.052958011627197266
1778643940.2913005,415.74486088752747,8315,0.0,0.0,0.05262279510498047
1778643940.333433,415.786993265152,8316,0.0,0.0,0.04213237762451172
1778643940.3859322,415.839492559433,8317,0.0,0.0,0.05249929428100586
1778643940.4389143,415.89247465133667,8318,0.0,0.0,0.05298209190368652
1778643940.4915824,415.9451427459717,8319,0.0,0.0,0.052668094635009766
1778643940.5336046,415.98716497421265,8320,0.0,0.0,0.0420222282409668
1778643940.5875332,416.04109358787537,8321,0.0,0.0,0.05392861366271973
1778643940.638307,416.0918674468994,8322,0.0,0.0,0.05077385902404785
1778643940.690883,416.1444432735443,8323,0.0,0.0,0.05257582664489746
1778643940.7332122,416.18677258491516,8324,0.0,0.0,0.04232931137084961
1778643940.7861683,416.2397286891937,8325,0.0,0.0,0.05295610427856445
1778643940.839086,416.29264640808105,8326,0.0,0.0,0.0529177188873291
1778643940.8918748,416.3454351425171,8327,0.0,0.0,0.052788734436035156
1778643940.9341586,416.38771891593933,8328,0.0,0.0,0.04228377342224121
1778643940.9869037,416.4404640197754,8329,0.0,0.0,0.05274510383605957
1778643941.0393095,416.4928698539734,8330,0.0,0.0,0.05240583419799805
1778643941.0918207,416.54538106918335,8331,0.0,0.0,0.05251121520996094
1778643941.133877,416.5874373912811,8332,0.0,0.0,0.04205632209777832
1778643941.186678,416.6402382850647,8333,0.0,0.0,0.052800893783569336
1778643941.23938,416.69294023513794,8334,0.0,0.0,0.05270195007324219
1778643941.2920406,416.745600938797,8335,0.0,0.0,0.05266070365905762
1778643941.3340664,416.78762674331665,8336,0.0,0.0,0.04202580451965332
1778643941.387221,416.8407814502716,8337,0.0,0.0,0.053154706954956055
1778643941.4399695,416.8935298919678,8338,0.0,0.0,0.05274844169616699
1778643941.4823146,416.93587493896484,8339,0.0,0.0,0.04234504699707031
1778643941.5352285,416.9887888431549,8340,0.0,0.0,0.05291390419006348
1778643941.587932,417.0414924621582,8341,0.0,0.0,0.0527036190032959
1778643941.6405356,417.0940959453583,8342,0.0,0.0,0.05260348320007324
1778643941.682762,417.13632225990295,8343,0.0,0.0,0.042226314544677734
1778643941.735078,417.1886384487152,8344,0.0,0.0,0.05231618881225586
1778643941.7883737,417.2419340610504,8345,0.0,0.0,0.05329561233520508
1778643941.8406737,417.2942340373993,8346,0.0,0.0,0.05229997634887695
1778643941.8828647,417.33642506599426,8347,0.0,0.0,0.0421910285949707
1778643941.9353685,417.38892889022827,8348,0.0,0.0,0.05250382423400879
1778643941.9880211,417.44158148765564,8349,0.0,0.0,0.052652597427368164
1778643942.0405557,417.49411606788635,8350,0.0,0.0,0.05253458023071289
1778643942.0825355,417.53609585762024,8351,0.0,0.0,0.04197978973388672
1778643942.1349857,417.58854603767395,8352,0.0,0.0,0.05245018005371094
1778643942.187542,417.64110231399536,8353,0.0,0.0,0.05255627632141113
1778643942.239702,417.6932623386383,8354,0.0,0.0,0.052160024642944336
1778643942.292313,417.7458734512329,8355,0.0,0.0,0.05261111259460449
1778643942.3341172,417.787677526474,8356,0.0,0.0,0.04180407524108887
1778643942.3876214,417.8411817550659,8357,0.0,0.0,0.053504228591918945
1778643942.4404557,417.89401602745056,8358,0.0,0.0,0.052834272384643555
1778643942.482808,417.9363684654236,8359,0.0,0.0,0.04235243797302246
1778643942.5353324,417.9888927936554,8360,0.0,0.0,0.05252432823181152
1778643942.5879083,418.0414686203003,8361,0.0,0.0,0.05257582664489746
1778643942.6404417,418.0940020084381,8362,0.0,0.0,0.05253338813781738
1778643942.682322,418.1358823776245,8363,0.0,0.0,0.04188036918640137
1778643942.735065,418.18862533569336,8364,0.0,0.0,0.052742958068847656
1778643942.7877016,418.2412619590759,8365,0.0,0.0,0.05263662338256836
1778643942.840257,418.293817281723,8366,0.0,0.0,0.05255532264709473
1778643942.882704,418.33626437187195,8367,0.0,0.0,0.04244709014892578
1778643942.935275,418.38883543014526,8368,0.0,0.0,0.05257105827331543
1778643942.9881122,418.44167256355286,8369,0.0,0.0,0.05283713340759277
1778643943.0411692,418.4947295188904,8370,0.0,0.0,0.053056955337524414
1778643943.0842583,418.5378186702728,8371,0.0,0.0,0.04308915138244629
1778643943.137336,418.59089636802673,8372,0.0,0.0,0.05307769775390625
1778643943.189309,418.6428692340851,8373,0.0,0.0,0.05197286605834961
1778643943.2417822,418.69534254074097,8374,0.0,0.0,0.05247330665588379
1778643943.2840586,418.73761892318726,8375,0.0,0.0,0.04227638244628906
1778643943.3365762,418.79013657569885,8376,0.0,0.0,0.05251765251159668
1778643943.3891642,418.8427245616913,8377,0.0,0.0,0.05258798599243164
1778643943.4413555,418.8949158191681,8378,0.0,0.0,0.05219125747680664
1778643943.4834645,418.93702483177185,8379,0.0,0.0,0.042109012603759766
1778643943.5361125,418.9896728992462,8380,0.0,0.0,0.052648067474365234
1778643943.5884726,419.042032957077,8381,0.0,0.0,0.05236005783081055
1778643943.641079,419.09463930130005,8382,0.0,0.0,0.05260634422302246
1778643943.6832287,419.13678908348083,8383,0.0,0.0,0.04214978218078613
1778643943.7356126,419.18917298316956,8384,0.0,0.0,0.0523838996887207
1778643943.7887235,419.24228382110596,8385,0.0,0.0,0.05311083793640137
1778643943.8413453,419.2949056625366,8386,0.0,0.0,0.05262184143066406
1778643943.8838508,419.3374111652374,8387,0.0,0.0,0.042505502700805664
1778643943.9362438,419.38980412483215,8388,0.0,0.0,0.05239295959472656
1778643943.9886181,419.4421784877777,8389,0.0,0.0,0.05237436294555664
1778643944.040881,419.49444127082825,8390,0.0,0.0,0.05226278305053711
1778643944.0833066,419.53686690330505,8391,0.0,0.0,0.04242563247680664
1778643944.1355085,419.5890688896179,8392,0.0,0.0,0.05220198631286621
1778643944.1876924,419.6412527561188,8393,0.0,0.0,0.05218386650085449
1778643944.2402515,419.69381189346313,8394,0.0,0.0,0.05255913734436035
1778643944.2820227,419.7355830669403,8395,0.0,0.0,0.04177117347717285
1778643944.33485,419.78841042518616,8396,0.0,0.0,0.05282735824584961
1778643944.3873618,419.8409221172333,8397,0.0,0.0,0.05251169204711914
1778643944.4400449,419.89360523223877,8398,0.0,0.0,0.052683115005493164
1778643944.4824228,419.93598318099976,8399,0.0,0.0,0.04237794876098633
1778643944.534897,419.98845744132996,8400,0.0,0.0,0.052474260330200195
1778643944.5875196,420.04107999801636,8401,0.0,0.0,0.05262255668640137
1778643944.6398015,420.0933618545532,8402,0.0,0.0,0.052281856536865234
1778643944.6818368,420.13539719581604,8403,0.0,0.0,0.04203534126281738
1778643944.734175,420.1877353191376,8404,0.0,0.0,0.0523381233215332
1778643944.7867765,420.240336894989,8405,0.0,0.0,0.05260157585144043
1778643944.8395889,420.2931492328644,8406,0.0,0.0,0.05281233787536621
1778643944.8923242,420.3458845615387,8407,0.0,0.0,0.052735328674316406
1778643944.9344373,420.3879976272583,8408,0.0,0.0,0.04211306571960449
1778643944.9874966,420.4410569667816,8409,0.0,0.0,0.05305933952331543
1778643945.040032,420.49359226226807,8410,0.0,0.0,0.052535295486450195
1778643945.0819104,420.53547072410583,8411,0.0,0.0,0.041878461837768555
1778643945.1345541,420.5881145000458,8412,0.0,0.0,0.052643775939941406
1778643945.1870992,420.64065957069397,8413,0.0,0.0,0.05254507064819336
1778643945.2398396,420.69339990615845,8414,0.0,0.0,0.05274033546447754
1778643945.292456,420.7460162639618,8415,0.0,0.0,0.05261635780334473
1778643945.3349562,420.78851652145386,8416,0.0,0.0,0.04250025749206543
1778643945.3885174,420.8420777320862,8417,0.0,0.0,0.05356121063232422
1778643945.4414046,420.8949649333954,8418,0.0,0.0,0.0528872013092041
1778643945.4853473,420.938907623291,8419,0.0,0.0,0.04394268989562988
1778643945.5371723,420.9907326698303,8420,0.0,0.0,0.05182504653930664
1778643945.5902023,421.0437626838684,8421,0.0,0.0,0.05303001403808594
1778643945.6324637,421.0860240459442,8422,0.0,0.0,0.042261362075805664
1778643945.685061,421.13862133026123,8423,0.0,0.0,0.0525972843170166
1778643945.737982,421.19154238700867,8424,0.0,0.0,0.05292105674743652
1778643945.7912211,421.2447814941406,8425,0.0,0.0,0.05323910713195801
1778643945.8334007,421.2869610786438,8426,0.0,0.0,0.04217958450317383
1778643945.886442,421.3400022983551,8427,0.0,0.0,0.05304121971130371
1778643945.9393835,421.39294385910034,8428,0.0,0.0,0.05294156074523926
1778643945.9922297,421.44579005241394,8429,0.0,0.0,0.05284619331359863
1778643946.0342019,421.4877622127533,8430,0.0,0.0,0.04197216033935547
1778643946.0865865,421.54014682769775,8431,0.0,0.0,0.05238461494445801
1778643946.1387544,421.5923147201538,8432,0.0,0.0,0.05216789245605469
1778643946.1910317,421.64459204673767,8433,0.0,0.0,0.052277326583862305
1778643946.2330494,421.68660974502563,8434,0.0,0.0,0.04201769828796387
1778643946.286501,421.7400612831116,8435,0.0,0.0,0.0534515380859375
1778643946.3392377,421.79279804229736,8436,0.0,0.0,0.052736759185791016
1778643946.3919013,421.84546160697937,8437,0.0,0.0,0.052663564682006836
1778643946.4345193,421.8880796432495,8438,0.0,0.0,0.0426180362701416
1778643946.487277,421.94083738327026,8439,0.0,0.0,0.05275774002075195
1778643946.5400121,421.993572473526,8440,0.0,0.0,0.052735090255737305
1778643946.5821795,422.03573989868164,8441,0.0,0.0,0.04216742515563965
1778643946.6346626,422.08822298049927,8442,0.0,0.0,0.05248308181762695
1778643946.6873856,422.14094591140747,8443,0.0,0.0,0.052722930908203125
1778643946.7401726,422.19373297691345,8444,0.0,0.0,0.052787065505981445
1778643946.782516,422.23607635498047,8445,0.0,0.0,0.0423433780670166
1778643946.8351908,422.2887511253357,8446,0.0,0.0,0.05267477035522461
1778643946.8873372,422.34089756011963,8447,0.0,0.0,0.05214643478393555
1778643946.9399638,422.3935241699219,8448,0.0,0.0,0.052626609802246094
1778643946.9820764,422.4356367588043,8449,0.0,0.0,0.04211258888244629
1778643947.0346384,422.48819875717163,8450,0.0,0.0,0.05256199836730957
1778643947.0872922,422.5408525466919,8451,0.0,0.0,0.05265378952026367
1778643947.1396923,422.593252658844,8452,0.0,0.0,0.05240011215209961
1778643947.1920712,422.64563155174255,8453,0.0,0.0,0.05237889289855957
1778643947.2341735,422.6877338886261,8454,0.0,0.0,0.04210233688354492
1778643947.2867508,422.74031114578247,8455,0.0,0.0,0.05257725715637207
1778643947.3395493,422.79310965538025,8456,0.0,0.0,0.05279850959777832
1778643947.3917365,422.8452968597412,8457,0.0,0.0,0.052187204360961914
1778643947.4337633,422.8873236179352,8458,0.0,0.0,0.04202675819396973
1778643947.4865224,422.9400827884674,8459,0.0,0.0,0.05275917053222656
1778643947.5396044,422.99316477775574,8460,0.0,0.0,0.05308198928833008
1778643947.5921543,423.0457146167755,8461,0.0,0.0,0.05254983901977539
1778643947.63397,423.087530374527,8462,0.0,0.0,0.041815757751464844
1778643947.6863847,423.1399450302124,8463,0.0,0.0,0.052414655685424805
1778643947.7385356,423.19209599494934,8464,0.0,0.0,0.05215096473693848
1778643947.7910717,423.2446320056915,8465,0.0,0.0,0.0525360107421875
1778643947.8334365,423.28699684143066,8466,0.0,0.0,0.04236483573913574
1778643947.8860998,423.3396601676941,8467,0.0,0.0,0.052663326263427734
1778643947.93865,423.39221024513245,8468,0.0,0.0,0.05255007743835449
1778643947.9912899,423.4448502063751,8469,0.0,0.0,0.05263996124267578
1778643948.0331123,423.4866726398468,8470,0.0,0.0,0.04182243347167969
1778643948.085624,423.5391843318939,8471,0.0,0.0,0.05251169204711914
1778643948.138915,423.5924754142761,8472,0.0,0.0,0.05329108238220215
1778643948.191329,423.6448893547058,8473,0.0,0.0,0.0524139404296875
1778643948.2328951,423.68645548820496,8474,0.0,0.0,0.04156613349914551
1778643948.2849638,423.7385241985321,8475,0.0,0.0,0.05206871032714844
1778643948.337693,423.79125332832336,8476,0.0,0.0,0.052729129791259766
1778643948.3902178,423.84377813339233,8477,0.0,0.0,0.05252480506896973
1778643948.4320946,423.88565492630005,8478,0.0,0.0,0.041876792907714844
1778643948.484674,423.93823432922363,8479,0.0,0.0,0.052579402923583984
1778643948.5371065,423.9906668663025,8480,0.0,0.0,0.05243253707885742
1778643948.5899649,424.0435252189636,8481,0.0,0.0,0.05285835266113281
1778643948.6319408,424.08550119400024,8482,0.0,0.0,0.041975975036621094
1778643948.6850731,424.13863348960876,8483,0.0,0.0,0.05313229560852051
1778643948.7380974,424.19165778160095,8484,0.0,0.0,0.0530242919921875
1778643948.79053,424.2440903186798,8485,0.0,0.0,0.05243253707885742
1778643948.8323987,424.28595900535583,8486,0.0,0.0,0.04186868667602539
1778643948.8857932,424.33935356140137,8487,0.0,0.0,0.05339455604553223
1778643948.938313,424.3918733596802,8488,0.0,0.0,0.052519798278808594
1778643948.9909458,424.4445061683655,8489,0.0,0.0,0.052632808685302734
1778643949.0332155,424.48677587509155,8490,0.0,0.0,0.04226970672607422
1778643949.0857995,424.53935980796814,8491,0.0,0.0,0.052583932876586914
1778643949.1383386,424.59189891815186,8492,0.0,0.0,0.05253911018371582
1778643949.190894,424.64445424079895,8493,0.0,0.0,0.05255532264709473
1778643949.233007,424.68656730651855,8494,0.0,0.0,0.04211306571960449
1778643949.2860196,424.73957991600037,8495,0.0,0.0,0.05301260948181152
1778643949.338769,424.79232931137085,8496,0.0,0.0,0.0527493953704834
1778643949.391255,424.8448152542114,8497,0.0,0.0,0.05248594284057617
1778643949.4334507,424.887011051178,8498,0.0,0.0,0.042195796966552734
1778643949.486344,424.93990445137024,8499,0.0,0.0,0.05289340019226074
1778643949.5390723,424.9926326274872,8500,0.0,0.0,0.05272817611694336
1778643949.5918622,425.0454225540161,8501,0.0,0.0,0.052789926528930664
1778643949.6340055,425.08756589889526,8502,0.0,0.0,0.04214334487915039
1778643949.6863084,425.1398687362671,8503,0.0,0.0,0.05230283737182617
1778643949.7383115,425.191871881485,8504,0.0,0.0,0.05200314521789551
1778643949.7908516,425.244411945343,8505,0.0,0.0,0.05254006385803223
1778643949.8328936,425.28645396232605,8506,0.0,0.0,0.04204201698303223
1778643949.8860857,425.3396461009979,8507,0.0,0.0,0.053192138671875
1778643949.9381933,425.39175367355347,8508,0.0,0.0,0.05210757255554199
1778643949.9904246,425.44398498535156,8509,0.0,0.0,0.0522313117980957
1778643950.0322738,425.4858341217041,8510,0.0,0.0,0.04184913635253906
1778643950.0846732,425.53823351860046,8511,0.0,0.0,0.052399396896362305
1778643950.1368814,425.5904417037964,8512,0.0,0.0,0.05220818519592285
1778643950.1896226,425.6431829929352,8513,0.0,0.0,0.052741289138793945
1778643950.2323465,425.68590688705444,8514,0.0,0.0,0.042723894119262695
1778643950.2852633,425.73882365226746,8515,0.0,0.0,0.052916765213012695
1778643950.3376005,425.7911608219147,8516,0.0,0.0,0.0523371696472168
1778643950.3902292,425.84378957748413,8517,0.0,0.0,0.05262875556945801
1778643950.432335,425.8858952522278,8518,0.0,0.0,0.042105674743652344
1778643950.4847522,425.9383125305176,8519,0.0,0.0,0.05241727828979492
1778643950.5376048,425.9911651611328,8520,0.0,0.0,0.052852630615234375
1778643950.5902555,426.04381585121155,8521,0.0,0.0,0.05265069007873535
1778643950.632586,426.0861463546753,8522,0.0,0.0,0.04233050346374512
1778643950.6856203,426.1391806602478,8523,0.0,0.0,0.053034305572509766
1778643950.7383492,426.1919095516205,8524,0.0,0.0,0.052728891372680664
1778643950.79122,426.24478030204773,8525,0.0,0.0,0.052870750427246094
1778643950.8331804,426.2867407798767,8526,0.0,0.0,0.04196047782897949
1778643950.8860953,426.3396556377411,8527,0.0,0.0,0.05291485786437988
1778643950.9394724,426.39303278923035,8528,0.0,0.0,0.05337715148925781
1778643950.992062,426.44562244415283,8529,0.0,0.0,0.05258965492248535
1778643951.0343313,426.48789167404175,8530,0.0,0.0,0.042269229888916016
1778643951.088248,426.5418083667755,8531,0.0,0.0,0.05391669273376465
1778643951.1417463,426.59530663490295,8532,0.0,0.0,0.053498268127441406
1778643951.1832378,426.63679814338684,8533,0.0,0.0,0.04149150848388672
1778643951.235513,426.6890733242035,8534,0.0,0.0,0.05227518081665039
1778643951.2879798,426.74154019355774,8535,0.0,0.0,0.05246686935424805
1778643951.3403523,426.79391264915466,8536,0.0,0.0,0.05237245559692383
1778643951.382069,426.8356294631958,8537,0.0,0.0,0.041716814041137695
1778643951.4347835,426.88834381103516,8538,0.0,0.0,0.05271434783935547
1778643951.4870896,426.9406499862671,8539,0.0,0.0,0.052306175231933594
1778643951.5403361,426.993896484375,8540,0.0,0.0,0.053246498107910156
1778643951.5823545,427.0359148979187,8541,0.0,0.0,0.04201841354370117
1778643951.6349685,427.08852887153625,8542,0.0,0.0,0.05261397361755371
1778643951.6874862,427.14104652404785,8543,0.0,0.0,0.05251765251159668
1778643951.7403166,427.19387698173523,8544,0.0,0.0,0.05283045768737793
1778643951.7822692,427.2358295917511,8545,0.0,0.0,0.04195261001586914
1778643951.8346827,427.2882430553436,8546,0.0,0.0,0.0524134635925293
1778643951.886958,427.3405182361603,8547,0.0,0.0,0.05227518081665039
1778643951.9390497,427.3926100730896,8548,0.0,0.0,0.05209183692932129
1778643951.9919238,427.44548416137695,8549,0.0,0.0,0.052874088287353516
1778643952.0339115,427.48747181892395,8550,0.0,0.0,0.04198765754699707
1778643952.0870943,427.54065465927124,8551,0.0,0.0,0.05318284034729004
1778643952.139644,427.59320425987244,8552,0.0,0.0,0.05254960060119629
1778643952.1921678,427.6457281112671,8553,0.0,0.0,0.05252385139465332
1778643952.2339623,427.687522649765,8554,0.0,0.0,0.041794538497924805
1778643952.2864208,427.739981174469,8555,0.0,0.0,0.05245852470397949
1778643952.3387904,427.79235076904297,8556,0.0,0.0,0.05236959457397461
1778643952.39129,427.84485030174255,8557,0.0,0.0,0.05249953269958496
1778643952.4333098,427.88687014579773,8558,0.0,0.0,0.04201984405517578
1778643952.4862175,427.93977785110474,8559,0.0,0.0,0.052907705307006836
1778643952.538915,427.992475271225,8560,0.0,0.0,0.05269742012023926
1778643952.5915961,428.04515647888184,8561,0.0,0.0,0.05268120765686035
1778643952.633535,428.0870952606201,8562,0.0,0.0,0.04193878173828125
1778643952.6860569,428.13961720466614,8563,0.0,0.0,0.05252194404602051
1778643952.739496,428.19305634498596,8564,0.0,0.0,0.05343914031982422
1778643952.791356,428.2449164390564,8565,0.0,0.0,0.05186009407043457
1778643952.8331254,428.28668570518494,8566,0.0,0.0,0.04176926612854004
1778643952.8860457,428.33960604667664,8567,0.0,0.0,0.05292034149169922
1778643952.938611,428.39217138290405,8568,0.0,0.0,0.05256533622741699
1778643952.9912095,428.44476985931396,8569,0.0,0.0,0.05259847640991211
1778643953.0335817,428.48714208602905,8570,0.0,0.0,0.04237222671508789
1778643953.0898197,428.54338002204895,8571,0.0,0.0,0.05623793601989746
1778643953.1320229,428.58558320999146,8572,0.0,0.0,0.04220318794250488
1778643953.185701,428.63926124572754,8573,0.0,0.0,0.053678035736083984
1778643953.2380672,428.6916275024414,8574,0.0,0.0,0.05236625671386719
1778643953.2911623,428.7447226047516,8575,0.0,0.0,0.053095102310180664
1778643953.3348246,428.7883849143982,8576,0.0,0.0,0.043662309646606445
1778643953.3877015,428.8412618637085,8577,0.0,0.0,0.052876949310302734
1778643953.4403548,428.8939151763916,8578,0.0,0.0,0.05265331268310547
1778643953.4823768,428.935937166214,8579,0.0,0.0,0.042021989822387695
1778643953.5352843,428.9888446331024,8580,0.0,0.0,0.052907466888427734
1778643953.5878341,429.0413944721222,8581,0.0,0.0,0.05254983901977539
1778643953.6410666,429.09462690353394,8582,0.0,0.0,0.053232431411743164
1778643953.6834142,429.1369745731354,8583,0.0,0.0,0.04234766960144043
1778643953.7365773,429.1901376247406,8584,0.0,0.0,0.05316305160522461
1778643953.7889314,429.24249172210693,8585,0.0,0.0,0.05235409736633301
1778643953.8427727,429.2963330745697,8586,0.0,0.0,0.053841352462768555
1778643953.885647,429.3392074108124,8587,0.0,0.0,0.04287433624267578
1778643953.938435,429.3919954299927,8588,0.0,0.0,0.05278801918029785
1778643953.9908316,429.4443919658661,8589,0.0,0.0,0.052396535873413086
1778643954.0325813,429.48614168167114,8590,0.0,0.0,0.04174971580505371
1778643954.084845,429.538405418396,8591,0.0,0.0,0.052263736724853516
1778643954.1377056,429.59126591682434,8592,0.0,0.0,0.05286049842834473
1778643954.190449,429.64400935173035,8593,0.0,0.0,0.05274343490600586
1778643954.2326388,429.6861991882324,8594,0.0,0.0,0.042189836502075195
1778643954.2855904,429.739150762558,8595,0.0,0.0,0.05295157432556152
1778643954.3376403,429.7912006378174,8596,0.0,0.0,0.052049875259399414
1778643954.3898113,429.84337162971497,8597,0.0,0.0,0.05217099189758301
1778643954.4318008,429.8853611946106,8598,0.0,0.0,0.04198956489562988
1778643954.4843545,429.93791484832764,8599,0.0,0.0,0.052553653717041016
1778643954.536529,429.9900894165039,8600,0.0,0.0,0.05217456817626953
1778643954.588947,430.04250741004944,8601,0.0,0.0,0.05241799354553223
1778643954.641338,430.09489846229553,8602,0.0,0.0,0.05239105224609375
1778643954.6832345,430.13679480552673,8603,0.0,0.0,0.04189634323120117
1778643954.73588,430.18944025039673,8604,0.0,0.0,0.05264544486999512
1778643954.7886379,430.24219822883606,8605,0.0,0.0,0.052757978439331055
1778643954.8409235,430.2944839000702,8606,0.0,0.0,0.05228567123413086
1778643954.8829803,430.3365406990051,8607,0.0,0.0,0.04205679893493652
1778643954.9354231,430.3889834880829,8608,0.0,0.0,0.05244278907775879
1778643954.9881086,430.44166898727417,8609,0.0,0.0,0.05268549919128418
1778643955.04078,430.4943404197693,8610,0.0,0.0,0.05267143249511719
1778643955.0826395,430.5361998081207,8611,0.0,0.0,0.04185938835144043
1778643955.1349664,430.58852672576904,8612,0.0,0.0,0.05232691764831543
1778643955.1873925,430.64095282554626,8613,0.0,0.0,0.05242609977722168
1778643955.2398171,430.693377494812,8614,0.0,0.0,0.05242466926574707
1778643955.2921705,430.7457308769226,8615,0.0,0.0,0.0523533821105957
1778643955.3344514,430.7880117893219,8616,0.0,0.0,0.04228091239929199
1778643955.3875103,430.84107065200806,8617,0.0,0.0,0.05305886268615723
1778643955.4404962,430.894056558609,8618,0.0,0.0,0.05298590660095215
1778643955.482635,430.93619537353516,8619,0.0,0.0,0.04213881492614746
1778643955.5352986,430.98885893821716,8620,0.0,0.0,0.052663564682006836
1778643955.5880682,431.04162859916687,8621,0.0,0.0,0.05276966094970703
1778643955.640876,431.09443640708923,8622,0.0,0.0,0.05280780792236328
1778643955.6827965,431.1363568305969,8623,0.0,0.0,0.04192042350769043
1778643955.735222,431.188782453537,8624,0.0,0.0,0.05242562294006348
1778643955.7878082,431.2413685321808,8625,0.0,0.0,0.05258607864379883
1778643955.8403037,431.2938640117645,8626,0.0,0.0,0.052495479583740234
1778643955.8828402,431.3364005088806,8627,0.0,0.0,0.04253649711608887
1778643955.9358528,431.3894131183624,8628,0.0,0.0,0.05301260948181152
1778643955.988292,431.4418523311615,8629,0.0,0.0,0.052439212799072266
1778643956.041269,431.494829416275,8630,0.0,0.0,0.05297708511352539
1778643956.0825837,431.5361440181732,8631,0.0,0.0,0.04131460189819336
1778643956.134883,431.58844327926636,8632,0.0,0.0,0.05229926109313965
1778643956.1876013,431.64116168022156,8633,0.0,0.0,0.052718400955200195
1778643956.2403417,431.69390201568604,8634,0.0,0.0,0.05274033546447754
1778643956.2822068,431.7357671260834,8635,0.0,0.0,0.04186511039733887
1778643956.335526,431.7890863418579,8636,0.0,0.0,0.05331921577453613
1778643956.3879416,431.84150195121765,8637,0.0,0.0,0.05241560935974121
1778643956.440869,431.8944294452667,8638,0.0,0.0,0.052927494049072266
1778643956.4831755,431.936735868454,8639,0.0,0.0,0.04230642318725586
1778643956.5364237,431.98998403549194,8640,0.0,0.0,0.05324816703796387
1778643956.5912254,432.04478573799133,8641,0.0,0.0,0.05480170249938965
1778643956.6331704,432.08673071861267,8642,0.0,0.0,0.04194498062133789
1778643956.6854403,432.1390006542206,8643,0.0,0.0,0.052269935607910156
1778643956.73746,432.19102025032043,8644,0.0,0.0,0.052019596099853516
1778643956.790136,432.24369645118713,8645,0.0,0.0,0.05267620086669922
1778643956.8319902,432.28555059432983,8646,0.0,0.0,0.041854143142700195
1778643956.8847332,432.3382935523987,8647,0.0,0.0,0.052742958068847656
1778643956.937234,432.39079427719116,8648,0.0,0.0,0.05250072479248047
1778643956.9897003,432.44326066970825,8649,0.0,0.0,0.052466392517089844
1778643957.04188,432.4954402446747,8650,0.0,0.0,0.052179574966430664
1778643957.0842822,432.53784251213074,8651,0.0,0.0,0.04240226745605469
1778643957.136768,432.5903284549713,8652,0.0,0.0,0.05248594284057617
1778643957.189812,432.643372297287,8653,0.0,0.0,0.05304384231567383
1778643957.2422009,432.69576120376587,8654,0.0,0.0,0.052388906478881836
1778643957.2841988,432.73775911331177,8655,0.0,0.0,0.04199790954589844
1778643957.3371294,432.79068970680237,8656,0.0,0.0,0.052930593490600586
1778643957.389954,432.84351444244385,8657,0.0,0.0,0.05282473564147949
1778643957.4321008,432.8856611251831,8658,0.0,0.0,0.04214668273925781
1778643957.484889,432.938449382782,8659,0.0,0.0,0.05278825759887695
1778643957.537765,432.99132537841797,8660,0.0,0.0,0.05287599563598633
1778643957.590504,433.044064283371,8661,0.0,0.0,0.05273890495300293
1778643957.6327314,433.08629179000854,8662,0.0,0.0,0.04222750663757324
1778643957.685402,433.13896226882935,8663,0.0,0.0,0.05267047882080078
1778643957.7383916,433.19195199012756,8664,0.0,0.0,0.05298972129821777
1778643957.7909863,433.2445466518402,8665,0.0,0.0,0.052594661712646484
1778643957.8332503,433.2868106365204,8666,0.0,0.0,0.04226398468017578
1778643957.8859887,433.33954906463623,8667,0.0,0.0,0.05273842811584473
1778643957.9392412,433.3928015232086,8668,0.0,0.0,0.053252458572387695
1778643957.9917474,433.4453077316284,8669,0.0,0.0,0.052506208419799805
1778643958.0337207,433.48728108406067,8670,0.0,0.0,0.04197335243225098
1778643958.0863304,433.5398907661438,8671,0.0,0.0,0.05260968208312988
1778643958.1396232,433.59318351745605,8672,0.0,0.0,0.05329275131225586
1778643958.1818318,433.6353921890259,8673,0.0,0.0,0.04220867156982422
1778643958.234352,433.68791246414185,8674,0.0,0.0,0.0525202751159668
1778643958.2866757,433.74023604393005,8675,0.0,0.0,0.05232357978820801
1778643958.3390396,433.79259991645813,8676,0.0,0.0,0.05236387252807617
1778643958.3913195,433.84487986564636,8677,0.0,0.0,0.05227994918823242
1778643958.4333298,433.8868901729584,8678,0.0,0.0,0.04201030731201172
1778643958.485792,433.93935227394104,8679,0.0,0.0,0.052462100982666016
1778643958.538584,433.9921443462372,8680,0.0,0.0,0.05279207229614258
1778643958.591057,434.0446174144745,8681,0.0,0.0,0.05247306823730469
1778643958.633124,434.0866844654083,8682,0.0,0.0,0.04206705093383789
1778643958.6858444,434.13940477371216,8683,0.0,0.0,0.05272030830383301
1778643958.7389219,434.1924822330475,8684,0.0,0.0,0.05307745933532715
1778643958.7917287,434.24528908729553,8685,0.0,0.0,0.052806854248046875
1778643958.8336992,434.28725957870483,8686,0.0,0.0,0.04197049140930176
1778643958.8867888,434.3403491973877,8687,0.0,0.0,0.05308961868286133
1778643958.9395788,434.3931391239166,8688,0.0,0.0,0.052789926528930664
1778643958.9921181,434.4456784725189,8689,0.0,0.0,0.05253934860229492
1778643959.033987,434.4875473976135,8690,0.0,0.0,0.04186892509460449
1778643959.0869455,434.5405058860779,8691,0.0,0.0,0.05295848846435547
1778643959.1396885,434.59324884414673,8692,0.0,0.0,0.052742958068847656
1778643959.1918757,434.6454360485077,8693,0.0,0.0,0.052187204360961914
1778643959.2341213,434.6876816749573,8694,0.0,0.0,0.04224562644958496
1778643959.2870166,434.74057698249817,8695,0.0,0.0,0.052895307540893555
1778643959.3399293,434.79348969459534,8696,0.0,0.0,0.05291271209716797
1778643959.382521,434.8360812664032,8697,0.0,0.0,0.04259157180786133
1778643959.4350772,434.8886375427246,8698,0.0,0.0,0.05255627632141113
1778643959.4876132,434.9411735534668,8699,0.0,0.0,0.0525360107421875
1778643959.5410721,434.9946324825287,8700,0.0,0.0,0.05345892906188965
1778643959.5821857,435.0357460975647,8701,0.0,0.0,0.04111361503601074
1778643959.6346946,435.08825492858887,8702,0.0,0.0,0.05250883102416992
1778643959.687516,435.14107632637024,8703,0.0,0.0,0.05282139778137207
1778643959.739895,435.1934554576874,8704,0.0,0.0,0.05237913131713867
1778643959.7821229,435.23568320274353,8705,0.0,0.0,0.042227745056152344
1778643959.834664,435.28822445869446,8706,0.0,0.0,0.052541255950927734
1778643959.8872633,435.3408236503601,8707,0.0,0.0,0.052599191665649414
1778643959.9400806,435.39364099502563,8708,0.0,0.0,0.052817344665527344
1778643959.9820828,435.43564319610596,8709,0.0,0.0,0.042002201080322266
1778643960.0344226,435.48798298835754,8710,0.0,0.0,0.052339792251586914
1778643960.0869193,435.5404796600342,8711,0.0,0.0,0.05249667167663574
1778643960.1393182,435.5928785800934,8712,0.0,0.0,0.0523989200592041
1778643960.1915348,435.6450951099396,8713,0.0,0.0,0.052216529846191406
1778643960.23328,435.6868402957916,8714,0.0,0.0,0.04174518585205078
1778643960.285571,435.7391314506531,8715,0.0,0.0,0.052291154861450195
1778643960.3377159,435.79127621650696,8716,0.0,0.0,0.052144765853881836
1778643960.3899846,435.843544960022,8717,0.0,0.0,0.05226874351501465
1778643960.4321778,435.88573813438416,8718,0.0,0.0,0.04219317436218262
1778643960.4850237,435.9385840892792,8719,0.0,0.0,0.05284595489501953
1778643960.5373461,435.9909064769745,8720,0.0,0.0,0.0523223876953125
1778643960.5900776,436.04363799095154,8721,0.0,0.0,0.05273151397705078
1778643960.6320415,436.0856018066406,8722,0.0,0.0,0.041963815689086914
1778643960.6843877,436.13794803619385,8723,0.0,0.0,0.052346229553222656
1778643960.7374382,436.19099855422974,8724,0.0,0.0,0.05305051803588867
1778643960.7899148,436.2434751987457,8725,0.0,0.0,0.05247664451599121
1778643960.8319378,436.28549814224243,8726,0.0,0.0,0.0420229434967041
1778643960.8846,436.33816027641296,8727,0.0,0.0,0.05266213417053223
1778643960.9371507,436.39071106910706,8728,0.0,0.0,0.0525507926940918
1778643960.9898052,436.44336557388306,8729,0.0,0.0,0.05265450477600098
1778643961.0317643,436.48532462120056,8730,0.0,0.0,0.04195904731750488
1778643961.0848002,436.5383605957031,8731,0.0,0.0,0.05303597450256348
1778643961.1373646,436.5909249782562,8732,0.0,0.0,0.052564382553100586
1778643961.1896868,436.64324712753296,8733,0.0,0.0,0.0523221492767334
1778643961.2422981,436.69585847854614,8734,0.0,0.0,0.052611351013183594
1778643961.2847867,436.73834705352783,8735,0.0,0.0,0.04248857498168945
1778643961.3371158,436.79067611694336,8736,0.0,0.0,0.052329063415527344
1778643961.389712,436.84327244758606,8737,0.0,0.0,0.052596330642700195
1778643961.4318168,436.8853771686554,8738,0.0,0.0,0.04210472106933594
1778643961.4845595,436.93811988830566,8739,0.0,0.0,0.052742719650268555
1778643961.5367498,436.99031019210815,8740,0.0,0.0,0.052190303802490234
1778643961.58996,437.04352045059204,8741,0.0,0.0,0.05321025848388672
1778643961.6418395,437.0953998565674,8742,0.0,0.0,0.0518794059753418
1778643961.68393,437.137490272522,8743,0.0,0.0,0.042090415954589844
1778643961.7367861,437.1903464794159,8744,0.0,0.0,0.0528562068939209
1778643961.7899559,437.24351620674133,8745,0.0,0.0,0.05316972732543945
1778643961.832563,437.28612327575684,8746,0.0,0.0,0.04260706901550293
1778643961.8850873,437.33864760398865,8747,0.0,0.0,0.05252432823181152
1778643961.937744,437.39130425453186,8748,0.0,0.0,0.05265665054321289
1778643961.9906664,437.44422674179077,8749,0.0,0.0,0.05292248725891113
1778643962.032669,437.48622941970825,8750,0.0,0.0,0.04200267791748047
1778643962.0853097,437.53887009620667,8751,0.0,0.0,0.052640676498413086
1778643962.1381834,437.59174370765686,8752,0.0,0.0,0.05287361145019531
1778643962.190815,437.64437532424927,8753,0.0,0.0,0.05263161659240723
1778643962.2327418,437.6863021850586,8754,0.0,0.0,0.04192686080932617
1778643962.2850814,437.7386417388916,8755,0.0,0.0,0.05233955383300781
1778643962.3381286,437.7916889190674,8756,0.0,0.0,0.05304718017578125
1778643962.3908682,437.8444285392761,8757,0.0,0.0,0.052739620208740234
1778643962.4326406,437.8862009048462,8758,0.0,0.0,0.04177236557006836
1778643962.4860017,437.93956208229065,8759,0.0,0.0,0.05336117744445801
1778643962.5385566,437.9921169281006,8760,0.0,0.0,0.05255484580993652
1778643962.5910864,438.0446467399597,8761,0.0,0.0,0.05252981185913086
1778643962.633096,438.086656332016,8762,0.0,0.0,0.042009592056274414
1778643962.6857047,438.1392650604248,8763,0.0,0.0,0.05260872840881348
1778643962.7385175,438.19207787513733,8764,0.0,0.0,0.052812814712524414
1778643962.7910383,438.24459862709045,8765,0.0,0.0,0.052520751953125
1778643962.833284,438.28684425354004,8766,0.0,0.0,0.04224562644958496
1778643962.8856049,438.3391652107239,8767,0.0,0.0,0.05232095718383789
1778643962.938408,438.39196825027466,8768,0.0,0.0,0.05280303955078125
1778643962.9910088,438.44456911087036,8769,0.0,0.0,0.052600860595703125
1778643963.032744,438.4863042831421,8770,0.0,0.0,0.041735172271728516
1778643963.0855882,438.53914856910706,8771,0.0,0.0,0.05284428596496582
1778643963.138075,438.59163546562195,8772,0.0,0.0,0.05248689651489258
1778643963.190392,438.64395236968994,8773,0.0,0.0,0.052316904067993164
1778643963.232435,438.6859953403473,8774,0.0,0.0,0.04204297065734863
1778643963.2850685,438.73862886428833,8775,0.0,0.0,0.05263352394104004
1778643963.3375974,438.79115772247314,8776,0.0,0.0,0.05252885818481445
1778643963.39033,438.8438904285431,8777,0.0,0.0,0.05273270606994629
1778643963.4321356,438.88569593429565,8778,0.0,0.0,0.04180550575256348
1778643963.4848318,438.938392162323,8779,0.0,0.0,0.05269622802734375
1778643963.537577,438.99113726615906,8780,0.0,0.0,0.05274510383605957
1778643963.5903673,439.04392766952515,8781,0.0,0.0,0.05279040336608887
1778643963.6324048,439.0859651565552,8782,0.0,0.0,0.0420374870300293
1778643963.6851938,439.1387541294098,8783,0.0,0.0,0.05278897285461426
1778643963.7373133,439.1908736228943,8784,0.0,0.0,0.05211949348449707
1778643963.7894678,439.2430281639099,8785,0.0,0.0,0.052154541015625
1778643963.8417926,439.295352935791,8786,0.0,0.0,0.052324771881103516
1778643963.8842766,439.3378369808197,8787,0.0,0.0,0.04248404502868652
1778643963.9371624,439.39072275161743,8788,0.0,0.0,0.05288577079772949
1778643963.9899802,439.4435405731201,8789,0.0,0.0,0.05281782150268555
1778643964.032307,439.4858672618866,8790,0.0,0.0,0.04232668876647949
1778643964.085409,439.53896927833557,8791,0.0,0.0,0.05310201644897461
1778643964.1384318,439.5919921398163,8792,0.0,0.0,0.05302286148071289
1778643964.1909006,439.64446091651917,8793,0.0,0.0,0.05246877670288086
1778643964.2326155,439.68617582321167,8794,0.0,0.0,0.04171490669250488
1778643964.285847,439.7394073009491,8795,0.0,0.0,0.05323147773742676
1778643964.3385148,439.7920751571655,8796,0.0,0.0,0.052667856216430664
1778643964.390486,439.8440463542938,8797,0.0,0.0,0.0519711971282959
1778643964.4319136,439.8854739665985,8798,0.0,0.0,0.0414276123046875
1778643964.4841857,439.93774604797363,8799,0.0,0.0,0.05227208137512207
1778643964.5362248,439.989785194397,8800,0.0,0.0,0.052039146423339844
1778643964.5885043,440.04206466674805,8801,0.0,0.0,0.05227947235107422
1778643964.640673,440.09423327445984,8802,0.0,0.0,0.05216860771179199
1778643964.6835504,440.13711071014404,8803,0.0,0.0,0.0428774356842041
1778643964.7357485,440.18930888175964,8804,0.0,0.0,0.052198171615600586
1778643964.7886682,440.2422285079956,8805,0.0,0.0,0.052919626235961914
1778643964.8415012,440.29506158828735,8806,0.0,0.0,0.05283308029174805
1778643964.883825,440.3373854160309,8807,0.0,0.0,0.04232382774353027
1778643964.9365094,440.3900697231293,8808,0.0,0.0,0.05268430709838867
1778643964.9894035,440.44296383857727,8809,0.0,0.0,0.05289411544799805
1778643965.0420969,440.49565720558167,8810,0.0,0.0,0.05269336700439453
1778643965.0844066,440.537966966629,8811,0.0,0.0,0.04230976104736328
1778643965.1383338,440.5918941497803,8812,0.0,0.0,0.05392718315124512
1778643965.1908903,440.64445066452026,8813,0.0,0.0,0.052556514739990234
1778643965.2338817,440.6874420642853,8814,0.0,0.0,0.04299139976501465
1778643965.2865324,440.740092754364,8815,0.0,0.0,0.05265069007873535
1778643965.3388565,440.7924168109894,8816,0.0,0.0,0.05232405662536621
1778643965.3911293,440.84468960762024,8817,0.0,0.0,0.052272796630859375
1778643965.4332833,440.88684368133545,8818,0.0,0.0,0.04215407371520996
1778643965.485823,440.9393832683563,8819,0.0,0.0,0.05253958702087402
1778643965.5386183,440.9921786785126,8820,0.0,0.0,0.05279541015625
1778643965.5913296,441.0448899269104,8821,0.0,0.0,0.05271124839782715
1778643965.633584,441.0871443748474,8822,0.0,0.0,0.04225444793701172
1778643965.6864648,441.140025138855,8823,0.0,0.0,0.05288076400756836
1778643965.7389317,441.19249200820923,8824,0.0,0.0,0.05246686935424805
1778643965.7915745,441.24513483047485,8825,0.0,0.0,0.052642822265625
1778643965.8335662,441.2871265411377,8826,0.0,0.0,0.0419917106628418
1778643965.8862934,441.3398537635803,8827,0.0,0.0,0.05272722244262695
1778643965.9390562,441.39261651039124,8828,0.0,0.0,0.052762746810913086
1778643965.991644,441.4452042579651,8829,0.0,0.0,0.05258774757385254
1778643966.033482,441.487042427063,8830,0.0,0.0,0.04183816909790039
1778643966.0862796,441.53983998298645,8831,0.0,0.0,0.052797555923461914
1778643966.1388628,441.5924232006073,8832,0.0,0.0,0.05258321762084961
1778643966.1914697,441.6450300216675,8833,0.0,0.0,0.052606821060180664
1778643966.2334783,441.68703866004944,8834,0.0,0.0,0.04200863838195801
1778643966.2860544,441.7396147251129,8835,0.0,0.0,0.05257606506347656
1778643966.3387365,441.7922968864441,8836,0.0,0.0,0.05268216133117676
1778643966.3912299,441.8447902202606,8837,0.0,0.0,0.05249333381652832
1778643966.4335852,441.8871455192566,8838,0.0,0.0,0.04235529899597168
1778643966.4862068,441.9397671222687,8839,0.0,0.0,0.05262160301208496
1778643966.5393755,441.9929358959198,8840,0.0,0.0,0.05316877365112305
1778643966.5917864,442.04534673690796,8841,0.0,0.0,0.05241084098815918
1778643966.6337247,442.0872850418091,8842,0.0,0.0,0.04193830490112305
1778643966.6867335,442.1402938365936,8843,0.0,0.0,0.0530087947845459
1778643966.7393656,442.1929259300232,8844,0.0,0.0,0.05263209342956543
1778643966.7920887,442.24564909935,8845,0.0,0.0,0.05272316932678223
1778643966.8341806,442.28774094581604,8846,0.0,0.0,0.04209184646606445
1778643966.8869758,442.3405361175537,8847,0.0,0.0,0.0527951717376709
1778643966.9398456,442.39340591430664,8848,0.0,0.0,0.05286979675292969
1778643966.9819126,442.4354729652405,8849,0.0,0.0,0.04206705093383789
1778643967.0349295,442.4884898662567,8850,0.0,0.0,0.05301690101623535
1778643967.0877585,442.5413188934326,8851,0.0,0.0,0.05282902717590332
1778643967.1404998,442.5940601825714,8852,0.0,0.0,0.052741289138793945
1778643967.182771,442.63633131980896,8853,0.0,0.0,0.04227113723754883
1778643967.2356408,442.6892011165619,8854,0.0,0.0,0.05286979675292969
1778643967.2882993,442.74185967445374,8855,0.0,0.0,0.0526585578918457
1778643967.341237,442.7947974205017,8856,0.0,0.0,0.05293774604797363
1778643967.3831475,442.8367078304291,8857,0.0,0.0,0.041910409927368164
1778643967.4357123,442.88927268981934,8858,0.0,0.0,0.05256485939025879
1778643967.488284,442.9418444633484,8859,0.0,0.0,0.052571773529052734
1778643967.5407271,442.9942874908447,8860,0.0,0.0,0.05244302749633789
1778643967.5837479,443.03730821609497,8861,0.0,0.0,0.04302072525024414
1778643967.6365495,443.0901098251343,8862,0.0,0.0,0.05280160903930664
1778643967.6890678,443.1426281929016,8863,0.0,0.0,0.052518367767333984
1778643967.742266,443.19582629203796,8864,0.0,0.0,0.05319809913635254
1778643967.783972,443.23753237724304,8865,0.0,0.0,0.041706085205078125
1778643967.8388457,443.2924060821533,8866,0.0,0.0,0.05487370491027832
1778643967.891752,443.34531235694885,8867,0.0,0.0,0.05290627479553223
1778643967.9338741,443.38743448257446,8868,0.0,0.0,0.04212212562561035
1778643967.9864213,443.43998169898987,8869,0.0,0.0,0.05254721641540527
1778643968.039029,443.4925892353058,8870,0.0,0.0,0.05260753631591797
1778643968.0920906,443.5456509590149,8871,0.0,0.0,0.053061723709106445
1778643968.134093,443.5876533985138,8872,0.0,0.0,0.04200243949890137
1778643968.1867194,443.64027976989746,8873,0.0,0.0,0.05262637138366699
1778643968.2395115,443.6930718421936,8874,0.0,0.0,0.05279207229614258
1778643968.2921216,443.7456820011139,8875,0.0,0.0,0.052610158920288086
1778643968.3339412,443.7875015735626,8876,0.0,0.0,0.04181957244873047
1778643968.386653,443.8402132987976,8877,0.0,0.0,0.05271172523498535
1778643968.439134,443.892694234848,8878,0.0,0.0,0.05248093605041504
1778643968.4919822,443.94554257392883,8879,0.0,0.0,0.05284833908081055
1778643968.534125,443.9876854419708,8880,0.0,0.0,0.04214286804199219
1778643968.5867283,444.0402886867523,8881,0.0,0.0,0.05260324478149414
1778643968.6393483,444.09290862083435,8882,0.0,0.0,0.05261993408203125
1778643968.6916132,444.1451735496521,8883,0.0,0.0,0.05226492881774902
1778643968.7335815,444.1871418952942,8884,0.0,0.0,0.041968345642089844
1778643968.7864976,444.24005794525146,8885,0.0,0.0,0.05291604995727539
1778643968.8391206,444.292680978775,8886,0.0,0.0,0.05262303352355957
1778643968.891488,444.3450484275818,8887,0.0,0.0,0.052367448806762695
1778643968.9332323,444.3867926597595,8888,0.0,0.0,0.041744232177734375
1778643968.9862475,444.4398078918457,8889,0.0,0.0,0.05301523208618164
1778643969.0384207,444.4919810295105,8890,0.0,0.0,0.05217313766479492
1778643969.0908785,444.54443883895874,8891,0.0,0.0,0.05245780944824219
1778643969.1327686,444.5863289833069,8892,0.0,0.0,0.04189014434814453
1778643969.1849647,444.6385250091553,8893,0.0,0.0,0.05219602584838867
1778643969.2374701,444.69103050231934,8894,0.0,0.0,0.0525054931640625
1778643969.2901826,444.74374294281006,8895,0.0,0.0,0.052712440490722656
1778643969.3324814,444.7860417366028,8896,0.0,0.0,0.04229879379272461
1778643969.3849325,444.8384928703308,8897,0.0,0.0,0.052451133728027344
1778643969.4376345,444.89119482040405,8898,0.0,0.0,0.05270195007324219
1778643969.4900641,444.94362449645996,8899,0.0,0.0,0.0524296760559082
1778643969.531866,444.98542642593384,8900,0.0,0.0,0.04180192947387695
1778643969.584132,445.0376923084259,8901,0.0,0.0,0.05226588249206543
1778643969.6368032,445.09036350250244,8902,0.0,0.0,0.052671194076538086
1778643969.690062,445.14362239837646,8903,0.0,0.0,0.05325889587402344
1778643969.742529,445.1960892677307,8904,0.0,0.0,0.05246686935424805
1778643969.784746,445.2383062839508,8905,0.0,0.0,0.04221701622009277
1778643969.8377604,445.29132080078125,8906,0.0,0.0,0.053014516830444336
1778643969.8909307,445.34449100494385,8907,0.0,0.0,0.053170204162597656
1778643969.933449,445.3870093822479,8908,0.0,0.0,0.04251837730407715
1778643969.9864082,445.439968585968,8909,0.0,0.0,0.05295920372009277
1778643970.039497,445.49305725097656,8910,0.0,0.0,0.05308866500854492
1778643970.092155,445.54571533203125,8911,0.0,0.0,0.0526580810546875
1778643970.1344416,445.58800196647644,8912,0.0,0.0,0.04228663444519043
1778643970.1871135,445.6406738758087,8913,0.0,0.0,0.05267190933227539
1778643970.2393727,445.69293308258057,8914,0.0,0.0,0.052259206771850586
1778643970.2918653,445.74542570114136,8915,0.0,0.0,0.052492618560791016
1778643970.3336535,445.78721380233765,8916,0.0,0.0,0.04178810119628906
1778643970.3860476,445.83960795402527,8917,0.0,0.0,0.05239415168762207
1778643970.439118,445.8926782608032,8918,0.0,0.0,0.0530703067779541
1778643970.4920113,445.9455716609955,8919,0.0,0.0,0.05289340019226074
1778643970.5337932,445.9873535633087,8920,0.0,0.0,0.04178190231323242
1778643970.586574,446.04013442993164,8921,0.0,0.0,0.052780866622924805
1778643970.638843,446.09240341186523,8922,0.0,0.0,0.05226898193359375
1778643970.6911633,446.14472365379333,8923,0.0,0.0,0.052320241928100586
1778643970.7331831,446.1867434978485,8924,0.0,0.0,0.04201984405517578
1778643970.7858958,446.2394561767578,8925,0.0,0.0,0.05271267890930176
1778643970.838631,446.29219126701355,8926,0.0,0.0,0.052735090255737305
1778643970.891526,446.34508633613586,8927,0.0,0.0,0.05289506912231445
1778643970.9334626,446.38702297210693,8928,0.0,0.0,0.041936635971069336
1778643970.9860816,446.43964195251465,8929,0.0,0.0,0.052618980407714844
1778643971.0388682,446.4924285411835,8930,0.0,0.0,0.05278658866882324
1778643971.0913503,446.5449106693268,8931,0.0,0.0,0.05248212814331055
1778643971.1333606,446.5869209766388,8932,0.0,0.0,0.04201030731201172
1778643971.1863496,446.6399099826813,8933,0.0,0.0,0.05298900604248047
1778643971.2384355,446.6919958591461,8934,0.0,0.0,0.05208587646484375
1778643971.290859,446.74441933631897,8935,0.0,0.0,0.05242347717285156
1778643971.3327384,446.78629875183105,8936,0.0,0.0,0.04187941551208496
1778643971.3854501,446.83901047706604,8937,0.0,0.0,0.05271172523498535
1778643971.437915,446.89147543907166,8938,0.0,0.0,0.052464962005615234
1778643971.4908078,446.9443681240082,8939,0.0,0.0,0.05289268493652344
1778643971.5330033,446.98656368255615,8940,0.0,0.0,0.04219555854797363
1778643971.5851333,447.03869366645813,8941,0.0,0.0,0.05212998390197754
1778643971.637525,447.09108543395996,8942,0.0,0.0,0.052391767501831055
1778643971.689971,447.14353132247925,8943,0.0,0.0,0.05244588851928711
1778643971.7321892,447.18574953079224,8944,0.0,0.0,0.04221820831298828
1778643971.7849348,447.23849511146545,8945,0.0,0.0,0.05274558067321777
1778643971.837675,447.29123544692993,8946,0.0,0.0,0.05274033546447754
1778643971.8901837,447.3437440395355,8947,0.0,0.0,0.05250859260559082
1778643971.9325945,447.3861548900604,8948,0.0,0.0,0.042410850524902344
1778643971.9853172,447.43887758255005,8949,0.0,0.0,0.05272269248962402
1778643972.0377626,447.4913229942322,8950,0.0,0.0,0.052445411682128906
1778643972.090546,447.5441062450409,8951,0.0,0.0,0.05278325080871582
1778643972.1327841,447.5863444805145,8952,0.0,0.0,0.04223823547363281
1778643972.1852727,447.6388330459595,8953,0.0,0.0,0.05248856544494629
1778643972.2380106,447.69157099723816,8954,0.0,0.0,0.05273795127868652
1778643972.2911026,447.7446630001068,8955,0.0,0.0,0.053092002868652344
1778643972.3331704,447.7867307662964,8956,0.0,0.0,0.042067766189575195
1778643972.3860714,447.8396317958832,8957,0.0,0.0,0.05290102958679199
1778643972.4389694,447.89252972602844,8958,0.0,0.0,0.05289793014526367
1778643972.4914668,447.9450271129608,8959,0.0,0.0,0.05249738693237305
1778643972.533508,447.9870684146881,8960,0.0,0.0,0.04204130172729492
1778643972.5865183,448.04007863998413,8961,0.0,0.0,0.05301022529602051
1778643972.638736,448.0922963619232,8962,0.0,0.0,0.052217721939086914
1778643972.6912494,448.1448097229004,8963,0.0,0.0,0.05251336097717285
1778643972.7336805,448.1872408390045,8964,0.0,0.0,0.04243111610412598
1778643972.786017,448.239577293396,8965,0.0,0.0,0.05233645439147949
1778643972.8385618,448.2921221256256,8966,0.0,0.0,0.05254483222961426
1778643972.8913417,448.3449020385742,8967,0.0,0.0,0.0527799129486084
1778643972.933284,448.3868443965912,8968,0.0,0.0,0.04194235801696777
1778643972.9864085,448.4399688243866,8969,0.0,0.0,0.053124427795410156
1778643973.0389485,448.49250888824463,8970,0.0,0.0,0.05254006385803223
1778643973.0911262,448.5446865558624,8971,0.0,0.0,0.05217766761779785
1778643973.133197,448.58675742149353,8972,0.0,0.0,0.042070865631103516
1778643973.1859636,448.6395239830017,8973,0.0,0.0,0.05276656150817871
1778643973.2387795,448.69233989715576,8974,0.0,0.0,0.052815914154052734
1778643973.2915962,448.74515652656555,8975,0.0,0.0,0.05281662940979004
1778643973.333861,448.78742146492004,8976,0.0,0.0,0.04226493835449219
1778643973.3864915,448.84005188941956,8977,0.0,0.0,0.05263042449951172
1778643973.4391966,448.8927569389343,8978,0.0,0.0,0.05270504951477051
1778643973.491879,448.9454393386841,8979,0.0,0.0,0.05268239974975586
1778643973.5342972,448.98785758018494,8980,0.0,0.0,0.04241824150085449
1778643973.5886307,449.04219102859497,8981,0.0,0.0,0.05433344841003418
1778643973.6399574,449.09351778030396,8982,0.0,0.0,0.051326751708984375
1778643973.6920135,449.1455738544464,8983,0.0,0.0,0.052056074142456055
1778643973.7334194,449.1869797706604,8984,0.0,0.0,0.04140591621398926
1778643973.7862039,449.239764213562,8985,0.0,0.0,0.05278444290161133
1778643973.8388345,449.2923948764801,8986,0.0,0.0,0.05263066291809082
1778643973.8911119,449.34467220306396,8987,0.0,0.0,0.052277326583862305
1778643973.9330714,449.3866317272186,8988,0.0,0.0,0.041959524154663086
1778643973.9865263,449.4400866031647,8989,0.0,0.0,0.05345487594604492
1778643974.0386724,449.49223279953003,8990,0.0,0.0,0.052146196365356445
1778643974.0915573,449.54511761665344,8991,0.0,0.0,0.052884817123413086
1778643974.1329522,449.5865125656128,8992,0.0,0.0,0.041394948959350586
1778643974.185787,449.6393473148346,8993,0.0,0.0,0.05283474922180176
1778643974.23849,449.69205045700073,8994,0.0,0.0,0.052703142166137695
1778643974.2913587,449.74491906166077,8995,0.0,0.0,0.05286860466003418
1778643974.333486,449.7870464324951,8996,0.0,0.0,0.042127370834350586
1778643974.3862567,449.83981704711914,8997,0.0,0.0,0.05277061462402344
1778643974.4392211,449.892781496048,8998,0.0,0.0,0.05296444892883301
1778643974.4920635,449.9456238746643,8999,0.0,0.0,0.05284237861633301
1778643974.5343418,449.98790216445923,9000,0.0,0.0,0.042278289794921875
1778643974.587069,450.04062938690186,9001,0.0,0.0,0.05272722244262695
1778643974.64113,450.094690322876,9002,0.0,0.0,0.054060935974121094
1778643974.6825495,450.136109828949,9003,0.0,0.0,0.04141950607299805
1778643974.735594,450.1891543865204,9004,0.0,0.0,0.05304455757141113
1778643974.7883916,450.24195194244385,9005,0.0,0.0,0.052797555923461914
1778643974.8409863,450.2945466041565,9006,0.0,0.0,0.052594661712646484
1778643974.8828363,450.33639669418335,9007,0.0,0.0,0.04185009002685547
1778643974.9360702,450.38963055610657,9008,0.0,0.0,0.05323386192321777
1778643974.989442,450.4430024623871,9009,0.0,0.0,0.05337190628051758
1778643975.041603,450.49516344070435,9010,0.0,0.0,0.05216097831726074
1778643975.083198,450.53675842285156,9011,0.0,0.0,0.0415949821472168
1778643975.1352272,450.5887875556946,9012,0.0,0.0,0.05202913284301758
1778643975.1870425,450.64060282707214,9013,0.0,0.0,0.05181527137756348
1778643975.239795,450.69335532188416,9014,0.0,0.0,0.05275249481201172
1778643975.281955,450.73551535606384,9015,0.0,0.0,0.0421600341796875
1778643975.3345487,450.7881090641022,9016,0.0,0.0,0.05259370803833008
1778643975.3870258,450.8405861854553,9017,0.0,0.0,0.052477121353149414
1778643975.439508,450.89306831359863,9018,0.0,0.0,0.05248212814331055
1778643975.4918087,450.94536900520325,9019,0.0,0.0,0.05230069160461426
1778643975.53389,450.98745036125183,9020,0.0,0.0,0.042081356048583984
1778643975.5861096,451.03966999053955,9021,0.0,0.0,0.05221962928771973
1778643975.638405,451.0919654369354,9022,0.0,0.0,0.05229544639587402
1778643975.6916978,451.1452581882477,9023,0.0,0.0,0.05329275131225586
1778643975.733452,451.18701243400574,9024,0.0,0.0,0.04175424575805664
1778643975.7858598,451.23942017555237,9025,0.0,0.0,0.05240774154663086
1778643975.8380187,451.2915790081024,9026,0.0,0.0,0.05215883255004883
1778643975.8906262,451.34418654441833,9027,0.0,0.0,0.05260753631591797
1778643975.9324467,451.3860070705414,9028,0.0,0.0,0.041820526123046875
1778643975.9850874,451.4386477470398,9029,0.0,0.0,0.052640676498413086
1778643976.0378752,451.4914355278015,9030,0.0,0.0,0.05278778076171875
1778643976.090682,451.54424238204956,9031,0.0,0.0,0.052806854248046875
1778643976.1326308,451.58619117736816,9032,0.0,0.0,0.041948795318603516
1778643976.1852503,451.63881063461304,9033,0.0,0.0,0.05261945724487305
1778643976.2379568,451.6915171146393,9034,0.0,0.0,0.05270648002624512
1778643976.2904088,451.7439692020416,9035,0.0,0.0,0.05245208740234375
1778643976.3325195,451.78607988357544,9036,0.0,0.0,0.04211068153381348
1778643976.385345,451.83890533447266,9037,0.0,0.0,0.0528254508972168
1778643976.4396768,451.89323711395264,9038,0.0,0.0,0.05433177947998047
1778643976.4909074,451.94446778297424,9039,0.0,0.0,0.051230669021606445
1778643976.5327504,451.9863107204437,9040,0.0,0.0,0.04184293746948242
1778643976.5852919,452.03885221481323,9041,0.0,0.0,0.052541494369506836
1778643976.6378145,452.091374874115,9042,0.0,0.0,0.05252265930175781
1778643976.689928,452.143488407135,9043,0.0,0.0,0.05211353302001953
1778643976.732085,452.18564534187317,9044,0.0,0.0,0.04215693473815918
1778643976.784274,452.23783445358276,9045,0.0,0.0,0.05218911170959473
1778643976.8365476,452.29010796546936,9046,0.0,0.0,0.05227351188659668
1778643976.8898237,452.3433840274811,9047,0.0,0.0,0.05327606201171875
1778643976.9413826,452.3949429988861,9048,0.0,0.0,0.0515589714050293
1778643976.982906,452.4364664554596,9049,0.0,0.0,0.04152345657348633
1778643977.0355465,452.48910689353943,9050,0.0,0.0,0.052640438079833984
1778643977.0878215,452.5413818359375,9051,0.0,0.0,0.05227494239807129
1778643977.1402857,452.5938460826874,9052,0.0,0.0,0.05246424674987793
1778643977.182152,452.6357123851776,9053,0.0,0.0,0.041866302490234375
1778643977.2343254,452.687885761261,9054,0.0,0.0,0.05217337608337402
1778643977.2872488,452.7408092021942,9055,0.0,0.0,0.05292344093322754
1778643977.3396912,452.7932515144348,9056,0.0,0.0,0.052442312240600586
1778643977.3924892,452.84604954719543,9057,0.0,0.0,0.05279803276062012
1778643977.4346032,452.88816356658936,9058,0.0,0.0,0.0421140193939209
1778643977.4873612,452.9409215450287,9059,0.0,0.0,0.052757978439331055
1778643977.5406654,452.99422574043274,9060,0.0,0.0,0.053304195404052734
1778643977.582737,453.0362973213196,9061,0.0,0.0,0.04207158088684082
1778643977.635882,453.0894422531128,9062,0.0,0.0,0.05314493179321289
1778643977.6883163,453.1418766975403,9063,0.0,0.0,0.052434444427490234
1778643977.7402978,453.1938581466675,9064,0.0,0.0,0.051981449127197266
1778643977.7817554,453.23531579971313,9065,0.0,0.0,0.0414576530456543
1778643977.8334172,453.28697752952576,9066,0.0,0.0,0.05166172981262207
1778643977.8855577,453.3391180038452,9067,0.0,0.0,0.05214047431945801
1778643977.937498,453.3910584449768,9068,0.0,0.0,0.0519404411315918
1778643977.989856,453.4434163570404,9069,0.0,0.0,0.05235791206359863
1778643978.0418904,453.49545073509216,9070,0.0,0.0,0.05203437805175781
1778643978.0841286,453.5376889705658,9071,0.0,0.0,0.04223823547363281
1778643978.13617,453.58973026275635,9072,0.0,0.0,0.05204129219055176
1778643978.1884131,453.6419734954834,9073,0.0,0.0,0.05224323272705078
1778643978.2407646,453.69432497024536,9074,0.0,0.0,0.05235147476196289
1778643978.2828853,453.7364456653595,9075,0.0,0.0,0.04212069511413574
1778643978.335111,453.7886712551117,9076,0.0,0.0,0.052225589752197266
1778643978.3882537,453.8418140411377,9077,0.0,0.0,0.05314278602600098
1778643978.4408834,453.89444375038147,9078,0.0,0.0,0.052629709243774414
1778643978.4828546,453.9364149570465,9079,0.0,0.0,0.04197120666503906
1778643978.5351486,453.9887089729309,9080,0.0,0.0,0.052294015884399414
1778643978.588176,454.0417363643646,9081,0.0,0.0,0.05302739143371582
1778643978.6399271,454.0934875011444,9082,0.0,0.0,0.051751136779785156
1778643978.6817665,454.1353268623352,9083,0.0,0.0,0.0418393611907959
1778643978.7340717,454.1876320838928,9084,0.0,0.0,0.05230522155761719
1778643978.7863781,454.23993849754333,9085,0.0,0.0,0.052306413650512695
1778643978.8384724,454.29203271865845,9086,0.0,0.0,0.052094221115112305
1778643978.8906982,454.3442585468292,9087,0.0,0.0,0.05222582817077637
1778643978.9327152,454.38627552986145,9088,0.0,0.0,0.04201698303222656
1778643978.9856732,454.43923354148865,9089,0.0,0.0,0.052958011627197266
1778643979.03815,454.4917104244232,9090,0.0,0.0,0.05247688293457031
1778643979.09087,454.5444302558899,9091,0.0,0.0,0.052719831466674805
1778643979.1327987,454.58635902404785,9092,0.0,0.0,0.041928768157958984
1778643979.185331,454.63889145851135,9093,0.0,0.0,0.05253243446350098
1778643979.2378209,454.6913812160492,9094,0.0,0.0,0.0524897575378418
1778643979.2904978,454.74405813217163,9095,0.0,0.0,0.05267691612243652
1778643979.33322,454.78678035736084,9096,0.0,0.0,0.042722225189208984
1778643979.3859415,454.83950185775757,9097,0.0,0.0,0.052721500396728516
1778643979.4389966,454.89255690574646,9098,0.0,0.0,0.0530550479888916
1778643979.4923012,454.94586157798767,9099,0.0,0.0,0.05330467224121094
1778643979.5348165,454.9883768558502,9100,0.0,0.0,0.04251527786254883
1778643979.5873497,455.04091000556946,9101,0.0,0.0,0.05253314971923828
1778643979.6398828,455.0934431552887,9102,0.0,0.0,0.05253314971923828
1778643979.692103,455.1456632614136,9103,0.0,0.0,0.05222010612487793
1778643979.7343426,455.1879029273987,9104,0.0,0.0,0.04223966598510742
1778643979.7868083,455.24036860466003,9105,0.0,0.0,0.05246567726135254
1778643979.8391862,455.2927465438843,9106,0.0,0.0,0.052377939224243164
1778643979.8914433,455.3450036048889,9107,0.0,0.0,0.05225706100463867
1778643979.9337003,455.3872606754303,9108,0.0,0.0,0.042257070541381836
1778643979.9864192,455.43997955322266,9109,0.0,0.0,0.0527188777923584
1778643980.0388708,455.49243116378784,9110,0.0,0.0,0.05245161056518555
1778643980.0913916,455.54495191574097,9111,0.0,0.0,0.052520751953125
1778643980.1330442,455.5866045951843,9112,0.0,0.0,0.041652679443359375
1778643980.1856518,455.63921213150024,9113,0.0,0.0,0.05260753631591797
1778643980.2380555,455.69161581993103,9114,0.0,0.0,0.05240368843078613
1778643980.2904446,455.7440049648285,9115,0.0,0.0,0.05238914489746094
1778643980.3328383,455.7863986492157,9116,0.0,0.0,0.04239368438720703
1778643980.3869767,455.840537071228,9117,0.0,0.0,0.0541384220123291
1778643980.4388313,455.89239168167114,9118,0.0,0.0,0.051854610443115234
1778643980.4912307,455.9447910785675,9119,0.0,0.0,0.052399396896362305
1778643980.53358,455.987140417099,9120,0.0,0.0,0.04234933853149414
1778643980.5860684,456.03962874412537,9121,0.0,0.0,0.05248832702636719
1778643980.6384788,456.09203910827637,9122,0.0,0.0,0.05241036415100098
1778643980.6911068,456.1446671485901,9123,0.0,0.0,0.0526280403137207
1778643980.7331028,456.18666315078735,9124,0.0,0.0,0.041996002197265625
1778643980.786512,456.2400722503662,9125,0.0,0.0,0.05340909957885742
1778643980.8393104,456.292870759964,9126,0.0,0.0,0.05279850959777832
1778643980.8922613,456.3458216190338,9127,0.0,0.0,0.05295085906982422
1778643980.934304,456.3878643512726,9128,0.0,0.0,0.04204273223876953
1778643980.989257,456.4428174495697,9129,0.0,0.0,0.05495309829711914
1778643981.0416036,456.4951639175415,9130,0.0,0.0,0.05234646797180176
1778643981.083647,456.537207365036,9131,0.0,0.0,0.042043447494506836
1778643981.1361008,456.5896611213684,9132,0.0,0.0,0.05245375633239746
1778643981.1884806,456.6420409679413,9133,0.0,0.0,0.05237984657287598
1778643981.2419822,456.69554257392883,9134,0.0,0.0,0.05350160598754883
1778643981.2840645,456.73762488365173,9135,0.0,0.0,0.04208230972290039
1778643981.336399,456.7899594306946,9136,0.0,0.0,0.05233454704284668
1778643981.389855,456.84341526031494,9137,0.0,0.0,0.05345582962036133
1778643981.4415593,456.8951196670532,9138,0.0,0.0,0.05170440673828125
1778643981.4835792,456.9371395111084,9139,0.0,0.0,0.04201984405517578
1778643981.5360527,456.98961305618286,9140,0.0,0.0,0.05247354507446289
1778643981.5882328,457.04179310798645,9141,0.0,0.0,0.05218005180358887
1778643981.6406362,457.09419655799866,9142,0.0,0.0,0.05240345001220703
1778643981.683282,457.136842250824,9143,0.0,0.0,0.04264569282531738
1778643981.7349193,457.1884796619415,9144,0.0,0.0,0.05163741111755371
1778643981.7873275,457.2408878803253,9145,0.0,0.0,0.05240821838378906
1778643981.8397465,457.29330682754517,9146,0.0,0.0,0.05241894721984863
1778643981.8820589,457.3356192111969,9147,0.0,0.0,0.0423123836517334
1778643981.9355116,457.38907194137573,9148,0.0,0.0,0.05345273017883301
1778643981.988236,457.4417963027954,9149,0.0,0.0,0.052724361419677734
1778643982.0407803,457.49434065818787,9150,0.0,0.0,0.052544355392456055
1778643982.0827415,457.5363018512726,9151,0.0,0.0,0.0419611930847168
1778643982.1348073,457.5883677005768,9152,0.0,0.0,0.05206584930419922
1778643982.1873393,457.6408996582031,9153,0.0,0.0,0.05253195762634277
1778643982.2398174,457.6933777332306,9154,0.0,0.0,0.05247807502746582
1778643982.2821593,457.73571968078613,9155,0.0,0.0,0.04234194755554199
1778643982.3346605,457.78822088241577,9156,0.0,0.0,0.05250120162963867
1778643982.387291,457.8408513069153,9157,0.0,0.0,0.05263042449951172
1778643982.4401493,457.8937096595764,9158,0.0,0.0,0.05285835266113281
1778643982.4823732,457.9359335899353,9159,0.0,0.0,0.04222393035888672
1778643982.5351086,457.9886689186096,9160,0.0,0.0,0.052735328674316406
1778643982.588172,458.0417323112488,9161,0.0,0.0,0.053063392639160156
1778643982.6408205,458.0943808555603,9162,0.0,0.0,0.05264854431152344
1778643982.6831229,458.1366832256317,9163,0.0,0.0,0.04230237007141113
1778643982.7387812,458.1923415660858,9164,0.0,0.0,0.05565834045410156
1778643982.7905085,458.2440688610077,9165,0.0,0.0,0.051727294921875
1778643982.832853,458.2864134311676,9166,0.0,0.0,0.04234457015991211
1778643982.8861225,458.3396828174591,9167,0.0,0.0,0.053269386291503906
1778643982.939077,458.3926372528076,9168,0.0,0.0,0.05295443534851074
1778643982.991481,458.44504141807556,9169,0.0,0.0,0.052404165267944336
1778643983.0333307,458.48689103126526,9170,0.0,0.0,0.041849613189697266
1778643983.0872989,458.5408592224121,9171,0.0,0.0,0.053968191146850586
1778643983.1400654,458.5936257839203,9172,0.0,0.0,0.05276656150817871
1778643983.1832151,458.6367754936218,9173,0.0,0.0,0.043149709701538086
1778643983.2354453,458.689005613327,9174,0.0,0.0,0.052230119705200195
1778643983.2883906,458.74195098876953,9175,0.0,0.0,0.05294537544250488
1778643983.341195,458.7947554588318,9176,0.0,0.0,0.05280447006225586
1778643983.3833284,458.8368887901306,9177,0.0,0.0,0.042133331298828125
1778643983.4362242,458.88978457450867,9178,0.0,0.0,0.05289578437805176
1778643983.489082,458.94264245033264,9179,0.0,0.0,0.05285787582397461
1778643983.5414948,458.99505519866943,9180,0.0,0.0,0.05241274833679199
1778643983.5834122,459.0369725227356,9181,0.0,0.0,0.04191732406616211
1778643983.6375213,459.0910816192627,9182,0.0,0.0,0.05410909652709961
1778643983.689704,459.14326429367065,9183,0.0,0.0,0.052182674407958984
1778643983.7319558,459.1855161190033,9184,0.0,0.0,0.0422518253326416
1778643983.7845762,459.2381365299225,9185,0.0,0.0,0.05262041091918945
1778643983.837387,459.2909474372864,9186,0.0,0.0,0.0528109073638916
1778643983.8900163,459.343576669693,9187,0.0,0.0,0.05262923240661621
1778643983.932277,459.38583731651306,9188,0.0,0.0,0.04226064682006836
1778643983.985115,459.43867540359497,9189,0.0,0.0,0.05283808708190918
1778643984.0378494,459.49140977859497,9190,0.0,0.0,0.052734375
1778643984.0908306,459.54439091682434,9191,0.0,0.0,0.05298113822937012
1778643984.133132,459.58669233322144,9192,0.0,0.0,0.04230141639709473
1778643984.1856081,459.63916850090027,9193,0.0,0.0,0.05247616767883301
1778643984.2385468,459.69210720062256,9194,0.0,0.0,0.05293869972229004
1778643984.290955,459.74451541900635,9195,0.0,0.0,0.05240821838378906
1778643984.3329492,459.786509513855,9196,0.0,0.0,0.04199409484863281
1778643984.385283,459.8388433456421,9197,0.0,0.0,0.052333831787109375
1778643984.4375935,459.89115381240845,9198,0.0,0.0,0.05231046676635742
1778643984.4906383,459.94419860839844,9199,0.0,0.0,0.053044795989990234
1778643984.5346005,459.98816084861755,9200,0.0,0.0,0.04396224021911621
1778643984.5853148,460.0388751029968,9201,0.0,0.0,0.05071425437927246
1778643984.637574,460.0911343097687,9202,0.0,0.0,0.052259206771850586
1778643984.6905658,460.1441261768341,9203,0.0,0.0,0.05299186706542969
1778643984.7324367,460.18599700927734,9204,0.0,0.0,0.041870832443237305
1778643984.7848935,460.23845386505127,9205,0.0,0.0,0.05245685577392578
1778643984.8374536,460.29101395606995,9206,0.0,0.0,0.05256009101867676
1778643984.890324,460.3438844680786,9207,0.0,0.0,0.05287051200866699
1778643984.9322538,460.3858141899109,9208,0.0,0.0,0.04192972183227539
1778643984.9849892,460.4385495185852,9209,0.0,0.0,0.052735328674316406
1778643985.0377207,460.49128103256226,9210,0.0,0.0,0.05273151397705078
1778643985.0904872,460.54404759407043,9211,0.0,0.0,0.05276656150817871
1778643985.1325016,460.5860619544983,9212,0.0,0.0,0.042014360427856445
1778643985.18535,460.6389102935791,9213,0.0,0.0,0.05284833908081055
1778643985.237436,460.6909964084625,9214,0.0,0.0,0.05208611488342285
1778643985.2900407,460.7436010837555,9215,0.0,0.0,0.05260467529296875
1778643985.3320935,460.7856538295746,9216,0.0,0.0,0.0420527458190918
1778643985.3847446,460.8383049964905,9217,0.0,0.0,0.052651166915893555
1778643985.4374392,460.89099955558777,9218,0.0,0.0,0.05269455909729004
1778643985.489833,460.9433934688568,9219,0.0,0.0,0.05239391326904297
1778643985.5320456,460.9856059551239,9220,0.0,0.0,0.042212486267089844
1778643985.5844212,461.03798151016235,9221,0.0,0.0,0.05237555503845215
1778643985.636978,461.0905382633209,9222,0.0,0.0,0.052556753158569336
1778643985.6890867,461.14264702796936,9223,0.0,0.0,0.0521087646484375
1778643985.7416005,461.1951608657837,9224,0.0,0.0,0.052513837814331055
1778643985.7838676,461.2374279499054,9225,0.0,0.0,0.0422670841217041
1778643985.8368046,461.29036498069763,9226,0.0,0.0,0.05293703079223633
1778643985.8901148,461.34367513656616,9227,0.0,0.0,0.05331015586853027
1778643985.9322393,461.38579964637756,9228,0.0,0.0,0.04212450981140137
1778643985.9844122,461.4379725456238,9229,0.0,0.0,0.05217289924621582
1778643986.0368857,461.49044609069824,9230,0.0,0.0,0.05247354507446289
1778643986.0895686,461.54312896728516,9231,0.0,0.0,0.05268287658691406
1778643986.1418097,461.595370054245,9232,0.0,0.0,0.05224108695983887
1778643986.1837928,461.637353181839,9233,0.0,0.0,0.04198312759399414
1778643986.2364728,461.69003319740295,9234,0.0,0.0,0.052680015563964844
1778643986.2890773,461.74263763427734,9235,0.0,0.0,0.05260443687438965
1778643986.3411362,461.79469656944275,9236,0.0,0.0,0.05205893516540527
1778643986.3831728,461.83673310279846,9237,0.0,0.0,0.04203653335571289
1778643986.4359002,461.88946056365967,9238,0.0,0.0,0.052727460861206055
1778643986.4886446,461.94220495224,9239,0.0,0.0,0.052744388580322266
1778643986.540713,461.99427342414856,9240,0.0,0.0,0.052068471908569336
1778643986.5823944,462.0359547138214,9241,0.0,0.0,0.04168128967285156
1778643986.6346912,462.08825159072876,9242,0.0,0.0,0.05229687690734863
1778643986.6869512,462.14051151275635,9243,0.0,0.0,0.05225992202758789
1778643986.7397194,462.1932797431946,9244,0.0,0.0,0.05276823043823242
1778643986.792495,462.24605536460876,9245,0.0,0.0,0.05277562141418457
1778643986.8344812,462.2880415916443,9246,0.0,0.0,0.04198622703552246
1778643986.887084,462.3406443595886,9247,0.0,0.0,0.05260276794433594
1778643986.9398692,462.393429517746,9248,0.0,0.0,0.05278515815734863
1778643986.981942,462.4355022907257,9249,0.0,0.0,0.04207277297973633
1778643987.034452,462.4880123138428,9250,0.0,0.0,0.05251002311706543
1778643987.0872345,462.54079484939575,9251,0.0,0.0,0.052782535552978516
1778643987.1400754,462.5936357975006,9252,0.0,0.0,0.0528409481048584
1778643987.1821475,462.6357078552246,9253,0.0,0.0,0.04207205772399902
1778643987.2349834,462.6885437965393,9254,0.0,0.0,0.052835941314697266
1778643987.2878091,462.7413694858551,9255,0.0,0.0,0.0528256893157959
1778643987.340595,462.7941553592682,9256,0.0,0.0,0.05278587341308594
1778643987.383269,462.8368294239044,9257,0.0,0.0,0.04267406463623047
1778643987.4358327,462.8893930912018,9258,0.0,0.0,0.05256366729736328
1778643987.488697,462.9422574043274,9259,0.0,0.0,0.05286431312561035
1778643987.5410373,462.99459767341614,9260,0.0,0.0,0.05234026908874512
1778643987.5829716,463.0365319252014,9261,0.0,0.0,0.04193425178527832
1778643987.6353738,463.0889341831207,9262,0.0,0.0,0.05240225791931152
1778643987.6877596,463.1413199901581,9263,0.0,0.0,0.052385807037353516
1778643987.7401688,463.1937291622162,9264,0.0,0.0,0.05240917205810547
1778643987.7821906,463.23575091362,9265,0.0,0.0,0.042021751403808594
1778643987.8349822,463.288542509079,9266,0.0,0.0,0.052791595458984375
1778643987.8876107,463.34117102622986,9267,0.0,0.0,0.052628517150878906
1778643987.9403534,463.3939137458801,9268,0.0,0.0,0.052742719650268555
1778643987.9828634,463.43642377853394,9269,0.0,0.0,0.042510032653808594
1778643988.035774,463.4893343448639,9270,0.0,0.0,0.052910566329956055
1778643988.0882719,463.5418322086334,9271,0.0,0.0,0.05249786376953125
1778643988.1405804,463.59414076805115,9272,0.0,0.0,0.05230855941772461
1778643988.1822667,463.63582706451416,9273,0.0,0.0,0.041686296463012695
1778643988.2346537,463.6882140636444,9274,0.0,0.0,0.05238699913024902
1778643988.2866685,463.7402288913727,9275,0.0,0.0,0.052014827728271484
1778643988.338738,463.79229831695557,9276,0.0,0.0,0.05206942558288574
1778643988.3908205,463.8443808555603,9277,0.0,0.0,0.05208253860473633
1778643988.4326754,463.88623571395874,9278,0.0,0.0,0.0418548583984375
1778643988.4848428,463.93840312957764,9279,0.0,0.0,0.052167415618896484
1778643988.5371137,463.99067401885986,9280,0.0,0.0,0.05227088928222656
1778643988.5896242,464.0431845188141,9281,0.0,0.0,0.05251049995422363
1778643988.6419878,464.0955481529236,9282,0.0,0.0,0.05236363410949707
1778643988.683748,464.1373083591461,9283,0.0,0.0,0.04176020622253418
1778643988.736261,464.18982124328613,9284,0.0,0.0,0.05251288414001465
1778643988.7885814,464.2421417236328,9285,0.0,0.0,0.05232048034667969
1778643988.8411188,464.2946791648865,9286,0.0,0.0,0.05253744125366211
1778643988.8833547,464.3369150161743,9287,0.0,0.0,0.0422358512878418
1778643988.9361045,464.38966488838196,9288,0.0,0.0,0.0527498722076416
1778643988.9885945,464.4421548843384,9289,0.0,0.0,0.0524899959564209
1778643989.041035,464.49459528923035,9290,0.0,0.0,0.05244040489196777
1778643989.083113,464.5366733074188,9291,0.0,0.0,0.04207801818847656
1778643989.135897,464.5894572734833,9292,0.0,0.0,0.052783966064453125
1778643989.1888967,464.6424570083618,9293,0.0,0.0,0.05299973487854004
1778643989.2418826,464.69544291496277,9294,0.0,0.0,0.05298590660095215
1778643989.2843173,464.7378776073456,9295,0.0,0.0,0.0424346923828125
1778643989.337322,464.7908823490143,9296,0.0,0.0,0.05300474166870117
1778643989.3895679,464.8431282043457,9297,0.0,0.0,0.0522458553314209
1778643989.4418647,464.89542508125305,9298,0.0,0.0,0.05229687690734863
1778643989.4839957,464.9375560283661,9299,0.0,0.0,0.04213094711303711
1778643989.5363562,464.98991656303406,9300,0.0,0.0,0.05236053466796875
1778643989.5884764,465.0420367717743,9301,0.0,0.0,0.052120208740234375
1778643989.6407847,465.09434509277344,9302,0.0,0.0,0.05230832099914551
1778643989.6827564,465.13631677627563,9303,0.0,0.0,0.041971683502197266
1778643989.7372406,465.19080090522766,9304,0.0,0.0,0.05448412895202637
1778643989.7896748,465.2432351112366,9305,0.0,0.0,0.05243420600891113
1778643989.841767,465.29532742500305,9306,0.0,0.0,0.05209231376647949
1778643989.8835244,465.33708477020264,9307,0.0,0.0,0.04175734519958496
1778643989.9374795,465.39103984832764,9308,0.0,0.0,0.053955078125
1778643989.9885533,465.4421136379242,9309,0.0,0.0,0.05107378959655762
1778643990.0409243,465.49448466300964,9310,0.0,0.0,0.05237102508544922
1778643990.0833638,465.53692412376404,9311,0.0,0.0,0.04243946075439453
1778643990.1365774,465.59013772010803,9312,0.0,0.0,0.05321359634399414
1778643990.1898339,465.64339423179626,9313,0.0,0.0,0.05325651168823242
1778643990.2321763,465.68573665618896,9314,0.0,0.0,0.042342424392700195
1778643990.2847512,465.73831152915955,9315,0.0,0.0,0.052574872970581055
1778643990.3376617,465.7912220954895,9316,0.0,0.0,0.052910566329956055
1778643990.3901339,465.8436942100525,9317,0.0,0.0,0.05247211456298828
1778643990.432393,465.8859534263611,9318,0.0,0.0,0.04225921630859375
1778643990.4847925,465.93835282325745,9319,0.0,0.0,0.052399396896362305
1778643990.537732,465.9912922382355,9320,0.0,0.0,0.052939414978027344
1778643990.5902808,466.04384112358093,9321,0.0,0.0,0.052548885345458984
1778643990.632443,466.08600330352783,9322,0.0,0.0,0.042162179946899414
1778643990.6852825,466.1388428211212,9323,0.0,0.0,0.05283951759338379
1778643990.7374392,466.19099950790405,9324,0.0,0.0,0.052156686782836914
1778643990.7896063,466.24316668510437,9325,0.0,0.0,0.05216717720031738
1778643990.842024,466.2955844402313,9326,0.0,0.0,0.052417755126953125
1778643990.8838065,466.3373668193817,9327,0.0,0.0,0.041782379150390625
1778643990.9364326,466.3899929523468,9328,0.0,0.0,0.05262613296508789
1778643990.9896016,466.4431619644165,9329,0.0,0.0,0.05316901206970215
1778643991.0318584,466.4854187965393,9330,0.0,0.0,0.042256832122802734
1778643991.08415,466.5377104282379,9331,0.0,0.0,0.0522916316986084
1778643991.1375399,466.59110021591187,9332,0.0,0.0,0.053389787673950195
1778643991.18901,466.6425702571869,9333,0.0,0.0,0.051470041275024414
1778643991.2414508,466.695011138916,9334,0.0,0.0,0.05244088172912598
1778643991.2842705,466.7378308773041,9335,0.0,0.0,0.04281973838806152
1778643991.3372495,466.79080986976624,9336,0.0,0.0,0.0529789924621582
1778643991.3896174,466.84317779541016,9337,0.0,0.0,0.0523679256439209
1778643991.4318397,466.885400056839,9338,0.0,0.0,0.04222226142883301
1778643991.485019,466.9385793209076,9339,0.0,0.0,0.053179264068603516
1778643991.5375738,466.99113416671753,9340,0.0,0.0,0.05255484580993652
1778643991.5913904,467.04495072364807,9341,0.0,0.0,0.05381655693054199
1778643991.632555,467.08611536026,9342,0.0,0.0,0.04116463661193848
1778643991.6851995,467.1387598514557,9343,0.0,0.0,0.05264449119567871
1778643991.7398336,467.19339394569397,9344,0.0,0.0,0.05463409423828125
1778643991.7919595,467.2455198764801,9345,0.0,0.0,0.05212593078613281
1778643991.8334436,467.28700399398804,9346,0.0,0.0,0.04148411750793457
1778643991.8878155,467.3413758277893,9347,0.0,0.0,0.05437183380126953
1778643991.938876,467.39243626594543,9348,0.0,0.0,0.05106043815612793
1778643991.991379,467.4449393749237,9349,0.0,0.0,0.052503108978271484
1778643992.0332875,467.48684787750244,9350,0.0,0.0,0.04190850257873535
1778643992.0860062,467.5395665168762,9351,0.0,0.0,0.0527186393737793
1778643992.139009,467.5925693511963,9352,0.0,0.0,0.05300283432006836
1778643992.1932895,467.64684987068176,9353,0.0,0.0,0.05428051948547363
1778643992.2341225,467.68768286705017,9354,0.0,0.0,0.0408329963684082
1778643992.2865298,467.74009013175964,9355,0.0,0.0,0.052407264709472656
1778643992.3392417,467.7928020954132,9356,0.0,0.0,0.05271196365356445
1778643992.392372,467.8459322452545,9357,0.0,0.0,0.053130149841308594
1778643992.4343493,467.8879096508026,9358,0.0,0.0,0.0419774055480957
1778643992.4866862,467.94024658203125,9359,0.0,0.0,0.052336931228637695
1778643992.5391738,467.9927341938019,9360,0.0,0.0,0.05248761177062988
1778643992.5917802,468.0453405380249,9361,0.0,0.0,0.05260634422302246
1778643992.6338117,468.08737206459045,9362,0.0,0.0,0.04203152656555176
1778643992.685897,468.13945746421814,9363,0.0,0.0,0.05208539962768555
1778643992.7382967,468.1918570995331,9364,0.0,0.0,0.052399635314941406
1778643992.7909024,468.24446272850037,9365,0.0,0.0,0.052605628967285156
1778643992.8329034,468.2864637374878,9366,0.0,0.0,0.04200100898742676
1778643992.8857505,468.3393108844757,9367,0.0,0.0,0.05284714698791504
1778643992.9386287,468.3921890258789,9368,0.0,0.0,0.05287814140319824
1778643992.9912455,468.4448058605194,9369,0.0,0.0,0.05261683464050293
1778643993.0334918,468.48705220222473,9370,0.0,0.0,0.042246341705322266
1778643993.0863125,468.53987288475037,9371,0.0,0.0,0.052820682525634766
1778643993.1389675,468.5925278663635,9372,0.0,0.0,0.05265498161315918
1778643993.191522,468.6450822353363,9373,0.0,0.0,0.05255436897277832
1778643993.2336574,468.68721771240234,9374,0.0,0.0,0.04213547706604004
1778643993.286153,468.73971343040466,9375,0.0,0.0,0.052495718002319336
1778643993.3386853,468.7922456264496,9376,0.0,0.0,0.052532196044921875
1778643993.3917978,468.84535813331604,9377,0.0,0.0,0.05311250686645508
1778643993.4338653,468.88742566108704,9378,0.0,0.0,0.042067527770996094
1778643993.4863462,468.93990659713745,9379,0.0,0.0,0.05248093605041504
1778643993.5391567,468.9927170276642,9380,0.0,0.0,0.0528104305267334
1778643993.5919337,469.04549407958984,9381,0.0,0.0,0.05277705192565918
1778643993.6338923,469.0874526500702,9382,0.0,0.0,0.04195857048034668
1778643993.6869764,469.14053678512573,9383,0.0,0.0,0.05308413505554199
1778643993.7389567,469.19251704216003,9384,0.0,0.0,0.05198025703430176
1778643993.7919934,469.24555373191833,9385,0.0,0.0,0.05303668975830078
1778643993.8347597,469.2883200645447,9386,0.0,0.0,0.04276633262634277
1778643993.88777,469.3413302898407,9387,0.0,0.0,0.05301022529602051
1778643993.9404256,469.3939859867096,9388,0.0,0.0,0.052655696868896484
1778643993.9822636,469.4358239173889,9389,0.0,0.0,0.04183793067932129
1778643994.0354497,469.4890100955963,9390,0.0,0.0,0.05318617820739746
1778643994.088137,469.54169726371765,9391,0.0,0.0,0.05268716812133789
1778643994.1409678,469.5945281982422,9392,0.0,0.0,0.05283093452453613
1778643994.183101,469.63666129112244,9393,0.0,0.0,0.04213309288024902
1778643994.2381074,469.6916677951813,9394,0.0,0.0,0.05500650405883789
1778643994.2915876,469.7451479434967,9395,0.0,0.0,0.05348014831542969
1778643994.3331661,469.78672647476196,9396,0.0,0.0,0.04157853126525879
1778643994.3860984,469.8396587371826,9397,0.0,0.0,0.0529322624206543
1778643994.4387095,469.8922698497772,9398,0.0,0.0,0.05261111259460449
1778643994.4917808,469.9453411102295,9399,0.0,0.0,0.05307126045227051
1778643994.5339358,469.987496137619,9400,0.0,0.0,0.04215502738952637
1778643994.5889442,470.0425045490265,9401,0.0,0.0,0.0550084114074707
1778643994.6403258,470.09388613700867,9402,0.0,0.0,0.051381587982177734
1778643994.682328,470.135888338089,9403,0.0,0.0,0.042002201080322266
1778643994.7346404,470.188200712204,9404,0.0,0.0,0.052312374114990234
1778643994.7871745,470.24073481559753,9405,0.0,0.0,0.05253410339355469
1778643994.8395243,470.29308462142944,9406,0.0,0.0,0.05234980583190918
1778643994.882598,470.33615827560425,9407,0.0,0.0,0.04307365417480469
1778643994.9348764,470.388436794281,9408,0.0,0.0,0.05227851867675781
1778643994.9868147,470.4403750896454,9409,0.0,0.0,0.05193829536437988
1778643995.042107,470.49566745758057,9410,0.0,0.0,0.055292367935180664
1778643995.0847933,470.53835368156433,9411,0.0,0.0,0.04268622398376465
1778643995.1369631,470.590523481369,9412,0.0,0.0,0.0521697998046875
1778643995.189393,470.6429533958435,9413,0.0,0.0,0.052429914474487305
1778643995.241794,470.6953544616699,9414,0.0,0.0,0.052401065826416016
1778643995.2859426,470.7395029067993,9415,0.0,0.0,0.04414844512939453
1778643995.3379972,470.7915575504303,9416,0.0,0.0,0.052054643630981445
1778643995.390106,470.84366631507874,9417,0.0,0.0,0.0521087646484375
1778643995.4321282,470.8856885433197,9418,0.0,0.0,0.0420222282409668
1778643995.4848788,470.9384391307831,9419,0.0,0.0,0.052750587463378906
1778643995.5375996,470.9911599159241,9420,0.0,0.0,0.05272078514099121
1778643995.5902016,471.04376196861267,9421,0.0,0.0,0.05260205268859863
1778643995.6323838,471.0859441757202,9422,0.0,0.0,0.042182207107543945
1778643995.684975,471.1385352611542,9423,0.0,0.0,0.05259108543395996
1778643995.737393,471.1909532546997,9424,0.0,0.0,0.05241799354553223
1778643995.7906642,471.24422454833984,9425,0.0,0.0,0.05327129364013672
1778643995.8322191,471.28577947616577,9426,0.0,0.0,0.041554927825927734
1778643995.8874724,471.341032743454,9427,0.0,0.0,0.05525326728820801
1778643995.9419944,471.3955547809601,9428,0.0,0.0,0.054522037506103516
1778643995.9825149,471.4360752105713,9429,0.0,0.0,0.040520429611206055
1778643996.0345042,471.4880645275116,9430,0.0,0.0,0.05198931694030762
1778643996.0904136,471.5439739227295,9431,0.0,0.0,0.05590939521789551
1778643996.134774,471.5883343219757,9432,0.0,0.0,0.04436039924621582
1778643996.1900542,471.64361453056335,9433,0.0,0.0,0.055280208587646484
1778643996.2338557,471.68741607666016,9434,0.0,0.0,0.04380154609680176
1778643996.2891915,471.74275183677673,9435,0.0,0.0,0.05533576011657715
1778643996.3334713,471.7870316505432,9436,0.0,0.0,0.04427981376647949
1778643996.3890321,471.84259247779846,9437,0.0,0.0,0.05556082725524902
1778643996.432526,471.8860864639282,9438,0.0,0.0,0.04349398612976074
1778643996.4853876,471.9389479160309,9439,0.0,0.0,0.05286145210266113
1778643996.5385666,471.9921269416809,9440,0.0,0.0,0.053179025650024414
1778643996.5914073,472.0449676513672,9441,0.0,0.0,0.0528407096862793
1778643996.6337724,472.0873327255249,9442,0.0,0.0,0.042365074157714844
1778643996.6869464,472.14050674438477,9443,0.0,0.0,0.05317401885986328
1778643996.739624,472.19318437576294,9444,0.0,0.0,0.05267763137817383
1778643996.7920513,472.24561166763306,9445,0.0,0.0,0.05242729187011719
1778643996.8346102,472.2881705760956,9446,0.0,0.0,0.042558908462524414
1778643996.8872354,472.34079575538635,9447,0.0,0.0,0.052625179290771484
1778643996.940448,472.39400839805603,9448,0.0,0.0,0.053212642669677734
1778643996.9828234,472.43638372421265,9449,0.0,0.0,0.04237532615661621
1778643997.0355632,472.48912358283997,9450,0.0,0.0,0.052739858627319336
1778643997.0883708,472.54193115234375,9451,0.0,0.0,0.05280756950378418
1778643997.141508,472.59506845474243,9452,0.0,0.0,0.05313730239868164
1778643997.1835396,472.637099981308,9453,0.0,0.0,0.04203152656555176
1778643997.2363079,472.6898682117462,9454,0.0,0.0,0.05276823043823242
1778643997.28996,472.7435202598572,9455,0.0,0.0,0.053652048110961914
1778643997.342115,472.79567527770996,9456,0.0,0.0,0.0521550178527832
1778643997.384016,472.83757638931274,9457,0.0,0.0,0.0419011116027832
1778643997.4407053,472.8942656517029,9458,0.0,0.0,0.05668926239013672
1778643997.4837534,472.9373137950897,9459,0.0,0.0,0.04304814338684082
1778643997.5363986,472.98995900154114,9460,0.0,0.0,0.052645206451416016
1778643997.589037,473.04259729385376,9461,0.0,0.0,0.05263829231262207
1778643997.641979,473.09553933143616,9462,0.0,0.0,0.05294203758239746
1778643997.6840277,473.1375880241394,9463,0.0,0.0,0.04204869270324707
1778643997.7366636,473.19022393226624,9464,0.0,0.0,0.052635908126831055
1778643997.7893534,473.24291372299194,9465,0.0,0.0,0.05268979072570801
1778643997.8421896,473.2957499027252,9466,0.0,0.0,0.05283617973327637
1778643997.884816,473.33837628364563,9467,0.0,0.0,0.042626380920410156
1778643997.9374452,473.39100551605225,9468,0.0,0.0,0.05262923240661621
1778643997.9899354,473.44349575042725,9469,0.0,0.0,0.052490234375
1778643998.0421796,473.4957399368286,9470,0.0,0.0,0.05224418640136719
1778643998.084174,473.5377342700958,9471,0.0,0.0,0.041994333267211914
1778643998.1370244,473.59058475494385,9472,0.0,0.0,0.05285048484802246
1778643998.1918774,473.64543771743774,9473,0.0,0.0,0.054852962493896484
1778643998.2326136,473.68617391586304,9474,0.0,0.0,0.04073619842529297
1778643998.2846124,473.7381727695465,9475,0.0,0.0,0.05199885368347168
1778643998.337007,473.7905673980713,9476,0.0,0.0,0.05239462852478027
1778643998.3895133,473.8430736064911,9477,0.0,0.0,0.052506208419799805
1778643998.4421756,473.8957359790802,9478,0.0,0.0,0.05266237258911133
1778643998.4850075,473.9385678768158,9479,0.0,0.0,0.0428318977355957
1778643998.5369995,473.9905598163605,9480,0.0,0.0,0.051991939544677734
1778643998.5893908,474.04295110702515,9481,0.0,0.0,0.05239129066467285
1778643998.641709,474.0952694416046,9482,0.0,0.0,0.05231833457946777
1778643998.6835501,474.13711047172546,9483,0.0,0.0,0.04184103012084961
1778643998.736234,474.1897943019867,9484,0.0,0.0,0.05268383026123047
1778643998.7907207,474.2442810535431,9485,0.0,0.0,0.054486751556396484
1778643998.8319511,474.28551149368286,9486,0.0,0.0,0.04123044013977051
1778643998.8847644,474.33832478523254,9487,0.0,0.0,0.05281329154968262
1778643998.9378903,474.39145064353943,9488,0.0,0.0,0.053125858306884766
1778643998.9909577,474.44451808929443,9489,0.0,0.0,0.05306744575500488
1778643999.0332637,474.48682403564453,9490,0.0,0.0,0.042305946350097656
1778643999.0866792,474.540239572525,9491,0.0,0.0,0.053415536880493164
1778643999.139542,474.59310245513916,9492,0.0,0.0,0.05286288261413574
1778643999.191816,474.6453764438629,9493,0.0,0.0,0.05227398872375488
1778643999.2351968,474.6887571811676,9494,0.0,0.0,0.0433807373046875
1778643999.2873967,474.74095702171326,9495,0.0,0.0,0.0521998405456543
1778643999.3397894,474.7933497428894,9496,0.0,0.0,0.05239272117614746
1778643999.3921673,474.84572768211365,9497,0.0,0.0,0.052377939224243164
1778643999.4340463,474.8876066207886,9498,0.0,0.0,0.04187893867492676
1778643999.4867065,474.9402668476105,9499,0.0,0.0,0.052660226821899414
1778643999.5394547,474.99301505088806,9500,0.0,0.0,0.05274820327758789
1778643999.5918772,475.0454375743866,9501,0.0,0.0,0.052422523498535156
1778643999.6339426,475.0875029563904,9502,0.0,0.0,0.04206538200378418
1778643999.6872518,475.1408121585846,9503,0.0,0.0,0.05330920219421387
1778643999.7403564,475.19391679763794,9504,0.0,0.0,0.05310463905334473
1778643999.7825334,475.23609375953674,9505,0.0,0.0,0.04217696189880371
1778643999.8350017,475.28856205940247,9506,0.0,0.0,0.052468299865722656
1778643999.887771,475.341331243515,9507,0.0,0.0,0.05276918411254883
1778643999.9403086,475.39386892318726,9508,0.0,0.0,0.05253767967224121
1778643999.982876,475.4364364147186,9509,0.0,0.0,0.04256749153137207
1778644000.0355847,475.4891450405121,9510,0.0,0.0,0.05270862579345703
1778644000.0883973,475.54195761680603,9511,0.0,0.0,0.05281257629394531
1778644000.1412866,475.59484696388245,9512,0.0,0.0,0.052889347076416016
1778644000.1833582,475.6369185447693,9513,0.0,0.0,0.04207158088684082
1778644000.236231,475.68979144096375,9514,0.0,0.0,0.05287289619445801
1778644000.2890728,475.74263310432434,9515,0.0,0.0,0.0528416633605957
1778644000.3412356,475.79479598999023,9516,0.0,0.0,0.052162885665893555
1778644000.383169,475.8367292881012,9517,0.0,0.0,0.041933298110961914
1778644000.4373105,475.89087080955505,9518,0.0,0.0,0.05414152145385742
1778644000.4884014,475.9419617652893,9519,0.0,0.0,0.05109095573425293
1778644000.5410554,475.99461579322815,9520,0.0,0.0,0.05265402793884277
1778644000.5839155,476.0374758243561,9521,0.0,0.0,0.04286003112792969
1778644000.6360972,476.0896575450897,9522,0.0,0.0,0.05218172073364258
1778644000.690801,476.1443612575531,9523,0.0,0.0,0.054703712463378906
1778644000.732119,476.18567943573,9524,0.0,0.0,0.04131817817687988
1778644000.784059,476.2376194000244,9525,0.0,0.0,0.051939964294433594
1778644000.8366916,476.29025197029114,9526,0.0,0.0,0.05263257026672363
1778644000.8916829,476.3452432155609,9527,0.0,0.0,0.05499124526977539
1778644000.932834,476.38639426231384,9528,0.0,0.0,0.04115104675292969
1778644000.9847782,476.4383385181427,9529,0.0,0.0,0.05194425582885742
1778644001.0380762,476.4916365146637,9530,0.0,0.0,0.053297996520996094
1778644001.090482,476.5440423488617,9531,0.0,0.0,0.05240583419799805
1778644001.132577,476.5861372947693,9532,0.0,0.0,0.04209494590759277
1778644001.185601,476.6391613483429,9533,0.0,0.0,0.0530240535736084
1778644001.2383027,476.69186305999756,9534,0.0,0.0,0.052701711654663086
1778644001.2908757,476.7444360256195,9535,0.0,0.0,0.05257296562194824
1778644001.3332794,476.78683972358704,9536,0.0,0.0,0.0424036979675293
1778644001.3861742,476.83973455429077,9537,0.0,0.0,0.05289483070373535
1778644001.4388041,476.8923645019531,9538,0.0,0.0,0.052629947662353516
1778644001.4918337,476.94539403915405,9539,0.0,0.0,0.053029537200927734
1778644001.534011,476.98757123947144,9540,0.0,0.0,0.04217720031738281
1778644001.5867934,477.0403537750244,9541,0.0,0.0,0.052782535552978516
1778644001.639644,477.09320425987244,9542,0.0,0.0,0.05285048484802246
1778644001.692434,477.14599442481995,9543,0.0,0.0,0.052790164947509766
1778644001.7344558,477.18801617622375,9544,0.0,0.0,0.042021751403808594
1778644001.7872636,477.2408239841461,9545,0.0,0.0,0.05280780792236328
1778644001.8401062,477.29366660118103,9546,0.0,0.0,0.05284261703491211
1778644001.8821914,477.3357517719269,9547,0.0,0.0,0.04208517074584961
1778644001.9362257,477.38978600502014,9548,0.0,0.0,0.05403423309326172
1778644001.9881797,477.44174003601074,9549,0.0,0.0,0.051954030990600586
1778644002.04036,477.4939203262329,9550,0.0,0.0,0.05218029022216797
1778644002.0821238,477.53568410873413,9551,0.0,0.0,0.0417637825012207
1778644002.1345966,477.58815693855286,9552,0.0,0.0,0.052472829818725586
1778644002.1876683,477.6412286758423,9553,0.0,0.0,0.05307173728942871
1778644002.240713,477.6942732334137,9554,0.0,0.0,0.05304455757141113
1778644002.2829583,477.7365186214447,9555,0.0,0.0,0.04224538803100586
1778644002.33552,477.78908038139343,9556,0.0,0.0,0.05256175994873047
1778644002.3899055,477.8434658050537,9557,0.0,0.0,0.05438542366027832
1778644002.44198,477.89554023742676,9558,0.0,0.0,0.052074432373046875
1778644002.48381,477.93737030029297,9559,0.0,0.0,0.04183006286621094
1778644002.5365767,477.9901371002197,9560,0.0,0.0,0.05276679992675781
1778644002.589577,478.0431373119354,9561,0.0,0.0,0.05300021171569824
1778644002.6421514,478.09571170806885,9562,0.0,0.0,0.05257439613342285
1778644002.684275,478.13783526420593,9563,0.0,0.0,0.04212355613708496
1778644002.7367806,478.1903409957886,9564,0.0,0.0,0.0525057315826416
1778644002.7892923,478.2428526878357,9565,0.0,0.0,0.05251169204711914
1778644002.8421793,478.2957396507263,9566,0.0,0.0,0.052886962890625
1778644002.884302,478.3378622531891,9567,0.0,0.0,0.042122602462768555
1778644002.9373877,478.3909480571747,9568,0.0,0.0,0.0530858039855957
1778644002.9901242,478.4436845779419,9569,0.0,0.0,0.052736520767211914
1778644003.0319777,478.48553800582886,9570,0.0,0.0,0.04185342788696289
1778644003.0844965,478.53805685043335,9571,0.0,0.0,0.05251884460449219
1778644003.1370625,478.5906229019165,9572,0.0,0.0,0.0525660514831543
1778644003.1901479,478.64370822906494,9573,0.0,0.0,0.0530853271484375
1778644003.2324727,478.6860330104828,9574,0.0,0.0,0.04232478141784668
1778644003.2856572,478.73921751976013,9575,0.0,0.0,0.05318450927734375
1778644003.3382602,478.79182052612305,9576,0.0,0.0,0.05260300636291504
1778644003.3902678,478.84382820129395,9577,0.0,0.0,0.05200767517089844
1778644003.4326,478.88616037368774,9578,0.0,0.0,0.04233217239379883
1778644003.4851546,478.9387149810791,9579,0.0,0.0,0.05255460739135742
1778644003.537766,478.9913263320923,9580,0.0,0.0,0.052611351013183594
1778644003.5901315,479.0436918735504,9581,0.0,0.0,0.05236554145812988
1778644003.6322482,479.0858085155487,9582,0.0,0.0,0.042116641998291016
1778644003.6844575,479.1380178928375,9583,0.0,0.0,0.05220937728881836
1778644003.737322,479.1908824443817,9584,0.0,0.0,0.05286455154418945
1778644003.7899854,479.24354577064514,9585,0.0,0.0,0.052663326263427734
1778644003.832084,479.2856442928314,9586,0.0,0.0,0.0420985221862793
1778644003.8850932,479.3386535644531,9587,0.0,0.0,0.0530092716217041
1778644003.937947,479.39150738716125,9588,0.0,0.0,0.05285382270812988
1778644003.9906292,479.44418954849243,9589,0.0,0.0,0.05268216133117676
1778644004.0328534,479.4864137172699,9590,0.0,0.0,0.04222416877746582
1778644004.0859098,479.53947019577026,9591,0.0,0.0,0.05305647850036621
1778644004.1390016,479.59256196022034,9592,0.0,0.0,0.05309176445007324
1778644004.1918921,479.64545249938965,9593,0.0,0.0,0.05289053916931152
1778644004.234208,479.68776845932007,9594,0.0,0.0,0.04231595993041992
1778644004.2871125,479.74067282676697,9595,0.0,0.0,0.052904367446899414
1778644004.3401008,479.7936611175537,9596,0.0,0.0,0.052988290786743164
1778644004.3821337,479.83569407463074,9597,0.0,0.0,0.04203295707702637
1778644004.4348266,479.888386964798,9598,0.0,0.0,0.05269289016723633
1778644004.4881802,479.9417405128479,9599,0.0,0.0,0.05335354804992676
1778644004.5408654,479.9944257736206,9600,0.0,0.0,0.05268526077270508
1778644004.5834103,480.03697061538696,9601,0.0,0.0,0.04254484176635742
1778644004.636256,480.0898163318634,9602,0.0,0.0,0.05284571647644043
1778644004.6891932,480.1427536010742,9603,0.0,0.0,0.05293726921081543
1778644004.7319458,480.185506105423,9604,0.0,0.0,0.04275250434875488
1778644004.7849061,480.23846650123596,9605,0.0,0.0,0.05296039581298828
1778644004.8378525,480.2914128303528,9606,0.0,0.0,0.05294632911682129
1778644004.8904843,480.34404468536377,9607,0.0,0.0,0.05263185501098633
1778644004.932843,480.38640332221985,9608,0.0,0.0,0.0423586368560791
1778644004.9857705,480.4393308162689,9609,0.0,0.0,0.052927494049072266
1778644005.0382116,480.4917719364166,9610,0.0,0.0,0.05244112014770508
1778644005.0909488,480.5445091724396,9611,0.0,0.0,0.05273723602294922
1778644005.1330347,480.58659505844116,9612,0.0,0.0,0.042085886001586914
1778644005.186052,480.63961243629456,9613,0.0,0.0,0.053017377853393555
1778644005.2397604,480.6933207511902,9614,0.0,0.0,0.05370831489562988
1778644005.2910786,480.7446389198303,9615,0.0,0.0,0.05131816864013672
1778644005.333063,480.7866232395172,9616,0.0,0.0,0.04198431968688965
1778644005.385548,480.83910846710205,9617,0.0,0.0,0.05248522758483887
1778644005.4380624,480.89162278175354,9618,0.0,0.0,0.05251431465148926
1778644005.4904811,480.9440414905548,9619,0.0,0.0,0.05241870880126953
1778644005.532401,480.98596143722534,9620,0.0,0.0,0.04191994667053223
1778644005.5847526,481.0383129119873,9621,0.0,0.0,0.05235147476196289
1778644005.6374543,481.09101462364197,9622,0.0,0.0,0.052701711654663086
1778644005.6902955,481.1438558101654,9623,0.0,0.0,0.0528411865234375
1778644005.7329097,481.1864700317383,9624,0.0,0.0,0.04261422157287598
1778644005.785518,481.23907828330994,9625,0.0,0.0,0.05260825157165527
1778644005.8388422,481.29240250587463,9626,0.0,0.0,0.053324222564697266
1778644005.891431,481.3449914455414,9627,0.0,0.0,0.05258893966674805
1778644005.9332988,481.3868591785431,9628,0.0,0.0,0.041867733001708984
1778644005.9874768,481.44103717803955,9629,0.0,0.0,0.05417799949645996
1778644006.0378947,481.491455078125,9630,0.0,0.0,0.05041790008544922
1778644006.0907125,481.5442728996277,9631,0.0,0.0,0.05281782150268555
1778644006.1333704,481.58693075180054,9632,0.0,0.0,0.04265785217285156
1778644006.186362,481.6399223804474,9633,0.0,0.0,0.052991628646850586
1778644006.239029,481.6925892829895,9634,0.0,0.0,0.05266690254211426
1778644006.2919803,481.7455406188965,9635,0.0,0.0,0.05295133590698242
1778644006.334283,481.78784346580505,9636,0.0,0.0,0.042302846908569336
1778644006.3872406,481.8408010005951,9637,0.0,0.0,0.05295753479003906
1778644006.4399924,481.89355278015137,9638,0.0,0.0,0.052751779556274414
1778644006.4821754,481.93573570251465,9639,0.0,0.0,0.04218292236328125
1778644006.5351257,481.9886860847473,9640,0.0,0.0,0.052950382232666016
1778644006.5892491,482.04280948638916,9641,0.0,0.0,0.0541234016418457
1778644006.6415896,482.0951499938965,9642,0.0,0.0,0.05234050750732422
1778644006.6831892,482.1367495059967,9643,0.0,0.0,0.04159951210021973
1778644006.7365282,482.1900885105133,9644,0.0,0.0,0.05333900451660156
1778644006.78847,482.2420303821564,9645,0.0,0.0,0.051941871643066406
1778644006.8408663,482.2944266796112,9646,0.0,0.0,0.052396297454833984
1778644006.882959,482.336519241333,9647,0.0,0.0,0.04209256172180176
1778644006.9355588,482.3891191482544,9648,0.0,0.0,0.05259990692138672
1778644006.988243,482.4418034553528,9649,0.0,0.0,0.05268430709838867
1778644007.0413535,482.494913816452,9650,0.0,0.0,0.053110361099243164
1778644007.0839388,482.53749918937683,9651,0.0,0.0,0.04258537292480469
1778644007.1369185,482.5904788970947,9652,0.0,0.0,0.05297970771789551
1778644007.1897323,482.64329266548157,9653,0.0,0.0,0.05281376838684082
1778644007.2422054,482.6957657337189,9654,0.0,0.0,0.05247306823730469
1778644007.2843318,482.7378921508789,9655,0.0,0.0,0.04212641716003418
1778644007.337951,482.79151129722595,9656,0.0,0.0,0.0536191463470459
1778644007.3898268,482.8433871269226,9657,0.0,0.0,0.05187582969665527
1778644007.432094,482.8856544494629,9658,0.0,0.0,0.0422673225402832
1778644007.4856644,482.9392247200012,9659,0.0,0.0,0.05357027053833008
1778644007.5382605,482.99182081222534,9660,0.0,0.0,0.052596092224121094
1778644007.5904696,483.0440299510956,9661,0.0,0.0,0.05220913887023926
1778644007.632791,483.0863513946533,9662,0.0,0.0,0.04232144355773926
1778644007.6851737,483.13873410224915,9663,0.0,0.0,0.052382707595825195
1778644007.737731,483.1912913322449,9664,0.0,0.0,0.05255722999572754
1778644007.7907662,483.2443265914917,9665,0.0,0.0,0.05303525924682617
1778644007.8323965,483.2859568595886,9666,0.0,0.0,0.04163026809692383
1778644007.8847537,483.3383140563965,9667,0.0,0.0,0.05235719680786133
1778644007.9374642,483.3910245895386,9668,0.0,0.0,0.052710533142089844
1778644007.9897127,483.44327306747437,9669,0.0,0.0,0.052248477935791016
1778644008.0421553,483.49571561813354,9670,0.0,0.0,0.05244255065917969
1778644008.084756,483.5383162498474,9671,0.0,0.0,0.04260063171386719
1778644008.1373236,483.5908839702606,9672,0.0,0.0,0.05256772041320801
1778644008.1898901,483.64345049858093,9673,0.0,0.0,0.0525665283203125
1778644008.232256,483.6858162879944,9674,0.0,0.0,0.04236578941345215
1778644008.2847903,483.7383506298065,9675,0.0,0.0,0.05253434181213379
1778644008.3372774,483.79083776474,9676,0.0,0.0,0.05248713493347168
1778644008.3906543,483.84421467781067,9677,0.0,0.0,0.05337691307067871
1778644008.4323766,483.8859369754791,9678,0.0,0.0,0.04172229766845703
1778644008.4853132,483.9388735294342,9679,0.0,0.0,0.052936553955078125
1778644008.5386837,483.99224400520325,9680,0.0,0.0,0.05337047576904297
1778644008.5912929,484.0448532104492,9681,0.0,0.0,0.05260920524597168
1778644008.6331928,484.0867531299591,9682,0.0,0.0,0.041899919509887695
1778644008.6857958,484.139356136322,9683,0.0,0.0,0.05260300636291504
1778644008.73824,484.19180035591125,9684,0.0,0.0,0.0524442195892334
1778644008.7908642,484.2444245815277,9685,0.0,0.0,0.05262422561645508
1778644008.8328488,484.2864091396332,9686,0.0,0.0,0.04198455810546875
1778644008.8857162,484.3392765522003,9687,0.0,0.0,0.05286741256713867
1778644008.9383447,484.3919050693512,9688,0.0,0.0,0.052628517150878906
1778644008.9914556,484.4450159072876,9689,0.0,0.0,0.05311083793640137
1778644009.0331209,484.48668122291565,9690,0.0,0.0,0.04166531562805176
1778644009.0857096,484.5392699241638,9691,0.0,0.0,0.052588701248168945
1778644009.1380978,484.59165811538696,9692,0.0,0.0,0.05238819122314453
1778644009.1905687,484.64412903785706,9693,0.0,0.0,0.05247092247009277
1778644009.2329109,484.6864712238312,9694,0.0,0.0,0.042342185974121094
1778644009.286051,484.7396113872528,9695,0.0,0.0,0.05314016342163086
1778644009.3385932,484.79215359687805,9696,0.0,0.0,0.05254220962524414
1778644009.3925178,484.8460781574249,9697,0.0,0.0,0.053924560546875
1778644009.4344068,484.8879671096802,9698,0.0,0.0,0.04188895225524902
1778644009.4873157,484.9408760070801,9699,0.0,0.0,0.052908897399902344
1778644009.5400507,484.9936110973358,9700,0.0,0.0,0.052735090255737305
1778644009.5824916,485.0360519886017,9701,0.0,0.0,0.04244089126586914
1778644009.634943,485.0885033607483,9702,0.0,0.0,0.052451372146606445
1778644009.6878545,485.14141488075256,9703,0.0,0.0,0.05291152000427246
1778644009.7405286,485.19408893585205,9704,0.0,0.0,0.052674055099487305
1778644009.7823129,485.2358732223511,9705,0.0,0.0,0.04178428649902344
1778644009.8349812,485.28854155540466,9706,0.0,0.0,0.05266833305358887
1778644009.8896697,485.343230009079,9707,0.0,0.0,0.054688453674316406
1778644009.9404542,485.3940145969391,9708,0.0,0.0,0.05078458786010742
1778644009.9825346,485.43609499931335,9709,0.0,0.0,0.04208040237426758
1778644010.0356395,485.4891998767853,9710,0.0,0.0,0.05310487747192383
1778644010.0876086,485.54116892814636,9711,0.0,0.0,0.051969051361083984
1778644010.1402152,485.59377551078796,9712,0.0,0.0,0.05260658264160156
1778644010.1829658,485.6365261077881,9713,0.0,0.0,0.04275059700012207
1778644010.236217,485.6897773742676,9714,0.0,0.0,0.05325126647949219
1778644010.2889018,485.7424621582031,9715,0.0,0.0,0.052684783935546875
1778644010.3414059,485.7949662208557,9716,0.0,0.0,0.05250406265258789
1778644010.3835726,485.8371329307556,9717,0.0,0.0,0.042166709899902344
1778644010.4363093,485.8898696899414,9718,0.0,0.0,0.052736759185791016
1778644010.488899,485.9424593448639,9719,0.0,0.0,0.05258965492248535
1778644010.5415103,485.9950706958771,9720,0.0,0.0,0.052611351013183594
1778644010.5834265,486.03698682785034,9721,0.0,0.0,0.0419161319732666
1778644010.6361206,486.0896809101105,9722,0.0,0.0,0.052694082260131836
1778644010.6887023,486.14226269721985,9723,0.0,0.0,0.052581787109375
1778644010.741397,486.19495725631714,9724,0.0,0.0,0.05269455909729004
1778644010.7837741,486.2373344898224,9725,0.0,0.0,0.04237723350524902
1778644010.837029,486.29058933258057,9726,0.0,0.0,0.05325484275817871
1778644010.8900752,486.34363555908203,9727,0.0,0.0,0.053046226501464844
1778644010.932409,486.3859694004059,9728,0.0,0.0,0.04233384132385254
1778644010.9854152,486.43897557258606,9729,0.0,0.0,0.05300617218017578
1778644011.0382383,486.4917986392975,9730,0.0,0.0,0.05282306671142578
1778644011.0913093,486.5448696613312,9731,0.0,0.0,0.053071022033691406
1778644011.1335282,486.5870885848999,9732,0.0,0.0,0.042218923568725586
1778644011.1864014,486.63996171951294,9733,0.0,0.0,0.05287313461303711
1778644011.2393155,486.6928758621216,9734,0.0,0.0,0.05291414260864258
1778644011.2922952,486.7458555698395,9735,0.0,0.0,0.05297970771789551
1778644011.3341167,486.78767704963684,9736,0.0,0.0,0.04182147979736328
1778644011.3863325,486.8398928642273,9737,0.0,0.0,0.0522158145904541
1778644011.438376,486.89193630218506,9738,0.0,0.0,0.05204343795776367
1778644011.4907758,486.9443361759186,9739,0.0,0.0,0.05239987373352051
1778644011.5327473,486.9863076210022,9740,0.0,0.0,0.041971445083618164
1778644011.5851932,487.0387535095215,9741,0.0,0.0,0.05244588851928711
1778644011.637836,487.0913963317871,9742,0.0,0.0,0.052642822265625
1778644011.690519,487.1440794467926,9743,0.0,0.0,0.052683115005493164
1778644011.7325926,487.1861529350281,9744,0.0,0.0,0.04207348823547363
1778644011.7854178,487.2389781475067,9745,0.0,0.0,0.052825212478637695
1778644011.8378813,487.29144167900085,9746,0.0,0.0,0.052463531494140625
1778644011.8907099,487.3442702293396,9747,0.0,0.0,0.05282855033874512
1778644011.9327488,487.3863091468811,9748,0.0,0.0,0.042038917541503906
1778644011.9854536,487.4390139579773,9749,0.0,0.0,0.052704811096191406
1778644012.0382543,487.4918146133423,9750,0.0,0.0,0.052800655364990234
1778644012.0909345,487.54449486732483,9751,0.0,0.0,0.052680253982543945
1778644012.1332152,487.58677554130554,9752,0.0,0.0,0.04228067398071289
1778644012.1860094,487.6395697593689,9753,0.0,0.0,0.05279421806335449
1778644012.2385933,487.6921536922455,9754,0.0,0.0,0.052583932876586914
1778644012.2911732,487.7447335720062,9755,0.0,0.0,0.05257987976074219
1778644012.3333886,487.78694891929626,9756,0.0,0.0,0.04221534729003906
1778644012.385842,487.8394024372101,9757,0.0,0.0,0.05245351791381836
1778644012.4383845,487.8919448852539,9758,0.0,0.0,0.05254244804382324
1778644012.490985,487.94454526901245,9759,0.0,0.0,0.05260038375854492
1778644012.5331812,487.98674154281616,9760,0.0,0.0,0.04219627380371094
1778644012.5859513,488.039511680603,9761,0.0,0.0,0.052770137786865234
1778644012.6384318,488.0919921398163,9762,0.0,0.0,0.052480459213256836
1778644012.690956,488.1445164680481,9763,0.0,0.0,0.05252432823181152
1778644012.7329807,488.18654108047485,9764,0.0,0.0,0.04202461242675781
1778644012.7859325,488.239492893219,9765,0.0,0.0,0.052951812744140625
1778644012.8384578,488.2920181751251,9766,0.0,0.0,0.05252528190612793
1778644012.892668,488.34622836112976,9767,0.0,0.0,0.05421018600463867
1778644012.934124,488.38768434524536,9768,0.0,0.0,0.041455984115600586
1778644012.9864998,488.4400601387024,9769,0.0,0.0,0.05237579345703125
1778644013.038934,488.4924943447113,9770,0.0,0.0,0.05243420600891113
1778644013.0918374,488.5453977584839,9771,0.0,0.0,0.05290341377258301
1778644013.135137,488.5886974334717,9772,0.0,0.0,0.04329967498779297
1778644013.1883123,488.64187264442444,9773,0.0,0.0,0.05317521095275879
1778644013.241207,488.6947672367096,9774,0.0,0.0,0.05289459228515625
1778644013.2837737,488.73733401298523,9775,0.0,0.0,0.042566776275634766
1778644013.3366942,488.7902545928955,9776,0.0,0.0,0.05292057991027832
1778644013.389345,488.84290528297424,9777,0.0,0.0,0.05265069007873535
1778644013.4421906,488.8957509994507,9778,0.0,0.0,0.05284571647644043
1778644013.484799,488.9383592605591,9779,0.0,0.0,0.04260826110839844
1778644013.5380561,488.99161648750305,9780,0.0,0.0,0.05325722694396973
1778644013.5912147,489.0447750091553,9781,0.0,0.0,0.05315852165222168
1778644013.6329875,489.0865478515625,9782,0.0,0.0,0.04177284240722656
1778644013.685169,489.13872933387756,9783,0.0,0.0,0.05218148231506348
1778644013.7379,489.19146037101746,9784,0.0,0.0,0.05273103713989258
1778644013.7909062,489.24446654319763,9785,0.0,0.0,0.05300617218017578
1778644013.8330123,489.28657269477844,9786,0.0,0.0,0.04210615158081055
1778644013.8855145,489.3390748500824,9787,0.0,0.0,0.05250215530395508
1778644013.9381878,489.39174818992615,9788,0.0,0.0,0.05267333984375
1778644013.9908128,489.44437313079834,9789,0.0,0.0,0.05262494087219238
1778644014.0328789,489.48643922805786,9790,0.0,0.0,0.042066097259521484
1778644014.0856545,489.53921484947205,9791,0.0,0.0,0.05277562141418457
1778644014.138075,489.59163546562195,9792,0.0,0.0,0.052420616149902344
1778644014.1910677,489.6446280479431,9793,0.0,0.0,0.05299258232116699
1778644014.2333105,489.68687081336975,9794,0.0,0.0,0.04224276542663574
1778644014.2857907,489.73935103416443,9795,0.0,0.0,0.052480220794677734
1778644014.338221,489.7917814254761,9796,0.0,0.0,0.05243039131164551
1778644014.391573,489.84513330459595,9797,0.0,0.0,0.05335187911987305
1778644014.4341586,489.88771891593933,9798,0.0,0.0,0.04258561134338379
1778644014.4878154,489.9413757324219,9799,0.0,0.0,0.053656816482543945
1778644014.5411243,489.9946846961975,9800,0.0,0.0,0.053308963775634766
1778644014.5828793,490.0364396572113,9801,0.0,0.0,0.041754961013793945
1778644014.6350574,490.08861780166626,9802,0.0,0.0,0.052178144454956055
1778644014.6875005,490.1410608291626,9803,0.0,0.0,0.05244302749633789
1778644014.740206,490.1937663555145,9804,0.0,0.0,0.05270552635192871
1778644014.782303,490.23586344718933,9805,0.0,0.0,0.04209709167480469
1778644014.835085,490.2886452674866,9806,0.0,0.0,0.05278182029724121
1778644014.8875477,490.341108083725,9807,0.0,0.0,0.05246281623840332
1778644014.940161,490.3937213420868,9808,0.0,0.0,0.052613258361816406
1778644014.9824047,490.43596506118774,9809,0.0,0.0,0.04224371910095215
1778644015.0353727,490.48893308639526,9810,0.0,0.0,0.05296802520751953
1778644015.088253,490.5418133735657,9811,0.0,0.0,0.052880287170410156
1778644015.1413195,490.59487986564636,9812,0.0,0.0,0.05306649208068848
1778644015.1836824,490.63724279403687,9813,0.0,0.0,0.04236292839050293
1778644015.2366977,490.69025802612305,9814,0.0,0.0,0.05301523208618164
1778644015.2895808,490.7431411743164,9815,0.0,0.0,0.052883148193359375
1778644015.342314,490.7958743572235,9816,0.0,0.0,0.05273318290710449
1778644015.3843458,490.83790612220764,9817,0.0,0.0,0.04203176498413086
1778644015.437666,490.8912262916565,9818,0.0,0.0,0.05332016944885254
1778644015.4909055,490.9444658756256,9819,0.0,0.0,0.05323958396911621
1778644015.5329764,490.9865367412567,9820,0.0,0.0,0.042070865631103516
1778644015.5861773,491.039737701416,9821,0.0,0.0,0.05320096015930176
1778644015.6390283,491.0925886631012,9822,0.0,0.0,0.052850961685180664
1778644015.6918519,491.1454122066498,9823,0.0,0.0,0.052823543548583984
1778644015.7346876,491.18824791908264,9824,0.0,0.0,0.04283571243286133
1778644015.7873728,491.24093317985535,9825,0.0,0.0,0.05268526077270508
1778644015.8403177,491.2938780784607,9826,0.0,0.0,0.05294489860534668
1778644015.8824847,491.3360450267792,9827,0.0,0.0,0.042166948318481445
1778644015.935793,491.3893532752991,9828,0.0,0.0,0.05330824851989746
1778644015.9886591,491.4422194957733,9829,0.0,0.0,0.052866220474243164
1778644016.0418036,491.49536395072937,9830,0.0,0.0,0.05314445495605469
1778644016.0839865,491.53754687309265,9831,0.0,0.0,0.04218292236328125
1778644016.1368153,491.59037566185,9832,0.0,0.0,0.05282878875732422
1778644016.1896243,491.64318466186523,9833,0.0,0.0,0.05280900001525879
1778644016.2320654,491.6856257915497,9834,0.0,0.0,0.04244112968444824
1778644016.285069,491.7386293411255,9835,0.0,0.0,0.053003549575805664
1778644016.3377914,491.79135179519653,9836,0.0,0.0,0.05272245407104492
1778644016.3902805,491.84384083747864,9837,0.0,0.0,0.05248904228210449
1778644016.4323378,491.88589811325073,9838,0.0,0.0,0.04205727577209473
1778644016.4854403,491.93900060653687,9839,0.0,0.0,0.05310249328613281
1778644016.5385644,491.9921247959137,9840,0.0,0.0,0.053124189376831055
1778644016.5909958,492.04455614089966,9841,0.0,0.0,0.052431344985961914
1778644016.6332676,492.08682799339294,9842,0.0,0.0,0.04227185249328613
1778644016.6858745,492.1394348144531,9843,0.0,0.0,0.052606821060180664
1778644016.738327,492.1918873786926,9844,0.0,0.0,0.05245256423950195
1778644016.7913814,492.2449417114258,9845,0.0,0.0,0.0530543327331543
1778644016.8334558,492.28701615333557,9846,0.0,0.0,0.04207444190979004
1778644016.8861697,492.33973002433777,9847,0.0,0.0,0.052713871002197266
1778644016.9390626,492.39262294769287,9848,0.0,0.0,0.05289292335510254
1778644016.9914365,492.44499683380127,9849,0.0,0.0,0.05237388610839844
1778644017.0334418,492.4870021343231,9850,0.0,0.0,0.042005300521850586
1778644017.0876617,492.5412220954895,9851,0.0,0.0,0.054219961166381836
1778644017.1391277,492.5926880836487,9852,0.0,0.0,0.05146598815917969
1778644017.1918766,492.645437002182,9853,0.0,0.0,0.052748918533325195
1778644017.2342978,492.6878581047058,9854,0.0,0.0,0.04242110252380371
1778644017.2866535,492.7402138710022,9855,0.0,0.0,0.05235576629638672
1778644017.3394456,492.79300594329834,9856,0.0,0.0,0.05279207229614258
1778644017.3918922,492.84545254707336,9857,0.0,0.0,0.052446603775024414
1778644017.4336493,492.88720965385437,9858,0.0,0.0,0.04175710678100586
1778644017.4859967,492.9395570755005,9859,0.0,0.0,0.052347421646118164
1778644017.5387704,492.99233078956604,9860,0.0,0.0,0.05277371406555176
1778644017.5913405,493.04490089416504,9861,0.0,0.0,0.05257010459899902
1778644017.6337621,493.087322473526,9862,0.0,0.0,0.042421579360961914
1778644017.6861541,493.1397144794464,9863,0.0,0.0,0.052392005920410156
1778644017.7384124,493.19197273254395,9864,0.0,0.0,0.05225825309753418
1778644017.79155,493.2451102733612,9865,0.0,0.0,0.05313754081726074
1778644017.834021,493.2875814437866,9866,0.0,0.0,0.04247117042541504
1778644017.8865004,493.340060710907,9867,0.0,0.0,0.05247926712036133
1778644017.9393094,493.39286971092224,9868,0.0,0.0,0.05280900001525879
1778644017.9922142,493.4457745552063,9869,0.0,0.0,0.05290484428405762
1778644018.0346444,493.4882047176361,9870,0.0,0.0,0.04243016242980957
1778644018.0870242,493.540584564209,9871,0.0,0.0,0.05237984657287598
1778644018.1398444,493.59340476989746,9872,0.0,0.0,0.05282020568847656
1778644018.1921356,493.6456959247589,9873,0.0,0.0,0.052291154861450195
1778644018.2341828,493.6877431869507,9874,0.0,0.0,0.04204726219177246
1778644018.288002,493.7415623664856,9875,0.0,0.0,0.05381917953491211
1778644018.3393586,493.79291892051697,9876,0.0,0.0,0.05135655403137207
1778644018.3917747,493.84533500671387,9877,0.0,0.0,0.052416086196899414
1778644018.4337358,493.8872961997986,9878,0.0,0.0,0.0419611930847168
1778644018.4860663,493.9396266937256,9879,0.0,0.0,0.05233049392700195
1778644018.5388606,493.99242091178894,9880,0.0,0.0,0.05279421806335449
1778644018.5917776,494.04533791542053,9881,0.0,0.0,0.0529170036315918
1778644018.6342583,494.0878186225891,9882,0.0,0.0,0.0424807071685791
1778644018.6870646,494.140625,9883,0.0,0.0,0.05280637741088867
1778644018.7396016,494.1931619644165,9884,0.0,0.0,0.052536964416503906
1778644018.792228,494.24578833580017,9885,0.0,0.0,0.05262637138366699
1778644018.8343844,494.2879447937012,9886,0.0,0.0,0.04215645790100098
1778644018.8874633,494.341023683548,9887,0.0,0.0,0.05307888984680176
1778644018.9398038,494.3933641910553,9888,0.0,0.0,0.05234050750732422
1778644018.9922357,494.4457960128784,9889,0.0,0.0,0.05243182182312012
1778644019.0346043,494.4881646633148,9890,0.0,0.0,0.04236865043640137
1778644019.0893621,494.54292249679565,9891,0.0,0.0,0.05475783348083496
1778644019.1424415,494.5960018634796,9892,0.0,0.0,0.05307936668395996
1778644019.184875,494.63843536376953,9893,0.0,0.0,0.04243350028991699
1778644019.237628,494.6911883354187,9894,0.0,0.0,0.05275297164916992
1778644019.2912254,494.74478578567505,9895,0.0,0.0,0.053597450256347656
1778644019.333424,494.78698444366455,9896,0.0,0.0,0.04219865798950195
1778644019.385934,494.8394944667816,9897,0.0,0.0,0.05251002311706543
1778644019.4390018,494.8925621509552,9898,0.0,0.0,0.053067684173583984
1778644019.4917748,494.945335149765,9899,0.0,0.0,0.05277299880981445
1778644019.5340517,494.98761200904846,9900,0.0,0.0,0.042276859283447266
1778644019.5868104,495.04037070274353,9901,0.0,0.0,0.05275869369506836
1778644019.6395733,495.093133687973,9902,0.0,0.0,0.05276298522949219
1778644019.692302,495.1458623409271,9903,0.0,0.0,0.05272865295410156
1778644019.7342267,495.18778705596924,9904,0.0,0.0,0.04192471504211426
1778644019.787662,495.2412223815918,9905,0.0,0.0,0.053435325622558594
1778644019.8401153,495.29367566108704,9906,0.0,0.0,0.05245327949523926
1778644019.882276,495.33583641052246,9907,0.0,0.0,0.042160749435424805
1778644019.936112,495.3896722793579,9908,0.0,0.0,0.05383586883544922
1778644019.9880311,495.44159150123596,9909,0.0,0.0,0.05191922187805176
1778644020.0406072,495.49416756629944,9910,0.0,0.0,0.05257606506347656
1778644020.083124,495.53668427467346,9911,0.0,0.0,0.04251670837402344
1778644020.1362047,495.5897650718689,9912,0.0,0.0,0.05308079719543457
1778644020.1887686,495.64232897758484,9913,0.0,0.0,0.05256390571594238
1778644020.2412786,495.6948390007019,9914,0.0,0.0,0.05251002311706543
1778644020.2830963,495.736656665802,9915,0.0,0.0,0.041817665100097656
1778644020.335762,495.7893223762512,9916,0.0,0.0,0.05266571044921875
1778644020.3882742,495.8418345451355,9917,0.0,0.0,0.052512168884277344
1778644020.4409223,495.89448261260986,9918,0.0,0.0,0.052648067474365234
1778644020.482913,495.9364733695984,9919,0.0,0.0,0.04199075698852539
1778644020.5359635,495.9895238876343,9920,0.0,0.0,0.05305051803588867
1778644020.5885358,496.0420961380005,9921,0.0,0.0,0.05257225036621094
1778644020.6410155,496.094575881958,9922,0.0,0.0,0.05247974395751953
1778644020.683222,496.1367824077606,9923,0.0,0.0,0.042206525802612305
1778644020.735865,496.1894254684448,9924,0.0,0.0,0.0526430606842041
1778644020.787814,496.2413742542267,9925,0.0,0.0,0.05194878578186035
1778644020.8399394,496.29349970817566,9926,0.0,0.0,0.05212545394897461
1778644020.8920617,496.3456220626831,9927,0.0,0.0,0.05212235450744629
1778644020.934217,496.3877773284912,9928,0.0,0.0,0.04215526580810547
1778644020.9868994,496.44045972824097,9929,0.0,0.0,0.05268239974975586
1778644021.0420768,496.495637178421,9930,0.0,0.0,0.05517745018005371
1778644021.0847652,496.538325548172,9931,0.0,0.0,0.04268836975097656
1778644021.136895,496.5904552936554,9932,0.0,0.0,0.05212974548339844
1778644021.1889474,496.64250779151917,9933,0.0,0.0,0.05205249786376953
1778644021.2413213,496.69488167762756,9934,0.0,0.0,0.05237388610839844
1778644021.283848,496.7374083995819,9935,0.0,0.0,0.0425267219543457
1778644021.3365648,496.79012513160706,9936,0.0,0.0,0.052716732025146484
1778644021.3894744,496.8430347442627,9937,0.0,0.0,0.05290961265563965
1778644021.4426587,496.89621901512146,9938,0.0,0.0,0.05318427085876465
1778644021.4839914,496.93755173683167,9939,0.0,0.0,0.04133272171020508
1778644021.536217,496.98977732658386,9940,0.0,0.0,0.052225589752197266
1778644021.5883265,497.04188680648804,9941,0.0,0.0,0.052109479904174805
1778644021.6402164,497.09377670288086,9942,0.0,0.0,0.051889896392822266
1778644021.6816363,497.135196685791,9943,0.0,0.0,0.04141998291015625
1778644021.7335782,497.1871385574341,9944,0.0,0.0,0.051941871643066406
1778644021.785361,497.2389214038849,9945,0.0,0.0,0.051782846450805664
1778644021.8372087,497.2907691001892,9946,0.0,0.0,0.05184769630432129
1778644021.889188,497.3427484035492,9947,0.0,0.0,0.05197930335998535
1778644021.9407036,497.3942639827728,9948,0.0,0.0,0.05151557922363281
1778644021.9822197,497.43578004837036,9949,0.0,0.0,0.04151606559753418
1778644022.037516,497.4910764694214,9950,0.0,0.0,0.05529642105102539
1778644022.0954847,497.549045085907,9951,0.0,0.0,0.0579686164855957
1778644022.1354628,497.58902311325073,9952,0.0,0.0,0.03997802734375
1778644022.1872137,497.64077401161194,9953,0.0,0.0,0.051750898361206055
1778644022.2388809,497.6924412250519,9954,0.0,0.0,0.051667213439941406
1778644022.291031,497.7445912361145,9955,0.0,0.0,0.05215001106262207
1778644022.3317726,497.7853329181671,9956,0.0,0.0,0.040741682052612305
1778644022.3834052,497.8369655609131,9957,0.0,0.0,0.05163264274597168
1778644022.4350495,497.88860988616943,9958,0.0,0.0,0.051644325256347656
1778644022.4867089,497.94026923179626,9959,0.0,0.0,0.051659345626831055
1778644022.5386288,497.99218916893005,9960,0.0,0.0,0.05191993713378906
1778644022.5902896,498.04384994506836,9961,0.0,0.0,0.051660776138305664
1778644022.631815,498.0853753089905,9962,0.0,0.0,0.04152536392211914
1778644022.6841245,498.1376848220825,9963,0.0,0.0,0.052309513092041016
1778644022.7364829,498.1900432109833,9964,0.0,0.0,0.052358388900756836
1778644022.7883706,498.2419309616089,9965,0.0,0.0,0.05188775062561035
1778644022.84025,498.29381036758423,9966,0.0,0.0,0.0518794059753418
1778644022.8822885,498.3358488082886,9967,0.0,0.0,0.0420384407043457
1778644022.9344127,498.38797307014465,9968,0.0,0.0,0.0521242618560791
1778644022.9864693,498.44002962112427,9969,0.0,0.0,0.05205655097961426
1778644023.0390522,498.49261260032654,9970,0.0,0.0,0.05258297920227051
1778644023.0918496,498.5454099178314,9971,0.0,0.0,0.05279731750488281
1778644023.1342514,498.5878117084503,9972,0.0,0.0,0.042401790618896484
1778644023.1869192,498.64047956466675,9973,0.0,0.0,0.052667856216430664
1778644023.241035,498.69459533691406,9974,0.0,0.0,0.05411577224731445
1778644023.2822227,498.7357831001282,9975,0.0,0.0,0.04118776321411133
1778644023.3356128,498.7891731262207,9976,0.0,0.0,0.0533900260925293
1778644023.389167,498.84272742271423,9977,0.0,0.0,0.05355429649353027
1778644023.4405494,498.89410972595215,9978,0.0,0.0,0.05138230323791504
1778644023.4819388,498.9354991912842,9979,0.0,0.0,0.04138946533203125
1778644023.5346832,498.9882435798645,9980,0.0,0.0,0.052744388580322266
1778644023.5863748,499.0399351119995,9981,0.0,0.0,0.051691532135009766
1778644023.6384778,499.09203815460205,9982,0.0,0.0,0.05210304260253906
1778644023.6907594,499.14431977272034,9983,0.0,0.0,0.05228161811828613
1778644023.7325392,499.18609952926636,9984,0.0,0.0,0.04177975654602051
1778644023.7842898,499.237850189209,9985,0.0,0.0,0.05175065994262695
1778644023.8367524,499.2903127670288,9986,0.0,0.0,0.05246257781982422
1778644023.8894765,499.3430368900299,9987,0.0,0.0,0.05272412300109863
1778644023.9413598,499.3949201107025,9988,0.0,0.0,0.05188322067260742
1778644023.9832366,499.43679690361023,9989,0.0,0.0,0.041876792907714844
1778644024.0353897,499.4889500141144,9990,0.0,0.0,0.05215311050415039
1778644024.0871823,499.54074263572693,9991,0.0,0.0,0.05179262161254883
1778644024.1396265,499.59318685531616,9992,0.0,0.0,0.0524442195892334
1778644024.1921802,499.6457405090332,9993,0.0,0.0,0.052553653717041016
1778644024.2341144,499.6876747608185,9994,0.0,0.0,0.04193425178527832
1778644024.2864718,499.7400321960449,9995,0.0,0.0,0.05235743522644043
1778644024.338548,499.792108297348,9996,0.0,0.0,0.052076101303100586
1778644024.3916395,499.8451998233795,9997,0.0,0.0,0.05309152603149414
1778644024.4331918,499.8867521286011,9998,0.0,0.0,0.04155230522155762
1778644024.4853878,499.93894815444946,9999,0.0,0.0,0.05219602584838867
1778644024.537624,499.99118423461914,10000,0.0,0.0,0.052236080169677734
1778644024.5907993,500.0443596839905,10001,0.0,0.0,0.05317544937133789
1778644024.6328201,500.08638048171997,10002,0.0,0.0,0.04202079772949219
1778644024.6850924,500.1386528015137,10003,0.0,0.0,0.05227231979370117
1778644024.737807,500.1913673877716,10004,0.0,0.0,0.05271458625793457
1778644024.790827,500.24438738822937,10005,0.0,0.0,0.05302000045776367
1778644024.8327708,500.2863311767578,10006,0.0,0.0,0.04194378852844238
1778644024.885863,500.33942341804504,10007,0.0,0.0,0.053092241287231445
1778644024.9388635,500.3924238681793,10008,0.0,0.0,0.053000450134277344
1778644024.9916685,500.44522881507874,10009,0.0,0.0,0.05280494689941406
1778644025.0341744,500.4877347946167,10010,0.0,0.0,0.04250597953796387
1778644025.0867012,500.5402615070343,10011,0.0,0.0,0.05252671241760254
1778644025.1396513,500.5932116508484,10012,0.0,0.0,0.052950143814086914
1778644025.1923702,500.64593052864075,10013,0.0,0.0,0.0527188777923584
1778644025.2344637,500.68802404403687,10014,0.0,0.0,0.042093515396118164
1778644025.2868137,500.74037408828735,10015,0.0,0.0,0.05235004425048828
1778644025.339132,500.7926924228668,10016,0.0,0.0,0.05231833457946777
1778644025.3914196,500.8449800014496,10017,0.0,0.0,0.05228757858276367
1778644025.4333014,500.88686180114746,10018,0.0,0.0,0.04188179969787598
1778644025.4864082,500.939968585968,10019,0.0,0.0,0.05310678482055664
1778644025.5378156,500.99137592315674,10020,0.0,0.0,0.0514073371887207
1778644025.5902016,501.04376196861267,10021,0.0,0.0,0.05238604545593262
1778644025.6318915,501.08545184135437,10022,0.0,0.0,0.04168987274169922
1778644025.6839104,501.1374707221985,10023,0.0,0.0,0.05201888084411621
1778644025.7364757,501.1900360584259,10024,0.0,0.0,0.05256533622741699
1778644025.7889564,501.24251675605774,10025,0.0,0.0,0.05248069763183594
1778644025.8409197,501.2944800853729,10026,0.0,0.0,0.05196332931518555
1778644025.8831332,501.33669352531433,10027,0.0,0.0,0.04221343994140625
1778644025.935165,501.3887252807617,10028,0.0,0.0,0.052031755447387695
1778644025.9870908,501.44065117836,10029,0.0,0.0,0.0519258975982666
1778644026.0393848,501.4929451942444,10030,0.0,0.0,0.052294015884399414
1778644026.0913658,501.5449261665344,10031,0.0,0.0,0.05198097229003906
1778644026.1333888,501.5869491100311,10032,0.0,0.0,0.0420229434967041
1778644026.1871157,501.6406760215759,10033,0.0,0.0,0.053726911544799805
1778644026.242161,501.69572138786316,10034,0.0,0.0,0.055045366287231445
1778644026.2839286,501.73748898506165,10035,0.0,0.0,0.04176759719848633
1778644026.3376715,501.79123187065125,10036,0.0,0.0,0.05374288558959961
1778644026.382447,501.8360073566437,10037,0.0,0.0,0.04477548599243164
1778644026.4346178,501.8881781101227,10038,0.0,0.0,0.052170753479003906
1778644026.4881024,501.9416627883911,10039,0.0,0.0,0.05348467826843262
1778644026.532939,501.9864993095398,10040,0.0,0.0,0.04483652114868164
1778644026.5895066,502.0430669784546,10041,0.0,0.0,0.05656766891479492
1778644026.6322522,502.08581256866455,10042,0.0,0.0,0.04274559020996094
1778644026.6851525,502.1387128829956,10043,0.0,0.0,0.05290031433105469
1778644026.7374384,502.1909987926483,10044,0.0,0.0,0.05228590965270996
1778644026.7901685,502.2437288761139,10045,0.0,0.0,0.05273008346557617
1778644026.8320944,502.2856547832489,10046,0.0,0.0,0.041925907135009766
1778644026.8844523,502.3380126953125,10047,0.0,0.0,0.05235791206359863
1778644026.9370484,502.3906087875366,10048,0.0,0.0,0.052596092224121094
1778644026.9892373,502.44279766082764,10049,0.0,0.0,0.052188873291015625
1778644027.0413857,502.4949460029602,10050,0.0,0.0,0.05214834213256836
1778644027.083182,502.53674244880676,10051,0.0,0.0,0.04179644584655762
1778644027.1358504,502.58941078186035,10052,0.0,0.0,0.05266833305358887
1778644027.188467,502.6420273780823,10053,0.0,0.0,0.05261659622192383
1778644027.2409656,502.69452595710754,10054,0.0,0.0,0.052498579025268555
1778644027.283097,502.73665738105774,10055,0.0,0.0,0.04213142395019531
1778644027.335623,502.7891833782196,10056,0.0,0.0,0.052525997161865234
1778644027.387478,502.8410384654999,10057,0.0,0.0,0.05185508728027344
1778644027.4395037,502.8930640220642,10058,0.0,0.0,0.052025556564331055
1778644027.4914577,502.9450180530548,10059,0.0,0.0,0.051954030990600586
1778644027.5329294,502.98648977279663,10060,0.0,0.0,0.04147171974182129
1778644027.585439,503.03899931907654,10061,0.0,0.0,0.05250954627990723
1778644027.637824,503.09138441085815,10062,0.0,0.0,0.05238509178161621
1778644027.689947,503.14350724220276,10063,0.0,0.0,0.05212283134460449
1778644027.7421367,503.1956970691681,10064,0.0,0.0,0.05218982696533203
1778644027.7843049,503.23786520957947,10065,0.0,0.0,0.04216814041137695
1778644027.836471,503.29003143310547,10066,0.0,0.0,0.05216622352600098
1778644027.8884587,503.3420190811157,10067,0.0,0.0,0.051987648010253906
1778644027.9411995,503.39475989341736,10068,0.0,0.0,0.05274081230163574
1778644027.9831803,503.43674063682556,10069,0.0,0.0,0.041980743408203125
1778644028.0353582,503.48891854286194,10070,0.0,0.0,0.05217790603637695
1778644028.0873919,503.54095220565796,10071,0.0,0.0,0.05203366279602051
1778644028.1402538,503.5938141345978,10072,0.0,0.0,0.052861928939819336
1778644028.1822448,503.6358051300049,10073,0.0,0.0,0.04199099540710449
1778644028.2349079,503.68846821784973,10074,0.0,0.0,0.05266308784484863
1778644028.2869425,503.74050283432007,10075,0.0,0.0,0.052034616470336914
1778644028.3391192,503.79267954826355,10076,0.0,0.0,0.052176713943481445
1778644028.391574,503.84513425827026,10077,0.0,0.0,0.05245471000671387
1778644028.433848,503.88740825653076,10078,0.0,0.0,0.04227399826049805
1778644028.4868417,503.9404020309448,10079,0.0,0.0,0.0529937744140625
1778644028.538936,503.99249625205994,10080,0.0,0.0,0.052094221115112305
1778644028.5908575,504.0444178581238,10081,0.0,0.0,0.05192160606384277
1778644028.632505,504.0860652923584,10082,0.0,0.0,0.04164743423461914
1778644028.6847327,504.1382930278778,10083,0.0,0.0,0.05222773551940918
1778644028.7370186,504.1905789375305,10084,0.0,0.0,0.05228590965270996
1778644028.789195,504.2427554130554,10085,0.0,0.0,0.052176475524902344
1778644028.841801,504.2953612804413,10086,0.0,0.0,0.05260586738586426
1778644028.8857744,504.3393347263336,10087,0.0,0.0,0.043973445892333984
1778644028.9386609,504.3922212123871,10088,0.0,0.0,0.0528864860534668
1778644028.990713,504.4442732334137,10089,0.0,0.0,0.05205202102661133
1778644029.0328066,504.4863669872284,10090,0.0,0.0,0.042093753814697266
1778644029.085,504.5385603904724,10091,0.0,0.0,0.052193403244018555
1778644029.1370797,504.5906400680542,10092,0.0,0.0,0.05207967758178711
1778644029.1896944,504.6432547569275,10093,0.0,0.0,0.052614688873291016
1778644029.242148,504.6957082748413,10094,0.0,0.0,0.05245351791381836
1778644029.2836823,504.73724269866943,10095,0.0,0.0,0.041534423828125
1778644029.33578,504.78934025764465,10096,0.0,0.0,0.05209755897521973
1778644029.3882427,504.84180307388306,10097,0.0,0.0,0.05246281623840332
1778644029.4418828,504.89544320106506,10098,0.0,0.0,0.053640127182006836
1778644029.4843998,504.93796014785767,10099,0.0,0.0,0.04251694679260254
1778644029.5364885,504.99004888534546,10100,0.0,0.0,0.05208873748779297
1778644029.588329,505.0418894290924,10101,0.0,0.0,0.05184054374694824
1778644029.6409204,505.09448075294495,10102,0.0,0.0,0.05259132385253906
1778644029.6827493,505.13630962371826,10103,0.0,0.0,0.04182887077331543
1778644029.7355855,505.18914580345154,10104,0.0,0.0,0.05283617973327637
1778644029.7879684,505.24152874946594,10105,0.0,0.0,0.0523829460144043
1778644029.8406577,505.2942180633545,10106,0.0,0.0,0.052689313888549805
1778644029.8823628,505.33592319488525,10107,0.0,0.0,0.04170513153076172
1778644029.9346385,505.38819885253906,10108,0.0,0.0,0.052275657653808594
1778644029.9877,505.4412603378296,10109,0.0,0.0,0.053061485290527344
1778644030.0390735,505.4926338195801,10110,0.0,0.0,0.05137348175048828
1778644030.0912957,505.54485607147217,10111,0.0,0.0,0.052222251892089844
1778644030.1332352,505.5867955684662,10112,0.0,0.0,0.041939496994018555
1778644030.1862538,505.6398141384125,10113,0.0,0.0,0.05301856994628906
1778644030.2380302,505.69159054756165,10114,0.0,0.0,0.05177640914916992
1778644030.290589,505.7441494464874,10115,0.0,0.0,0.05255889892578125
1778644030.3328068,505.78636717796326,10116,0.0,0.0,0.04221773147583008
1778644030.3863192,505.83987951278687,10117,0.0,0.0,0.0535123348236084
1778644030.43849,505.89205026626587,10118,0.0,0.0,0.052170753479003906
1778644030.4907923,505.94435262680054,10119,0.0,0.0,0.05230236053466797
1778644030.5328934,505.9864537715912,10120,0.0,0.0,0.042101144790649414
1778644030.585454,506.039014339447,10121,0.0,0.0,0.05256056785583496
1778644030.637373,506.0909333229065,10122,0.0,0.0,0.051918983459472656
1778644030.690128,506.1436884403229,10123,0.0,0.0,0.052755117416381836
1778644030.732147,506.18570733070374,10124,0.0,0.0,0.042018890380859375
1778644030.7842577,506.2378180027008,10125,0.0,0.0,0.05211067199707031
1778644030.839,506.292560338974,10126,0.0,0.0,0.05474233627319336
1778644030.8917656,506.34532594680786,10127,0.0,0.0,0.052765607833862305
1778644030.9336715,506.3872318267822,10128,0.0,0.0,0.041905879974365234
1778644030.9859283,506.4394886493683,10129,0.0,0.0,0.05225682258605957
1778644031.0381346,506.4916949272156,10130,0.0,0.0,0.05220627784729004
1778644031.0902824,506.543842792511,10131,0.0,0.0,0.052147865295410156
1778644031.1324835,506.5860438346863,10132,0.0,0.0,0.04220104217529297
1778644031.1869688,506.6405291557312,10133,0.0,0.0,0.054485321044921875
1778644031.238927,506.69248723983765,10134,0.0,0.0,0.05195808410644531
1778644031.2909431,506.7445034980774,10135,0.0,0.0,0.052016258239746094
1778644031.3327122,506.78627252578735,10136,0.0,0.0,0.04176902770996094
1778644031.3851223,506.8386826515198,10137,0.0,0.0,0.052410125732421875
1778644031.4369552,506.8905155658722,10138,0.0,0.0,0.05183291435241699
1778644031.4887424,506.9423027038574,10139,0.0,0.0,0.05178713798522949
1778644031.533699,506.98725938796997,10140,0.0,0.0,0.04495668411254883
1778644031.5857313,507.0392916202545,10141,0.0,0.0,0.0520322322845459
1778644031.637977,507.09153723716736,10142,0.0,0.0,0.0522456169128418
1778644031.6925895,507.1461498737335,10143,0.0,0.0,0.05461263656616211
1778644031.7340627,507.1876230239868,10144,0.0,0.0,0.0414731502532959
1778644031.786198,507.23975825309753,10145,0.0,0.0,0.05213522911071777
1778644031.8390503,507.2926106452942,10146,0.0,0.0,0.05285239219665527
1778644031.8923535,507.3459138870239,10147,0.0,0.0,0.05330324172973633
1778644031.934126,507.387686252594,10148,0.0,0.0,0.04177236557006836
1778644031.9862828,507.4398431777954,10149,0.0,0.0,0.052156925201416016
1778644032.0435674,507.49712777137756,10150,0.0,0.0,0.05728459358215332
1778644032.082746,507.5363063812256,10151,0.0,0.0,0.03917860984802246
1778644032.1376178,507.59117817878723,10152,0.0,0.0,0.05487179756164551
1778644032.1873324,507.64089274406433,10153,0.0,0.0,0.04971456527709961
1778644032.2397656,507.6933259963989,10154,0.0,0.0,0.05243325233459473
1778644032.2920206,507.74558091163635,10155,0.0,0.0,0.05225491523742676
1778644032.334709,507.78826928138733,10156,0.0,0.0,0.04268836975097656
1778644032.3877544,507.84131479263306,10157,0.0,0.0,0.05304551124572754
1778644032.4404585,507.8940188884735,10158,0.0,0.0,0.0527040958404541
1778644032.483026,507.9365863800049,10159,0.0,0.0,0.04256749153137207
1778644032.5361226,507.98968291282654,10160,0.0,0.0,0.05309653282165527
1778644032.5887668,508.04232716560364,10161,0.0,0.0,0.05264425277709961
1778644032.6414793,508.09503960609436,10162,0.0,0.0,0.052712440490722656
1778644032.6833036,508.1368639469147,10163,0.0,0.0,0.0418243408203125
1778644032.7352195,508.1887798309326,10164,0.0,0.0,0.051915884017944336
1778644032.7870429,508.24060320854187,10165,0.0,0.0,0.05182337760925293
1778644032.8393092,508.2928695678711,10166,0.0,0.0,0.05226635932922363
1778644032.8913827,508.3449430465698,10167,0.0,0.0,0.05207347869873047
1778644032.933116,508.3866763114929,10168,0.0,0.0,0.0417332649230957
1778644032.9852812,508.4388415813446,10169,0.0,0.0,0.05216526985168457
1778644033.037643,508.49120330810547,10170,0.0,0.0,0.05236172676086426
1778644033.0908957,508.54445600509644,10171,0.0,0.0,0.0532526969909668
1778644033.1331155,508.5866758823395,10172,0.0,0.0,0.04221987724304199
1778644033.1852875,508.6388478279114,10173,0.0,0.0,0.052171945571899414
1778644033.237486,508.69104623794556,10174,0.0,0.0,0.05219841003417969
1778644033.2892852,508.7428455352783,10175,0.0,0.0,0.05179929733276367
1778644033.3419197,508.7954800128937,10176,0.0,0.0,0.052634477615356445
1778644033.3851233,508.8386836051941,10177,0.0,0.0,0.04320359230041504
1778644033.4370017,508.8905620574951,10178,0.0,0.0,0.05187845230102539
1778644033.4889927,508.9425530433655,10179,0.0,0.0,0.05199098587036133
1778644033.5412412,508.99480152130127,10180,0.0,0.0,0.052248477935791016
1778644033.5841656,509.03772592544556,10181,0.0,0.0,0.04292440414428711
1778644033.636388,509.0899484157562,10182,0.0,0.0,0.052222490310668945
1778644033.6899178,509.1434781551361,10183,0.0,0.0,0.05352973937988281
1778644033.7417982,509.19535851478577,10184,0.0,0.0,0.0518803596496582
1778644033.7836213,509.2371816635132,10185,0.0,0.0,0.04182314872741699
1778644033.836178,509.28973841667175,10186,0.0,0.0,0.052556753158569336
1778644033.8883853,509.34194564819336,10187,0.0,0.0,0.052207231521606445
1778644033.9406047,509.3941650390625,10188,0.0,0.0,0.052219390869140625
1778644033.9820116,509.4355719089508,10189,0.0,0.0,0.041406869888305664
1778644034.034165,509.48772525787354,10190,0.0,0.0,0.05215334892272949
1778644034.086333,509.53989338874817,10191,0.0,0.0,0.05216813087463379
1778644034.1393955,509.592955827713,10192,0.0,0.0,0.05306243896484375
1778644034.1912775,509.6448378562927,10193,0.0,0.0,0.051882028579711914
1778644034.2330534,509.6866137981415,10194,0.0,0.0,0.04177594184875488
1778644034.2856603,509.73922061920166,10195,0.0,0.0,0.052606821060180664
1778644034.3380291,509.7915894985199,10196,0.0,0.0,0.052368879318237305
1778644034.3895965,509.8431568145752,10197,0.0,0.0,0.05156731605529785
1778644034.4320328,509.88559317588806,10198,0.0,0.0,0.04243636131286621
1778644034.4844487,509.9380090236664,10199,0.0,0.0,0.05241584777832031
1778644034.536183,509.98974347114563,10200,0.0,0.0,0.05173444747924805
1778644034.5887551,510.04231548309326,10201,0.0,0.0,0.052572011947631836
1778644034.6413777,510.09493803977966,10202,0.0,0.0,0.05262255668640137
1778644034.6838171,510.13737750053406,10203,0.0,0.0,0.04243946075439453
1778644034.7364652,510.1900255680084,10204,0.0,0.0,0.052648067474365234
1778644034.7892892,510.24284958839417,10205,0.0,0.0,0.05282402038574219
1778644034.842498,510.2960584163666,10206,0.0,0.0,0.05320882797241211
1778644034.8837993,510.33735966682434,10207,0.0,0.0,0.04130125045776367
1778644034.9375727,510.39113306999207,10208,0.0,0.0,0.05377340316772461
1778644034.9882755,510.44183588027954,10209,0.0,0.0,0.050702810287475586
1778644035.040474,510.4940342903137,10210,0.0,0.0,0.05219841003417969
1778644035.0822692,510.5358295440674,10211,0.0,0.0,0.04179525375366211
1778644035.1344876,510.5880479812622,10212,0.0,0.0,0.05221843719482422
1778644035.1872401,510.6408004760742,10213,0.0,0.0,0.05275249481201172
1778644035.2393117,510.6928720474243,10214,0.0,0.0,0.052071571350097656
1778644035.2914667,510.7450270652771,10215,0.0,0.0,0.0521550178527832
1778644035.333536,510.78709626197815,10216,0.0,0.0,0.042069196701049805
1778644035.386074,510.83963441848755,10217,0.0,0.0,0.052538156509399414
1778644035.4386864,510.89224672317505,10218,0.0,0.0,0.0526123046875
1778644035.4915893,510.9451496601105,10219,0.0,0.0,0.052902936935424805
1778644035.5331926,510.98675298690796,10220,0.0,0.0,0.04160332679748535
1778644035.5853028,511.03886318206787,10221,0.0,0.0,0.05211019515991211
1778644035.6374648,511.09102511405945,10222,0.0,0.0,0.05216193199157715
1778644035.689688,511.14324831962585,10223,0.0,0.0,0.05222320556640625
1778644035.7317774,511.1853377819061,10224,0.0,0.0,0.04208946228027344
1778644035.7842317,511.2377920150757,10225,0.0,0.0,0.052454233169555664
1778644035.8363366,511.28989696502686,10226,0.0,0.0,0.052104949951171875
1778644035.8882604,511.3418207168579,10227,0.0,0.0,0.05192375183105469
1778644035.9407713,511.3943316936493,10228,0.0,0.0,0.052510976791381836
1778644035.9828606,511.436420917511,10229,0.0,0.0,0.042089223861694336
1778644036.0351899,511.4887502193451,10230,0.0,0.0,0.052329301834106445
1778644036.0876272,511.54118752479553,10231,0.0,0.0,0.05243730545043945
1778644036.1400526,511.593612909317,10232,0.0,0.0,0.052425384521484375
1778644036.1819375,511.6354978084564,10233,0.0,0.0,0.0418848991394043
1778644036.23376,511.68732047080994,10234,0.0,0.0,0.051822662353515625
1778644036.2856054,511.73916578292847,10235,0.0,0.0,0.05184531211853027
1778644036.337845,511.79140543937683,10236,0.0,0.0,0.05223965644836426
1778644036.389997,511.8435573577881,10237,0.0,0.0,0.05215191841125488
1778644036.4319825,511.88554286956787,10238,0.0,0.0,0.041985511779785156
1778644036.4841466,511.93770694732666,10239,0.0,0.0,0.05216407775878906
1778644036.5378275,511.9913878440857,10240,0.0,0.0,0.0536808967590332
1778644036.5901568,512.0437171459198,10241,0.0,0.0,0.052329301834106445
1778644036.6321785,512.0857388973236,10242,0.0,0.0,0.042021751403808594
1778644036.6877332,512.1412935256958,10243,0.0,0.0,0.05555462837219238
1778644036.7399235,512.1934838294983,10244,0.0,0.0,0.052190303802490234
1778644036.7821658,512.2357261180878,10245,0.0,0.0,0.04224228858947754
1778644036.8350239,512.2885842323303,10246,0.0,0.0,0.05285811424255371
1778644036.8882008,512.3417611122131,10247,0.0,0.0,0.0531768798828125
1778644036.9411983,512.3947587013245,10248,0.0,0.0,0.052997589111328125
1778644036.9830925,512.4366528987885,10249,0.0,0.0,0.04189419746398926
1778644037.035374,512.4889342784882,10250,0.0,0.0,0.05228137969970703
1778644037.0876904,512.541250705719,10251,0.0,0.0,0.05231642723083496
1778644037.1404655,512.594025850296,10252,0.0,0.0,0.05277514457702637
1778644037.1827333,512.6362936496735,10253,0.0,0.0,0.042267799377441406
1778644037.2354615,512.6890218257904,10254,0.0,0.0,0.05272817611694336
1778644037.2882154,512.7417757511139,10255,0.0,0.0,0.05275392532348633
1778644037.3409078,512.794468164444,10256,0.0,0.0,0.052692413330078125
1778644037.383268,512.8368284702301,10257,0.0,0.0,0.04236030578613281
1778644037.4352486,512.888808965683,10258,0.0,0.0,0.05198049545288086
1778644037.4871035,512.9406638145447,10259,0.0,0.0,0.051854848861694336
1778644037.539218,512.992778301239,10260,0.0,0.0,0.05211448669433594
1778644037.5914352,513.0449955463409,10261,0.0,0.0,0.05221724510192871
1778644037.633256,513.0868163108826,10262,0.0,0.0,0.04182076454162598
1778644037.685717,513.1392774581909,10263,0.0,0.0,0.05246114730834961
1778644037.738063,513.1916234493256,10264,0.0,0.0,0.052345991134643555
1778644037.7907019,513.2442622184753,10265,0.0,0.0,0.05263876914978027
1778644037.832848,513.2864084243774,10266,0.0,0.0,0.04214620590209961
1778644037.885998,513.3395583629608,10267,0.0,0.0,0.05314993858337402
1778644037.9379888,513.3915491104126,10268,0.0,0.0,0.05199074745178223
1778644037.9900284,513.4435887336731,10269,0.0,0.0,0.05203962326049805
1778644038.042121,513.4956812858582,10270,0.0,0.0,0.052092552185058594
1778644038.0834827,513.537043094635,10271,0.0,0.0,0.04136180877685547
1778644038.1355243,513.5890846252441,10272,0.0,0.0,0.05204153060913086
1778644038.1877935,513.6413538455963,10273,0.0,0.0,0.05226922035217285
1778644038.2401009,513.6936612129211,10274,0.0,0.0,0.0523073673248291
1778644038.283194,513.7367544174194,10275,0.0,0.0,0.043093204498291016
1778644038.33687,513.7904303073883,10276,0.0,0.0,0.05367588996887207
1778644038.388453,513.8420133590698,10277,0.0,0.0,0.051583051681518555
1778644038.4405692,513.8941295146942,10278,0.0,0.0,0.05211615562438965
1778644038.4826615,513.9362218379974,10279,0.0,0.0,0.042092323303222656
1778644038.5351877,513.9887480735779,10280,0.0,0.0,0.052526235580444336
1778644038.588038,514.0415983200073,10281,0.0,0.0,0.05285024642944336
1778644038.640825,514.0943853855133,10282,0.0,0.0,0.052787065505981445
1778644038.6833913,514.1369516849518,10283,0.0,0.0,0.04256629943847656
1778644038.7360191,514.1895794868469,10284,0.0,0.0,0.0526278018951416
1778644038.789129,514.242689371109,10285,0.0,0.0,0.05310988426208496
1778644038.842387,514.2959473133087,10286,0.0,0.0,0.05325794219970703
1778644038.8840442,514.3376045227051,10287,0.0,0.0,0.041657209396362305
1778644038.9364254,514.3899857997894,10288,0.0,0.0,0.052381277084350586
1778644038.9883502,514.4419105052948,10289,0.0,0.0,0.051924705505371094
1778644039.0407116,514.4942719936371,10290,0.0,0.0,0.052361488342285156
1778644039.083372,514.5369324684143,10291,0.0,0.0,0.04266047477722168
1778644039.1354232,514.5889835357666,10292,0.0,0.0,0.05205106735229492
1778644039.187409,514.6409692764282,10293,0.0,0.0,0.051985740661621094
1778644039.2401314,514.6936917304993,10294,0.0,0.0,0.05272245407104492
1778644039.2821498,514.735710144043,10295,0.0,0.0,0.04201841354370117
1778644039.334801,514.7883613109589,10296,0.0,0.0,0.052651166915893555
1778644039.387224,514.8407843112946,10297,0.0,0.0,0.05242300033569336
1778644039.4403496,514.8939099311829,10298,0.0,0.0,0.053125619888305664
1778644039.4817636,514.9353239536285,10299,0.0,0.0,0.04141402244567871
1778644039.5334518,514.9870121479034,10300,0.0,0.0,0.051688194274902344
1778644039.5876236,515.0411839485168,10301,0.0,0.0,0.05417180061340332
1778644039.6403685,515.0939288139343,10302,0.0,0.0,0.05274486541748047
1778644039.6910086,515.1445689201355,10303,0.0,0.0,0.050640106201171875
1778644039.7329354,515.1864957809448,10304,0.0,0.0,0.04192686080932617
1778644039.785685,515.2392454147339,10305,0.0,0.0,0.0527496337890625
1778644039.8386836,515.2922439575195,10306,0.0,0.0,0.05299854278564453
1778644039.8908927,515.3444530963898,10307,0.0,0.0,0.05220913887023926
1778644039.9324956,515.3860559463501,10308,0.0,0.0,0.04160284996032715
1778644039.9846914,515.4382517337799,10309,0.0,0.0,0.05219578742980957
1778644040.0378635,515.4914238452911,10310,0.0,0.0,0.05317211151123047
1778644040.0886898,515.5422501564026,10311,0.0,0.0,0.050826311111450195
1778644040.1414459,515.5950062274933,10312,0.0,0.0,0.05275607109069824
1778644040.183566,515.6371264457703,10313,0.0,0.0,0.04212021827697754
1778644040.2359273,515.689487695694,10314,0.0,0.0,0.052361249923706055
1778644040.2878058,515.741366147995,10315,0.0,0.0,0.05187845230102539
1778644040.3400192,515.7935795783997,10316,0.0,0.0,0.052213430404663086
1778644040.3821676,515.835727930069,10317,0.0,0.0,0.04214835166931152
1778644040.4342306,515.8877909183502,10318,0.0,0.0,0.05206298828125
1778644040.4862318,515.9397921562195,10319,0.0,0.0,0.052001237869262695
1778644040.5382223,515.9917826652527,10320,0.0,0.0,0.051990509033203125
1778644040.590484,516.0440442562103,10321,0.0,0.0,0.0522615909576416
1778644040.63199,516.0855503082275,10322,0.0,0.0,0.041506052017211914
1778644040.6844473,516.1380076408386,10323,0.0,0.0,0.052457332611083984
1778644040.736538,516.190098285675,10324,0.0,0.0,0.05209064483642578
1778644040.7886288,516.24218916893,10325,0.0,0.0,0.05209088325500488
1778644040.8414688,516.2950291633606,10326,0.0,0.0,0.05283999443054199
1778644040.8829193,516.3364796638489,10327,0.0,0.0,0.04145050048828125
1778644040.93546,516.3890204429626,10328,0.0,0.0,0.05254077911376953
1778644040.9874923,516.4410526752472,10329,0.0,0.0,0.0520322322845459
1778644041.0398417,516.493402004242,10330,0.0,0.0,0.05234932899475098
1778644041.091383,516.5449433326721,10331,0.0,0.0,0.05154132843017578
1778644041.1328316,516.5863919258118,10332,0.0,0.0,0.04144859313964844
1778644041.184809,516.6383693218231,10333,0.0,0.0,0.05197739601135254
1778644041.2365782,516.6901385784149,10334,0.0,0.0,0.051769256591796875
1778644041.2884028,516.7419631481171,10335,0.0,0.0,0.05182456970214844
1778644041.340072,516.7936322689056,10336,0.0,0.0,0.05166912078857422
1778644041.3918343,516.8453946113586,10337,0.0,0.0,0.05176234245300293
1778644041.4330392,516.8865995407104,10338,0.0,0.0,0.04120492935180664
1778644041.4847968,516.9383571147919,10339,0.0,0.0,0.0517575740814209
1778644041.5365322,516.9900925159454,10340,0.0,0.0,0.05173540115356445
1778644041.5884247,517.0419850349426,10341,0.0,0.0,0.05189251899719238
1778644041.6406114,517.0941717624664,10342,0.0,0.0,0.05218672752380371
1778644041.684896,517.1384563446045,10343,0.0,0.0,0.04428458213806152
1778644041.7373962,517.1909565925598,10344,0.0,0.0,0.052500247955322266
1778644041.7912173,517.2447776794434,10345,0.0,0.0,0.05382108688354492
1778644041.8355613,517.2891216278076,10346,0.0,0.0,0.04434394836425781
1778644041.885708,517.3392684459686,10347,0.0,0.0,0.05014681816101074
1778644041.9383705,517.3919308185577,10348,0.0,0.0,0.05266237258911133
1778644041.992075,517.4456353187561,10349,0.0,0.0,0.05370450019836426
1778644042.0354648,517.4890251159668,10350,0.0,0.0,0.04338979721069336
1778644042.08976,517.5433204174042,10351,0.0,0.0,0.05429530143737793
1778644042.14204,517.5956003665924,10352,0.0,0.0,0.05227994918823242
1778644042.1839879,517.6375482082367,10353,0.0,0.0,0.04194784164428711
1778644042.2362287,517.689789056778,10354,0.0,0.0,0.052240848541259766
1778644042.2882779,517.7418382167816,10355,0.0,0.0,0.05204916000366211
1778644042.3405786,517.7941389083862,10356,0.0,0.0,0.05230069160461426
1778644042.382433,517.8359932899475,10357,0.0,0.0,0.0418543815612793
1778644042.434534,517.8880944252014,10358,0.0,0.0,0.05210113525390625
1778644042.4864178,517.9399781227112,10359,0.0,0.0,0.051883697509765625
1778644042.5391924,517.992752790451,10360,0.0,0.0,0.052774667739868164
1778644042.5923483,518.0459086894989,10361,0.0,0.0,0.05315589904785156
1778644042.6344545,518.0880148410797,10362,0.0,0.0,0.04210615158081055
1778644042.6862895,518.1398499011993,10363,0.0,0.0,0.051835060119628906
1778644042.7382798,518.191840171814,10364,0.0,0.0,0.05199027061462402
1778644042.790565,518.2441253662109,10365,0.0,0.0,0.052285194396972656
1778644042.8332922,518.2868525981903,10366,0.0,0.0,0.04272723197937012
1778644042.886778,518.3403384685516,10367,0.0,0.0,0.053485870361328125
1778644042.938731,518.3922913074493,10368,0.0,0.0,0.05195283889770508
1778644042.9827547,518.4363150596619,10369,0.0,0.0,0.044023752212524414
1778644043.0347683,518.4883286952972,10370,0.0,0.0,0.05201363563537598
1778644043.0869331,518.5404934883118,10371,0.0,0.0,0.05216479301452637
1778644043.1391819,518.5927422046661,10372,0.0,0.0,0.05224871635437012
1778644043.19159,518.6451504230499,10373,0.0,0.0,0.05240821838378906
1778644043.2335722,518.6871325969696,10374,0.0,0.0,0.041982173919677734
1778644043.285828,518.7393884658813,10375,0.0,0.0,0.052255868911743164
1778644043.3385131,518.7920734882355,10376,0.0,0.0,0.05268502235412598
1778644043.3910775,518.8446378707886,10377,0.0,0.0,0.052564382553100586
1778644043.4330187,518.8865790367126,10378,0.0,0.0,0.041941165924072266
1778644043.4855015,518.9390618801117,10379,0.0,0.0,0.05248284339904785
1778644043.5376759,518.9912362098694,10380,0.0,0.0,0.05217432975769043
1778644043.59021,519.0437703132629,10381,0.0,0.0,0.05253410339355469
1778644043.632222,519.085782289505,10382,0.0,0.0,0.04201197624206543
1778644043.6844664,519.138026714325,10383,0.0,0.0,0.05224442481994629
1778644043.7373855,519.1909458637238,10384,0.0,0.0,0.05291914939880371
1778644043.790102,519.2436623573303,10385,0.0,0.0,0.05271649360656738
1778644043.832416,519.2859764099121,10386,0.0,0.0,0.04231405258178711
1778644043.8854845,519.3390448093414,10387,0.0,0.0,0.05306839942932129
1778644043.938018,519.3915784358978,10388,0.0,0.0,0.052533626556396484
1778644043.9901369,519.4436972141266,10389,0.0,0.0,0.052118778228759766
1778644044.0322168,519.4857771396637,10390,0.0,0.0,0.042079925537109375
1778644044.08473,519.5382902622223,10391,0.0,0.0,0.05251312255859375
1778644044.137179,519.5907392501831,10392,0.0,0.0,0.05244898796081543
1778644044.1896079,519.6431682109833,10393,0.0,0.0,0.0524289608001709
1778644044.2320101,519.6855704784393,10394,0.0,0.0,0.04240226745605469
1778644044.2845016,519.7380619049072,10395,0.0,0.0,0.05249142646789551
1778644044.3370445,519.7906048297882,10396,0.0,0.0,0.052542924880981445
1778644044.3894503,519.8430106639862,10397,0.0,0.0,0.05240583419799805
1778644044.442499,519.8960592746735,10398,0.0,0.0,0.05304861068725586
1778644044.4843175,519.9378778934479,10399,0.0,0.0,0.04181861877441406
1778644044.5374987,519.9910590648651,10400,0.0,0.0,0.05318117141723633
1778644044.5897205,520.04328083992,10401,0.0,0.0,0.05222177505493164
1778644044.6320608,520.0856211185455,10402,0.0,0.0,0.04234027862548828
1778644044.6850054,520.1385657787323,10403,0.0,0.0,0.05294466018676758
1778644044.7375975,520.1911578178406,10404,0.0,0.0,0.05259203910827637
1778644044.7903192,520.2438795566559,10405,0.0,0.0,0.05272173881530762
1778644044.8323,520.2858603000641,10406,0.0,0.0,0.041980743408203125
1778644044.8848362,520.3383965492249,10407,0.0,0.0,0.0525362491607666
1778644044.937205,520.3907654285431,10408,0.0,0.0,0.052368879318237305
1778644044.9894826,520.4430429935455,10409,0.0,0.0,0.052277565002441406
1778644045.0422382,520.4957985877991,10410,0.0,0.0,0.05275559425354004
1778644045.0843012,520.5378615856171,10411,0.0,0.0,0.042062997817993164
1778644045.1368437,520.5904040336609,10412,0.0,0.0,0.05254244804382324
1778644045.1892319,520.642792224884,10413,0.0,0.0,0.05238819122314453
1778644045.2422748,520.6958351135254,10414,0.0,0.0,0.05304288864135742
1778644045.286648,520.7402083873749,10415,0.0,0.0,0.044373273849487305
1778644045.3376145,520.7911748886108,10416,0.0,0.0,0.050966501235961914
1778644045.3907888,520.8443491458893,10417,0.0,0.0,0.05317425727844238
1778644045.4321954,520.885755777359,10418,0.0,0.0,0.04140663146972656
1778644045.4843185,520.9378788471222,10419,0.0,0.0,0.052123069763183594
1778644045.5369408,520.99050116539,10420,0.0,0.0,0.052622318267822266
1778644045.5895777,521.0431380271912,10421,0.0,0.0,0.05263686180114746
1778644045.6420405,521.0956008434296,10422,0.0,0.0,0.05246281623840332
1778644045.684178,521.1377384662628,10423,0.0,0.0,0.04213762283325195
1778644045.7369046,521.1904649734497,10424,0.0,0.0,0.05272650718688965
1778644045.7896733,521.2432336807251,10425,0.0,0.0,0.052768707275390625
1778644045.842122,521.2956824302673,10426,0.0,0.0,0.05244874954223633
1778644045.8844285,521.3379888534546,10427,0.0,0.0,0.04230642318725586
1778644045.9364715,521.3900318145752,10428,0.0,0.0,0.05204296112060547
1778644045.9886386,521.4421989917755,10429,0.0,0.0,0.05216717720031738
1778644046.0405161,521.4940764904022,10430,0.0,0.0,0.051877498626708984
1778644046.0824344,521.5359947681427,10431,0.0,0.0,0.041918277740478516
1778644046.1340175,521.5875778198242,10432,0.0,0.0,0.051583051681518555
1778644046.192193,521.6457533836365,10433,0.0,0.0,0.05817556381225586
1778644046.233691,521.687251329422,10434,0.0,0.0,0.04149794578552246
1778644046.2858772,521.7394375801086,10435,0.0,0.0,0.05218625068664551
1778644046.3379853,521.7915456295013,10436,0.0,0.0,0.052108049392700195
1778644046.3900118,521.84357213974,10437,0.0,0.0,0.05202651023864746
1778644046.4428072,521.8963675498962,10438,0.0,0.0,0.05279541015625
1778644046.4865177,521.9400780200958,10439,0.0,0.0,0.04371047019958496
1778644046.5365062,521.9900665283203,10440,0.0,0.0,0.049988508224487305
1778644046.589234,522.0427944660187,10441,0.0,0.0,0.05272793769836426
1778644046.641316,522.0948762893677,10442,0.0,0.0,0.05208182334899902
1778644046.6828985,522.1364588737488,10443,0.0,0.0,0.041582584381103516
1778644046.7350564,522.1886167526245,10444,0.0,0.0,0.05215787887573242
1778644046.7872622,522.2408225536346,10445,0.0,0.0,0.052205801010131836
1778644046.8398683,522.2934286594391,10446,0.0,0.0,0.05260610580444336
1778644046.8922281,522.3457884788513,10447,0.0,0.0,0.052359819412231445
1778644046.9348183,522.3883786201477,10448,0.0,0.0,0.04259014129638672
1778644046.9876108,522.441171169281,10449,0.0,0.0,0.05279254913330078
1778644047.0401273,522.4936876296997,10450,0.0,0.0,0.05251646041870117
1778644047.0824604,522.5360207557678,10451,0.0,0.0,0.042333126068115234
1778644047.135079,522.5886392593384,10452,0.0,0.0,0.05261850357055664
1778644047.1875489,522.6411092281342,10453,0.0,0.0,0.05246996879577637
1778644047.2402365,522.6937968730927,10454,0.0,0.0,0.052687644958496094
1778644047.2820296,522.7355899810791,10455,0.0,0.0,0.041793107986450195
1778644047.334746,522.7883062362671,10456,0.0,0.0,0.05271625518798828
1778644047.3873541,522.8409144878387,10457,0.0,0.0,0.05260825157165527
1778644047.4398177,522.8933780193329,10458,0.0,0.0,0.052463531494140625
1778644047.4820473,522.9356076717377,10459,0.0,0.0,0.042229652404785156
1778644047.5345807,522.9881410598755,10460,0.0,0.0,0.05253338813781738
1778644047.5869768,523.0405371189117,10461,0.0,0.0,0.05239605903625488
1778644047.6394057,523.0929660797119,10462,0.0,0.0,0.0524289608001709
1778644047.6923428,523.1459031105042,10463,0.0,0.0,0.05293703079223633
1778644047.734674,523.1882343292236,10464,0.0,0.0,0.04233121871948242
1778644047.7910762,523.2446365356445,10465,0.0,0.0,0.05640220642089844
1778644047.833423,523.2869832515717,10466,0.0,0.0,0.04234671592712402
1778644047.8859253,523.3394856452942,10467,0.0,0.0,0.05250239372253418
1778644047.9389215,523.392481803894,10468,0.0,0.0,0.052996158599853516
1778644047.9909754,523.4445357322693,10469,0.0,0.0,0.05205392837524414
1778644048.0326042,523.4861645698547,10470,0.0,0.0,0.04162883758544922
1778644048.0847034,523.53826379776,10471,0.0,0.0,0.05209922790527344
1778644048.136631,523.5901913642883,10472,0.0,0.0,0.05192756652832031
1778644048.1893907,523.6429510116577,10473,0.0,0.0,0.052759647369384766
1778644048.2320466,523.6856069564819,10474,0.0,0.0,0.04265594482421875
1778644048.2847917,523.738352060318,10475,0.0,0.0,0.05274510383605957
1778644048.337101,523.7906613349915,10476,0.0,0.0,0.052309274673461914
1778644048.3896964,523.8432567119598,10477,0.0,0.0,0.05259537696838379
1778644048.4423392,523.8958995342255,10478,0.0,0.0,0.052642822265625
1778644048.4844644,523.9380247592926,10479,0.0,0.0,0.04212522506713867
1778644048.5394936,523.9930539131165,10480,0.0,0.0,0.05502915382385254
1778644048.5914717,524.0450320243835,10481,0.0,0.0,0.051978111267089844
1778644048.633647,524.0872073173523,10482,0.0,0.0,0.04217529296875
1778644048.6856816,524.1392419338226,10483,0.0,0.0,0.052034616470336914
1778644048.7381637,524.1917240619659,10484,0.0,0.0,0.05248212814331055
1778644048.7908077,524.2443680763245,10485,0.0,0.0,0.05264401435852051
1778644048.8329272,524.2864875793457,10486,0.0,0.0,0.042119503021240234
1778644048.8855398,524.3391001224518,10487,0.0,0.0,0.0526125431060791
1778644048.938417,524.3919773101807,10488,0.0,0.0,0.052877187728881836
1778644048.9908097,524.4443700313568,10489,0.0,0.0,0.05239272117614746
1778644049.03233,524.4858903884888,10490,0.0,0.0,0.04152035713195801
1778644049.084211,524.5377714633942,10491,0.0,0.0,0.05188107490539551
1778644049.1364648,524.5900251865387,10492,0.0,0.0,0.05225372314453125
1778644049.1886322,524.6421926021576,10493,0.0,0.0,0.052167415618896484
1778644049.2411067,524.6946671009064,10494,0.0,0.0,0.0524744987487793
1778644049.2827392,524.7362995147705,10495,0.0,0.0,0.04163241386413574
1778644049.3350375,524.7885978221893,10496,0.0,0.0,0.05229830741882324
1778644049.3875613,524.841121673584,10497,0.0,0.0,0.05252385139465332
1778644049.4400048,524.8935651779175,10498,0.0,0.0,0.052443504333496094
1778644049.4925182,524.9460785388947,10499,0.0,0.0,0.05251336097717285
1778644049.5345607,524.9881210327148,10500,0.0,0.0,0.04204249382019043
1778644049.5871701,525.0407304763794,10501,0.0,0.0,0.05260944366455078
1778644049.639168,525.0927283763885,10502,0.0,0.0,0.05199790000915527
1778644049.6930356,525.146595954895,10503,0.0,0.0,0.05386757850646973
1778644049.7330651,525.1866254806519,10504,0.0,0.0,0.04002952575683594
1778644049.789556,525.2431163787842,10505,0.0,0.0,0.05649089813232422
1778644049.8407733,525.2943336963654,10506,0.0,0.0,0.05121731758117676
1778644049.882788,525.3363482952118,10507,0.0,0.0,0.04201459884643555
1778644049.9348102,525.388370513916,10508,0.0,0.0,0.05202221870422363
1778644049.989888,525.44344830513,10509,0.0,0.0,0.05507779121398926
1778644050.03261,525.4861702919006,10510,0.0,0.0,0.04272198677062988
1778644050.0846183,525.5381786823273,10511,0.0,0.0,0.05200839042663574
1778644050.1365561,525.5901165008545,10512,0.0,0.0,0.05193781852722168
1778644050.1885295,525.64208984375,10513,0.0,0.0,0.05197334289550781
1778644050.2412117,525.6947720050812,10514,0.0,0.0,0.05268216133117676
1778644050.2833278,525.7368881702423,10515,0.0,0.0,0.04211616516113281
1778644050.3365302,525.7900905609131,10516,0.0,0.0,0.05320239067077637
1778644050.3886921,525.8422524929047,10517,0.0,0.0,0.05216193199157715
1778644050.4407048,525.8942651748657,10518,0.0,0.0,0.05201268196105957
1778644050.4821644,525.93572473526,10519,0.0,0.0,0.04145956039428711
1778644050.535548,525.9891083240509,10520,0.0,0.0,0.053383588790893555
1778644050.5863712,526.0399315357208,10521,0.0,0.0,0.050823211669921875
1778644050.6391451,526.092705488205,10522,0.0,0.0,0.05277395248413086
1778644050.690323,526.1438834667206,10523,0.0,0.0,0.051177978515625
1778644050.7319317,526.1854920387268,10524,0.0,0.0,0.041608572006225586
1778644050.7836525,526.237212896347,10525,0.0,0.0,0.05172085762023926
1778644050.835429,526.2889893054962,10526,0.0,0.0,0.05177640914916992
1778644050.887019,526.3405792713165,10527,0.0,0.0,0.0515899658203125
1778644050.9399166,526.3934769630432,10528,0.0,0.0,0.05289769172668457
1778644050.991004,526.4445643424988,10529,0.0,0.0,0.051087379455566406
1778644051.0325034,526.4860637187958,10530,0.0,0.0,0.04149937629699707
1778644051.0857012,526.5392615795135,10531,0.0,0.0,0.05319786071777344
1778644051.138817,526.5923774242401,10532,0.0,0.0,0.0531158447265625
1778644051.191792,526.6453523635864,10533,0.0,0.0,0.05297493934631348
1778644051.233498,526.6870584487915,10534,0.0,0.0,0.041706085205078125
1778644051.2858992,526.7394595146179,10535,0.0,0.0,0.052401065826416016
1778644051.338481,526.7920413017273,10536,0.0,0.0,0.052581787109375
1778644051.3936024,526.8471627235413,10537,0.0,0.0,0.055121421813964844
1778644051.4348936,526.8884539604187,10538,0.0,0.0,0.041291236877441406
1778644051.4883137,526.9418740272522,10539,0.0,0.0,0.053420066833496094
1778644051.5412664,526.9948267936707,10540,0.0,0.0,0.05295276641845703
1778644051.584126,527.0376863479614,10541,0.0,0.0,0.042859554290771484
1778644051.6373763,527.0909366607666,10542,0.0,0.0,0.05325031280517578
1778644051.6918056,527.1453659534454,10543,0.0,0.0,0.05442929267883301
1778644051.7343783,527.1879386901855,10544,0.0,0.0,0.042572736740112305
1778644051.7871342,527.2406945228577,10545,0.0,0.0,0.05275583267211914
1778644051.8404937,527.2940540313721,10546,0.0,0.0,0.0533595085144043
1778644051.8832939,527.3368542194366,10547,0.0,0.0,0.042800188064575195
1778644051.9370751,527.3906354904175,10548,0.0,0.0,0.05378127098083496
1778644051.9905505,527.4441108703613,10549,0.0,0.0,0.053475379943847656
1778644052.0332208,527.4867811203003,10550,0.0,0.0,0.042670249938964844
1778644052.0870318,527.5405921936035,10551,0.0,0.0,0.053811073303222656
1778644052.1400766,527.5936369895935,10552,0.0,0.0,0.053044795989990234
1778644052.1824124,527.635972738266,10553,0.0,0.0,0.04233574867248535
1778644052.236127,527.6896872520447,10554,0.0,0.0,0.05371451377868652
1778644052.2898364,527.7433967590332,10555,0.0,0.0,0.05370950698852539
1778644052.3423266,527.7958869934082,10556,0.0,0.0,0.052490234375
1778644052.3843951,527.8379554748535,10557,0.0,0.0,0.0420684814453125
1778644052.4365814,527.8901417255402,10558,0.0,0.0,0.05218625068664551
1778644052.4919446,527.9455049037933,10559,0.0,0.0,0.05536317825317383
1778644052.532365,527.9859254360199,10560,0.0,0.0,0.0404205322265625
1778644052.5844681,528.0380284786224,10561,0.0,0.0,0.05210304260253906
1778644052.637538,528.0910983085632,10562,0.0,0.0,0.0530698299407959
1778644052.688977,528.142537355423,10563,0.0,0.0,0.05143904685974121
1778644052.7417507,528.1953110694885,10564,0.0,0.0,0.05277371406555176
1778644052.7841165,528.237676858902,10565,0.0,0.0,0.04236578941345215
1778644052.8367822,528.2903425693512,10566,0.0,0.0,0.05266571044921875
1778644052.8896616,528.3432219028473,10567,0.0,0.0,0.05287933349609375
1778644052.9429266,528.3964869976044,10568,0.0,0.0,0.05326509475708008
1778644052.9847863,528.4383466243744,10569,0.0,0.0,0.04185962677001953
1778644053.0376759,528.4912362098694,10570,0.0,0.0,0.05288958549499512
1778644053.0906248,528.5441851615906,10571,0.0,0.0,0.052948951721191406
1778644053.1325457,528.5861060619354,10572,0.0,0.0,0.04192090034484863
1778644053.1854327,528.638993024826,10573,0.0,0.0,0.052886962890625
1778644053.2382398,528.6918001174927,10574,0.0,0.0,0.05280709266662598
1778644053.2910872,528.7446475028992,10575,0.0,0.0,0.05284738540649414
1778644053.333622,528.7871823310852,10576,0.0,0.0,0.042534828186035156
1778644053.3864121,528.8399724960327,10577,0.0,0.0,0.052790164947509766
1778644053.4392636,528.892823934555,10578,0.0,0.0,0.05285143852233887
1778644053.4922347,528.9457950592041,10579,0.0,0.0,0.05297112464904785
1778644053.5366993,528.9902596473694,10580,0.0,0.0,0.0444645881652832
1778644053.5873382,529.0408985614777,10581,0.0,0.0,0.05063891410827637
1778644053.6401887,529.0937490463257,10582,0.0,0.0,0.05285048484802246
1778644053.6823907,529.1359510421753,10583,0.0,0.0,0.042201995849609375
1778644053.7352147,529.188775062561,10584,0.0,0.0,0.05282402038574219
1778644053.7881324,529.2416927814484,10585,0.0,0.0,0.0529177188873291
1778644053.8410313,529.294591665268,10586,0.0,0.0,0.05289888381958008
1778644053.8830967,529.3366570472717,10587,0.0,0.0,0.04206538200378418
1778644053.9361207,529.3896811008453,10588,0.0,0.0,0.0530240535736084
1778644053.9889638,529.4425241947174,10589,0.0,0.0,0.05284309387207031
1778644054.0415914,529.495151758194,10590,0.0,0.0,0.0526275634765625
1778644054.0841641,529.5377244949341,10591,0.0,0.0,0.042572736740112305
1778644054.1370754,529.5906357765198,10592,0.0,0.0,0.05291128158569336
1778644054.1899798,529.6435401439667,10593,0.0,0.0,0.052904367446899414
1778644054.2321343,529.685694694519,10594,0.0,0.0,0.042154550552368164
1778644054.2849715,529.7385318279266,10595,0.0,0.0,0.05283713340759277
1778644054.3380022,529.7915625572205,10596,0.0,0.0,0.05303072929382324
1778644054.390737,529.8442974090576,10597,0.0,0.0,0.0527348518371582
1778644054.4330616,529.8866219520569,10598,0.0,0.0,0.04232454299926758
1778644054.4860663,529.9396266937256,10599,0.0,0.0,0.05300474166870117
1778644054.5389495,529.992509841919,10600,0.0,0.0,0.052883148193359375
1778644054.5917933,530.0453536510468,10601,0.0,0.0,0.05284380912780762
1778644054.6341493,530.0877096652985,10602,0.0,0.0,0.042356014251708984
1778644054.68919,530.1427502632141,10603,0.0,0.0,0.055040597915649414
1778644054.7404656,530.1940259933472,10604,0.0,0.0,0.05127573013305664
1778644054.7824893,530.2360496520996,10605,0.0,0.0,0.042023658752441406
1778644054.8353589,530.288919210434,10606,0.0,0.0,0.052869558334350586
1778644054.8906486,530.3442089557648,10607,0.0,0.0,0.05528974533081055
1778644054.942315,530.395875453949,10608,0.0,0.0,0.0516664981842041
1778644054.9829621,530.4365224838257,10609,0.0,0.0,0.040647029876708984
1778644055.037613,530.4911732673645,10610,0.0,0.0,0.05465078353881836
1778644055.088155,530.5417153835297,10611,0.0,0.0,0.05054211616516113
1778644055.1412015,530.5947618484497,10612,0.0,0.0,0.053046464920043945
1778644055.1833115,530.6368718147278,10613,0.0,0.0,0.04210996627807617
1778644055.2355814,530.6891417503357,10614,0.0,0.0,0.052269935607910156
1778644055.2883978,530.7419581413269,10615,0.0,0.0,0.05281639099121094
1778644055.3407888,530.794349193573,10616,0.0,0.0,0.05239105224609375
1778644055.3828983,530.8364586830139,10617,0.0,0.0,0.04210948944091797
1778644055.4353292,530.8888895511627,10618,0.0,0.0,0.05243086814880371
1778644055.4876215,530.9411818981171,10619,0.0,0.0,0.0522923469543457
1778644055.539945,530.9935052394867,10620,0.0,0.0,0.052323341369628906
1778644055.581818,531.0353784561157,10621,0.0,0.0,0.04187321662902832
1778644055.63436,531.0879204273224,10622,0.0,0.0,0.05254197120666504
1778644055.686765,531.1403253078461,10623,0.0,0.0,0.05240488052368164
1778644055.7389402,531.1925005912781,10624,0.0,0.0,0.052175283432006836
1778644055.7914488,531.2450091838837,10625,0.0,0.0,0.05250859260559082
1778644055.8331182,531.2866785526276,10626,0.0,0.0,0.041669368743896484
1778644055.8853035,531.3388638496399,10627,0.0,0.0,0.0521852970123291
1778644055.936979,531.3905394077301,10628,0.0,0.0,0.05167555809020996
1778644055.989509,531.4430694580078,10629,0.0,0.0,0.05253005027770996
1778644056.0413373,531.4948976039886,10630,0.0,0.0,0.05182814598083496
1778644056.0832026,531.5367629528046,10631,0.0,0.0,0.04186534881591797
1778644056.1351993,531.5887596607208,10632,0.0,0.0,0.051996707916259766
1778644056.187121,531.6406812667847,10633,0.0,0.0,0.05192160606384277
1778644056.2388027,531.6923630237579,10634,0.0,0.0,0.0516817569732666
1778644056.2908201,531.7443804740906,10635,0.0,0.0,0.0520174503326416
1778644056.332034,531.7855944633484,10636,0.0,0.0,0.0412139892578125
1778644056.3840816,531.837641954422,10637,0.0,0.0,0.0520474910736084
1778644056.435779,531.8893394470215,10638,0.0,0.0,0.051697492599487305
1778644056.4875531,531.9411134719849,10639,0.0,0.0,0.051774024963378906
1778644056.53926,531.9928202629089,10640,0.0,0.0,0.051706790924072266
1778644056.5909889,532.0445492267609,10641,0.0,0.0,0.05172896385192871
1778644056.6324184,532.0859787464142,10642,0.0,0.0,0.04142951965332031
1778644056.6854417,532.139002084732,10643,0.0,0.0,0.053023338317871094
1778644056.7360384,532.1895987987518,10644,0.0,0.0,0.05059671401977539
1778644056.7881749,532.2417352199554,10645,0.0,0.0,0.05213642120361328
1778644056.8402007,532.2937610149384,10646,0.0,0.0,0.052025794982910156
1778644056.8816693,532.3352296352386,10647,0.0,0.0,0.04146862030029297
1778644056.93367,532.3872303962708,10648,0.0,0.0,0.05200076103210449
1778644056.9870589,532.4406192302704,10649,0.0,0.0,0.05338883399963379
1778644057.0386035,532.4921638965607,10650,0.0,0.0,0.0515446662902832
1778644057.0909266,532.5444869995117,10651,0.0,0.0,0.052323102951049805
1778644057.133374,532.5869343280792,10652,0.0,0.0,0.04244732856750488
1778644057.186562,532.6401224136353,10653,0.0,0.0,0.05318808555603027
1778644057.239284,532.6928443908691,10654,0.0,0.0,0.05272197723388672
1778644057.2925408,532.746101140976,10655,0.0,0.0,0.05325675010681152
1778644057.334102,532.7876622676849,10656,0.0,0.0,0.041561126708984375
1778644057.3866363,532.8401966094971,10657,0.0,0.0,0.05253434181213379
1778644057.4393167,532.8928771018982,10658,0.0,0.0,0.05268049240112305
1778644057.49039,532.9439504146576,10659,0.0,0.0,0.051073312759399414
1778644057.5356085,532.98916888237,10660,0.0,0.0,0.045218467712402344
1778644057.5869634,533.0405237674713,10661,0.0,0.0,0.05135488510131836
1778644057.6387334,533.0922937393188,10662,0.0,0.0,0.05176997184753418
1778644057.6906376,533.1441979408264,10663,0.0,0.0,0.05190420150756836
1778644057.73246,533.1860203742981,10664,0.0,0.0,0.04182243347167969
1778644057.784784,533.2383444309235,10665,0.0,0.0,0.05232405662536621
1778644057.8374343,533.290994644165,10666,0.0,0.0,0.05265021324157715
1778644057.8901772,533.3437376022339,10667,0.0,0.0,0.052742958068847656
1778644057.9321587,533.3857190608978,10668,0.0,0.0,0.04198145866394043
1778644057.9849405,533.4385008811951,10669,0.0,0.0,0.05278182029724121
1778644058.037381,533.490941286087,10670,0.0,0.0,0.05244040489196777
1778644058.0900953,533.5436556339264,10671,0.0,0.0,0.05271434783935547
1778644058.132124,533.585684299469,10672,0.0,0.0,0.04202866554260254
1778644058.1847904,533.638350725174,10673,0.0,0.0,0.052666425704956055
1778644058.237477,533.6910374164581,10674,0.0,0.0,0.05268669128417969
1778644058.290214,533.7437744140625,10675,0.0,0.0,0.05273699760437012
1778644058.332425,533.7859854698181,10676,0.0,0.0,0.042211055755615234
1778644058.3853095,533.8388698101044,10677,0.0,0.0,0.05288434028625488
1778644058.4381816,533.8917419910431,10678,0.0,0.0,0.0528721809387207
1778644058.490898,533.9444582462311,10679,0.0,0.0,0.05271625518798828
1778644058.5329952,533.9865555763245,10680,0.0,0.0,0.04209733009338379
1778644058.5856915,534.0392518043518,10681,0.0,0.0,0.05269622802734375
1778644058.638506,534.0920662879944,10682,0.0,0.0,0.052814483642578125
1778644058.6910279,534.1445882320404,10683,0.0,0.0,0.05252194404602051
1778644058.7329175,534.1864778995514,10684,0.0,0.0,0.04188966751098633
1778644058.7846944,534.2382547855377,10685,0.0,0.0,0.051776885986328125
1778644058.837109,534.2906694412231,10686,0.0,0.0,0.052414655685424805
1778644058.8898423,534.3434026241302,10687,0.0,0.0,0.05273318290710449
1778644058.9324362,534.3859965801239,10688,0.0,0.0,0.042593955993652344
1778644058.9849367,534.4384970664978,10689,0.0,0.0,0.05250048637390137
1778644059.0382426,534.4918029308319,10690,0.0,0.0,0.053305864334106445
1778644059.0897372,534.5432975292206,10691,0.0,0.0,0.051494598388671875
1778644059.1321554,534.5857157707214,10692,0.0,0.0,0.04241824150085449
1778644059.1849902,534.6385505199432,10693,0.0,0.0,0.05283474922180176
1778644059.2381063,534.6916666030884,10694,0.0,0.0,0.0531160831451416
1778644059.2906148,534.744175195694,10695,0.0,0.0,0.05250859260559082
1778644059.3328347,534.786395072937,10696,0.0,0.0,0.04221987724304199
1778644059.3854003,534.838960647583,10697,0.0,0.0,0.052565574645996094
1778644059.437961,534.8915214538574,10698,0.0,0.0,0.05256080627441406
1778644059.490468,534.944028377533,10699,0.0,0.0,0.05250692367553711
1778644059.5324917,534.9860520362854,10700,0.0,0.0,0.042023658752441406
1778644059.5859878,535.0395481586456,10701,0.0,0.0,0.05349612236022949
1778644059.63898,535.0925402641296,10702,0.0,0.0,0.05299210548400879
1778644059.6910658,535.1446261405945,10703,0.0,0.0,0.05208587646484375
1778644059.7334974,535.1870577335358,10704,0.0,0.0,0.04243159294128418
1778644059.7865725,535.2401328086853,10705,0.0,0.0,0.05307507514953613
1778644059.838985,535.2925453186035,10706,0.0,0.0,0.05241250991821289
1778644059.890839,535.3443994522095,10707,0.0,0.0,0.05185413360595703
1778644059.9323907,535.3859510421753,10708,0.0,0.0,0.04155158996582031
1778644059.9873185,535.440878868103,10709,0.0,0.0,0.054927825927734375
1778644060.0368493,535.4904096126556,10710,0.0,0.0,0.049530744552612305
1778644060.089492,535.5430524349213,10711,0.0,0.0,0.052642822265625
1778644060.1416924,535.5952527523041,10712,0.0,0.0,0.0522003173828125
1778644060.183558,535.6371183395386,10713,0.0,0.0,0.04186558723449707
1778644060.23638,535.6899404525757,10714,0.0,0.0,0.052822113037109375
1778644060.2887888,535.7423491477966,10715,0.0,0.0,0.052408695220947266
1778644060.3413842,535.794944524765,10716,0.0,0.0,0.05259537696838379
1778644060.3837452,535.8373055458069,10717,0.0,0.0,0.04236102104187012
1778644060.4365215,535.8900818824768,10718,0.0,0.0,0.052776336669921875
1778644060.4889088,535.9424691200256,10719,0.0,0.0,0.052387237548828125
1778644060.5418787,535.9954390525818,10720,0.0,0.0,0.052969932556152344
1778644060.5838685,536.037428855896,10721,0.0,0.0,0.041989803314208984
1778644060.6361694,536.0897297859192,10722,0.0,0.0,0.05230093002319336
1778644060.6898649,536.1434252262115,10723,0.0,0.0,0.0536954402923584
1778644060.7422245,536.1957848072052,10724,0.0,0.0,0.052359580993652344
1778644060.784573,536.238133430481,10725,0.0,0.0,0.042348623275756836
1778644060.8371549,536.2907152175903,10726,0.0,0.0,0.052581787109375
1778644060.8901603,536.3437206745148,10727,0.0,0.0,0.05300545692443848
1778644060.932266,536.3858263492584,10728,0.0,0.0,0.042105674743652344
1778644060.9847176,536.4382779598236,10729,0.0,0.0,0.05245161056518555
1778644061.0375097,536.4910700321198,10730,0.0,0.0,0.05279207229614258
1778644061.0896602,536.5432205200195,10731,0.0,0.0,0.05215048789978027
1778644061.1321583,536.5857186317444,10732,0.0,0.0,0.042498111724853516
1778644061.1852431,536.6388034820557,10733,0.0,0.0,0.0530848503112793
1778644061.2383673,536.6919276714325,10734,0.0,0.0,0.053124189376831055
1778644061.2903762,536.7439365386963,10735,0.0,0.0,0.052008867263793945
1778644061.3323805,536.7859408855438,10736,0.0,0.0,0.04200434684753418
1778644061.3847034,536.8382637500763,10737,0.0,0.0,0.0523228645324707
1778644061.4371858,536.8907461166382,10738,0.0,0.0,0.05248236656188965
1778644061.4895296,536.9430899620056,10739,0.0,0.0,0.05234384536743164
1778644061.5422933,536.9958536624908,10740,0.0,0.0,0.05276370048522949
1778644061.5842566,537.0378170013428,10741,0.0,0.0,0.04196333885192871
1778644061.6370096,537.090569972992,10742,0.0,0.0,0.05275297164916992
1778644061.6891313,537.1426916122437,10743,0.0,0.0,0.052121639251708984
1778644061.741741,537.1953012943268,10744,0.0,0.0,0.05260968208312988
1778644061.784624,537.2381844520569,10745,0.0,0.0,0.04288315773010254
1778644061.836546,537.2901062965393,10746,0.0,0.0,0.051921844482421875
1778644061.8892035,537.3427639007568,10747,0.0,0.0,0.0526576042175293
1778644061.9425006,537.3960609436035,10748,0.0,0.0,0.05329704284667969
1778644061.9846995,537.4382598400116,10749,0.0,0.0,0.042198896408081055
1778644062.0370483,537.4906086921692,10750,0.0,0.0,0.05234885215759277
1778644062.0896919,537.5432522296906,10751,0.0,0.0,0.052643537521362305
1778644062.1321628,537.5857231616974,10752,0.0,0.0,0.04247093200683594
1778644062.1853635,537.6389238834381,10753,0.0,0.0,0.053200721740722656
1778644062.2381823,537.6917426586151,10754,0.0,0.0,0.05281877517700195
1778644062.291415,537.7449753284454,10755,0.0,0.0,0.053232669830322266
1778644062.3334196,537.7869799137115,10756,0.0,0.0,0.04200458526611328
1778644062.3862143,537.8397746086121,10757,0.0,0.0,0.052794694900512695
1778644062.438928,537.8924882411957,10758,0.0,0.0,0.052713632583618164
1778644062.4922605,537.9458208084106,10759,0.0,0.0,0.05333256721496582
1778644062.5345354,537.9880957603455,10760,0.0,0.0,0.04227495193481445
1778644062.5874112,538.0409715175629,10761,0.0,0.0,0.05287575721740723
1778644062.6397138,538.0932741165161,10762,0.0,0.0,0.05230259895324707
1778644062.6820416,538.1356019973755,10763,0.0,0.0,0.042327880859375
1778644062.7344894,538.1880497932434,10764,0.0,0.0,0.05244779586791992
1778644062.7872398,538.2408001422882,10765,0.0,0.0,0.052750349044799805
1778644062.8396628,538.2932231426239,10766,0.0,0.0,0.05242300033569336
1778644062.892035,538.3455953598022,10767,0.0,0.0,0.05237221717834473
1778644062.9345527,538.3881130218506,10768,0.0,0.0,0.042517662048339844
1778644062.9873219,538.4408822059631,10769,0.0,0.0,0.05276918411254883
1778644063.0393581,538.4929184913635,10770,0.0,0.0,0.052036285400390625
1778644063.0930028,538.5465631484985,10771,0.0,0.0,0.053644657135009766
1778644063.1344898,538.5880501270294,10772,0.0,0.0,0.04148697853088379
1778644063.1868536,538.6404139995575,10773,0.0,0.0,0.05236387252807617
1778644063.2393522,538.6929125785828,10774,0.0,0.0,0.052498579025268555
1778644063.2919009,538.7454612255096,10775,0.0,0.0,0.05254864692687988
1778644063.3342502,538.7878105640411,10776,0.0,0.0,0.04234933853149414
1778644063.3871262,538.8406865596771,10777,0.0,0.0,0.05287599563598633
1778644063.440417,538.8939774036407,10778,0.0,0.0,0.05329084396362305
1778644063.4926076,538.9461679458618,10779,0.0,0.0,0.052190542221069336
1778644063.5346,538.9881603717804,10780,0.0,0.0,0.0419924259185791
1778644063.5873935,539.040953874588,10781,0.0,0.0,0.05279350280761719
1778644063.6402986,539.0938589572906,10782,0.0,0.0,0.05290508270263672
1778644063.6826286,539.1361889839172,10783,0.0,0.0,0.042330026626586914
1778644063.7352314,539.1887917518616,10784,0.0,0.0,0.05260276794433594
1778644063.787998,539.2415583133698,10785,0.0,0.0,0.05276656150817871
1778644063.8409297,539.2944900989532,10786,0.0,0.0,0.052931785583496094
1778644063.8829184,539.3364787101746,10787,0.0,0.0,0.04198861122131348
1778644063.9358754,539.3894357681274,10788,0.0,0.0,0.05295705795288086
1778644063.9878483,539.4414086341858,10789,0.0,0.0,0.05197286605834961
1778644064.0404003,539.4939606189728,10790,0.0,0.0,0.052551984786987305
1778644064.082777,539.5363373756409,10791,0.0,0.0,0.04237675666809082
1778644064.1358817,539.5894420146942,10792,0.0,0.0,0.05310463905334473
1778644064.1885133,539.6420736312866,10793,0.0,0.0,0.05263161659240723
1778644064.240728,539.6942882537842,10794,0.0,0.0,0.052214622497558594
1778644064.2830567,539.7366170883179,10795,0.0,0.0,0.042328834533691406
1778644064.3366528,539.7902131080627,10796,0.0,0.0,0.05359601974487305
1778644064.3888388,539.8423991203308,10797,0.0,0.0,0.052186012268066406
1778644064.441358,539.8949184417725,10798,0.0,0.0,0.05251932144165039
1778644064.4839048,539.9374651908875,10799,0.0,0.0,0.042546749114990234
1778644064.5363982,539.989958524704,10800,0.0,0.0,0.05249333381652832
1778644064.5890143,540.0425746440887,10801,0.0,0.0,0.052616119384765625
1778644064.6418087,540.0953691005707,10802,0.0,0.0,0.052794456481933594
1778644064.6847222,540.1382825374603,10803,0.0,0.0,0.04291343688964844
1778644064.7369108,540.1904711723328,10804,0.0,0.0,0.05218863487243652
1778644064.7892609,540.2428212165833,10805,0.0,0.0,0.05235004425048828
1778644064.8414931,540.2950534820557,10806,0.0,0.0,0.05223226547241211
1778644064.883481,540.3370413780212,10807,0.0,0.0,0.04198789596557617
1778644064.93628,540.3898403644562,10808,0.0,0.0,0.05279898643493652
1778644064.9884906,540.4420509338379,10809,0.0,0.0,0.05221056938171387
1778644065.041048,540.4946084022522,10810,0.0,0.0,0.05255746841430664
1778644065.0833693,540.5369296073914,10811,0.0,0.0,0.042321205139160156
1778644065.1364279,540.5899882316589,10812,0.0,0.0,0.053058624267578125
1778644065.1888895,540.6424498558044,10813,0.0,0.0,0.05246162414550781
1778644065.241924,540.6954843997955,10814,0.0,0.0,0.05303454399108887
1778644065.2840152,540.7375755310059,10815,0.0,0.0,0.04209113121032715
1778644065.3370972,540.7906575202942,10816,0.0,0.0,0.05308198928833008
1778644065.3901708,540.8437311649323,10817,0.0,0.0,0.05307364463806152
1778644065.432447,540.88600730896,10818,0.0,0.0,0.04227614402770996
1778644065.48519,540.9387502670288,10819,0.0,0.0,0.052742958068847656
1778644065.5388637,540.9924240112305,10820,0.0,0.0,0.053673744201660156
1778644065.591045,541.044605255127,10821,0.0,0.0,0.052181243896484375
1778644065.6333492,541.086909532547,10822,0.0,0.0,0.042304277420043945
1778644065.687531,541.1410913467407,10823,0.0,0.0,0.054181814193725586
1778644065.7393746,541.1929349899292,10824,0.0,0.0,0.05184364318847656
1778644065.79234,541.2459003925323,10825,0.0,0.0,0.052965402603149414
1778644065.835247,541.2888073921204,10826,0.0,0.0,0.042906999588012695
1778644065.887833,541.3413934707642,10827,0.0,0.0,0.05258607864379883
1778644065.940545,541.3941054344177,10828,0.0,0.0,0.05271196365356445
1778644065.9831696,541.4367299079895,10829,0.0,0.0,0.042624473571777344
1778644066.035947,541.4895074367523,10830,0.0,0.0,0.05277752876281738
1778644066.0914524,541.5450127124786,10831,0.0,0.0,0.05550527572631836
1778644066.1343606,541.5879209041595,10832,0.0,0.0,0.0429081916809082
1778644066.1873298,541.64089012146,10833,0.0,0.0,0.05296921730041504
1778644066.2403345,541.6938948631287,10834,0.0,0.0,0.05300474166870117
1778644066.2825265,541.736086845398,10835,0.0,0.0,0.04219198226928711
1778644066.3354645,541.7890248298645,10836,0.0,0.0,0.052937984466552734
1778644066.3884284,541.8419888019562,10837,0.0,0.0,0.052963972091674805
1778644066.4404945,541.894054889679,10838,0.0,0.0,0.05206608772277832
1778644066.4828694,541.9364297389984,10839,0.0,0.0,0.04237484931945801
1778644066.5355337,541.9890940189362,10840,0.0,0.0,0.05266427993774414
1778644066.5888314,542.0423917770386,10841,0.0,0.0,0.05329775810241699
1778644066.6416993,542.0952596664429,10842,0.0,0.0,0.052867889404296875
1778644066.6835527,542.1371130943298,10843,0.0,0.0,0.04185342788696289
1778644066.7363503,542.1899106502533,10844,0.0,0.0,0.052797555923461914
1778644066.7891903,542.2427506446838,10845,0.0,0.0,0.05283999443054199
1778644066.8415263,542.2950866222382,10846,0.0,0.0,0.05233597755432129
1778644066.8837283,542.3372886180878,10847,0.0,0.0,0.042201995849609375
1778644066.9360602,542.3896205425262,10848,0.0,0.0,0.05233192443847656
1778644066.9882033,542.4417636394501,10849,0.0,0.0,0.052143096923828125
1778644067.0409527,542.4945130348206,10850,0.0,0.0,0.0527493953704834
1778644067.083083,542.5366432666779,10851,0.0,0.0,0.042130231857299805
1778644067.135542,542.589102268219,10852,0.0,0.0,0.052459001541137695
1778644067.187907,542.64146733284,10853,0.0,0.0,0.05236506462097168
1778644067.2406983,542.6942586898804,10854,0.0,0.0,0.05279135704040527
1778644067.2826705,542.7362308502197,10855,0.0,0.0,0.04197216033935547
1778644067.3367367,542.7902970314026,10856,0.0,0.0,0.05406618118286133
1778644067.3881109,542.8416712284088,10857,0.0,0.0,0.051374197006225586
1778644067.4406676,542.8942279815674,10858,0.0,0.0,0.052556753158569336
1778644067.4832976,542.9368579387665,10859,0.0,0.0,0.04262995719909668
1778644067.5357254,542.9892857074738,10860,0.0,0.0,0.05242776870727539
1778644067.588397,543.0419573783875,10861,0.0,0.0,0.05267167091369629
1778644067.6411765,543.0947368144989,10862,0.0,0.0,0.052779436111450195
1778644067.6835341,543.1370944976807,10863,0.0,0.0,0.042357683181762695
1778644067.736128,543.1896884441376,10864,0.0,0.0,0.05259394645690918
1778644067.7918031,543.2453634738922,10865,0.0,0.0,0.05567502975463867
1778644067.832896,543.2864563465118,10866,0.0,0.0,0.041092872619628906
1778644067.8849344,543.3384947776794,10867,0.0,0.0,0.05203843116760254
1778644067.9378374,543.3913977146149,10868,0.0,0.0,0.052902936935424805
1778644067.990486,543.4440462589264,10869,0.0,0.0,0.05264854431152344
1778644068.0328715,543.4864318370819,10870,0.0,0.0,0.04238557815551758
1778644068.0857308,543.5392911434174,10871,0.0,0.0,0.05285930633544922
1778644068.1384254,543.5919857025146,10872,0.0,0.0,0.05269455909729004
1778644068.19105,543.6446104049683,10873,0.0,0.0,0.05262470245361328
1778644068.2334993,543.6870596408844,10874,0.0,0.0,0.042449235916137695
1778644068.286449,543.7400093078613,10875,0.0,0.0,0.05294966697692871
1778644068.3393543,543.7929146289825,10876,0.0,0.0,0.05290532112121582
1778644068.3918889,543.8454492092133,10877,0.0,0.0,0.05253458023071289
1778644068.4342074,543.887767791748,10878,0.0,0.0,0.04231858253479004
1778644068.4867618,543.9403221607208,10879,0.0,0.0,0.05255436897277832
1778644068.5393612,543.992921590805,10880,0.0,0.0,0.052599430084228516
1778644068.5921059,544.045666217804,10881,0.0,0.0,0.05274462699890137
1778644068.634545,544.0881054401398,10882,0.0,0.0,0.04243922233581543
1778644068.687523,544.141083240509,10883,0.0,0.0,0.052977800369262695
1778644068.7398636,544.1934239864349,10884,0.0,0.0,0.05234074592590332
1778644068.7822757,544.2358360290527,10885,0.0,0.0,0.04241204261779785
1778644068.8352194,544.2887797355652,10886,0.0,0.0,0.05294370651245117
1778644068.8880882,544.3416485786438,10887,0.0,0.0,0.05286884307861328
1778644068.941489,544.3950493335724,10888,0.0,0.0,0.05340075492858887
1778644068.9828854,544.4364457130432,10889,0.0,0.0,0.041396379470825195
1778644069.0351796,544.4887399673462,10890,0.0,0.0,0.052294254302978516
1778644069.0875893,544.5411496162415,10891,0.0,0.0,0.05240964889526367
1778644069.1401203,544.5936806201935,10892,0.0,0.0,0.05253100395202637
1778644069.1823237,544.6358840465546,10893,0.0,0.0,0.042203426361083984
1778644069.2352464,544.688806772232,10894,0.0,0.0,0.052922725677490234
1778644069.287512,544.7410724163055,10895,0.0,0.0,0.05226564407348633
1778644069.3399806,544.7935409545898,10896,0.0,0.0,0.05246853828430176
1778644069.382299,544.835859298706,10897,0.0,0.0,0.04231834411621094
1778644069.4349656,544.8885259628296,10898,0.0,0.0,0.052666664123535156
1778644069.4874778,544.9410381317139,10899,0.0,0.0,0.052512168884277344
1778644069.540095,544.9936554431915,10900,0.0,0.0,0.05261731147766113
1778644069.582075,545.035635471344,10901,0.0,0.0,0.04198002815246582
1778644069.6345975,545.0881578922272,10902,0.0,0.0,0.05252242088317871
1778644069.686728,545.1402883529663,10903,0.0,0.0,0.05213046073913574
1778644069.7393467,545.1929070949554,10904,0.0,0.0,0.05261874198913574
1778644069.791744,545.2453043460846,10905,0.0,0.0,0.05239725112915039
1778644069.8337045,545.2872648239136,10906,0.0,0.0,0.04196047782897949
1778644069.886503,545.3400633335114,10907,0.0,0.0,0.05279850959777832
1778644069.939048,545.3926084041595,10908,0.0,0.0,0.05254507064819336
1778644069.9915984,545.4451587200165,10909,0.0,0.0,0.052550315856933594
1778644070.0338864,545.4874467849731,10910,0.0,0.0,0.04228806495666504
1778644070.0861812,545.5397415161133,10911,0.0,0.0,0.05229473114013672
1778644070.138891,545.5924513339996,10912,0.0,0.0,0.05270981788635254
1778644070.191856,545.6454162597656,10913,0.0,0.0,0.05296492576599121
1778644070.2344978,545.6880581378937,10914,0.0,0.0,0.04264187812805176
1778644070.2875407,545.741101026535,10915,0.0,0.0,0.05304288864135742
1778644070.3407187,545.7942790985107,10916,0.0,0.0,0.05317807197570801
1778644070.383211,545.8367712497711,10917,0.0,0.0,0.04249215126037598
1778644070.4370804,545.8906407356262,10918,0.0,0.0,0.05386948585510254
1778644070.4891732,545.9427335262299,10919,0.0,0.0,0.052092790603637695
1778644070.5422986,545.9958589076996,10920,0.0,0.0,0.05312538146972656
1778644070.584673,546.0382332801819,10921,0.0,0.0,0.042374372482299805
1778644070.63727,546.0908303260803,10922,0.0,0.0,0.0525970458984375
1778644070.688768,546.1423282623291,10923,0.0,0.0,0.0514979362487793
1778644070.7410922,546.194652557373,10924,0.0,0.0,0.05232429504394531
1778644070.7836983,546.2372586727142,10925,0.0,0.0,0.04260611534118652
1778644070.8364427,546.2900030612946,10926,0.0,0.0,0.052744388580322266
1778644070.8884227,546.3419830799103,10927,0.0,0.0,0.051980018615722656
1778644070.9408312,546.3943915367126,10928,0.0,0.0,0.052408456802368164
1778644070.9825914,546.4361517429352,10929,0.0,0.0,0.04176020622253418
1778644071.035162,546.4887223243713,10930,0.0,0.0,0.05257058143615723
1778644071.08858,546.5421402454376,10931,0.0,0.0,0.05341792106628418
1778644071.1400917,546.593652009964,10932,0.0,0.0,0.05151176452636719
1778644071.1821244,546.6356847286224,10933,0.0,0.0,0.042032718658447266
1778644071.2355175,546.6890778541565,10934,0.0,0.0,0.05339312553405762
1778644071.2878923,546.7414526939392,10935,0.0,0.0,0.052374839782714844
1778644071.3416395,546.7951998710632,10936,0.0,0.0,0.05374717712402344
1778644071.3833613,546.8369216918945,10937,0.0,0.0,0.04172182083129883
1778644071.4358745,546.8894348144531,10938,0.0,0.0,0.05251312255859375
1778644071.488219,546.9417793750763,10939,0.0,0.0,0.052344560623168945
1778644071.5408313,546.9943916797638,10940,0.0,0.0,0.0526123046875
1778644071.5829322,547.0364925861359,10941,0.0,0.0,0.04210090637207031
1778644071.6353498,547.0889101028442,10942,0.0,0.0,0.05241751670837402
1778644071.6879969,547.1415572166443,10943,0.0,0.0,0.05264711380004883
1778644071.7409132,547.1944735050201,10944,0.0,0.0,0.05291628837585449
1778644071.782881,547.2364413738251,10945,0.0,0.0,0.04196786880493164
1778644071.8357263,547.2892866134644,10946,0.0,0.0,0.05284523963928223
1778644071.8881795,547.3417398929596,10947,0.0,0.0,0.05245327949523926
1778644071.9408202,547.394380569458,10948,0.0,0.0,0.052640676498413086
1778644071.982849,547.4364092350006,10949,0.0,0.0,0.04202866554260254
1778644072.0357988,547.4893591403961,10950,0.0,0.0,0.05294990539550781
1778644072.0882673,547.5418276786804,10951,0.0,0.0,0.05246853828430176
1778644072.1412263,547.5947866439819,10952,0.0,0.0,0.05295896530151367
1778644072.1834855,547.6370458602905,10953,0.0,0.0,0.04225921630859375
1778644072.2357411,547.6893014907837,10954,0.0,0.0,0.05225563049316406
1778644072.2884698,547.7420301437378,10955,0.0,0.0,0.05272865295410156
1778644072.3414397,547.795000076294,10956,0.0,0.0,0.052969932556152344
1778644072.3840716,547.8376319408417,10957,0.0,0.0,0.04263186454772949
1778644072.4368541,547.8904144763947,10958,0.0,0.0,0.052782535552978516
1778644072.4896028,547.9431631565094,10959,0.0,0.0,0.052748680114746094
1778644072.541892,547.9954524040222,10960,0.0,0.0,0.05228924751281738
1778644072.5834048,548.0369651317596,10961,0.0,0.0,0.04151272773742676
1778644072.635946,548.0895063877106,10962,0.0,0.0,0.052541255950927734
1778644072.6882362,548.1417965888977,10963,0.0,0.0,0.05229020118713379
1778644072.7410834,548.1946437358856,10964,0.0,0.0,0.05284714698791504
1778644072.7825313,548.2360916137695,10965,0.0,0.0,0.04144787788391113
1778644072.8350146,548.2885749340057,10966,0.0,0.0,0.052483320236206055
1778644072.887898,548.3414583206177,10967,0.0,0.0,0.05288338661193848
1778644072.9408312,548.3943915367126,10968,0.0,0.0,0.0529332160949707
1778644072.9831944,548.4367547035217,10969,0.0,0.0,0.04236316680908203
1778644073.0356817,548.4892420768738,10970,0.0,0.0,0.05248737335205078
1778644073.0884929,548.5420532226562,10971,0.0,0.0,0.0528111457824707
1778644073.1412528,548.5948131084442,10972,0.0,0.0,0.05275988578796387
1778644073.1836975,548.6372578144073,10973,0.0,0.0,0.042444705963134766
1778644073.235992,548.6895523071289,10974,0.0,0.0,0.05229449272155762
1778644073.2885697,548.7421300411224,10975,0.0,0.0,0.05257773399353027
1778644073.341482,548.7950422763824,10976,0.0,0.0,0.052912235260009766
1778644073.3840325,548.8375928401947,10977,0.0,0.0,0.04255056381225586
1778644073.4364326,548.8899929523468,10978,0.0,0.0,0.05240011215209961
1778644073.4905756,548.9441359043121,10979,0.0,0.0,0.05414295196533203
1778644073.5415423,548.9951026439667,10980,0.0,0.0,0.050966739654541016
1778644073.5836992,549.0372595787048,10981,0.0,0.0,0.04215693473815918
1778644073.6361077,549.0896680355072,10982,0.0,0.0,0.052408456802368164
1778644073.6885357,549.142096042633,10983,0.0,0.0,0.05242800712585449
1778644073.7411175,549.1946778297424,10984,0.0,0.0,0.052581787109375
1778644073.7842674,549.2378277778625,10985,0.0,0.0,0.04314994812011719
1778644073.8370702,549.2906305789948,10986,0.0,0.0,0.05280280113220215
1778644073.890276,549.3438363075256,10987,0.0,0.0,0.05320572853088379
1778644073.9326346,549.3861949443817,10988,0.0,0.0,0.0423586368560791
1778644073.985475,549.4390354156494,10989,0.0,0.0,0.052840471267700195
1778644074.0386355,549.4921958446503,10990,0.0,0.0,0.05316042900085449
1778644074.0914178,549.5449781417847,10991,0.0,0.0,0.052782297134399414
1778644074.1346045,549.588164806366,10992,0.0,0.0,0.04318666458129883
1778644074.1872356,549.6407959461212,10993,0.0,0.0,0.05263113975524902
1778644074.2395139,549.6930742263794,10994,0.0,0.0,0.05227828025817871
1778644074.2820685,549.7356288433075,10995,0.0,0.0,0.042554616928100586
1778644074.3350549,549.7886152267456,10996,0.0,0.0,0.05298638343811035
1778644074.3878691,549.8414294719696,10997,0.0,0.0,0.05281424522399902
1778644074.4406788,549.8942391872406,10998,0.0,0.0,0.052809715270996094
1778644074.4829175,549.9364778995514,10999,0.0,0.0,0.042238712310791016
1778644074.5351746,549.988734960556,11000,0.0,0.0,0.05225706100463867
1778644074.5876408,550.0412011146545,11001,0.0,0.0,0.05246615409851074
1778644074.6404169,550.0939772129059,11002,0.0,0.0,0.05277609825134277
1778644074.6830294,550.1365897655487,11003,0.0,0.0,0.042612552642822266
1778644074.7353323,550.1888926029205,11004,0.0,0.0,0.05230283737182617
1778644074.787915,550.2414753437042,11005,0.0,0.0,0.052582740783691406
1778644074.8407075,550.2942678928375,11006,0.0,0.0,0.05279254913330078
1778644074.8831236,550.3366839885712,11007,0.0,0.0,0.04241609573364258
1778644074.9361212,550.3896815776825,11008,0.0,0.0,0.052997589111328125
1778644074.9892397,550.4428000450134,11009,0.0,0.0,0.05311846733093262
1778644075.0413594,550.4949197769165,11010,0.0,0.0,0.05211973190307617
1778644075.0846186,550.5381789207458,11011,0.0,0.0,0.0432591438293457
1778644075.1360176,550.5895779132843,11012,0.0,0.0,0.05139899253845215
1778644075.1886532,550.6422135829926,11013,0.0,0.0,0.05263566970825195
1778644075.2414205,550.6949808597565,11014,0.0,0.0,0.052767276763916016
1778644075.2841172,550.7376775741577,11015,0.0,0.0,0.04269671440124512
1778644075.336686,550.7902462482452,11016,0.0,0.0,0.052568674087524414
1778644075.3895082,550.8430685997009,11017,0.0,0.0,0.05282235145568848
1778644075.4422874,550.8958477973938,11018,0.0,0.0,0.052779197692871094
1778644075.4843347,550.9378950595856,11019,0.0,0.0,0.04204726219177246
1778644075.5369484,550.9905087947845,11020,0.0,0.0,0.05261373519897461
1778644075.5902946,551.0438549518585,11021,0.0,0.0,0.05334615707397461
1778644075.6322773,551.0858376026154,11022,0.0,0.0,0.04198265075683594
1778644075.6847012,551.1382615566254,11023,0.0,0.0,0.052423954010009766
1778644075.737033,551.1905932426453,11024,0.0,0.0,0.05233168601989746
1778644075.789732,551.2432923316956,11025,0.0,0.0,0.05269908905029297
1778644075.8319936,551.2855539321899,11026,0.0,0.0,0.042261600494384766
1778644075.8849652,551.3385255336761,11027,0.0,0.0,0.052971601486206055
1778644075.9375362,551.3910965919495,11028,0.0,0.0,0.05257105827331543
1778644075.9903045,551.4438648223877,11029,0.0,0.0,0.05276823043823242
1778644076.033001,551.4865612983704,11030,0.0,0.0,0.042696475982666016
1778644076.0858035,551.539363861084,11031,0.0,0.0,0.05280256271362305
1778644076.137741,551.5913014411926,11032,0.0,0.0,0.05193758010864258
1778644076.1904345,551.643994808197,11033,0.0,0.0,0.05269336700439453
1778644076.2329204,551.6864807605743,11034,0.0,0.0,0.042485952377319336
1778644076.2855713,551.7391316890717,11035,0.0,0.0,0.05265092849731445
1778644076.3369498,551.7905101776123,11036,0.0,0.0,0.051378488540649414
1778644076.3893366,551.842896938324,11037,0.0,0.0,0.05238676071166992
1778644076.441594,551.8951542377472,11038,0.0,0.0,0.05225729942321777
1778644076.4837656,551.9373259544373,11039,0.0,0.0,0.04217171669006348
1778644076.537382,551.9909422397614,11040,0.0,0.0,0.05361628532409668
1778644076.5899081,552.0434684753418,11041,0.0,0.0,0.052526235580444336
1778644076.6413338,552.0948941707611,11042,0.0,0.0,0.05142569541931152
1778644076.6833663,552.136926651001,11043,0.0,0.0,0.042032480239868164
1778644076.7357726,552.1893329620361,11044,0.0,0.0,0.05240631103515625
1778644076.790422,552.2439823150635,11045,0.0,0.0,0.05464935302734375
1778644076.8415222,552.2950825691223,11046,0.0,0.0,0.05110025405883789
1778644076.8835244,552.3370847702026,11047,0.0,0.0,0.042002201080322266
1778644076.9374762,552.3910365104675,11048,0.0,0.0,0.05395174026489258
1778644076.9886334,552.4421937465668,11049,0.0,0.0,0.051157236099243164
1778644077.0406148,552.494175195694,11050,0.0,0.0,0.051981449127197266
1778644077.0827324,552.5362927913666,11051,0.0,0.0,0.04211759567260742
1778644077.1361659,552.5897262096405,11052,0.0,0.0,0.05343341827392578
1778644077.1879585,552.641518831253,11053,0.0,0.0,0.05179262161254883
1778644077.2416892,552.6952495574951,11054,0.0,0.0,0.05373072624206543
1778644077.282892,552.7364523410797,11055,0.0,0.0,0.04120278358459473
1778644077.3354504,552.7890107631683,11056,0.0,0.0,0.05255842208862305
1778644077.3884666,552.8420269489288,11057,0.0,0.0,0.05301618576049805
1778644077.4410036,552.8945639133453,11058,0.0,0.0,0.052536964416503906
1778644077.4831326,552.9366929531097,11059,0.0,0.0,0.0421290397644043
1778644077.5365136,552.9900739192963,11060,0.0,0.0,0.05338096618652344
1778644077.5879953,553.0415556430817,11061,0.0,0.0,0.05148172378540039
1778644077.6406827,553.0942430496216,11062,0.0,0.0,0.05268740653991699
1778644077.683175,553.1367354393005,11063,0.0,0.0,0.04249238967895508
1778644077.7355602,553.1891205310822,11064,0.0,0.0,0.05238509178161621
1778644077.7880478,553.2416081428528,11065,0.0,0.0,0.05248761177062988
1778644077.8411555,553.2947158813477,11066,0.0,0.0,0.05310773849487305
1778644077.8837335,553.3372938632965,11067,0.0,0.0,0.04257798194885254
1778644077.9357438,553.3893041610718,11068,0.0,0.0,0.052010297775268555
1778644077.9880044,553.4415647983551,11069,0.0,0.0,0.052260637283325195
1778644078.0400612,553.4936215877533,11070,0.0,0.0,0.05205678939819336
1778644078.0819936,553.5355539321899,11071,0.0,0.0,0.04193234443664551
1778644078.1345034,553.5880637168884,11072,0.0,0.0,0.05250978469848633
1778644078.1878526,553.6414129734039,11073,0.0,0.0,0.05334925651550293
1778644078.240097,553.6936573982239,11074,0.0,0.0,0.05224442481994629
1778644078.281962,553.7355222702026,11075,0.0,0.0,0.041864871978759766
1778644078.3344855,553.7880458831787,11076,0.0,0.0,0.05252361297607422
1778644078.387872,553.8414323329926,11077,0.0,0.0,0.05338644981384277
1778644078.4402232,553.8937835693359,11078,0.0,0.0,0.05235123634338379
1778644078.4830863,553.9366466999054,11079,0.0,0.0,0.04286313056945801
1778644078.5352507,553.9888110160828,11080,0.0,0.0,0.052164316177368164
1778644078.5894718,554.043032169342,11081,0.0,0.0,0.054221153259277344
1778644078.6404147,554.0939750671387,11082,0.0,0.0,0.05094289779663086
1778644078.6821985,554.1357588768005,11083,0.0,0.0,0.041783809661865234
1778644078.7342832,554.1878435611725,11084,0.0,0.0,0.05208468437194824
1778644078.7870743,554.2406346797943,11085,0.0,0.0,0.05279111862182617
1778644078.8400154,554.2935757637024,11086,0.0,0.0,0.052941083908081055
1778644078.8826587,554.3362190723419,11087,0.0,0.0,0.04264330863952637
1778644078.9357924,554.3893527984619,11088,0.0,0.0,0.05313372611999512
1778644078.989119,554.4426794052124,11089,0.0,0.0,0.05332660675048828
1778644079.041502,554.4950623512268,11090,0.0,0.0,0.0523829460144043
1778644079.0834186,554.5369789600372,11091,0.0,0.0,0.041916608810424805
1778644079.1357675,554.5893278121948,11092,0.0,0.0,0.05234885215759277
1778644079.1897318,554.6432921886444,11093,0.0,0.0,0.05396437644958496
1778644079.2413516,554.6949119567871,11094,0.0,0.0,0.051619768142700195
1778644079.2830281,554.7365884780884,11095,0.0,0.0,0.04167652130126953
1778644079.3364315,554.7899918556213,11096,0.0,0.0,0.053403377532958984
1778644079.3909879,554.8445482254028,11097,0.0,0.0,0.05455636978149414
1778644079.4322627,554.8858230113983,11098,0.0,0.0,0.0412747859954834
1778644079.4859917,554.9395520687103,11099,0.0,0.0,0.05372905731201172
1778644079.5389569,554.9925172328949,11100,0.0,0.0,0.05296516418457031
1778644079.5916455,555.0452058315277,11101,0.0,0.0,0.0526885986328125
1778644079.6340125,555.0875728130341,11102,0.0,0.0,0.042366981506347656
1778644079.6865215,555.1400818824768,11103,0.0,0.0,0.05250906944274902
1778644079.7389505,555.192510843277,11104,0.0,0.0,0.0524289608001709
1778644079.7914793,555.2450397014618,11105,0.0,0.0,0.05252885818481445
1778644079.8337483,555.2873086929321,11106,0.0,0.0,0.042268991470336914
1778644079.8860958,555.3396561145782,11107,0.0,0.0,0.052347421646118164
1778644079.9388137,555.3923740386963,11108,0.0,0.0,0.05271792411804199
1778644079.9915278,555.4450881481171,11109,0.0,0.0,0.05271410942077637
1778644080.033483,555.4870433807373,11110,0.0,0.0,0.04195523262023926
1778644080.0859916,555.5395519733429,11111,0.0,0.0,0.05250859260559082
1778644080.1385694,555.5921297073364,11112,0.0,0.0,0.05257773399353027
1778644080.191727,555.6452872753143,11113,0.0,0.0,0.05315756797790527
1778644080.23392,555.6874804496765,11114,0.0,0.0,0.04219317436218262
1778644080.2875373,555.7410976886749,11115,0.0,0.0,0.053617238998413086
1778644080.3392842,555.7928445339203,11116,0.0,0.0,0.05174684524536133
1778644080.3823936,555.835953950882,11117,0.0,0.0,0.04310941696166992
1778644080.4359505,555.8895108699799,11118,0.0,0.0,0.05355691909790039
1778644080.4883409,555.9419012069702,11119,0.0,0.0,0.052390336990356445
1778644080.5409162,555.994476556778,11120,0.0,0.0,0.05257534980773926
1778644080.5837035,556.0372638702393,11121,0.0,0.0,0.04278731346130371
1778644080.6359882,556.0895485877991,11122,0.0,0.0,0.05228471755981445
1778644080.6886845,556.1422448158264,11123,0.0,0.0,0.05269622802734375
1778644080.740847,556.1944074630737,11124,0.0,0.0,0.05216264724731445
1778644080.7828908,556.2364511489868,11125,0.0,0.0,0.04204368591308594
1778644080.8354406,556.2890009880066,11126,0.0,0.0,0.05254983901977539
1778644080.887867,556.3414273262024,11127,0.0,0.0,0.05242633819580078
1778644080.9402952,556.3938555717468,11128,0.0,0.0,0.052428245544433594
1778644080.9822888,556.4358491897583,11129,0.0,0.0,0.04199361801147461
1778644081.0347047,556.4882650375366,11130,0.0,0.0,0.05241584777832031
1778644081.0872838,556.5408442020416,11131,0.0,0.0,0.05257916450500488
1778644081.1398335,556.5933938026428,11132,0.0,0.0,0.05254960060119629
1778644081.182158,556.6357183456421,11133,0.0,0.0,0.04232454299926758
1778644081.2346191,556.6881794929504,11134,0.0,0.0,0.05246114730834961
1778644081.287207,556.7407672405243,11135,0.0,0.0,0.05258774757385254
1778644081.3393407,556.7929010391235,11136,0.0,0.0,0.052133798599243164
1778644081.3915808,556.8451411724091,11137,0.0,0.0,0.05224013328552246
1778644081.4335945,556.8871548175812,11138,0.0,0.0,0.04201364517211914
1778644081.4858751,556.9394354820251,11139,0.0,0.0,0.05228066444396973
1778644081.5395005,556.9930608272552,11140,0.0,0.0,0.05362534523010254
1778644081.5834186,557.0369789600372,11141,0.0,0.0,0.04391813278198242
1778644081.6352167,557.0887770652771,11142,0.0,0.0,0.051798105239868164
1778644081.6876028,557.141163110733,11143,0.0,0.0,0.05238604545593262
1778644081.7425308,557.1960911750793,11144,0.0,0.0,0.05492806434631348
1778644081.782286,557.2358462810516,11145,0.0,0.0,0.03975510597229004
1778644081.83518,557.2887403964996,11146,0.0,0.0,0.05289411544799805
1778644081.8892226,557.3427829742432,11147,0.0,0.0,0.05404257774353027
1778644081.9409041,557.3944644927979,11148,0.0,0.0,0.0516815185546875
1778644081.9836237,557.4371840953827,11149,0.0,0.0,0.04271960258483887
1778644082.036618,557.4901783466339,11150,0.0,0.0,0.0529942512512207
1778644082.0898502,557.5434105396271,11151,0.0,0.0,0.05323219299316406
1778644082.1414833,557.5950436592102,11152,0.0,0.0,0.05163311958312988
1778644082.1831088,557.6366691589355,11153,0.0,0.0,0.0416254997253418
1778644082.2354941,557.6890544891357,11154,0.0,0.0,0.05238533020019531
1778644082.2883062,557.7418665885925,11155,0.0,0.0,0.05281209945678711
1778644082.341592,557.795152425766,11156,0.0,0.0,0.053285837173461914
1778644082.3841317,557.8376920223236,11157,0.0,0.0,0.04253959655761719
1778644082.4370468,557.8906071186066,11158,0.0,0.0,0.052915096282958984
1778644082.4894567,557.9430170059204,11159,0.0,0.0,0.05240988731384277
1778644082.5417516,557.9953119754791,11160,0.0,0.0,0.05229496955871582
1778644082.5845847,558.0381450653076,11161,0.0,0.0,0.04283308982849121
1778644082.6362476,558.0898079872131,11162,0.0,0.0,0.05166292190551758
1778644082.6889415,558.1425018310547,11163,0.0,0.0,0.052693843841552734
1778644082.7416465,558.1952068805695,11164,0.0,0.0,0.05270504951477051
1778644082.7838876,558.237447977066,11165,0.0,0.0,0.04224109649658203
1778644082.8364618,558.2900221347809,11166,0.0,0.0,0.05257415771484375
1778644082.8890831,558.3426434993744,11167,0.0,0.0,0.05262136459350586
1778644082.9419444,558.3955047130585,11168,0.0,0.0,0.05286121368408203
1778644082.984297,558.4378573894501,11169,0.0,0.0,0.04235267639160156
1778644083.0364437,558.4900040626526,11170,0.0,0.0,0.05214667320251465
1778644083.0894003,558.5429606437683,11171,0.0,0.0,0.052956581115722656
1778644083.1317976,558.5853579044342,11172,0.0,0.0,0.042397260665893555
1778644083.1845775,558.6381378173828,11173,0.0,0.0,0.0527799129486084
1778644083.2371464,558.6907067298889,11174,0.0,0.0,0.052568912506103516
1778644083.2899246,558.7434849739075,11175,0.0,0.0,0.05277824401855469
1778644083.3324635,558.7860238552094,11176,0.0,0.0,0.04253888130187988
1778644083.3847325,558.838292837143,11177,0.0,0.0,0.05226898193359375
1778644083.4374502,558.8910105228424,11178,0.0,0.0,0.05271768569946289
1778644083.4902937,558.9438540935516,11179,0.0,0.0,0.052843570709228516
1778644083.5330558,558.9866161346436,11180,0.0,0.0,0.042762041091918945
1778644083.585781,559.0393414497375,11181,0.0,0.0,0.05272531509399414
1778644083.6385694,559.0921297073364,11182,0.0,0.0,0.05278825759887695
1778644083.6917639,559.1453242301941,11183,0.0,0.0,0.053194522857666016
1778644083.7327352,559.1862955093384,11184,0.0,0.0,0.04097127914428711
1778644083.785261,559.2388212680817,11185,0.0,0.0,0.05252575874328613
1778644083.8407452,559.294305562973,11186,0.0,0.0,0.05548429489135742
1778644083.8830628,559.3366231918335,11187,0.0,0.0,0.04231762886047363
1778644083.9356349,559.3891952037811,11188,0.0,0.0,0.052572011947631836
1778644083.9883866,559.4419469833374,11189,0.0,0.0,0.052751779556274414
1778644084.0411146,559.4946749210358,11190,0.0,0.0,0.05272793769836426
1778644084.0835392,559.5370995998383,11191,0.0,0.0,0.042424678802490234
1778644084.1358666,559.5894269943237,11192,0.0,0.0,0.05232739448547363
1778644084.1895556,559.6431159973145,11193,0.0,0.0,0.053689002990722656
1778644084.2408152,559.6943755149841,11194,0.0,0.0,0.051259517669677734
1778644084.2837305,559.7372908592224,11195,0.0,0.0,0.04291534423828125
1778644084.3349466,559.7885069847107,11196,0.0,0.0,0.05121612548828125
1778644084.387233,559.8407933712006,11197,0.0,0.0,0.052286386489868164
1778644084.4396064,559.8931667804718,11198,0.0,0.0,0.052373409271240234
1778644084.4921808,559.9457411766052,11199,0.0,0.0,0.05257439613342285
1778644084.5340652,559.9876255989075,11200,0.0,0.0,0.041884422302246094
1778644084.5866907,560.0402510166168,11201,0.0,0.0,0.052625417709350586
1778644084.6392338,560.0927941799164,11202,0.0,0.0,0.05254316329956055
1778644084.6919255,560.1454858779907,11203,0.0,0.0,0.05269169807434082
1778644084.733996,560.1875562667847,11204,0.0,0.0,0.04207038879394531
1778644084.78689,560.2404503822327,11205,0.0,0.0,0.05289411544799805
1778644084.8396888,560.293249130249,11206,0.0,0.0,0.05279874801635742
1778644084.8923218,560.3458821773529,11207,0.0,0.0,0.052633047103881836
1778644084.9342494,560.387809753418,11208,0.0,0.0,0.04192757606506348
1778644084.9870622,560.4406225681305,11209,0.0,0.0,0.052812814712524414
1778644085.0400522,560.4936125278473,11210,0.0,0.0,0.052989959716796875
1778644085.0825825,560.5361428260803,11211,0.0,0.0,0.04253029823303223
1778644085.1346345,560.5881948471069,11212,0.0,0.0,0.05205202102661133
1778644085.1875005,560.6410608291626,11213,0.0,0.0,0.05286598205566406
1778644085.2398083,560.6933686733246,11214,0.0,0.0,0.052307844161987305
1778644085.281916,560.7354762554169,11215,0.0,0.0,0.042107582092285156
1778644085.3346062,560.7881665229797,11216,0.0,0.0,0.05269026756286621
1778644085.3870296,560.8405900001526,11217,0.0,0.0,0.05242347717285156
1778644085.4401834,560.8937437534332,11218,0.0,0.0,0.05315375328063965
1778644085.4819155,560.9354758262634,11219,0.0,0.0,0.041732072830200195
1778644085.5345745,560.9881348609924,11220,0.0,0.0,0.052659034729003906
1778644085.587721,561.0412814617157,11221,0.0,0.0,0.0531466007232666
1778644085.640283,561.093843460083,11222,0.0,0.0,0.05256199836730957
1778644085.6818876,561.1354479789734,11223,0.0,0.0,0.04160451889038086
1778644085.7345355,561.1880958080292,11224,0.0,0.0,0.05264782905578613
1778644085.7874162,561.2409765720367,11225,0.0,0.0,0.05288076400756836
1778644085.8400097,561.2935700416565,11226,0.0,0.0,0.05259346961975098
1778644085.8920264,561.3455867767334,11227,0.0,0.0,0.0520167350769043
1778644085.9335842,561.3871445655823,11228,0.0,0.0,0.04155778884887695
1778644085.9864562,561.4400165081024,11229,0.0,0.0,0.0528719425201416
1778644086.0388358,561.4923961162567,11230,0.0,0.0,0.052379608154296875
1778644086.0911183,561.5446786880493,11231,0.0,0.0,0.05228257179260254
1778644086.133103,561.5866632461548,11232,0.0,0.0,0.04198455810546875
1778644086.1901894,561.6437497138977,11233,0.0,0.0,0.05708646774291992
1778644086.232298,561.6858582496643,11234,0.0,0.0,0.04210853576660156
1778644086.284702,561.7382624149323,11235,0.0,0.0,0.052404165267944336
1778644086.336961,561.7905213832855,11236,0.0,0.0,0.052258968353271484
1778644086.3893654,561.842925786972,11237,0.0,0.0,0.05240440368652344
1778644086.442123,561.8956832885742,11238,0.0,0.0,0.05275750160217285
1778644086.4839797,561.9375400543213,11239,0.0,0.0,0.04185676574707031
1778644086.5365703,561.9901306629181,11240,0.0,0.0,0.05259060859680176
1778644086.5890236,562.0425839424133,11241,0.0,0.0,0.05245327949523926
1778644086.6414566,562.0950169563293,11242,0.0,0.0,0.052433013916015625
1778644086.6838012,562.1373615264893,11243,0.0,0.0,0.04234457015991211
1778644086.7359335,562.189493894577,11244,0.0,0.0,0.052132368087768555
1778644086.787915,562.2414753437042,11245,0.0,0.0,0.051981449127197266
1778644086.841559,562.2951192855835,11246,0.0,0.0,0.05364394187927246
1778644086.883511,562.3370714187622,11247,0.0,0.0,0.04195213317871094
1778644086.9359043,562.3894646167755,11248,0.0,0.0,0.052393198013305664
1778644086.9885798,562.4421401023865,11249,0.0,0.0,0.052675485610961914
1778644087.0410535,562.4946138858795,11250,0.0,0.0,0.05247378349304199
1778644087.0841649,562.5377252101898,11251,0.0,0.0,0.043111324310302734
1778644087.1356711,562.5892314910889,11252,0.0,0.0,0.05150628089904785
1778644087.1886938,562.642254114151,11253,0.0,0.0,0.05302262306213379
1778644087.241502,562.6950623989105,11254,0.0,0.0,0.052808284759521484
1778644087.2847717,562.7383320331573,11255,0.0,0.0,0.04326963424682617
1778644087.3369675,562.7905278205872,11256,0.0,0.0,0.05219578742980957
1778644087.3898048,562.8433651924133,11257,0.0,0.0,0.052837371826171875
1778644087.4326909,562.8862512111664,11258,0.0,0.0,0.04288601875305176
1778644087.4853585,562.9389188289642,11259,0.0,0.0,0.05266761779785156
1778644087.5378041,562.9913644790649,11260,0.0,0.0,0.05244565010070801
1778644087.5904703,563.0440306663513,11261,0.0,0.0,0.05266618728637695
1778644087.6326182,563.0861785411835,11262,0.0,0.0,0.04214787483215332
1778644087.6854548,563.1390151977539,11263,0.0,0.0,0.05283665657043457
1778644087.7382429,563.1918032169342,11264,0.0,0.0,0.05278801918029785
1778644087.7910323,563.244592666626,11265,0.0,0.0,0.05278944969177246
1778644087.833178,563.2867383956909,11266,0.0,0.0,0.042145729064941406
1778644087.8857954,563.3393557071686,11267,0.0,0.0,0.05261731147766113
1778644087.9385736,563.3921339511871,11268,0.0,0.0,0.05277824401855469
1778644087.9911888,563.4447491168976,11269,0.0,0.0,0.05261516571044922
1778644088.033268,563.486828327179,11270,0.0,0.0,0.04207921028137207
1778644088.0861926,563.5397529602051,11271,0.0,0.0,0.05292463302612305
1778644088.1389065,563.5924668312073,11272,0.0,0.0,0.052713871002197266
1778644088.1917977,563.6453580856323,11273,0.0,0.0,0.05289125442504883
1778644088.234257,563.6878173351288,11274,0.0,0.0,0.04245924949645996
1778644088.2870235,563.740583896637,11275,0.0,0.0,0.05276656150817871
1778644088.339881,563.7934412956238,11276,0.0,0.0,0.052857398986816406
1778644088.382203,563.8357634544373,11277,0.0,0.0,0.04232215881347656
1778644088.435022,563.8885824680328,11278,0.0,0.0,0.052819013595581055
1778644088.487555,563.9411153793335,11279,0.0,0.0,0.05253291130065918
1778644088.5399847,563.9935450553894,11280,0.0,0.0,0.0524296760559082
1778644088.581923,564.0354833602905,11281,0.0,0.0,0.04193830490112305
1778644088.634651,564.0882112979889,11282,0.0,0.0,0.05272793769836426
1778644088.6868224,564.1403827667236,11283,0.0,0.0,0.05217146873474121
1778644088.7393954,564.1929557323456,11284,0.0,0.0,0.05257296562194824
1778644088.7919989,564.2455592155457,11285,0.0,0.0,0.05260348320007324
1778644088.8340278,564.2875881195068,11286,0.0,0.0,0.04202890396118164
1778644088.8865929,564.3401532173157,11287,0.0,0.0,0.05256509780883789
1778644088.9389286,564.3924889564514,11288,0.0,0.0,0.05233573913574219
1778644088.991422,564.444982290268,11289,0.0,0.0,0.05249333381652832
1778644089.033495,564.4870553016663,11290,0.0,0.0,0.04207301139831543
1778644089.0868564,564.5404167175293,11291,0.0,0.0,0.05336141586303711
1778644089.1387894,564.5923497676849,11292,0.0,0.0,0.05193305015563965
1778644089.1914413,564.6450016498566,11293,0.0,0.0,0.05265188217163086
1778644089.233699,564.6872594356537,11294,0.0,0.0,0.04225778579711914
1778644089.2860668,564.739627122879,11295,0.0,0.0,0.0523676872253418
1778644089.3382714,564.7918317317963,11296,0.0,0.0,0.05220460891723633
1778644089.390763,564.8443233966827,11297,0.0,0.0,0.05249166488647461
1778644089.4327612,564.8863215446472,11298,0.0,0.0,0.04199814796447754
1778644089.4853454,564.9389057159424,11299,0.0,0.0,0.052584171295166016
1778644089.5380888,564.9916491508484,11300,0.0,0.0,0.05274343490600586
1778644089.5907934,565.044353723526,11301,0.0,0.0,0.052704572677612305
1778644089.632868,565.0864284038544,11302,0.0,0.0,0.04207468032836914
1778644089.6849225,565.1384828090668,11303,0.0,0.0,0.052054405212402344
1778644089.7377305,565.1912908554077,11304,0.0,0.0,0.05280804634094238
1778644089.7904916,565.2440519332886,11305,0.0,0.0,0.052761077880859375
1778644089.832339,565.2858994007111,11306,0.0,0.0,0.04184746742248535
1778644089.8852825,565.3388428688049,11307,0.0,0.0,0.05294346809387207
1778644089.938159,565.3917193412781,11308,0.0,0.0,0.05287647247314453
1778644089.9905093,565.4440696239471,11309,0.0,0.0,0.05235028266906738
1778644090.0327544,565.4863147735596,11310,0.0,0.0,0.04224514961242676
1778644090.0853212,565.5388815402985,11311,0.0,0.0,0.0525667667388916
1778644090.1381025,565.5916628837585,11312,0.0,0.0,0.05278134346008301
1778644090.1908882,565.644448518753,11313,0.0,0.0,0.052785634994506836
1778644090.2327375,565.6862978935242,11314,0.0,0.0,0.041849374771118164
1778644090.286526,565.7400863170624,11315,0.0,0.0,0.05378842353820801
1778644090.3386226,565.7921829223633,11316,0.0,0.0,0.05209660530090332
1778644090.3912437,565.8448040485382,11317,0.0,0.0,0.05262112617492676
1778644090.4335744,565.8871347904205,11318,0.0,0.0,0.04233074188232422
1778644090.4893582,565.9429185390472,11319,0.0,0.0,0.055783748626708984
1778644090.5421147,565.9956750869751,11320,0.0,0.0,0.052756547927856445
1778644090.5852034,566.0387637615204,11321,0.0,0.0,0.043088674545288086
1778644090.6371672,566.0907275676727,11322,0.0,0.0,0.05196380615234375
1778644090.6912653,566.1448256969452,11323,0.0,0.0,0.05409812927246094
1778644090.7328596,566.1864199638367,11324,0.0,0.0,0.04159426689147949
1778644090.7855527,566.2391130924225,11325,0.0,0.0,0.05269312858581543
1778644090.838942,566.2925024032593,11326,0.0,0.0,0.05338931083679199
1778644090.8913927,566.3449530601501,11327,0.0,0.0,0.05245065689086914
1778644090.933746,566.3873064517975,11328,0.0,0.0,0.04235339164733887
1778644090.9865115,566.4400718212128,11329,0.0,0.0,0.0527653694152832
1778644091.0396152,566.4931755065918,11330,0.0,0.0,0.05310368537902832
1778644091.092262,566.5458223819733,11331,0.0,0.0,0.05264687538146973
1778644091.1351106,566.5886709690094,11332,0.0,0.0,0.04284858703613281
1778644091.187433,566.6409933567047,11333,0.0,0.0,0.0523223876953125
1778644091.2401521,566.6937124729156,11334,0.0,0.0,0.0527191162109375
1778644091.2822394,566.7357997894287,11335,0.0,0.0,0.04208731651306152
1778644091.3350892,566.788649559021,11336,0.0,0.0,0.052849769592285156
1778644091.3878539,566.8414142131805,11337,0.0,0.0,0.0527646541595459
1778644091.4405086,566.8940689563751,11338,0.0,0.0,0.05265474319458008
1778644091.483379,566.936939239502,11339,0.0,0.0,0.042870283126831055
1778644091.5356321,566.9891924858093,11340,0.0,0.0,0.05225324630737305
1778644091.588085,567.0416452884674,11341,0.0,0.0,0.052452802658081055
1778644091.6405149,567.0940752029419,11342,0.0,0.0,0.052429914474487305
1778644091.682026,567.1355862617493,11343,0.0,0.0,0.04151105880737305
1778644091.734845,567.1884052753448,11344,0.0,0.0,0.052819013595581055
1778644091.7877977,567.2413580417633,11345,0.0,0.0,0.05295276641845703
1778644091.840246,567.2938063144684,11346,0.0,0.0,0.052448272705078125
1778644091.8826768,567.3362371921539,11347,0.0,0.0,0.042430877685546875
1778644091.935361,567.3889212608337,11348,0.0,0.0,0.05268406867980957
1778644091.9879198,567.4414801597595,11349,0.0,0.0,0.05255889892578125
1778644092.0403578,567.4939181804657,11350,0.0,0.0,0.05243802070617676
1778644092.0824726,567.5360329151154,11351,0.0,0.0,0.0421147346496582
1778644092.1348991,567.5884594917297,11352,0.0,0.0,0.05242657661437988
1778644092.1875842,567.6411445140839,11353,0.0,0.0,0.05268502235412598
1778644092.2399135,567.693473815918,11354,0.0,0.0,0.052329301834106445
1778644092.2821124,567.735672712326,11355,0.0,0.0,0.042198896408081055
1778644092.334995,567.7885553836823,11356,0.0,0.0,0.05288267135620117
1778644092.3877964,567.841356754303,11357,0.0,0.0,0.05280137062072754
1778644092.4405985,567.8941588401794,11358,0.0,0.0,0.052802085876464844
1778644092.4837713,567.9373316764832,11359,0.0,0.0,0.04317283630371094
1778644092.5359366,567.9894969463348,11360,0.0,0.0,0.05216526985168457
1778644092.58839,568.0419504642487,11361,0.0,0.0,0.05245351791381836
1778644092.6408303,568.094390630722,11362,0.0,0.0,0.05244016647338867
1778644092.6824899,568.1360502243042,11363,0.0,0.0,0.04165959358215332
1778644092.734662,568.1882224082947,11364,0.0,0.0,0.052172183990478516
1778644092.7869027,568.2404630184174,11365,0.0,0.0,0.052240610122680664
1778644092.8393884,568.2929487228394,11366,0.0,0.0,0.05248570442199707
1778644092.8917236,568.3452839851379,11367,0.0,0.0,0.052335262298583984
1778644092.933644,568.3872044086456,11368,0.0,0.0,0.04192042350769043
1778644092.986352,568.4399123191833,11369,0.0,0.0,0.05270791053771973
1778644093.0394573,568.4930176734924,11370,0.0,0.0,0.05310535430908203
1778644093.0923157,568.5458760261536,11371,0.0,0.0,0.05285835266113281
1778644093.1347575,568.5883178710938,11372,0.0,0.0,0.04244184494018555
1778644093.1871262,568.6406865119934,11373,0.0,0.0,0.0523686408996582
1778644093.2394629,568.6930232048035,11374,0.0,0.0,0.052336692810058594
1778644093.292097,568.7456574440002,11375,0.0,0.0,0.052634239196777344
1778644093.3346605,568.7882208824158,11376,0.0,0.0,0.042563438415527344
1778644093.3873255,568.8408858776093,11377,0.0,0.0,0.052664995193481445
1778644093.440307,568.8938672542572,11378,0.0,0.0,0.05298137664794922
1778644093.4822097,568.93577003479,11379,0.0,0.0,0.041902780532836914
1778644093.5356507,568.9892110824585,11380,0.0,0.0,0.05344104766845703
1778644093.5879097,569.0414700508118,11381,0.0,0.0,0.052258968353271484
1778644093.6407213,569.0942816734314,11382,0.0,0.0,0.052811622619628906
1778644093.6840024,569.13756275177,11383,0.0,0.0,0.04328107833862305
1778644093.736448,569.1900084018707,11384,0.0,0.0,0.05244565010070801
1778644093.789023,569.2425832748413,11385,0.0,0.0,0.052574872970581055
1778644093.841701,569.2952613830566,11386,0.0,0.0,0.05267810821533203
1778644093.8851547,569.3387150764465,11387,0.0,0.0,0.04345369338989258
1778644093.936508,569.3900682926178,11388,0.0,0.0,0.05135321617126465
1778644093.9890633,569.4426236152649,11389,0.0,0.0,0.05255532264709473
1778644094.0416737,569.4952340126038,11390,0.0,0.0,0.05261039733886719
1778644094.0837598,569.5373201370239,11391,0.0,0.0,0.042086124420166016
1778644094.1365929,569.5901532173157,11392,0.0,0.0,0.05283308029174805
1778644094.189195,569.6427552700043,11393,0.0,0.0,0.05260205268859863
1778644094.24194,569.6955003738403,11394,0.0,0.0,0.05274510383605957
1778644094.2840464,569.7376067638397,11395,0.0,0.0,0.04210638999938965
1778644094.3369508,569.7905111312866,11396,0.0,0.0,0.052904367446899414
1778644094.3898118,569.8433721065521,11397,0.0,0.0,0.05286097526550293
1778644094.4424176,569.895977973938,11398,0.0,0.0,0.05260586738586426
1778644094.4849656,569.9385259151459,11399,0.0,0.0,0.04254794120788574
1778644094.5377293,569.9912896156311,11400,0.0,0.0,0.05276370048522949
1778644094.5903234,570.0438838005066,11401,0.0,0.0,0.05259418487548828
1778644094.6321995,570.0857598781586,11402,0.0,0.0,0.04187607765197754
1778644094.6845868,570.1381471157074,11403,0.0,0.0,0.052387237548828125
1778644094.7372522,570.190812587738,11404,0.0,0.0,0.05266547203063965
1778644094.7898088,570.243369102478,11405,0.0,0.0,0.052556514739990234
1778644094.8319468,570.2855072021484,11406,0.0,0.0,0.042138099670410156
1778644094.8850048,570.3385651111603,11407,0.0,0.0,0.05305790901184082
1778644094.9379907,570.3915510177612,11408,0.0,0.0,0.05298590660095215
1778644094.9911969,570.4447572231293,11409,0.0,0.0,0.05320620536804199
1778644095.0330327,570.4865930080414,11410,0.0,0.0,0.041835784912109375
1778644095.0853076,570.5388679504395,11411,0.0,0.0,0.05227494239807129
1778644095.1376464,570.5912067890167,11412,0.0,0.0,0.05233883857727051
1778644095.1898699,570.6434302330017,11413,0.0,0.0,0.05222344398498535
1778644095.2317567,570.6853170394897,11414,0.0,0.0,0.04188680648803711
1778644095.2841618,570.737722158432,11415,0.0,0.0,0.05240511894226074
1778644095.3368866,570.7904469966888,11416,0.0,0.0,0.05272483825683594
1778644095.3892336,570.8427939414978,11417,0.0,0.0,0.05234694480895996
1778644095.441966,570.8955264091492,11418,0.0,0.0,0.05273246765136719
1778644095.4840016,570.9375619888306,11419,0.0,0.0,0.042035579681396484
1778644095.5369112,570.9904716014862,11420,0.0,0.0,0.05290961265563965
1778644095.5898793,571.0434396266937,11421,0.0,0.0,0.05296802520751953
1778644095.6422653,571.0958256721497,11422,0.0,0.0,0.05238604545593262
1778644095.684339,571.1378993988037,11423,0.0,0.0,0.042073726654052734
1778644095.7371128,571.1906731128693,11424,0.0,0.0,0.05277371406555176
1778644095.7895842,571.2431445121765,11425,0.0,0.0,0.05247139930725098
1778644095.8427892,571.2963495254517,11426,0.0,0.0,0.053205013275146484
1778644095.8848412,571.338401556015,11427,0.0,0.0,0.04205203056335449
1778644095.9378047,571.3913650512695,11428,0.0,0.0,0.0529634952545166
1778644095.9908178,571.4443781375885,11429,0.0,0.0,0.05301308631896973
1778644096.033292,571.4868524074554,11430,0.0,0.0,0.04247426986694336
1778644096.0857754,571.5393357276917,11431,0.0,0.0,0.052483320236206055
1778644096.1382473,571.5918076038361,11432,0.0,0.0,0.05247187614440918
1778644096.190844,571.6444044113159,11433,0.0,0.0,0.0525968074798584
1778644096.2334118,571.6869721412659,11434,0.0,0.0,0.04256772994995117
1778644096.2863016,571.7398619651794,11435,0.0,0.0,0.05288982391357422
1778644096.3389676,571.7925279140472,11436,0.0,0.0,0.05266594886779785
1778644096.3913994,571.8449597358704,11437,0.0,0.0,0.05243182182312012
1778644096.43333,571.886890411377,11438,0.0,0.0,0.0419306755065918
1778644096.4860275,571.9395878314972,11439,0.0,0.0,0.05269742012023926
1778644096.5386393,571.9921996593475,11440,0.0,0.0,0.0526118278503418
1778644096.591056,572.0446164608002,11441,0.0,0.0,0.05241680145263672
1778644096.632964,572.0865242481232,11442,0.0,0.0,0.04190778732299805
1778644096.685648,572.139208316803,11443,0.0,0.0,0.05268406867980957
1778644096.7381651,572.1917254924774,11444,0.0,0.0,0.05251717567443848
1778644096.7906775,572.2442378997803,11445,0.0,0.0,0.052512407302856445
1778644096.8332794,572.286839723587,11446,0.0,0.0,0.042601823806762695
1778644096.8871045,572.3406648635864,11447,0.0,0.0,0.05382513999938965
1778644096.9385476,572.392107963562,11448,0.0,0.0,0.05144309997558594
1778644096.991591,572.4451513290405,11449,0.0,0.0,0.053043365478515625
1778644097.033603,572.4871633052826,11450,0.0,0.0,0.04201197624206543
1778644097.0860047,572.5395650863647,11451,0.0,0.0,0.05240178108215332
1778644097.1386786,572.5922389030457,11452,0.0,0.0,0.0526738166809082
1778644097.191361,572.6449213027954,11453,0.0,0.0,0.05268239974975586
1778644097.233704,572.6872644424438,11454,0.0,0.0,0.0423431396484375
1778644097.2862732,572.7398335933685,11455,0.0,0.0,0.05256915092468262
1778644097.33877,572.7923302650452,11456,0.0,0.0,0.05249667167663574
1778644097.3912232,572.8447835445404,11457,0.0,0.0,0.05245327949523926
1778644097.43338,572.88694024086,11458,0.0,0.0,0.04215669631958008
1778644097.4861038,572.9396641254425,11459,0.0,0.0,0.05272388458251953
1778644097.5387337,572.9922940731049,11460,0.0,0.0,0.052629947662353516
1778644097.5933993,573.0469596385956,11461,0.0,0.0,0.054665565490722656
1778644097.6345918,573.0881521701813,11462,0.0,0.0,0.04119253158569336
1778644097.6867428,573.1403031349182,11463,0.0,0.0,0.05215096473693848
1778644097.7386994,573.1922597885132,11464,0.0,0.0,0.0519566535949707
1778644097.7903945,573.2439548969269,11465,0.0,0.0,0.05169510841369629
1778644097.8319044,573.2854647636414,11466,0.0,0.0,0.04150986671447754
1778644097.8966541,573.3502144813538,11467,0.0,0.0,0.06474971771240234
1778644097.9360912,573.3896515369415,11468,0.0,0.0,0.039437055587768555
1778644097.9880354,573.4415957927704,11469,0.0,0.0,0.05194425582885742
1778644098.0403054,573.4938657283783,11470,0.0,0.0,0.052269935607910156
1778644098.0848641,573.5384244918823,11471,0.0,0.0,0.04455876350402832
1778644098.1367579,573.5903182029724,11472,0.0,0.0,0.05189371109008789
1778644098.1879363,573.6414966583252,11473,0.0,0.0,0.0511784553527832
1778644098.2402356,573.6937959194183,11474,0.0,0.0,0.05229926109313965
1778644098.2822669,573.7358272075653,11475,0.0,0.0,0.042031288146972656
1778644098.3345413,573.7881016731262,11476,0.0,0.0,0.052274465560913086
1778644098.3869836,573.8405439853668,11477,0.0,0.0,0.052442312240600586
1778644098.4399948,573.8935551643372,11478,0.0,0.0,0.053011178970336914
1778644098.4821029,573.9356632232666,11479,0.0,0.0,0.04210805892944336
1778644098.5346663,573.9882266521454,11480,0.0,0.0,0.05256342887878418
1778644098.5874848,574.0410451889038,11481,0.0,0.0,0.05281853675842285
1778644098.640007,574.0935673713684,11482,0.0,0.0,0.05252218246459961
1778644098.683309,574.136869430542,11483,0.0,0.0,0.043302059173583984
1778644098.735266,574.1888263225555,11484,0.0,0.0,0.051956892013549805
1778644098.7869234,574.2404837608337,11485,0.0,0.0,0.05165743827819824
1778644098.8396068,574.2931671142578,11486,0.0,0.0,0.052683353424072266
1778644098.8919551,574.3455154895782,11487,0.0,0.0,0.05234837532043457
1778644098.9340708,574.3876311779022,11488,0.0,0.0,0.04211568832397461
1778644098.9867013,574.4402616024017,11489,0.0,0.0,0.05263042449951172
1778644099.0390751,574.4926354885101,11490,0.0,0.0,0.05237388610839844
1778644099.091876,574.5454363822937,11491,0.0,0.0,0.052800893783569336
1778644099.1343327,574.5878930091858,11492,0.0,0.0,0.042456626892089844
1778644099.186764,574.6403243541718,11493,0.0,0.0,0.052431344985961914
1778644099.2390752,574.6926355361938,11494,0.0,0.0,0.05231118202209473
1778644099.2917519,574.7453122138977,11495,0.0,0.0,0.05267667770385742
1778644099.3342035,574.7877638339996,11496,0.0,0.0,0.04245162010192871
1778644099.3874438,574.8410041332245,11497,0.0,0.0,0.053240299224853516
1778644099.440561,574.8941214084625,11498,0.0,0.0,0.05311727523803711
1778644099.482473,574.9360332489014,11499,0.0,0.0,0.04191184043884277
1778644099.5353365,574.9888968467712,11500,0.0,0.0,0.05286359786987305
1778644099.5876615,575.0412218570709,11501,0.0,0.0,0.05232501029968262
1778644099.640422,575.0939824581146,11502,0.0,0.0,0.05276060104370117
1778644099.6823761,575.135936498642,11503,0.0,0.0,0.04195404052734375
1778644099.7358928,575.189453125,11504,0.0,0.0,0.05351662635803223
1778644099.788121,575.2416813373566,11505,0.0,0.0,0.05222821235656738
1778644099.8413944,575.2949547767639,11506,0.0,0.0,0.05327343940734863
1778644099.8837838,575.3373441696167,11507,0.0,0.0,0.0423893928527832
1778644099.9364803,575.3900406360626,11508,0.0,0.0,0.05269646644592285
1778644099.9891143,575.4426746368408,11509,0.0,0.0,0.05263400077819824
1778644100.041631,575.4951913356781,11510,0.0,0.0,0.05251669883728027
1778644100.0832872,575.5368475914001,11511,0.0,0.0,0.0416562557220459
1778644100.135927,575.5894873142242,11512,0.0,0.0,0.05263972282409668
1778644100.1890936,575.6426539421082,11513,0.0,0.0,0.05316662788391113
1778644100.2413075,575.69486784935,11514,0.0,0.0,0.05221390724182129
1778644100.2842813,575.7378416061401,11515,0.0,0.0,0.04297375679016113
1778644100.336671,575.7902314662933,11516,0.0,0.0,0.05238986015319824
1778644100.38962,575.8431804180145,11517,0.0,0.0,0.052948951721191406
1778644100.4420726,575.895632982254,11518,0.0,0.0,0.05245256423950195
1778644100.4842036,575.9377639293671,11519,0.0,0.0,0.04213094711303711
1778644100.5369759,575.9905362129211,11520,0.0,0.0,0.05277228355407715
1778644100.5895214,576.0430817604065,11521,0.0,0.0,0.05254554748535156
1778644100.6425123,576.0960726737976,11522,0.0,0.0,0.05299091339111328
1778644100.684571,576.1381313800812,11523,0.0,0.0,0.042058706283569336
1778644100.737071,576.1906313896179,11524,0.0,0.0,0.052500009536743164
1778644100.789961,576.2435214519501,11525,0.0,0.0,0.05289006233215332
1778644100.8319342,576.2854945659637,11526,0.0,0.0,0.041973114013671875
1778644100.884746,576.338306427002,11527,0.0,0.0,0.05281186103820801
1778644100.9377224,576.3912827968597,11528,0.0,0.0,0.052976369857788086
1778644100.990253,576.4438133239746,11529,0.0,0.0,0.052530527114868164
1778644101.0325487,576.4861090183258,11530,0.0,0.0,0.04229569435119629
1778644101.0854597,576.5390200614929,11531,0.0,0.0,0.05291104316711426
1778644101.1378722,576.5914325714111,11532,0.0,0.0,0.05241250991821289
1778644101.1899977,576.6435580253601,11533,0.0,0.0,0.05212545394897461
1778644101.231813,576.6853733062744,11534,0.0,0.0,0.04181528091430664
1778644101.284961,576.7385213375092,11535,0.0,0.0,0.05314803123474121
1778644101.3377008,576.7912611961365,11536,0.0,0.0,0.052739858627319336
1778644101.3901527,576.8437130451202,11537,0.0,0.0,0.05245184898376465
1778644101.43194,576.8855004310608,11538,0.0,0.0,0.04178738594055176
1778644101.484784,576.9383442401886,11539,0.0,0.0,0.05284380912780762
1778644101.537525,576.9910852909088,11540,0.0,0.0,0.052741050720214844
1778644101.5903676,577.0439279079437,11541,0.0,0.0,0.05284261703491211
1778644101.6325126,577.0860729217529,11542,0.0,0.0,0.0421450138092041
1778644101.6847143,577.1382746696472,11543,0.0,0.0,0.05220174789428711
1778644101.7375243,577.1910846233368,11544,0.0,0.0,0.052809953689575195
1778644101.7907426,577.2443029880524,11545,0.0,0.0,0.05321836471557617
1778644101.8329656,577.2865259647369,11546,0.0,0.0,0.04222297668457031
1778644101.8854637,577.339024066925,11547,0.0,0.0,0.05249810218811035
1778644101.938037,577.3915972709656,11548,0.0,0.0,0.052573204040527344
1778644101.990583,577.4441432952881,11549,0.0,0.0,0.052546024322509766
1778644102.0326107,577.4861710071564,11550,0.0,0.0,0.04202771186828613
1778644102.0855813,577.5391416549683,11551,0.0,0.0,0.05297064781188965
1778644102.1377847,577.5913450717926,11552,0.0,0.0,0.05220341682434082
1778644102.190096,577.6436562538147,11553,0.0,0.0,0.05231118202209473
1778644102.232369,577.6859292984009,11554,0.0,0.0,0.04227304458618164
1778644102.285033,577.73859333992,11555,0.0,0.0,0.05266404151916504
1778644102.3375394,577.7910997867584,11556,0.0,0.0,0.052506446838378906
1778644102.3904707,577.8440310955048,11557,0.0,0.0,0.05293130874633789
1778644102.4330056,577.8865659236908,11558,0.0,0.0,0.042534828186035156
1778644102.486316,577.9398763179779,11559,0.0,0.0,0.053310394287109375
1778644102.5393803,577.9929406642914,11560,0.0,0.0,0.05306434631347656
1778644102.5924563,578.0460166931152,11561,0.0,0.0,0.05307602882385254
1778644102.6349826,578.0885429382324,11562,0.0,0.0,0.0425262451171875
1778644102.6877594,578.1413197517395,11563,0.0,0.0,0.05277681350708008
1778644102.7404535,578.1940138339996,11564,0.0,0.0,0.052694082260131836
1778644102.78251,578.236070394516,11565,0.0,0.0,0.04205656051635742
1778644102.8353696,578.28892993927,11566,0.0,0.0,0.05285954475402832
1778644102.888152,578.3417122364044,11567,0.0,0.0,0.052782297134399414
1778644102.941553,578.3951134681702,11568,0.0,0.0,0.05340123176574707
1778644102.9848964,578.4384567737579,11569,0.0,0.0,0.043343305587768555
1778644103.036812,578.4903724193573,11570,0.0,0.0,0.051915645599365234
1778644103.0897102,578.5432705879211,11571,0.0,0.0,0.05289816856384277
1778644103.1329517,578.5865120887756,11572,0.0,0.0,0.04324150085449219
1778644103.1856313,578.6391916275024,11573,0.0,0.0,0.05267953872680664
1778644103.2378402,578.6914005279541,11574,0.0,0.0,0.052208900451660156
1778644103.2901044,578.7436647415161,11575,0.0,0.0,0.05226421356201172
1778644103.332071,578.7856314182281,11576,0.0,0.0,0.04196667671203613
1778644103.3846073,578.8381676673889,11577,0.0,0.0,0.0525362491607666
1778644103.4374075,578.8909678459167,11578,0.0,0.0,0.05280017852783203
1778644103.4900544,578.9436147212982,11579,0.0,0.0,0.05264687538146973
1778644103.5319836,578.9855439662933,11580,0.0,0.0,0.04192924499511719
1778644103.5846672,579.038227558136,11581,0.0,0.0,0.05268359184265137
1778644103.6373165,579.0908768177032,11582,0.0,0.0,0.05264925956726074
1778644103.690085,579.1436452865601,11583,0.0,0.0,0.05276846885681152
1778644103.7333324,579.186892747879,11584,0.0,0.0,0.04324746131896973
1778644103.7863157,579.2398760318756,11585,0.0,0.0,0.05298328399658203
1778644103.838447,579.2920074462891,11586,0.0,0.0,0.05213141441345215
1778644103.8910577,579.3446180820465,11587,0.0,0.0,0.05261063575744629
1778644103.933282,579.386842250824,11588,0.0,0.0,0.04222416877746582
1778644103.9861267,579.4396870136261,11589,0.0,0.0,0.05284476280212402
1778644104.040592,579.4941523075104,11590,0.0,0.0,0.054465293884277344
1778644104.0835216,579.5370819568634,11591,0.0,0.0,0.042929649353027344
1778644104.135647,579.5892074108124,11592,0.0,0.0,0.05212545394897461
1778644104.1880233,579.6415836811066,11593,0.0,0.0,0.05237627029418945
1778644104.2408578,579.6944181919098,11594,0.0,0.0,0.052834510803222656
1778644104.2827725,579.7363328933716,11595,0.0,0.0,0.04191470146179199
1778644104.3353376,579.7888979911804,11596,0.0,0.0,0.05256509780883789
1778644104.3879178,579.8414781093597,11597,0.0,0.0,0.05258011817932129
1778644104.4401212,579.8936815261841,11598,0.0,0.0,0.05220341682434082
1778644104.482286,579.9358463287354,11599,0.0,0.0,0.04216480255126953
1778644104.5343888,579.9879491329193,11600,0.0,0.0,0.05210280418395996
1778644104.5868392,580.0403995513916,11601,0.0,0.0,0.05245041847229004
1778644104.6392937,580.0928540229797,11602,0.0,0.0,0.052454471588134766
1778644104.6919813,580.1455416679382,11603,0.0,0.0,0.052687644958496094
1778644104.7339609,580.1875212192535,11604,0.0,0.0,0.04197955131530762
1778644104.7865927,580.2401530742645,11605,0.0,0.0,0.05263185501098633
1778644104.8393662,580.2929265499115,11606,0.0,0.0,0.052773475646972656
1778644104.8916068,580.3451671600342,11607,0.0,0.0,0.052240610122680664
1778644104.9340615,580.3876218795776,11608,0.0,0.0,0.04245471954345703
1778644104.986953,580.4405133724213,11609,0.0,0.0,0.05289149284362793
1778644105.0401204,580.4936807155609,11610,0.0,0.0,0.05316734313964844
1778644105.0833015,580.5368618965149,11611,0.0,0.0,0.04318118095397949
1778644105.1352997,580.5888600349426,11612,0.0,0.0,0.051998138427734375
1778644105.1881194,580.641679763794,11613,0.0,0.0,0.05281972885131836
1778644105.2407851,580.6943454742432,11614,0.0,0.0,0.05266571044921875
1778644105.283154,580.7367143630981,11615,0.0,0.0,0.04236888885498047
1778644105.3360553,580.7896156311035,11616,0.0,0.0,0.052901268005371094
1778644105.3887713,580.8423316478729,11617,0.0,0.0,0.05271601676940918
1778644105.4411576,580.8947179317474,11618,0.0,0.0,0.05238628387451172
1778644105.482958,580.9365184307098,11619,0.0,0.0,0.041800498962402344
1778644105.5353892,580.9889495372772,11620,0.0,0.0,0.05243110656738281
1778644105.5879836,581.0415439605713,11621,0.0,0.0,0.05259442329406738
1778644105.641051,581.0946114063263,11622,0.0,0.0,0.05306744575500488
1778644105.6831315,581.1366918087006,11623,0.0,0.0,0.04208040237426758
1778644105.7355363,581.1890966892242,11624,0.0,0.0,0.05240488052368164
1778644105.7879817,581.2415421009064,11625,0.0,0.0,0.052445411682128906
1778644105.8404927,581.2940530776978,11626,0.0,0.0,0.052510976791381836
1778644105.8825636,581.3361239433289,11627,0.0,0.0,0.042070865631103516
1778644105.935068,581.3886282444,11628,0.0,0.0,0.05250430107116699
1778644105.9878638,581.4414241313934,11629,0.0,0.0,0.0527958869934082
1778644106.0405238,581.4940841197968,11630,0.0,0.0,0.05265998840332031
1778644106.0827222,581.5362825393677,11631,0.0,0.0,0.04219841957092285
1778644106.135837,581.5893974304199,11632,0.0,0.0,0.053114891052246094
1778644106.1896603,581.6432206630707,11633,0.0,0.0,0.053823232650756836
1778644106.2411034,581.6946637630463,11634,0.0,0.0,0.05144309997558594
1778644106.2835572,581.7371175289154,11635,0.0,0.0,0.042453765869140625
1778644106.3359025,581.7894628047943,11636,0.0,0.0,0.05234527587890625
1778644106.3884785,581.8420388698578,11637,0.0,0.0,0.05257606506347656
1778644106.4412494,581.8948097229004,11638,0.0,0.0,0.05277085304260254
1778644106.483343,581.9369032382965,11639,0.0,0.0,0.042093515396118164
1778644106.536081,581.9896414279938,11640,0.0,0.0,0.052738189697265625
1778644106.5889025,582.0424628257751,11641,0.0,0.0,0.05282139778137207
1778644106.6418169,582.0953772068024,11642,0.0,0.0,0.05291438102722168
1778644106.6834664,582.1370267868042,11643,0.0,0.0,0.041649580001831055
1778644106.7362337,582.1897940635681,11644,0.0,0.0,0.052767276763916016
1778644106.7888215,582.242381811142,11645,0.0,0.0,0.05258774757385254
1778644106.8417528,582.2953131198883,11646,0.0,0.0,0.05293130874633789
1778644106.8843083,582.3378686904907,11647,0.0,0.0,0.04255557060241699
1778644106.9372084,582.3907687664032,11648,0.0,0.0,0.052900075912475586
1778644106.9894369,582.4429972171783,11649,0.0,0.0,0.052228450775146484
1778644107.0418243,582.4953846931458,11650,0.0,0.0,0.05238747596740723
1778644107.0835378,582.5370981693268,11651,0.0,0.0,0.04171347618103027
1778644107.1360896,582.5896499156952,11652,0.0,0.0,0.0525517463684082
1778644107.1886775,582.6422379016876,11653,0.0,0.0,0.05258798599243164
1778644107.2412276,582.694787979126,11654,0.0,0.0,0.05255007743835449
1778644107.2830715,582.7366318702698,11655,0.0,0.0,0.04184389114379883
1778644107.3356996,582.7892599105835,11656,0.0,0.0,0.0526280403137207
1778644107.3880434,582.8416037559509,11657,0.0,0.0,0.05234384536743164
1778644107.440903,582.894463300705,11658,0.0,0.0,0.05285954475402832
1778644107.4830472,582.9366075992584,11659,0.0,0.0,0.0421442985534668
1778644107.535962,582.9895224571228,11660,0.0,0.0,0.05291485786437988
1778644107.5884361,583.0419964790344,11661,0.0,0.0,0.052474021911621094
1778644107.6413524,583.0949127674103,11662,0.0,0.0,0.05291628837585449
1778644107.683618,583.1371784210205,11663,0.0,0.0,0.04226565361022949
1778644107.737476,583.1910364627838,11664,0.0,0.0,0.053858041763305664
1778644107.790092,583.24365234375,11665,0.0,0.0,0.05261588096618652
1778644107.832596,583.2861564159393,11666,0.0,0.0,0.042504072189331055
1778644107.8857753,583.3393356800079,11667,0.0,0.0,0.053179264068603516
1778644107.9381986,583.3917589187622,11668,0.0,0.0,0.05242323875427246
1778644107.9914935,583.4450538158417,11669,0.0,0.0,0.05329489707946777
1778644108.033059,583.4866192340851,11670,0.0,0.0,0.0415654182434082
1778644108.0858214,583.5393817424774,11671,0.0,0.0,0.052762508392333984
1778644108.1384459,583.5920062065125,11672,0.0,0.0,0.05262446403503418
1778644108.191165,583.6447253227234,11673,0.0,0.0,0.0527191162109375
1778644108.2334259,583.686986207962,11674,0.0,0.0,0.04226088523864746
1778644108.2859344,583.7394948005676,11675,0.0,0.0,0.05250859260559082
1778644108.3383718,583.7919321060181,11676,0.0,0.0,0.05243730545043945
1778644108.3908079,583.8443682193756,11677,0.0,0.0,0.052436113357543945
1778644108.4326525,583.8862128257751,11678,0.0,0.0,0.04184460639953613
1778644108.4852211,583.9387814998627,11679,0.0,0.0,0.052568674087524414
1778644108.5377383,583.9912986755371,11680,0.0,0.0,0.05251717567443848
1778644108.5901072,584.0436675548553,11681,0.0,0.0,0.052368879318237305
1778644108.6325371,584.0860974788666,11682,0.0,0.0,0.04242992401123047
1778644108.6854334,584.1389937400818,11683,0.0,0.0,0.05289626121520996
1778644108.7380693,584.1916296482086,11684,0.0,0.0,0.052635908126831055
1778644108.7908094,584.2443697452545,11685,0.0,0.0,0.05274009704589844
1778644108.833058,584.2866184711456,11686,0.0,0.0,0.04224872589111328
1778644108.8857086,584.3392689228058,11687,0.0,0.0,0.05265045166015625
1778644108.9388907,584.3924510478973,11688,0.0,0.0,0.053182125091552734
1778644108.9918077,584.4453680515289,11689,0.0,0.0,0.0529170036315918
1778644109.034309,584.4878692626953,11690,0.0,0.0,0.042501211166381836
1778644109.0865183,584.5400786399841,11691,0.0,0.0,0.05220937728881836
1778644109.1390402,584.5926005840302,11692,0.0,0.0,0.05252194404602051
1778644109.1919243,584.6454846858978,11693,0.0,0.0,0.05288410186767578
1778644109.2338011,584.6873614788055,11694,0.0,0.0,0.041876792907714844
1778644109.2864344,584.739994764328,11695,0.0,0.0,0.05263328552246094
1778644109.339107,584.792667388916,11696,0.0,0.0,0.052672624588012695
1778644109.3922758,584.8458361625671,11697,0.0,0.0,0.05316877365112305
1778644109.4349842,584.8885445594788,11698,0.0,0.0,0.042708396911621094
1778644109.487774,584.9413342475891,11699,0.0,0.0,0.05278968811035156
1778644109.5402539,584.9938142299652,11700,0.0,0.0,0.05247998237609863
1778644109.58218,585.0357403755188,11701,0.0,0.0,0.04192614555358887
1778644109.6348703,585.0884306430817,11702,0.0,0.0,0.05269026756286621
1778644109.6881208,585.1416811943054,11703,0.0,0.0,0.05325055122375488
1778644109.7415683,585.1951286792755,11704,0.0,0.0,0.05344748497009277
1778644109.7838535,585.2374138832092,11705,0.0,0.0,0.04228520393371582
1778644109.8363514,585.2899117469788,11706,0.0,0.0,0.05249786376953125
1778644109.888757,585.3423173427582,11707,0.0,0.0,0.052405595779418945
1778644109.9411948,585.3947551250458,11708,0.0,0.0,0.052437782287597656
1778644109.9832122,585.4367725849152,11709,0.0,0.0,0.042017459869384766
1778644110.0357811,585.4893414974213,11710,0.0,0.0,0.052568912506103516
1778644110.088314,585.5418744087219,11711,0.0,0.0,0.05253291130065918
1778644110.141282,585.5948424339294,11712,0.0,0.0,0.05296802520751953
1778644110.183836,585.6373963356018,11713,0.0,0.0,0.04255390167236328
1778644110.2371142,585.6906745433807,11714,0.0,0.0,0.053278207778930664
1778644110.2897215,585.7432818412781,11715,0.0,0.0,0.05260729789733887
1778644110.3424838,585.7960441112518,11716,0.0,0.0,0.05276226997375488
1778644110.38476,585.8383202552795,11717,0.0,0.0,0.04227614402770996
1778644110.437481,585.8910412788391,11718,0.0,0.0,0.05272102355957031
1778644110.4908285,585.9443888664246,11719,0.0,0.0,0.05334758758544922
1778644110.5325851,585.9861454963684,11720,0.0,0.0,0.041756629943847656
1778644110.5849316,586.0384919643402,11721,0.0,0.0,0.05234646797180176
1778644110.637427,586.090987443924,11722,0.0,0.0,0.052495479583740234
1778644110.689798,586.1433584690094,11723,0.0,0.0,0.05237102508544922
1778644110.7352486,586.1888089179993,11724,0.0,0.0,0.045450448989868164
1778644110.7870517,586.2406120300293,11725,0.0,0.0,0.0518031120300293
1778644110.8391016,586.2926619052887,11726,0.0,0.0,0.052049875259399414
1778644110.8916662,586.3452265262604,11727,0.0,0.0,0.05256462097167969
1778644110.9336557,586.387216091156,11728,0.0,0.0,0.04198956489562988
1778644110.9864757,586.4400360584259,11729,0.0,0.0,0.05281996726989746
1778644111.0391622,586.4927225112915,11730,0.0,0.0,0.052686452865600586
1778644111.0913603,586.5449206829071,11731,0.0,0.0,0.052198171615600586
1778644111.1330552,586.586615562439,11732,0.0,0.0,0.04169487953186035
1778644111.185457,586.6390173435211,11733,0.0,0.0,0.05240178108215332
1778644111.2376611,586.6912214756012,11734,0.0,0.0,0.052204132080078125
1778644111.2900164,586.7435767650604,11735,0.0,0.0,0.052355289459228516
1778644111.3323133,586.7858736515045,11736,0.0,0.0,0.0422968864440918
1778644111.3850312,586.8385915756226,11737,0.0,0.0,0.05271792411804199
1778644111.4377134,586.8912737369537,11738,0.0,0.0,0.05268216133117676
1778644111.4909244,586.9444847106934,11739,0.0,0.0,0.05321097373962402
1778644111.5336318,586.9871921539307,11740,0.0,0.0,0.04270744323730469
1778644111.5866807,587.0402410030365,11741,0.0,0.0,0.05304884910583496
1778644111.6393032,587.0928635597229,11742,0.0,0.0,0.05262255668640137
1778644111.6919343,587.1454946994781,11743,0.0,0.0,0.05263113975524902
1778644111.7340195,587.187579870224,11744,0.0,0.0,0.04208517074584961
1778644111.786723,587.2402832508087,11745,0.0,0.0,0.0527033805847168
1778644111.8398135,587.2933738231659,11746,0.0,0.0,0.053090572357177734
1778644111.882272,587.3358323574066,11747,0.0,0.0,0.042458534240722656
1778644111.9346838,587.3882441520691,11748,0.0,0.0,0.052411794662475586
1778644111.986951,587.4405114650726,11749,0.0,0.0,0.05226731300354004
1778644112.0396037,587.4931640625,11750,0.0,0.0,0.052652597427368164
1778644112.0921147,587.5456750392914,11751,0.0,0.0,0.052510976791381836
1778644112.1341264,587.5876867771149,11752,0.0,0.0,0.04201173782348633
1778644112.1881301,587.64169049263,11753,0.0,0.0,0.05400371551513672
1778644112.2410886,587.6946489810944,11754,0.0,0.0,0.05295848846435547
1778644112.2826123,587.7361726760864,11755,0.0,0.0,0.04152369499206543
1778644112.334679,587.7882392406464,11756,0.0,0.0,0.05206656455993652
1778644112.3868222,587.8403825759888,11757,0.0,0.0,0.05214333534240723
1778644112.4393468,587.8929071426392,11758,0.0,0.0,0.052524566650390625
1778644112.4918013,587.9453616142273,11759,0.0,0.0,0.052454471588134766
1778644112.53383,587.9873902797699,11760,0.0,0.0,0.04202866554260254
1778644112.5880501,588.0416104793549,11761,0.0,0.0,0.05422019958496094
1778644112.6397855,588.0933458805084,11762,0.0,0.0,0.05173540115356445
1778644112.6921103,588.1456706523895,11763,0.0,0.0,0.052324771881103516
1778644112.7339487,588.187509059906,11764,0.0,0.0,0.04183840751647949
1778644112.7865646,588.2401249408722,11765,0.0,0.0,0.05261588096618652
1778644112.8389342,588.2924945354462,11766,0.0,0.0,0.05236959457397461
1778644112.891287,588.3448474407196,11767,0.0,0.0,0.0523529052734375
1778644112.933207,588.3867673873901,11768,0.0,0.0,0.04191994667053223
1778644112.9855952,588.4391555786133,11769,0.0,0.0,0.05238819122314453
1778644113.0388196,588.4923799037933,11770,0.0,0.0,0.05322432518005371
1778644113.091177,588.5447373390198,11771,0.0,0.0,0.05235743522644043
1778644113.1328816,588.5864419937134,11772,0.0,0.0,0.041704654693603516
1778644113.185292,588.6388523578644,11773,0.0,0.0,0.05241036415100098
1778644113.2375975,588.6911578178406,11774,0.0,0.0,0.05230545997619629
1778644113.290358,588.7439184188843,11775,0.0,0.0,0.05276060104370117
1778644113.332501,588.7860612869263,11776,0.0,0.0,0.04214286804199219
1778644113.3853736,588.8389339447021,11777,0.0,0.0,0.052872657775878906
1778644113.4378998,588.8914601802826,11778,0.0,0.0,0.052526235580444336
1778644113.4905272,588.9440875053406,11779,0.0,0.0,0.0526273250579834
1778644113.5323732,588.9859335422516,11780,0.0,0.0,0.04184603691101074
1778644113.5845556,589.038115978241,11781,0.0,0.0,0.05218243598937988
1778644113.637046,589.0906064510345,11782,0.0,0.0,0.0524904727935791
1778644113.689426,589.1429862976074,11783,0.0,0.0,0.05237984657287598
1778644113.7420576,589.1956179141998,11784,0.0,0.0,0.05263161659240723
1778644113.7840486,589.2376089096069,11785,0.0,0.0,0.04199099540710449
1778644113.8375945,589.2911548614502,11786,0.0,0.0,0.05354595184326172
1778644113.8898196,589.3433799743652,11787,0.0,0.0,0.05222511291503906
1778644113.9319372,589.3854975700378,11788,0.0,0.0,0.04211759567260742
1778644113.9844706,589.4380309581757,11789,0.0,0.0,0.05253338813781738
1778644114.0369182,589.490478515625,11790,0.0,0.0,0.05244755744934082
1778644114.08969,589.5432503223419,11791,0.0,0.0,0.052771806716918945
1778644114.1420727,589.5956330299377,11792,0.0,0.0,0.052382707595825195
1778644114.1839778,589.6375381946564,11793,0.0,0.0,0.04190516471862793
1778644114.2365677,589.6901280879974,11794,0.0,0.0,0.05258989334106445
1778644114.2889156,589.7424759864807,11795,0.0,0.0,0.05234789848327637
1778644114.3420002,589.7955605983734,11796,0.0,0.0,0.053084611892700195
1778644114.3840203,589.8375806808472,11797,0.0,0.0,0.04202008247375488
1778644114.4366376,589.8901979923248,11798,0.0,0.0,0.05261731147766113
1778644114.4887507,589.9423110485077,11799,0.0,0.0,0.05211305618286133
1778644114.5413504,589.9949107170105,11800,0.0,0.0,0.05259966850280762
1778644114.5833087,590.0368690490723,11801,0.0,0.0,0.04195833206176758
1778644114.6356063,590.0891666412354,11802,0.0,0.0,0.05229759216308594
1778644114.6875594,590.1411197185516,11803,0.0,0.0,0.05195307731628418
1778644114.739969,590.1935293674469,11804,0.0,0.0,0.05240964889526367
1778644114.7820518,590.235612154007,11805,0.0,0.0,0.042082786560058594
1778644114.8344343,590.2879946231842,11806,0.0,0.0,0.052382469177246094
1778644114.8895938,590.3431541919708,11807,0.0,0.0,0.055159568786621094
1778644114.9392,590.3927602767944,11808,0.0,0.0,0.0496060848236084
1778644114.9911442,590.4447045326233,11809,0.0,0.0,0.05194425582885742
1778644115.0325239,590.4860842227936,11810,0.0,0.0,0.041379690170288086
1778644115.084348,590.5379083156586,11811,0.0,0.0,0.051824092864990234
1778644115.1362686,590.5898289680481,11812,0.0,0.0,0.05192065238952637
1778644115.188312,590.6418724060059,11813,0.0,0.0,0.05204343795776367
1778644115.2400107,590.6935710906982,11814,0.0,0.0,0.05169868469238281
1778644115.281892,590.735452413559,11815,0.0,0.0,0.04188132286071777
1778644115.334003,590.7875633239746,11816,0.0,0.0,0.052110910415649414
1778644115.3861825,590.839742898941,11817,0.0,0.0,0.052179574966430664
1778644115.4383774,590.8919377326965,11818,0.0,0.0,0.052194833755493164
1778644115.4907525,590.9443128108978,11819,0.0,0.0,0.052375078201293945
1778644115.5325084,590.9860687255859,11820,0.0,0.0,0.04175591468811035
1778644115.5848143,591.0383746623993,11821,0.0,0.0,0.05230593681335449
1778644115.6372027,591.090763092041,11822,0.0,0.0,0.05238842964172363
1778644115.6896405,591.1432008743286,11823,0.0,0.0,0.052437782287597656
1778644115.7420955,591.1956558227539,11824,0.0,0.0,0.05245494842529297
1778644115.7838464,591.2374067306519,11825,0.0,0.0,0.04175090789794922
1778644115.836312,591.2898724079132,11826,0.0,0.0,0.05246567726135254
1778644115.8887467,591.3423070907593,11827,0.0,0.0,0.052434682846069336
1778644115.9411974,591.3947577476501,11828,0.0,0.0,0.05245065689086914
1778644115.983104,591.4366643428802,11829,0.0,0.0,0.04190659523010254
1778644116.0366976,591.4902579784393,11830,0.0,0.0,0.05359363555908203
1778644116.089581,591.5431413650513,11831,0.0,0.0,0.05288338661193848
1778644116.1421983,591.5957586765289,11832,0.0,0.0,0.05261731147766113
1778644116.1838741,591.6374344825745,11833,0.0,0.0,0.04167580604553223
1778644116.237121,591.6906814575195,11834,0.0,0.0,0.05324697494506836
1778644116.2891152,591.7426755428314,11835,0.0,0.0,0.05199408531188965
1778644116.333325,591.7868852615356,11836,0.0,0.0,0.04420971870422363
1778644116.3873222,591.8408825397491,11837,0.0,0.0,0.05399727821350098
1778644116.438353,591.8919134140015,11838,0.0,0.0,0.051030874252319336
1778644116.4910178,591.9445781707764,11839,0.0,0.0,0.052664756774902344
1778644116.5329723,591.9865326881409,11840,0.0,0.0,0.04195451736450195
1778644116.5861187,592.0396790504456,11841,0.0,0.0,0.0531463623046875
1778644116.6397438,592.0933041572571,11842,0.0,0.0,0.05362510681152344
1778644116.692024,592.1455843448639,11843,0.0,0.0,0.05228018760681152
1778644116.7344766,592.1880369186401,11844,0.0,0.0,0.04245257377624512
1778644116.7872894,592.2408497333527,11845,0.0,0.0,0.052812814712524414
1778644116.8401728,592.2937331199646,11846,0.0,0.0,0.05288338661193848
1778644116.8829246,592.3364849090576,11847,0.0,0.0,0.04275178909301758
1778644116.9358141,592.3893744945526,11848,0.0,0.0,0.05288958549499512
1778644116.988994,592.4425542354584,11849,0.0,0.0,0.05317974090576172
1778644117.0411868,592.4947471618652,11850,0.0,0.0,0.05219292640686035
1778644117.0832927,592.5368530750275,11851,0.0,0.0,0.042105913162231445
1778644117.1356645,592.5892248153687,11852,0.0,0.0,0.05237174034118652
1778644117.187982,592.6415424346924,11853,0.0,0.0,0.05231761932373047
1778644117.2405531,592.6941134929657,11854,0.0,0.0,0.05257105827331543
1778644117.282528,592.7360882759094,11855,0.0,0.0,0.041974782943725586
1778644117.3347635,592.788323879242,11856,0.0,0.0,0.05223560333251953
1778644117.3874116,592.8409719467163,11857,0.0,0.0,0.052648067474365234
1778644117.4400141,592.8935744762421,11858,0.0,0.0,0.052602529525756836
1778644117.4821534,592.9357137680054,11859,0.0,0.0,0.042139291763305664
1778644117.534863,592.9884233474731,11860,0.0,0.0,0.05270957946777344
1778644117.589635,593.0431952476501,11861,0.0,0.0,0.05477190017700195
1778644117.6402009,593.0937612056732,11862,0.0,0.0,0.05056595802307129
1778644117.6822317,593.135792016983,11863,0.0,0.0,0.04203081130981445
1778644117.7346933,593.1882536411285,11864,0.0,0.0,0.05246162414550781
1778644117.7875662,593.241126537323,11865,0.0,0.0,0.05287289619445801
1778644117.840452,593.2940123081207,11866,0.0,0.0,0.05288577079772949
1778644117.883046,593.3366062641144,11867,0.0,0.0,0.042593955993652344
1778644117.9360952,593.3896555900574,11868,0.0,0.0,0.053049325942993164
1778644117.988818,593.442378282547,11869,0.0,0.0,0.05272269248962402
1778644118.0417392,593.495299577713,11870,0.0,0.0,0.052921295166015625
1778644118.0839348,593.537495136261,11871,0.0,0.0,0.04219555854797363
1778644118.137979,593.5915393829346,11872,0.0,0.0,0.054044246673583984
1778644118.1890984,593.6426587104797,11873,0.0,0.0,0.051119327545166016
1778644118.2419,593.695460319519,11874,0.0,0.0,0.05280160903930664
1778644118.2836633,593.7372236251831,11875,0.0,0.0,0.0417633056640625
1778644118.3369815,593.7905418872833,11876,0.0,0.0,0.05331826210021973
1778644118.390039,593.843599319458,11877,0.0,0.0,0.05305743217468262
1778644118.4320884,593.885648727417,11878,0.0,0.0,0.042049407958984375
1778644118.4845588,593.9381191730499,11879,0.0,0.0,0.05247044563293457
1778644118.5371325,593.9906928539276,11880,0.0,0.0,0.05257368087768555
1778644118.5897074,594.0432677268982,11881,0.0,0.0,0.052574872970581055
1778644118.6320863,594.0856466293335,11882,0.0,0.0,0.042378902435302734
1778644118.6853137,594.1388740539551,11883,0.0,0.0,0.05322742462158203
1778644118.737802,594.1913623809814,11884,0.0,0.0,0.05248832702636719
1778644118.7904058,594.2439661026001,11885,0.0,0.0,0.052603721618652344
1778644118.8333116,594.2868719100952,11886,0.0,0.0,0.04290580749511719
1778644118.886157,594.3397173881531,11887,0.0,0.0,0.05284547805786133
1778644118.9389737,594.3925340175629,11888,0.0,0.0,0.05281662940979004
1778644118.9923525,594.4459128379822,11889,0.0,0.0,0.05337882041931152
1778644119.0347643,594.4883246421814,11890,0.0,0.0,0.04241180419921875
1778644119.0874481,594.5410084724426,11891,0.0,0.0,0.05268383026123047
1778644119.1401598,594.5937201976776,11892,0.0,0.0,0.05271172523498535
1778644119.1824946,594.6360549926758,11893,0.0,0.0,0.042334794998168945
1778644119.2350526,594.6886129379272,11894,0.0,0.0,0.052557945251464844
1778644119.2875054,594.7410657405853,11895,0.0,0.0,0.052452802658081055
1778644119.3401728,594.7937331199646,11896,0.0,0.0,0.05266737937927246
1778644119.3821845,594.8357448577881,11897,0.0,0.0,0.04201173782348633
1778644119.4348516,594.8884119987488,11898,0.0,0.0,0.05266714096069336
1778644119.4876974,594.9412577152252,11899,0.0,0.0,0.05284571647644043
1778644119.540388,594.9939484596252,11900,0.0,0.0,0.052690744400024414
1778644119.5826733,595.036233663559,11901,0.0,0.0,0.04228520393371582
1778644119.6367755,595.0903358459473,11902,0.0,0.0,0.054102182388305664
1778644119.6896389,595.1431992053986,11903,0.0,0.0,0.052863359451293945
1778644119.7417684,595.1953287124634,11904,0.0,0.0,0.052129507064819336
1778644119.7838879,595.2374482154846,11905,0.0,0.0,0.042119503021240234
1778644119.8375278,595.291088104248,11906,0.0,0.0,0.053639888763427734
1778644119.889093,595.3426532745361,11907,0.0,0.0,0.05156517028808594
1778644119.9417887,595.3953490257263,11908,0.0,0.0,0.05269575119018555
1778644119.9841151,595.4376754760742,11909,0.0,0.0,0.04232645034790039
1778644120.036862,595.4904222488403,11910,0.0,0.0,0.05274677276611328
1778644120.089486,595.5430462360382,11911,0.0,0.0,0.05262398719787598
1778644120.1414714,595.5950317382812,11912,0.0,0.0,0.05198550224304199
1778644120.1829643,595.6365246772766,11913,0.0,0.0,0.04149293899536133
1778644120.2351658,595.6887261867523,11914,0.0,0.0,0.05220150947570801
1778644120.287327,595.7408874034882,11915,0.0,0.0,0.052161216735839844
1778644120.339587,595.7931473255157,11916,0.0,0.0,0.05225992202758789
1778644120.392062,595.8456223011017,11917,0.0,0.0,0.0524749755859375
1778644120.436657,595.8902173042297,11918,0.0,0.0,0.04459500312805176
1778644120.486638,595.9401984214783,11919,0.0,0.0,0.049981117248535156
1778644120.5393114,595.992871761322,11920,0.0,0.0,0.05267333984375
1778644120.5918279,596.0453882217407,11921,0.0,0.0,0.05251646041870117
1778644120.6339,596.0874602794647,11922,0.0,0.0,0.04207205772399902
1778644120.68665,596.1402103900909,11923,0.0,0.0,0.0527501106262207
1778644120.7415242,596.1950845718384,11924,0.0,0.0,0.05487418174743652
1778644120.7850235,596.2385838031769,11925,0.0,0.0,0.04349923133850098
1778644120.8385859,596.2921462059021,11926,0.0,0.0,0.05356240272521973
1778644120.8909569,596.3445172309875,11927,0.0,0.0,0.05237102508544922
1778644120.9328628,596.3864231109619,11928,0.0,0.0,0.041905879974365234
1778644120.985405,596.4389653205872,11929,0.0,0.0,0.05254220962524414
1778644121.0375261,596.4910864830017,11930,0.0,0.0,0.05212116241455078
1778644121.0900073,596.5435676574707,11931,0.0,0.0,0.05248117446899414
1778644121.1318655,596.5854258537292,11932,0.0,0.0,0.04185819625854492
1778644121.1843634,596.6379237174988,11933,0.0,0.0,0.05249786376953125
1778644121.236729,596.6902892589569,11934,0.0,0.0,0.05236554145812988
1778644121.2893245,596.7428848743439,11935,0.0,0.0,0.05259561538696289
1778644121.3426397,596.7962000370026,11936,0.0,0.0,0.053315162658691406
1778644121.3847818,596.8383421897888,11937,0.0,0.0,0.04214215278625488
1778644121.4374146,596.8909749984741,11938,0.0,0.0,0.052632808685302734
1778644121.4902637,596.9438240528107,11939,0.0,0.0,0.05284905433654785
1778644121.5321152,596.985675573349,11940,0.0,0.0,0.04185152053833008
1778644121.584956,597.0385162830353,11941,0.0,0.0,0.0528407096862793
1778644121.637968,597.0915284156799,11942,0.0,0.0,0.05301213264465332
1778644121.689828,597.1433882713318,11943,0.0,0.0,0.05185985565185547
1778644121.742152,597.1957123279572,11944,0.0,0.0,0.05232405662536621
1778644121.7840738,597.2376341819763,11945,0.0,0.0,0.04192185401916504
1778644121.836992,597.2905523777008,11946,0.0,0.0,0.052918195724487305
1778644121.889891,597.3434512615204,11947,0.0,0.0,0.05289888381958008
1778644121.9321046,597.3856649398804,11948,0.0,0.0,0.04221367835998535
1778644121.9848237,597.4383840560913,11949,0.0,0.0,0.0527191162109375
1778644122.0375736,597.491133928299,11950,0.0,0.0,0.0527498722076416
1778644122.0902631,597.5438234806061,11951,0.0,0.0,0.052689552307128906
1778644122.1331253,597.5866856575012,11952,0.0,0.0,0.0428621768951416
1778644122.1856616,597.639221906662,11953,0.0,0.0,0.0525362491607666
1778644122.2383974,597.6919577121735,11954,0.0,0.0,0.05273580551147461
1778644122.2919116,597.7454719543457,11955,0.0,0.0,0.05351424217224121
1778644122.334551,597.788111448288,11956,0.0,0.0,0.04263949394226074
1778644122.3895993,597.8431596755981,11957,0.0,0.0,0.055048227310180664
1778644122.4400246,597.8935849666595,11958,0.0,0.0,0.05042529106140137
1778644122.482128,597.9356882572174,11959,0.0,0.0,0.04210329055786133
1778644122.5349803,597.9885406494141,11960,0.0,0.0,0.05285239219665527
1778644122.5873768,598.0409371852875,11961,0.0,0.0,0.052396535873413086
1778644122.6405046,598.094064950943,11962,0.0,0.0,0.05312776565551758
1778644122.6825032,598.1360635757446,11963,0.0,0.0,0.04199862480163574
1778644122.7350745,598.1886348724365,11964,0.0,0.0,0.05257129669189453
1778644122.7877665,598.2413268089294,11965,0.0,0.0,0.05269193649291992
1778644122.8402035,598.2937638759613,11966,0.0,0.0,0.05243706703186035
1778644122.8823519,598.3359122276306,11967,0.0,0.0,0.04214835166931152
1778644122.9351723,598.3887326717377,11968,0.0,0.0,0.052820444107055664
1778644122.9876618,598.4412221908569,11969,0.0,0.0,0.052489519119262695
1778644123.0403385,598.4938988685608,11970,0.0,0.0,0.05267667770385742
1778644123.082561,598.5361213684082,11971,0.0,0.0,0.04222249984741211
1778644123.1350422,598.5886025428772,11972,0.0,0.0,0.05248117446899414
1778644123.1876726,598.6412329673767,11973,0.0,0.0,0.05263042449951172
1778644123.2403557,598.6939160823822,11974,0.0,0.0,0.052683115005493164
1778644123.2819774,598.7355377674103,11975,0.0,0.0,0.04162168502807617
1778644123.3346987,598.7882590293884,11976,0.0,0.0,0.052721261978149414
1778644123.3877735,598.8413338661194,11977,0.0,0.0,0.05307483673095703
1778644123.4405963,598.8941566944122,11978,0.0,0.0,0.05282282829284668
1778644123.4826622,598.9362225532532,11979,0.0,0.0,0.04206585884094238
1778644123.535213,598.9887733459473,11980,0.0,0.0,0.0525507926940918
1778644123.5878212,599.0413815975189,11981,0.0,0.0,0.05260825157165527
1778644123.6410515,599.0946118831635,11982,0.0,0.0,0.05323028564453125
1778644123.6838195,599.1373798847198,11983,0.0,0.0,0.042768001556396484
1778644123.7359009,599.1894612312317,11984,0.0,0.0,0.05208134651184082
1778644123.7886581,599.2422184944153,11985,0.0,0.0,0.05275726318359375
1778644123.8413737,599.2949340343475,11986,0.0,0.0,0.05271553993225098
1778644123.8838482,599.337408542633,11987,0.0,0.0,0.04247450828552246
1778644123.9361548,599.3897151947021,11988,0.0,0.0,0.0523066520690918
1778644123.9883485,599.4419088363647,11989,0.0,0.0,0.052193641662597656
1778644124.040889,599.4944493770599,11990,0.0,0.0,0.05254054069519043
1778644124.0828848,599.5364451408386,11991,0.0,0.0,0.04199576377868652
1778644124.1360137,599.589574098587,11992,0.0,0.0,0.053128957748413086
1778644124.1890867,599.6426470279694,11993,0.0,0.0,0.05307292938232422
1778644124.241876,599.6954362392426,11994,0.0,0.0,0.05278921127319336
1778644124.2846925,599.7382528781891,11995,0.0,0.0,0.0428166389465332
1778644124.3375826,599.7911429405212,11996,0.0,0.0,0.05289006233215332
1778644124.3892095,599.8427698612213,11997,0.0,0.0,0.05162692070007324
1778644124.4423714,599.8959317207336,11998,0.0,0.0,0.0531618595123291
1778644124.4847193,599.9382796287537,11999,0.0,0.0,0.04234790802001953
1778644124.5375836,599.9911439418793,12000,0.0,0.0,0.05286431312561035
1778644124.589955,600.0435154438019,12001,0.0,0.0,0.05237150192260742
1778644124.6319203,600.0854806900024,12002,0.0,0.0,0.04196524620056152
1778644124.6845925,600.1381528377533,12003,0.0,0.0,0.05267214775085449
1778644124.737279,600.1908392906189,12004,0.0,0.0,0.052686452865600586
1778644124.7900743,600.2436347007751,12005,0.0,0.0,0.05279541015625
1778644124.8324347,600.2859950065613,12006,0.0,0.0,0.04236030578613281
1778644124.8855355,600.3390958309174,12007,0.0,0.0,0.0531008243560791
1778644124.9382777,600.3918380737305,12008,0.0,0.0,0.05274224281311035
1778644124.991498,600.4450583457947,12009,0.0,0.0,0.053220272064208984
1778644125.034804,600.4883644580841,12010,0.0,0.0,0.04330611228942871
1778644125.086258,600.5398182868958,12011,0.0,0.0,0.05145382881164551
1778644125.1389565,600.5925168991089,12012,0.0,0.0,0.052698612213134766
1778644125.1913223,600.6448826789856,12013,0.0,0.0,0.052365779876708984
1778644125.2334063,600.6869666576385,12014,0.0,0.0,0.0420839786529541
1778644125.286427,600.739987373352,12015,0.0,0.0,0.05302071571350098
1778644125.3393693,600.792929649353,12016,0.0,0.0,0.05294227600097656
1778644125.3924196,600.8459799289703,12017,0.0,0.0,0.05305027961730957
1778644125.4344647,600.8880250453949,12018,0.0,0.0,0.04204511642456055
1778644125.4898684,600.9434287548065,12019,0.0,0.0,0.055403709411621094
1778644125.5319424,600.9855027198792,12020,0.0,0.0,0.042073965072631836
1778644125.5843978,601.0379581451416,12021,0.0,0.0,0.05245542526245117
1778644125.6369424,601.0905027389526,12022,0.0,0.0,0.052544593811035156
1778644125.6902144,601.1437747478485,12023,0.0,0.0,0.05327200889587402
1778644125.7321053,601.1856656074524,12024,0.0,0.0,0.041890859603881836
1778644125.78584,601.2394003868103,12025,0.0,0.0,0.053734779357910156
1778644125.8383799,601.2919402122498,12026,0.0,0.0,0.052539825439453125
1778644125.8916304,601.3451907634735,12027,0.0,0.0,0.05325055122375488
1778644125.933669,601.3872294425964,12028,0.0,0.0,0.042038679122924805
1778644125.9858613,601.4394216537476,12029,0.0,0.0,0.05219221115112305
1778644126.0388086,601.4923689365387,12030,0.0,0.0,0.052947282791137695
1778644126.0913303,601.5448906421661,12031,0.0,0.0,0.052521705627441406
1778644126.1336424,601.5872027873993,12032,0.0,0.0,0.0423121452331543
1778644126.1869452,601.6405055522919,12033,0.0,0.0,0.053302764892578125
1778644126.2398334,601.6933937072754,12034,0.0,0.0,0.05288815498352051
1778644126.2928061,601.7463665008545,12035,0.0,0.0,0.05297279357910156
1778644126.334435,601.7879953384399,12036,0.0,0.0,0.04162883758544922
1778644126.3870146,601.8405749797821,12037,0.0,0.0,0.052579641342163086
1778644126.43978,601.8933403491974,12038,0.0,0.0,0.0527653694152832
1778644126.4820085,601.9355688095093,12039,0.0,0.0,0.04222846031188965
1778644126.5347273,601.9882876873016,12040,0.0,0.0,0.0527188777923584
1778644126.5872803,602.0408406257629,12041,0.0,0.0,0.05255293846130371
1778644126.6400847,602.0936450958252,12042,0.0,0.0,0.05280447006225586
1778644126.6822085,602.1357688903809,12043,0.0,0.0,0.04212379455566406
1778644126.7350314,602.1885917186737,12044,0.0,0.0,0.05282282829284668
1778644126.787571,602.2411313056946,12045,0.0,0.0,0.05253958702087402
1778644126.8402874,602.2938477993011,12046,0.0,0.0,0.05271649360656738
1778644126.8824043,602.335964679718,12047,0.0,0.0,0.04211688041687012
1778644126.9352186,602.388778924942,12048,0.0,0.0,0.05281424522399902
1778644126.9881744,602.441734790802,12049,0.0,0.0,0.05295586585998535
1778644127.040474,602.4940342903137,12050,0.0,0.0,0.05229949951171875
1778644127.0824728,602.5360331535339,12051,0.0,0.0,0.041998863220214844
1778644127.1353152,602.5888755321503,12052,0.0,0.0,0.05284237861633301
1778644127.188603,602.6421632766724,12053,0.0,0.0,0.05328774452209473
1778644127.2409592,602.6945195198059,12054,0.0,0.0,0.05235624313354492
1778644127.283482,602.737042427063,12055,0.0,0.0,0.04252290725708008
1778644127.336121,602.7896814346313,12056,0.0,0.0,0.052639007568359375
1778644127.3890197,602.8425800800323,12057,0.0,0.0,0.05289864540100098
1778644127.441691,602.8952512741089,12058,0.0,0.0,0.052671194076538086
1778644127.4840655,602.9376258850098,12059,0.0,0.0,0.042374610900878906
1778644127.5368068,602.9903671741486,12060,0.0,0.0,0.052741289138793945
1778644127.5894144,603.0429747104645,12061,0.0,0.0,0.05260753631591797
1778644127.6420383,603.0955986976624,12062,0.0,0.0,0.05262398719787598
1778644127.684132,603.137692451477,12063,0.0,0.0,0.042093753814697266
1778644127.7367258,603.1902861595154,12064,0.0,0.0,0.05259370803833008
1778644127.7895007,603.2430610656738,12065,0.0,0.0,0.052774906158447266
1778644127.8319705,603.2855308055878,12066,0.0,0.0,0.04246973991394043
1778644127.8849895,603.3385498523712,12067,0.0,0.0,0.053019046783447266
1778644127.9392421,603.3928024768829,12068,0.0,0.0,0.05425262451171875
1778644127.9910018,603.4445621967316,12069,0.0,0.0,0.05175971984863281
1778644128.0348172,603.488377571106,12070,0.0,0.0,0.04381537437438965
1778644128.087522,603.5410823822021,12071,0.0,0.0,0.052704811096191406
1778644128.1415193,603.5950796604156,12072,0.0,0.0,0.05399727821350098
1778644128.183017,603.6365773677826,12073,0.0,0.0,0.04149770736694336
1778644128.2352796,603.6888399124146,12074,0.0,0.0,0.05226254463195801
1778644128.2876654,603.7412257194519,12075,0.0,0.0,0.052385807037353516
1778644128.34009,603.7936503887177,12076,0.0,0.0,0.05242466926574707
1778644128.3820171,603.8355774879456,12077,0.0,0.0,0.04192709922790527
1778644128.435328,603.8888883590698,12078,0.0,0.0,0.05331087112426758
1778644128.4885995,603.9421598911285,12079,0.0,0.0,0.05327153205871582
1778644128.5420105,603.995570898056,12080,0.0,0.0,0.053411006927490234
1778644128.5841055,604.0376658439636,12081,0.0,0.0,0.04209494590759277
1778644128.6369476,604.0905079841614,12082,0.0,0.0,0.052842140197753906
1778644128.6897397,604.1433000564575,12083,0.0,0.0,0.05279207229614258
1778644128.732114,604.1856744289398,12084,0.0,0.0,0.042374372482299805
1778644128.7847404,604.2383008003235,12085,0.0,0.0,0.05262637138366699
1778644128.8379865,604.2915468215942,12086,0.0,0.0,0.05324602127075195
1778644128.89125,604.3448102474213,12087,0.0,0.0,0.05326342582702637
1778644128.9334624,604.3870227336884,12088,0.0,0.0,0.042212486267089844
1778644128.986613,604.4401733875275,12089,0.0,0.0,0.05315065383911133
1778644129.0386531,604.4922134876251,12090,0.0,0.0,0.05204010009765625
1778644129.0911798,604.5447402000427,12091,0.0,0.0,0.05252671241760254
1778644129.1337469,604.5873072147369,12092,0.0,0.0,0.04256701469421387
1778644129.1862016,604.6397619247437,12093,0.0,0.0,0.05245471000671387
1778644129.238408,604.6919684410095,12094,0.0,0.0,0.05220651626586914
1778644129.2912912,604.7448515892029,12095,0.0,0.0,0.052883148193359375
1778644129.333326,604.7868864536285,12096,0.0,0.0,0.04203486442565918
1778644129.3867564,604.8403167724609,12097,0.0,0.0,0.05343031883239746
1778644129.4390287,604.8925890922546,12098,0.0,0.0,0.05227231979370117
1778644129.4919577,604.9455180168152,12099,0.0,0.0,0.052928924560546875
1778644129.534962,604.9885222911835,12100,0.0,0.0,0.04300427436828613
1778644129.588265,605.0418252944946,12101,0.0,0.0,0.05330300331115723
1778644129.6413567,605.0949170589447,12102,0.0,0.0,0.05309176445007324
1778644129.6848211,605.1383814811707,12103,0.0,0.0,0.04346442222595215
1778644129.7368407,605.1904010772705,12104,0.0,0.0,0.052019596099853516
1778644129.7890985,605.2426588535309,12105,0.0,0.0,0.05225777626037598
1778644129.8417366,605.2952969074249,12106,0.0,0.0,0.05263805389404297
1778644129.8835144,605.3370747566223,12107,0.0,0.0,0.041777849197387695
1778644129.937214,605.3907742500305,12108,0.0,0.0,0.053699493408203125
1778644129.992213,605.4457733631134,12109,0.0,0.0,0.05499911308288574
1778644130.0352073,605.4887676239014,12110,0.0,0.0,0.04299426078796387
1778644130.0868764,605.5404367446899,12111,0.0,0.0,0.05166912078857422
1778644130.1391697,605.5927300453186,12112,0.0,0.0,0.05229330062866211
1778644130.1824534,605.6360137462616,12113,0.0,0.0,0.043283700942993164
1778644130.236594,605.6901543140411,12114,0.0,0.0,0.054140567779541016
1778644130.2888849,605.742445230484,12115,0.0,0.0,0.052290916442871094
1778644130.3411465,605.7947068214417,12116,0.0,0.0,0.0522615909576416
1778644130.383469,605.8370294570923,12117,0.0,0.0,0.042322635650634766
1778644130.4377897,605.891350030899,12118,0.0,0.0,0.054320573806762695
1778644130.4908154,605.9443757534027,12119,0.0,0.0,0.05302572250366211
1778644130.5325005,605.9860608577728,12120,0.0,0.0,0.04168510437011719
1778644130.5854385,606.0389988422394,12121,0.0,0.0,0.052937984466552734
1778644130.6422865,606.0958468914032,12122,0.0,0.0,0.05684804916381836
1778644130.6826775,606.136237859726,12123,0.0,0.0,0.040390968322753906
1778644130.734906,606.1884663105011,12124,0.0,0.0,0.052228450775146484
1778644130.7876344,606.2411947250366,12125,0.0,0.0,0.05272841453552246
1778644130.8435943,606.2971546649933,12126,0.0,0.0,0.05595993995666504
1778644130.8853855,606.3389458656311,12127,0.0,0.0,0.04179120063781738
1778644130.937278,606.3908383846283,12128,0.0,0.0,0.05189251899719238
1778644130.990807,606.4443674087524,12129,0.0,0.0,0.05352902412414551
1778644131.0338266,606.4873869419098,12130,0.0,0.0,0.04301953315734863
1778644131.0888977,606.5424580574036,12131,0.0,0.0,0.055071115493774414
1778644131.1394606,606.5930209159851,12132,0.0,0.0,0.05056285858154297
1778644131.1914637,606.645024061203,12133,0.0,0.0,0.05200314521789551
1778644131.2346787,606.6882390975952,12134,0.0,0.0,0.043215036392211914
1778644131.2899108,606.7434711456299,12135,0.0,0.0,0.05523204803466797
1778644131.341321,606.7948813438416,12136,0.0,0.0,0.05141019821166992
1778644131.3831787,606.8367390632629,12137,0.0,0.0,0.04185771942138672
1778644131.4379246,606.8914849758148,12138,0.0,0.0,0.05474591255187988
1778644131.4935427,606.947103023529,12139,0.0,0.0,0.0556180477142334
1778644131.5343168,606.9878771305084,12140,0.0,0.0,0.04077410697937012
1778644131.5862868,607.0398471355438,12141,0.0,0.0,0.05197000503540039
1778644131.6393955,607.092955827713,12142,0.0,0.0,0.05310869216918945
1778644131.6939096,607.147469997406,12143,0.0,0.0,0.054514169692993164
1778644131.737233,607.1907932758331,12144,0.0,0.0,0.04332327842712402
1778644131.7893734,607.2429337501526,12145,0.0,0.0,0.05214047431945801
1778644131.83248,607.2860403060913,12146,0.0,0.0,0.0431065559387207
1778644131.8880346,607.3415949344635,12147,0.0,0.0,0.05555462837219238
1778644131.941233,607.3947932720184,12148,0.0,0.0,0.05319833755493164
1778644131.9829488,607.4365091323853,12149,0.0,0.0,0.04171586036682129
1778644132.0360146,607.4895749092102,12150,0.0,0.0,0.05306577682495117
1778644132.091224,607.5447843074799,12151,0.0,0.0,0.05520939826965332
1778644132.1325903,607.5861506462097,12152,0.0,0.0,0.0413663387298584
1778644132.184633,607.6381933689117,12153,0.0,0.0,0.05204272270202637
1778644132.2390232,607.6925835609436,12154,0.0,0.0,0.05439019203186035
1778644132.2830436,607.736603975296,12155,0.0,0.0,0.04402041435241699
1778644132.3351467,607.7887070178986,12156,0.0,0.0,0.05210304260253906
1778644132.3872075,607.8407678604126,12157,0.0,0.0,0.052060842514038086
1778644132.4438965,607.8974568843842,12158,0.0,0.0,0.05668902397155762
1778644132.48697,607.9405303001404,12159,0.0,0.0,0.043073415756225586
1778644132.5394833,607.9930436611176,12160,0.0,0.0,0.05251336097717285
1778644132.591533,608.0450932979584,12161,0.0,0.0,0.05204963684082031
1778644132.6339374,608.0874977111816,12162,0.0,0.0,0.0424044132232666
1778644132.6893704,608.1429307460785,12163,0.0,0.0,0.055433034896850586
1778644132.7423282,608.1958885192871,12164,0.0,0.0,0.052957773208618164
1778644132.7851279,608.2386882305145,12165,0.0,0.0,0.04279971122741699
1778644132.8376763,608.2912366390228,12166,0.0,0.0,0.05254840850830078
1778644132.8912904,608.3448507785797,12167,0.0,0.0,0.053614139556884766
1778644132.9333005,608.3868608474731,12168,0.0,0.0,0.04201006889343262
1778644132.985408,608.4389684200287,12169,0.0,0.0,0.05210757255554199
1778644133.0376818,608.4912421703339,12170,0.0,0.0,0.05227375030517578
1778644133.092009,608.5455694198608,12171,0.0,0.0,0.05432724952697754
1778644133.1360896,608.5896499156952,12172,0.0,0.0,0.044080495834350586
1778644133.1867383,608.6402986049652,12173,0.0,0.0,0.05064868927001953
1778644133.2392457,608.6928060054779,12174,0.0,0.0,0.05250740051269531
1778644133.2922573,608.7458176612854,12175,0.0,0.0,0.05301165580749512
1778644133.335462,608.7890224456787,12176,0.0,0.0,0.04320478439331055
1778644133.3877156,608.8412759304047,12177,0.0,0.0,0.05225348472595215
1778644133.440123,608.8936834335327,12178,0.0,0.0,0.05240750312805176
1778644133.484979,608.9385392665863,12179,0.0,0.0,0.04485583305358887
1778644133.5393956,608.9929559230804,12180,0.0,0.0,0.054416656494140625
1778644133.5913434,609.044903755188,12181,0.0,0.0,0.051947832107543945
1778644133.6333022,609.0868625640869,12182,0.0,0.0,0.04195880889892578
1778644133.68596,609.139520406723,12183,0.0,0.0,0.0526578426361084
1778644133.7406516,609.1942119598389,12184,0.0,0.0,0.05469155311584473
1778644133.7827482,609.2363085746765,12185,0.0,0.0,0.042096614837646484
1778644133.8350766,609.2886369228363,12186,0.0,0.0,0.05232834815979004
1778644133.8877363,609.341296672821,12187,0.0,0.0,0.05265974998474121
1778644133.9436102,609.3971705436707,12188,0.0,0.0,0.055873870849609375
1778644133.987999,609.4415593147278,12189,0.0,0.0,0.044388771057128906
1778644134.0407956,609.4943559169769,12190,0.0,0.0,0.05279660224914551
1778644134.089307,609.5428674221039,12191,0.0,0.0,0.048511505126953125
1778644134.137395,609.5909552574158,12192,0.0,0.0,0.04808783531188965
1778644134.192925,609.6464853286743,12193,0.0,0.0,0.05553007125854492
1778644134.2339816,609.6875419616699,12194,0.0,0.0,0.04105663299560547
1778644134.2862437,609.7398040294647,12195,0.0,0.0,0.052262067794799805
1778644134.3417099,609.7952702045441,12196,0.0,0.0,0.0554661750793457
1778644134.386913,609.8404734134674,12197,0.0,0.0,0.045203208923339844
1778644134.435113,609.8886733055115,12198,0.0,0.0,0.04819989204406738
1778644134.4912446,609.9448049068451,12199,0.0,0.0,0.056131601333618164
1778644134.5330973,609.9866576194763,12200,0.0,0.0,0.041852712631225586
1778644134.5875666,610.0411269664764,12201,0.0,0.0,0.05446934700012207
1778644134.6396184,610.0931787490845,12202,0.0,0.0,0.05205178260803223
1778644134.6917024,610.1452627182007,12203,0.0,0.0,0.05208396911621094
1778644134.7341707,610.1877310276031,12204,0.0,0.0,0.04246830940246582
1778644134.7894328,610.2429931163788,12205,0.0,0.0,0.055262088775634766
1778644134.8328373,610.2863976955414,12206,0.0,0.0,0.043404579162597656
1778644134.8877478,610.3413081169128,12207,0.0,0.0,0.05491042137145996
1778644134.9400418,610.3936021327972,12208,0.0,0.0,0.052294015884399414
1778644134.9824479,610.4360082149506,12209,0.0,0.0,0.04240608215332031
1778644135.0372121,610.490772485733,12210,0.0,0.0,0.0547642707824707
1778644135.0876195,610.541179895401,12211,0.0,0.0,0.05040740966796875
1778644135.1395948,610.5931551456451,12212,0.0,0.0,0.051975250244140625
1778644135.1818585,610.6354188919067,12213,0.0,0.0,0.04226374626159668
1778644135.234842,610.6884024143219,12214,0.0,0.0,0.05298352241516113
1778644135.2896109,610.7431712150574,12215,0.0,0.0,0.05476880073547363
1778644135.3404148,610.7939751148224,12216,0.0,0.0,0.05080389976501465
1778644135.3828492,610.8364095687866,12217,0.0,0.0,0.0424344539642334
1778644135.4354887,610.8890490531921,12218,0.0,0.0,0.05263948440551758
1778644135.488273,610.9418332576752,12219,0.0,0.0,0.05278420448303223
1778644135.541212,610.9947724342346,12220,0.0,0.0,0.05293917655944824
1778644135.583692,611.0372524261475,12221,0.0,0.0,0.0424799919128418
1778644135.6366117,611.0901720523834,12222,0.0,0.0,0.052919626235961914
1778644135.689078,611.1426384449005,12223,0.0,0.0,0.052466392517089844
1778644135.741635,611.1951954364777,12224,0.0,0.0,0.05255699157714844
1778644135.783868,611.2374284267426,12225,0.0,0.0,0.04223299026489258
