timestamp,elapsed_sec,seq,payload_size_bytes,format,dt_since_previous_sec
1778643524.5810995,0.03465986251831055,1,12602,jpeg,
1778643524.62004,0.07360029220581055,2,12611,jpeg,0.0389404296875
1778643524.6756475,0.12920784950256348,3,12581,jpeg,0.05560755729675293
1778643524.723482,0.17704224586486816,4,12571,jpeg,0.04783439636230469
1778643524.771921,0.22548127174377441,5,12563,jpeg,0.04843902587890625
1778643524.823165,0.27672529220581055,6,12576,jpeg,0.05124402046203613
1778643524.8741264,0.32768678665161133,7,12598,jpeg,0.05096149444580078
1778643524.9233344,0.3768947124481201,8,12556,jpeg,0.04920792579650879
1778643524.9735065,0.4270668029785156,9,12562,jpeg,0.05017209053039551
1778643525.0271976,0.4807579517364502,10,12566,jpeg,0.05369114875793457
1778643525.0722835,0.5258438587188721,11,12553,jpeg,0.045085906982421875
1778643525.1227396,0.5762999057769775,12,12515,jpeg,0.05045604705810547
1778643525.1758344,0.6293947696685791,13,12554,jpeg,0.05309486389160156
1778643525.2228262,0.6763865947723389,14,12556,jpeg,0.046991825103759766
1778643525.270324,0.7238843441009521,15,12559,jpeg,0.04749774932861328
1778643525.3228548,0.7764151096343994,16,12566,jpeg,0.052530765533447266
1778643525.3710964,0.8246567249298096,17,12572,jpeg,0.048241615295410156
1778643525.4218614,0.8754217624664307,18,12568,jpeg,0.050765037536621094
1778643525.4725487,0.9261090755462646,19,12566,jpeg,0.050687313079833984
1778643525.5218155,0.9753758907318115,20,12557,jpeg,0.049266815185546875
1778643525.5710495,1.0246098041534424,21,12538,jpeg,0.04923391342163086
1778643525.621819,1.0753793716430664,22,12567,jpeg,0.05076956748962402
1778643525.669695,1.1232552528381348,23,12567,jpeg,0.04787588119506836
1778643525.7199295,1.1734898090362549,24,12572,jpeg,0.05023455619812012
1778643525.7715235,1.225083827972412,25,12593,jpeg,0.05159401893615723
1778643525.819679,1.2732393741607666,26,12564,jpeg,0.04815554618835449
1778643525.8691351,1.3226954936981201,27,12574,jpeg,0.049456119537353516
1778643525.921576,1.375136375427246,28,12568,jpeg,0.05244088172912598
1778643525.9699683,1.4235286712646484,29,12559,jpeg,0.048392295837402344
1778643526.0182765,1.471836805343628,30,12590,jpeg,0.04830813407897949
1778643526.0703824,1.5239427089691162,31,12592,jpeg,0.05210590362548828
1778643526.1203163,1.5738766193389893,32,12565,jpeg,0.04993391036987305
1778643526.1697595,1.6233198642730713,33,12573,jpeg,0.04944324493408203
1778643526.224334,1.6778943538665771,34,12580,jpeg,0.05457448959350586
1778643526.2712386,1.7247989177703857,35,12568,jpeg,0.046904563903808594
1778643526.3204184,1.7739787101745605,36,12565,jpeg,0.049179792404174805
1778643526.3736303,1.827190637588501,37,12578,jpeg,0.05321192741394043
1778643526.4200404,1.873600721359253,38,12567,jpeg,0.04641008377075195
1778643526.4729066,1.926466941833496,39,12590,jpeg,0.052866220474243164
1778643526.5219932,1.9755535125732422,40,12581,jpeg,0.049086570739746094
1778643526.5695572,2.0231175422668457,41,12591,jpeg,0.047564029693603516
1778643526.6213863,2.074946641921997,42,12574,jpeg,0.05182909965515137
1778643526.671472,2.125032424926758,43,12580,jpeg,0.05008578300476074
1778643526.7190826,2.172642946243286,44,12568,jpeg,0.04761052131652832
1778643526.7698066,2.2233669757843018,45,12572,jpeg,0.050724029541015625
1778643526.8290834,2.2826437950134277,46,12551,jpeg,0.05927681922912598
1778643526.8751066,2.328666925430298,47,12562,jpeg,0.04602313041687012
1778643526.9207382,2.374298572540283,48,12572,jpeg,0.04563164710998535
1778643526.9749048,2.4284651279449463,49,12594,jpeg,0.054166555404663086
1778643527.0231764,2.4767367839813232,50,12609,jpeg,0.04827165603637695
1778643527.070091,2.523651361465454,51,12594,jpeg,0.04691457748413086
1778643527.1224065,2.5759668350219727,52,12589,jpeg,0.052315473556518555
1778643527.1709633,2.624523639678955,53,12580,jpeg,0.04855680465698242
1778643527.220695,2.67425537109375,54,12581,jpeg,0.04973173141479492
1778643527.2721934,2.7257537841796875,55,12580,jpeg,0.0514984130859375
1778643527.3710358,2.8245961666107178,56,12546,jpeg,0.09884238243103027
1778643527.4212687,2.874829053878784,57,12563,jpeg,0.050232887268066406
1778643527.4690292,2.9225895404815674,58,12565,jpeg,0.0477604866027832
1778643527.5199232,2.9734835624694824,59,12567,jpeg,0.05089402198791504
1778643527.5708582,3.024418592453003,60,12553,jpeg,0.05093502998352051
1778643527.618842,3.072402238845825,61,12564,jpeg,0.047983646392822266
1778643527.670479,3.1240394115448,62,12591,jpeg,0.05163717269897461
1778643527.7200046,3.173564910888672,63,12583,jpeg,0.04952549934387207
1778643527.7677474,3.2213077545166016,64,12562,jpeg,0.04774284362792969
1778643527.819478,3.273038387298584,65,12555,jpeg,0.05173063278198242
1778643527.869816,3.323376417160034,66,12581,jpeg,0.050338029861450195
1778643527.918136,3.3716962337493896,67,12574,jpeg,0.04831981658935547
1778643527.9681323,3.4216926097869873,68,12572,jpeg,0.049996376037597656
1778643528.020574,3.4741344451904297,69,12571,jpeg,0.05244183540344238
1778643528.0685456,3.5221059322357178,70,12563,jpeg,0.047971487045288086
1778643528.120983,3.5745432376861572,71,12568,jpeg,0.05243730545043945
1778643528.1699278,3.623488187789917,72,12568,jpeg,0.048944950103759766
1778643528.218028,3.67158842086792,73,12572,jpeg,0.04810023307800293
1778643528.271317,3.72487735748291,74,12580,jpeg,0.053288936614990234
1778643528.321112,3.774672269821167,75,12574,jpeg,0.049794912338256836
1778643528.3680286,3.8215889930725098,76,12580,jpeg,0.04691672325134277
1778643528.4227912,3.8763515949249268,77,12581,jpeg,0.05476260185241699
1778643528.4721591,3.9257194995880127,78,12549,jpeg,0.04936790466308594
1778643528.520515,3.9740753173828125,79,12557,jpeg,0.048355817794799805
1778643528.5716276,4.025187969207764,80,12569,jpeg,0.05111265182495117
1778643528.6224923,4.076052665710449,81,12560,jpeg,0.05086469650268555
1778643528.671514,4.12507438659668,82,12572,jpeg,0.04902172088623047
1778643528.7190843,4.17264461517334,83,12596,jpeg,0.047570228576660156
1778643528.7716238,4.225184202194214,84,12564,jpeg,0.05253958702087402
1778643528.8202329,4.2737932205200195,85,12557,jpeg,0.048609018325805664
1778643528.8710594,4.324619770050049,86,12564,jpeg,0.0508265495300293
1778643528.9214385,4.3749988079071045,87,12563,jpeg,0.050379037857055664
1778643528.96862,4.422180414199829,88,12588,jpeg,0.04718160629272461
1778643529.020844,4.474404335021973,89,12593,jpeg,0.052223920822143555
1778643529.0702682,4.523828506469727,90,12568,jpeg,0.049424171447753906
1778643529.1227124,4.57627272605896,91,12564,jpeg,0.0524442195892334
1778643529.1707382,4.624298572540283,92,12600,jpeg,0.04802584648132324
1778643529.2258625,4.679422855377197,93,12571,jpeg,0.05512428283691406
1778643529.2713556,4.724915981292725,94,12568,jpeg,0.045493125915527344
1778643529.3195803,4.7731406688690186,95,12585,jpeg,0.048224687576293945
1778643529.3793108,4.832871198654175,96,12579,jpeg,0.05973052978515625
1778643529.4182057,4.871766090393066,97,12564,jpeg,0.0388948917388916
1778643529.4696486,4.923208951950073,98,12574,jpeg,0.051442861557006836
1778643529.5203931,4.973953485488892,99,12585,jpeg,0.05074453353881836
1778643529.569896,5.023456335067749,100,12568,jpeg,0.04950284957885742
1778643529.622898,5.07645845413208,101,12586,jpeg,0.053002119064331055
1778643529.6718674,5.125427722930908,102,12582,jpeg,0.048969268798828125
1778643529.720128,5.1736884117126465,103,12569,jpeg,0.04826068878173828
1778643529.7699203,5.223480701446533,104,12596,jpeg,0.04979228973388672
1778643529.8224773,5.276037693023682,105,12579,jpeg,0.05255699157714844
1778643529.8691006,5.32266092300415,106,12587,jpeg,0.04662322998046875
1778643529.919185,5.3727452754974365,107,12551,jpeg,0.05008435249328613
1778643529.9704354,5.423995733261108,108,12579,jpeg,0.051250457763671875
1778643530.0182943,5.4718546867370605,109,12561,jpeg,0.04785895347595215
1778643530.0708776,5.52443790435791,110,12558,jpeg,0.05258321762084961
1778643530.1249604,5.578520774841309,111,12563,jpeg,0.05408287048339844
1778643530.1710787,5.62463903427124,112,12573,jpeg,0.04611825942993164
1778643530.2194324,5.672992706298828,113,12571,jpeg,0.04835367202758789
1778643530.273438,5.726998329162598,114,12587,jpeg,0.05400562286376953
1778643530.320368,5.77392840385437,115,12557,jpeg,0.04693007469177246
1778643530.3706734,5.824233770370483,116,12580,jpeg,0.05030536651611328
1778643530.4229934,5.876553773880005,117,12579,jpeg,0.052320003509521484
1778643530.4700541,5.923614501953125,118,12575,jpeg,0.04706072807312012
1778643530.5210729,5.97463321685791,119,12565,jpeg,0.051018714904785156
1778643530.5721743,6.0257346630096436,120,12584,jpeg,0.0511014461517334
1778643530.6216762,6.075236558914185,121,12592,jpeg,0.049501895904541016
1778643530.6695068,6.123067140579224,122,12583,jpeg,0.04783058166503906
1778643530.7225134,6.176073789596558,123,12585,jpeg,0.053006649017333984
1778643530.7760024,6.229562759399414,124,12589,jpeg,0.053488969802856445
1778643530.8209858,6.274546146392822,125,12581,jpeg,0.0449833869934082
1778643530.871164,6.324724435806274,126,12591,jpeg,0.05017828941345215
1778643530.9212613,6.374821662902832,127,12571,jpeg,0.05009722709655762
1778643530.9692514,6.42281174659729,128,12594,jpeg,0.04799008369445801
1778643531.0236347,6.4771950244903564,129,12585,jpeg,0.054383277893066406
1778643531.0695431,6.523103475570679,130,12575,jpeg,0.045908451080322266
1778643531.119527,6.573087453842163,131,12587,jpeg,0.049983978271484375
1778643531.1725218,6.626082181930542,132,12601,jpeg,0.052994728088378906
1778643531.219549,6.673109292984009,133,12577,jpeg,0.0470271110534668
1778643531.2732403,6.7268006801605225,134,12597,jpeg,0.05369138717651367
1778643531.3214245,6.774984836578369,135,12588,jpeg,0.04818415641784668
1778643531.375822,6.829382419586182,136,12582,jpeg,0.0543975830078125
1778643531.4225261,6.876086473464966,137,12582,jpeg,0.04670405387878418
1778643531.4715664,6.925126791000366,138,12584,jpeg,0.04904031753540039
1778643531.5235856,6.9771459102630615,139,12561,jpeg,0.05201911926269531
1778643531.5688853,7.0224456787109375,140,12572,jpeg,0.04529976844787598
1778643531.6209729,7.074533224105835,141,12590,jpeg,0.05208754539489746
1778643531.671756,7.125316381454468,142,12572,jpeg,0.05078315734863281
1778643531.722671,7.176231384277344,143,12590,jpeg,0.05091500282287598
1778643531.7707396,7.224299907684326,144,12570,jpeg,0.04806852340698242
1778643531.8207893,7.274349689483643,145,12590,jpeg,0.050049781799316406
1778643531.8714488,7.325009107589722,146,12586,jpeg,0.0506594181060791
1778643531.9217372,7.375297546386719,147,12595,jpeg,0.05028843879699707
1778643531.9694617,7.423022031784058,148,12577,jpeg,0.04772448539733887
1778643532.019077,7.472637414932251,149,12589,jpeg,0.04961538314819336
1778643532.0698524,7.523412704467773,150,12588,jpeg,0.05077528953552246
1778643532.11879,7.572350263595581,151,12581,jpeg,0.04893755912780762
1778643532.1759865,7.629546880722046,152,12593,jpeg,0.057196617126464844
1778643532.2216125,7.675172805786133,153,12589,jpeg,0.045625925064086914
1778643532.2713864,7.724946737289429,154,12577,jpeg,0.0497739315032959
1778643532.3212476,7.774807929992676,155,12568,jpeg,0.04986119270324707
1778643532.376126,7.829686403274536,156,12580,jpeg,0.05487847328186035
1778643532.4230282,7.876588582992554,157,12567,jpeg,0.04690217971801758
1778643532.4728248,7.926385164260864,158,12581,jpeg,0.04979658126831055
1778643532.523427,7.976987361907959,159,12579,jpeg,0.05060219764709473
1778643532.5732322,8.026792526245117,160,12553,jpeg,0.0498051643371582
1778643532.6197696,8.07332992553711,161,12563,jpeg,0.04653739929199219
1778643532.6749678,8.128528118133545,162,12580,jpeg,0.05519819259643555
1778643532.7201803,8.17374062538147,163,12573,jpeg,0.045212507247924805
1778643532.7992036,8.252763986587524,164,12577,jpeg,0.07902336120605469
1778643532.8240132,8.277573585510254,165,12577,jpeg,0.024809598922729492
1778643532.8716207,8.325181007385254,166,12594,jpeg,0.047607421875
1778643532.9233422,8.37690258026123,167,12601,jpeg,0.05172157287597656
1778643532.9711838,8.424744129180908,168,12580,jpeg,0.047841548919677734
1778643533.0191872,8.472747564315796,169,12579,jpeg,0.048003435134887695
1778643533.0731626,8.52672290802002,170,12560,jpeg,0.05397534370422363
1778643533.1214437,8.57500410079956,171,12586,jpeg,0.048281192779541016
1778643533.174852,8.628412246704102,172,12592,jpeg,0.053408145904541016
1778643533.2213159,8.67487621307373,173,12580,jpeg,0.046463966369628906
1778643533.2788854,8.73244571685791,174,12572,jpeg,0.05756950378417969
1778643533.3223171,8.775877475738525,175,12586,jpeg,0.043431758880615234
1778643533.3729153,8.826475620269775,176,12583,jpeg,0.05059814453125
1778643533.4256778,8.87923812866211,177,12609,jpeg,0.052762508392333984
1778643533.470623,8.924183368682861,178,12588,jpeg,0.04494524002075195
1778643533.5260112,8.97957158088684,179,12601,jpeg,0.05538821220397949
1778643533.5732517,9.026812076568604,180,12577,jpeg,0.047240495681762695
1778643533.6231058,9.076666116714478,181,12583,jpeg,0.04985404014587402
1778643533.6705298,9.124090194702148,182,12575,jpeg,0.0474240779876709
1778643533.72105,9.174610376358032,183,12604,jpeg,0.05052018165588379
1778643533.7726254,9.22618579864502,184,12591,jpeg,0.051575422286987305
1778643533.8234482,9.277008533477783,185,12584,jpeg,0.05082273483276367
1778643533.8740964,9.327656745910645,186,12569,jpeg,0.05064821243286133
1778643533.920786,9.374346256256104,187,12565,jpeg,0.046689510345458984
1778643533.97179,9.425350427627563,188,12586,jpeg,0.05100417137145996
1778643534.0207915,9.47435188293457,189,12592,jpeg,0.049001455307006836
1778643534.0688515,9.522411823272705,190,12586,jpeg,0.048059940338134766
1778643534.1239185,9.577478885650635,191,12567,jpeg,0.05506706237792969
1778643534.1720178,9.625578165054321,192,12561,jpeg,0.04809927940368652
1778643534.2194054,9.67296576499939,193,12552,jpeg,0.04738759994506836
1778643534.2702398,9.72380018234253,194,12564,jpeg,0.05083441734313965
1778643534.3209045,9.774464845657349,195,12591,jpeg,0.050664663314819336
1778643534.36923,9.822790384292603,196,12546,jpeg,0.048325538635253906
1778643534.4196815,9.873241901397705,197,12603,jpeg,0.05045151710510254
1778643534.47095,9.92451024055481,198,12565,jpeg,0.05126833915710449
1778643534.5198774,9.973437786102295,199,12596,jpeg,0.04892754554748535
1778643534.5684683,10.022028684616089,200,12574,jpeg,0.048590898513793945
1778643534.6209197,10.074480056762695,201,12575,jpeg,0.052451372146606445
1778643534.668537,10.122097253799438,202,12586,jpeg,0.047617197036743164
1778643534.7247157,10.178276062011719,203,12581,jpeg,0.05617880821228027
1778643534.7712836,10.224843978881836,204,12579,jpeg,0.04656791687011719
1778643534.818681,10.272241353988647,205,12584,jpeg,0.04739737510681152
1778643534.8715599,10.325120210647583,206,12618,jpeg,0.05287885665893555
1778643534.9216108,10.375171184539795,207,12574,jpeg,0.050050973892211914
1778643534.972159,10.425719261169434,208,12567,jpeg,0.05054807662963867
1778643535.019979,10.473539352416992,209,12560,jpeg,0.047820091247558594
1778643535.0816262,10.535186529159546,210,12579,jpeg,0.06164717674255371
1778643535.1218069,10.575367212295532,211,12573,jpeg,0.04018068313598633
1778643535.171364,10.624924421310425,212,12581,jpeg,0.04955720901489258
1778643535.2240272,10.677587509155273,213,12570,jpeg,0.05266308784484863
1778643535.271,10.724560260772705,214,12571,jpeg,0.04697275161743164
1778643535.3274298,10.78099012374878,215,12584,jpeg,0.05642986297607422
1778643535.3702376,10.823797941207886,216,12551,jpeg,0.042807817459106445
1778643535.4208992,10.874459505081177,217,12553,jpeg,0.050661563873291016
1778643535.4729953,10.926555633544922,218,12576,jpeg,0.05209612846374512
1778643535.5226955,10.976255893707275,219,12577,jpeg,0.049700260162353516
1778643535.569508,11.02306842803955,220,12564,jpeg,0.04681253433227539
1778643535.6212249,11.074785232543945,221,12580,jpeg,0.05171680450439453
1778643535.6707106,11.124270915985107,222,12575,jpeg,0.04948568344116211
1778643535.7199843,11.173544645309448,223,12573,jpeg,0.04927372932434082
1778643535.771091,11.224651336669922,224,12546,jpeg,0.05110669136047363
1778643535.8229866,11.276546955108643,225,12557,jpeg,0.0518956184387207
1778643535.8680923,11.32165265083313,226,12545,jpeg,0.045105695724487305
1778643535.921038,11.374598264694214,227,12576,jpeg,0.052945613861083984
1778643535.9739716,11.427531957626343,228,12559,jpeg,0.052933692932128906
1778643536.0199134,11.47347378730774,229,12572,jpeg,0.045941829681396484
1778643536.0697825,11.523342847824097,230,12559,jpeg,0.04986906051635742
1778643536.1216934,11.57525372505188,231,12558,jpeg,0.0519108772277832
1778643536.1687264,11.622286796569824,232,12563,jpeg,0.047033071517944336
1778643536.2178366,11.671396970748901,233,12573,jpeg,0.04911017417907715
1778643536.2717233,11.7252836227417,234,12560,jpeg,0.05388665199279785
1778643536.3199425,11.773502826690674,235,12550,jpeg,0.04821920394897461
1778643536.3690832,11.822643518447876,236,12577,jpeg,0.04914069175720215
1778643536.4203136,11.873873949050903,237,12568,jpeg,0.051230430603027344
1778643536.4680383,11.921598672866821,238,12569,jpeg,0.04772472381591797
1778643536.5176127,11.97117304801941,239,12563,jpeg,0.04957437515258789
1778643536.5722272,12.025787591934204,240,12573,jpeg,0.05461454391479492
1778643536.6179123,12.071472644805908,241,12560,jpeg,0.0456850528717041
1778643536.670609,12.12416934967041,242,12579,jpeg,0.05269670486450195
1778643536.7215235,12.175083875656128,243,12568,jpeg,0.05091452598571777
1778643536.7669806,12.220541000366211,244,12583,jpeg,0.04545712471008301
1778643536.820572,12.274132251739502,245,12559,jpeg,0.053591251373291016
1778643536.8696697,12.323230028152466,246,12593,jpeg,0.04909777641296387
1778643536.9179845,12.37154483795166,247,12572,jpeg,0.048314809799194336
1778643536.9672308,12.420791149139404,248,12579,jpeg,0.04924631118774414
1778643537.0235202,12.477080583572388,249,12584,jpeg,0.0562894344329834
1778643537.0670826,12.52064299583435,250,12557,jpeg,0.04356241226196289
1778643537.1175127,12.571073055267334,251,12573,jpeg,0.0504300594329834
1778643537.1718676,12.625427961349487,252,12564,jpeg,0.05435490608215332
1778643537.21706,12.670620441436768,253,12595,jpeg,0.04519248008728027
1778643537.2729914,12.72655177116394,254,12584,jpeg,0.05593132972717285
1778643537.3190331,12.77259349822998,255,12564,jpeg,0.04604172706604004
1778643537.375488,12.82904839515686,256,12559,jpeg,0.05645489692687988
1778643537.4192116,12.872771978378296,257,12568,jpeg,0.04372358322143555
1778643537.4693847,12.922945022583008,258,12567,jpeg,0.050173044204711914
1778643537.5219562,12.975516557693481,259,12561,jpeg,0.05257153511047363
1778643537.5664332,13.019993543624878,260,12563,jpeg,0.044476985931396484
1778643537.6217682,13.075328588485718,261,12578,jpeg,0.055335044860839844
1778643537.6666567,13.120217084884644,262,12569,jpeg,0.04488849639892578
1778643537.7194023,13.172962665557861,263,12549,jpeg,0.05274558067321777
1778643537.7699502,13.223510503768921,264,12548,jpeg,0.05054783821105957
1778643537.816093,13.2696533203125,265,12585,jpeg,0.0461428165435791
1778643537.8680916,13.321651935577393,266,12561,jpeg,0.05199861526489258
1778643537.9179506,13.371510982513428,267,12554,jpeg,0.049859046936035156
1778643537.9677658,13.421326160430908,268,12586,jpeg,0.04981517791748047
1778643538.0188134,13.472373723983765,269,12595,jpeg,0.051047563552856445
1778643538.0677063,13.52126669883728,270,12600,jpeg,0.048892974853515625
1778643538.1168213,13.57038164138794,271,12585,jpeg,0.04911494255065918
1778643538.1682186,13.621778964996338,272,12571,jpeg,0.05139732360839844
1778643538.2208085,13.674368858337402,273,12569,jpeg,0.05258989334106445
1778643538.2662668,13.71982717514038,274,12575,jpeg,0.045458316802978516
1778643538.3179274,13.771487712860107,275,12573,jpeg,0.05166053771972656
1778643538.368645,13.822205305099487,276,12581,jpeg,0.05071759223937988
1778643538.41684,13.870400428771973,277,12556,jpeg,0.04819512367248535
1778643538.4665568,13.920117139816284,278,12582,jpeg,0.04971671104431152
1778643538.518092,13.971652269363403,279,12561,jpeg,0.05153512954711914
1778643538.5658257,14.019386053085327,280,12587,jpeg,0.04773378372192383
1778643538.6188831,14.07244348526001,281,12580,jpeg,0.05305743217468262
1778643538.6702318,14.123792171478271,282,12557,jpeg,0.05134868621826172
1778643538.7158284,14.169388771057129,283,12571,jpeg,0.04559659957885742
1778643538.7672663,14.220826625823975,284,12581,jpeg,0.0514378547668457
1778643538.8192334,14.272793769836426,285,12573,jpeg,0.05196714401245117
1778643538.8649652,14.318525552749634,286,12582,jpeg,0.04573178291320801
1778643538.9153674,14.368927717208862,287,12572,jpeg,0.050402164459228516
1778643538.9694786,14.423038959503174,288,12570,jpeg,0.05411124229431152
1778643539.0169053,14.470465660095215,289,12595,jpeg,0.047426700592041016
1778643539.081805,14.535365343093872,290,12573,jpeg,0.06489968299865723
1778643539.117352,14.57091236114502,291,12570,jpeg,0.03554701805114746
1778643539.1781898,14.631750106811523,292,12586,jpeg,0.060837745666503906
1778643539.2298937,14.683454036712646,293,12577,jpeg,0.05170392990112305
1778643539.2726994,14.726259708404541,294,12590,jpeg,0.04280567169189453
1778643539.3270998,14.780660152435303,295,12576,jpeg,0.05440044403076172
1778643539.3684626,14.822022914886475,296,12586,jpeg,0.041362762451171875
1778643539.4216805,14.875240802764893,297,12553,jpeg,0.05321788787841797
1778643539.4775226,14.931082963943481,298,12552,jpeg,0.05584216117858887
1778643539.515939,14.969499349594116,299,12565,jpeg,0.038416385650634766
1778643539.5716593,15.025219678878784,300,12573,jpeg,0.05572032928466797
1778643539.6184793,15.072039604187012,301,12602,jpeg,0.04681992530822754
1778643539.6686797,15.12224006652832,302,12583,jpeg,0.050200462341308594
1778643539.719058,15.172618389129639,303,12584,jpeg,0.05037832260131836
1778643539.7662966,15.219856977462769,304,12584,jpeg,0.04723858833312988
1778643539.8167033,15.270263671875,305,12553,jpeg,0.050406694412231445
1778643539.8695772,15.323137521743774,306,12548,jpeg,0.052873849868774414
1778643539.916288,15.369848251342773,307,12567,jpeg,0.04671072959899902
1778643539.9679992,15.421559572219849,308,12598,jpeg,0.051711320877075195
1778643540.0198357,15.473396062850952,309,12600,jpeg,0.051836490631103516
1778643540.0659735,15.51953387260437,310,12594,jpeg,0.04613780975341797
1778643540.1182048,15.571765184402466,311,12623,jpeg,0.0522313117980957
1778643540.1685104,15.622070789337158,312,12593,jpeg,0.05030560493469238
1778643540.2150226,15.668582916259766,313,12568,jpeg,0.04651212692260742
1778643540.2752721,15.728832483291626,314,12577,jpeg,0.06024956703186035
1778643540.3177307,15.771291017532349,315,12575,jpeg,0.042458534240722656
1778643540.3672254,15.820785760879517,316,12547,jpeg,0.04949474334716797
1778643540.42271,15.876270294189453,317,12573,jpeg,0.05548453330993652
1778643540.4680457,15.921606063842773,318,12565,jpeg,0.04533576965332031
1778643540.5161204,15.969680786132812,319,12567,jpeg,0.04807472229003906
1778643540.5680094,16.02156972885132,320,12578,jpeg,0.05188894271850586
1778643540.618477,16.0720374584198,321,12558,jpeg,0.050467729568481445
1778643540.6663442,16.11990451812744,322,12563,jpeg,0.0478670597076416
1778643540.716884,16.17044425010681,323,12586,jpeg,0.05053973197937012
1778643540.768537,16.222097396850586,324,12549,jpeg,0.051653146743774414
1778643540.8158057,16.269366025924683,325,12565,jpeg,0.04726862907409668
1778643540.8675184,16.321078777313232,326,12567,jpeg,0.051712751388549805
1778643540.9179745,16.371534824371338,327,12578,jpeg,0.05045604705810547
1778643540.9694366,16.422996997833252,328,12579,jpeg,0.05146217346191406
1778643541.0198524,16.47341275215149,329,12555,jpeg,0.050415754318237305
1778643541.0681336,16.52169394493103,330,12556,jpeg,0.048281192779541016
1778643541.1177237,16.57128405570984,331,12572,jpeg,0.049590110778808594
1778643541.1683471,16.621907472610474,332,12594,jpeg,0.050623416900634766
1778643541.2202253,16.67378568649292,333,12586,jpeg,0.05187821388244629
1778643541.2683349,16.721895217895508,334,12584,jpeg,0.04810953140258789
1778643541.3240552,16.777615547180176,335,12585,jpeg,0.05572032928466797
1778643541.3711824,16.824742794036865,336,12578,jpeg,0.04712724685668945
1778643541.4175537,16.871114015579224,337,12584,jpeg,0.0463712215423584
1778643541.4690483,16.922608613967896,338,12587,jpeg,0.051494598388671875
1778643541.5190928,16.97265315055847,339,12575,jpeg,0.05004453659057617
1778643541.5722096,17.02576994895935,340,12552,jpeg,0.053116798400878906
1778643541.6181808,17.071741104125977,341,12572,jpeg,0.04597115516662598
1778643541.6776998,17.13126015663147,342,12566,jpeg,0.059519052505493164
1778643541.7204866,17.174046993255615,343,12561,jpeg,0.04278683662414551
1778643541.7696228,17.223183155059814,344,12589,jpeg,0.04913616180419922
1778643541.826634,17.28019428253174,345,12613,jpeg,0.05701112747192383
1778643541.8690007,17.322561025619507,346,12613,jpeg,0.042366743087768555
1778643541.9202855,17.37384581565857,347,12567,jpeg,0.0512847900390625
1778643541.9769168,17.430477142333984,348,12581,jpeg,0.05663132667541504
1778643542.01959,17.4731502532959,349,12580,jpeg,0.04267311096191406
1778643542.0700235,17.52358388900757,350,12567,jpeg,0.05043363571166992
1778643542.1192136,17.572773933410645,351,12576,jpeg,0.04919004440307617
1778643542.1733196,17.626879930496216,352,12569,jpeg,0.05410599708557129
1778643542.2179174,17.671477794647217,353,12554,jpeg,0.04459786415100098
1778643542.2688687,17.722429037094116,354,12592,jpeg,0.050951242446899414
1778643542.317132,17.770692348480225,355,12576,jpeg,0.0482633113861084
1778643542.3695376,17.823097944259644,356,12563,jpeg,0.052405595779418945
1778643542.4241772,17.877737522125244,357,12572,jpeg,0.054639577865600586
1778643542.46987,17.92343044281006,358,12579,jpeg,0.04569292068481445
1778643542.518251,17.971811294555664,359,12548,jpeg,0.04838085174560547
1778643542.5721917,18.025752067565918,360,12549,jpeg,0.053940773010253906
1778643542.6177244,18.071284770965576,361,12538,jpeg,0.0455327033996582
1778643542.669551,18.123111248016357,362,12535,jpeg,0.05182647705078125
1778643542.7202091,18.17376947402954,363,12534,jpeg,0.050658226013183594
1778643542.76778,18.22134041786194,364,12547,jpeg,0.04757094383239746
1778643542.8219244,18.275484800338745,365,12537,jpeg,0.05414438247680664
1778643542.872064,18.325624465942383,366,12559,jpeg,0.050139665603637695
1778643542.9178495,18.37140989303589,367,12562,jpeg,0.04578542709350586
1778643542.9664419,18.420002222061157,368,12564,jpeg,0.048592329025268555
1778643543.0196688,18.47322916984558,369,12570,jpeg,0.05322694778442383
1778643543.0668552,18.520415544509888,370,12558,jpeg,0.04718637466430664
1778643543.1245353,18.57809567451477,371,12558,jpeg,0.05768013000488281
1778643543.168788,18.622348308563232,372,12563,jpeg,0.044252634048461914
1778643543.2164235,18.669983863830566,373,12557,jpeg,0.047635555267333984
1778643543.2684813,18.722041606903076,374,12539,jpeg,0.052057743072509766
1778643543.3198762,18.773436546325684,375,12561,jpeg,0.05139493942260742
1778643543.369222,18.822782278060913,376,12544,jpeg,0.04934573173522949
1778643543.4185221,18.872082471847534,377,12558,jpeg,0.049300193786621094
1778643543.4719026,18.9254629611969,378,12570,jpeg,0.053380489349365234
1778643543.5178082,18.971368551254272,379,12556,jpeg,0.04590559005737305
1778643543.5676057,19.0211660861969,380,12558,jpeg,0.04979753494262695
1778643543.6213274,19.07488775253296,381,12530,jpeg,0.05372166633605957
1778643543.6670856,19.120645999908447,382,12575,jpeg,0.04575824737548828
1778643543.7182553,19.171815633773804,383,12575,jpeg,0.051169633865356445
1778643543.7737448,19.2273051738739,384,12536,jpeg,0.055489540100097656
1778643543.8166902,19.27025055885315,385,12535,jpeg,0.04294538497924805
1778643543.868664,19.322224378585815,386,12550,jpeg,0.051973819732666016
1778643543.9176557,19.37121605873108,387,12543,jpeg,0.04899168014526367
1778643543.9670227,19.42058300971985,388,12549,jpeg,0.04936695098876953
1778643544.0189364,19.47249674797058,389,12548,jpeg,0.05191373825073242
1778643544.068503,19.52206325531006,390,12568,jpeg,0.04956650733947754
1778643544.125046,19.578606367111206,391,12563,jpeg,0.05654311180114746
1778643544.1674073,19.620967626571655,392,12584,jpeg,0.04236125946044922
1778643544.2159984,19.66955876350403,393,12571,jpeg,0.04859113693237305
1778643544.267548,19.721108436584473,394,12585,jpeg,0.051549673080444336
1778643544.3154478,19.76900815963745,395,12578,jpeg,0.047899723052978516
1778643544.365814,19.819374322891235,396,12584,jpeg,0.05036616325378418
1778643544.4156353,19.869195699691772,397,12567,jpeg,0.04982137680053711
1778643544.4694583,19.92301869392395,398,12584,jpeg,0.053822994232177734
1778643544.516747,19.97030735015869,399,12590,jpeg,0.04728865623474121
1778643544.569806,20.023366451263428,400,12553,jpeg,0.05305910110473633
1778643544.6189396,20.072499990463257,401,12566,jpeg,0.0491335391998291
1778643544.6669025,20.120462894439697,402,12557,jpeg,0.04796290397644043
1778643544.7186556,20.172215938568115,403,12564,jpeg,0.05175304412841797
1778643544.7671354,20.220695734024048,404,12555,jpeg,0.04847979545593262
1778643544.8180888,20.27164912223816,405,12554,jpeg,0.05095338821411133
1778643544.866177,20.319737434387207,406,12554,jpeg,0.04808831214904785
1778643544.9173687,20.37092900276184,407,12577,jpeg,0.05119156837463379
1778643544.9673762,20.420936584472656,408,12581,jpeg,0.05000758171081543
1778643545.016933,20.47049331665039,409,12591,jpeg,0.049556732177734375
1778643545.0687435,20.522303819656372,410,12567,jpeg,0.051810503005981445
1778643545.1232061,20.57676649093628,411,12580,jpeg,0.05446267127990723
1778643545.1683333,20.621893644332886,412,12578,jpeg,0.045127153396606445
1778643545.2150133,20.66857361793518,413,12576,jpeg,0.04667997360229492
1778643545.266464,20.720024347305298,414,12568,jpeg,0.05145072937011719
1778643545.3173764,20.770936727523804,415,12599,jpeg,0.05091238021850586
1778643545.3673098,20.82087016105652,416,12564,jpeg,0.049933433532714844
1778643545.417511,20.871071338653564,417,12581,jpeg,0.0502011775970459
1778643545.4661012,20.91966152191162,418,12549,jpeg,0.04859018325805664
1778643545.5169168,20.97047710418701,419,12593,jpeg,0.050815582275390625
1778643545.5689344,21.022494792938232,420,12585,jpeg,0.0520176887512207
1778643545.614781,21.06834125518799,421,12575,jpeg,0.04584646224975586
1778643545.66962,21.123180389404297,422,12571,jpeg,0.054839134216308594
1778643545.716729,21.170289278030396,423,12577,jpeg,0.04710888862609863
1778643545.7652478,21.2188081741333,424,12579,jpeg,0.04851889610290527
1778643545.8206508,21.274211168289185,425,12575,jpeg,0.05540299415588379
1778643545.8675542,21.321114540100098,426,12591,jpeg,0.046903371810913086
1778643545.9149802,21.3685405254364,427,12587,jpeg,0.04742598533630371
1778643545.9690797,21.422640085220337,428,12565,jpeg,0.05409955978393555
1778643546.0176182,21.47117853164673,429,12589,jpeg,0.0485384464263916
1778643546.065344,21.518904447555542,430,12573,jpeg,0.04772591590881348
1778643546.116361,21.569921255111694,431,12602,jpeg,0.051016807556152344
1778643546.169407,21.62296724319458,432,12586,jpeg,0.05304598808288574
1778643546.2159364,21.669496774673462,433,12586,jpeg,0.046529531478881836
1778643546.2685661,21.722126483917236,434,12579,jpeg,0.052629709243774414
1778643546.3186438,21.772204160690308,435,12592,jpeg,0.05007767677307129
1778643546.3658748,21.819435119628906,436,12603,jpeg,0.04723095893859863
1778643546.4148362,21.868396520614624,437,12591,jpeg,0.04896140098571777
1778643546.467696,21.92125630378723,438,12571,jpeg,0.05285978317260742
1778643546.5138972,21.96745753288269,439,12557,jpeg,0.046201229095458984
1778643546.5680633,22.021623611450195,440,12583,jpeg,0.05416607856750488
1778643546.6160512,22.06961154937744,441,12579,jpeg,0.047987937927246094
1778643546.6651816,22.118741989135742,442,12565,jpeg,0.04913043975830078
1778643546.7143304,22.167890787124634,443,12567,jpeg,0.0491487979888916
1778643546.7660866,22.21964693069458,444,12597,jpeg,0.05175614356994629
1778643546.8156211,22.269181489944458,445,12573,jpeg,0.04953455924987793
1778643546.8666883,22.3202486038208,446,12557,jpeg,0.05106711387634277
1778643546.9170628,22.370623111724854,447,12566,jpeg,0.050374507904052734
1778643546.9681253,22.421685695648193,448,12566,jpeg,0.051062583923339844
1778643547.0156808,22.46924114227295,449,12584,jpeg,0.04755544662475586
1778643547.0665064,22.520066738128662,450,12559,jpeg,0.05082559585571289
1778643547.115464,22.569024324417114,451,12558,jpeg,0.04895758628845215
1778643547.1688683,22.62242865562439,452,12554,jpeg,0.05340433120727539
1778643547.2161205,22.66968083381653,453,12581,jpeg,0.04725217819213867
1778643547.2667406,22.720300912857056,454,12556,jpeg,0.050620079040527344
1778643547.3154852,22.76904559135437,455,12559,jpeg,0.04874467849731445
1778643547.371868,22.825428247451782,456,12557,jpeg,0.05638265609741211
1778643547.415319,22.868879318237305,457,12562,jpeg,0.04345107078552246
1778643547.4672987,22.92085909843445,458,12574,jpeg,0.051979780197143555
1778643547.5200374,22.973597764968872,459,12589,jpeg,0.05273866653442383
1778643547.567489,23.02104926109314,460,12590,jpeg,0.04745149612426758
1778643547.6187944,23.072354793548584,461,12582,jpeg,0.051305532455444336
1778643547.6717923,23.12535262107849,462,12596,jpeg,0.05299782752990723
1778643547.7156675,23.169227838516235,463,12561,jpeg,0.04387521743774414
1778643547.7676537,23.221214056015015,464,12561,jpeg,0.0519862174987793
1778643547.8183978,23.271958112716675,465,12564,jpeg,0.050744056701660156
1778643547.8642685,23.3178288936615,466,12601,jpeg,0.04587078094482422
1778643547.918639,23.372199296951294,467,12574,jpeg,0.05437040328979492
1778643547.9666164,23.42017674446106,468,12587,jpeg,0.047977447509765625
1778643548.0135314,23.46709179878235,469,12576,jpeg,0.04691505432128906
1778643548.0683193,23.52187967300415,470,12561,jpeg,0.05478787422180176
1778643548.119322,23.572882413864136,471,12568,jpeg,0.05100274085998535
1778643548.1637943,23.61735463142395,472,12576,jpeg,0.04447221755981445
1778643548.2138896,23.667449951171875,473,12563,jpeg,0.050095319747924805
1778643548.2688453,23.722405672073364,474,12587,jpeg,0.05495572090148926
1778643548.313947,23.767507314682007,475,12573,jpeg,0.04510164260864258
1778643548.367914,23.821474313735962,476,12555,jpeg,0.05396699905395508
1778643548.4199965,23.8735568523407,477,12591,jpeg,0.05208253860473633
1778643548.4626915,23.91625189781189,478,12563,jpeg,0.042695045471191406
1778643548.5156262,23.969186544418335,479,12590,jpeg,0.05293464660644531
1778643548.5678155,24.02137589454651,480,12582,jpeg,0.05218935012817383
1778643548.612475,24.066035270690918,481,12591,jpeg,0.04465937614440918
1778643548.6643302,24.11789059638977,482,12564,jpeg,0.05185532569885254
1778643548.7179375,24.17149782180786,483,12584,jpeg,0.05360722541809082
1778643548.7660475,24.219607830047607,484,12581,jpeg,0.048110008239746094
1778643548.8136213,24.267181634902954,485,12571,jpeg,0.04757380485534668
1778643548.8678153,24.321375608444214,486,12564,jpeg,0.054193973541259766
1778643548.91461,24.368170261383057,487,12571,jpeg,0.04679465293884277
1778643548.9643357,24.417896032333374,488,12584,jpeg,0.04972577095031738
1778643549.0176802,24.471240520477295,489,12610,jpeg,0.0533444881439209
1778643549.0660672,24.519627571105957,490,12575,jpeg,0.04838705062866211
1778643549.1140897,24.567650079727173,491,12569,jpeg,0.04802250862121582
1778643549.1659997,24.61956000328064,492,12578,jpeg,0.0519099235534668
1778643549.2137249,24.667285203933716,493,12567,jpeg,0.04772520065307617
1778643549.2645814,24.718141794204712,494,12591,jpeg,0.050856590270996094
1778643549.3155644,24.769124746322632,495,12568,jpeg,0.05098295211791992
1778643549.367328,24.82088828086853,496,12572,jpeg,0.05176353454589844
1778643549.4163816,24.86994194984436,497,12582,jpeg,0.04905366897583008
1778643549.4691346,24.92269492149353,498,12597,jpeg,0.05275297164916992
1778643549.5156474,24.969207763671875,499,12572,jpeg,0.04651284217834473
1778643549.569675,25.023235321044922,500,12600,jpeg,0.054027557373046875
1778643549.6172516,25.070811986923218,501,12579,jpeg,0.0475766658782959
1778643549.663343,25.11690330505371,502,12591,jpeg,0.046091318130493164
1778643549.7204075,25.173967838287354,503,12587,jpeg,0.05706453323364258
1778643549.7657716,25.219331979751587,504,12565,jpeg,0.0453641414642334
1778643549.8165157,25.270076036453247,505,12567,jpeg,0.050744056701660156
1778643549.869411,25.32297134399414,506,12548,jpeg,0.052895307540893555
1778643549.9228249,25.37638521194458,507,12567,jpeg,0.05341386795043945
1778643549.9633725,25.416932821273804,508,12541,jpeg,0.04054760932922363
1778643550.014807,25.468367338180542,509,12549,jpeg,0.05143451690673828
1778643550.0666625,25.520222902297974,510,12573,jpeg,0.05185556411743164
1778643550.1152253,25.568785667419434,511,12553,jpeg,0.04856276512145996
1778643550.165925,25.61948537826538,512,12561,jpeg,0.050699710845947266
1778643550.2181165,25.671676874160767,513,12536,jpeg,0.05219149589538574
1778643550.2657502,25.719310522079468,514,12552,jpeg,0.04763364791870117
1778643550.3170629,25.770623207092285,515,12558,jpeg,0.05131268501281738
1778643550.3695383,25.82309865951538,516,12566,jpeg,0.0524754524230957
1778643550.4151664,25.86872673034668,517,12551,jpeg,0.04562807083129883
1778643550.4685388,25.922099113464355,518,12542,jpeg,0.05337238311767578
1778643550.515799,25.969359397888184,519,12533,jpeg,0.047260284423828125
1778643550.5751686,26.02872896194458,520,12554,jpeg,0.059369564056396484
1778643550.613416,26.066976308822632,521,12566,jpeg,0.03824734687805176
1778643550.664032,26.117592334747314,522,12569,jpeg,0.05061602592468262
1778643550.7137468,26.167307138442993,523,12589,jpeg,0.04971480369567871
1778643550.7690177,26.222578048706055,524,12577,jpeg,0.05527091026306152
1778643550.817579,26.27113938331604,525,12554,jpeg,0.04856133460998535
1778643550.8664103,26.31997060775757,526,12549,jpeg,0.04883122444152832
1778643550.9141629,26.36772322654724,527,12560,jpeg,0.04775261878967285
1778643550.9654486,26.41900897026062,528,12567,jpeg,0.051285743713378906
1778643551.014704,26.46826434135437,529,12559,jpeg,0.04925537109375
1778643551.0686407,26.52220106124878,530,12548,jpeg,0.05393671989440918
1778643551.1180546,26.571614980697632,531,12544,jpeg,0.04941391944885254
1778643551.1654449,26.61900520324707,532,12571,jpeg,0.04739022254943848
1778643551.2188575,26.672417879104614,533,12555,jpeg,0.053412675857543945
1778643551.2657132,26.719273567199707,534,12568,jpeg,0.04685568809509277
1778643551.3144875,26.76804780960083,535,12555,jpeg,0.04877424240112305
1778643551.3713064,26.824866771697998,536,12533,jpeg,0.05681896209716797
1778643551.4211106,26.87467098236084,537,12575,jpeg,0.0498042106628418
1778643551.4678535,26.921413898468018,538,12568,jpeg,0.046742916107177734
1778643551.5174387,26.970999002456665,539,12556,jpeg,0.04958510398864746
1778643551.5673876,27.02094793319702,540,12549,jpeg,0.049948930740356445
1778643551.6195745,27.073134899139404,541,12556,jpeg,0.05218696594238281
1778643551.6671312,27.120691537857056,542,12563,jpeg,0.04755663871765137
1778643551.715398,27.16895842552185,543,12563,jpeg,0.04826688766479492
1778643551.7674372,27.22099757194519,544,12548,jpeg,0.052039146423339844
1778643551.8168163,27.270376682281494,545,12561,jpeg,0.04937911033630371
1778643551.868483,27.322043418884277,546,12542,jpeg,0.0516667366027832
1778643551.9161968,27.369757175445557,547,12562,jpeg,0.0477137565612793
1778643551.9760134,27.42957377433777,548,12563,jpeg,0.059816598892211914
1778643552.017931,27.47149133682251,549,12595,jpeg,0.04191756248474121
1778643552.066452,27.520012378692627,550,12547,jpeg,0.04852104187011719
1778643552.117642,27.571202278137207,551,12551,jpeg,0.05118989944458008
1778643552.1674964,27.62105679512024,552,12537,jpeg,0.04985451698303223
1778643552.2173073,27.670867681503296,553,12540,jpeg,0.04981088638305664
1778643552.2696264,27.7231867313385,554,12560,jpeg,0.05231904983520508
1778643552.326188,27.77974843978882,555,12565,jpeg,0.05656170845031738
1778643552.3692598,27.82282018661499,556,12558,jpeg,0.043071746826171875
1778643552.418472,27.872032403945923,557,12562,jpeg,0.04921221733093262
1778643552.469339,27.92289924621582,558,12560,jpeg,0.05086684226989746
1778643552.5156934,27.96925377845764,559,12554,jpeg,0.04635453224182129
1778643552.5701063,28.023666620254517,560,12575,jpeg,0.054412841796875
1778643552.618502,28.072062253952026,561,12575,jpeg,0.048395633697509766
1778643552.6692734,28.122833728790283,562,12552,jpeg,0.050771474838256836
1778643552.7199721,28.173532485961914,563,12546,jpeg,0.05069875717163086
1778643552.7722034,28.22576379776001,564,12584,jpeg,0.0522313117980957
1778643552.8152852,28.268845558166504,565,12574,jpeg,0.04308176040649414
1778643552.8670073,28.32056760787964,566,12584,jpeg,0.051722049713134766
1778643552.922882,28.376442432403564,567,12601,jpeg,0.05587482452392578
1778643552.9776714,28.43123173713684,568,12567,jpeg,0.05478930473327637
1778643553.0257223,28.47928261756897,569,12581,jpeg,0.048050880432128906
1778643553.074463,28.52802324295044,570,12576,jpeg,0.04874062538146973
1778643553.1134622,28.567022562026978,571,12553,jpeg,0.038999319076538086
1778643553.1663446,28.6199049949646,572,12543,jpeg,0.05288243293762207
1778643553.2146015,28.668161869049072,573,12549,jpeg,0.048256874084472656
1778643553.2659433,28.71950364112854,574,12572,jpeg,0.05134177207946777
1778643553.315137,28.768697261810303,575,12559,jpeg,0.049193620681762695
1778643553.3671873,28.82074761390686,576,12570,jpeg,0.05205035209655762
1778643553.4116971,28.865257501602173,577,12558,jpeg,0.0445098876953125
1778643553.4626784,28.91623878479004,578,12566,jpeg,0.05098128318786621
1778643553.520787,28.974347352981567,579,12576,jpeg,0.05810856819152832
1778643553.5655344,29.019094705581665,580,12540,jpeg,0.044747352600097656
1778643553.6127298,29.066290140151978,581,12566,jpeg,0.0471954345703125
1778643553.6667442,29.120304584503174,582,12576,jpeg,0.05401444435119629
1778643553.7122269,29.16578722000122,583,12583,jpeg,0.045482635498046875
1778643553.7633965,29.216956853866577,584,12566,jpeg,0.051169633865356445
1778643553.8148303,29.268390655517578,585,12552,jpeg,0.05143380165100098
1778643553.8629012,29.31646156311035,586,12549,jpeg,0.04807090759277344
1778643553.9166398,29.370200157165527,587,12530,jpeg,0.05373859405517578
1778643553.965899,29.419459342956543,588,12543,jpeg,0.049259185791015625
1778643554.012413,29.465973377227783,589,12579,jpeg,0.046514034271240234
1778643554.0678508,29.521411180496216,590,12565,jpeg,0.05543780326843262
1778643554.1138408,29.56740117073059,591,12538,jpeg,0.045989990234375
1778643554.1683154,29.621875762939453,592,12566,jpeg,0.054474592208862305
1778643554.213223,29.666783332824707,593,12560,jpeg,0.044907569885253906
1778643554.2670012,29.720561504364014,594,12540,jpeg,0.05377817153930664
1778643554.314071,29.76763129234314,595,12539,jpeg,0.04706978797912598
1778643554.3656898,29.819250106811523,596,12578,jpeg,0.05161881446838379
1778643554.4177454,29.87130570411682,597,12560,jpeg,0.05205559730529785
1778643554.4627292,29.916289567947388,598,12582,jpeg,0.044983863830566406
1778643554.5188346,29.972394943237305,599,12575,jpeg,0.05610537528991699
1778643554.5653372,30.018897533416748,600,12570,jpeg,0.04650259017944336
1778643554.614982,30.06854224205017,601,12569,jpeg,0.04964470863342285
1778643554.662833,30.116393327713013,602,12528,jpeg,0.0478510856628418
1778643554.714489,30.168049335479736,603,12569,jpeg,0.05165600776672363
1778643554.763628,30.217188358306885,604,12561,jpeg,0.04913902282714844
1778643554.8211732,30.274733543395996,605,12578,jpeg,0.05754518508911133
1778643554.8678465,30.321406841278076,606,12555,jpeg,0.04667329788208008
1778643554.9119792,30.36553955078125,607,12552,jpeg,0.04413270950317383
1778643554.9616585,30.415218830108643,608,12573,jpeg,0.04967927932739258
1778643555.0153556,30.468915939331055,609,12581,jpeg,0.05369710922241211
1778643555.0622864,30.515846729278564,610,12570,jpeg,0.046930789947509766
1778643555.1119328,30.56549310684204,611,12576,jpeg,0.04964637756347656
1778643555.1638067,30.617367029190063,612,12546,jpeg,0.05187392234802246
1778643555.2127478,30.666308164596558,613,12565,jpeg,0.04894113540649414
1778643555.2642727,30.717833042144775,614,12556,jpeg,0.05152487754821777
1778643555.3174198,30.7709801197052,615,12551,jpeg,0.053147077560424805
1778643555.3634825,30.8170428276062,616,12563,jpeg,0.04606270790100098
1778643555.4123473,30.865907669067383,617,12556,jpeg,0.04886484146118164
1778643555.4669151,30.920475482940674,618,12578,jpeg,0.054567813873291016
1778643555.5119202,30.96548056602478,619,12569,jpeg,0.045005083084106445
1778643555.5628676,31.016427993774414,620,12547,jpeg,0.05094742774963379
1778643555.6137273,31.06728768348694,621,12563,jpeg,0.050859689712524414
1778643555.6638455,31.117405891418457,622,12587,jpeg,0.050118207931518555
1778643555.7170336,31.170593976974487,623,12575,jpeg,0.05318808555603027
1778643555.7656364,31.219196796417236,624,12573,jpeg,0.04860281944274902
1778643555.8183272,31.27188754081726,625,12593,jpeg,0.052690744400024414
1778643555.8637948,31.317355155944824,626,12546,jpeg,0.04546761512756348
1778643555.913792,31.36735224723816,627,12567,jpeg,0.04999709129333496
1778643555.9662013,31.419761657714844,628,12545,jpeg,0.05240941047668457
1778643556.012707,31.466267347335815,629,12554,jpeg,0.04650568962097168
1778643556.0666046,31.520164966583252,630,12568,jpeg,0.05389761924743652
1778643556.1138215,31.567381858825684,631,12586,jpeg,0.04721689224243164
1778643556.161905,31.61546540260315,632,12546,jpeg,0.04808354377746582
1778643556.2156336,31.669193983078003,633,12570,jpeg,0.053728580474853516
1778643556.2616978,31.71525812149048,634,12558,jpeg,0.046064138412475586
1778643556.3121312,31.76569151878357,635,12565,jpeg,0.05043339729309082
1778643556.3647878,31.818348169326782,636,12559,jpeg,0.05265665054321289
1778643556.4156418,31.869202136993408,637,12549,jpeg,0.05085396766662598
1778643556.467464,31.921024322509766,638,12583,jpeg,0.05182218551635742
1778643556.513408,31.966968297958374,639,12550,jpeg,0.0459439754486084
1778643556.562162,32.01572227478027,640,12527,jpeg,0.048753976821899414
1778643556.616199,32.069759368896484,641,12557,jpeg,0.05403709411621094
1778643556.6668272,32.1203875541687,642,12567,jpeg,0.0506281852722168
1778643556.7143316,32.16789197921753,643,12588,jpeg,0.047504425048828125
1778643556.762452,32.21601223945618,644,12551,jpeg,0.04812026023864746
1778643556.8160346,32.26959490776062,645,12564,jpeg,0.05358266830444336
1778643556.864149,32.31770944595337,646,12551,jpeg,0.04811453819274902
1778643556.9185383,32.37209868431091,647,12564,jpeg,0.054389238357543945
1778643556.9664187,32.419979095458984,648,12573,jpeg,0.04788041114807129
1778643557.0124345,32.4659948348999,649,12554,jpeg,0.04601573944091797
1778643557.0631034,32.516663789749146,650,12564,jpeg,0.050668954849243164
1778643557.1145582,32.56811857223511,651,12551,jpeg,0.051454782485961914
1778643557.163638,32.61719846725464,652,12545,jpeg,0.04907989501953125
1778643557.2123666,32.665926933288574,653,12540,jpeg,0.04872846603393555
1778643557.2670946,32.72065496444702,654,12570,jpeg,0.054728031158447266
1778643557.3118658,32.76542615890503,655,12565,jpeg,0.04477119445800781
1778643557.3615303,32.81509065628052,656,12554,jpeg,0.04966449737548828
1778643557.4135933,32.86715364456177,657,12571,jpeg,0.05206298828125
1778643557.4620483,32.915608644485474,658,12536,jpeg,0.048454999923706055
1778643557.5121467,32.96570706367493,659,12538,jpeg,0.050098419189453125
1778643557.5632784,33.016838788986206,660,12532,jpeg,0.0511317253112793
1778643557.6119804,33.06554079055786,661,12552,jpeg,0.04870200157165527
1778643557.6623242,33.11588454246521,662,12567,jpeg,0.05034375190734863
1778643557.713897,33.16745734214783,663,12584,jpeg,0.05157279968261719
1778643557.764002,33.217562437057495,664,12549,jpeg,0.05010509490966797
1778643557.8122385,33.265798807144165,665,12566,jpeg,0.04823637008666992
1778643557.866279,33.31983923912048,666,12572,jpeg,0.05404043197631836
1778643557.9116385,33.365198850631714,667,12593,jpeg,0.04535961151123047
1778643557.962037,33.415597438812256,668,12564,jpeg,0.05039858818054199
1778643558.014045,33.46760535240173,669,12552,jpeg,0.05200791358947754
1778643558.0629008,33.51646113395691,670,12555,jpeg,0.04885578155517578
1778643558.1159477,33.56950807571411,671,12574,jpeg,0.05304694175720215
1778643558.1638756,33.617435932159424,672,12547,jpeg,0.0479278564453125
1778643558.214622,33.668182373046875,673,12572,jpeg,0.05074644088745117
1778643558.2622242,33.715784549713135,674,12574,jpeg,0.047602176666259766
1778643558.3121142,33.76567459106445,675,12562,jpeg,0.04989004135131836
1778643558.3643756,33.817935943603516,676,12543,jpeg,0.0522613525390625
1778643558.4268007,33.88036108016968,677,12560,jpeg,0.06242513656616211
1778643558.4671705,33.92073082923889,678,12574,jpeg,0.04036974906921387
1778643558.5124638,33.96602416038513,679,12564,jpeg,0.045293331146240234
1778643558.5662863,34.01984667778015,680,12578,jpeg,0.05382251739501953
1778643558.6158524,34.06941270828247,681,12574,jpeg,0.049566030502319336
1778643558.665475,34.11903524398804,682,12567,jpeg,0.049622535705566406
1778643558.7176094,34.17116975784302,683,12573,jpeg,0.05213451385498047
1778643558.7714062,34.224966526031494,684,12553,jpeg,0.05379676818847656
1778643558.8135097,34.267070055007935,685,12578,jpeg,0.04210352897644043
1778643558.8678834,34.32144379615784,686,12554,jpeg,0.054373741149902344
1778643558.913536,34.36709642410278,687,12561,jpeg,0.04565262794494629
1778643558.964779,34.418339252471924,688,12530,jpeg,0.051242828369140625
1778643559.0134132,34.466973543167114,689,12556,jpeg,0.04863429069519043
1778643559.0663736,34.5199339389801,690,12557,jpeg,0.05296039581298828
1778643559.1157515,34.56931185722351,691,12569,jpeg,0.0493779182434082
1778643559.1621177,34.61567807197571,692,12587,jpeg,0.046366214752197266
1778643559.2163787,34.669939041137695,693,12580,jpeg,0.054260969161987305
1778643559.2625513,34.71611166000366,694,12578,jpeg,0.0461726188659668
1778643559.3116229,34.765183210372925,695,12547,jpeg,0.049071550369262695
1778643559.362748,34.81630825996399,696,12556,jpeg,0.05112504959106445
1778643559.411555,34.86511540412903,697,12577,jpeg,0.04880714416503906
1778643559.4613855,34.91494584083557,698,12605,jpeg,0.04983043670654297
1778643559.51252,34.9660804271698,699,12556,jpeg,0.051134586334228516
1778643559.561404,35.01496434211731,700,12553,jpeg,0.048883914947509766
1778643559.61092,35.06448030471802,701,12553,jpeg,0.04951596260070801
1778643559.6656494,35.11920976638794,702,12544,jpeg,0.054729461669921875
1778643559.7130172,35.16657757759094,703,12545,jpeg,0.04736781120300293
1778643559.7624884,35.21604871749878,704,12542,jpeg,0.049471139907836914
1778643559.8147895,35.26834988594055,705,12546,jpeg,0.05230116844177246
1778643559.8626816,35.316241979599,706,12552,jpeg,0.047892093658447266
1778643559.9143863,35.36794662475586,707,12528,jpeg,0.05170464515686035
1778643559.9650655,35.418625831604004,708,12550,jpeg,0.05067920684814453
1778643560.0162814,35.469841718673706,709,12573,jpeg,0.05121588706970215
1778643560.061712,35.51527237892151,710,12576,jpeg,0.045430660247802734
1778643560.1129591,35.56651949882507,711,12565,jpeg,0.05124711990356445
1778643560.165846,35.6194064617157,712,12571,jpeg,0.052886962890625
1778643560.2125232,35.666083574295044,713,12563,jpeg,0.0466771125793457
1778643560.2657757,35.71933603286743,714,12558,jpeg,0.053252458572387695
1778643560.3155622,35.76912260055542,715,12571,jpeg,0.04978656768798828
1778643560.3622596,35.81581997871399,716,12582,jpeg,0.046697378158569336
1778643560.4164786,35.870038986206055,717,12569,jpeg,0.05421900749206543
1778643560.4634159,35.9169762134552,718,12578,jpeg,0.04693722724914551
1778643560.5153854,35.96894574165344,719,12572,jpeg,0.05196952819824219
1778643560.5660064,36.019566774368286,720,12573,jpeg,0.05062103271484375
1778643560.6112146,36.06477499008179,721,12583,jpeg,0.04520821571350098
1778643560.666271,36.11983132362366,722,12545,jpeg,0.05505633354187012
1778643560.716168,36.16972827911377,723,12548,jpeg,0.049896955490112305
1778643560.765715,36.21927523612976,724,12558,jpeg,0.04954695701599121
1778643560.81312,36.2666802406311,725,12573,jpeg,0.04740500450134277
1778643560.8708184,36.32437872886658,726,12585,jpeg,0.05769848823547363
1778643560.9118993,36.36545968055725,727,12580,jpeg,0.04108095169067383
1778643560.960951,36.41451144218445,728,12561,jpeg,0.049051761627197266
1778643561.0154946,36.46905493736267,729,12580,jpeg,0.054543495178222656
1778643561.0632505,36.51681089401245,730,12575,jpeg,0.04775595664978027
1778643561.111077,36.564637422561646,731,12570,jpeg,0.047826528549194336
1778643561.1645238,36.618084192276,732,12592,jpeg,0.05344676971435547
1778643561.2115746,36.6651349067688,733,12585,jpeg,0.04705071449279785
1778643561.262489,36.71604943275452,734,12581,jpeg,0.05091452598571777
1778643561.3167362,36.770296573638916,735,12584,jpeg,0.054247140884399414
1778643561.3660386,36.81959891319275,736,12582,jpeg,0.04930233955383301
1778643561.4196777,36.87323808670044,737,12568,jpeg,0.05363917350769043
1778643561.4690263,36.92258667945862,738,12553,jpeg,0.04934859275817871
1778643561.5123124,36.9658727645874,739,12546,jpeg,0.04328608512878418
1778643561.559828,37.01338839530945,740,12582,jpeg,0.0475156307220459
1778643561.612191,37.06575131416321,741,12555,jpeg,0.052362918853759766
1778643561.6620057,37.11556601524353,742,12559,jpeg,0.049814701080322266
1778643561.7103086,37.16386890411377,743,12537,jpeg,0.04830288887023926
1778643561.7666047,37.22016501426697,744,12551,jpeg,0.05629611015319824
1778643561.8140595,37.26761984825134,745,12532,jpeg,0.047454833984375
1778643561.864442,37.318002462387085,746,12545,jpeg,0.05038261413574219
1778643561.9126167,37.36617708206177,747,12533,jpeg,0.04817461967468262
1778643561.9619277,37.41548800468445,748,12575,jpeg,0.049310922622680664
1778643562.011158,37.46471834182739,749,12573,jpeg,0.049230337142944336
1778643562.065527,37.51908731460571,750,12571,jpeg,0.05436897277832031
1778643562.1100802,37.56364059448242,751,12560,jpeg,0.044553279876708984
1778643562.160297,37.61385726928711,752,12568,jpeg,0.0502166748046875
1778643562.2122245,37.66578483581543,753,12574,jpeg,0.05192756652832031
1778643562.2604477,37.71400809288025,754,12539,jpeg,0.048223257064819336
1778643562.3177743,37.771334648132324,755,12560,jpeg,0.057326555252075195
1778643562.3628554,37.816415786743164,756,12564,jpeg,0.045081138610839844
1778643562.4099674,37.86352777481079,757,12559,jpeg,0.04711198806762695
1778643562.4611125,37.9146728515625,758,12543,jpeg,0.051145076751708984
1778643562.51268,37.96624040603638,759,12572,jpeg,0.05156755447387695
1778643562.5635562,38.01711654663086,760,12568,jpeg,0.05087614059448242
1778643562.6105437,38.064104080200195,761,12560,jpeg,0.04698753356933594
1778643562.6663136,38.119874000549316,762,12545,jpeg,0.055769920349121094
1778643562.7129426,38.166502952575684,763,12553,jpeg,0.04662895202636719
1778643562.7623792,38.21593952178955,764,12562,jpeg,0.04943656921386719
1778643562.8140883,38.267648696899414,765,12559,jpeg,0.05170917510986328
1778643562.861262,38.31482243537903,766,12561,jpeg,0.04717373847961426
1778643562.9115791,38.36513948440552,767,12564,jpeg,0.05031704902648926
1778643562.9632006,38.41676092147827,768,12586,jpeg,0.051621437072753906
1778643563.0115125,38.46507287025452,769,12540,jpeg,0.04831194877624512
1778643563.060625,38.514185428619385,770,12539,jpeg,0.049112558364868164
1778643563.112466,38.56602644920349,771,12548,jpeg,0.051841020584106445
1778643563.161647,38.61520743370056,772,12554,jpeg,0.04918098449707031
1778643563.2104511,38.66401147842407,773,12560,jpeg,0.04880404472351074
1778643563.2632737,38.71683406829834,774,12560,jpeg,0.05282258987426758
1778643563.3117177,38.76527810096741,775,12562,jpeg,0.04844403266906738
1778643563.3613591,38.81491947174072,776,12549,jpeg,0.04964137077331543
1778643563.4129148,38.866475105285645,777,12561,jpeg,0.051555633544921875
1778643563.4638214,38.91738176345825,778,12574,jpeg,0.05090665817260742
1778643563.5119848,38.96554517745972,779,12572,jpeg,0.048163414001464844
1778643563.5625165,39.0160768032074,780,12578,jpeg,0.050531625747680664
1778643563.6123543,39.06591463088989,781,12585,jpeg,0.04983782768249512
1778643563.660412,39.113972425460815,782,12571,jpeg,0.04805779457092285
1778643563.7125964,39.16615676879883,783,12559,jpeg,0.052184343338012695
1778643563.761572,39.21513223648071,784,12547,jpeg,0.048975467681884766
1778643563.8102913,39.26385164260864,785,12557,jpeg,0.04871940612792969
1778643563.8619003,39.31546068191528,786,12550,jpeg,0.051609039306640625
1778643563.9104261,39.36398649215698,787,12562,jpeg,0.04852581024169922
1778643563.9608061,39.414366483688354,788,12559,jpeg,0.05037999153137207
1778643564.0170774,39.470637798309326,789,12555,jpeg,0.05627131462097168
1778643564.0654745,39.51903486251831,790,12579,jpeg,0.048397064208984375
1778643564.1113966,39.56495690345764,791,12571,jpeg,0.045922040939331055
1778643564.1645396,39.61809992790222,792,12579,jpeg,0.05314302444458008
1778643564.2099204,39.66348075866699,793,12575,jpeg,0.04538083076477051
1778643564.2619865,39.71554684638977,794,12563,jpeg,0.05206608772277832
1778643564.3177984,39.77135872840881,795,12585,jpeg,0.05581188201904297
1778643564.360766,39.81432628631592,796,12582,jpeg,0.04296755790710449
1778643564.4092355,39.86279582977295,797,12582,jpeg,0.04846954345703125
1778643564.4743938,39.92795419692993,798,12576,jpeg,0.06515836715698242
1778643564.5099702,39.96353054046631,799,12564,jpeg,0.03557634353637695
1778643564.5604255,40.01398587226868,800,12554,jpeg,0.050455331802368164
1778643564.6129475,40.0665078163147,801,12576,jpeg,0.05252194404602051
1778643564.6605232,40.11408352851868,802,12560,jpeg,0.04757571220397949
1778643564.7171905,40.170750856399536,803,12570,jpeg,0.056667327880859375
1778643564.7638543,40.21741461753845,804,12573,jpeg,0.046663761138916016
1778643564.8097084,40.26326870918274,805,12569,jpeg,0.04585409164428711
1778643564.8623617,40.315922021865845,806,12578,jpeg,0.05265331268310547
1778643564.912097,40.365657329559326,807,12573,jpeg,0.049735307693481445
1778643564.960363,40.413923263549805,808,12582,jpeg,0.048265933990478516
1778643565.010581,40.46414136886597,809,12567,jpeg,0.05021810531616211
1778643565.0637708,40.51733112335205,810,12566,jpeg,0.053189754486083984
1778643565.1106758,40.56423616409302,811,12555,jpeg,0.0469050407409668
1778643565.160575,40.61413526535034,812,12576,jpeg,0.04989910125732422
1778643565.211478,40.66503834724426,813,12565,jpeg,0.0509030818939209
1778643565.259856,40.71341633796692,814,12567,jpeg,0.04837799072265625
1778643565.3094885,40.76304888725281,815,12573,jpeg,0.04963254928588867
1778643565.3620937,40.815654039382935,816,12577,jpeg,0.05260515213012695
1778643565.410184,40.863744258880615,817,12571,jpeg,0.048090219497680664
1778643565.4605029,40.91406321525574,818,12586,jpeg,0.05031895637512207
1778643565.5118616,40.96542191505432,819,12569,jpeg,0.051358699798583984
1778643565.5615098,41.01507019996643,820,12572,jpeg,0.049648284912109375
1778643565.6099687,41.0635290145874,821,12558,jpeg,0.04845881462097168
1778643565.6610992,41.114659547805786,822,12568,jpeg,0.05113053321838379
1778643565.7199447,41.17350506782532,823,12574,jpeg,0.05884552001953125
1778643565.7592876,41.21284794807434,824,12554,jpeg,0.03934288024902344
1778643565.8123083,41.26586866378784,825,12579,jpeg,0.05302071571350098
1778643565.863313,41.31687331199646,826,12585,jpeg,0.051004648208618164
1778643565.9097524,41.36331272125244,827,12561,jpeg,0.046439409255981445
1778643565.9609666,41.41452693939209,828,12576,jpeg,0.05121421813964844
1778643566.0131881,41.46674847602844,829,12581,jpeg,0.05222153663635254
1778643566.0632877,41.51684808731079,830,12570,jpeg,0.05009961128234863
1778643566.1114876,41.56504797935486,831,12568,jpeg,0.04819989204406738
1778643566.1608589,41.61441922187805,832,12581,jpeg,0.04937124252319336
1778643566.2118948,41.66545510292053,833,12582,jpeg,0.05103588104248047
1778643566.2744162,41.72797656059265,834,12575,jpeg,0.06252145767211914
1778643566.3108542,41.7644145488739,835,12559,jpeg,0.03643798828125
1778643566.358418,41.811978340148926,836,12559,jpeg,0.047563791275024414
1778643566.4109032,41.864463567733765,837,12567,jpeg,0.05248522758483887
1778643566.4598954,41.91345572471619,838,12570,jpeg,0.048992156982421875
1778643566.514711,41.968271255493164,839,12553,jpeg,0.05481553077697754
1778643566.5635712,42.01713156700134,840,12573,jpeg,0.04886031150817871
1778643566.6144388,42.06799912452698,841,12593,jpeg,0.050867557525634766
1778643566.6628377,42.116398096084595,842,12579,jpeg,0.04839897155761719
1778643566.7193727,42.17293310165405,843,12573,jpeg,0.05653500556945801
1778643566.775886,42.22944641113281,844,12583,jpeg,0.056513309478759766
1778643566.8108063,42.2643666267395,845,12577,jpeg,0.03492021560668945
1778643566.865115,42.31867527961731,846,12564,jpeg,0.05430865287780762
1778643566.9134698,42.36703014373779,847,12567,jpeg,0.0483548641204834
1778643566.9605281,42.41408848762512,848,12579,jpeg,0.0470583438873291
1778643567.0139873,42.46754765510559,849,12584,jpeg,0.05345916748046875
1778643567.061889,42.5154492855072,850,12566,jpeg,0.04790163040161133
1778643567.1123612,42.56592154502869,851,12562,jpeg,0.050472259521484375
1778643567.1673133,42.62087368965149,852,12569,jpeg,0.054952144622802734
1778643567.2167966,42.67035698890686,853,12564,jpeg,0.049483299255371094
1778643567.2632353,42.716795682907104,854,12576,jpeg,0.04643869400024414
1778643567.3184412,42.77200150489807,855,12570,jpeg,0.0552058219909668
1778643567.3636665,42.81722688674927,856,12535,jpeg,0.04522538185119629
1778643567.411191,42.86475133895874,857,12539,jpeg,0.047524452209472656
1778643567.462877,42.91643738746643,858,12577,jpeg,0.05168604850769043
1778643567.5135534,42.967113733291626,859,12573,jpeg,0.05067634582519531
1778643567.560484,43.01404428482056,860,12549,jpeg,0.046930551528930664
1778643567.6145077,43.06806802749634,861,12571,jpeg,0.05402374267578125
1778643567.6641357,43.117696046829224,862,12562,jpeg,0.04962801933288574
1778643567.7120206,43.1655809879303,863,12557,jpeg,0.04788494110107422
1778643567.7633672,43.21692752838135,864,12551,jpeg,0.051346540451049805
1778643567.8136716,43.267231941223145,865,12580,jpeg,0.050304412841796875
1778643567.860167,43.313727378845215,866,12574,jpeg,0.04649543762207031
1778643567.9138734,43.36743378639221,867,12566,jpeg,0.05370640754699707
1778643567.9645584,43.418118715286255,868,12593,jpeg,0.05068492889404297
1778643568.0134778,43.46703815460205,869,12580,jpeg,0.0489194393157959
1778643568.0626101,43.516170501708984,870,12566,jpeg,0.049132347106933594
1778643568.1116846,43.565244913101196,871,12566,jpeg,0.049074411392211914
1778643568.1656637,43.619224071502686,872,12554,jpeg,0.05397915840148926
1778643568.211265,43.664825439453125,873,12580,jpeg,0.04560136795043945
1778643568.2602677,43.71382808685303,874,12557,jpeg,0.049002647399902344
1778643568.3111913,43.76475167274475,875,12538,jpeg,0.05092358589172363
1778643568.361905,43.815465450286865,876,12572,jpeg,0.05071377754211426
1778643568.4126554,43.86621570587158,877,12587,jpeg,0.0507502555847168
1778643568.4605432,43.914103507995605,878,12589,jpeg,0.04788780212402344
1778643568.5162559,43.96981620788574,879,12583,jpeg,0.05571269989013672
1778643568.5613852,44.01494550704956,880,12571,jpeg,0.04512929916381836
1778643568.6110964,44.06465673446655,881,12586,jpeg,0.04971122741699219
1778643568.6637778,44.11733818054199,882,12556,jpeg,0.05268144607543945
1778643568.709816,44.163376331329346,883,12548,jpeg,0.046038150787353516
1778643568.7600944,44.21365475654602,884,12556,jpeg,0.050278425216674805
1778643568.811789,44.26534938812256,885,12538,jpeg,0.051694631576538086
1778643568.8627987,44.31635904312134,886,12594,jpeg,0.0510096549987793
1778643568.9131901,44.36675047874451,887,12558,jpeg,0.050391435623168945
1778643568.9664538,44.42001414299011,888,12557,jpeg,0.05326366424560547
1778643569.0102053,44.4637656211853,889,12578,jpeg,0.04375147819519043
1778643569.061487,44.51504731178284,890,12571,jpeg,0.05128169059753418
1778643569.1135955,44.567155838012695,891,12590,jpeg,0.0521085262298584
1778643569.1669803,44.620540618896484,892,12604,jpeg,0.05338478088378906
1778643569.2104871,44.66404747962952,893,12576,jpeg,0.04350686073303223
1778643569.2683852,44.7219455242157,894,12558,jpeg,0.05789804458618164
1778643569.3107598,44.76432013511658,895,12563,jpeg,0.042374610900878906
1778643569.3596995,44.8132598400116,896,12564,jpeg,0.04893970489501953
1778643569.4116206,44.86518096923828,897,12559,jpeg,0.05192112922668457
1778643569.4598734,44.91343379020691,898,12559,jpeg,0.04825282096862793
1778643569.5100784,44.96363878250122,899,12566,jpeg,0.05020499229431152
1778643569.5613816,45.014941930770874,900,12556,jpeg,0.05130314826965332
1778643569.6103976,45.063957929611206,901,12556,jpeg,0.04901599884033203
1778643569.65975,45.11331033706665,902,12591,jpeg,0.049352407455444336
1778643569.7192352,45.17279553413391,903,12581,jpeg,0.05948519706726074
1778643569.7608824,45.21444272994995,904,12576,jpeg,0.04164719581604004
1778643569.8106153,45.26417565345764,905,12571,jpeg,0.04973292350769043
1778643569.863365,45.316925287246704,906,12578,jpeg,0.0527496337890625
1778643569.9104717,45.36403203010559,907,12585,jpeg,0.04710674285888672
1778643569.9620097,45.41557002067566,908,12559,jpeg,0.05153799057006836
1778643570.0137513,45.46731162071228,909,12564,jpeg,0.051741600036621094
1778643570.0612626,45.5148229598999,910,12567,jpeg,0.04751133918762207
1778643570.1101818,45.56374216079712,911,12555,jpeg,0.0489192008972168
1778643570.1632297,45.61679005622864,912,12561,jpeg,0.053047895431518555
1778643570.2101674,45.66372776031494,913,12569,jpeg,0.04693770408630371
1778643570.2590904,45.712650775909424,914,12579,jpeg,0.04892301559448242
1778643570.310394,45.763954401016235,915,12550,jpeg,0.05130362510681152
1778643570.3605223,45.814082622528076,916,12548,jpeg,0.05012822151184082
1778643570.408815,45.862375259399414,917,12584,jpeg,0.04829263687133789
1778643570.461552,45.915112257003784,918,12570,jpeg,0.05273699760437012
1778643570.5089264,45.962486743927,919,12594,jpeg,0.04737448692321777
1778643570.5582054,46.01176571846008,920,12572,jpeg,0.049278974533081055
1778643570.6118274,46.06538772583008,921,12572,jpeg,0.05362200736999512
1778643570.657947,46.111507415771484,922,12569,jpeg,0.04611968994140625
1778643570.7104506,46.164011001586914,923,12595,jpeg,0.05250358581542969
1778643570.7604003,46.21396064758301,924,12573,jpeg,0.04994964599609375
1778643570.814077,46.26763725280762,925,12569,jpeg,0.053676605224609375
1778643570.8587873,46.312347650527954,926,12572,jpeg,0.044710397720336914
1778643570.9175127,46.37107300758362,927,12552,jpeg,0.05872535705566406
1778643570.960853,46.41441345214844,928,12570,jpeg,0.043340444564819336
1778643571.0083904,46.46195077896118,929,12547,jpeg,0.04753732681274414
1778643571.062947,46.516507387161255,930,12583,jpeg,0.05455660820007324
1778643571.1091156,46.56267595291138,931,12611,jpeg,0.04616856575012207
1778643571.169752,46.62331223487854,932,12561,jpeg,0.060636281967163086
1778643571.2120464,46.66560673713684,933,12570,jpeg,0.04229450225830078
1778643571.2619557,46.715516090393066,934,12573,jpeg,0.049909353256225586
1778643571.312456,46.766016244888306,935,12565,jpeg,0.05050015449523926
1778643571.360349,46.81390929222107,936,12582,jpeg,0.04789304733276367
1778643571.4168377,46.87039804458618,937,12574,jpeg,0.056488752365112305
1778643571.4592447,46.91280508041382,938,12571,jpeg,0.04240703582763672
1778643571.5172265,46.970786809921265,939,12583,jpeg,0.05798172950744629
1778643571.5575528,47.01111316680908,940,12571,jpeg,0.04032635688781738
1778643571.6087358,47.06229615211487,941,12594,jpeg,0.05118298530578613
1778643571.6606996,47.11425995826721,942,12571,jpeg,0.05196380615234375
1778643571.7110636,47.164623975753784,943,12565,jpeg,0.050364017486572266
1778643571.7594094,47.21296977996826,944,12555,jpeg,0.04834580421447754
1778643571.8102038,47.26376414299011,945,12560,jpeg,0.050794363021850586
1778643571.8600392,47.313599586486816,946,12545,jpeg,0.0498354434967041
1778643571.9078953,47.36145567893982,947,12566,jpeg,0.04785609245300293
1778643571.9590597,47.412620067596436,948,12565,jpeg,0.05116438865661621
1778643572.0082211,47.46178150177002,949,12571,jpeg,0.049161434173583984
1778643572.0585558,47.51211619377136,950,12564,jpeg,0.05033469200134277
1778643572.1107187,47.564279079437256,951,12545,jpeg,0.052162885665893555
1778643572.157845,47.61140537261963,952,12552,jpeg,0.04712629318237305
1778643572.207424,47.66098427772522,953,12561,jpeg,0.04957890510559082
1778643572.262466,47.716026306152344,954,12550,jpeg,0.05504202842712402
1778643572.3077266,47.76128697395325,955,12567,jpeg,0.04526066780090332
1778643572.3580186,47.81157898902893,956,12565,jpeg,0.050292015075683594
1778643572.4099102,47.86347055435181,957,12582,jpeg,0.05189156532287598
1778643572.4575849,47.91114521026611,958,12570,jpeg,0.04767465591430664
1778643572.5095503,47.96311068534851,959,12563,jpeg,0.05196547508239746
1778643572.559702,48.0132622718811,960,12569,jpeg,0.05015158653259277
1778643572.6077163,48.06127667427063,961,12572,jpeg,0.04801440238952637
1778643572.659045,48.11260533332825,962,12549,jpeg,0.05132865905761719
1778643572.710182,48.16374230384827,963,12558,jpeg,0.05113697052001953
1778643572.7606883,48.21424865722656,964,12559,jpeg,0.0505063533782959
1778643572.8074696,48.261029958724976,965,12549,jpeg,0.046781301498413086
1778643572.860779,48.31433939933777,966,12558,jpeg,0.05330944061279297
1778643572.918591,48.372151374816895,967,12566,jpeg,0.05781197547912598
1778643572.9569514,48.41051173210144,968,12556,jpeg,0.0383603572845459
1778643573.0088754,48.462435722351074,969,12566,jpeg,0.05192399024963379
1778643573.060982,48.5145423412323,970,12552,jpeg,0.052106618881225586
1778643573.1121788,48.565739154815674,971,12548,jpeg,0.05119681358337402
1778643573.158968,48.6125283241272,972,12560,jpeg,0.04678916931152344
1778643573.2110927,48.664653062820435,973,12551,jpeg,0.052124738693237305
1778643573.2602,48.71376037597656,974,12556,jpeg,0.04910731315612793
1778643573.3093734,48.7629337310791,975,12546,jpeg,0.04917335510253906
1778643573.3594944,48.81305480003357,976,12530,jpeg,0.05012106895446777
1778643573.4079623,48.86152267456055,977,12550,jpeg,0.04846787452697754
1778643573.462018,48.91557836532593,978,12556,jpeg,0.05405569076538086
1778643573.5125253,48.96608567237854,979,12553,jpeg,0.050507307052612305
1778643573.5585418,49.012102127075195,980,12579,jpeg,0.04601645469665527
1778643573.611746,49.065306425094604,981,12566,jpeg,0.05320429801940918
1778643573.6594296,49.11298990249634,982,12574,jpeg,0.0476834774017334
1778643573.7076223,49.16118264198303,983,12574,jpeg,0.048192739486694336
1778643573.7594898,49.21305012702942,984,12575,jpeg,0.05186748504638672
1778643573.8104928,49.26405310630798,985,12546,jpeg,0.05100297927856445
1778643573.8579319,49.31149220466614,986,12550,jpeg,0.0474390983581543
1778643573.910202,49.36376237869263,987,12536,jpeg,0.05227017402648926
1778643573.960922,49.4144823551178,988,12579,jpeg,0.0507199764251709
1778643574.0087297,49.46229004859924,989,12585,jpeg,0.04780769348144531
1778643574.0588315,49.512391805648804,990,12563,jpeg,0.05010175704956055
1778643574.1083486,49.56190896034241,991,12580,jpeg,0.049517154693603516
1778643574.163668,49.617228269577026,992,12574,jpeg,0.05531930923461914
1778643574.2112246,49.66478490829468,993,12544,jpeg,0.04755663871765137
1778643574.2578454,49.711405754089355,994,12567,jpeg,0.046620845794677734
1778643574.3109987,49.76455903053284,995,12553,jpeg,0.053153276443481445
1778643574.358976,49.81253623962402,996,12537,jpeg,0.04797720909118652
1778643574.4092386,49.86279892921448,997,12552,jpeg,0.0502626895904541
1778643574.4594812,49.91304159164429,998,12580,jpeg,0.05024266242980957
1778643574.5085206,49.96208095550537,999,12571,jpeg,0.049039363861083984
1778643574.5613484,50.01490879058838,1000,12579,jpeg,0.05282783508300781
1778643574.6073785,50.06093883514404,1001,12583,jpeg,0.04603004455566406
1778643574.6597233,50.11328363418579,1002,12569,jpeg,0.05234479904174805
1778643574.712081,50.16564130783081,1003,12573,jpeg,0.05235767364501953
1778643574.7581935,50.211753845214844,1004,12575,jpeg,0.0461125373840332
1778643574.808691,50.26225137710571,1005,12578,jpeg,0.05049753189086914
1778643574.8589864,50.312546730041504,1006,12571,jpeg,0.050295352935791016
1778643574.9079716,50.36153197288513,1007,12564,jpeg,0.04898524284362793
1778643574.9595072,50.41306757926941,1008,12569,jpeg,0.051535606384277344
1778643575.0104296,50.46398997306824,1009,12555,jpeg,0.050922393798828125
1778643575.0600235,50.51358389854431,1010,12573,jpeg,0.04959392547607422
1778643575.1137788,50.567339181900024,1011,12562,jpeg,0.05375528335571289
1778643575.162787,50.616347312927246,1012,12550,jpeg,0.04900813102722168
1778643575.2088058,50.66236615180969,1013,12568,jpeg,0.04601883888244629
1778643575.2638352,50.717395544052124,1014,12579,jpeg,0.05502939224243164
1778643575.3109367,50.76449704170227,1015,12600,jpeg,0.047101497650146484
1778643575.3602655,50.813825845718384,1016,12578,jpeg,0.04932880401611328
1778643575.4113653,50.86492562294006,1017,12580,jpeg,0.05109977722167969
1778643575.461926,50.915486335754395,1018,12570,jpeg,0.050560712814331055
1778643575.51129,50.964850425720215,1019,12590,jpeg,0.04936408996582031
1778643575.5626473,51.016207695007324,1020,12581,jpeg,0.051357269287109375
1778643575.617338,51.07089829444885,1021,12548,jpeg,0.05469059944152832
1778643575.659119,51.11267924308777,1022,12552,jpeg,0.041780948638916016
1778643575.711293,51.16485333442688,1023,12569,jpeg,0.05217409133911133
1778643575.757308,51.21086835861206,1024,12563,jpeg,0.046015024185180664
1778643575.8081098,51.26167011260986,1025,12564,jpeg,0.050801753997802734
1778643575.8668718,51.32043218612671,1026,12557,jpeg,0.0587620735168457
1778643575.9097154,51.36327576637268,1027,12566,jpeg,0.04284358024597168
1778643575.9575543,51.41111469268799,1028,12561,jpeg,0.04783892631530762
1778643576.0087287,51.46228909492493,1029,12587,jpeg,0.05117440223693848
1778643576.0577753,51.511335611343384,1030,12560,jpeg,0.04904651641845703
1778643576.1076496,51.56120991706848,1031,12560,jpeg,0.049874305725097656
1778643576.15962,51.61318039894104,1032,12552,jpeg,0.051970481872558594
1778643576.2085586,51.662118911743164,1033,12536,jpeg,0.04893851280212402
1778643576.2584374,51.711997747421265,1034,12565,jpeg,0.049878835678100586
1778643576.3092673,51.7628276348114,1035,12552,jpeg,0.05082988739013672
1778643576.3607357,51.81429600715637,1036,12599,jpeg,0.0514683723449707
1778643576.4080083,51.86156868934631,1037,12561,jpeg,0.047272682189941406
1778643576.4581718,51.91173219680786,1038,12559,jpeg,0.05016350746154785
1778643576.5091903,51.96275067329407,1039,12557,jpeg,0.051018476486206055
1778643576.5585725,52.0121328830719,1040,12557,jpeg,0.04938220977783203
1778643576.6170893,52.07064962387085,1041,12575,jpeg,0.058516740798950195
1778643576.6583438,52.11190414428711,1042,12569,jpeg,0.041254520416259766
1778643576.7084064,52.1619668006897,1043,12582,jpeg,0.05006265640258789
1778643576.7610314,52.21459174156189,1044,12586,jpeg,0.05262494087219238
1778643576.8097773,52.2633376121521,1045,12558,jpeg,0.04874587059020996
1778643576.857832,52.311392307281494,1046,12582,jpeg,0.04805469512939453
1778643576.912651,52.36621141433716,1047,12563,jpeg,0.05481910705566406
1778643576.9575956,52.41115593910217,1048,12552,jpeg,0.04494452476501465
1778643577.0072386,52.46079897880554,1049,12547,jpeg,0.04964303970336914
1778643577.0605721,52.514132499694824,1050,12565,jpeg,0.05333352088928223
1778643577.1084373,52.56199765205383,1051,12554,jpeg,0.04786515235900879
1778643577.161052,52.614612340927124,1052,12551,jpeg,0.052614688873291016
1778643577.2096982,52.66325855255127,1053,12572,jpeg,0.04864621162414551
1778643577.2597132,52.71327352523804,1054,12573,jpeg,0.05001497268676758
1778643577.3108575,52.76441788673401,1055,12545,jpeg,0.05114436149597168
1778643577.3661292,52.81968951225281,1056,12574,jpeg,0.05527162551879883
1778643577.413026,52.866586446762085,1057,12564,jpeg,0.046896934509277344
1778643577.4582825,52.911842823028564,1058,12561,jpeg,0.04525637626647949
1778643577.508546,52.962106466293335,1059,12582,jpeg,0.05026364326477051
1778643577.5605178,53.01407814025879,1060,12559,jpeg,0.0519716739654541
1778643577.6057258,53.05928611755371,1061,12537,jpeg,0.045207977294921875
1778643577.66156,53.11512041091919,1062,12570,jpeg,0.055834293365478516
1778643577.7100673,53.16362762451172,1063,12565,jpeg,0.0485072135925293
1778643577.7574127,53.210973024368286,1064,12569,jpeg,0.04734539985656738
1778643577.8088262,53.26238656044006,1065,12557,jpeg,0.051413536071777344
1778643577.8593206,53.312880992889404,1066,12570,jpeg,0.05049443244934082
1778643577.9094996,53.363059997558594,1067,12557,jpeg,0.05017900466918945
1778643577.9598813,53.41344165802002,1068,12555,jpeg,0.05038166046142578
1778643578.0078342,53.46139454841614,1069,12607,jpeg,0.047952890396118164
1778643578.0577254,53.51128578186035,1070,12587,jpeg,0.04989123344421387
1778643578.1073768,53.56093716621399,1071,12539,jpeg,0.049651384353637695
1778643578.1576629,53.611223220825195,1072,12556,jpeg,0.050286054611206055
1778643578.2066848,53.660245180130005,1073,12547,jpeg,0.04902195930480957
1778643578.2582078,53.71176815032959,1074,12556,jpeg,0.05152297019958496
1778643578.308161,53.76172137260437,1075,12559,jpeg,0.04995322227478027
1778643578.3571029,53.8106632232666,1076,12547,jpeg,0.048941850662231445
1778643578.4089751,53.86253547668457,1077,12558,jpeg,0.05187225341796875
1778643578.4595988,53.913159132003784,1078,12586,jpeg,0.05062365531921387
1778643578.5062754,53.95983576774597,1079,12561,jpeg,0.0466766357421875
1778643578.5582216,54.01178193092346,1080,12562,jpeg,0.051946163177490234
1778643578.6085348,54.062095165252686,1081,12565,jpeg,0.05031323432922363
1778643578.6566942,54.110254526138306,1082,12579,jpeg,0.04815936088562012
1778643578.7114139,54.164974212646484,1083,12587,jpeg,0.05471968650817871
1778643578.7604795,54.21403980255127,1084,12567,jpeg,0.049065589904785156
1778643578.8090684,54.26262879371643,1085,12590,jpeg,0.04858899116516113
1778643578.859331,54.312891244888306,1086,12572,jpeg,0.050262451171875
1778643578.906695,54.36025524139404,1087,12564,jpeg,0.047363996505737305
1778643578.9564974,54.41005778312683,1088,12583,jpeg,0.049802541732788086
1778643579.0082524,54.46181273460388,1089,12591,jpeg,0.05175495147705078
1778643579.0582337,54.511794090270996,1090,12581,jpeg,0.04998135566711426
1778643579.110944,54.56450438499451,1091,12588,jpeg,0.05271029472351074
1778643579.1573071,54.610867500305176,1092,12559,jpeg,0.046363115310668945
1778643579.2114103,54.6649706363678,1093,12564,jpeg,0.05410313606262207
1778643579.2582302,54.711790561676025,1094,12572,jpeg,0.04681992530822754
1778643579.3083627,54.76192307472229,1095,12579,jpeg,0.05013251304626465
1778643579.3609135,54.81447386741638,1096,12594,jpeg,0.0525507926940918
1778643579.4068015,54.8603618144989,1097,12560,jpeg,0.04588794708251953
1778643579.4613209,54.914881229400635,1098,12550,jpeg,0.0545194149017334
1778643579.5115275,54.965087890625,1099,12541,jpeg,0.050206661224365234
1778643579.557106,55.010666370391846,1100,12572,jpeg,0.0455784797668457
1778643579.6100397,55.063600063323975,1101,12572,jpeg,0.052933692932128906
1778643579.6581516,55.11171197891235,1102,12556,jpeg,0.048111915588378906
1778643579.7124228,55.16598320007324,1103,12548,jpeg,0.05427122116088867
1778643579.7588127,55.21237301826477,1104,12558,jpeg,0.04638981819152832
1778643579.80636,55.25992035865784,1105,12575,jpeg,0.047547340393066406
1778643579.8594751,55.31303548812866,1106,12526,jpeg,0.053115129470825195
1778643579.9079452,55.36150550842285,1107,12561,jpeg,0.04847002029418945
1778643579.9564803,55.410040616989136,1108,12551,jpeg,0.04853510856628418
1778643580.0076098,55.4611701965332,1109,12573,jpeg,0.05112957954406738
1778643580.0582566,55.51181697845459,1110,12552,jpeg,0.05064678192138672
1778643580.1075447,55.56110501289368,1111,12590,jpeg,0.049288034439086914
1778643580.1569023,55.61046266555786,1112,12566,jpeg,0.04935765266418457
1778643580.2082412,55.66180157661438,1113,12554,jpeg,0.051338911056518555
1778643580.2570088,55.71056914329529,1114,12558,jpeg,0.0487675666809082
1778643580.3063283,55.759888648986816,1115,12552,jpeg,0.04931950569152832
1778643580.358103,55.81166338920593,1116,12552,jpeg,0.05177474021911621
1778643580.4072027,55.86076307296753,1117,12585,jpeg,0.04909968376159668
1778643580.4566607,55.910221099853516,1118,12563,jpeg,0.04945802688598633
1778643580.5104277,55.963988065719604,1119,12568,jpeg,0.05376696586608887
1778643580.5570195,56.01057982444763,1120,12564,jpeg,0.046591758728027344
1778643580.6064777,56.0600380897522,1121,12573,jpeg,0.04945826530456543
1778643580.6588833,56.112443685531616,1122,12577,jpeg,0.052405595779418945
1778643580.7070687,56.16062903404236,1123,12544,jpeg,0.04818534851074219
1778643580.7559562,56.209516525268555,1124,12557,jpeg,0.04888749122619629
1778643580.807354,56.26091432571411,1125,12544,jpeg,0.05139780044555664
1778643580.856364,56.309924364089966,1126,12552,jpeg,0.04901003837585449
1778643580.906671,56.36023139953613,1127,12578,jpeg,0.05030703544616699
1778643580.9593632,56.41292357444763,1128,12559,jpeg,0.05269217491149902
1778643581.008465,56.46202540397644,1129,12561,jpeg,0.049101829528808594
1778643581.0555518,56.50911211967468,1130,12557,jpeg,0.04708671569824219
1778643581.1075325,56.56109285354614,1131,12558,jpeg,0.05198073387145996
1778643581.1590555,56.61261582374573,1132,12559,jpeg,0.05152297019958496
1778643581.2086112,56.662171602249146,1133,12555,jpeg,0.04955577850341797
1778643581.257781,56.711341381073,1134,12543,jpeg,0.04916977882385254
1778643581.304208,56.757768392562866,1135,12549,jpeg,0.046427011489868164
1778643581.358108,56.811668395996094,1136,12582,jpeg,0.05390000343322754
1778643581.4074776,56.86103796958923,1137,12585,jpeg,0.04936957359313965
1778643581.4561832,56.909743547439575,1138,12569,jpeg,0.0487055778503418
1778643581.5084457,56.96200609207153,1139,12579,jpeg,0.05226254463195801
1778643581.5572762,57.010836601257324,1140,12557,jpeg,0.048830509185791016
1778643581.609195,57.06275534629822,1141,12559,jpeg,0.051918745040893555
1778643581.6570666,57.11062693595886,1142,12568,jpeg,0.04787158966064453
1778643581.7115302,57.165090560913086,1143,12552,jpeg,0.05446362495422363
1778643581.7594764,57.21303677558899,1144,12565,jpeg,0.04794621467590332
1778643581.804985,57.25854539871216,1145,12556,jpeg,0.045508623123168945
1778643581.8603065,57.31386685371399,1146,12555,jpeg,0.055321455001831055
1778643581.9108443,57.36440467834473,1147,12550,jpeg,0.050537824630737305
1778643581.9615138,57.41507411003113,1148,12584,jpeg,0.05066943168640137
1778643582.018104,57.47166442871094,1149,12534,jpeg,0.05659031867980957
1778643582.0556087,57.50916910171509,1150,12573,jpeg,0.03750467300415039
1778643582.1047466,57.55830693244934,1151,12557,jpeg,0.04913783073425293
1778643582.1566403,57.61020064353943,1152,12570,jpeg,0.05189371109008789
1778643582.2051222,57.65868258476257,1153,12571,jpeg,0.04848194122314453
1778643582.2551289,57.70868921279907,1154,12603,jpeg,0.05000662803649902
1778643582.3067849,57.760345220565796,1155,12576,jpeg,0.05165600776672363
1778643582.355237,57.80879735946655,1156,12599,jpeg,0.048452138900756836
1778643582.4054008,57.85896110534668,1157,12586,jpeg,0.05016374588012695
1778643582.4577951,57.91135549545288,1158,12545,jpeg,0.05239439010620117
1778643582.509151,57.962711334228516,1159,12553,jpeg,0.051355838775634766
1778643582.555806,58.009366273880005,1160,12562,jpeg,0.04665493965148926
1778643582.6069856,58.060545921325684,1161,12570,jpeg,0.05117964744567871
1778643582.658809,58.11236929893494,1162,12540,jpeg,0.05182337760925293
1778643582.7069335,58.16049385070801,1163,12556,jpeg,0.04812455177307129
1778643582.7570846,58.21064496040344,1164,12541,jpeg,0.05015110969543457
1778643582.808668,58.26222825050354,1165,12580,jpeg,0.051583290100097656
1778643582.8574505,58.31101083755493,1166,12529,jpeg,0.0487825870513916
1778643582.90753,58.361090421676636,1167,12527,jpeg,0.0500795841217041
1778643582.9581351,58.41169548034668,1168,12555,jpeg,0.050605058670043945
1778643583.00643,58.45999026298523,1169,12541,jpeg,0.048294782638549805
1778643583.0580108,58.511571168899536,1170,12551,jpeg,0.05158090591430664
1778643583.1076393,58.56119966506958,1171,12545,jpeg,0.049628496170043945
1778643583.1592731,58.61283349990845,1172,12559,jpeg,0.05163383483886719
1778643583.2092693,58.662829637527466,1173,12559,jpeg,0.049996137619018555
1778643583.2560253,58.709585666656494,1174,12556,jpeg,0.04675602912902832
1778643583.3068552,58.76041555404663,1175,12548,jpeg,0.05082988739013672
1778643583.3582983,58.81185865402222,1176,12566,jpeg,0.05144309997558594
1778643583.4106557,58.86421608924866,1177,12566,jpeg,0.05235743522644043
1778643583.45996,58.91352033615112,1178,12545,jpeg,0.04930424690246582
1778643583.5099523,58.963512659072876,1179,12570,jpeg,0.04999232292175293
1778643583.5576806,59.01124095916748,1180,12558,jpeg,0.04772830009460449
1778643583.6086671,59.06222748756409,1181,12564,jpeg,0.050986528396606445
1778643583.6589158,59.112476110458374,1182,12554,jpeg,0.05024862289428711
1778643583.710216,59.16377639770508,1183,12561,jpeg,0.0513002872467041
1778643583.7580073,59.211567640304565,1184,12549,jpeg,0.047791242599487305
1778643583.80766,59.26122045516968,1185,12570,jpeg,0.049652814865112305
1778643583.8606296,59.31418991088867,1186,12573,jpeg,0.05296945571899414
1778643583.9074793,59.36103963851929,1187,12559,jpeg,0.046849727630615234
1778643583.9607751,59.41433548927307,1188,12558,jpeg,0.05329585075378418
1778643584.011499,59.46505928039551,1189,12568,jpeg,0.05072379112243652
1778643584.0602505,59.513810873031616,1190,12565,jpeg,0.0487515926361084
1778643584.111421,59.56498146057129,1191,12562,jpeg,0.05117058753967285
1778643584.1596277,59.61318802833557,1192,12571,jpeg,0.04820656776428223
1778643584.2076125,59.66117286682129,1193,12564,jpeg,0.04798483848571777
1778643584.2595088,59.71306920051575,1194,12552,jpeg,0.05189633369445801
1778643584.3087614,59.76232171058655,1195,12557,jpeg,0.04925251007080078
1778643584.3565917,59.81015205383301,1196,12556,jpeg,0.04783034324645996
1778643584.4075978,59.8611581325531,1197,12554,jpeg,0.05100607872009277
1778643584.4586785,59.91223883628845,1198,12543,jpeg,0.05108070373535156
1778643584.507508,59.96106839179993,1199,12531,jpeg,0.04882955551147461
1778643584.5613148,60.014875173568726,1200,12566,jpeg,0.05380678176879883
1778643584.6064723,60.06003260612488,1201,12556,jpeg,0.045157432556152344
1778643584.655195,60.108755350112915,1202,12570,jpeg,0.04872274398803711
1778643584.7102842,60.1638445854187,1203,12561,jpeg,0.05508923530578613
1778643584.756785,60.21034526824951,1204,12570,jpeg,0.04650068283081055
1778643584.8086734,60.26223373413086,1205,12545,jpeg,0.051888465881347656
1778643584.85862,60.312180280685425,1206,12566,jpeg,0.04994654655456543
1778643584.910733,60.364293336868286,1207,12544,jpeg,0.05211305618286133
1778643584.9572415,60.41080188751221,1208,12535,jpeg,0.0465085506439209
1778643585.0064087,60.45996904373169,1209,12521,jpeg,0.04916715621948242
1778643585.0565262,60.51008653640747,1210,12566,jpeg,0.05011749267578125
1778643585.1052926,60.55885291099548,1211,12564,jpeg,0.048766374588012695
1778643585.1581776,60.611737966537476,1212,12573,jpeg,0.05288505554199219
1778643585.209821,60.66338133811951,1213,12571,jpeg,0.05164337158203125
1778643585.257572,60.711132287979126,1214,12570,jpeg,0.04775094985961914
1778643585.309065,60.76262545585632,1215,12537,jpeg,0.051493167877197266
1778643585.3575902,60.811150550842285,1216,12563,jpeg,0.048525094985961914
1778643585.406817,60.86037731170654,1217,12563,jpeg,0.04922676086425781
1778643585.4579287,60.91148900985718,1218,12562,jpeg,0.051111698150634766
1778643585.5073273,60.96088767051697,1219,12555,jpeg,0.04939866065979004
1778643585.55833,61.01189041137695,1220,12563,jpeg,0.05100274085998535
1778643585.610255,61.0638153553009,1221,12569,jpeg,0.051924943923950195
1778643585.6562998,61.10986018180847,1222,12569,jpeg,0.04604482650756836
1778643585.7072914,61.16085171699524,1223,12574,jpeg,0.05099153518676758
1778643585.758747,61.21230745315552,1224,12574,jpeg,0.05145573616027832
1778643585.8101892,61.26374959945679,1225,12596,jpeg,0.05144214630126953
1778643585.8554928,61.30905318260193,1226,12581,jpeg,0.0453035831451416
1778643585.9060566,61.35961699485779,1227,12560,jpeg,0.050563812255859375
1778643585.9573402,61.410900592803955,1228,12569,jpeg,0.05128359794616699
1778643586.008369,61.46192932128906,1229,12568,jpeg,0.05102872848510742
1778643586.057178,61.510738372802734,1230,12569,jpeg,0.048809051513671875
1778643586.1087327,61.56229305267334,1231,12548,jpeg,0.05155467987060547
1778643586.1640363,61.61759662628174,1232,12545,jpeg,0.05530357360839844
1778643586.210613,61.66417336463928,1233,12528,jpeg,0.046576738357543945
1778643586.257203,61.710763454437256,1234,12562,jpeg,0.04659008979797363
1778643586.3057992,61.75935959815979,1235,12551,jpeg,0.04859614372253418
1778643586.3584793,61.812039613723755,1236,12578,jpeg,0.052680015563964844
1778643586.409724,61.86328434944153,1237,12570,jpeg,0.05124473571777344
1778643586.4581249,61.91168522834778,1238,12575,jpeg,0.04840087890625
1778643586.5084422,61.96200251579285,1239,12565,jpeg,0.05031728744506836
1778643586.5578792,62.01143956184387,1240,12577,jpeg,0.04943704605102539
1778643586.608067,62.06162738800049,1241,12583,jpeg,0.05018782615661621
1778643586.6598268,62.11338710784912,1242,12562,jpeg,0.05175971984863281
1778643586.7120323,62.165592670440674,1243,12557,jpeg,0.052205562591552734
1778643586.7571785,62.21073889732361,1244,12547,jpeg,0.04514622688293457
1778643586.8073535,62.26091384887695,1245,12563,jpeg,0.05017495155334473
1778643586.8586438,62.312204122543335,1246,12563,jpeg,0.051290273666381836
1778643586.9062757,62.35983610153198,1247,12587,jpeg,0.04763197898864746
1778643586.9572344,62.410794734954834,1248,12563,jpeg,0.05095863342285156
1778643587.007817,62.46137738227844,1249,12578,jpeg,0.0505826473236084
1778643587.056332,62.50989246368408,1250,12559,jpeg,0.04851508140563965
1778643587.10622,62.55978035926819,1251,12572,jpeg,0.049887895584106445
1778643587.1567833,62.61034369468689,1252,12569,jpeg,0.05056333541870117
1778643587.207086,62.66064643859863,1253,12571,jpeg,0.050302743911743164
1778643587.2634757,62.71703600883484,1254,12583,jpeg,0.056389570236206055
1778643587.3129897,62.766550064086914,1255,12588,jpeg,0.049514055252075195
1778643587.3578386,62.81139898300171,1256,12564,jpeg,0.04484891891479492
1778643587.4068518,62.86041212081909,1257,12586,jpeg,0.04901313781738281
1778643587.4566722,62.91023254394531,1258,12555,jpeg,0.0498204231262207
1778643587.506717,62.96027731895447,1259,12576,jpeg,0.05004477500915527
1778643587.555291,63.008851289749146,1260,12571,jpeg,0.048573970794677734
1778643587.6087158,63.062276124954224,1261,12557,jpeg,0.053424835205078125
1778643587.6545324,63.10809278488159,1262,12542,jpeg,0.045816659927368164
1778643587.7089014,63.16246175765991,1263,12567,jpeg,0.05436897277832031
1778643587.7573488,63.21090912818909,1264,12569,jpeg,0.048447370529174805
1778643587.812512,63.266072273254395,1265,12558,jpeg,0.05516314506530762
1778643587.8575604,63.3111207485199,1266,12565,jpeg,0.04504847526550293
1778643587.9061286,63.35968899726868,1267,12546,jpeg,0.0485682487487793
1778643587.9582837,63.41184401512146,1268,12552,jpeg,0.0521550178527832
1778643588.0098495,63.46340990066528,1269,12558,jpeg,0.05156588554382324
1778643588.0560222,63.50958251953125,1270,12577,jpeg,0.0461726188659668
1778643588.1069093,63.56046962738037,1271,12563,jpeg,0.050887107849121094
1778643588.160906,63.614466428756714,1272,12591,jpeg,0.05399680137634277
1778643588.211202,63.66476225852966,1273,12563,jpeg,0.05029582977294922
1778643588.2571876,63.710747957229614,1274,12569,jpeg,0.04598569869995117
1778643588.3086069,63.76216721534729,1275,12585,jpeg,0.05141925811767578
1778643588.358023,63.811583280563354,1276,12576,jpeg,0.04941606521606445
1778643588.4059393,63.85949969291687,1277,12575,jpeg,0.047916412353515625
1778643588.4571157,63.91067600250244,1278,12569,jpeg,0.05117630958557129
1778643588.5059257,63.95948600769043,1279,12560,jpeg,0.04881000518798828
1778643588.556403,64.00996327400208,1280,12539,jpeg,0.05047726631164551
1778643588.6078882,64.06144857406616,1281,12565,jpeg,0.051485300064086914
1778643588.655743,64.10930323600769,1282,12569,jpeg,0.04785466194152832
1778643588.7044134,64.1579737663269,1283,12550,jpeg,0.04867053031921387
1778643588.7565372,64.21009755134583,1284,12579,jpeg,0.0521237850189209
1778643588.8051624,64.25872278213501,1285,12568,jpeg,0.04862523078918457
1778643588.8548765,64.30843687057495,1286,12548,jpeg,0.049714088439941406
1778643588.9061735,64.35973381996155,1287,12568,jpeg,0.05129694938659668
1778643588.9541986,64.40775895118713,1288,12557,jpeg,0.04802513122558594
1778643589.0041587,64.45771908760071,1289,12542,jpeg,0.04996013641357422
1778643589.058974,64.5125343799591,1290,12571,jpeg,0.05481529235839844
1778643589.103989,64.55754923820496,1291,12568,jpeg,0.04501485824584961
1778643589.1547668,64.60832715034485,1292,12558,jpeg,0.05077791213989258
1778643589.2053778,64.65893816947937,1293,12549,jpeg,0.050611019134521484
1778643589.2528527,64.70641303062439,1294,12544,jpeg,0.04747486114501953
1778643589.303523,64.75708341598511,1295,12559,jpeg,0.05067038536071777
1778643589.3553479,64.80890822410583,1296,12559,jpeg,0.05182480812072754
1778643589.4074655,64.8610258102417,1297,12533,jpeg,0.05211758613586426
1778643589.4535546,64.90711498260498,1298,12559,jpeg,0.04608917236328125
1778643589.5080416,64.96160197257996,1299,12570,jpeg,0.054486989974975586
1778643589.5537112,65.00727152824402,1300,12558,jpeg,0.0456695556640625
1778643589.6039214,65.05748176574707,1301,12560,jpeg,0.05021023750305176
1778643589.657445,65.1110053062439,1302,12587,jpeg,0.05352354049682617
1778643589.7031343,65.15669465065002,1303,12587,jpeg,0.04568934440612793
1778643589.756465,65.21002531051636,1304,12570,jpeg,0.05333065986633301
1778643589.8052685,65.25882887840271,1305,12561,jpeg,0.04880356788635254
1778643589.8608575,65.3144178390503,1306,12569,jpeg,0.05558896064758301
1778643589.9055474,65.35910773277283,1307,12565,jpeg,0.04468989372253418
1778643589.9569068,65.41046714782715,1308,12580,jpeg,0.05135941505432129
1778643590.0084205,65.46198081970215,1309,12598,jpeg,0.051513671875
1778643590.0538642,65.5074245929718,1310,12566,jpeg,0.04544377326965332
1778643590.110569,65.56412935256958,1311,12581,jpeg,0.05670475959777832
1778643590.1553082,65.60886859893799,1312,12545,jpeg,0.0447392463684082
1778643590.2041218,65.65768218040466,1313,12563,jpeg,0.048813581466674805
1778643590.2582183,65.71177864074707,1314,12579,jpeg,0.05409646034240723
1778643590.3030581,65.75661849975586,1315,12582,jpeg,0.04483985900878906
1778643590.3533936,65.80695390701294,1316,12550,jpeg,0.05033540725708008
1778643590.405813,65.85937333106995,1317,12581,jpeg,0.052419424057006836
1778643590.45282,65.90638041496277,1318,12586,jpeg,0.047007083892822266
1778643590.5048265,65.95838689804077,1319,12565,jpeg,0.05200648307800293
1778643590.5555055,66.00906586647034,1320,12571,jpeg,0.05067896842956543
1778643590.6039279,66.0574882030487,1321,12562,jpeg,0.04842233657836914
1778643590.6548705,66.10843086242676,1322,12553,jpeg,0.05094265937805176
1778643590.7047582,66.15831851959229,1323,12586,jpeg,0.049887657165527344
1778643590.758068,66.21162843704224,1324,12541,jpeg,0.05330991744995117
1778643590.80246,66.2560203075409,1325,12577,jpeg,0.04439187049865723
1778643590.8544087,66.30796909332275,1326,12580,jpeg,0.05194878578186035
1778643590.9037237,66.35728406906128,1327,12560,jpeg,0.04931497573852539
1778643590.9534833,66.40704369544983,1328,12559,jpeg,0.049759626388549805
1778643591.0075488,66.46110916137695,1329,12569,jpeg,0.05406546592712402
1778643591.0619364,66.51549673080444,1330,12611,jpeg,0.054387569427490234
1778643591.10361,66.55717039108276,1331,12592,jpeg,0.04167366027832031
1778643591.155558,66.60911846160889,1332,12569,jpeg,0.05194807052612305
1778643591.2159433,66.66950368881226,1333,12610,jpeg,0.06038522720336914
1778643591.2536218,66.70718216896057,1334,12628,jpeg,0.03767848014831543
1778643591.3050857,66.75864601135254,1335,12575,jpeg,0.05146384239196777
1778643591.3525531,66.8061134815216,1336,12599,jpeg,0.04746747016906738
1778643591.402327,66.8558874130249,1337,12603,jpeg,0.0497739315032959
1778643591.4572463,66.91080665588379,1338,12588,jpeg,0.05491924285888672
1778643591.5099764,66.96353673934937,1339,12567,jpeg,0.05273008346557617
1778643591.5621243,67.01568460464478,1340,12584,jpeg,0.052147865295410156
1778643591.607519,67.06107926368713,1341,12559,jpeg,0.0453946590423584
1778643591.661499,67.11505937576294,1342,12569,jpeg,0.053980112075805664
1778643591.7072067,67.16076707839966,1343,12556,jpeg,0.04570770263671875
1778643591.7544453,67.20800566673279,1344,12566,jpeg,0.04723858833312988
1778643591.8063648,67.25992512702942,1345,12595,jpeg,0.05191946029663086
1778643591.8559296,67.30948996543884,1346,12542,jpeg,0.04956483840942383
1778643591.9081361,67.36169648170471,1347,12568,jpeg,0.05220651626586914
1778643591.954924,67.40848445892334,1348,12540,jpeg,0.04678797721862793
1778643592.0030262,67.45658659934998,1349,12584,jpeg,0.04810214042663574
1778643592.063312,67.51687240600586,1350,12597,jpeg,0.06028580665588379
1778643592.1025355,67.55609583854675,1351,12587,jpeg,0.039223432540893555
1778643592.1525471,67.60610747337341,1352,12582,jpeg,0.050011634826660156
1778643592.2167842,67.67034459114075,1353,12582,jpeg,0.06423711776733398
1778643592.255571,67.70913124084473,1354,12600,jpeg,0.03878664970397949
1778643592.306432,67.75999236106873,1355,12557,jpeg,0.05086112022399902
1778643592.3596005,67.81316089630127,1356,12578,jpeg,0.053168535232543945
1778643592.408688,67.86224842071533,1357,12574,jpeg,0.0490875244140625
1778643592.4554572,67.90901756286621,1358,12561,jpeg,0.046769142150878906
1778643592.5096836,67.96324396133423,1359,12572,jpeg,0.05422639846801758
1778643592.5567615,68.01032185554504,1360,12585,jpeg,0.04707789421081543
1778643592.6012936,68.05485391616821,1361,12594,jpeg,0.044532060623168945
1778643592.653453,68.107013463974,1362,12573,jpeg,0.05215954780578613
1778643592.7141607,68.16772103309631,1363,12589,jpeg,0.06070756912231445
1778643592.7517638,68.20532417297363,1364,12579,jpeg,0.037603139877319336
1778643592.8064508,68.26001119613647,1365,12604,jpeg,0.0546870231628418
1778643592.852778,68.3063383102417,1366,12598,jpeg,0.04632711410522461
1778643592.902312,68.35587239265442,1367,12578,jpeg,0.04953408241271973
1778643592.9562974,68.40985774993896,1368,12592,jpeg,0.0539853572845459
1778643593.0030856,68.45664596557617,1369,12563,jpeg,0.04678821563720703
1778643593.0527656,68.5063259601593,1370,12576,jpeg,0.04967999458312988
1778643593.1049337,68.55849409103394,1371,12609,jpeg,0.05216813087463379
1778643593.1536164,68.60717678070068,1372,12590,jpeg,0.04868268966674805
1778643593.2024782,68.65603852272034,1373,12617,jpeg,0.04886174201965332
1778643593.2539823,68.70754265785217,1374,12610,jpeg,0.05150413513183594
1778643593.3028283,68.7563886642456,1375,12575,jpeg,0.04884600639343262
1778643593.3528335,68.80639386177063,1376,12583,jpeg,0.050005197525024414
1778643593.4042034,68.85776376724243,1377,12564,jpeg,0.05136990547180176
1778643593.4529684,68.90652871131897,1378,12584,jpeg,0.048764944076538086
1778643593.5026705,68.95623087882996,1379,12565,jpeg,0.04970216751098633
1778643593.55485,69.00841045379639,1380,12563,jpeg,0.052179574966430664
1778643593.604122,69.0576822757721,1381,12569,jpeg,0.04927182197570801
1778643593.6529617,69.10652208328247,1382,12572,jpeg,0.04883980751037598
1778643593.707523,69.16108345985413,1383,12570,jpeg,0.05456137657165527
1778643593.754442,69.20800232887268,1384,12580,jpeg,0.04691886901855469
1778643593.803128,69.25668835639954,1385,12581,jpeg,0.04868602752685547
1778643593.859136,69.31269645690918,1386,12570,jpeg,0.056008100509643555
1778643593.9043455,69.35790586471558,1387,12626,jpeg,0.045209407806396484
1778643593.9548612,69.40842151641846,1388,12586,jpeg,0.05051565170288086
1778643594.0080717,69.46163201332092,1389,12577,jpeg,0.05321049690246582
1778643594.0604858,69.51404619216919,1390,12573,jpeg,0.0524141788482666
1778643594.1047103,69.55827069282532,1391,12589,jpeg,0.04422450065612793
1778643594.1622448,69.61580514907837,1392,12592,jpeg,0.05753445625305176
1778643594.21177,69.66533041000366,1393,12581,jpeg,0.04952526092529297
1778643594.2556236,69.70918393135071,1394,12556,jpeg,0.0438535213470459
1778643594.3115535,69.7651138305664,1395,12569,jpeg,0.05592989921569824
1778643594.3553956,69.80895590782166,1396,12571,jpeg,0.04384207725524902
1778643594.4023561,69.85591650009155,1397,12588,jpeg,0.04696059226989746
1778643594.4577835,69.9113438129425,1398,12576,jpeg,0.05542731285095215
1778643594.502626,69.95618629455566,1399,12593,jpeg,0.04484248161315918
1778643594.5578854,70.01144576072693,1400,12582,jpeg,0.05525946617126465
1778643594.6058652,70.05942559242249,1401,12584,jpeg,0.04797983169555664
1778643594.6527119,70.10627222061157,1402,12570,jpeg,0.046846628189086914
1778643594.7090638,70.16262412071228,1403,12567,jpeg,0.05635190010070801
1778643594.754997,70.20855736732483,1404,12560,jpeg,0.04593324661254883
1778643594.802467,70.25602746009827,1405,12583,jpeg,0.0474700927734375
1778643594.8523707,70.3059310913086,1406,12586,jpeg,0.04990363121032715
1778643594.9038038,70.35736417770386,1407,12580,jpeg,0.05143308639526367
1778643594.9524527,70.40601301193237,1408,12576,jpeg,0.048648834228515625
1778643595.0029054,70.45646572113037,1409,12578,jpeg,0.05045270919799805
1778643595.0542824,70.50784277915955,1410,12578,jpeg,0.051377058029174805
1778643595.1029606,70.55652093887329,1411,12551,jpeg,0.04867815971374512
1778643595.153196,70.60675644874573,1412,12548,jpeg,0.05023550987243652
1778643595.2050178,70.65857815742493,1413,12579,jpeg,0.05182170867919922
1778643595.2528973,70.70645761489868,1414,12571,jpeg,0.04787945747375488
1778643595.302474,70.75603437423706,1415,12555,jpeg,0.049576759338378906
1778643595.3540874,70.80764770507812,1416,12570,jpeg,0.05161333084106445
1778643595.403099,70.85665941238403,1417,12576,jpeg,0.0490117073059082
1778643595.4525714,70.90613174438477,1418,12571,jpeg,0.04947233200073242
1778643595.504952,70.95851230621338,1419,12579,jpeg,0.05238056182861328
1778643595.5528393,71.00639963150024,1420,12559,jpeg,0.047887325286865234
1778643595.602939,71.05649924278259,1421,12577,jpeg,0.05009961128234863
1778643595.6543212,71.10788154602051,1422,12571,jpeg,0.05138230323791504
1778643595.701918,71.15547823905945,1423,12587,jpeg,0.04759669303894043
1778643595.7543573,71.2079176902771,1424,12617,jpeg,0.05243945121765137
1778643595.8065403,71.26010060310364,1425,12579,jpeg,0.052182912826538086
1778643595.8525388,71.30609917640686,1426,12570,jpeg,0.045998573303222656
1778643595.9030328,71.35659313201904,1427,12576,jpeg,0.05049395561218262
1778643595.9540308,71.40759110450745,1428,12575,jpeg,0.05099797248840332
1778643596.0038705,71.45743083953857,1429,12581,jpeg,0.04983973503112793
1778643596.0528893,71.50644969940186,1430,12580,jpeg,0.04901885986328125
1778643596.1050847,71.5586450099945,1431,12592,jpeg,0.05219531059265137
1778643596.1560333,71.60959362983704,1432,12575,jpeg,0.0509486198425293
1778643596.2047253,71.65828561782837,1433,12577,jpeg,0.04869198799133301
1778643596.2534316,71.70699191093445,1434,12566,jpeg,0.0487062931060791
1778643596.3028793,71.75643968582153,1435,12564,jpeg,0.04944777488708496
1778643596.3525825,71.80614280700684,1436,12595,jpeg,0.049703121185302734
1778643596.4087327,71.86229300498962,1437,12574,jpeg,0.056150197982788086
1778643596.4527302,71.90629053115845,1438,12578,jpeg,0.04399752616882324
1778643596.5047219,71.95828223228455,1439,12590,jpeg,0.05199170112609863
1778643596.5564811,72.01004147529602,1440,12584,jpeg,0.05175924301147461
1778643596.602548,72.05610823631287,1441,12586,jpeg,0.0460667610168457
1778643596.654482,72.10804224014282,1442,12613,jpeg,0.051934003829956055
1778643596.709098,72.16265845298767,1443,12596,jpeg,0.05461621284484863
1778643596.7552001,72.20876049995422,1444,12591,jpeg,0.046102046966552734
1778643596.8019683,72.25552868843079,1445,12610,jpeg,0.0467681884765625
1778643596.8536732,72.30723357200623,1446,12573,jpeg,0.05170488357543945
1778643596.9030492,72.356609582901,1447,12568,jpeg,0.04937601089477539
1778643596.9518573,72.40541768074036,1448,12581,jpeg,0.04880809783935547
1778643597.0032954,72.45685577392578,1449,12588,jpeg,0.051438093185424805
1778643597.0516222,72.50518250465393,1450,12581,jpeg,0.048326730728149414
1778643597.1018937,72.55545401573181,1451,12584,jpeg,0.05027151107788086
1778643597.153756,72.60731625556946,1452,12559,jpeg,0.051862239837646484
1778643597.2027442,72.65630459785461,1453,12594,jpeg,0.04898834228515625
1778643597.2520185,72.70557880401611,1454,12600,jpeg,0.04927420616149902
1778643597.3032959,72.75685620307922,1455,12570,jpeg,0.05127739906311035
1778643597.352541,72.80610132217407,1456,12601,jpeg,0.04924511909484863
1778643597.4017973,72.85535764694214,1457,12568,jpeg,0.049256324768066406
1778643597.4534745,72.9070348739624,1458,12580,jpeg,0.05167722702026367
1778643597.5025456,72.9561059474945,1459,12581,jpeg,0.04907107353210449
1778643597.5520203,73.00558066368103,1460,12574,jpeg,0.04947471618652344
1778643597.60462,73.05818033218384,1461,12555,jpeg,0.05259966850280762
1778643597.6528077,73.10636806488037,1462,12573,jpeg,0.0481877326965332
1778643597.7019384,73.15549874305725,1463,12596,jpeg,0.04913067817687988
1778643597.7541528,73.20771312713623,1464,12585,jpeg,0.05221438407897949
1778643597.8044524,73.25801277160645,1465,12598,jpeg,0.050299644470214844
1778643597.855838,73.30939841270447,1466,12580,jpeg,0.05138564109802246
1778643597.9053032,73.35886359214783,1467,12589,jpeg,0.049465179443359375
1778643597.9529228,73.40648317337036,1468,12599,jpeg,0.04761958122253418
1778643598.0079498,73.461510181427,1469,12571,jpeg,0.055027008056640625
1778643598.0581183,73.51167869567871,1470,12600,jpeg,0.050168514251708984
1778643598.1045725,73.5581328868866,1471,12592,jpeg,0.04645419120788574
1778643598.15674,73.6103003025055,1472,12581,jpeg,0.052167415618896484
1778643598.2023613,73.65592169761658,1473,12589,jpeg,0.045621395111083984
1778643598.2593882,73.71294856071472,1474,12583,jpeg,0.05702686309814453
1778643598.301307,73.75486731529236,1475,12573,jpeg,0.04191875457763672
1778643598.3610926,73.81465291976929,1476,12586,jpeg,0.05978560447692871
1778643598.4034405,73.8570008277893,1477,12599,jpeg,0.04234790802001953
1778643598.4528356,73.90639591217041,1478,12575,jpeg,0.049395084381103516
1778643598.5065534,73.9601137638092,1479,12557,jpeg,0.053717851638793945
1778643598.5518312,74.0053915977478,1480,12571,jpeg,0.04527783393859863
1778643598.602764,74.05632424354553,1481,12590,jpeg,0.05093264579772949
1778643598.655507,74.10906744003296,1482,12590,jpeg,0.05274319648742676
1778643598.7017803,74.1553406715393,1483,12581,jpeg,0.046273231506347656
1778643598.7512612,74.20482158660889,1484,12593,jpeg,0.04948091506958008
1778643598.8035269,74.25708723068237,1485,12595,jpeg,0.05226564407348633
1778643598.8517706,74.305330991745,1486,12574,jpeg,0.04824376106262207
1778643598.9014902,74.35505056381226,1487,12579,jpeg,0.04971957206726074
1778643598.9525077,74.40606808662415,1488,12586,jpeg,0.05101752281188965
1778643599.001202,74.45476245880127,1489,12595,jpeg,0.04869437217712402
1778643599.050667,74.50422739982605,1490,12573,jpeg,0.04946494102478027
1778643599.1037798,74.55734014511108,1491,12570,jpeg,0.05311274528503418
1778643599.1515925,74.60515284538269,1492,12565,jpeg,0.047812700271606445
1778643599.2014167,74.65497708320618,1493,12579,jpeg,0.04982423782348633
1778643599.2564576,74.7100179195404,1494,12582,jpeg,0.055040836334228516
1778643599.3025553,74.75611567497253,1495,12596,jpeg,0.046097755432128906
1778643599.3512766,74.8048369884491,1496,12594,jpeg,0.0487213134765625
1778643599.408754,74.86231446266174,1497,12592,jpeg,0.057477474212646484
1778643599.4524057,74.90596604347229,1498,12577,jpeg,0.043651580810546875
1778643599.5016491,74.95520949363708,1499,12600,jpeg,0.04924345016479492
1778643599.5598032,75.01336359977722,1500,12573,jpeg,0.05815410614013672
1778643599.6031935,75.05675387382507,1501,12583,jpeg,0.04339027404785156
1778643599.6516602,75.10522055625916,1502,12580,jpeg,0.04846668243408203
1778643599.7079086,75.16146898269653,1503,12569,jpeg,0.05624842643737793
1778643599.7528474,75.20640778541565,1504,12590,jpeg,0.04493880271911621
1778643599.8002532,75.25381350517273,1505,12582,jpeg,0.04740571975708008
1778643599.8572583,75.31081867218018,1506,12600,jpeg,0.05700516700744629
1778643599.9027014,75.35626173019409,1507,12583,jpeg,0.045443058013916016
1778643599.9523704,75.40593075752258,1508,12563,jpeg,0.04966902732849121
1778643600.0045514,75.45811176300049,1509,12580,jpeg,0.05218100547790527
1778643600.0547998,75.5083601474762,1510,12588,jpeg,0.05024838447570801
1778643600.102592,75.55615234375,1511,12606,jpeg,0.04779219627380371
1778643600.1580951,75.6116554737091,1512,12598,jpeg,0.055503129959106445
1778643600.204316,75.65787625312805,1513,12580,jpeg,0.04622077941894531
1778643600.250946,75.70450639724731,1514,12595,jpeg,0.046630144119262695
1778643600.3065996,75.76015996932983,1515,12595,jpeg,0.05565357208251953
1778643600.353002,75.80656242370605,1516,12609,jpeg,0.0464024543762207
1778643600.4007237,75.85428404808044,1517,12586,jpeg,0.04772162437438965
1778643600.4554071,75.9089674949646,1518,12580,jpeg,0.05468344688415527
1778643600.5012665,75.95482683181763,1519,12587,jpeg,0.045859336853027344
1778643600.5548859,76.00844621658325,1520,12605,jpeg,0.053619384765625
1778643600.6060646,76.05962491035461,1521,12579,jpeg,0.051178693771362305
1778643600.6511981,76.10475850105286,1522,12578,jpeg,0.04513359069824219
1778643600.7044203,76.1579806804657,1523,12573,jpeg,0.0532221794128418
1778643600.7543755,76.20793581008911,1524,12573,jpeg,0.049955129623413086
1778643600.8028626,76.256422996521,1525,12585,jpeg,0.048487186431884766
1778643600.8532543,76.30681467056274,1526,12596,jpeg,0.05039167404174805
1778643600.9118116,76.36537194252014,1527,12543,jpeg,0.05855727195739746
1778643600.951447,76.40500736236572,1528,12585,jpeg,0.039635419845581055
1778643601.0014236,76.45498394966125,1529,12575,jpeg,0.04997658729553223
1778643601.0535443,76.50710463523865,1530,12582,jpeg,0.05212068557739258
1778643601.1014636,76.55502390861511,1531,12583,jpeg,0.047919273376464844
1778643601.1513903,76.60495066642761,1532,12556,jpeg,0.0499267578125
1778643601.2024837,76.65604400634766,1533,12570,jpeg,0.051093339920043945
1778643601.2537394,76.70729970932007,1534,12554,jpeg,0.05125570297241211
1778643601.3030233,76.75658369064331,1535,12552,jpeg,0.04928398132324219
1778643601.350696,76.80425643920898,1536,12566,jpeg,0.04767274856567383
1778643601.4009035,76.85446381568909,1537,12576,jpeg,0.05020737648010254
1778643601.4559352,76.90949559211731,1538,12554,jpeg,0.055031776428222656
1778643601.501134,76.95469427108765,1539,12545,jpeg,0.045198678970336914
1778643601.5492659,77.00282621383667,1540,12568,jpeg,0.04813194274902344
1778643601.5991836,77.05274391174316,1541,12551,jpeg,0.04991769790649414
1778643601.6583672,77.11192750930786,1542,12575,jpeg,0.059183597564697266
1778643601.6987512,77.15231156349182,1543,12567,jpeg,0.04038405418395996
1778643601.7495553,77.20311570167542,1544,12588,jpeg,0.05080413818359375
1778643601.8065076,77.2600679397583,1545,12558,jpeg,0.05695223808288574
1778643601.850866,77.30442643165588,1546,12591,jpeg,0.04435849189758301
1778643601.9011166,77.3546769618988,1547,12544,jpeg,0.05025053024291992
1778643601.9558206,77.40938091278076,1548,12583,jpeg,0.05470395088195801
1778643602.0011053,77.45466566085815,1549,12558,jpeg,0.04528474807739258
1778643602.050884,77.50444436073303,1550,12557,jpeg,0.04977869987487793
1778643602.1055698,77.55913019180298,1551,12542,jpeg,0.05468583106994629
1778643602.1505768,77.60413718223572,1552,12569,jpeg,0.04500699043273926
1778643602.200149,77.6537094116211,1553,12603,jpeg,0.04957222938537598
1778643602.2545645,77.70812487602234,1554,12586,jpeg,0.05441546440124512
1778643602.3001215,77.75368189811707,1555,12554,jpeg,0.04555702209472656
1778643602.3527431,77.80630350112915,1556,12584,jpeg,0.05262160301208496
1778643602.4048433,77.85840368270874,1557,12584,jpeg,0.052100181579589844
1778643602.452474,77.90603446960449,1558,12569,jpeg,0.04763078689575195
1778643602.4991956,77.95275592803955,1559,12597,jpeg,0.046721458435058594
1778643602.5507486,78.0043089389801,1560,12587,jpeg,0.05155301094055176
1778643602.6165075,78.07006788253784,1561,12579,jpeg,0.06575894355773926
1778643602.6606588,78.11421918869019,1562,12559,jpeg,0.04415130615234375
1778643602.7122102,78.16577053070068,1563,12587,jpeg,0.05155134201049805
1778643602.7518792,78.20543956756592,1564,12606,jpeg,0.039669036865234375
1778643602.799867,78.25342726707458,1565,12580,jpeg,0.04798769950866699
1778643602.85511,78.30867028236389,1566,12590,jpeg,0.05524301528930664
1778643602.901128,78.3546884059906,1567,12573,jpeg,0.046018123626708984
1778643602.9530544,78.40661478042603,1568,12573,jpeg,0.051926374435424805
1778643603.0083673,78.46192765235901,1569,12555,jpeg,0.0553128719329834
1778643603.0576434,78.51120376586914,1570,12576,jpeg,0.049276113510131836
1778643603.1021116,78.55567193031311,1571,12578,jpeg,0.04446816444396973
1778643603.1518614,78.60542178153992,1572,12601,jpeg,0.04974985122680664
1778643603.1998374,78.65339779853821,1573,12593,jpeg,0.047976016998291016
1778643603.25431,78.70787024497986,1574,12603,jpeg,0.05447244644165039
1778643603.3050601,78.75862050056458,1575,12585,jpeg,0.0507502555847168
1778643603.3504162,78.80397653579712,1576,12573,jpeg,0.045356035232543945
1778643603.4020245,78.85558485984802,1577,12565,jpeg,0.05160832405090332
1778643603.4556882,78.90924859046936,1578,12567,jpeg,0.05366373062133789
1778643603.4995506,78.95311093330383,1579,12568,jpeg,0.043862342834472656
1778643603.5505738,79.00413417816162,1580,12552,jpeg,0.051023244857788086
1778643603.6048229,79.05838322639465,1581,12559,jpeg,0.05424904823303223
1778643603.6498551,79.10341548919678,1582,12547,jpeg,0.04503226280212402
1778643603.6997972,79.15335750579834,1583,12586,jpeg,0.0499420166015625
1778643603.7516646,79.20522499084473,1584,12595,jpeg,0.05186748504638672
1778643603.8059602,79.25952053070068,1585,12597,jpeg,0.05429553985595703
1778643603.8495371,79.30309748649597,1586,12577,jpeg,0.043576955795288086
1778643603.9013982,79.35495853424072,1587,12576,jpeg,0.05186104774475098
1778643603.949997,79.40355730056763,1588,12584,jpeg,0.0485987663269043
1778643604.000992,79.45455241203308,1589,12556,jpeg,0.0509951114654541
1778643604.0566537,79.51021409034729,1590,12592,jpeg,0.055661678314208984
1778643604.1009173,79.55447769165039,1591,12582,jpeg,0.044263601303100586
1778643604.1514292,79.604989528656,1592,12604,jpeg,0.050511837005615234
1778643604.2096543,79.66321468353271,1593,12597,jpeg,0.058225154876708984
1778643604.2547681,79.70832848548889,1594,12577,jpeg,0.04511380195617676
1778643604.3005795,79.75413990020752,1595,12560,jpeg,0.04581141471862793
1778643604.3521507,79.80571103096008,1596,12584,jpeg,0.05157113075256348
1778643604.4030538,79.856614112854,1597,12575,jpeg,0.0509030818939209
1778643604.4525087,79.90606904029846,1598,12549,jpeg,0.04945492744445801
1778643604.5059483,79.95950865745544,1599,12600,jpeg,0.05343961715698242
1778643604.5526645,80.00622487068176,1600,12581,jpeg,0.04671621322631836
1778643604.6087477,80.06230807304382,1601,12583,jpeg,0.05608320236206055
1778643604.6552866,80.10884690284729,1602,12564,jpeg,0.0465388298034668
1778643604.699706,80.15326642990112,1603,12562,jpeg,0.04441952705383301
1778643604.7492204,80.20278072357178,1604,12586,jpeg,0.0495142936706543
1778643604.806362,80.25992226600647,1605,12555,jpeg,0.05714154243469238
1778643604.8519847,80.30554509162903,1606,12574,jpeg,0.045622825622558594
1778643604.900125,80.35368537902832,1607,12595,jpeg,0.04814028739929199
1778643604.9515479,80.40510821342468,1608,12596,jpeg,0.051422834396362305
1778643605.0133324,80.4668927192688,1609,12590,jpeg,0.06178450584411621
1778643605.0506523,80.50421261787415,1610,12552,jpeg,0.03731989860534668
1778643605.1087208,80.56228113174438,1611,12566,jpeg,0.05806851387023926
1778643605.152117,80.60567736625671,1612,12560,jpeg,0.0433962345123291
1778643605.201012,80.65457224845886,1613,12572,jpeg,0.04889488220214844
1778643605.2513943,80.70495462417603,1614,12589,jpeg,0.050382375717163086
1778643605.3009028,80.75446319580078,1615,12587,jpeg,0.04950857162475586
1778643605.3507192,80.80427956581116,1616,12578,jpeg,0.04981637001037598
1778643605.4040253,80.85758566856384,1617,12567,jpeg,0.05330610275268555
1778643605.4509525,80.90451288223267,1618,12560,jpeg,0.04692721366882324
1778643605.5008035,80.95436382293701,1619,12610,jpeg,0.0498509407043457
1778643605.55741,81.0109703540802,1620,12545,jpeg,0.05660653114318848
1778643605.6008053,81.05436563491821,1621,12591,jpeg,0.043395280838012695
1778643605.6501083,81.10366868972778,1622,12572,jpeg,0.04930305480957031
1778643605.7049832,81.15854358673096,1623,12608,jpeg,0.05487489700317383
1778643605.7516544,81.20521473884583,1624,12570,jpeg,0.046671152114868164
1778643605.79984,81.25340032577515,1625,12606,jpeg,0.04818558692932129
1778643605.8533354,81.30689573287964,1626,12565,jpeg,0.05349540710449219
1778643605.9010217,81.35458207130432,1627,12574,jpeg,0.04768633842468262
1778643605.9512117,81.40477204322815,1628,12581,jpeg,0.050189971923828125
1778643606.009222,81.46278238296509,1629,12598,jpeg,0.05801033973693848
1778643606.053124,81.50668430328369,1630,12575,jpeg,0.043901920318603516
1778643606.099982,81.55354237556458,1631,12566,jpeg,0.04685807228088379
1778643606.1515331,81.6050934791565,1632,12581,jpeg,0.051551103591918945
1778643606.199713,81.65327334403992,1633,12580,jpeg,0.04817986488342285
1778643606.2506135,81.70417380332947,1634,12541,jpeg,0.05090045928955078
1778643606.3029718,81.75653219223022,1635,12547,jpeg,0.052358388900756836
1778643606.3539958,81.80755615234375,1636,12552,jpeg,0.05102396011352539
1778643606.4053602,81.85892057418823,1637,12597,jpeg,0.05136442184448242
1778643606.4527125,81.9062728881836,1638,12567,jpeg,0.04735231399536133
1778643606.5033412,81.95690155029297,1639,12572,jpeg,0.050628662109375
1778643606.5533924,82.00695276260376,1640,12557,jpeg,0.050051212310791016
1778643606.602679,82.05623936653137,1641,12577,jpeg,0.049286603927612305
1778643606.6590068,82.11256718635559,1642,12561,jpeg,0.05632781982421875
1778643606.7008104,82.15437078475952,1643,12568,jpeg,0.041803598403930664
1778643606.757882,82.21144247055054,1644,12570,jpeg,0.057071685791015625
1778643606.800955,82.2545154094696,1645,12551,jpeg,0.04307293891906738
1778643606.8481295,82.30168986320496,1646,12554,jpeg,0.04717445373535156
1778643606.9025662,82.35612654685974,1647,12574,jpeg,0.054436683654785156
1778643606.9550931,82.40865349769592,1648,12592,jpeg,0.05252695083618164
1778643606.9990327,82.45259308815002,1649,12577,jpeg,0.04393959045410156
1778643607.0509675,82.50452780723572,1650,12580,jpeg,0.05193471908569336
1778643607.105688,82.55924844741821,1651,12574,jpeg,0.05472064018249512
1778643607.1490965,82.60265684127808,1652,12577,jpeg,0.04340839385986328
1778643607.2020454,82.65560579299927,1653,12579,jpeg,0.052948951721191406
1778643607.251822,82.70538234710693,1654,12573,jpeg,0.049776554107666016
1778643607.2986155,82.75217580795288,1655,12578,jpeg,0.046793460845947266
1778643607.3524032,82.80596351623535,1656,12583,jpeg,0.0537877082824707
1778643607.3983095,82.85186982154846,1657,12534,jpeg,0.04590630531311035
1778643607.4484553,82.90201568603516,1658,12572,jpeg,0.050145864486694336
1778643607.5095215,82.96308183670044,1659,12564,jpeg,0.0610661506652832
1778643607.552518,83.00607824325562,1660,12582,jpeg,0.04299640655517578
1778643607.6002877,83.05384802818298,1661,12586,jpeg,0.047769784927368164
1778643607.6518314,83.10539174079895,1662,12582,jpeg,0.0515437126159668
1778643607.6998646,83.15342497825623,1663,12585,jpeg,0.04803323745727539
1778643607.7504246,83.20398497581482,1664,12586,jpeg,0.05055999755859375
1778643607.8015845,83.25514483451843,1665,12581,jpeg,0.05115985870361328
1778643607.8494442,83.30300450325012,1666,12582,jpeg,0.04785966873168945
1778643607.9000351,83.353595495224,1667,12579,jpeg,0.05059099197387695
1778643607.951644,83.40520429611206,1668,12549,jpeg,0.05160880088806152
1778643607.9995174,83.45307779312134,1669,12572,jpeg,0.047873497009277344
1778643608.0490391,83.50259947776794,1670,12575,jpeg,0.049521684646606445
1778643608.0996659,83.55322623252869,1671,12597,jpeg,0.05062675476074219
1778643608.1486247,83.60218501091003,1672,12540,jpeg,0.048958778381347656
1778643608.198401,83.65196132659912,1673,12558,jpeg,0.049776315689086914
1778643608.251943,83.70550346374512,1674,12578,jpeg,0.053542137145996094
1778643608.2985837,83.75214409828186,1675,12567,jpeg,0.046640634536743164
1778643608.3501217,83.80368208885193,1676,12574,jpeg,0.05153799057006836
1778643608.4105647,83.86412501335144,1677,12548,jpeg,0.06044292449951172
1778643608.4489505,83.90251088142395,1678,12571,jpeg,0.038385868072509766
1778643608.4980137,83.95157408714294,1679,12578,jpeg,0.04906320571899414
1778643608.5517223,84.00528264045715,1680,12593,jpeg,0.053708553314208984
1778643608.601263,84.05482339859009,1681,12574,jpeg,0.04954075813293457
1778643608.6490338,84.10259413719177,1682,12550,jpeg,0.04777073860168457
1778643608.7050035,84.15856385231018,1683,12544,jpeg,0.0559697151184082
1778643608.7521794,84.205739736557,1684,12586,jpeg,0.04717588424682617
1778643608.7995455,84.25310587882996,1685,12550,jpeg,0.04736614227294922
1778643608.8533616,84.30692195892334,1686,12554,jpeg,0.05381608009338379
1778643608.9004653,84.3540256023407,1687,12593,jpeg,0.0471036434173584
1778643608.9481144,84.40167474746704,1688,12588,jpeg,0.04764914512634277
1778643609.013745,84.46730542182922,1689,12580,jpeg,0.06563067436218262
1778643609.0477643,84.50132465362549,1690,12586,jpeg,0.03401923179626465
1778643609.0997612,84.55332159996033,1691,12581,jpeg,0.05199694633483887
1778643609.1538703,84.60743069648743,1692,12600,jpeg,0.05410909652709961
1778643609.2047086,84.65826892852783,1693,12582,jpeg,0.05083823204040527
1778643609.2501748,84.70373511314392,1694,12579,jpeg,0.04546618461608887
1778643609.3039825,84.75754284858704,1695,12555,jpeg,0.053807735443115234
1778643609.3498833,84.80344367027283,1696,12578,jpeg,0.045900821685791016
1778643609.3985708,84.85213112831116,1697,12560,jpeg,0.04868745803833008
1778643609.451904,84.90546441078186,1698,12575,jpeg,0.053333282470703125
1778643609.4983788,84.95193910598755,1699,12578,jpeg,0.04647469520568848
1778643609.5483694,85.00192975997925,1700,12581,jpeg,0.04999065399169922
1778643609.606847,85.06040740013123,1701,12556,jpeg,0.05847764015197754
1778643609.647484,85.10104441642761,1702,12581,jpeg,0.04063701629638672
1778643609.6969147,85.150475025177,1703,12598,jpeg,0.04943060874938965
1778643609.7535996,85.20715999603271,1704,12560,jpeg,0.05668497085571289
1778643609.7987764,85.25233674049377,1705,12580,jpeg,0.04517674446105957
1778643609.8486328,85.30219316482544,1706,12598,jpeg,0.04985642433166504
1778643609.9093559,85.3629162311554,1707,12572,jpeg,0.060723066329956055
1778643609.9477882,85.40134859085083,1708,12596,jpeg,0.03843235969543457
1778643610.0007665,85.45432686805725,1709,12588,jpeg,0.0529782772064209
1778643610.053383,85.50694346427917,1710,12576,jpeg,0.05261659622192383
1778643610.0994234,85.55298376083374,1711,12584,jpeg,0.04604029655456543
1778643610.1494894,85.60304975509644,1712,12593,jpeg,0.05006599426269531
1778643610.2005208,85.65408110618591,1713,12571,jpeg,0.05103135108947754
1778643610.2481966,85.70175695419312,1714,12551,jpeg,0.04767584800720215
1778643610.298099,85.75165939331055,1715,12561,jpeg,0.04990243911743164
1778643610.361442,85.81500244140625,1716,12550,jpeg,0.06334304809570312
1778643610.3976653,85.85122561454773,1717,12571,jpeg,0.03622317314147949
1778643610.4509003,85.90446066856384,1718,12578,jpeg,0.05323505401611328
1778643610.502736,85.95629644393921,1719,12575,jpeg,0.05183577537536621
1778643610.5483341,86.00189447402954,1720,12585,jpeg,0.04559803009033203
1778643610.6017306,86.0552909374237,1721,12592,jpeg,0.05339646339416504
1778643610.653077,86.10663723945618,1722,12586,jpeg,0.0513463020324707
1778643610.699165,86.15272545814514,1723,12594,jpeg,0.046088218688964844
1778643610.7503126,86.20387291908264,1724,12585,jpeg,0.0511474609375
1778643610.8012536,86.25481390953064,1725,12574,jpeg,0.05094099044799805
1778643610.8529918,86.30655217170715,1726,12598,jpeg,0.05173826217651367
1778643610.8988345,86.35239481925964,1727,12588,jpeg,0.045842647552490234
1778643610.9553983,86.40895867347717,1728,12577,jpeg,0.0565638542175293
1778643610.9984303,86.45199060440063,1729,12574,jpeg,0.043031930923461914
1778643611.0483475,86.50190782546997,1730,12568,jpeg,0.04991722106933594
1778643611.10287,86.55643033981323,1731,12580,jpeg,0.05452251434326172
1778643611.1510477,86.60460805892944,1732,12588,jpeg,0.04817771911621094
1778643611.2003255,86.65388584136963,1733,12600,jpeg,0.04927778244018555
1778643611.25179,86.70535039901733,1734,12574,jpeg,0.05146455764770508
1778643611.3005507,86.75411105155945,1735,12560,jpeg,0.04876065254211426
1778643611.3516831,86.80524349212646,1736,12538,jpeg,0.0511324405670166
1778643611.4007673,86.85432767868042,1737,12566,jpeg,0.04908418655395508
1778643611.4567778,86.91033816337585,1738,12594,jpeg,0.05601048469543457
1778643611.499204,86.95276427268982,1739,12588,jpeg,0.042426109313964844
1778643611.5512576,87.00481796264648,1740,12566,jpeg,0.05205368995666504
1778643611.5994399,87.0530002117157,1741,12589,jpeg,0.04818224906921387
1778643611.649271,87.10283136367798,1742,12582,jpeg,0.04983115196228027
1778643611.7010913,87.1546516418457,1743,12569,jpeg,0.05182027816772461
1778643611.7506175,87.20417785644531,1744,12560,jpeg,0.049526214599609375
1778643611.8005404,87.25410079956055,1745,12573,jpeg,0.049922943115234375
1778643611.8526554,87.30621576309204,1746,12580,jpeg,0.05211496353149414
1778643611.8999379,87.35349822044373,1747,12580,jpeg,0.04728245735168457
1778643611.9530544,87.40661478042603,1748,12586,jpeg,0.053116559982299805
1778643612.0075688,87.4611291885376,1749,12580,jpeg,0.054514408111572266
1778643612.0496216,87.50318193435669,1750,12567,jpeg,0.0420527458190918
1778643612.1010435,87.55460381507874,1751,12574,jpeg,0.0514218807220459
1778643612.151894,87.60545444488525,1752,12579,jpeg,0.050850629806518555
1778643612.20124,87.65480041503906,1753,12592,jpeg,0.049345970153808594
1778643612.2504222,87.70398259162903,1754,12593,jpeg,0.04918217658996582
1778643612.3008263,87.75438666343689,1755,12568,jpeg,0.05040407180786133
1778643612.3488972,87.80245757102966,1756,12543,jpeg,0.04807090759277344
1778643612.3980148,87.85157513618469,1757,12561,jpeg,0.0491175651550293
1778643612.452067,87.90562725067139,1758,12569,jpeg,0.054052114486694336
1778643612.4993114,87.952871799469,1759,12582,jpeg,0.04724454879760742
1778643612.5491624,88.00272274017334,1760,12574,jpeg,0.0498509407043457
1778643612.6004195,88.05397987365723,1761,12570,jpeg,0.05125713348388672
1778643612.6517665,88.10532689094543,1762,12579,jpeg,0.05134701728820801
1778643612.699619,88.15317940711975,1763,12601,jpeg,0.047852516174316406
1778643612.7538779,88.20743823051453,1764,12598,jpeg,0.05425882339477539
1778643612.798243,88.25180339813232,1765,12581,jpeg,0.04436516761779785
1778643612.8487186,88.30227899551392,1766,12558,jpeg,0.0504755973815918
1778643612.90477,88.35833024978638,1767,12582,jpeg,0.05605125427246094
1778643612.950509,88.40406942367554,1768,12578,jpeg,0.045739173889160156
1778643613.002289,88.4558494091034,1769,12577,jpeg,0.051779985427856445
1778643613.0514648,88.50502514839172,1770,12558,jpeg,0.04917573928833008
1778643613.0982985,88.55185890197754,1771,12557,jpeg,0.04683375358581543
1778643613.1513298,88.60489010810852,1772,12586,jpeg,0.053031206130981445
1778643613.2096987,88.66325902938843,1773,12558,jpeg,0.05836892127990723
1778643613.2595825,88.71314287185669,1774,12562,jpeg,0.04988384246826172
1778643613.299828,88.75338840484619,1775,12580,jpeg,0.04024553298950195
1778643613.350521,88.80408143997192,1776,12605,jpeg,0.05069303512573242
1778643613.4000072,88.85356760025024,1777,12588,jpeg,0.04948616027832031
1778643613.4495976,88.90315794944763,1778,12611,jpeg,0.049590349197387695
1778643613.5052483,88.9588086605072,1779,12596,jpeg,0.05565071105957031
1778643613.552048,89.0056083202362,1780,12584,jpeg,0.046799659729003906
1778643613.604268,89.05782842636108,1781,12593,jpeg,0.05222010612487793
1778643613.6525388,89.10609912872314,1782,12564,jpeg,0.04827070236206055
1778643613.7077992,89.16135954856873,1783,12606,jpeg,0.055260419845581055
1778643613.749874,89.20343446731567,1784,12611,jpeg,0.04207491874694824
1778643613.8045263,89.25808668136597,1785,12589,jpeg,0.05465221405029297
1778643613.8509247,89.30448508262634,1786,12565,jpeg,0.04639840126037598
1778643613.8997898,89.3533501625061,1787,12589,jpeg,0.04886507987976074
1778643613.950238,89.4037983417511,1788,12605,jpeg,0.05044817924499512
1778643614.000752,89.45431232452393,1789,12574,jpeg,0.05051398277282715
1778643614.047956,89.50151634216309,1790,12604,jpeg,0.047204017639160156
1778643614.104157,89.55771732330322,1791,12574,jpeg,0.05620098114013672
1778643614.1490288,89.60258913040161,1792,12565,jpeg,0.04487180709838867
1778643614.1993918,89.65295219421387,1793,12581,jpeg,0.05036306381225586
1778643614.2538788,89.70743918418884,1794,12592,jpeg,0.054486989974975586
1778643614.2981703,89.7517306804657,1795,12567,jpeg,0.04429149627685547
1778643614.348095,89.80165529251099,1796,12575,jpeg,0.049924612045288086
1778643614.4018161,89.85537648200989,1797,12580,jpeg,0.05372118949890137
1778643614.4486864,89.9022467136383,1798,12563,jpeg,0.04687023162841797
1778643614.4979773,89.95153760910034,1799,12569,jpeg,0.04929089546203613
1778643614.5498009,90.00336122512817,1800,12560,jpeg,0.05182361602783203
1778643614.5986495,90.05220985412598,1801,12576,jpeg,0.048848628997802734
1778643614.6487563,90.1023166179657,1802,12592,jpeg,0.05010676383972168
1778643614.7031221,90.15668249130249,1803,12574,jpeg,0.05436587333679199
1778643614.750844,90.20440435409546,1804,12563,jpeg,0.04772186279296875
1778643614.8013577,90.2549180984497,1805,12565,jpeg,0.05051374435424805
1778643614.8507905,90.30435085296631,1806,12576,jpeg,0.04943275451660156
1778643614.8980846,90.35164499282837,1807,12586,jpeg,0.04729413986206055
1778643614.9502673,90.40382766723633,1808,12571,jpeg,0.052182674407958984
1778643615.0006309,90.45419120788574,1809,12590,jpeg,0.05036354064941406
1778643615.050243,90.50380325317383,1810,12587,jpeg,0.04961204528808594
1778643615.098951,90.55251145362854,1811,12592,jpeg,0.048708200454711914
1778643615.153507,90.60706734657288,1812,12574,jpeg,0.05455589294433594
1778643615.1985369,90.65209722518921,1813,12558,jpeg,0.04502987861633301
1778643615.2491136,90.70267391204834,1814,12580,jpeg,0.05057668685913086
1778643615.3016415,90.75520181655884,1815,12602,jpeg,0.05252790451049805
1778643615.3488562,90.80241656303406,1816,12558,jpeg,0.04721474647521973
1778643615.3983886,90.85194897651672,1817,12582,jpeg,0.049532413482666016
1778643615.4511864,90.90474677085876,1818,12566,jpeg,0.052797794342041016
1778643615.4989748,90.9525351524353,1819,12581,jpeg,0.047788381576538086
1778643615.5498087,91.00336909294128,1820,12583,jpeg,0.050833940505981445
1778643615.5996518,91.05321216583252,1821,12590,jpeg,0.04984307289123535
1778643615.6522865,91.10584688186646,1822,12608,jpeg,0.05263471603393555
1778643615.6983888,91.15194916725159,1823,12607,jpeg,0.046102285385131836
1778643615.7544403,91.20800065994263,1824,12572,jpeg,0.05605149269104004
1778643615.801756,91.2553162574768,1825,12566,jpeg,0.04731559753417969
1778643615.8483665,91.30192685127258,1826,12582,jpeg,0.04661059379577637
1778643615.9030104,91.35657072067261,1827,12578,jpeg,0.054643869400024414
1778643615.9504087,91.40396904945374,1828,12569,jpeg,0.04739832878112793
1778643615.9997942,91.45335459709167,1829,12604,jpeg,0.04938554763793945
1778643616.0512807,91.50484108924866,1830,12594,jpeg,0.05148649215698242
1778643616.0984998,91.5520601272583,1831,12585,jpeg,0.047219038009643555
1778643616.1517787,91.60533905029297,1832,12591,jpeg,0.05327892303466797
1778643616.2004702,91.65403056144714,1833,12596,jpeg,0.048691511154174805
1778643616.2489607,91.70252108573914,1834,12576,jpeg,0.04849052429199219
1778643616.300363,91.7539234161377,1835,12577,jpeg,0.05140233039855957
1778643616.3504283,91.80398869514465,1836,12609,jpeg,0.05006527900695801
1778643616.3971825,91.85074281692505,1837,12601,jpeg,0.04675412178039551
1778643616.4479578,91.90151810646057,1838,12575,jpeg,0.05077528953552246
1778643616.4988587,91.95241904258728,1839,12550,jpeg,0.050900936126708984
1778643616.547767,92.00132727622986,1840,12556,jpeg,0.048908233642578125
1778643616.598037,92.05159735679626,1841,12591,jpeg,0.05027008056640625
1778643616.6501522,92.10371255874634,1842,12587,jpeg,0.05211520195007324
1778643616.698083,92.1516432762146,1843,12570,jpeg,0.04793071746826172
1778643616.746848,92.20040845870972,1844,12565,jpeg,0.04876518249511719
1778643616.8011322,92.25469255447388,1845,12592,jpeg,0.054284095764160156
1778643616.8495414,92.3031017780304,1846,12582,jpeg,0.048409223556518555
1778643616.89818,92.35174036026001,1847,12593,jpeg,0.04863858222961426
1778643616.9517238,92.40528416633606,1848,12592,jpeg,0.053543806076049805
1778643616.9976757,92.45123600959778,1849,12596,jpeg,0.04595184326171875
1778643617.0475092,92.50106954574585,1850,12578,jpeg,0.04983353614807129
1778643617.1039493,92.55750966072083,1851,12613,jpeg,0.056440114974975586
1778643617.1491883,92.60274863243103,1852,12579,jpeg,0.04523897171020508
1778643617.2018251,92.65538549423218,1853,12582,jpeg,0.05263686180114746
1778643617.2509801,92.70454049110413,1854,12562,jpeg,0.04915499687194824
1778643617.298562,92.75212240219116,1855,12577,jpeg,0.04758191108703613
1778643617.3485985,92.80215883255005,1856,12593,jpeg,0.05003643035888672
1778643617.407488,92.86104846000671,1857,12564,jpeg,0.05888962745666504
1778643617.4516344,92.9051947593689,1858,12581,jpeg,0.04414629936218262
1778643617.4978445,92.95140480995178,1859,12585,jpeg,0.04621005058288574
1778643617.554499,93.00805926322937,1860,12592,jpeg,0.05665445327758789
1778643617.600234,93.05379438400269,1861,12583,jpeg,0.04573512077331543
1778643617.6475568,93.10111713409424,1862,12587,jpeg,0.047322750091552734
1778643617.7014515,93.15501189231873,1863,12590,jpeg,0.053894758224487305
1778643617.7465196,93.20007991790771,1864,12602,jpeg,0.04506802558898926
1778643617.8010786,93.25463891029358,1865,12593,jpeg,0.05455899238586426
1778643617.8505156,93.3040759563446,1866,12586,jpeg,0.04943704605102539
1778643617.8986135,93.35217380523682,1867,12579,jpeg,0.048097848892211914
1778643617.9507508,93.40431118011475,1868,12601,jpeg,0.05213737487792969
1778643618.0009782,93.4545385837555,1869,12574,jpeg,0.05022740364074707
1778643618.0484676,93.50202798843384,1870,12604,jpeg,0.04748940467834473
1778643618.0990367,93.55259704589844,1871,12601,jpeg,0.05056905746459961
1778643618.1505303,93.6040906906128,1872,12600,jpeg,0.05149364471435547
1778643618.1972914,93.65085172653198,1873,12618,jpeg,0.04676103591918945
1778643618.2477636,93.70132398605347,1874,12585,jpeg,0.050472259521484375
1778643618.3008265,93.75438690185547,1875,12594,jpeg,0.05306291580200195
1778643618.3488278,93.80238819122314,1876,12575,jpeg,0.04800128936767578
1778643618.3968914,93.85045170783997,1877,12572,jpeg,0.04806351661682129
1778643618.4512224,93.90478277206421,1878,12594,jpeg,0.054331064224243164
1778643618.4980693,93.95162963867188,1879,12574,jpeg,0.046846866607666016
1778643618.5484061,94.00196647644043,1880,12589,jpeg,0.05033683776855469
1778643618.5999825,94.05354285240173,1881,12555,jpeg,0.05157637596130371
1778643618.6484418,94.10200214385986,1882,12590,jpeg,0.04845929145812988
1778643618.6976824,94.15124273300171,1883,12572,jpeg,0.0492405891418457
1778643618.749291,94.20285129547119,1884,12586,jpeg,0.05160856246948242
1778643618.798641,94.25220131874084,1885,12574,jpeg,0.04935002326965332
1778643618.84781,94.30137038230896,1886,12586,jpeg,0.049169063568115234
1778643618.9003568,94.3539171218872,1887,12584,jpeg,0.05254673957824707
1778643618.9462197,94.39978003501892,1888,12602,jpeg,0.04586291313171387
1778643618.9983473,94.45190763473511,1889,12582,jpeg,0.05212759971618652
1778643619.050565,94.5041253566742,1890,12612,jpeg,0.052217721939086914
1778643619.0968971,94.55045747756958,1891,12587,jpeg,0.04633212089538574
1778643619.1468298,94.60039019584656,1892,12596,jpeg,0.04993271827697754
1778643619.2032278,94.65678811073303,1893,12561,jpeg,0.05639791488647461
1778643619.2493844,94.7029447555542,1894,12563,jpeg,0.04615664482116699
1778643619.2967184,94.75027871131897,1895,12587,jpeg,0.04733395576477051
1778643619.3532186,94.80677890777588,1896,12583,jpeg,0.05650019645690918
1778643619.398122,94.85168242454529,1897,12602,jpeg,0.04490351676940918
1778643619.4469628,94.90052318572998,1898,12592,jpeg,0.04884076118469238
1778643619.5033994,94.95695972442627,1899,12580,jpeg,0.05643653869628906
1778643619.5501227,95.00368309020996,1900,12586,jpeg,0.046723365783691406
1778643619.5981658,95.05172610282898,1901,12602,jpeg,0.048043012619018555
1778643619.6511185,95.10467886924744,1902,12566,jpeg,0.05295276641845703
1778643619.6988614,95.15242171287537,1903,12588,jpeg,0.04774284362792969
1778643619.7483408,95.20190119743347,1904,12559,jpeg,0.04947948455810547
1778643619.7982554,95.25181579589844,1905,12562,jpeg,0.04991459846496582
1778643619.8512375,95.30479788780212,1906,12588,jpeg,0.05298209190368652
1778643619.897195,95.35075545310974,1907,12605,jpeg,0.04595756530761719
1778643619.951034,95.40459442138672,1908,12588,jpeg,0.05383896827697754
1778643619.9985793,95.45213961601257,1909,12592,jpeg,0.04754519462585449
1778643620.0495412,95.50310158729553,1910,12598,jpeg,0.050961971282958984
1778643620.100718,95.55427837371826,1911,12606,jpeg,0.05117678642272949
1778643620.1487882,95.6023485660553,1912,12604,jpeg,0.04807019233703613
1778643620.1990283,95.65258860588074,1913,12600,jpeg,0.05024003982543945
1778643620.248305,95.7018654346466,1914,12564,jpeg,0.04927682876586914
1778643620.2956831,95.74924349784851,1915,12589,jpeg,0.0473780632019043
1778643620.3492131,95.80277347564697,1916,12582,jpeg,0.053529977798461914
1778643620.3974414,95.85100173950195,1917,12595,jpeg,0.04822826385498047
1778643620.4492385,95.9027988910675,1918,12596,jpeg,0.05179715156555176
1778643620.4968164,95.9503767490387,1919,12557,jpeg,0.047577857971191406
1778643620.551882,96.00544238090515,1920,12595,jpeg,0.05506563186645508
1778643620.5975218,96.05108213424683,1921,12583,jpeg,0.045639753341674805
1778643620.6441302,96.09769058227539,1922,12576,jpeg,0.04660844802856445
1778643620.7017877,96.15534806251526,1923,12577,jpeg,0.057657480239868164
1778643620.753993,96.20755338668823,1924,12558,jpeg,0.05220532417297363
1778643620.7969422,96.25050258636475,1925,12592,jpeg,0.04294919967651367
1778643620.8475356,96.30109596252441,1926,12587,jpeg,0.05059337615966797
1778643620.8963087,96.34986901283264,1927,12601,jpeg,0.04877305030822754
1778643620.945465,96.39902544021606,1928,12597,jpeg,0.04915642738342285
1778643620.9990222,96.45258259773254,1929,12598,jpeg,0.05355715751647949
1778643621.0477922,96.50135254859924,1930,12593,jpeg,0.04876995086669922
1778643621.0974386,96.55099892616272,1931,12582,jpeg,0.04964637756347656
1778643621.1498282,96.60338854789734,1932,12590,jpeg,0.05238962173461914
1778643621.1952848,96.64884519577026,1933,12587,jpeg,0.045456647872924805
1778643621.246206,96.6997663974762,1934,12578,jpeg,0.05092120170593262
1778643621.2986147,96.75217509269714,1935,12596,jpeg,0.052408695220947266
1778643621.345504,96.79906439781189,1936,12585,jpeg,0.046889305114746094
1778643621.3976846,96.85124492645264,1937,12580,jpeg,0.05218052864074707
1778643621.447262,96.90082240104675,1938,12584,jpeg,0.04957747459411621
1778643621.4954696,96.94902992248535,1939,12561,jpeg,0.04820752143859863
1778643621.547301,97.0008614063263,1940,12563,jpeg,0.05183148384094238
1778643621.6012995,97.05485987663269,1941,12571,jpeg,0.053998470306396484
1778643621.6465251,97.10008549690247,1942,12574,jpeg,0.04522562026977539
1778643621.6941926,97.1477530002594,1943,12575,jpeg,0.047667503356933594
1778643621.7508597,97.20442008972168,1944,12605,jpeg,0.05666708946228027
1778643621.795671,97.24923133850098,1945,12599,jpeg,0.044811248779296875
1778643621.8460658,97.29962611198425,1946,12583,jpeg,0.05039477348327637
1778643621.8980262,97.35158658027649,1947,12591,jpeg,0.05196046829223633
1778643621.9454567,97.3990170955658,1948,12570,jpeg,0.04743051528930664
1778643621.9966347,97.45019507408142,1949,12588,jpeg,0.051177978515625
1778643622.0545294,97.5080897808075,1950,12557,jpeg,0.05789470672607422
1778643622.095819,97.54937934875488,1951,12579,jpeg,0.041289567947387695
1778643622.1453595,97.59891986846924,1952,12582,jpeg,0.04954051971435547
1778643622.1976643,97.6512246131897,1953,12570,jpeg,0.052304744720458984
1778643622.2449172,97.69847750663757,1954,12578,jpeg,0.04725289344787598
1778643622.2944968,97.7480571269989,1955,12573,jpeg,0.049579620361328125
1778643622.3491628,97.80272316932678,1956,12561,jpeg,0.05466604232788086
1778643622.3970242,97.85058450698853,1957,12548,jpeg,0.047861337661743164
1778643622.4447458,97.89830613136292,1958,12599,jpeg,0.04772162437438965
1778643622.4986718,97.95223212242126,1959,12591,jpeg,0.05392599105834961
1778643622.5457957,97.99935603141785,1960,12582,jpeg,0.04712390899658203
1778643622.5956893,98.04924964904785,1961,12589,jpeg,0.04989361763000488
1778643622.6499953,98.10355567932129,1962,12588,jpeg,0.0543060302734375
1778643622.695511,98.14907145500183,1963,12592,jpeg,0.04551577568054199
1778643622.7461073,98.19966769218445,1964,12590,jpeg,0.05059623718261719
1778643622.8016303,98.25519061088562,1965,12585,jpeg,0.055522918701171875
1778643622.8480375,98.30159783363342,1966,12586,jpeg,0.046407222747802734
1778643622.8934681,98.34702849388123,1967,12576,jpeg,0.045430660247802734
1778643622.9465039,98.40006422996521,1968,12591,jpeg,0.053035736083984375
1778643622.9936872,98.44724750518799,1969,12604,jpeg,0.04718327522277832
1778643623.0465958,98.50015616416931,1970,12582,jpeg,0.05290865898132324
1778643623.097866,98.55142641067505,1971,12579,jpeg,0.051270246505737305
1778643623.1455626,98.59912300109863,1972,12580,jpeg,0.047696590423583984
1778643623.1978178,98.65137815475464,1973,12596,jpeg,0.05225515365600586
1778643623.247814,98.70137429237366,1974,12586,jpeg,0.049996137619018555
1778643623.2942367,98.7477970123291,1975,12596,jpeg,0.046422719955444336
1778643623.3455389,98.79909920692444,1976,12593,jpeg,0.051302194595336914
1778643623.4032876,98.8568480014801,1977,12584,jpeg,0.05774879455566406
1778643623.4470973,98.9006576538086,1978,12603,jpeg,0.04380965232849121
1778643623.4956505,98.94921088218689,1979,12604,jpeg,0.0485532283782959
1778643623.552033,99.00559329986572,1980,12600,jpeg,0.05638241767883301
1778643623.5983984,99.05195879936218,1981,12601,jpeg,0.04636549949645996
1778643623.645313,99.09887337684631,1982,12576,jpeg,0.04691457748413086
1778643623.6986876,99.1522479057312,1983,12607,jpeg,0.053374528884887695
1778643623.745758,99.19931840896606,1984,12577,jpeg,0.04707050323486328
1778643623.7944376,99.24799799919128,1985,12569,jpeg,0.04867959022521973
1778643623.848677,99.30223727226257,1986,12596,jpeg,0.05423927307128906
1778643623.8948212,99.34838151931763,1987,12599,jpeg,0.04614424705505371
1778643623.9458466,99.39940690994263,1988,12595,jpeg,0.051025390625
1778643624.0048926,99.45845293998718,1989,12608,jpeg,0.059046030044555664
1778643624.0483727,99.50193309783936,1990,12601,jpeg,0.04348015785217285
1778643624.0975308,99.55109119415283,1991,12594,jpeg,0.04915809631347656
1778643624.1514668,99.6050271987915,1992,12590,jpeg,0.053936004638671875
1778643624.19692,99.65048027038574,1993,12583,jpeg,0.04545307159423828
1778643624.2479184,99.7014787197113,1994,12583,jpeg,0.05099844932556152
1778643624.3010468,99.75460720062256,1995,12613,jpeg,0.05312848091125488
1778643624.3444812,99.79804158210754,1996,12591,jpeg,0.04343438148498535
1778643624.3969283,99.85048866271973,1997,12561,jpeg,0.05244708061218262
1778643624.452187,99.90574741363525,1998,12560,jpeg,0.055258750915527344
1778643624.495257,99.9488172531128,1999,12564,jpeg,0.04306983947753906
1778643624.545064,99.99862432479858,2000,12565,jpeg,0.049807071685791016
1778643624.595893,100.0494532585144,2001,12548,jpeg,0.05082893371582031
1778643624.644224,100.09778428077698,2002,12574,jpeg,0.04833102226257324
1778643624.693784,100.14734435081482,2003,12616,jpeg,0.0495600700378418
1778643624.7453437,100.19890403747559,2004,12574,jpeg,0.0515596866607666
1778643624.7943642,100.24792456626892,2005,12586,jpeg,0.04902052879333496
1778643624.8472323,100.3007926940918,2006,12573,jpeg,0.05286812782287598
1778643624.8991733,100.35273361206055,2007,12590,jpeg,0.05194091796875
1778643624.943852,100.39741230010986,2008,12578,jpeg,0.044678688049316406
1778643624.9953024,100.4488627910614,2009,12553,jpeg,0.051450490951538086
1778643625.0462914,100.4998517036438,2010,12582,jpeg,0.05098891258239746
1778643625.09506,100.5486204624176,2011,12597,jpeg,0.04876875877380371
1778643625.1483605,100.60192084312439,2012,12563,jpeg,0.05330038070678711
1778643625.2002466,100.65380692481995,2013,12577,jpeg,0.05188608169555664
1778643625.2478676,100.70142793655396,2014,12586,jpeg,0.04762101173400879
1778643625.2967296,100.75028991699219,2015,12573,jpeg,0.04886198043823242
1778643625.350618,100.80417823791504,2016,12604,jpeg,0.05388832092285156
1778643625.397445,100.85100531578064,2017,12608,jpeg,0.046827077865600586
1778643625.4445043,100.89806461334229,2018,12588,jpeg,0.04705929756164551
1778643625.4979832,100.95154356956482,2019,12602,jpeg,0.05347895622253418
1778643625.5459166,100.99947690963745,2020,12572,jpeg,0.047933340072631836
1778643625.5986745,101.05223488807678,2021,12595,jpeg,0.052757978439331055
1778643625.647673,101.10123324394226,2022,12581,jpeg,0.048998355865478516
1778643625.7039015,101.15746188163757,2023,12597,jpeg,0.0562286376953125
1778643625.7465224,101.20008277893066,2024,12595,jpeg,0.04262089729309082
1778643625.8034558,101.2570161819458,2025,12579,jpeg,0.05693340301513672
1778643625.8478827,101.30144309997559,2026,12575,jpeg,0.044426918029785156
1778643625.8956594,101.34921979904175,2027,12591,jpeg,0.04777669906616211
1778643625.95185,101.4054102897644,2028,12580,jpeg,0.05619049072265625
1778643625.9980762,101.45163655281067,2029,12604,jpeg,0.04622626304626465
1778643626.0472548,101.50081515312195,2030,12592,jpeg,0.0491786003112793
1778643626.1036339,101.55719423294067,2031,12572,jpeg,0.056379079818725586
1778643626.1464746,101.6000349521637,2032,12568,jpeg,0.04284071922302246
1778643626.194841,101.64840126037598,2033,12584,jpeg,0.04836630821228027
1778643626.247478,101.7010383605957,2034,12581,jpeg,0.05263710021972656
1778643626.2958343,101.74939465522766,2035,12584,jpeg,0.04835629463195801
1778643626.3470323,101.80059266090393,2036,12578,jpeg,0.05119800567626953
1778643626.3981626,101.85172295570374,2037,12586,jpeg,0.05113029479980469
1778643626.4463303,101.89989066123962,2038,12602,jpeg,0.04816770553588867
1778643626.4952915,101.94885182380676,2039,12582,jpeg,0.04896116256713867
1778643626.5538795,102.00743985176086,2040,12575,jpeg,0.05858802795410156
1778643626.5963693,102.04992961883545,2041,12574,jpeg,0.04248976707458496
1778643626.6460319,102.0995922088623,2042,12589,jpeg,0.04966259002685547
1778643626.6987467,102.15230703353882,2043,12601,jpeg,0.05271482467651367
1778643626.7454648,102.19902515411377,2044,12601,jpeg,0.04671812057495117
1778643626.795268,102.2488284111023,2045,12559,jpeg,0.04980325698852539
1778643626.8487084,102.30226874351501,2046,12585,jpeg,0.05344033241271973
1778643626.896054,102.34961438179016,2047,12584,jpeg,0.047345638275146484
1778643626.944486,102.3980462551117,2048,12576,jpeg,0.0484318733215332
1778643626.9980793,102.4516396522522,2049,12589,jpeg,0.05359339714050293
1778643627.0437975,102.4973578453064,2050,12571,jpeg,0.04571819305419922
1778643627.094975,102.54853534698486,2051,12589,jpeg,0.0511775016784668
1778643627.147919,102.6014792919159,2052,12582,jpeg,0.05294394493103027
1778643627.1933036,102.64686393737793,2053,12579,jpeg,0.04538464546203613
1778643627.2528489,102.70640921592712,2054,12591,jpeg,0.059545278549194336
1778643627.2974098,102.75097012519836,2055,12567,jpeg,0.044560909271240234
1778643627.3426187,102.7961790561676,2056,12595,jpeg,0.04520893096923828
1778643627.4018626,102.85542297363281,2057,12570,jpeg,0.05924391746520996
1778643627.444546,102.89810633659363,2058,12583,jpeg,0.04268336296081543
1778643627.4927816,102.94634199142456,2059,12586,jpeg,0.04823565483093262
1778643627.5449646,102.9985249042511,2060,12592,jpeg,0.052182912826538086
1778643627.5942478,103.0478081703186,2061,12608,jpeg,0.04928326606750488
1778643627.644394,103.09795427322388,2062,12601,jpeg,0.05014610290527344
1778643627.693372,103.14693236351013,2063,12590,jpeg,0.04897809028625488
1778643627.748217,103.20177745819092,2064,12582,jpeg,0.05484509468078613
1778643627.7970233,103.25058364868164,2065,12611,jpeg,0.048806190490722656
1778643627.843325,103.2968852519989,2066,12581,jpeg,0.04630160331726074
1778643627.8962162,103.34977650642395,2067,12576,jpeg,0.05289125442504883
1778643627.9453506,103.3989109992981,2068,12607,jpeg,0.04913449287414551
1778643627.9942074,103.44776773452759,2069,12602,jpeg,0.04885673522949219
1778643628.047713,103.50127339363098,2070,12607,jpeg,0.053505659103393555
1778643628.0979922,103.5515525341034,2071,12620,jpeg,0.05027914047241211
1778643628.1450944,103.59865474700928,2072,12589,jpeg,0.04710221290588379
1778643628.196698,103.6502583026886,2073,12596,jpeg,0.05160355567932129
1778643628.2473214,103.70088171958923,2074,12577,jpeg,0.050623416900634766
1778643628.3015752,103.75513553619385,2075,12571,jpeg,0.05425381660461426
1778643628.3497257,103.80328607559204,2076,12593,jpeg,0.04815053939819336
1778643628.3945804,103.84814071655273,2077,12585,jpeg,0.04485464096069336
1778643628.442915,103.896475315094,2078,12572,jpeg,0.048334598541259766
1778643628.4960203,103.94958066940308,2079,12581,jpeg,0.05310535430908203
1778643628.5449061,103.99846649169922,2080,12577,jpeg,0.04888582229614258
1778643628.594046,104.04760646820068,2081,12577,jpeg,0.049139976501464844
1778643628.649136,104.1026964187622,2082,12596,jpeg,0.05508995056152344
1778643628.6952965,104.14885687828064,2083,12588,jpeg,0.04616045951843262
1778643628.7430005,104.19656085968018,2084,12596,jpeg,0.04770398139953613
1778643628.7952514,104.24881172180176,2085,12579,jpeg,0.05225086212158203
1778643628.8442686,104.29782891273499,2086,12597,jpeg,0.04901719093322754
1778643628.8943632,104.34792351722717,2087,12577,jpeg,0.0500946044921875
1778643628.950606,104.40416646003723,2088,12600,jpeg,0.056242942810058594
1778643628.9931197,104.44668006896973,2089,12601,jpeg,0.04251360893249512
1778643629.0432096,104.49676990509033,2090,12586,jpeg,0.05008983612060547
1778643629.1002464,104.5538067817688,2091,12594,jpeg,0.0570368766784668
1778643629.144542,104.5981023311615,2092,12578,jpeg,0.044295549392700195
1778643629.1938536,104.64741396903992,2093,12572,jpeg,0.04931163787841797
1778643629.2463295,104.69988989830017,2094,12596,jpeg,0.052475929260253906
1778643629.295962,104.74952244758606,2095,12578,jpeg,0.04963254928588867
1778643629.3434896,104.79704999923706,2096,12575,jpeg,0.04752755165100098
1778643629.39384,104.84740042686462,2097,12569,jpeg,0.05035042762756348
1778643629.4436677,104.89722800254822,2098,12571,jpeg,0.04982757568359375
1778643629.4940825,104.94764280319214,2099,12550,jpeg,0.0504148006439209
1778643629.5502636,105.00382399559021,2100,12570,jpeg,0.05618119239807129
1778643629.5941086,105.04766893386841,2101,12575,jpeg,0.04384493827819824
1778643629.6426146,105.09617495536804,2102,12572,jpeg,0.04850602149963379
1778643629.6972127,105.15077304840088,2103,12545,jpeg,0.054598093032836914
1778643629.7429993,105.19655966758728,2104,12585,jpeg,0.04578661918640137
1778643629.795944,105.24950432777405,2105,12575,jpeg,0.05294466018676758
1778643629.8502374,105.3037977218628,2106,12570,jpeg,0.05429339408874512
1778643629.8936307,105.34719109535217,2107,12571,jpeg,0.04339337348937988
1778643629.9456174,105.39917778968811,2108,12585,jpeg,0.0519866943359375
1778643629.996298,105.44985842704773,2109,12573,jpeg,0.05068063735961914
1778643630.0462868,105.4998471736908,2110,12594,jpeg,0.049988746643066406
1778643630.0943449,105.5479052066803,2111,12609,jpeg,0.04805803298950195
1778643630.152169,105.60572934150696,2112,12595,jpeg,0.057824134826660156
1778643630.1954348,105.64899516105652,2113,12582,jpeg,0.04326581954956055
1778643630.243311,105.69687128067017,2114,12607,jpeg,0.04787611961364746
1778643630.2984817,105.75204205513,2115,12602,jpeg,0.05517077445983887
1778643630.343664,105.79722428321838,2116,12584,jpeg,0.045182228088378906
1778643630.3945556,105.84811592102051,2117,12593,jpeg,0.05089163780212402
1778643630.4503806,105.9039409160614,2118,12584,jpeg,0.055824995040893555
1778643630.4929435,105.94650387763977,2119,12576,jpeg,0.04256296157836914
1778643630.5433476,105.99690794944763,2120,12582,jpeg,0.05040407180786133
1778643630.5972176,106.05077791213989,2121,12591,jpeg,0.05386996269226074
1778643630.6431165,106.09667682647705,2122,12576,jpeg,0.0458989143371582
1778643630.6934996,106.14705991744995,2123,12589,jpeg,0.05038309097290039
1778643630.7479575,106.20151782035828,2124,12578,jpeg,0.054457902908325195
1778643630.794116,106.24767637252808,2125,12557,jpeg,0.046158552169799805
1778643630.8423502,106.29591059684753,2126,12581,jpeg,0.04823422431945801
1778643630.8941221,106.3476824760437,2127,12596,jpeg,0.05177187919616699
1778643630.9424162,106.39597654342651,2128,12542,jpeg,0.0482940673828125
1778643630.993003,106.44656324386597,2129,12598,jpeg,0.050586700439453125
1778643631.0479193,106.5014796257019,2130,12559,jpeg,0.0549163818359375
1778643631.0919402,106.54550051689148,2131,12594,jpeg,0.044020891189575195
1778643631.1433084,106.59686875343323,2132,12565,jpeg,0.05136823654174805
1778643631.1948624,106.6484227180481,2133,12588,jpeg,0.051553964614868164
1778643631.2466216,106.70018196105957,2134,12587,jpeg,0.05175924301147461
1778643631.291419,106.74497938156128,2135,12574,jpeg,0.044797420501708984
1778643631.3431299,106.7966902256012,2136,12574,jpeg,0.05171084403991699
1778643631.3918402,106.84540057182312,2137,12574,jpeg,0.04871034622192383
1778643631.4420152,106.89557552337646,2138,12571,jpeg,0.05017495155334473
1778643631.494528,106.94808840751648,2139,12548,jpeg,0.05251288414001465
1778643631.543588,106.99714827537537,2140,12557,jpeg,0.04905986785888672
1778643631.5949779,107.04853820800781,2141,12589,jpeg,0.05138993263244629
1778643631.6455433,107.09910368919373,2142,12593,jpeg,0.050565481185913086
1778643631.6921852,107.14574551582336,2143,12603,jpeg,0.04664182662963867
1778643631.7431977,107.19675803184509,2144,12567,jpeg,0.051012516021728516
1778643631.7961166,107.24967694282532,2145,12590,jpeg,0.05291891098022461
1778643631.8440955,107.29765582084656,2146,12578,jpeg,0.047978878021240234
1778643631.8909009,107.34446120262146,2147,12567,jpeg,0.046805381774902344
1778643631.946031,107.39959144592285,2148,12585,jpeg,0.0551302433013916
1778643631.995451,107.44901132583618,2149,12558,jpeg,0.04941987991333008
1778643632.0439022,107.49746251106262,2150,12566,jpeg,0.04845118522644043
1778643632.0954518,107.54901218414307,2151,12574,jpeg,0.051549673080444336
1778643632.143649,107.59720945358276,2152,12551,jpeg,0.048197269439697266
1778643632.1967986,107.65035891532898,2153,12589,jpeg,0.05314946174621582
1778643632.248121,107.70168137550354,2154,12558,jpeg,0.05132246017456055
1778643632.301647,107.75520730018616,2155,12573,jpeg,0.05352592468261719
1778643632.3447545,107.7983148097992,2156,12546,jpeg,0.04310750961303711
1778643632.396784,107.85034441947937,2157,12574,jpeg,0.05202960968017578
1778643632.445726,107.8992862701416,2158,12570,jpeg,0.048941850662231445
1778643632.4967864,107.95034670829773,2159,12592,jpeg,0.05106043815612793
1778643632.5472956,108.00085592269897,2160,12568,jpeg,0.05050921440124512
1778643632.5964017,108.0499620437622,2161,12575,jpeg,0.04910612106323242
1778643632.6501641,108.1037244796753,2162,12574,jpeg,0.05376243591308594
1778643632.7004106,108.15397095680237,2163,12559,jpeg,0.050246477127075195
1778643632.7457986,108.19935894012451,2164,12579,jpeg,0.045387983322143555
1778643632.7939577,108.24751806259155,2165,12603,jpeg,0.048159122467041016
1778643632.8476884,108.30124878883362,2166,12567,jpeg,0.05373072624206543
1778643632.8938997,108.3474600315094,2167,12543,jpeg,0.04621124267578125
1778643632.9441237,108.39768409729004,2168,12560,jpeg,0.05022406578063965
1778643632.9998505,108.45341086387634,2169,12574,jpeg,0.05572676658630371
1778643633.0473044,108.5008647441864,2170,12568,jpeg,0.047453880310058594
1778643633.0953584,108.54891872406006,2171,12584,jpeg,0.04805397987365723
1778643633.148348,108.60190844535828,2172,12590,jpeg,0.05298972129821777
1778643633.1952488,108.64880919456482,2173,12570,jpeg,0.04690074920654297
1778643633.2436323,108.6971926689148,2174,12576,jpeg,0.048383474349975586
1778643633.2962608,108.74982118606567,2175,12576,jpeg,0.052628517150878906
1778643633.3432071,108.79676747322083,2176,12578,jpeg,0.04694628715515137
1778643633.3948019,108.84836220741272,2177,12562,jpeg,0.05159473419189453
1778643633.4496896,108.90324997901917,2178,12587,jpeg,0.05488777160644531
1778643633.4932888,108.94684910774231,2179,12567,jpeg,0.04359912872314453
1778643633.543446,108.9970064163208,2180,12579,jpeg,0.05015730857849121
1778643633.5957708,109.0493311882019,2181,12580,jpeg,0.052324771881103516
1778643633.6427906,109.09635090827942,2182,12591,jpeg,0.04701972007751465
1778643633.6928194,109.14637970924377,2183,12572,jpeg,0.05002880096435547
1778643633.765981,109.21954131126404,2184,12581,jpeg,0.07316160202026367
1778643633.792781,109.24634146690369,2185,12566,jpeg,0.026800155639648438
1778643633.8464122,109.29997253417969,2186,12558,jpeg,0.05363106727600098
1778643633.8980947,109.35165500640869,2187,12569,jpeg,0.051682472229003906
1778643633.94256,109.39612030982971,2188,12570,jpeg,0.04446530342102051
1778643633.9941926,109.44775295257568,2189,12587,jpeg,0.05163264274597168
1778643634.0551264,109.50868678092957,2190,12585,jpeg,0.060933828353881836
1778643634.098627,109.55218744277954,2191,12582,jpeg,0.043500661849975586
1778643634.143369,109.59692931175232,2192,12593,jpeg,0.04474186897277832
1778643634.2031543,109.65671467781067,2193,12571,jpeg,0.05978536605834961
1778643634.244511,109.69807124137878,2194,12572,jpeg,0.041356563568115234
1778643634.2922065,109.74576687812805,2195,12566,jpeg,0.04769563674926758
1778643634.3469186,109.8004789352417,2196,12604,jpeg,0.05471205711364746
1778643634.3951194,109.84867978096008,2197,12592,jpeg,0.04820084571838379
1778643634.4442294,109.89778971672058,2198,12595,jpeg,0.04910993576049805
1778643634.4994793,109.95303964614868,2199,12584,jpeg,0.055249929428100586
1778643634.5456014,109.99916172027588,2200,12592,jpeg,0.046122074127197266
1778643634.5931916,110.04675197601318,2201,12557,jpeg,0.04759025573730469
1778643634.6504803,110.10404062271118,2202,12565,jpeg,0.05728864669799805
1778643634.691911,110.1454713344574,2203,12587,jpeg,0.04143071174621582
1778643634.7493832,110.2029435634613,2204,12562,jpeg,0.05747222900390625
1778643634.795937,110.24949741363525,2205,12589,jpeg,0.046553850173950195
1778643634.8403661,110.29392647743225,2206,12543,jpeg,0.04442906379699707
1778643634.8907979,110.34435820579529,2207,12553,jpeg,0.05043172836303711
1778643634.9429154,110.39647579193115,2208,12559,jpeg,0.05211758613586426
1778643634.9921136,110.44567394256592,2209,12585,jpeg,0.049198150634765625
1778643635.0414443,110.49500465393066,2210,12571,jpeg,0.049330711364746094
1778643635.093028,110.54658842086792,2211,12570,jpeg,0.05158376693725586
1778643635.1415744,110.59513473510742,2212,12584,jpeg,0.04854631423950195
1778643635.1912405,110.64480090141296,2213,12582,jpeg,0.04966616630554199
1778643635.246754,110.70031428337097,2214,12573,jpeg,0.05551338195800781
1778643635.2908678,110.7444281578064,2215,12568,jpeg,0.044113874435424805
1778643635.3435926,110.79715299606323,2216,12567,jpeg,0.05272483825683594
1778643635.3957236,110.84928393363953,2217,12573,jpeg,0.052130937576293945
1778643635.4414797,110.8950400352478,2218,12577,jpeg,0.04575610160827637
1778643635.492252,110.94581246376038,2219,12561,jpeg,0.05077242851257324
1778643635.5439465,110.99750685691833,2220,12548,jpeg,0.051694393157958984
1778643635.592129,111.04568934440613,2221,12586,jpeg,0.04818248748779297
1778643635.6412823,111.09484267234802,2222,12572,jpeg,0.04915332794189453
1778643635.6940415,111.14760184288025,2223,12591,jpeg,0.05275917053222656
1778643635.743108,111.19666838645935,2224,12575,jpeg,0.04906654357910156
1778643635.7927077,111.24626803398132,2225,12565,jpeg,0.049599647521972656
1778643635.8441732,111.29773354530334,2226,12585,jpeg,0.051465511322021484
1778643635.891408,111.34496831893921,2227,12598,jpeg,0.04723477363586426
1778643635.9428232,111.39638352394104,2228,12596,jpeg,0.051415205001831055
1778643636.000639,111.45419931411743,2229,12591,jpeg,0.0578157901763916
1778643636.0437176,111.4972779750824,2230,12589,jpeg,0.04307866096496582
1778643636.0904574,111.54401779174805,2231,12585,jpeg,0.046739816665649414
1778643636.1482828,111.6018431186676,2232,12600,jpeg,0.057825326919555664
1778643636.1923404,111.64590072631836,2233,12553,jpeg,0.044057607650756836
1778643636.2464085,111.69996881484985,2234,12568,jpeg,0.05406808853149414
1778643636.2936702,111.74723052978516,2235,12557,jpeg,0.047261714935302734
1778643636.3417447,111.79530501365662,2236,12590,jpeg,0.04807448387145996
1778643636.396931,111.8504912853241,2237,12575,jpeg,0.05518627166748047
1778643636.4518676,111.90542793273926,2238,12575,jpeg,0.05493664741516113
1778643636.4918637,111.94542407989502,2239,12551,jpeg,0.03999614715576172
1778643636.544454,111.99801445007324,2240,12585,jpeg,0.052590370178222656
1778643636.5976303,112.05119061470032,2241,12577,jpeg,0.053176164627075195
1778643636.642901,112.09646129608154,2242,12575,jpeg,0.045270681381225586
1778643636.693886,112.14744639396667,2243,12572,jpeg,0.050985097885131836
1778643636.7502666,112.20382690429688,2244,12572,jpeg,0.056380510330200195
1778643636.793751,112.24731135368347,2245,12566,jpeg,0.04348444938659668
1778643636.842044,112.29560446739197,2246,12574,jpeg,0.048293113708496094
1778643636.8964527,112.35001301765442,2247,12587,jpeg,0.05440855026245117
1778643636.9427822,112.39634251594543,2248,12593,jpeg,0.046329498291015625
1778643636.9905193,112.44407963752747,2249,12596,jpeg,0.04773712158203125
1778643637.0425663,112.49612665176392,2250,12579,jpeg,0.052047014236450195
1778643637.0915287,112.54508900642395,2251,12604,jpeg,0.04896235466003418
1778643637.1409,112.59446024894714,2252,12581,jpeg,0.04937124252319336
1778643637.1924329,112.64599323272705,2253,12563,jpeg,0.05153298377990723
1778643637.2406588,112.69421911239624,2254,12579,jpeg,0.04822587966918945
1778643637.2913606,112.7449209690094,2255,12618,jpeg,0.05070185661315918
1778643637.345215,112.79877543449402,2256,12583,jpeg,0.05385446548461914
1778643637.3909059,112.84446620941162,2257,12577,jpeg,0.04569077491760254
1778643637.4413128,112.89487314224243,2258,12586,jpeg,0.05040693283081055
1778643637.4932423,112.94680261611938,2259,12579,jpeg,0.051929473876953125
1778643637.5409265,112.99448680877686,2260,12600,jpeg,0.0476841926574707
1778643637.5936067,113.0471670627594,2261,12597,jpeg,0.052680253982543945
1778643637.643559,113.09711933135986,2262,12583,jpeg,0.04995226860046387
1778643637.6894004,113.14296078681946,2263,12585,jpeg,0.04584145545959473
1778643637.743662,113.19722247123718,2264,12573,jpeg,0.05426168441772461
1778643637.793792,113.24735236167908,2265,12568,jpeg,0.05012989044189453
1778643637.8422065,113.29576683044434,2266,12580,jpeg,0.04841446876525879
1778643637.8894064,113.34296679496765,2267,12584,jpeg,0.04719996452331543
1778643637.9442549,113.39781522750854,2268,12594,jpeg,0.054848432540893555
1778643637.991523,113.44508337974548,2269,12570,jpeg,0.04726815223693848
1778643638.0423794,113.4959397315979,2270,12571,jpeg,0.05085635185241699
1778643638.0945342,113.5480945110321,2271,12587,jpeg,0.0521547794342041
1778643638.1424046,113.59596490859985,2272,12587,jpeg,0.04787039756774902
1778643638.1911554,113.64471578598022,2273,12573,jpeg,0.048750877380371094
1778643638.2453587,113.69891905784607,2274,12568,jpeg,0.05420327186584473
1778643638.2943861,113.7479465007782,2275,12572,jpeg,0.049027442932128906
1778643638.3420067,113.79556703567505,2276,12593,jpeg,0.047620534896850586
1778643638.3973153,113.85087561607361,2277,12566,jpeg,0.05530858039855957
1778643638.4472828,113.90084314346313,2278,12584,jpeg,0.04996752738952637
1778643638.4940834,113.94764375686646,2279,12600,jpeg,0.04680061340332031
1778643638.5485861,114.00214648246765,2280,12596,jpeg,0.05450272560119629
1778643638.592793,114.04635334014893,2281,12590,jpeg,0.044206857681274414
1778643638.6424975,114.0960578918457,2282,12590,jpeg,0.049704551696777344
1778643638.6929162,114.14647650718689,2283,12561,jpeg,0.05041861534118652
1778643638.7413323,114.1948926448822,2284,12574,jpeg,0.0484161376953125
1778643638.7938178,114.24737811088562,2285,12572,jpeg,0.05248546600341797
1778643638.8531961,114.30675649642944,2286,12555,jpeg,0.05937838554382324
1778643638.8902373,114.34379768371582,2287,12579,jpeg,0.03704118728637695
1778643638.9474347,114.40099501609802,2288,12589,jpeg,0.05719733238220215
1778643638.998728,114.45228838920593,2289,12576,jpeg,0.051293373107910156
1778643639.0412874,114.49484777450562,2290,12589,jpeg,0.04255938529968262
1778643639.0894039,114.542964220047,2291,12575,jpeg,0.048116445541381836
1778643639.1434002,114.59696054458618,2292,12565,jpeg,0.05399632453918457
1778643639.1940122,114.64757251739502,2293,12602,jpeg,0.05061197280883789
1778643639.2433455,114.69690585136414,2294,12579,jpeg,0.04933333396911621
1778643639.2942078,114.74776816368103,2295,12598,jpeg,0.05086231231689453
1778643639.3428278,114.79638814926147,2296,12545,jpeg,0.048619985580444336
1778643639.3923008,114.84586119651794,2297,12549,jpeg,0.04947304725646973
1778643639.4441216,114.89768195152283,2298,12584,jpeg,0.05182075500488281
1778643639.492971,114.94653129577637,2299,12587,jpeg,0.04884934425354004
1778643639.5420654,114.99562573432922,2300,12583,jpeg,0.049094438552856445
1778643639.59268,115.04624032974243,2301,12560,jpeg,0.05061459541320801
1778643639.6423879,115.09594821929932,2302,12570,jpeg,0.049707889556884766
1778643639.6921313,115.14569163322449,2303,12588,jpeg,0.0497434139251709
1778643639.7432275,115.19678783416748,2304,12541,jpeg,0.051096200942993164
1778643639.7929688,115.24652910232544,2305,12579,jpeg,0.049741268157958984
1778643639.8433774,115.2969377040863,2306,12578,jpeg,0.05040860176086426
1778643639.8930557,115.34661602973938,2307,12552,jpeg,0.04967832565307617
1778643639.9418778,115.3954381942749,2308,12564,jpeg,0.04882216453552246
1778643639.9923823,115.44594264030457,2309,12567,jpeg,0.050504446029663086
1778643640.0454686,115.49902892112732,2310,12557,jpeg,0.053086280822753906
1778643640.0948787,115.5484390258789,2311,12556,jpeg,0.049410104751586914
1778643640.1411514,115.5947117805481,2312,12542,jpeg,0.04627275466918945
1778643640.1988468,115.65240716934204,2313,12570,jpeg,0.05769538879394531
1778643640.242482,115.69604229927063,2314,12573,jpeg,0.04363512992858887
1778643640.2914295,115.74498987197876,2315,12567,jpeg,0.04894757270812988
1778643640.343257,115.79681730270386,2316,12556,jpeg,0.051827430725097656
1778643640.3936098,115.84717011451721,2317,12539,jpeg,0.05035281181335449
1778643640.4465897,115.90015006065369,2318,12559,jpeg,0.05297994613647461
1778643640.4923081,115.94586849212646,2319,12600,jpeg,0.04571843147277832
1778643640.541107,115.99466729164124,2320,12576,jpeg,0.04879879951477051
1778643640.5962532,116.04981350898743,2321,12567,jpeg,0.055146217346191406
1778643640.6430268,116.09658718109131,2322,12566,jpeg,0.046773672103881836
1778643640.6961365,116.14969682693481,2323,12585,jpeg,0.05310964584350586
1778643640.7431936,116.19675397872925,2324,12580,jpeg,0.047057151794433594
1778643640.8001559,116.25371623039246,2325,12583,jpeg,0.05696225166320801
1778643640.844323,116.29788327217102,2326,12588,jpeg,0.04416704177856445
1778643640.8939,116.34746026992798,2327,12595,jpeg,0.04957699775695801
1778643640.946013,116.39957332611084,2328,12562,jpeg,0.05211305618286133
1778643640.9951904,116.44875073432922,2329,12590,jpeg,0.04917740821838379
1778643641.0487354,116.50229573249817,2330,12562,jpeg,0.05354499816894531
1778643641.0958326,116.54939293861389,2331,12577,jpeg,0.047097206115722656
1778643641.1452756,116.5988359451294,2332,12575,jpeg,0.04944300651550293
1778643641.1947963,116.64835667610168,2333,12591,jpeg,0.04952073097229004
1778643641.244622,116.69818234443665,2334,12581,jpeg,0.04982566833496094
1778643641.293091,116.74665141105652,2335,12581,jpeg,0.04846906661987305
1778643641.3428664,116.79642677307129,2336,12561,jpeg,0.04977536201477051
1778643641.3934958,116.8470561504364,2337,12600,jpeg,0.050629377365112305
1778643641.4493845,116.90294480323792,2338,12566,jpeg,0.05588865280151367
1778643641.4914849,116.94504523277283,2339,12581,jpeg,0.04210042953491211
1778643641.5456579,116.99921822547913,2340,12587,jpeg,0.05417299270629883
1778643641.5917351,117.04529547691345,2341,12570,jpeg,0.04607725143432617
1778643641.6427155,117.096275806427,2342,12591,jpeg,0.050980329513549805
1778643641.6925874,117.14614772796631,2343,12571,jpeg,0.04987192153930664
1778643641.7421114,117.1956717967987,2344,11782,jpeg,0.04952406883239746
1778643641.792082,117.24564242362976,2345,12454,jpeg,0.04997062683105469
1778643641.842385,117.29594540596008,2346,12462,jpeg,0.050302982330322266
1778643641.8916724,117.34523272514343,2347,12470,jpeg,0.04928731918334961
1778643641.942996,117.39655637741089,2348,12467,jpeg,0.051323652267456055
1778643641.993565,117.44712543487549,2349,12453,jpeg,0.05056905746459961
1778643642.0427823,117.49634265899658,2350,12463,jpeg,0.04921722412109375
1778643642.0930512,117.54661154747009,2351,12455,jpeg,0.05026888847351074
1778643642.142487,117.59604740142822,2352,12455,jpeg,0.04943585395812988
1778643642.1914532,117.64501357078552,2353,12466,jpeg,0.048966169357299805
1778643642.2445798,117.69814014434814,2354,12472,jpeg,0.05312657356262207
1778643642.2933505,117.74691081047058,2355,12459,jpeg,0.04877066612243652
1778643642.3413343,117.79489469528198,2356,12454,jpeg,0.04798388481140137
1778643642.3920274,117.84558773040771,2357,12453,jpeg,0.05069303512573242
1778643642.445458,117.89901828765869,2358,12449,jpeg,0.05343055725097656
1778643642.4931228,117.94668316841125,2359,12484,jpeg,0.04766488075256348
1778643642.5438948,117.99745512008667,2360,12467,jpeg,0.05077195167541504
1778643642.5976627,118.05122303962708,2361,12300,jpeg,0.05376791954040527
1778643642.6419194,118.09547972679138,2362,12071,jpeg,0.04425668716430664
1778643642.6916847,118.14524507522583,2363,12445,jpeg,0.04976534843444824
1778643642.7442,118.19776034355164,2364,12464,jpeg,0.052515268325805664
1778643642.790706,118.24426627159119,2365,12466,jpeg,0.04650592803955078
1778643642.8418138,118.29537415504456,2366,12440,jpeg,0.05110788345336914
1778643642.8938458,118.34740614891052,2367,12479,jpeg,0.0520319938659668
1778643642.946114,118.39967441558838,2368,12453,jpeg,0.052268266677856445
1778643642.9929688,118.44652915000916,2369,12477,jpeg,0.04685473442077637
1778643643.0429947,118.49655508995056,2370,12453,jpeg,0.05002593994140625
1778643643.0951731,118.5487334728241,2371,12464,jpeg,0.052178382873535156
1778643643.1416802,118.59524059295654,2372,12496,jpeg,0.04650712013244629
1778643643.1988757,118.65243601799011,2373,12504,jpeg,0.057195425033569336
1778643643.2432556,118.69681596755981,2374,12513,jpeg,0.04437994956970215
1778643643.2919471,118.74550747871399,2375,12514,jpeg,0.048691511154174805
1778643643.344931,118.79849123954773,2376,12516,jpeg,0.052983760833740234
1778643643.3922362,118.84579658508301,2377,12530,jpeg,0.04730534553527832
1778643643.4415534,118.89511370658875,2378,12519,jpeg,0.049317121505737305
1778643643.4920318,118.94559216499329,2379,12543,jpeg,0.050478458404541016
1778643643.5427585,118.99631881713867,2380,12511,jpeg,0.05072665214538574
1778643643.5913815,119.04494190216064,2381,12514,jpeg,0.048623085021972656
1778643643.6423123,119.09587264060974,2382,12505,jpeg,0.05093073844909668
1778643643.6926746,119.14623498916626,2383,12502,jpeg,0.050362348556518555
1778643643.743437,119.19699740409851,2384,12509,jpeg,0.05076241493225098
1778643643.7949,119.24846029281616,2385,12490,jpeg,0.05146288871765137
1778643643.8404953,119.29405570030212,2386,12514,jpeg,0.045595407485961914
1778643643.8953001,119.34886050224304,2387,12502,jpeg,0.05480480194091797
1778643643.9420981,119.39565849304199,2388,12507,jpeg,0.046797990798950195
1778643643.9907503,119.44431066513062,2389,12516,jpeg,0.04865217208862305
1778643644.0431814,119.496741771698,2390,12497,jpeg,0.05243110656738281
1778643644.0920913,119.54565167427063,2391,12519,jpeg,0.048909902572631836
1778643644.1414738,119.59503412246704,2392,12501,jpeg,0.04938244819641113
1778643644.191591,119.64515137672424,2393,12519,jpeg,0.05011725425720215
1778643644.2424512,119.69601154327393,2394,12502,jpeg,0.05086016654968262
1778643644.292818,119.74637842178345,2395,12507,jpeg,0.050366878509521484
1778643644.339758,119.79331827163696,2396,12502,jpeg,0.046939849853515625
1778643644.3918378,119.84539818763733,2397,12504,jpeg,0.05207991600036621
1778643644.440889,119.89444923400879,2398,12526,jpeg,0.04905104637145996
1778643644.499253,119.95281338691711,2399,12526,jpeg,0.058364152908325195
1778643644.541031,119.9945912361145,2400,12500,jpeg,0.041777849197387695
1778643644.5878751,120.0414354801178,2401,12519,jpeg,0.0468442440032959
1778643644.6388812,120.09244155883789,2402,12496,jpeg,0.05100607872009277
1778643644.6937568,120.1473171710968,2403,12514,jpeg,0.05487561225891113
1778643644.7411711,120.19473147392273,2404,12505,jpeg,0.047414302825927734
1778643644.7916148,120.24517512321472,2405,12523,jpeg,0.05044364929199219
1778643644.8427267,120.29628705978394,2406,12515,jpeg,0.05111193656921387
1778643644.8905013,120.34406161308289,2407,12545,jpeg,0.047774553298950195
1778643644.9402766,120.39383697509766,2408,12552,jpeg,0.04977536201477051
1778643644.9980116,120.45157194137573,2409,12516,jpeg,0.05773496627807617
1778643645.0410244,120.49458479881287,2410,12482,jpeg,0.04301285743713379
1778643645.090515,120.54407525062561,2411,12535,jpeg,0.04949045181274414
1778643645.1476836,120.60124397277832,2412,12509,jpeg,0.05716872215270996
1778643645.1894326,120.64299297332764,2413,12519,jpeg,0.041749000549316406
1778643645.2438326,120.69739294052124,2414,12506,jpeg,0.054399967193603516
1778643645.2924201,120.74598050117493,2415,12519,jpeg,0.04858756065368652
1778643645.345397,120.79895734786987,2416,12529,jpeg,0.05297684669494629
1778643645.3917258,120.84528613090515,2417,12517,jpeg,0.04632878303527832
1778643645.4410307,120.89459109306335,2418,12518,jpeg,0.049304962158203125
1778643645.4893332,120.94289350509644,2419,12518,jpeg,0.048302412033081055
1778643645.539355,120.992915391922,2420,12517,jpeg,0.05002188682556152
1778643645.591939,121.04549932479858,2421,12513,jpeg,0.052583932876586914
1778643645.6395016,121.09306192398071,2422,12521,jpeg,0.047562599182128906
1778643645.6895142,121.14307451248169,2423,12505,jpeg,0.05001258850097656
1778643645.7408893,121.19444966316223,2424,12512,jpeg,0.05137515068054199
1778643645.7887342,121.24229454994202,2425,12516,jpeg,0.047844886779785156
1778643645.8396397,121.29320001602173,2426,12520,jpeg,0.050905466079711914
1778643645.8914402,121.34500050544739,2427,12513,jpeg,0.05180048942565918
1778643645.9398375,121.39339780807495,2428,12513,jpeg,0.04839730262756348
1778643646.0019584,121.45551872253418,2429,12502,jpeg,0.062120914459228516
1778643646.0404441,121.49400448799133,2430,12541,jpeg,0.03848576545715332
1778643646.0874486,121.54100894927979,2431,12531,jpeg,0.04700446128845215
1778643646.1435223,121.59708261489868,2432,12522,jpeg,0.056073665618896484
1778643646.19369,121.64725041389465,2433,12540,jpeg,0.05016779899597168
1778643646.2379274,121.69148778915405,2434,12523,jpeg,0.044237375259399414
1778643646.2899969,121.74355721473694,2435,12510,jpeg,0.05206942558288574
1778643646.3452399,121.79880023002625,2436,12508,jpeg,0.05524301528930664
1778643646.388134,121.84169435501099,2437,12519,jpeg,0.04289412498474121
1778643646.4389305,121.89249086380005,2438,12517,jpeg,0.0507965087890625
1778643646.4969451,121.95050549507141,2439,12528,jpeg,0.058014631271362305
1778643646.5407465,121.99430680274963,2440,12528,jpeg,0.043801307678222656
1778643646.5903463,122.04390668869019,2441,12516,jpeg,0.04959988594055176
1778643646.6456983,122.09925866127014,2442,12501,jpeg,0.055351972579956055
1778643646.6943877,122.1479480266571,2443,12513,jpeg,0.04868936538696289
1778643646.739041,122.19260144233704,2444,12500,jpeg,0.04465341567993164
1778643646.7983928,122.251953125,2445,12520,jpeg,0.05935168266296387
1778643646.8444443,122.29800462722778,2446,12512,jpeg,0.0460515022277832
1778643646.889377,122.34293746948242,2447,12527,jpeg,0.04493284225463867
1778643646.9429557,122.39651608467102,2448,12511,jpeg,0.05357861518859863
1778643646.9927142,122.44627451896667,2449,12544,jpeg,0.0497584342956543
1778643647.0405273,122.49408769607544,2450,12525,jpeg,0.04781317710876465
1778643647.0917811,122.54534149169922,2451,12533,jpeg,0.0512537956237793
1778643647.1423013,122.5958616733551,2452,12529,jpeg,0.05052018165588379
1778643647.190331,122.64389133453369,2453,12540,jpeg,0.04802966117858887
1778643647.23911,122.6926703453064,2454,12516,jpeg,0.04877901077270508
1778643647.300646,122.75420641899109,2455,12528,jpeg,0.06153607368469238
1778643647.3382044,122.79176473617554,2456,12511,jpeg,0.03755831718444824
1778643647.3965888,122.85014915466309,2457,12508,jpeg,0.05838441848754883
1778643647.4413197,122.89488005638123,2458,12524,jpeg,0.04473090171813965
1778643647.4883878,122.9419481754303,2459,12510,jpeg,0.047068119049072266
1778643647.5489187,123.0024790763855,2460,12519,jpeg,0.060530900955200195
1778643647.5964563,123.05001664161682,2461,12532,jpeg,0.04753756523132324
1778643647.638107,123.09166741371155,2462,12530,jpeg,0.04165077209472656
1778643647.6995764,123.15313673019409,2463,12526,jpeg,0.061469316482543945
1778643647.7431483,123.19670867919922,2464,12546,jpeg,0.04357194900512695
1778643647.7894983,123.24305868148804,2465,12524,jpeg,0.04635000228881836
1778643647.842101,123.29566144943237,2466,12536,jpeg,0.05260276794433594
1778643647.8954093,123.34896969795227,2467,12532,jpeg,0.05330824851989746
1778643647.9410546,123.39461493492126,2468,12545,jpeg,0.04564523696899414
1778643647.990052,123.44361233711243,2469,12524,jpeg,0.04899740219116211
1778643648.0424051,123.49596548080444,2470,12576,jpeg,0.0523531436920166
1778643648.0922358,123.54579615592957,2471,12510,jpeg,0.04983067512512207
1778643648.1407206,123.59428095817566,2472,12530,jpeg,0.04848480224609375
1778643648.1916952,123.64525556564331,2473,12501,jpeg,0.05097460746765137
1778643648.2376819,123.69124221801758,2474,12490,jpeg,0.04598665237426758
1778643648.2909036,123.74446392059326,2475,12534,jpeg,0.053221702575683594
1778643648.3412151,123.79477548599243,2476,12523,jpeg,0.05031156539916992
1778643648.391006,123.84456634521484,2477,12515,jpeg,0.04979085922241211
1778643648.441542,123.89510226249695,2478,12539,jpeg,0.05053591728210449
1778643648.4926062,123.94616651535034,2479,12506,jpeg,0.051064252853393555
1778643648.5395224,123.99308276176453,2480,12538,jpeg,0.04691624641418457
1778643648.5962636,124.04982399940491,2481,12497,jpeg,0.05674123764038086
1778643648.6392474,124.09280776977539,2482,12529,jpeg,0.0429837703704834
1778643648.6880815,124.14164185523987,2483,12500,jpeg,0.04883408546447754
1778643648.7400434,124.19360375404358,2484,12531,jpeg,0.05196189880371094
1778643648.78881,124.24237036705017,2485,12525,jpeg,0.0487666130065918
1778643648.839045,124.29260540008545,2486,12512,jpeg,0.05023503303527832
1778643648.8915849,124.3451452255249,2487,12518,jpeg,0.052539825439453125
1778643648.9391952,124.39275550842285,2488,12504,jpeg,0.04761028289794922
1778643648.9914753,124.44503569602966,2489,12521,jpeg,0.05228018760681152
1778643649.0400522,124.49361252784729,2490,12522,jpeg,0.04857683181762695
1778643649.0879302,124.54149055480957,2491,12495,jpeg,0.04787802696228027
1778643649.1396348,124.59319519996643,2492,12507,jpeg,0.05170464515686035
1778643649.1908,124.64436030387878,2493,12523,jpeg,0.051165103912353516
1778643649.2401812,124.6937415599823,2494,12519,jpeg,0.049381256103515625
1778643649.2907605,124.7443208694458,2495,12527,jpeg,0.05057930946350098
1778643649.3410323,124.79459261894226,2496,12491,jpeg,0.05027174949645996
1778643649.391932,124.84549236297607,2497,12528,jpeg,0.05089974403381348
1778643649.4434018,124.89696216583252,2498,12512,jpeg,0.05146980285644531
1778643649.4939742,124.94753456115723,2499,12525,jpeg,0.05057239532470703
1778643649.5406778,124.99423813819885,2500,12532,jpeg,0.04670357704162598
1778643649.5919757,125.04553604125977,2501,12527,jpeg,0.051297903060913086
1778643649.6469343,125.1004946231842,2502,12518,jpeg,0.05495858192443848
1778643649.6922274,125.14578771591187,2503,12539,jpeg,0.04529309272766113
1778643649.7415168,125.19507718086243,2504,12514,jpeg,0.04928946495056152
1778643649.793937,125.24749732017517,2505,12530,jpeg,0.05242013931274414
1778643649.8405745,125.29413485527039,2506,12528,jpeg,0.046637535095214844
1778643649.8923943,125.34595465660095,2507,12520,jpeg,0.051819801330566406
1778643649.9458613,125.39942169189453,2508,12526,jpeg,0.0534670352935791
1778643649.9915304,125.44509077072144,2509,12525,jpeg,0.0456690788269043
1778643650.0418022,125.4953625202179,2510,12510,jpeg,0.05027174949645996
1778643650.0926905,125.54625082015991,2511,12496,jpeg,0.0508882999420166
1778643650.1401637,125.59372401237488,2512,12548,jpeg,0.04747319221496582
1778643650.19029,125.64385032653809,2513,12506,jpeg,0.05012631416320801
1778643650.2433815,125.69694185256958,2514,12513,jpeg,0.05309152603149414
1778643650.28911,125.74267029762268,2515,12517,jpeg,0.045728445053100586
1778643650.3403542,125.7939145565033,2516,12515,jpeg,0.051244258880615234
1778643650.390986,125.8445463180542,2517,12509,jpeg,0.05063176155090332
1778643650.439299,125.89285945892334,2518,12528,jpeg,0.048313140869140625
1778643650.4920073,125.94556760787964,2519,12508,jpeg,0.05270814895629883
1778643650.540729,125.99428939819336,2520,12535,jpeg,0.0487217903137207
1778643650.58928,126.04284024238586,2521,12513,jpeg,0.04855084419250488
1778643650.649463,126.10302329063416,2522,12513,jpeg,0.060183048248291016
1778643650.6923044,126.14586472511292,2523,12522,jpeg,0.042841434478759766
1778643650.7394965,126.19305682182312,2524,12522,jpeg,0.04719209671020508
1778643650.7898834,126.24344372749329,2525,12502,jpeg,0.050386905670166016
1778643650.839196,126.29275631904602,2526,12509,jpeg,0.049312591552734375
1778643650.890393,126.34395337104797,2527,12513,jpeg,0.051197052001953125
1778643650.9515026,126.40506291389465,2528,12508,jpeg,0.06110954284667969
1778643650.999949,126.45350933074951,2529,12524,jpeg,0.0484464168548584
1778643651.0492835,126.50284385681152,2530,12515,jpeg,0.04933452606201172
1778643651.0954986,126.54905891418457,2531,12506,jpeg,0.046215057373046875
1778643651.1417587,126.59531903266907,2532,12540,jpeg,0.04626011848449707
1778643651.1900156,126.64357590675354,2533,12502,jpeg,0.048256874084472656
1778643651.246501,126.70006132125854,2534,12509,jpeg,0.05648541450500488
1778643651.2965739,126.75013422966003,2535,12506,jpeg,0.05007290840148926
1778643651.3418882,126.79544854164124,2536,12526,jpeg,0.04531431198120117
1778643651.3892636,126.84282398223877,2537,12523,jpeg,0.04737544059753418
1778643651.44142,126.89498043060303,2538,12491,jpeg,0.05215644836425781
1778643651.4895222,126.94308257102966,2539,12524,jpeg,0.04810214042663574
1778643651.5428848,126.9964451789856,2540,12499,jpeg,0.05336260795593262
1778643651.5949306,127.04849100112915,2541,12515,jpeg,0.05204582214355469
1778643651.6447654,127.09832572937012,2542,12508,jpeg,0.0498347282409668
1778643651.6899202,127.1434805393219,2543,12496,jpeg,0.04515480995178223
1778643651.741667,127.19522738456726,2544,12484,jpeg,0.05174684524536133
1778643651.7879896,127.24154996871948,2545,12499,jpeg,0.04632258415222168
1778643651.8404298,127.29399013519287,2546,12486,jpeg,0.05244016647338867
1778643651.8910623,127.34462261199951,2547,12484,jpeg,0.050632476806640625
1778643651.9392557,127.39281606674194,2548,12508,jpeg,0.04819345474243164
1778643651.9893632,127.4429235458374,2549,12510,jpeg,0.050107479095458984
1778643652.0485947,127.5021550655365,2550,12504,jpeg,0.05923151969909668
1778643652.0887678,127.54232811927795,2551,12515,jpeg,0.04017305374145508
1778643652.1385381,127.59209847450256,2552,12492,jpeg,0.049770355224609375
1778643652.1895401,127.64310050010681,2553,12509,jpeg,0.05100202560424805
1778643652.2381184,127.69167876243591,2554,12487,jpeg,0.04857826232910156
1778643652.291611,127.74517130851746,2555,12491,jpeg,0.05349254608154297
1778643652.3416975,127.79525780677795,2556,12502,jpeg,0.05008649826049805
1778643652.389087,127.84264731407166,2557,12531,jpeg,0.04738950729370117
1778643652.4425898,127.8961501121521,2558,12523,jpeg,0.053502798080444336
1778643652.4943378,127.94789814949036,2559,12519,jpeg,0.051748037338256836
1778643652.5408108,127.99437117576599,2560,12519,jpeg,0.046473026275634766
1778643652.5913658,128.04492616653442,2561,12510,jpeg,0.05055499076843262
1778643652.6422136,128.095773935318,2562,12513,jpeg,0.050847768783569336
1778643652.6898425,128.1434028148651,2563,12516,jpeg,0.04762887954711914
1778643652.7389078,128.19246816635132,2564,12520,jpeg,0.049065351486206055
1778643652.7938414,128.24740171432495,2565,12491,jpeg,0.05493354797363281
1778643652.843288,128.29684829711914,2566,12491,jpeg,0.04944658279418945
1778643652.8952916,128.3488519191742,2567,12502,jpeg,0.05200362205505371
1778643652.9428992,128.39645957946777,2568,12527,jpeg,0.0476076602935791
1778643652.9902725,128.4438328742981,2569,12497,jpeg,0.047373294830322266
1778643653.0428724,128.49643278121948,2570,12499,jpeg,0.05259990692138672
1778643653.090972,128.54453229904175,2571,12519,jpeg,0.048099517822265625
1778643653.144501,128.5980613231659,2572,12532,jpeg,0.05352902412414551
1778643653.1921968,128.64575719833374,2573,12531,jpeg,0.04769587516784668
1778643653.2494836,128.7030439376831,2574,12513,jpeg,0.057286739349365234
1778643653.2909305,128.7444908618927,2575,12535,jpeg,0.04144692420959473
1778643653.3407674,128.79432773590088,2576,12525,jpeg,0.04983687400817871
1778643653.392702,128.84626245498657,2577,12510,jpeg,0.05193471908569336
1778643653.4416485,128.8952088356018,2578,12498,jpeg,0.048946380615234375
1778643653.4903693,128.9439296722412,2579,12510,jpeg,0.0487208366394043
1778643653.5417483,128.99530863761902,2580,12514,jpeg,0.05137896537780762
1778643653.5900986,129.0436589717865,2581,12496,jpeg,0.04835033416748047
1778643653.6414895,129.09504985809326,2582,12516,jpeg,0.051390886306762695
1778643653.6896613,129.143221616745,2583,12507,jpeg,0.0481717586517334
1778643653.739198,129.19275832176208,2584,12519,jpeg,0.049536705017089844
1778643653.7878716,129.24143195152283,2585,12512,jpeg,0.04867362976074219
1778643653.8391528,129.2927131652832,2586,12511,jpeg,0.05128121376037598
1778643653.8876538,129.34121417999268,2587,12527,jpeg,0.048501014709472656
1778643653.941248,129.39480829238892,2588,12524,jpeg,0.053594112396240234
1778643653.9915617,129.4451220035553,2589,12504,jpeg,0.050313711166381836
1778643654.038474,129.49203443527222,2590,12501,jpeg,0.046912431716918945
1778643654.0889204,129.54248070716858,2591,12526,jpeg,0.050446271896362305
1778643654.138932,129.59249234199524,2592,12485,jpeg,0.050011634826660156
1778643654.1880329,129.64159321784973,2593,12491,jpeg,0.04910087585449219
1778643654.240041,129.6936013698578,2594,12498,jpeg,0.05200815200805664
1778643654.2898862,129.74344658851624,2595,12496,jpeg,0.049845218658447266
1778643654.3383877,129.79194808006287,2596,12527,jpeg,0.04850149154663086
1778643654.3892584,129.84281873703003,2597,12501,jpeg,0.050870656967163086
1778643654.4388216,129.8923819065094,2598,12495,jpeg,0.04956316947937012
1778643654.4885647,129.942125082016,2599,12504,jpeg,0.0497431755065918
1778643654.5418055,129.995365858078,2600,12473,jpeg,0.05324077606201172
1778643654.5903685,130.04392886161804,2601,12518,jpeg,0.04856300354003906
1778643654.6387026,130.09226298332214,2602,12516,jpeg,0.04833412170410156
1778643654.690055,130.1436152458191,2603,12516,jpeg,0.05135226249694824
1778643654.7413068,130.19486713409424,2604,12534,jpeg,0.051251888275146484
1778643654.787919,130.24147939682007,2605,12527,jpeg,0.04661226272583008
1778643654.8419461,130.29550647735596,2606,12494,jpeg,0.05402708053588867
1778643654.8932595,130.3468198776245,2607,12515,jpeg,0.05131340026855469
1778643654.9382048,130.39176511764526,2608,12509,jpeg,0.04494524002075195
1778643654.9889984,130.44255876541138,2609,12506,jpeg,0.05079364776611328
1778643655.0466444,130.50020480155945,2610,12536,jpeg,0.05764603614807129
1778643655.089567,130.5431272983551,2611,12531,jpeg,0.0429224967956543
1778643655.1389048,130.59246516227722,2612,12493,jpeg,0.04933786392211914
1778643655.1923351,130.64589548110962,2613,12515,jpeg,0.05343031883239746
1778643655.2393234,130.6928837299347,2614,12505,jpeg,0.04698824882507324
1778643655.2881796,130.74173998832703,2615,12521,jpeg,0.048856258392333984
1778643655.3408117,130.7943720817566,2616,12537,jpeg,0.05263209342956543
1778643655.3886552,130.8422155380249,2617,12515,jpeg,0.04784345626831055
1778643655.441711,130.89527130126953,2618,12506,jpeg,0.053055763244628906
1778643655.4884,130.94196033477783,2619,12506,jpeg,0.04668903350830078
1778643655.5376716,130.99123191833496,2620,12524,jpeg,0.049271583557128906
1778643655.5888903,131.0424506664276,2621,12554,jpeg,0.05121874809265137
1778643655.6404102,131.09397053718567,2622,12520,jpeg,0.05151987075805664
1778643655.689004,131.1425642967224,2623,12551,jpeg,0.048593759536743164
1778643655.7377555,131.19131588935852,2624,12526,jpeg,0.0487515926361084
1778643655.7919989,131.24555921554565,2625,12538,jpeg,0.05424332618713379
1778643655.8431022,131.29666256904602,2626,12534,jpeg,0.05110335350036621
1778643655.887938,131.34149837493896,2627,12514,jpeg,0.044835805892944336
1778643655.9393141,131.39287447929382,2628,12533,jpeg,0.0513761043548584
1778643655.9893758,131.4429361820221,2629,12531,jpeg,0.050061702728271484
1778643656.0391831,131.49274349212646,2630,12525,jpeg,0.04980731010437012
1778643656.0915823,131.54514265060425,2631,12532,jpeg,0.0523991584777832
1778643656.1397734,131.5933337211609,2632,12539,jpeg,0.048191070556640625
1778643656.1896548,131.64321517944336,2633,12525,jpeg,0.0498814582824707
1778643656.239755,131.69331526756287,2634,12521,jpeg,0.050100088119506836
1778643656.2871003,131.74066066741943,2635,12510,jpeg,0.04734539985656738
1778643656.3475468,131.80110716819763,2636,12517,jpeg,0.06044650077819824
1778643656.390214,131.84377431869507,2637,12498,jpeg,0.04266715049743652
1778643656.4368138,131.89037418365479,2638,12530,jpeg,0.0465998649597168
1778643656.4877079,131.9412682056427,2639,12536,jpeg,0.05089402198791504
1778643656.5384643,131.99202466011047,2640,12514,jpeg,0.05075645446777344
1778643656.588267,132.04182744026184,2641,12522,jpeg,0.04980278015136719
1778643656.640779,132.09433937072754,2642,12511,jpeg,0.05251193046569824
1778643656.6900759,132.14363622665405,2643,12509,jpeg,0.04929685592651367
1778643656.7377758,132.19133615493774,2644,12512,jpeg,0.047699928283691406
1778643656.7875335,132.24109387397766,2645,12497,jpeg,0.04975771903991699
1778643656.8388906,132.2924509048462,2646,12509,jpeg,0.05135703086853027
1778643656.8881807,132.3417410850525,2647,12535,jpeg,0.04929018020629883
1778643656.9387968,132.39235711097717,2648,12506,jpeg,0.05061602592468262
1778643656.9906414,132.44420170783997,2649,12509,jpeg,0.05184459686279297
1778643657.0378094,132.49136972427368,2650,12507,jpeg,0.04716801643371582
1778643657.089717,132.54327726364136,2651,12530,jpeg,0.05190753936767578
1778643657.1383615,132.59192180633545,2652,12512,jpeg,0.0486445426940918
1778643657.1870344,132.64059472084045,2653,12544,jpeg,0.04867291450500488
1778643657.2404387,132.69399905204773,2654,12525,jpeg,0.05340433120727539
1778643657.288498,132.74205827713013,2655,12516,jpeg,0.04805922508239746
1778643657.3417926,132.79535293579102,2656,12517,jpeg,0.05329465866088867
1778643657.3921242,132.84568452835083,2657,12509,jpeg,0.05033159255981445
1778643657.4428935,132.89645385742188,2658,12528,jpeg,0.05076932907104492
1778643657.4942815,132.9478418827057,2659,12502,jpeg,0.05138802528381348
1778643657.5380888,132.9916491508484,2660,12526,jpeg,0.043807268142700195
1778643657.5934432,133.04700350761414,2661,12491,jpeg,0.05535435676574707
1778643657.6392763,133.09283661842346,2662,12508,jpeg,0.04583311080932617
1778643657.691444,133.14500427246094,2663,12491,jpeg,0.052167654037475586
1778643657.7426353,133.196195602417,2664,12507,jpeg,0.05119132995605469
1778643657.7912498,133.24481010437012,2665,12499,jpeg,0.048614501953125
1778643657.84329,133.29685044288635,2666,12495,jpeg,0.05204033851623535
1778643657.891946,133.34550642967224,2667,12523,jpeg,0.04865598678588867
1778643657.9400833,133.39364361763,2668,12516,jpeg,0.04813718795776367
1778643657.9901578,133.44371819496155,2669,12532,jpeg,0.05007457733154297
1778643658.0457137,133.49927401542664,2670,12512,jpeg,0.05555582046508789
1778643658.087046,133.54060626029968,2671,12527,jpeg,0.041332244873046875
1778643658.140137,133.59369730949402,2672,12507,jpeg,0.05309104919433594
1778643658.187399,133.6409592628479,2673,12509,jpeg,0.047261953353881836
1778643658.2407854,133.69434571266174,2674,12514,jpeg,0.05338644981384277
1778643658.289286,133.74284625053406,2675,12519,jpeg,0.04850053787231445
1778643658.339113,133.7926733493805,2676,12536,jpeg,0.04982709884643555
1778643658.3887527,133.84231305122375,2677,12496,jpeg,0.04963970184326172
1778643658.4379668,133.89152717590332,2678,12510,jpeg,0.04921412467956543
1778643658.490402,133.94396233558655,2679,12523,jpeg,0.05243515968322754
1778643658.5378752,133.9914355278015,2680,12510,jpeg,0.04747319221496582
1778643658.5896764,134.0432367324829,2681,12519,jpeg,0.051801204681396484
1778643658.640779,134.09433937072754,2682,12510,jpeg,0.051102638244628906
1778643658.6889203,134.14248061180115,2683,12525,jpeg,0.0481412410736084
1778643658.7381809,134.19174122810364,2684,12512,jpeg,0.049260616302490234
1778643658.789744,134.2433042526245,2685,12496,jpeg,0.05156302452087402
1778643658.8369436,134.29050397872925,2686,12480,jpeg,0.04719972610473633
1778643658.8888674,134.3424277305603,2687,12497,jpeg,0.05192375183105469
1778643658.9372487,134.39080905914307,2688,12487,jpeg,0.04838132858276367
1778643658.987846,134.44140625,2689,12514,jpeg,0.050597190856933594
1778643659.0390642,134.4926245212555,2690,12496,jpeg,0.051218271255493164
1778643659.0884514,134.5420117378235,2691,12501,jpeg,0.049387216567993164
1778643659.140623,134.5941834449768,2692,12511,jpeg,0.05217170715332031
1778643659.1896238,134.64318418502808,2693,12491,jpeg,0.04900074005126953
1778643659.2389393,134.69249963760376,2694,12522,jpeg,0.049315452575683594
1778643659.28827,134.7418303489685,2695,12496,jpeg,0.049330711364746094
1778643659.3406873,134.7942476272583,2696,12499,jpeg,0.05241727828979492
1778643659.3911743,134.8447346687317,2697,12515,jpeg,0.05048704147338867
1778643659.4368036,134.89036393165588,2698,12509,jpeg,0.045629262924194336
1778643659.4895563,134.94311666488647,2699,12536,jpeg,0.05275273323059082
1778643659.5390224,134.99258279800415,2700,12541,jpeg,0.04946613311767578
1778643659.586687,135.04024744033813,2701,12520,jpeg,0.047664642333984375
1778643659.6407542,135.0943145751953,2702,12494,jpeg,0.054067134857177734
1778643659.6889446,135.14250493049622,2703,12539,jpeg,0.04819035530090332
1778643659.736373,135.1899333000183,2704,12522,jpeg,0.04742836952209473
1778643659.792402,135.24596238136292,2705,12534,jpeg,0.05602908134460449
1778643659.8500273,135.3035876750946,2706,12520,jpeg,0.05762529373168945
1778643659.9037333,135.35729360580444,2707,12525,jpeg,0.05370593070983887
1778643659.9426336,135.39619398117065,2708,12495,jpeg,0.03890037536621094
1778643659.9901927,135.4437530040741,2709,12478,jpeg,0.04755902290344238
1778643660.0373578,135.49091815948486,2710,12486,jpeg,0.0471651554107666
1778643660.0926862,135.5462465286255,2711,12507,jpeg,0.055328369140625
1778643660.139938,135.59349846839905,2712,12500,jpeg,0.04725193977355957
1778643660.188003,135.64156341552734,2713,12513,jpeg,0.0480649471282959
1778643660.2380135,135.6915738582611,2714,12526,jpeg,0.05001044273376465
1778643660.2873478,135.74090814590454,2715,12535,jpeg,0.04933428764343262
1778643660.3381004,135.79166078567505,2716,12512,jpeg,0.05075263977050781
1778643660.393812,135.8473722934723,2717,12505,jpeg,0.05571150779724121
1778643660.4389212,135.89248156547546,2718,12530,jpeg,0.04510927200317383
1778643660.4861298,135.93969011306763,2719,12511,jpeg,0.047208547592163086
1778643660.5537639,136.00732421875,2720,12498,jpeg,0.06763410568237305
1778643660.587157,136.04071736335754,2721,12527,jpeg,0.033393144607543945
1778643660.6359344,136.0894947052002,2722,12509,jpeg,0.04877734184265137
1778643660.6889582,136.14251852035522,2723,12509,jpeg,0.0530238151550293
1778643660.738509,136.19206929206848,2724,12515,jpeg,0.049550771713256836
1778643660.7872295,136.2407898902893,2725,12520,jpeg,0.048720598220825195
1778643660.8383036,136.29186391830444,2726,12489,jpeg,0.05107402801513672
1778643660.8904343,136.34399461746216,2727,12495,jpeg,0.052130699157714844
1778643660.9376452,136.3912055492401,2728,12509,jpeg,0.0472109317779541
1778643660.9905305,136.44409084320068,2729,12492,jpeg,0.05288529396057129
1778643661.0444276,136.49798798561096,2730,12479,jpeg,0.05389714241027832
1778643661.0875406,136.54110097885132,2731,12479,jpeg,0.043112993240356445
1778643661.13793,136.59149026870728,2732,12493,jpeg,0.05038928985595703
1778643661.1889505,136.6425108909607,2733,12511,jpeg,0.05102062225341797
1778643661.2365763,136.69013667106628,2734,12490,jpeg,0.04762578010559082
1778643661.2897246,136.7432849407196,2735,12497,jpeg,0.05314826965332031
1778643661.338384,136.7919442653656,2736,12493,jpeg,0.048659324645996094
1778643661.386805,136.84036540985107,2737,12512,jpeg,0.04842114448547363
1778643661.4380643,136.89162468910217,2738,12496,jpeg,0.05125927925109863
1778643661.4874048,136.94096517562866,2739,12502,jpeg,0.04934048652648926
1778643661.5410237,136.99458408355713,2740,12530,jpeg,0.0536189079284668
1778643661.5898592,137.04341959953308,2741,12518,jpeg,0.04883551597595215
1778643661.6444912,137.09805154800415,2742,12522,jpeg,0.054631948471069336
1778643661.688644,137.14220428466797,2743,12504,jpeg,0.04415273666381836
1778643661.7391934,137.19275379180908,2744,12503,jpeg,0.05054950714111328
1778643661.790341,137.24390125274658,2745,12494,jpeg,0.0511474609375
1778643661.8355072,137.28906750679016,2746,12521,jpeg,0.0451662540435791
1778643661.887258,137.34081840515137,2747,12500,jpeg,0.051750898361206055
1778643661.9371347,137.39069509506226,2748,12494,jpeg,0.04987668991088867
1778643661.9862704,137.4398307800293,2749,12495,jpeg,0.049135684967041016
1778643662.0404656,137.49402594566345,2750,12495,jpeg,0.05419516563415527
1778643662.0926864,137.54624676704407,2751,12499,jpeg,0.052220821380615234
1778643662.1365008,137.59006118774414,2752,12496,jpeg,0.04381442070007324
1778643662.1881893,137.64174962043762,2753,12510,jpeg,0.051688432693481445
1778643662.2396352,137.69319558143616,2754,12493,jpeg,0.051445960998535156
1778643662.2858303,137.73939061164856,2755,12521,jpeg,0.046195030212402344
1778643662.3378518,137.79141211509705,2756,12496,jpeg,0.05202150344848633
1778643662.3885872,137.84214758872986,2757,12507,jpeg,0.0507354736328125
1778643662.4363484,137.88990879058838,2758,12515,jpeg,0.04776120185852051
1778643662.4882534,137.94181370735168,2759,12497,jpeg,0.051904916763305664
1778643662.537202,137.99076223373413,2760,12492,jpeg,0.04894852638244629
1778643662.5865316,138.04009199142456,2761,12494,jpeg,0.04932975769042969
1778643662.6390898,138.0926501750946,2762,12501,jpeg,0.052558183670043945
1778643662.6903627,138.1439230442047,2763,12493,jpeg,0.05127286911010742
1778643662.7352517,138.1888120174408,2764,12496,jpeg,0.044888973236083984
1778643662.7921257,138.24568605422974,2765,12503,jpeg,0.05687403678894043
1778643662.8392012,138.29276156425476,2766,12480,jpeg,0.047075510025024414
1778643662.8875358,138.34109616279602,2767,12514,jpeg,0.048334598541259766
1778643662.9378893,138.3914496898651,2768,12508,jpeg,0.0503535270690918
1778643662.9912934,138.4448537826538,2769,12517,jpeg,0.05340409278869629
1778643663.0391216,138.49268198013306,2770,12501,jpeg,0.04782819747924805
1778643663.0908492,138.5444095134735,2771,12487,jpeg,0.0517275333404541
1778643663.1424983,138.59605860710144,2772,12504,jpeg,0.05164909362792969
1778643663.1864066,138.63996696472168,2773,12501,jpeg,0.04390835762023926
1778643663.2386334,138.69219374656677,2774,12528,jpeg,0.05222678184509277
1778643663.2891564,138.7427167892456,2775,12489,jpeg,0.05052304267883301
1778643663.3387666,138.79232692718506,2776,12500,jpeg,0.049610137939453125
1778643663.3890686,138.84262895584106,2777,12503,jpeg,0.05030202865600586
1778643663.4415522,138.89511251449585,2778,12507,jpeg,0.052483558654785156
1778643663.4873629,138.94092321395874,2779,12503,jpeg,0.045810699462890625
1778643663.5364578,138.99001812934875,2780,12510,jpeg,0.04909491539001465
1778643663.593181,139.04674124717712,2781,12501,jpeg,0.05672311782836914
1778643663.636088,139.08964824676514,2782,12511,jpeg,0.042906999588012695
1778643663.6862788,139.13983917236328,2783,12501,jpeg,0.05019092559814453
1778643663.7395525,139.1931128501892,2784,12498,jpeg,0.053273677825927734
1778643663.7864432,139.24000358581543,2785,12496,jpeg,0.0468907356262207
1778643663.8433988,139.29695916175842,2786,12508,jpeg,0.056955575942993164
1778643663.8869967,139.34055709838867,2787,12521,jpeg,0.04359793663024902
1778643663.9402142,139.39377450942993,2788,12509,jpeg,0.053217411041259766
1778643663.9892263,139.442786693573,2789,12513,jpeg,0.049012184143066406
1778643664.0382957,139.49185609817505,2790,12490,jpeg,0.04906940460205078
1778643664.091374,139.5449342727661,2791,12501,jpeg,0.05307817459106445
1778643664.136698,139.59025835990906,2792,12499,jpeg,0.045324087142944336
1778643664.188946,139.6425063610077,2793,12512,jpeg,0.05224800109863281
1778643664.2343662,139.687926530838,2794,12491,jpeg,0.045420169830322266
1778643664.2861874,139.73974776268005,2795,12496,jpeg,0.051821231842041016
1778643664.3391907,139.79275107383728,2796,12491,jpeg,0.05300331115722656
1778643664.3841856,139.83774590492249,2797,12476,jpeg,0.04499483108520508
1778643664.4342773,139.88783764839172,2798,12502,jpeg,0.05009174346923828
1778643664.4875124,139.94107270240784,2799,12510,jpeg,0.05323505401611328
1778643664.5341895,139.98774981498718,2800,12504,jpeg,0.0466771125793457
1778643664.587812,140.04137229919434,2801,12515,jpeg,0.05362248420715332
1778643664.635493,140.08905339241028,2802,12507,jpeg,0.04768109321594238
1778643664.6856627,140.13922309875488,2803,12512,jpeg,0.05016970634460449
1778643664.7399118,140.19347214698792,2804,12525,jpeg,0.05424904823303223
1778643664.7887373,140.24229764938354,2805,12521,jpeg,0.04882550239562988
1778643664.8330688,140.2866291999817,2806,12545,jpeg,0.04433155059814453
1778643664.8877923,140.34135270118713,2807,12517,jpeg,0.054723501205444336
1778643664.9370022,140.39056253433228,2808,12527,jpeg,0.0492098331451416
1778643664.9847286,140.43828892707825,2809,12531,jpeg,0.04772639274597168
1778643665.0377378,140.49129819869995,2810,12505,jpeg,0.0530092716217041
1778643665.0863082,140.53986859321594,2811,12522,jpeg,0.04857039451599121
1778643665.1349282,140.5884885787964,2812,12502,jpeg,0.048619985580444336
1778643665.1839063,140.63746666908264,2813,12503,jpeg,0.04897809028625488
1778643665.2362459,140.68980622291565,2814,12503,jpeg,0.05233955383300781
1778643665.287131,140.74069142341614,2815,12521,jpeg,0.05088520050048828
1778643665.3351145,140.78867483139038,2816,12512,jpeg,0.047983407974243164
1778643665.3876398,140.8412001132965,2817,12498,jpeg,0.05252528190612793
1778643665.4352076,140.88876795768738,2818,12492,jpeg,0.04756784439086914
1778643665.486653,140.94021344184875,2819,12506,jpeg,0.05144548416137695
1778643665.540266,140.99382638931274,2820,12492,jpeg,0.05361294746398926
1778643665.5857747,141.0393350124359,2821,12467,jpeg,0.045508623123168945
1778643665.6365988,141.09015917778015,2822,12476,jpeg,0.05082416534423828
1778643665.6873171,141.14087748527527,2823,12519,jpeg,0.05071830749511719
1778643665.7344968,141.18805718421936,2824,12536,jpeg,0.0471796989440918
1778643665.7855704,141.23913073539734,2825,12499,jpeg,0.051073551177978516
1778643665.8364365,141.2899968624115,2826,12485,jpeg,0.050866127014160156
1778643665.8860877,141.33964800834656,2827,12507,jpeg,0.049651145935058594
1778643665.9357693,141.38932967185974,2828,12509,jpeg,0.049681663513183594
1778643665.9884682,141.44202852249146,2829,12503,jpeg,0.05269885063171387
1778643666.0345838,141.48814415931702,2830,12500,jpeg,0.04611563682556152
1778643666.0866444,141.54020476341248,2831,12507,jpeg,0.052060604095458984
1778643666.1387496,141.59230995178223,2832,12498,jpeg,0.05210518836975098
1778643666.1845028,141.63806319236755,2833,12497,jpeg,0.04575324058532715
1778643666.2377472,141.69130754470825,2834,12505,jpeg,0.05324435234069824
1778643666.2880607,141.74162101745605,2835,12495,jpeg,0.050313472747802734
1778643666.3390496,141.79260993003845,2836,12488,jpeg,0.05098891258239746
1778643666.3863285,141.83988881111145,2837,12490,jpeg,0.04727888107299805
1778643666.4364142,141.8899745941162,2838,12499,jpeg,0.05008578300476074
1778643666.4892972,141.942857503891,2839,12517,jpeg,0.05288290977478027
1778643666.5330925,141.98665285110474,2840,12495,jpeg,0.04379534721374512
1778643666.5888164,142.0423767566681,2841,12502,jpeg,0.05572390556335449
1778643666.634893,142.08845329284668,2842,12496,jpeg,0.04607653617858887
1778643666.6839712,142.13753151893616,2843,12499,jpeg,0.04907822608947754
1778643666.7417061,142.19526648521423,2844,12497,jpeg,0.05773496627807617
1778643666.7842762,142.23783659934998,2845,12492,jpeg,0.04257011413574219
1778643666.8340409,142.2876012325287,2846,12485,jpeg,0.04976463317871094
1778643666.8880095,142.3415699005127,2847,12497,jpeg,0.05396866798400879
1778643666.9335358,142.38709616661072,2848,12482,jpeg,0.04552626609802246
1778643666.9854538,142.43901419639587,2849,12495,jpeg,0.05191802978515625
1778643667.0373356,142.490895986557,2850,12480,jpeg,0.05188179016113281
1778643667.083959,142.53751945495605,2851,12509,jpeg,0.04662346839904785
1778643667.1347916,142.58835196495056,2852,12493,jpeg,0.050832509994506836
1778643667.1879835,142.64154386520386,2853,12502,jpeg,0.0531919002532959
1778643667.2329845,142.68654489517212,2854,12498,jpeg,0.04500102996826172
1778643667.2832148,142.73677515983582,2855,12512,jpeg,0.05023026466369629
1778643667.3347034,142.78826379776,2856,12500,jpeg,0.051488637924194336
1778643667.3839126,142.8374729156494,2857,12504,jpeg,0.0492091178894043
1778643667.4355159,142.88907623291016,2858,12512,jpeg,0.05160331726074219
1778643667.485881,142.93944144248962,2859,12510,jpeg,0.05036520957946777
1778643667.5339887,142.98754906654358,2860,12520,jpeg,0.04810762405395508
1778643667.58529,143.0388503074646,2861,12505,jpeg,0.05130124092102051
1778643667.6343768,143.08793711662292,2862,12506,jpeg,0.049086809158325195
1778643667.6845076,143.13806796073914,2863,12508,jpeg,0.05013084411621094
1778643667.740424,143.19398427009583,2864,12480,jpeg,0.05591630935668945
1778643667.7873826,143.2409429550171,2865,12485,jpeg,0.04695868492126465
1778643667.8341968,143.28775715827942,2866,12503,jpeg,0.0468142032623291
1778643667.8908796,143.34443998336792,2867,12508,jpeg,0.05668282508850098
1778643667.9432359,143.39679622650146,2868,12499,jpeg,0.05235624313354492
1778643667.9843984,143.4379587173462,2869,12489,jpeg,0.04116249084472656
1778643668.0412486,143.49480891227722,2870,12508,jpeg,0.05685019493103027
1778643668.0870707,143.5406310558319,2871,12519,jpeg,0.0458221435546875
1778643668.1327527,143.58631300926208,2872,12523,jpeg,0.04568195343017578
1778643668.1868672,143.6404275894165,2873,12511,jpeg,0.054114580154418945
1778643668.238372,143.69193243980408,2874,12523,jpeg,0.05150485038757324
1778643668.2832778,143.7368381023407,2875,12504,jpeg,0.044905662536621094
1778643668.3368053,143.79036569595337,2876,12499,jpeg,0.0535275936126709
1778643668.3864465,143.8400068283081,2877,12507,jpeg,0.04964113235473633
1778643668.4320354,143.88559579849243,2878,12490,jpeg,0.04558897018432617
1778643668.4916837,143.9452440738678,2879,12498,jpeg,0.05964827537536621
1778643668.5347543,143.98831462860107,2880,12518,jpeg,0.04307055473327637
1778643668.5823054,144.0358657836914,2881,12496,jpeg,0.04755115509033203
1778643668.63287,144.086430311203,2882,12520,jpeg,0.05056452751159668
1778643668.6859572,144.13951754570007,2883,12499,jpeg,0.05308723449707031
1778643668.7336934,144.1872537136078,2884,12499,jpeg,0.047736167907714844
1778643668.783779,144.23733925819397,2885,12487,jpeg,0.05008554458618164
1778643668.8355496,144.28910994529724,2886,12498,jpeg,0.051770687103271484
1778643668.8865142,144.34007453918457,2887,12497,jpeg,0.0509645938873291
1778643668.9328427,144.38640308380127,2888,12514,jpeg,0.04632854461669922
1778643668.9863327,144.43989300727844,2889,12512,jpeg,0.05348992347717285
1778643669.034837,144.48839735984802,2890,12529,jpeg,0.04850435256958008
1778643669.0834956,144.53705596923828,2891,12523,jpeg,0.04865860939025879
1778643669.1383448,144.5919051170349,2892,12519,jpeg,0.05484914779663086
1778643669.1873193,144.64087963104248,2893,12514,jpeg,0.04897451400756836
1778643669.234883,144.6884434223175,2894,12498,jpeg,0.047563791275024414
1778643669.2862222,144.7397825717926,2895,12505,jpeg,0.051339149475097656
1778643669.3380523,144.79161262512207,2896,12492,jpeg,0.05183005332946777
1778643669.3875406,144.8411009311676,2897,12481,jpeg,0.04948830604553223
1778643669.4368186,144.89037895202637,2898,12473,jpeg,0.04927802085876465
1778643669.4841294,144.93768978118896,2899,12490,jpeg,0.047310829162597656
1778643669.535854,144.98941445350647,2900,12496,jpeg,0.05172467231750488
1778643669.5857453,145.03930568695068,2901,12494,jpeg,0.04989123344421387
1778643669.6354513,145.08901166915894,2902,12506,jpeg,0.04970598220825195
1778643669.694549,145.14810943603516,2903,12490,jpeg,0.0590977668762207
1778643669.7385848,145.19214510917664,2904,12497,jpeg,0.04403567314147949
1778643669.7839696,145.23752999305725,2905,12472,jpeg,0.045384883880615234
1778643669.8366845,145.29024481773376,2906,12519,jpeg,0.05271482467651367
1778643669.8847668,145.33832716941833,2907,12511,jpeg,0.04808235168457031
1778643669.941303,145.3948633670807,2908,12498,jpeg,0.056536197662353516
1778643669.985499,145.43905925750732,2909,12499,jpeg,0.04419589042663574
1778643670.0386531,145.49221348762512,2910,12486,jpeg,0.05315423011779785
1778643670.0847454,145.53830575942993,2911,12500,jpeg,0.04609227180480957
1778643670.137013,145.59057331085205,2912,12502,jpeg,0.05226755142211914
1778643670.1874907,145.64105105400085,2913,12501,jpeg,0.05047774314880371
1778643670.2344205,145.68798089027405,2914,12500,jpeg,0.04692983627319336
1778643670.2845516,145.73811197280884,2915,12497,jpeg,0.05013108253479004
1778643670.338077,145.7916374206543,2916,12486,jpeg,0.053525447845458984
1778643670.3855135,145.83907389640808,2917,12507,jpeg,0.04743647575378418
1778643670.436764,145.89032435417175,2918,12498,jpeg,0.051250457763671875
1778643670.488873,145.94243335723877,2919,12473,jpeg,0.0521090030670166
1778643670.5358722,145.98943257331848,2920,12492,jpeg,0.046999216079711914
1778643670.5836143,146.03717470169067,2921,12497,jpeg,0.04774212837219238
1778643670.6410246,146.094584941864,2922,12488,jpeg,0.057410240173339844
1778643670.6849008,146.13846111297607,2923,12503,jpeg,0.04387617111206055
1778643670.7338288,146.18738913536072,2924,12499,jpeg,0.048928022384643555
1778643670.7853796,146.23894000053406,2925,12511,jpeg,0.051550865173339844
1778643670.8348994,146.28845977783203,2926,12482,jpeg,0.04951977729797363
1778643670.8862252,146.3397855758667,2927,12495,jpeg,0.05132579803466797
1778643670.9423842,146.3959445953369,2928,12480,jpeg,0.056159019470214844
1778643670.9875956,146.44115591049194,2929,12465,jpeg,0.0452113151550293
1778643671.0338814,146.48744177818298,2930,12508,jpeg,0.04628586769104004
1778643671.0849328,146.5384931564331,2931,12501,jpeg,0.05105137825012207
1778643671.1336243,146.58718466758728,2932,12508,jpeg,0.048691511154174805
1778643671.1834905,146.6370508670807,2933,12488,jpeg,0.0498661994934082
1778643671.2354302,146.68899059295654,2934,12506,jpeg,0.05193972587585449
1778643671.284382,146.7379424571991,2935,12474,jpeg,0.04895186424255371
1778643671.3344736,146.78803396224976,2936,12516,jpeg,0.05009150505065918
1778643671.3846855,146.83824586868286,2937,12479,jpeg,0.05021190643310547
1778643671.4339879,146.8875482082367,2938,12489,jpeg,0.04930233955383301
1778643671.4833932,146.9369535446167,2939,12507,jpeg,0.04940533638000488
1778643671.5355525,146.9891128540039,2940,12489,jpeg,0.05215930938720703
1778643671.583971,147.037531375885,2941,12492,jpeg,0.048418521881103516
1778643671.6343257,147.087886095047,2942,12521,jpeg,0.050354719161987305
1778643671.685681,147.13924145698547,2943,12505,jpeg,0.05135536193847656
1778643671.7370448,147.19060516357422,2944,12515,jpeg,0.05136370658874512
1778643671.7920709,147.24563121795654,2945,12502,jpeg,0.05502605438232422
1778643671.844854,147.29841446876526,2946,12528,jpeg,0.05278325080871582
1778643671.8847773,147.33833765983582,2947,12502,jpeg,0.03992319107055664
1778643671.9358544,147.38941478729248,2948,12509,jpeg,0.05107712745666504
1778643671.9859762,147.43953657150269,2949,12510,jpeg,0.05012178421020508
1778643672.0356987,147.4892590045929,2950,12502,jpeg,0.04972243309020996
1778643672.0897892,147.54334950447083,2951,12510,jpeg,0.05409049987792969
1778643672.147627,147.60118746757507,2952,12535,jpeg,0.05783796310424805
1778643672.1886249,147.64218521118164,2953,12520,jpeg,0.04099774360656738
1778643672.2345192,147.6880795955658,2954,12524,jpeg,0.04589438438415527
1778643672.2909236,147.7444839477539,2955,12514,jpeg,0.05640435218811035
1778643672.3327672,147.78632760047913,2956,12536,jpeg,0.04184365272521973
1778643672.3836505,147.83721089363098,2957,12532,jpeg,0.05088329315185547
1778643672.4401355,147.89369583129883,2958,12512,jpeg,0.05648493766784668
1778643672.4886422,147.9422025680542,2959,12498,jpeg,0.048506736755371094
1778643672.5407162,147.9942765235901,2960,12508,jpeg,0.05207395553588867
1778643672.5887115,148.0422718524933,2961,12533,jpeg,0.04799532890319824
1778643672.6370993,148.09065961837769,2962,12497,jpeg,0.048387765884399414
1778643672.6828403,148.13640069961548,2963,12476,jpeg,0.04574108123779297
1778643672.7367337,148.1902940273285,2964,12525,jpeg,0.053893327713012695
1778643672.78509,148.23865032196045,2965,12514,jpeg,0.04835629463195801
1778643672.8332036,148.28676390647888,2966,12514,jpeg,0.04811358451843262
1778643672.884827,148.33838725090027,2967,12514,jpeg,0.05162334442138672
1778643672.933023,148.38658332824707,2968,12515,jpeg,0.04819607734680176
1778643672.9849815,148.43854188919067,2969,12501,jpeg,0.051958560943603516
1778643673.035151,148.4887113571167,2970,12498,jpeg,0.05016946792602539
1778643673.0849588,148.53851914405823,2971,12505,jpeg,0.04980778694152832
1778643673.1346576,148.5882179737091,2972,12490,jpeg,0.049698829650878906
1778643673.186353,148.63991332054138,2973,12515,jpeg,0.05169534683227539
1778643673.2336376,148.68719792366028,2974,12510,jpeg,0.047284603118896484
1778643673.284135,148.73769545555115,2975,12497,jpeg,0.05049753189086914
1778643673.33554,148.78910040855408,2976,12506,jpeg,0.05140495300292969
1778643673.3824253,148.83598566055298,2977,12516,jpeg,0.04688525199890137
1778643673.4328206,148.8863809108734,2978,12495,jpeg,0.05039525032043457
1778643673.4867635,148.94032382965088,2979,12511,jpeg,0.05394291877746582
1778643673.5335782,148.98713850975037,2980,12518,jpeg,0.046814680099487305
1778643673.58341,149.03697037696838,2981,12504,jpeg,0.04983186721801758
1778643673.635235,149.0887954235077,2982,12517,jpeg,0.05182504653930664
1778643673.6838002,149.13736057281494,2983,12496,jpeg,0.04856514930725098
1778643673.7342546,149.187814950943,2984,12480,jpeg,0.05045437812805176
1778643673.7867982,149.2403585910797,2985,12484,jpeg,0.05254364013671875
1778643673.8375921,149.2911524772644,2986,12544,jpeg,0.05079388618469238
1778643673.8828034,149.33636379241943,2987,12518,jpeg,0.0452113151550293
1778643673.934101,149.38766145706177,2988,12517,jpeg,0.051297664642333984
1778643673.9884913,149.44205164909363,2989,12518,jpeg,0.05439019203186035
1778643674.0358813,149.4894416332245,2990,12509,jpeg,0.047389984130859375
1778643674.083403,149.5369634628296,2991,12518,jpeg,0.04752182960510254
1778643674.137522,149.59108233451843,2992,12500,jpeg,0.05411887168884277
1778643674.1829956,149.63655591011047,2993,12496,jpeg,0.045473575592041016
1778643674.237497,149.69105744361877,2994,12498,jpeg,0.05450153350830078
1778643674.284356,149.73791646957397,2995,12472,jpeg,0.046859025955200195
1778643674.3331563,149.78671669960022,2996,12534,jpeg,0.04880023002624512
1778643674.3861125,149.83967280387878,2997,12508,jpeg,0.05295610427856445
1778643674.4347239,149.88828420639038,2998,12505,jpeg,0.04861140251159668
1778643674.4851096,149.93866991996765,2999,12524,jpeg,0.05038571357727051
1778643674.5337443,149.9873046875,3000,12520,jpeg,0.04863476753234863
1778643674.5825691,150.0361294746399,3001,12506,jpeg,0.04882478713989258
1778643674.634575,150.08813524246216,3002,12523,jpeg,0.052005767822265625
1778643674.6843321,150.13789248466492,3003,12520,jpeg,0.04975724220275879
1778643674.7358747,150.189435005188,3004,12502,jpeg,0.05154252052307129
1778643674.7825096,150.23606991767883,3005,12517,jpeg,0.04663491249084473
1778643674.833492,150.2870523929596,3006,12531,jpeg,0.05098247528076172
1778643674.8834128,150.33697319030762,3007,12530,jpeg,0.04992079734802246
1778643674.932606,150.38616633415222,3008,12493,jpeg,0.04919314384460449
1778643674.9846277,150.4381880760193,3009,12498,jpeg,0.05202174186706543
1778643675.0342338,150.4877941608429,3010,12485,jpeg,0.0496060848236084
1778643675.0832498,150.53681015968323,3011,12508,jpeg,0.04901599884033203
1778643675.1339664,150.5875267982483,3012,12507,jpeg,0.05071663856506348
1778643675.184582,150.63814234733582,3013,12489,jpeg,0.050615549087524414
1778643675.2338877,150.68744802474976,3014,12490,jpeg,0.04930567741394043
1778643675.2871084,150.74066877365112,3015,12490,jpeg,0.05322074890136719
1778643675.333813,150.78737330436707,3016,12521,jpeg,0.04670453071594238
1778643675.383548,150.83710837364197,3017,12498,jpeg,0.049735069274902344
1778643675.4340317,150.88759207725525,3018,12484,jpeg,0.05048370361328125
1778643675.482185,150.9357452392578,3019,12469,jpeg,0.04815316200256348
1778643675.5329254,150.9864857196808,3020,12525,jpeg,0.05074048042297363
1778643675.5875003,151.04106068611145,3021,12507,jpeg,0.05457496643066406
1778643675.6338606,151.08742094039917,3022,12525,jpeg,0.04636025428771973
1778643675.682619,151.13617944717407,3023,12510,jpeg,0.048758506774902344
1778643675.736215,151.18977546691895,3024,12518,jpeg,0.05359601974487305
1778643675.7826824,151.23624277114868,3025,12532,jpeg,0.04646730422973633
1778643675.8326826,151.28624296188354,3026,12501,jpeg,0.05000019073486328
1778643675.8883727,151.34193301200867,3027,12520,jpeg,0.05569005012512207
1778643675.9343665,151.3879268169403,3028,12509,jpeg,0.045993804931640625
1778643675.9826496,151.43620991706848,3029,12511,jpeg,0.04828310012817383
1778643676.0369256,151.49048590660095,3030,12495,jpeg,0.0542759895324707
1778643676.082841,151.53640127182007,3031,12505,jpeg,0.04591536521911621
1778643676.133895,151.58745527267456,3032,12514,jpeg,0.05105400085449219
1778643676.184872,151.638432264328,3033,12520,jpeg,0.05097699165344238
1778643676.2324662,151.68602657318115,3034,12497,jpeg,0.047594308853149414
1778643676.2863364,151.739896774292,3035,12511,jpeg,0.053870201110839844
1778643676.3338277,151.78738808631897,3036,12497,jpeg,0.04749131202697754
1778643676.3829842,151.8365445137024,3037,12515,jpeg,0.04915642738342285
1778643676.433703,151.88726329803467,3038,12524,jpeg,0.05071878433227539
1778643676.4834495,151.93700981140137,3039,12530,jpeg,0.04974651336669922
1778643676.5323284,151.98588871955872,3040,12512,jpeg,0.04887890815734863
1778643676.5820012,152.03556156158447,3041,12499,jpeg,0.049672842025756836
1778643676.6349006,152.0884609222412,3042,12460,jpeg,0.05289936065673828
1778643676.685267,152.13882732391357,3043,11678,jpeg,0.05036640167236328
1778643676.734754,152.1883144378662,3044,11354,jpeg,0.04948711395263672
1778643676.783291,152.23685145378113,3045,11186,jpeg,0.04853701591491699
1778643676.8332527,152.28681302070618,3046,11074,jpeg,0.04996156692504883
1778643676.882702,152.33626246452332,3047,11456,jpeg,0.04944944381713867
1778643676.9340448,152.3876051902771,3048,11440,jpeg,0.05134272575378418
1778643676.9807107,152.43427109718323,3049,11595,jpeg,0.04666590690612793
1778643677.031874,152.48543429374695,3050,11557,jpeg,0.0511631965637207
1778643677.0831656,152.5367259979248,3051,11526,jpeg,0.051291704177856445
1778643677.1333237,152.58688402175903,3052,11633,jpeg,0.050158023834228516
1778643677.1832755,152.63683581352234,3053,11525,jpeg,0.049951791763305664
1778643677.2354045,152.68896484375,3054,11438,jpeg,0.05212903022766113
1778643677.2801294,152.73368978500366,3055,11569,jpeg,0.04472494125366211
1778643677.330053,152.78361344337463,3056,11466,jpeg,0.04992365837097168
1778643677.38255,152.83611035346985,3057,11398,jpeg,0.052496910095214844
1778643677.432022,152.885582447052,3058,11587,jpeg,0.04947209358215332
1778643677.4817727,152.93533301353455,3059,11412,jpeg,0.049750566482543945
1778643677.5322647,152.9858250617981,3060,11157,jpeg,0.050492048263549805
1778643677.580483,153.03404331207275,3061,11234,jpeg,0.0482182502746582
1778643677.6300678,153.08362817764282,3062,11112,jpeg,0.04958486557006836
1778643677.6858883,153.1394486427307,3063,11275,jpeg,0.055820465087890625
1778643677.73159,153.18515038490295,3064,11082,jpeg,0.04570174217224121
1778643677.7809048,153.2344651222229,3065,11041,jpeg,0.04931473731994629
1778643677.8334594,153.28701972961426,3066,10961,jpeg,0.05255460739135742
1778643677.8808658,153.33442616462708,3067,10734,jpeg,0.04740643501281738
1778643677.9311876,153.38474798202515,3068,10326,jpeg,0.05032181739807129
1778643677.9819503,153.43551063537598,3069,10052,jpeg,0.05076265335083008
1778643678.0321872,153.4857475757599,3070,9923,jpeg,0.05023694038391113
1778643678.0787966,153.53235697746277,3071,10253,jpeg,0.04660940170288086
1778643678.1318092,153.58536958694458,3072,10373,jpeg,0.05301260948181152
1778643678.1803827,153.6339430809021,3073,10686,jpeg,0.04857349395751953
1778643678.2299912,153.6835515499115,3074,11212,jpeg,0.049608469009399414
1778643678.2825592,153.7361195087433,3075,11036,jpeg,0.05256795883178711
1778643678.3329315,153.78649187088013,3076,11321,jpeg,0.05037236213684082
1778643678.3807123,153.83427262306213,3077,10776,jpeg,0.047780752182006836
1778643678.4359412,153.88950157165527,3078,10747,jpeg,0.05522894859313965
1778643678.481184,153.93474435806274,3079,10571,jpeg,0.0452427864074707
1778643678.5303116,153.9838719367981,3080,10376,jpeg,0.04912757873535156
1778643678.582944,154.03650426864624,3081,10137,jpeg,0.05263233184814453
1778643678.6285548,154.08211517333984,3082,10032,jpeg,0.045610904693603516
1778643678.681239,154.13479924201965,3083,10058,jpeg,0.05268406867980957
1778643678.7329178,154.18647813796997,3084,10442,jpeg,0.05167889595031738
1778643678.7818842,154.23544454574585,3085,10759,jpeg,0.048966407775878906
1778643678.8322349,154.285795211792,3086,11004,jpeg,0.05035066604614258
1778643678.882675,154.3362352848053,3087,11366,jpeg,0.050440073013305664
1778643678.9362168,154.38977718353271,3088,11506,jpeg,0.05354189872741699
1778643678.9832993,154.43685960769653,3089,11771,jpeg,0.04708242416381836
1778643679.033487,154.48704743385315,3090,11932,jpeg,0.05018782615661621
1778643679.0797114,154.53327178955078,3091,11981,jpeg,0.046224355697631836
1778643679.131076,154.58463644981384,3092,11891,jpeg,0.05136466026306152
1778643679.1824164,154.63597679138184,3093,11883,jpeg,0.051340341567993164
1778643679.2324724,154.6860327720642,3094,11824,jpeg,0.05005598068237305
1778643679.2806416,154.73420190811157,3095,11662,jpeg,0.04816913604736328
1778643679.3341115,154.7876718044281,3096,11676,jpeg,0.05346989631652832
1778643679.3802795,154.83383989334106,3097,11697,jpeg,0.04616808891296387
1778643679.431582,154.88514232635498,3098,11843,jpeg,0.051302433013916016
1778643679.4809816,154.9345419406891,3099,11696,jpeg,0.049399614334106445
1778643679.5304074,154.9839677810669,3100,11784,jpeg,0.04942584037780762
1778643679.57928,155.0328402519226,3101,11762,jpeg,0.04887247085571289
1778643679.6320665,155.08562684059143,3102,11774,jpeg,0.05278658866882324
1778643679.681879,155.13543939590454,3103,11862,jpeg,0.04981255531311035
1778643679.7309911,155.18455147743225,3104,11822,jpeg,0.04911208152770996
1778643679.7835834,155.2371437549591,3105,11781,jpeg,0.05259227752685547
1778643679.8316183,155.28517866134644,3106,11889,jpeg,0.0480349063873291
1778643679.8828685,155.33642888069153,3107,12013,jpeg,0.05125021934509277
1778643679.932012,155.38557243347168,3108,11944,jpeg,0.04914355278015137
1778643679.9804456,155.43400597572327,3109,11895,jpeg,0.048433542251586914
1778643680.0306969,155.48425722122192,3110,11976,jpeg,0.05025124549865723
1778643680.0819244,155.535484790802,3111,12105,jpeg,0.051227569580078125
1778643680.1331875,155.58674788475037,3112,12145,jpeg,0.05126309394836426
1778643680.1844544,155.638014793396,3113,12263,jpeg,0.05126690864562988
1778643680.2364316,155.68999195098877,3114,12103,jpeg,0.05197715759277344
1778643680.2826183,155.7361786365509,3115,11914,jpeg,0.04618668556213379
1778643680.3318431,155.78540349006653,3116,11879,jpeg,0.049224853515625
1778643680.385234,155.83879446983337,3117,11932,jpeg,0.0533909797668457
1778643680.431133,155.88469338417053,3118,11777,jpeg,0.0458989143371582
1778643680.4828455,155.9364058971405,3119,11815,jpeg,0.0517125129699707
1778643680.5330467,155.98660707473755,3120,12007,jpeg,0.0502011775970459
1778643680.5795732,156.0331335067749,3121,11716,jpeg,0.046526432037353516
1778643680.6322906,156.0858509540558,3122,11718,jpeg,0.05271744728088379
1778643680.6813364,156.1348967552185,3123,11603,jpeg,0.04904580116271973
1778643680.7292223,156.1827826499939,3124,11552,jpeg,0.047885894775390625
1778643680.7797883,156.23334860801697,3125,11590,jpeg,0.05056595802307129
1778643680.8338575,156.28741788864136,3126,11591,jpeg,0.05406928062438965
1778643680.879508,156.3330683708191,3127,11374,jpeg,0.045650482177734375
1778643680.9287548,156.382315158844,3128,11300,jpeg,0.049246788024902344
1778643680.9811702,156.43473052978516,3129,11222,jpeg,0.05241537094116211
1778643681.0288036,156.48236393928528,3130,11239,jpeg,0.04763340950012207
1778643681.078708,156.53226828575134,3131,11512,jpeg,0.04990434646606445
1778643681.1364384,156.58999872207642,3132,11656,jpeg,0.05773043632507324
1778643681.1788542,156.63241457939148,3133,11768,jpeg,0.04241585731506348
1778643681.2344832,156.68804359436035,3134,12117,jpeg,0.05562901496887207
1778643681.2808387,156.7343990802765,3135,12199,jpeg,0.046355485916137695
1778643681.331197,156.78475737571716,3136,12235,jpeg,0.05035829544067383
1778643681.379056,156.83261632919312,3137,12008,jpeg,0.04785895347595215
1778643681.4318988,156.8854591846466,3138,11951,jpeg,0.05284285545349121
1778643681.4801748,156.9337351322174,3139,12216,jpeg,0.04827594757080078
1778643681.5294828,156.98304319381714,3140,12194,jpeg,0.049308061599731445
1778643681.5818355,157.035395860672,3141,12147,jpeg,0.0523526668548584
1778643681.630054,157.08361434936523,3142,12396,jpeg,0.048218488693237305
1778643681.6794412,157.13300156593323,3143,12591,jpeg,0.049387216567993164
1778643681.7319021,157.185462474823,3144,12902,jpeg,0.05246090888977051
1778643681.780267,157.2338273525238,3145,12894,jpeg,0.048364877700805664
1778643681.8296974,157.28325772285461,3146,12477,jpeg,0.04943037033081055
1778643681.881818,157.335378408432,3147,12466,jpeg,0.05212068557739258
1778643681.9315987,157.38515901565552,3148,12389,jpeg,0.04978060722351074
1778643681.9834526,157.4370129108429,3149,12587,jpeg,0.05185389518737793
1778643682.032312,157.48587226867676,3150,12611,jpeg,0.048859357833862305
1778643682.0820978,157.535658121109,3151,12550,jpeg,0.04978585243225098
1778643682.1333385,157.58689880371094,3152,12415,jpeg,0.05124068260192871
1778643682.182046,157.6356062889099,3153,12329,jpeg,0.04870748519897461
1778643682.2319396,157.68549990653992,3154,12234,jpeg,0.04989361763000488
1778643682.2829263,157.7364866733551,3155,12068,jpeg,0.05098676681518555
1778643682.3315964,157.78515672683716,3156,12073,jpeg,0.048670053482055664
1778643682.3800893,157.83364963531494,3157,11920,jpeg,0.0484929084777832
1778643682.4304843,157.8840446472168,3158,11819,jpeg,0.05039501190185547
1778643682.482193,157.9357533454895,3159,11802,jpeg,0.05170869827270508
1778643682.5317628,157.9853231906891,3160,11737,jpeg,0.04956984519958496
1778643682.5802739,158.03383421897888,3161,11764,jpeg,0.04851102828979492
1778643682.6341853,158.0877456665039,3162,11892,jpeg,0.053911447525024414
1778643682.6805966,158.13415694236755,3163,12071,jpeg,0.04641127586364746
1778643682.7310061,158.18456649780273,3164,12125,jpeg,0.050409555435180664
1778643682.7828581,158.23641848564148,3165,12502,jpeg,0.05185198783874512
1778643682.8313065,158.28486680984497,3166,12496,jpeg,0.04844832420349121
1778643682.8878627,158.34142303466797,3167,12612,jpeg,0.05655622482299805
1778643682.933008,158.3865683078766,3168,12661,jpeg,0.045145273208618164
1778643682.980107,158.43366742134094,3169,12676,jpeg,0.04709911346435547
1778643683.0333421,158.48690247535706,3170,12887,jpeg,0.05323505401611328
1778643683.0819542,158.5355145931244,3171,12687,jpeg,0.048612117767333984
1778643683.1345832,158.58814358711243,3172,13397,jpeg,0.05262899398803711
1778643683.181718,158.63527846336365,3173,13617,jpeg,0.0471348762512207
1778643683.2408242,158.69438457489014,3174,14387,jpeg,0.05910611152648926
1778643683.2825365,158.73609685897827,3175,15463,jpeg,0.041712284088134766
1778643683.3327355,158.7862958908081,3176,15701,jpeg,0.050199031829833984
1778643683.3895092,158.84306955337524,3177,16428,jpeg,0.05677366256713867
1778643683.4360318,158.88959217071533,3178,16533,jpeg,0.04652261734008789
1778643683.4840086,158.93756890296936,3179,16540,jpeg,0.04797673225402832
1778643683.5365067,158.99006700515747,3180,16581,jpeg,0.05249810218811035
1778643683.582044,159.03560423851013,3181,15111,jpeg,0.04553723335266113
1778643683.6333833,159.0869436264038,3182,13061,jpeg,0.05133938789367676
1778643683.688364,159.1419243812561,3183,13245,jpeg,0.05498075485229492
1778643683.7363796,159.18993997573853,3184,13309,jpeg,0.048015594482421875
1778643683.7827432,159.23630356788635,3185,13641,jpeg,0.04636359214782715
1778643683.8390687,159.29262900352478,3186,13895,jpeg,0.056325435638427734
1778643683.879775,159.33333539962769,3187,13613,jpeg,0.04070639610290527
1778643683.929902,159.38346242904663,3188,13752,jpeg,0.05012702941894531
1778643683.9839008,159.4374611377716,3189,14367,jpeg,0.053998708724975586
1778643684.0333574,159.48691773414612,3190,14223,jpeg,0.04945659637451172
1778643684.0816627,159.53522300720215,3191,14755,jpeg,0.04830527305603027
1778643684.136298,159.58985829353333,3192,13475,jpeg,0.05463528633117676
1778643684.1828666,159.63642692565918,3193,13582,jpeg,0.04656863212585449
1778643684.2298083,159.68336868286133,3194,14010,jpeg,0.04694175720214844
1778643684.2857466,159.7393069267273,3195,14696,jpeg,0.0559382438659668
1778643684.3320098,159.78557014465332,3196,14055,jpeg,0.04626321792602539
1778643684.3798964,159.83345675468445,3197,14544,jpeg,0.04788661003112793
1778643684.435401,159.88896131515503,3198,14530,jpeg,0.055504560470581055
1778643684.4812043,159.93476462364197,3199,14347,jpeg,0.04580330848693848
1778643684.529613,159.98317337036133,3200,14510,jpeg,0.04840874671936035
1778643684.5828156,160.03637599945068,3201,14248,jpeg,0.05320262908935547
1778643684.6292279,160.08278822898865,3202,14225,jpeg,0.04641222953796387
1778643684.682672,160.13623237609863,3203,14603,jpeg,0.05344414710998535
1778643684.7340732,160.1876335144043,3204,15454,jpeg,0.05140113830566406
1778643684.7807846,160.23434495925903,3205,15443,jpeg,0.04671144485473633
1778643684.831357,160.28491735458374,3206,15407,jpeg,0.05057239532470703
1778643684.8883393,160.3418996334076,3207,15521,jpeg,0.05698227882385254
1778643684.9323645,160.3859248161316,3208,15426,jpeg,0.04402518272399902
1778643684.9786916,160.43225193023682,3209,15024,jpeg,0.04632711410522461
1778643685.0344687,160.4880290031433,3210,15003,jpeg,0.05577707290649414
1778643685.0833602,160.53692054748535,3211,14747,jpeg,0.048891544342041016
1778643685.1307933,160.58435368537903,3212,14973,jpeg,0.04743313789367676
1778643685.1835518,160.63711214065552,3213,15120,jpeg,0.05275845527648926
1778643685.2299702,160.68353056907654,3214,14577,jpeg,0.04641842842102051
1778643685.2788622,160.73242259025574,3215,14178,jpeg,0.04889202117919922
1778643685.3384876,160.7920479774475,3216,15860,jpeg,0.05962538719177246
1778643685.3816304,160.83519077301025,3217,14819,jpeg,0.04314279556274414
1778643685.431765,160.88532543182373,3218,14845,jpeg,0.05013465881347656
1778643685.4844635,160.9380238056183,3219,14854,jpeg,0.052698373794555664
1778643685.5303848,160.98394513130188,3220,13907,jpeg,0.04592132568359375
1778643685.5806441,161.03420448303223,3221,15148,jpeg,0.05025935173034668
1778643685.6310873,161.08464765548706,3222,14872,jpeg,0.050443172454833984
1778643685.6791286,161.13268899917603,3223,14548,jpeg,0.048041343688964844
1778643685.7299044,161.1834647655487,3224,14840,jpeg,0.050775766372680664
1778643685.788815,161.24237537384033,3225,14357,jpeg,0.05891060829162598
1778643685.832683,161.2862434387207,3226,14596,jpeg,0.043868064880371094
1778643685.8801532,161.33371353149414,3227,15213,jpeg,0.0474700927734375
1778643685.9310527,161.38461303710938,3228,14983,jpeg,0.050899505615234375
1778643685.9802077,161.43376803398132,3229,14971,jpeg,0.04915499687194824
1778643686.0337036,161.48726391792297,3230,14961,jpeg,0.05349588394165039
1778643686.083578,161.53713846206665,3231,14952,jpeg,0.04987454414367676
1778643686.128706,161.582266330719,3232,14892,jpeg,0.04512786865234375
1778643686.1805491,161.6341094970703,3233,13502,jpeg,0.05184316635131836
1778643686.2303898,161.68395018577576,3234,13169,jpeg,0.049840688705444336
1778643686.2802413,161.73380160331726,3235,13841,jpeg,0.049851417541503906
1778643686.3326325,161.78619289398193,3236,13832,jpeg,0.05239129066467285
1778643686.3877065,161.84126687049866,3237,13586,jpeg,0.05507397651672363
1778643686.4283223,161.8818826675415,3238,14060,jpeg,0.04061579704284668
1778643686.4820216,161.93558192253113,3239,13430,jpeg,0.05369925498962402
1778643686.531042,161.98460245132446,3240,13075,jpeg,0.04902052879333496
1778643686.580988,162.0345482826233,3241,13261,jpeg,0.049945831298828125
1778643686.6301703,162.08373069763184,3242,13638,jpeg,0.04918241500854492
1778643686.6807585,162.13431882858276,3243,14146,jpeg,0.050588130950927734
1778643686.7314453,162.18500566482544,3244,13902,jpeg,0.05068683624267578
1778643686.779358,162.2329182624817,3245,13510,jpeg,0.04791259765625
1778643686.834323,162.28788328170776,3246,14718,jpeg,0.05496501922607422
1778643686.8797102,162.33327054977417,3247,13986,jpeg,0.04538726806640625
1778643686.928744,162.38230443000793,3248,13977,jpeg,0.04903388023376465
1778643686.9855702,162.43913054466248,3249,15495,jpeg,0.056826114654541016
1778643687.0297475,162.48330783843994,3250,15098,jpeg,0.04417729377746582
1778643687.0807652,162.5343255996704,3251,15326,jpeg,0.05101776123046875
1778643687.1372654,162.59082579612732,3252,15205,jpeg,0.05650019645690918
1778643687.1810527,162.63461303710938,3253,15418,jpeg,0.043787240982055664
1778643687.229413,162.68297338485718,3254,14980,jpeg,0.048360347747802734
1778643687.28337,162.7369303703308,3255,14974,jpeg,0.05395698547363281
1778643687.330582,162.78414225578308,3256,14595,jpeg,0.04721188545227051
1778643687.3817632,162.8353235721588,3257,14914,jpeg,0.05118131637573242
1778643687.4325476,162.88610792160034,3258,14774,jpeg,0.05078434944152832
1778643687.4819047,162.93546509742737,3259,14770,jpeg,0.04935717582702637
1778643687.5307245,162.9842848777771,3260,14551,jpeg,0.048819780349731445
1778643687.5819328,163.03549313545227,3261,14166,jpeg,0.0512082576751709
1778643687.6317759,163.0853362083435,3262,13718,jpeg,0.04984307289123535
1778643687.6790485,163.13260889053345,3263,13513,jpeg,0.047272682189941406
1778643687.7306352,163.18419551849365,3264,12991,jpeg,0.05158662796020508
1778643687.781533,163.23509335517883,3265,12874,jpeg,0.050897836685180664
1778643687.8322499,163.28581023216248,3266,13073,jpeg,0.05071687698364258
1778643687.8807163,163.33427667617798,3267,13686,jpeg,0.04846644401550293
1778643687.9309504,163.38451075553894,3268,14879,jpeg,0.050234079360961914
1778643687.9822786,163.4358389377594,3269,15105,jpeg,0.051328182220458984
1778643688.0328748,163.48643517494202,3270,15157,jpeg,0.05059623718261719
1778643688.079801,163.53336143493652,3271,15154,jpeg,0.046926259994506836
1778643688.12993,163.5834903717041,3272,15140,jpeg,0.050128936767578125
1778643688.1819615,163.6355218887329,3273,15018,jpeg,0.052031517028808594
1778643688.2308483,163.68440866470337,3274,15577,jpeg,0.048886775970458984
1778643688.279822,163.7333824634552,3275,15606,jpeg,0.048973798751831055
1778643688.3374033,163.79096364974976,3276,15689,jpeg,0.057581186294555664
1778643688.3820698,163.83563017845154,3277,15677,jpeg,0.04466652870178223
1778643688.429984,163.88354444503784,3278,15581,jpeg,0.04791426658630371
1778643688.483507,163.93706727027893,3279,15453,jpeg,0.05352282524108887
1778643688.5329115,163.9864718914032,3280,15439,jpeg,0.04940462112426758
1778643688.5799053,164.0334656238556,3281,15618,jpeg,0.04699373245239258
1778643688.6339908,164.08755111694336,3282,15752,jpeg,0.054085493087768555
1778643688.6831117,164.1366720199585,3283,15779,jpeg,0.04912090301513672
1778643688.7301555,164.1837158203125,3284,15698,jpeg,0.047043800354003906
1778643688.7834568,164.2370171546936,3285,15717,jpeg,0.053301334381103516
1778643688.8354132,164.28897356987,3286,15618,jpeg,0.0519564151763916
1778643688.8830864,164.33664679527283,3287,15714,jpeg,0.04767322540283203
1778643688.9319942,164.38555455207825,3288,15802,jpeg,0.04890775680541992
1778643688.984381,164.43794131278992,3289,15819,jpeg,0.05238676071166992
1778643689.0308473,164.48440766334534,3290,15818,jpeg,0.04646635055541992
1778643689.0802588,164.5338191986084,3291,15324,jpeg,0.04941153526306152
1778643689.131629,164.58518934249878,3292,12965,jpeg,0.05137014389038086
1778643689.179382,164.6329424381256,3293,13139,jpeg,0.047753095626831055
1778643689.232564,164.68612432479858,3294,13595,jpeg,0.05318188667297363
1778643689.2815235,164.73508381843567,3295,13768,jpeg,0.04895949363708496
1778643689.328903,164.78246331214905,3296,13796,jpeg,0.047379493713378906
1778643689.3805354,164.83409571647644,3297,13392,jpeg,0.05163240432739258
1778643689.4305656,164.88412594795227,3298,13132,jpeg,0.05003023147583008
1778643689.4799461,164.93350648880005,3299,13160,jpeg,0.04938054084777832
1778643689.5315156,164.98507595062256,3300,13070,jpeg,0.051569461822509766
1778643689.5862057,165.03976607322693,3301,12969,jpeg,0.05469012260437012
1778643689.6286893,165.08224964141846,3302,13250,jpeg,0.04248356819152832
1778643689.6807222,165.13428258895874,3303,14154,jpeg,0.0520329475402832
1778643689.7303834,165.18394374847412,3304,14516,jpeg,0.04966115951538086
1778643689.7794197,165.23298001289368,3305,14381,jpeg,0.049036264419555664
1778643689.830067,165.28362727165222,3306,14746,jpeg,0.05064725875854492
1778643689.8804321,165.3339924812317,3307,14525,jpeg,0.05036520957946777
1778643689.9316144,165.38517475128174,3308,14566,jpeg,0.05118227005004883
1778643689.9810197,165.43458008766174,3309,15272,jpeg,0.04940533638000488
1778643690.0290105,165.48257088661194,3310,14771,jpeg,0.04799079895019531
1778643690.0798204,165.53338074684143,3311,14835,jpeg,0.05080986022949219
1778643690.129888,165.58344841003418,3312,14419,jpeg,0.05006766319274902
1778643690.180989,165.63454937934875,3313,14727,jpeg,0.051100969314575195
1778643690.2288287,165.6823890209198,3314,14423,jpeg,0.04783964157104492
1778643690.2817729,165.7353332042694,3315,14228,jpeg,0.052944183349609375
1778643690.3303826,165.78394293785095,3316,13921,jpeg,0.04860973358154297
1778643690.3796663,165.83322668075562,3317,13925,jpeg,0.049283742904663086
1778643690.4297447,165.88330507278442,3318,14048,jpeg,0.050078392028808594
1778643690.4806762,165.93423652648926,3319,13872,jpeg,0.050931453704833984
1778643690.5308523,165.9844126701355,3320,13902,jpeg,0.050176143646240234
1778643690.580972,166.0345323085785,3321,14015,jpeg,0.050119638442993164
1778643690.6302073,166.0837676525116,3322,13475,jpeg,0.04923534393310547
1778643690.6803823,166.13394260406494,3323,13859,jpeg,0.05017495155334473
1778643690.732931,166.18649125099182,3324,13807,jpeg,0.05254864692687988
1778643690.7787478,166.23230814933777,3325,13531,jpeg,0.045816898345947266
1778643690.8302,166.28376030921936,3326,12709,jpeg,0.0514521598815918
1778643690.8800113,166.33357167243958,3327,13481,jpeg,0.049811363220214844
1778643690.9330165,166.38657689094543,3328,14426,jpeg,0.053005218505859375
1778643690.983049,166.43660926818848,3329,14532,jpeg,0.05003237724304199
1778643691.0325375,166.4860978126526,3330,15461,jpeg,0.04948854446411133
1778643691.0809686,166.53452897071838,3331,14621,jpeg,0.0484311580657959
1778643691.131155,166.58471536636353,3332,14566,jpeg,0.0501863956451416
1778643691.182299,166.63585925102234,3333,14889,jpeg,0.05114388465881348
1778643691.2329116,166.6864719390869,3334,14915,jpeg,0.050612688064575195
1778643691.2840366,166.73759698867798,3335,15177,jpeg,0.05112504959106445
1778643691.3312075,166.78476786613464,3336,14855,jpeg,0.04717087745666504
1778643691.3840334,166.83759379386902,3337,14923,jpeg,0.052825927734375
1778643691.4299693,166.88352966308594,3338,15052,jpeg,0.045935869216918945
1778643691.479562,166.93312239646912,3339,13803,jpeg,0.04959273338317871
1778643691.532376,166.98593640327454,3340,13950,jpeg,0.05281400680541992
1778643691.5789874,167.03254771232605,3341,14277,jpeg,0.04661130905151367
1778643691.628255,167.08181524276733,3342,14101,jpeg,0.04926753044128418
1778643691.6792924,167.13285279273987,3343,14420,jpeg,0.05103754997253418
1778643691.7277975,167.18135786056519,3344,14084,jpeg,0.04850506782531738
1778643691.781705,167.23526525497437,3345,14309,jpeg,0.05390739440917969
1778643691.8317533,167.2853136062622,3346,14735,jpeg,0.0500483512878418
1778643691.882049,167.33560943603516,3347,14862,jpeg,0.05029582977294922
1778643691.931799,167.38535928726196,3348,14874,jpeg,0.04974985122680664
1778643691.979984,167.43354439735413,3349,14900,jpeg,0.048185110092163086
1778643692.028981,167.48254132270813,3350,15186,jpeg,0.048996925354003906
1778643692.0844698,167.5380301475525,3351,15066,jpeg,0.05548882484436035
1778643692.128903,167.58246326446533,3352,14843,jpeg,0.0444331169128418
1778643692.1788692,167.63242959976196,3353,14455,jpeg,0.04996633529663086
1778643692.263296,167.7168562412262,3354,15187,jpeg,0.0844266414642334
1778643692.2833865,167.73694682121277,3355,15414,jpeg,0.020090579986572266
1778643692.3273854,167.78094577789307,3356,15437,jpeg,0.04399895668029785
1778643692.3794003,167.83296060562134,3357,15511,jpeg,0.052014827728271484
1778643692.4301963,167.88375663757324,3358,15182,jpeg,0.0507960319519043
1778643692.4782085,167.93176889419556,3359,15515,jpeg,0.04801225662231445
1778643692.530085,167.98364543914795,3360,15336,jpeg,0.05187654495239258
1778643692.5790632,168.0326235294342,3361,15296,jpeg,0.04897809028625488
1778643692.628735,168.08229541778564,3362,15251,jpeg,0.04967188835144043
1778643692.680844,168.13440442085266,3363,15467,jpeg,0.0521090030670166
1778643692.729513,168.18307328224182,3364,15101,jpeg,0.048668861389160156
1778643692.7788064,168.23236680030823,3365,15058,jpeg,0.04929351806640625
1778643692.832264,168.28582429885864,3366,15376,jpeg,0.05345749855041504
1778643692.8783286,168.33188891410828,3367,14812,jpeg,0.04606461524963379
1778643692.9283426,168.38190293312073,3368,14612,jpeg,0.05001401901245117
1778643692.980687,168.43424725532532,3369,14991,jpeg,0.052344322204589844
1778643693.029924,168.48348426818848,3370,15102,jpeg,0.04923701286315918
1778643693.0808904,168.53445076942444,3371,15261,jpeg,0.050966501235961914
1778643693.1325867,168.58614706993103,3372,15058,jpeg,0.0516963005065918
1778643693.1839135,168.63747382164001,3373,15706,jpeg,0.051326751708984375
1778643693.2302148,168.6837751865387,3374,14974,jpeg,0.04630136489868164
1778643693.2858844,168.73944473266602,3375,14915,jpeg,0.055669546127319336
1778643693.3303607,168.78392100334167,3376,15024,jpeg,0.04447627067565918
1778643693.3795269,168.83308720588684,3377,15726,jpeg,0.049166202545166016
1778643693.4332511,168.88681149482727,3378,15104,jpeg,0.05372428894042969
1778643693.4796588,168.93321919441223,3379,15178,jpeg,0.04640769958496094
1778643693.5283623,168.98192262649536,3380,15248,jpeg,0.04870343208312988
1778643693.586159,169.03971934318542,3381,15260,jpeg,0.05779671669006348
1778643693.632682,169.08624243736267,3382,15056,jpeg,0.046523094177246094
1778643693.6792297,169.13279008865356,3383,14775,jpeg,0.046547651290893555
1778643693.7372234,169.19078373908997,3384,15649,jpeg,0.05799365043640137
1778643693.7818878,169.23544812202454,3385,15814,jpeg,0.04466438293457031
1778643693.827944,169.2815043926239,3386,15720,jpeg,0.046056270599365234
1778643693.8827069,169.3362672328949,3387,15952,jpeg,0.054762840270996094
1778643693.9321215,169.3856818675995,3388,15475,jpeg,0.049414634704589844
1778643693.978266,169.43182635307312,3389,15301,jpeg,0.04614448547363281
1778643694.0293164,169.48287677764893,3390,15263,jpeg,0.051050424575805664
1778643694.07765,169.53121042251587,3391,15514,jpeg,0.04833364486694336
1778643694.1274889,169.58104920387268,3392,15929,jpeg,0.04983878135681152
1778643694.1789064,169.6324667930603,3393,15757,jpeg,0.05141758918762207
1778643694.2278032,169.68136358261108,3394,15770,jpeg,0.04889678955078125
1778643694.2792397,169.73280000686646,3395,15980,jpeg,0.051436424255371094
1778643694.3301537,169.78371405601501,3396,16180,jpeg,0.05091404914855957
1778643694.381917,169.83547735214233,3397,16217,jpeg,0.051763296127319336
1778643694.4291878,169.88274812698364,3398,15806,jpeg,0.047270774841308594
1778643694.4835463,169.93710660934448,3399,14798,jpeg,0.054358482360839844
1778643694.5317063,169.98526668548584,3400,14635,jpeg,0.04816007614135742
1778643694.5792418,170.03280210494995,3401,15431,jpeg,0.04753541946411133
1778643694.6320176,170.08557796478271,3402,15871,jpeg,0.05277585983276367
1778643694.68042,170.13398027420044,3403,15572,jpeg,0.04840230941772461
1778643694.7281349,170.18169522285461,3404,15568,jpeg,0.047714948654174805
1778643694.780545,170.23410534858704,3405,15857,jpeg,0.052410125732421875
1778643694.8322663,170.28582668304443,3406,16097,jpeg,0.05172133445739746
1778643694.881967,170.33552742004395,3407,15315,jpeg,0.04970073699951172
1778643694.930494,170.38405442237854,3408,14533,jpeg,0.04852700233459473
1778643694.9818203,170.43538069725037,3409,15096,jpeg,0.05132627487182617
1778643695.0305068,170.48406720161438,3410,14870,jpeg,0.04868650436401367
1778643695.08004,170.53360033035278,3411,14905,jpeg,0.04953312873840332
1778643695.130583,170.58414340019226,3412,14871,jpeg,0.05054306983947754
1778643695.1783054,170.6318657398224,3413,14784,jpeg,0.04772233963012695
1778643695.2311003,170.68466067314148,3414,14400,jpeg,0.0527949333190918
1778643695.2774403,170.73100066184998,3415,13535,jpeg,0.046339988708496094
1778643695.3280637,170.7816240787506,3416,13894,jpeg,0.050623416900634766
1778643695.381109,170.83466935157776,3417,14154,jpeg,0.05304527282714844
1778643695.4294536,170.88301396369934,3418,14317,jpeg,0.04834461212158203
1778643695.4804432,170.93400359153748,3419,14680,jpeg,0.050989627838134766
1778643695.5304778,170.98403811454773,3420,14693,jpeg,0.050034523010253906
1778643695.5820694,171.0356297492981,3421,14752,jpeg,0.05159163475036621
1778643695.6303864,171.0839467048645,3422,15339,jpeg,0.04831695556640625
1778643695.6889877,171.14254808425903,3423,15377,jpeg,0.05860137939453125
1778643695.7299964,171.18355679512024,3424,14914,jpeg,0.041008710861206055
1778643695.777916,171.23147630691528,3425,15151,jpeg,0.047919511795043945
1778643695.8372147,171.2907750606537,3426,15071,jpeg,0.05929875373840332
1778643695.8819766,171.3355369567871,3427,14769,jpeg,0.04476189613342285
1778643695.9285452,171.38210558891296,3428,15067,jpeg,0.04656863212585449
1778643695.979925,171.4334852695465,3429,14944,jpeg,0.05137968063354492
1778643696.0279942,171.48155450820923,3430,15003,jpeg,0.04806923866271973
1778643696.0773592,171.53091955184937,3431,15339,jpeg,0.04936504364013672
1778643696.1301794,171.58373975753784,3432,15344,jpeg,0.05282020568847656
1778643696.1779077,171.63146805763245,3433,15464,jpeg,0.04772830009460449
1778643696.2278967,171.6814570426941,3434,15705,jpeg,0.04998898506164551
1778643696.2811527,171.73471307754517,3435,15616,jpeg,0.05325603485107422
1778643696.330377,171.78393745422363,3436,15322,jpeg,0.0492243766784668
1778643696.3769872,171.83054757118225,3437,15303,jpeg,0.046610116958618164
1778643696.4293346,171.88289499282837,3438,15115,jpeg,0.052347421646118164
1778643696.4771516,171.9307119846344,3439,14963,jpeg,0.04781699180603027
1778643696.5273278,171.98088812828064,3440,15086,jpeg,0.050176143646240234
1778643696.579944,172.0335042476654,3441,15273,jpeg,0.052616119384765625
1778643696.6290293,172.08258962631226,3442,14535,jpeg,0.049085378646850586
1778643696.676264,172.12982439994812,3443,14003,jpeg,0.04723477363586426
1778643696.7290652,172.18262553215027,3444,13662,jpeg,0.05280113220214844
1778643696.777302,172.2308623790741,3445,14398,jpeg,0.048236846923828125
1778643696.8301842,172.28374457359314,3446,14656,jpeg,0.05288219451904297
1778643696.8837535,172.33731389045715,3447,15429,jpeg,0.05356931686401367
1778643696.9279547,172.38151502609253,3448,14673,jpeg,0.04420113563537598
1778643696.9808612,172.43442153930664,3449,15273,jpeg,0.05290651321411133
1778643697.0329533,172.48651361465454,3450,15176,jpeg,0.05209207534790039
1778643697.0770016,172.5305619239807,3451,14665,jpeg,0.044048309326171875
1778643697.13234,172.58590030670166,3452,14345,jpeg,0.055338382720947266
1778643697.1800923,172.63365268707275,3453,13169,jpeg,0.04775238037109375
1778643697.227505,172.68106532096863,3454,12955,jpeg,0.04741263389587402
1778643697.2795043,172.73306465148926,3455,13055,jpeg,0.05199933052062988
1778643697.332289,172.78584933280945,3456,13343,jpeg,0.05278468132019043
1778643697.3813224,172.83488273620605,3457,13264,jpeg,0.049033403396606445
1778643697.43487,172.88843035697937,3458,13509,jpeg,0.05354762077331543
1778643697.4834454,172.93700575828552,3459,13383,jpeg,0.048575401306152344
1778643697.530665,172.98422527313232,3460,13029,jpeg,0.04721951484680176
1778643697.578271,173.03183126449585,3461,12931,jpeg,0.04760599136352539
1778643697.6302216,173.08378195762634,3462,12917,jpeg,0.051950693130493164
1778643697.6780808,173.13164114952087,3463,13174,jpeg,0.04785919189453125
1778643697.7271652,173.1807255744934,3464,13007,jpeg,0.04908442497253418
1778643697.77876,173.2323203086853,3465,13180,jpeg,0.05159473419189453
1778643697.829084,173.2826442718506,3466,13159,jpeg,0.0503239631652832
1778643697.8755682,173.32912850379944,3467,13239,jpeg,0.04648423194885254
1778643697.9271247,173.38068509101868,3468,13156,jpeg,0.05155658721923828
1778643697.9781857,173.43174600601196,3469,13012,jpeg,0.05106091499328613
1778643698.0256026,173.47916293144226,3470,13194,jpeg,0.04741692543029785
1778643698.0776033,173.53116369247437,3471,13442,jpeg,0.05200076103210449
1778643698.126119,173.57967925071716,3472,13237,jpeg,0.04851555824279785
1778643698.1788116,173.63237190246582,3473,13263,jpeg,0.05269265174865723
1778643698.2284393,173.68199968338013,3474,13407,jpeg,0.04962778091430664
1778643698.2769847,173.7305450439453,3475,13528,jpeg,0.04854536056518555
1778643698.3268306,173.7803909778595,3476,13665,jpeg,0.04984593391418457
1778643698.3802953,173.83385562896729,3477,13257,jpeg,0.053464651107788086
1778643698.4299903,173.8835506439209,3478,13195,jpeg,0.04969501495361328
1778643698.478438,173.93199825286865,3479,13148,jpeg,0.048447608947753906
1778643698.5279162,173.98147654533386,3480,13059,jpeg,0.04947829246520996
1778643698.5824523,174.03601264953613,3481,13918,jpeg,0.05453610420227051
1778643698.6264975,174.08005785942078,3482,13722,jpeg,0.044045209884643555
1778643698.6793826,174.13294291496277,3483,14092,jpeg,0.05288505554199219
1778643698.7276726,174.18123292922974,3484,14151,jpeg,0.04829001426696777
1778643698.7760222,174.22958254814148,3485,14170,jpeg,0.048349618911743164
1778643698.825386,174.27894639968872,3486,14135,jpeg,0.04936385154724121
1778643698.8757198,174.32928013801575,3487,14129,jpeg,0.05033373832702637
1778643698.9249277,174.37848806381226,3488,13781,jpeg,0.04920792579650879
1778643698.9786694,174.43222975730896,3489,13124,jpeg,0.0537416934967041
1778643699.0268838,174.48044419288635,3490,12827,jpeg,0.04821443557739258
1778643699.076777,174.5303373336792,3491,12848,jpeg,0.04989314079284668
1778643699.1305325,174.5840928554535,3492,12854,jpeg,0.05375552177429199
1778643699.1794863,174.63304662704468,3493,12899,jpeg,0.04895377159118652
1778643699.2267568,174.6803171634674,3494,12869,jpeg,0.04727053642272949
1778643699.2767467,174.73030710220337,3495,12786,jpeg,0.049989938735961914
1778643699.3273678,174.7809281349182,3496,12551,jpeg,0.05062103271484375
1778643699.3741732,174.82773351669312,3497,12306,jpeg,0.046805381774902344
1778643699.4295244,174.88308477401733,3498,12301,jpeg,0.05535125732421875
1778643699.4746926,174.92825293540955,3499,12328,jpeg,0.045168161392211914
1778643699.5259292,174.97948956489563,3500,12346,jpeg,0.051236629486083984
1778643699.5771587,175.03071904182434,3501,12422,jpeg,0.05122947692871094
1778643699.6234448,175.07700514793396,3502,12384,jpeg,0.04628610610961914
1778643699.6734931,175.1270534992218,3503,12414,jpeg,0.0500483512878418
1778643699.7287803,175.18234062194824,3504,12403,jpeg,0.05528712272644043
1778643699.7792122,175.23277258872986,3505,12567,jpeg,0.05043196678161621
1778643699.82778,175.28134036064148,3506,12570,jpeg,0.048567771911621094
1778643699.878944,175.33250427246094,3507,12531,jpeg,0.05116391181945801
1778643699.9264135,175.37997388839722,3508,12653,jpeg,0.0474696159362793
1778643699.9761689,175.42972922325134,3509,12698,jpeg,0.04975533485412598
1778643700.0334256,175.48698592185974,3510,12700,jpeg,0.05725669860839844
1778643700.0761852,175.52974557876587,3511,12854,jpeg,0.04275965690612793
1778643700.1250372,175.57859754562378,3512,13085,jpeg,0.048851966857910156
1778643700.176046,175.62960624694824,3513,12877,jpeg,0.05100870132446289
1778643700.2264693,175.680029630661,3514,12934,jpeg,0.050423383712768555
1778643700.2776814,175.73124170303345,3515,12906,jpeg,0.05121207237243652
1778643700.3272085,175.78076887130737,3516,12594,jpeg,0.04952716827392578
1778643700.3754551,175.82901549339294,3517,12313,jpeg,0.04824662208557129
1778643700.4276671,175.88122749328613,3518,12288,jpeg,0.05221199989318848
1778643700.4762814,175.92984175682068,3519,12322,jpeg,0.0486142635345459
1778643700.5300016,175.98356199264526,3520,12361,jpeg,0.05372023582458496
1778643700.5746362,176.02819657325745,3521,12254,jpeg,0.04463458061218262
1778643700.6277325,176.08129286766052,3522,12421,jpeg,0.05309629440307617
1778643700.6804342,176.13399457931519,3523,12445,jpeg,0.052701711654663086
1778643700.7254028,176.1789631843567,3524,12351,jpeg,0.044968605041503906
1778643700.7790706,176.23263096809387,3525,12522,jpeg,0.05366778373718262
1778643700.827681,176.28124141693115,3526,12667,jpeg,0.04861044883728027
1778643700.8754394,176.32899975776672,3527,12807,jpeg,0.04775834083557129
1778643700.929558,176.383118391037,3528,12788,jpeg,0.05411863327026367
1778643700.9772704,176.4308307170868,3529,12797,jpeg,0.04771232604980469
1778643701.026862,176.48042225837708,3530,12993,jpeg,0.0495915412902832
1778643701.0772188,176.53077912330627,3531,12962,jpeg,0.05035686492919922
1778643701.1285694,176.58212971687317,3532,12852,jpeg,0.05135059356689453
1778643701.1763177,176.62987804412842,3533,12776,jpeg,0.04774832725524902
1778643701.2274919,176.68105220794678,3534,12717,jpeg,0.051174163818359375
1778643701.277032,176.73059225082397,3535,12718,jpeg,0.049540042877197266
1778643701.336292,176.78985238075256,3536,12873,jpeg,0.05926012992858887
1778643701.3772898,176.83085012435913,3537,12721,jpeg,0.04099774360656738
1778643701.4285018,176.88206219673157,3538,12621,jpeg,0.05121207237243652
1778643701.4770396,176.93059992790222,3539,12869,jpeg,0.0485377311706543
1778643701.5268188,176.98037910461426,3540,12870,jpeg,0.04977917671203613
1778643701.5802202,177.03378057479858,3541,12617,jpeg,0.05340147018432617
1778643701.6262014,177.07976174354553,3542,12788,jpeg,0.04598116874694824
1778643701.6803522,177.13391256332397,3543,12739,jpeg,0.05415081977844238
1778643701.726502,177.18006229400635,3544,12769,jpeg,0.04614973068237305
1778643701.7754767,177.2290370464325,3545,12863,jpeg,0.04897475242614746
1778643701.836754,177.29031443595886,3546,12771,jpeg,0.06127738952636719
1778643701.8808708,177.33443117141724,3547,12255,jpeg,0.04411673545837402
1778643701.9261808,177.379741191864,3548,12163,jpeg,0.045310020446777344
1778643701.9775536,177.43111395835876,3549,12285,jpeg,0.05137276649475098
1778643702.0282435,177.48180389404297,3550,12494,jpeg,0.0506899356842041
1778643702.0788858,177.53244614601135,3551,12369,jpeg,0.05064225196838379
1778643702.1273437,177.580904006958,3552,12351,jpeg,0.04845786094665527
1778643702.1802578,177.63381814956665,3553,12400,jpeg,0.05291414260864258
1778643702.229062,177.68262243270874,3554,12474,jpeg,0.048804283142089844
1778643702.277037,177.73059725761414,3555,12371,jpeg,0.04797482490539551
1778643702.3301594,177.7837197780609,3556,12421,jpeg,0.053122520446777344
1778643702.383485,177.83704543113708,3557,12352,jpeg,0.053325653076171875
1778643702.4268675,177.88042783737183,3558,12449,jpeg,0.04338240623474121
1778643702.4772112,177.93077158927917,3559,12429,jpeg,0.05034375190734863
1778643702.52596,177.97952032089233,3560,12247,jpeg,0.04874873161315918
1778643702.5784092,178.03196954727173,3561,12776,jpeg,0.05244922637939453
1778643702.6287768,178.082337141037,3562,12715,jpeg,0.05036759376525879
1778643702.6815984,178.13515877723694,3563,12637,jpeg,0.05282163619995117
1778643702.7270534,178.1806137561798,3564,12397,jpeg,0.045454978942871094
1778643702.7766485,178.23020887374878,3565,12440,jpeg,0.04959511756896973
1778643702.8254368,178.27899718284607,3566,12533,jpeg,0.04878830909729004
1778643702.878833,178.33239340782166,3567,12495,jpeg,0.05339622497558594
1778643702.9280367,178.38159704208374,3568,12761,jpeg,0.04920363426208496
1778643702.9768286,178.43038892745972,3569,12552,jpeg,0.04879188537597656
1778643703.0270016,178.48056197166443,3570,12446,jpeg,0.050173044204711914
1778643703.0767221,178.530282497406,3571,12648,jpeg,0.04972052574157715
1778643703.1251872,178.57874751091003,3572,12583,jpeg,0.04846501350402832
1778643703.1840355,178.63759589195251,3573,12478,jpeg,0.05884838104248047
1778643703.224856,178.67841625213623,3574,12331,jpeg,0.04082036018371582
1778643703.2743337,178.72789406776428,3575,12691,jpeg,0.04947781562805176
1778643703.3270624,178.78062272071838,3576,12293,jpeg,0.05272865295410156
1778643703.3792036,178.83276391029358,3577,12461,jpeg,0.05214118957519531
1778643703.4268866,178.88044691085815,3578,12704,jpeg,0.047683000564575195
1778643703.4759963,178.92955660820007,3579,12725,jpeg,0.049109697341918945
1778643703.5300682,178.98362851142883,3580,12607,jpeg,0.054071903228759766
1778643703.6029892,179.05654954910278,3581,12517,jpeg,0.0729210376739502
1778643703.8066933,179.26025366783142,3582,12499,jpeg,0.2037041187286377
1778643703.8320189,179.28557920455933,3583,12576,jpeg,0.025325536727905273
1778643703.8358471,179.28940749168396,3584,12492,jpeg,0.003828287124633789
1778643703.8391857,179.29274606704712,3585,12411,jpeg,0.0033385753631591797
1778643703.9953096,179.44886994361877,3586,12621,jpeg,0.15612387657165527
1778643703.9997883,179.4533486366272,3587,12419,jpeg,0.0044786930084228516
1778643704.0032723,179.4568326473236,3588,12424,jpeg,0.003484010696411133
1778643704.0056677,179.45922803878784,3589,12339,jpeg,0.0023953914642333984
1778643704.0259492,179.47950959205627,3590,12422,jpeg,0.020281553268432617
1778643704.076129,179.5296893119812,3591,12463,jpeg,0.05017971992492676
1778643704.128063,179.58162331581116,3592,12297,jpeg,0.051934003829956055
1778643704.2038429,179.65740323066711,3593,12222,jpeg,0.07577991485595703
1778643704.2564757,179.71003603935242,3594,12429,jpeg,0.052632808685302734
1778643704.2811615,179.7347218990326,3595,12420,jpeg,0.02468585968017578
1778643704.372773,179.82633328437805,3596,12563,jpeg,0.09161138534545898
1778643704.3783214,179.8318817615509,3597,12438,jpeg,0.0055484771728515625
1778643704.4352727,179.88883304595947,3598,12587,jpeg,0.056951284408569336
1778643704.515747,179.96930742263794,3599,12408,jpeg,0.0804743766784668
1778643704.5342145,179.987774848938,3600,12565,jpeg,0.018467426300048828
1778643704.5766926,180.0302529335022,3601,12478,jpeg,0.042478084564208984
1778643704.6241748,180.07773518562317,3602,12478,jpeg,0.04748225212097168
1778643704.6788986,180.1324589252472,3603,12594,jpeg,0.05472373962402344
1778643704.7278273,180.18138766288757,3604,12515,jpeg,0.04892873764038086
1778643704.7758904,180.22945070266724,3605,12417,jpeg,0.048063039779663086
1778643704.8271306,180.280690908432,3606,12423,jpeg,0.05124020576477051
1778643704.8774626,180.33102297782898,3607,12478,jpeg,0.050332069396972656
1778643704.924954,180.37851428985596,3608,12592,jpeg,0.04749131202697754
1778643704.9768512,180.43041157722473,3609,12532,jpeg,0.051897287368774414
1778643705.0254948,180.4790551662445,3610,12567,jpeg,0.04864358901977539
1778643705.07652,180.53008031845093,3611,12518,jpeg,0.0510251522064209
1778643705.1265345,180.58009481430054,3612,12605,jpeg,0.050014495849609375
1778643705.1760254,180.62958574295044,3613,12664,jpeg,0.049490928649902344
1778643705.2246802,180.67824053764343,3614,12665,jpeg,0.048654794692993164
1778643705.275,180.72856044769287,3615,12398,jpeg,0.05031991004943848
1778643705.325772,180.7793323993683,3616,12457,jpeg,0.05077195167541504
1778643705.3743386,180.827898979187,3617,12413,jpeg,0.048566579818725586
1778643705.426871,180.8804314136505,3618,12563,jpeg,0.05253243446350098
1778643705.4788349,180.93239521980286,3619,12560,jpeg,0.05196380615234375
1778643705.5282052,180.98176550865173,3620,12497,jpeg,0.04937028884887695
1778643705.5753534,181.02891373634338,3621,12410,jpeg,0.04714822769165039
1778643705.6243176,181.07787799835205,3622,12427,jpeg,0.04896426200866699
1778643705.6762075,181.12976789474487,3623,12647,jpeg,0.051889896392822266
1778643705.7261238,181.1796841621399,3624,12631,jpeg,0.04991626739501953
1778643705.7787871,181.23234748840332,3625,12635,jpeg,0.052663326263427734
1778643705.8242414,181.27780175209045,3626,12500,jpeg,0.04545426368713379
1778643705.875587,181.3291473388672,3627,12479,jpeg,0.0513455867767334
1778643705.9262,181.37976026535034,3628,12473,jpeg,0.0506129264831543
1778643705.9760406,181.4296009540558,3629,12447,jpeg,0.049840688705444336
1778643706.0274267,181.48098707199097,3630,12596,jpeg,0.051386117935180664
1778643706.0731091,181.5266695022583,3631,12536,jpeg,0.045682430267333984
1778643706.1237247,181.57728505134583,3632,12659,jpeg,0.050615549087524414
1778643706.1754818,181.6290421485901,3633,12562,jpeg,0.051757097244262695
1778643706.2238362,181.6773965358734,3634,12537,jpeg,0.048354387283325195
1778643706.2734528,181.7270131111145,3635,12563,jpeg,0.04961657524108887
1778643706.3284266,181.781986951828,3636,12729,jpeg,0.05497384071350098
1778643706.3739102,181.82747054100037,3637,12711,jpeg,0.04548358917236328
1778643706.4261038,181.87966418266296,3638,12633,jpeg,0.052193641662597656
1778643706.476581,181.9301414489746,3639,12587,jpeg,0.05047726631164551
1778643706.522911,181.97647142410278,3640,12624,jpeg,0.04632997512817383
1778643706.57399,182.02755045890808,3641,12709,jpeg,0.05107903480529785
1778643706.6247838,182.0783441066742,3642,12778,jpeg,0.05079364776611328
1778643706.6733315,182.12689185142517,3643,12792,jpeg,0.04854774475097656
1778643706.7231324,182.1766927242279,3644,12712,jpeg,0.049800872802734375
1778643706.7897825,182.24334287643433,3645,12631,jpeg,0.0666501522064209
1778643706.8234508,182.27701115608215,3646,12669,jpeg,0.03366827964782715
1778643706.8747454,182.32830572128296,3647,12672,jpeg,0.051294565200805664
1778643706.9250963,182.37865662574768,3648,12689,jpeg,0.05035090446472168
1778643706.972017,182.42557740211487,3649,12644,jpeg,0.0469207763671875
1778643707.022566,182.47612643241882,3650,12703,jpeg,0.05054903030395508
1778643707.0764685,182.53002882003784,3651,12758,jpeg,0.053902387619018555
1778643707.1231132,182.57667350769043,3652,12830,jpeg,0.04664468765258789
1778643707.1724637,182.62602400779724,3653,12792,jpeg,0.04935050010681152
1778643707.2285383,182.68209862709045,3654,12734,jpeg,0.05607461929321289
1778643707.280964,182.73452425003052,3655,12691,jpeg,0.05242562294006348
1778643707.3228273,182.7763876914978,3656,12739,jpeg,0.041863441467285156
1778643707.376384,182.82994437217712,3657,12709,jpeg,0.05355668067932129
1778643707.4228506,182.87641096115112,3658,12732,jpeg,0.04646658897399902
1778643707.4738636,182.92742395401,3659,12710,jpeg,0.05101299285888672
1778643707.5264597,182.98002004623413,3660,12757,jpeg,0.052596092224121094
1778643707.578248,183.03180837631226,3661,12758,jpeg,0.051788330078125
1778643707.622946,183.07650637626648,3662,12761,jpeg,0.04469799995422363
1778643707.6778388,183.1313991546631,3663,12732,jpeg,0.054892778396606445
1778643707.724073,183.17763328552246,3664,12713,jpeg,0.046234130859375
1778643707.7726133,183.22617363929749,3665,12687,jpeg,0.048540353775024414
1778643707.829149,183.28270936012268,3666,12684,jpeg,0.05653572082519531
1778643707.8730354,183.32659578323364,3667,12700,jpeg,0.043886423110961914
1778643707.9235046,183.3770649433136,3668,12712,jpeg,0.050469160079956055
1778643707.9764564,183.43001675605774,3669,12719,jpeg,0.052951812744140625
1778643708.0237627,183.47732305526733,3670,12748,jpeg,0.04730629920959473
1778643708.0754402,183.52900052070618,3671,12729,jpeg,0.05167746543884277
1778643708.1254716,183.5790319442749,3672,12725,jpeg,0.050031423568725586
1778643708.1716912,183.62525153160095,3673,12725,jpeg,0.046219587326049805
1778643708.2223556,183.6759159564972,3674,12719,jpeg,0.050664424896240234
1778643708.2747548,183.72831511497498,3675,12740,jpeg,0.0523991584777832
1778643708.3244057,183.77796602249146,3676,12721,jpeg,0.04965090751647949
1778643708.374695,183.82825541496277,3677,12742,jpeg,0.05028939247131348
1778643708.42761,183.88117027282715,3678,12736,jpeg,0.05291485786437988
1778643708.4732146,183.9267749786377,3679,12732,jpeg,0.045604705810546875
1778643708.5239606,183.977520942688,3680,12741,jpeg,0.05074596405029297
1778643708.5758252,184.02938556671143,3681,12754,jpeg,0.0518646240234375
1778643708.6230552,184.0766155719757,3682,12703,jpeg,0.04723000526428223
1778643708.6728141,184.12637448310852,3683,12751,jpeg,0.0497589111328125
1778643708.7248645,184.17842483520508,3684,12729,jpeg,0.05205035209655762
1778643708.7729082,184.22646856307983,3685,12735,jpeg,0.04804372787475586
1778643708.8231688,184.27672910690308,3686,12738,jpeg,0.05026054382324219
1778643708.8760283,184.3295886516571,3687,12717,jpeg,0.05285954475402832
1778643708.924072,184.37763237953186,3688,12739,jpeg,0.04804372787475586
1778643708.973081,184.4266414642334,3689,12738,jpeg,0.049009084701538086
1778643709.0256789,184.47923922538757,3690,12725,jpeg,0.052597761154174805
1778643709.0735805,184.52714085578918,3691,12734,jpeg,0.04790163040161133
1778643709.1225455,184.5761058330536,3692,12730,jpeg,0.0489649772644043
1778643709.1752079,184.6287682056427,3693,12713,jpeg,0.05266237258911133
1778643709.2232876,184.6768479347229,3694,12701,jpeg,0.048079729080200195
1778643709.2726989,184.72625923156738,3695,12701,jpeg,0.04941129684448242
1778643709.3286104,184.7821707725525,3696,12694,jpeg,0.05591154098510742
1778643709.3745618,184.82812213897705,3697,12721,jpeg,0.04595136642456055
1778643709.423222,184.87678241729736,3698,12751,jpeg,0.0486602783203125
1778643709.4765217,184.9300820827484,3699,12724,jpeg,0.053299665451049805
1778643709.5227308,184.97629117965698,3700,12750,jpeg,0.046209096908569336
1778643709.5729415,185.0265018939972,3701,12761,jpeg,0.05021071434020996
1778643709.624971,185.0785312652588,3702,12735,jpeg,0.05202937126159668
1778643709.6726213,185.12618160247803,3703,12736,jpeg,0.04765033721923828
1778643709.721851,185.1754114627838,3704,12737,jpeg,0.04922986030578613
1778643709.7725258,185.22608613967896,3705,12738,jpeg,0.0506746768951416
1778643709.8208017,185.27436208724976,3706,12739,jpeg,0.04827594757080078
1778643709.8739197,185.32748007774353,3707,12763,jpeg,0.053117990493774414
1778643709.9241834,185.3777437210083,3708,12736,jpeg,0.05026364326477051
1778643709.9775176,185.43107795715332,3709,12741,jpeg,0.05333423614501953
1778643710.0238729,185.47743320465088,3710,12737,jpeg,0.046355247497558594
1778643710.0763052,185.52986550331116,3711,12723,jpeg,0.05243229866027832
1778643710.122646,185.57620644569397,3712,12749,jpeg,0.0463409423828125
1778643710.1703484,185.62390875816345,3713,12708,jpeg,0.04770231246948242
1778643710.2319403,185.68550062179565,3714,12703,jpeg,0.06159186363220215
1778643710.2722502,185.7258105278015,3715,12730,jpeg,0.040309906005859375
1778643710.32636,185.77992033958435,3716,12739,jpeg,0.054109811782836914
1778643710.3765738,185.8301341533661,3717,12751,jpeg,0.05021381378173828
1778643710.4211175,185.87467789649963,3718,12733,jpeg,0.04454374313354492
1778643710.4741182,185.9276785850525,3719,12753,jpeg,0.053000688552856445
1778643710.5229783,185.9765386581421,3720,12738,jpeg,0.04886007308959961
1778643710.574761,186.02832126617432,3721,12738,jpeg,0.05178260803222656
1778643710.6235597,186.0771200656891,3722,12719,jpeg,0.04879879951477051
1778643710.673539,186.127099275589,3723,12720,jpeg,0.049979209899902344
1778643710.7232068,186.17676711082458,3724,12722,jpeg,0.0496678352355957
1778643710.7727945,186.2263548374176,3725,12754,jpeg,0.04958772659301758
1778643710.8248892,186.27844953536987,3726,12702,jpeg,0.05209469795227051
1778643710.8843026,186.33786296844482,3727,12723,jpeg,0.05941343307495117
1778643710.9228942,186.3764545917511,3728,12732,jpeg,0.038591623306274414
1778643710.9756796,186.42923998832703,3729,12721,jpeg,0.052785396575927734
1778643711.023413,186.4769732952118,3730,12730,jpeg,0.047733306884765625
1778643711.072477,186.5260374546051,3731,12731,jpeg,0.04906415939331055
1778643711.126129,186.57968926429749,3732,12724,jpeg,0.05365180969238281
1778643711.1872506,186.6408109664917,3733,12727,jpeg,0.06112170219421387
1778643711.2217026,186.67526292800903,3734,12733,jpeg,0.034451961517333984
1778643711.2737265,186.7272868156433,3735,12706,jpeg,0.052023887634277344
1778643711.3228617,186.7764220237732,3736,12754,jpeg,0.04913520812988281
1778643711.376954,186.83051443099976,3737,12734,jpeg,0.0540924072265625
1778643711.4284775,186.8820378780365,3738,12715,jpeg,0.051523447036743164
1778643711.4874244,186.94098472595215,3739,12715,jpeg,0.058946847915649414
1778643711.5248156,186.97837591171265,3740,12705,jpeg,0.03739118576049805
1778643711.5749304,187.02849078178406,3741,12743,jpeg,0.05011487007141113
1778643711.62444,187.07800030708313,3742,12713,jpeg,0.049509525299072266
1778643711.6738925,187.1274528503418,3743,12730,jpeg,0.04945254325866699
1778643711.7329125,187.18647289276123,3744,12717,jpeg,0.059020042419433594
1778643711.7740514,187.22761178016663,3745,12730,jpeg,0.04113888740539551
1778643711.8226223,187.27618265151978,3746,12732,jpeg,0.048570871353149414
1778643711.8775966,187.33115696907043,3747,12717,jpeg,0.05497431755065918
1778643711.924024,187.37758445739746,3748,12722,jpeg,0.04642748832702637
1778643711.9725697,187.42613005638123,3749,12708,jpeg,0.04854559898376465
1778643712.0265708,187.480131149292,3750,12710,jpeg,0.0540010929107666
1778643712.0738013,187.52736163139343,3751,12697,jpeg,0.04723048210144043
1778643712.1266248,187.58018517494202,3752,12721,jpeg,0.052823543548583984
1778643712.1749597,187.62852001190186,3753,12705,jpeg,0.04833483695983887
1778643712.228843,187.68240332603455,3754,12703,jpeg,0.05388331413269043
1778643712.2742093,187.727769613266,3755,12709,jpeg,0.04536628723144531
1778643712.330858,187.78441834449768,3756,12699,jpeg,0.05664873123168945
1778643712.3778956,187.83145594596863,3757,12715,jpeg,0.047037601470947266
1778643712.423933,187.87749338150024,3758,12713,jpeg,0.04603743553161621
1778643712.478365,187.93192529678345,3759,12703,jpeg,0.054431915283203125
1778643712.5264947,187.98005509376526,3760,12714,jpeg,0.04812979698181152
1778643712.5752559,188.02881622314453,3761,12714,jpeg,0.04876112937927246
1778643712.6263127,188.07987308502197,3762,12703,jpeg,0.051056861877441406
1778643712.674343,188.1279034614563,3763,12701,jpeg,0.04803037643432617
1778643712.7295637,188.18312406539917,3764,12726,jpeg,0.055220603942871094
1778643712.7746327,188.22819304466248,3765,12733,jpeg,0.045068979263305664
1778643712.8263369,188.27989721298218,3766,12710,jpeg,0.05170416831970215
1778643712.8729885,188.32654881477356,3767,12743,jpeg,0.046651601791381836
1778643712.9335947,188.38715505599976,3768,12743,jpeg,0.06060624122619629
1778643712.974091,188.42765140533447,3769,12709,jpeg,0.0404963493347168
1778643713.0233994,188.47695970535278,3770,12734,jpeg,0.04930830001831055
1778643713.0764472,188.5300076007843,3771,12734,jpeg,0.053047895431518555
1778643713.1276352,188.58119559288025,3772,12727,jpeg,0.051187992095947266
1778643713.1747127,188.6282730102539,3773,12707,jpeg,0.04707741737365723
1778643713.2250154,188.67857575416565,3774,12734,jpeg,0.050302743911743164
1778643713.2747145,188.7282748222351,3775,12726,jpeg,0.04969906806945801
1778643713.3236363,188.7771966457367,3776,12736,jpeg,0.048921823501586914
1778643713.37363,188.82719039916992,3777,12717,jpeg,0.04999375343322754
1778643713.4239008,188.87746119499207,3778,12710,jpeg,0.050270795822143555
1778643713.472964,188.92652440071106,3779,12711,jpeg,0.04906320571899414
1778643713.5246806,188.97824096679688,3780,12727,jpeg,0.05171656608581543
1778643713.5774417,189.03100204467773,3781,12752,jpeg,0.052761077880859375
1778643713.621489,189.0750494003296,3782,12754,jpeg,0.04404735565185547
1778643713.6730187,189.1265790462494,3783,12727,jpeg,0.051529645919799805
1778643713.722384,189.1759443283081,3784,12715,jpeg,0.04936528205871582
1778643713.772463,189.22602343559265,3785,12706,jpeg,0.0500791072845459
1778643713.8233638,189.27692413330078,3786,12691,jpeg,0.05090069770812988
1778643713.871626,189.325186252594,3787,12706,jpeg,0.04826211929321289
1778643713.9214485,189.37500882148743,3788,12732,jpeg,0.04982256889343262
1778643713.97288,189.42644023895264,3789,12741,jpeg,0.05143141746520996
1778643714.0213282,189.47488856315613,3790,12739,jpeg,0.04844832420349121
1778643714.0731215,189.5266819000244,3791,12740,jpeg,0.05179333686828613
1778643714.1236339,189.5771942138672,3792,12742,jpeg,0.05051231384277344
1778643714.1732237,189.62678408622742,3793,12721,jpeg,0.04958987236022949
1778643714.2220652,189.67562556266785,3794,12738,jpeg,0.04884147644042969
1778643714.27594,189.7295002937317,3795,12729,jpeg,0.05387473106384277
1778643714.3224564,189.77601671218872,3796,12739,jpeg,0.04651641845703125
1778643714.372132,189.82569241523743,3797,12771,jpeg,0.049675703048706055
1778643714.4243248,189.8778851032257,3798,12740,jpeg,0.05219268798828125
1778643714.4733794,189.92693972587585,3799,12722,jpeg,0.049054622650146484
1778643714.5268748,189.98043513298035,3800,12724,jpeg,0.05349540710449219
1778643714.5731354,190.026695728302,3801,12743,jpeg,0.04626059532165527
1778643714.623536,190.07709646224976,3802,12709,jpeg,0.050400733947753906
1778643714.6747165,190.12827682495117,3803,12709,jpeg,0.051180362701416016
1778643714.723551,190.1771113872528,3804,12724,jpeg,0.04883456230163574
1778643714.7709417,190.2245020866394,3805,12720,jpeg,0.04739069938659668
1778643714.8232129,190.2767732143402,3806,12732,jpeg,0.052271127700805664
1778643714.8724709,190.32603120803833,3807,12728,jpeg,0.04925799369812012
1778643714.923737,190.37729740142822,3808,12720,jpeg,0.05126619338989258
1778643714.9727745,190.42633485794067,3809,12717,jpeg,0.04903745651245117
1778643715.0217724,190.475332736969,3810,12737,jpeg,0.04899787902832031
1778643715.0702336,190.52379393577576,3811,12731,jpeg,0.048461198806762695
1778643715.1236227,190.57718300819397,3812,12749,jpeg,0.05338907241821289
1778643715.1719902,190.62555050849915,3813,12720,jpeg,0.04836750030517578
1778643715.2199767,190.67353701591492,3814,12754,jpeg,0.047986507415771484
1778643715.271124,190.72468423843384,3815,12724,jpeg,0.0511472225189209
1778643715.3220897,190.77565002441406,3816,12725,jpeg,0.05096578598022461
1778643715.3712137,190.82477402687073,3817,12727,jpeg,0.04912400245666504
1778643715.420558,190.87411832809448,3818,12733,jpeg,0.04934430122375488
1778643715.4724364,190.9259967803955,3819,12749,jpeg,0.05187845230102539
1778643715.520663,190.97422337532043,3820,12751,jpeg,0.04822659492492676
1778643715.570532,191.0240924358368,3821,12740,jpeg,0.04986906051635742
1778643715.6228771,191.07643747329712,3822,12734,jpeg,0.05234503746032715
1778643715.6707149,191.12427520751953,3823,12744,jpeg,0.04783773422241211
1778643715.7223587,191.17591905593872,3824,12723,jpeg,0.05164384841918945
1778643715.7748632,191.22842359542847,3825,12740,jpeg,0.052504539489746094
1778643715.8218968,191.27545714378357,3826,12730,jpeg,0.04703354835510254
1778643715.8712928,191.324853181839,3827,12735,jpeg,0.04939603805541992
1778643715.9235957,191.37715601921082,3828,12709,jpeg,0.05230283737182617
1778643715.9743686,191.42792892456055,3829,12718,jpeg,0.050772905349731445
1778643716.0223575,191.4759178161621,3830,12751,jpeg,0.0479888916015625
1778643716.075382,191.52894234657288,3831,12726,jpeg,0.0530245304107666
1778643716.122262,191.57582235336304,3832,12724,jpeg,0.04688000679016113
1778643716.171684,191.62524437904358,3833,12727,jpeg,0.04942202568054199
1778643716.2235017,191.67706203460693,3834,12738,jpeg,0.05181765556335449
1778643716.2707,191.7242603302002,3835,12708,jpeg,0.04719829559326172
1778643716.3202078,191.7737681865692,3836,12732,jpeg,0.049507856369018555
1778643716.3727157,191.82627606391907,3837,12700,jpeg,0.052507877349853516
1778643716.4211538,191.87471413612366,3838,12709,jpeg,0.048438072204589844
1778643716.4729464,191.9265067577362,3839,12719,jpeg,0.05179262161254883
1778643716.522128,191.975688457489,3840,12728,jpeg,0.04918169975280762
1778643716.571036,192.024596452713,3841,12749,jpeg,0.04890799522399902
1778643716.620181,192.07374143600464,3842,12735,jpeg,0.04914498329162598
1778643716.6745715,192.12813186645508,3843,12723,jpeg,0.05439043045043945
1778643716.7229593,192.17651963233948,3844,12732,jpeg,0.048387765884399414
1778643716.76983,192.22339034080505,3845,12714,jpeg,0.04687070846557617
1778643716.8236153,192.27717566490173,3846,12724,jpeg,0.05378532409667969
1778643716.8728685,192.32642889022827,3847,12738,jpeg,0.049253225326538086
1778643716.9250326,192.37859296798706,3848,12705,jpeg,0.05216407775878906
1778643716.9730194,192.4265797138214,3849,12750,jpeg,0.047986745834350586
1778643717.021436,192.47499632835388,3850,12742,jpeg,0.0484166145324707
1778643717.0733912,192.52695155143738,3851,12737,jpeg,0.051955223083496094
1778643717.1224794,192.57603979110718,3852,12762,jpeg,0.049088239669799805
1778643717.173066,192.62662625312805,3853,12735,jpeg,0.05058646202087402
1778643717.2219746,192.6755349636078,3854,12745,jpeg,0.04890871047973633
1778643717.273413,192.7269732952118,3855,12725,jpeg,0.051438331604003906
1778643717.3218281,192.7753884792328,3856,12701,jpeg,0.048415184020996094
1778643717.371443,192.82500338554382,3857,12699,jpeg,0.049614906311035156
1778643717.4228137,192.87637400627136,3858,12684,jpeg,0.05137062072753906
1778643717.4723914,192.92595171928406,3859,12689,jpeg,0.04957771301269531
1778643717.5205834,192.97414374351501,3860,12699,jpeg,0.04819202423095703
1778643717.5764718,193.03003215789795,3861,12693,jpeg,0.05588841438293457
1778643717.6274824,193.08104276657104,3862,12717,jpeg,0.0510106086730957
1778643717.6693246,193.1228849887848,3863,12715,jpeg,0.04184222221374512
1778643717.7238529,193.17741322517395,3864,12713,jpeg,0.054528236389160156
1778643717.7699904,193.2235507965088,3865,12736,jpeg,0.04613757133483887
1778643717.8211024,193.274662733078,3866,12727,jpeg,0.05111193656921387
1778643717.8719625,193.32552289962769,3867,12707,jpeg,0.05086016654968262
1778643717.920037,193.37359738349915,3868,12732,jpeg,0.04807448387145996
1778643717.971603,193.42516326904297,3869,12722,jpeg,0.05156588554382324
1778643718.0234673,193.47702765464783,3870,12710,jpeg,0.0518643856048584
1778643718.073256,193.52681636810303,3871,12709,jpeg,0.049788713455200195
1778643718.1247685,193.57832884788513,3872,12728,jpeg,0.05151247978210449
1778643718.174641,193.6282012462616,3873,12729,jpeg,0.049872398376464844
1778643718.2260673,193.67962765693665,3874,12719,jpeg,0.05142641067504883
1778643718.2719452,193.72550559043884,3875,12702,jpeg,0.045877933502197266
1778643718.3324516,193.7860119342804,3876,12717,jpeg,0.060506343841552734
1778643718.3758638,193.82942414283752,3877,12736,jpeg,0.043412208557128906
1778643718.4207268,193.8742871284485,3878,12742,jpeg,0.044862985610961914
1778643718.475892,193.929452419281,3879,12732,jpeg,0.05516529083251953
1778643718.5331779,193.98673820495605,3880,12693,jpeg,0.05728578567504883
1778643718.5779865,194.03154683113098,3881,12713,jpeg,0.04480862617492676
1778643718.6267087,194.08026909828186,3882,12698,jpeg,0.048722267150878906
1778643718.6740272,194.127587556839,3883,12734,jpeg,0.047318458557128906
1778643718.7239463,194.17750668525696,3884,12736,jpeg,0.04991912841796875
1778643718.7761714,194.229731798172,3885,12702,jpeg,0.05222511291503906
1778643718.8216887,194.275249004364,3886,12729,jpeg,0.0455172061920166
1778643718.873241,194.32680130004883,3887,12733,jpeg,0.05155229568481445
1778643718.9242742,194.37783455848694,3888,12703,jpeg,0.05103325843811035
1778643718.9777076,194.43126797676086,3889,12727,jpeg,0.05343341827392578
1778643719.0243359,194.4778962135315,3890,12716,jpeg,0.04662823677062988
1778643719.0780778,194.53163814544678,3891,12705,jpeg,0.0537419319152832
1778643719.1240184,194.57757878303528,3892,12716,jpeg,0.04594063758850098
1778643719.1730335,194.6265938282013,3893,12728,jpeg,0.049015045166015625
1778643719.228483,194.6820433139801,3894,12713,jpeg,0.055449485778808594
1778643719.27458,194.7281403541565,3895,12720,jpeg,0.0460970401763916
1778643719.325934,194.7794942855835,3896,12742,jpeg,0.05135393142700195
1778643719.378303,194.8318634033203,3897,12720,jpeg,0.052369117736816406
1778643719.422042,194.8756022453308,3898,12697,jpeg,0.04373884201049805
1778643719.4745061,194.9280664920807,3899,12697,jpeg,0.05246424674987793
1778643719.5248868,194.9784471988678,3900,12693,jpeg,0.050380706787109375
1778643719.5733728,195.0269331932068,3901,12699,jpeg,0.04848599433898926
1778643719.6227477,195.07630801200867,3902,12701,jpeg,0.04937481880187988
1778643719.6728523,195.12641263008118,3903,12707,jpeg,0.050104618072509766
1778643719.7235112,195.1770715713501,3904,12709,jpeg,0.0506589412689209
1778643719.7717197,195.225280046463,3905,12709,jpeg,0.04820847511291504
1778643719.8292031,195.28276348114014,3906,12715,jpeg,0.05748343467712402
1778643719.8735585,195.3271188735962,3907,12696,jpeg,0.04435539245605469
1778643719.922892,195.3764524459839,3908,12711,jpeg,0.04933357238769531
1778643719.975682,195.42924237251282,3909,12719,jpeg,0.052789926528930664
1778643720.0208254,195.4743857383728,3910,12739,jpeg,0.04514336585998535
1778643720.074426,195.52798628807068,3911,12739,jpeg,0.05360054969787598
1778643720.1248927,195.57845306396484,3912,12715,jpeg,0.05046677589416504
1778643720.1724262,195.62598657608032,3913,12710,jpeg,0.047533512115478516
1778643720.2237036,195.67726397514343,3914,12695,jpeg,0.05127739906311035
1778643720.2743196,195.72788000106812,3915,12714,jpeg,0.05061602592468262
1778643720.3219068,195.7754671573639,3916,12718,jpeg,0.04758715629577637
1778643720.3762813,195.82984161376953,3917,12740,jpeg,0.05437445640563965
1778643720.4240835,195.87764382362366,3918,12714,jpeg,0.04780220985412598
1778643720.4712772,195.92483758926392,3919,12714,jpeg,0.04719376564025879
1778643720.5254307,195.97899103164673,3920,12738,jpeg,0.0541534423828125
1778643720.572835,196.02639532089233,3921,12714,jpeg,0.04740428924560547
1778643720.6208148,196.0743751525879,3922,12711,jpeg,0.04797983169555664
1778643720.6731305,196.126690864563,3923,12717,jpeg,0.052315711975097656
1778643720.7241223,196.17768263816833,3924,12707,jpeg,0.05099177360534668
1778643720.7748775,196.2284379005432,3925,12554,jpeg,0.05075526237487793
1778643720.8217905,196.2753508090973,3926,12385,jpeg,0.04691290855407715
1778643720.874723,196.32828330993652,3927,12709,jpeg,0.0529325008392334
1778643720.9222822,196.37584257125854,3928,12781,jpeg,0.047559261322021484
1778643720.9704556,196.42401599884033,3929,12557,jpeg,0.04817342758178711
1778643721.0244873,196.47804760932922,3930,12780,jpeg,0.0540316104888916
1778643721.0831304,196.5366907119751,3931,12775,jpeg,0.05864310264587402
1778643721.1248715,196.5784318447113,3932,12633,jpeg,0.041741132736206055
1778643721.1738815,196.62744188308716,3933,12532,jpeg,0.04901003837585449
1778643721.2205696,196.67412996292114,3934,12454,jpeg,0.046688079833984375
1778643721.2731829,196.72674322128296,3935,12492,jpeg,0.052613258361816406
1778643721.329422,196.78298234939575,3936,12460,jpeg,0.05623912811279297
1778643721.3777556,196.8313159942627,3937,12534,jpeg,0.04833364486694336
1778643721.4217336,196.87529397010803,3938,12512,jpeg,0.043977975845336914
1778643721.472127,196.92568731307983,3939,12543,jpeg,0.05039334297180176
1778643721.527443,196.98100328445435,3940,12384,jpeg,0.05531597137451172
1778643721.57094,197.02450037002563,3941,12559,jpeg,0.04349708557128906
1778643721.6263385,197.07989883422852,3942,12481,jpeg,0.05539846420288086
1778643721.6711679,197.12472820281982,3943,12436,jpeg,0.044829368591308594
1778643721.7223036,197.17586398124695,3944,12404,jpeg,0.05113577842712402
1778643721.7747583,197.22831869125366,3945,12236,jpeg,0.05245471000671387
1778643721.8234425,197.27700281143188,3946,11989,jpeg,0.048684120178222656
1778643721.8740096,197.32756996154785,3947,11774,jpeg,0.0505671501159668
1778643721.9236546,197.37721490859985,3948,11548,jpeg,0.04964494705200195
1778643721.971487,197.42504739761353,3949,11418,jpeg,0.047832489013671875
1778643722.0213695,197.4749298095703,3950,11234,jpeg,0.04988241195678711
1778643722.0768783,197.53043866157532,3951,11174,jpeg,0.05550885200500488
1778643722.1428628,197.5964231491089,3952,10929,jpeg,0.06598448753356934
1778643722.169578,197.62313842773438,3953,10671,jpeg,0.02671527862548828
1778643722.22273,197.67629027366638,3954,10513,jpeg,0.053151845932006836
1778643722.268584,197.72214436531067,3955,10388,jpeg,0.04585409164428711
1778643722.3218157,197.77537608146667,3956,10295,jpeg,0.05323171615600586
1778643722.3724132,197.8259735107422,3957,9910,jpeg,0.050597429275512695
1778643722.4244132,197.87797355651855,3958,9341,jpeg,0.05200004577636719
1778643722.491011,197.94457125663757,3959,8812,jpeg,0.06659770011901855
1778643722.5232964,197.9768567085266,3960,8494,jpeg,0.032285451889038086
1778643722.5702355,198.0237958431244,3961,8109,jpeg,0.04693913459777832
1778643722.6200264,198.0735867023468,3962,8006,jpeg,0.04979085922241211
1778643722.6760674,198.12962770462036,3963,8004,jpeg,0.05604100227355957
1778643722.7309678,198.1845281124115,3964,7665,jpeg,0.054900407791137695
1778643722.7683284,198.22188878059387,3965,7995,jpeg,0.03736066818237305
1778643722.8278432,198.28140354156494,3966,7964,jpeg,0.059514760971069336
1778643722.8694866,198.32304692268372,3967,7954,jpeg,0.041643381118774414
1778643722.9164102,198.36997056007385,3968,8386,jpeg,0.04692363739013672
1778643722.9710395,198.42459988594055,3969,9757,jpeg,0.05462932586669922
1778643723.0196874,198.47324776649475,3970,10359,jpeg,0.04864788055419922
1778643723.068201,198.52176141738892,3971,10239,jpeg,0.04851365089416504
1778643723.1205525,198.57411289215088,3972,10039,jpeg,0.05235147476196289
1778643723.1682425,198.62180280685425,3973,10300,jpeg,0.04768991470336914
1778643723.2179787,198.67153906822205,3974,9929,jpeg,0.04973626136779785
1778643723.273604,198.72716426849365,3975,9791,jpeg,0.055625200271606445
1778643723.3174272,198.77098751068115,3976,10263,jpeg,0.0438232421875
1778643723.3702593,198.82381963729858,3977,10761,jpeg,0.05283212661743164
1778643723.4242327,198.87779307365417,3978,11096,jpeg,0.05397343635559082
1778643723.470342,198.9239022731781,3979,11459,jpeg,0.04610919952392578
1778643723.519867,198.97342729568481,3980,11727,jpeg,0.04952502250671387
1778643723.573015,199.02657532691956,3981,11852,jpeg,0.05314803123474121
1778643723.6203148,199.07387518882751,3982,11841,jpeg,0.047299861907958984
1778643723.6727822,199.12634253501892,3983,11850,jpeg,0.05246734619140625
1778643723.722734,199.17629432678223,3984,11856,jpeg,0.049951791763305664
1778643723.7720873,199.225647687912,3985,11974,jpeg,0.04935336112976074
1778643723.8216588,199.27521920204163,3986,12031,jpeg,0.04957151412963867
1778643723.8714602,199.32502055168152,3987,12183,jpeg,0.04980134963989258
1778643723.9213028,199.3748631477356,3988,12176,jpeg,0.04984259605407715
1778643723.971237,199.42479729652405,3989,12188,jpeg,0.04993414878845215
1778643724.0206187,199.47417902946472,3990,12195,jpeg,0.04938173294067383
1778643724.0682232,199.52178359031677,3991,12199,jpeg,0.04760456085205078
1778643724.127136,199.5806963443756,3992,12254,jpeg,0.05891275405883789
1778643724.1720197,199.62558007240295,3993,12230,jpeg,0.04488372802734375
1778643724.222469,199.67602944374084,3994,12084,jpeg,0.050449371337890625
1778643724.268042,199.72160243988037,3995,12144,jpeg,0.04557299613952637
1778643724.31956,199.7731204032898,3996,12266,jpeg,0.05151796340942383
1778643724.3695488,199.82310914993286,3997,12240,jpeg,0.049988746643066406
1778643724.4177558,199.8713161945343,3998,12188,jpeg,0.04820704460144043
1778643724.4716585,199.9252188205719,3999,12175,jpeg,0.053902626037597656
1778643724.5173733,199.970933675766,4000,12188,jpeg,0.0457148551940918
1778643724.568349,200.02190923690796,4001,12101,jpeg,0.05097556114196777
1778643724.626934,200.0804944038391,4002,12175,jpeg,0.058585166931152344
1778643724.6683152,200.12187552452087,4003,12122,jpeg,0.041381120681762695
1778643724.7220285,200.17558884620667,4004,12116,jpeg,0.053713321685791016
1778643724.7707453,200.22430562973022,4005,12100,jpeg,0.04871678352355957
1778643724.8188667,200.27242708206177,4006,12164,jpeg,0.04812145233154297
1778643724.869301,200.32286143302917,4007,12388,jpeg,0.05043435096740723
1778643724.9218895,200.37544989585876,4008,12076,jpeg,0.052588462829589844
1778643724.972277,200.4258372783661,4009,12035,jpeg,0.05038738250732422
1778643725.019354,200.47291445732117,4010,11915,jpeg,0.047077178955078125
1778643725.0730302,200.52659058570862,4011,11930,jpeg,0.05367612838745117
1778643725.1257887,200.5793490409851,4012,11899,jpeg,0.05275845527648926
1778643725.1689613,200.62252163887024,4013,11965,jpeg,0.043172597885131836
1778643725.2221117,200.67567205429077,4014,11951,jpeg,0.05315041542053223
1778643725.2680612,200.7216215133667,4015,11905,jpeg,0.045949459075927734
1778643725.3191924,200.77275276184082,4016,11859,jpeg,0.051131248474121094
1778643725.3707597,200.82432007789612,4017,11840,jpeg,0.05156731605529785
1778643725.417638,200.87119841575623,4018,11964,jpeg,0.04687833786010742
1778643725.4673467,200.92090702056885,4019,11825,jpeg,0.04970860481262207
1778643725.519764,200.97332429885864,4020,11898,jpeg,0.05241727828979492
1778643725.5681963,201.02175664901733,4021,12374,jpeg,0.048432350158691406
1778643725.6180336,201.07159399986267,4022,12204,jpeg,0.049837350845336914
1778643725.6705964,201.12415671348572,4023,12200,jpeg,0.052562713623046875
1778643725.717912,201.1714723110199,4024,12422,jpeg,0.04731559753417969
1778643725.7675433,201.2211036682129,4025,12204,jpeg,0.049631357192993164
1778643725.8204975,201.27405786514282,4026,12453,jpeg,0.05295419692993164
1778643725.8679943,201.32155466079712,4027,12283,jpeg,0.047496795654296875
1778643725.9175544,201.37111473083496,4028,12156,jpeg,0.0495600700378418
1778643725.9692965,201.42285680770874,4029,12457,jpeg,0.0517420768737793
1778643726.0195653,201.47312569618225,4030,12178,jpeg,0.05026888847351074
1778643726.0680823,201.52164268493652,4031,12233,jpeg,0.04851698875427246
1778643726.1202378,201.57379817962646,4032,12523,jpeg,0.052155494689941406
1778643726.1688547,201.62241506576538,4033,12307,jpeg,0.048616886138916016
1778643726.2171528,201.67071318626404,4034,12360,jpeg,0.04829812049865723
1778643726.2702265,201.7237868309021,4035,12236,jpeg,0.05307364463806152
1778643726.3194678,201.77302813529968,4036,12326,jpeg,0.04924130439758301
1778643726.3678098,201.8213701248169,4037,12257,jpeg,0.048341989517211914
1778643726.4244335,201.87799382209778,4038,12186,jpeg,0.05662369728088379
1778643726.4682064,201.9217667579651,4039,12389,jpeg,0.04377293586730957
1778643726.521596,201.97515630722046,4040,12245,jpeg,0.053389549255371094
1778643726.5717194,202.02527976036072,4041,12383,jpeg,0.05012345314025879
1778643726.6184728,202.07203316688538,4042,12270,jpeg,0.0467534065246582
1778643726.671623,202.12518334388733,4043,12378,jpeg,0.053150177001953125
1778643726.7208729,202.17443323135376,4044,12384,jpeg,0.049249887466430664
1778643726.7775502,202.23111057281494,4045,12323,jpeg,0.05667734146118164
1778643726.8213637,202.2749240398407,4046,12490,jpeg,0.043813467025756836
1778643726.873786,202.32734632492065,4047,12367,jpeg,0.052422285079956055
1778643726.9182675,202.37182784080505,4048,12256,jpeg,0.044481515884399414
1778643726.96902,202.42258024215698,4049,12122,jpeg,0.05075240135192871
1778643727.022981,202.47654128074646,4050,12149,jpeg,0.05396103858947754
1778643727.070122,202.52368235588074,4051,12151,jpeg,0.047141075134277344
1778643727.122407,202.57596731185913,4052,12363,jpeg,0.052284955978393555
1778643727.171753,202.62531328201294,4053,12129,jpeg,0.049345970153808594
1778643727.219069,202.67262935638428,4054,12059,jpeg,0.04731607437133789
1778643727.2698393,202.72339963912964,4055,12151,jpeg,0.05077028274536133
1778643727.3198218,202.77338218688965,4056,12229,jpeg,0.049982547760009766
1778643727.3729064,202.82646679878235,4057,12261,jpeg,0.053084611892700195
1778643727.4199743,202.87353467941284,4058,12295,jpeg,0.047067880630493164
1778643727.4729013,202.92646169662476,4059,12396,jpeg,0.05292701721191406
1778643727.5206914,202.97425174713135,4060,12586,jpeg,0.0477900505065918
1778643727.568955,203.02251529693604,4061,12381,jpeg,0.0482635498046875
1778643727.621877,203.0754373073578,4062,12541,jpeg,0.05292201042175293
1778643727.6691751,203.1227355003357,4063,12395,jpeg,0.04729819297790527
1778643727.7189925,203.17255282402039,4064,12444,jpeg,0.04981732368469238
1778643727.7723165,203.2258768081665,4065,12479,jpeg,0.053323984146118164
1778643727.8205485,203.27410888671875,4066,12547,jpeg,0.048232078552246094
1778643727.870375,203.32393527030945,4067,12557,jpeg,0.04982638359069824
1778643727.9213684,203.37492871284485,4068,12519,jpeg,0.05099344253540039
1778643727.9706159,203.4241762161255,4069,12519,jpeg,0.04924750328063965
1778643728.0197039,203.4732642173767,4070,12582,jpeg,0.0490880012512207
1778643728.0705478,203.524108171463,4071,12578,jpeg,0.05084395408630371
1778643728.1198623,203.57342267036438,4072,12595,jpeg,0.04931449890136719
1778643728.1686187,203.62217903137207,4073,12551,jpeg,0.04875636100769043
1778643728.2211647,203.67472505569458,4074,12534,jpeg,0.052546024322509766
1778643728.2699602,203.72352051734924,4075,12556,jpeg,0.048795461654663086
1778643728.3200865,203.77364683151245,4076,12576,jpeg,0.05012631416320801
1778643728.3725398,203.8261001110077,4077,12594,jpeg,0.05245327949523926
1778643728.4208536,203.87441396713257,4078,12571,jpeg,0.04831385612487793
1778643728.4691615,203.92272186279297,4079,12605,jpeg,0.04830789566040039
1778643728.5213861,203.97494649887085,4080,12603,jpeg,0.05222463607788086
1778643728.5694273,204.02298760414124,4081,12573,jpeg,0.04804110527038574
1778643728.6219141,204.07547450065613,4082,12589,jpeg,0.05248689651489258
1778643728.6759663,204.12952661514282,4083,12587,jpeg,0.054052114486694336
1778643728.722948,204.17650842666626,4084,12530,jpeg,0.0469818115234375
1778643728.7731743,204.2267346382141,4085,12562,jpeg,0.05022621154785156
1778643728.8225725,204.27613282203674,4086,12553,jpeg,0.049398183822631836
1778643728.872488,204.32604837417603,4087,12566,jpeg,0.04991555213928223
1778643728.9222083,204.37576866149902,4088,12591,jpeg,0.04972028732299805
1778643728.972626,204.4261863231659,4089,12558,jpeg,0.05041766166687012
1778643729.0273616,204.48092198371887,4090,12556,jpeg,0.054735660552978516
1778643729.0704923,204.52405261993408,4091,12570,jpeg,0.04313063621520996
1778643729.1205435,204.57410383224487,4092,12561,jpeg,0.050051212310791016
1778643729.1695,204.623060464859,4093,12578,jpeg,0.04895663261413574
1778643729.2182379,204.67179822921753,4094,12581,jpeg,0.04873776435852051
1778643729.2772493,204.73080968856812,4095,12568,jpeg,0.05901145935058594
1778643729.3200243,204.7735846042633,4096,12583,jpeg,0.04277491569519043
1778643729.368566,204.8221263885498,4097,12580,jpeg,0.04854178428649902
1778643729.419693,204.8732533454895,4098,12602,jpeg,0.051126956939697266
1778643729.470493,204.92405343055725,4099,12628,jpeg,0.05080008506774902
1778643729.5199776,204.97353792190552,4100,12624,jpeg,0.0494844913482666
1778643729.573203,205.02676343917847,4101,12624,jpeg,0.05322551727294922
1778643729.6217492,205.0753095149994,4102,12631,jpeg,0.04854607582092285
1778643729.668031,205.12159132957458,4103,12609,jpeg,0.04628181457519531
1778643729.719449,205.17300939559937,4104,12632,jpeg,0.05141806602478027
1778643729.7689462,205.22250652313232,4105,12634,jpeg,0.049497127532958984
1778643729.8196714,205.27323174476624,4106,12629,jpeg,0.05072522163391113
1778643729.8718596,205.3254199028015,4107,12630,jpeg,0.05218815803527832
1778643729.9202318,205.37379217147827,4108,12624,jpeg,0.04837226867675781
1778643729.9699576,205.4235179424286,4109,12631,jpeg,0.04972577095031738
1778643730.0216162,205.47517657279968,4110,12609,jpeg,0.05165863037109375
1778643730.0689316,205.52249193191528,4111,12632,jpeg,0.047315359115600586
1778643730.1209738,205.57453417778015,4112,12615,jpeg,0.052042245864868164
1778643730.1734571,205.62701749801636,4113,12610,jpeg,0.052483320236206055
1778643730.222425,205.6759853363037,4114,12606,jpeg,0.048967838287353516
1778643730.2691042,205.72266459465027,4115,12593,jpeg,0.04667925834655762
1778643730.3258994,205.77945971488953,4116,12591,jpeg,0.05679512023925781
1778643730.3706508,205.82421112060547,4117,12623,jpeg,0.04475140571594238
1778643730.4204595,205.8740198612213,4118,12588,jpeg,0.04980874061584473
1778643730.471683,205.92524337768555,4119,12591,jpeg,0.0512235164642334
1778643730.5202346,205.9737949371338,4120,12594,jpeg,0.04855155944824219
1778643730.5783248,206.03188514709473,4121,12568,jpeg,0.0580902099609375
1778643730.620127,206.07368731498718,4122,12572,jpeg,0.041802167892456055
1778643730.668685,206.12224531173706,4123,12567,jpeg,0.04855799674987793
1778643730.7252557,206.17881608009338,4124,12587,jpeg,0.05657076835632324
1778643730.7700083,206.22356867790222,4125,12615,jpeg,0.04475259780883789
1778643730.8217454,206.27530574798584,4126,12624,jpeg,0.051737070083618164
1778643730.8681598,206.32172012329102,4127,12616,jpeg,0.04641437530517578
1778643730.925294,206.37885427474976,4128,12618,jpeg,0.057134151458740234
1778643730.9724472,206.42600750923157,4129,12600,jpeg,0.04715323448181152
1778643731.0179343,206.47149467468262,4130,12590,jpeg,0.045487165451049805
1778643731.0726292,206.52618956565857,4131,12610,jpeg,0.05469489097595215
1778643731.1206355,206.5741958618164,4132,12618,jpeg,0.048006296157836914
1778643731.1688995,206.62245988845825,4133,12608,jpeg,0.0482640266418457
1778643731.220756,206.67431640625,4134,12619,jpeg,0.05185651779174805
1778643731.268983,206.7225432395935,4135,12590,jpeg,0.04822683334350586
1778643731.3175008,206.7710611820221,4136,12588,jpeg,0.04851794242858887
1778643731.369169,206.82272934913635,4137,12607,jpeg,0.05166816711425781
1778643731.4229355,206.87649583816528,4138,12607,jpeg,0.053766489028930664
1778643731.4687061,206.92226648330688,4139,12615,jpeg,0.04577064514160156
1778643731.5199924,206.97355270385742,4140,12598,jpeg,0.05128622055053711
1778643731.5702326,207.02379298210144,4141,12586,jpeg,0.050240278244018555
1778643731.6178358,207.07139611244202,4142,12598,jpeg,0.04760313034057617
1778643731.6701717,207.12373208999634,4143,12612,jpeg,0.05233597755432129
1778643731.7185488,207.17210912704468,4144,12591,jpeg,0.048377037048339844
1778643731.7670078,207.22056818008423,4145,12595,jpeg,0.04845905303955078
1778643731.8211005,207.27466082572937,4146,12610,jpeg,0.0540926456451416
1778643731.867321,207.32088136672974,4147,12587,jpeg,0.04622054100036621
1778643731.9177444,207.3713047504425,4148,12610,jpeg,0.050423383712768555
1778643731.9711263,207.42468667030334,4149,12626,jpeg,0.053381919860839844
1778643732.0175674,207.47112774848938,4150,12631,jpeg,0.046441078186035156
1778643732.0661583,207.51971864700317,4151,12620,jpeg,0.048590898513793945
1778643732.1184428,207.5720031261444,4152,12634,jpeg,0.05228447914123535
1778643732.1663418,207.61990213394165,4153,12629,jpeg,0.04789900779724121
1778643732.2165554,207.6701157093048,4154,12608,jpeg,0.05021357536315918
1778643732.2738767,207.72743701934814,4155,12607,jpeg,0.05732131004333496
1778643732.3179972,207.77155756950378,4156,12620,jpeg,0.04412055015563965
1778643732.367083,207.8206434249878,4157,12633,jpeg,0.04908585548400879
1778643732.4214547,207.87501502037048,4158,12617,jpeg,0.05437159538269043
1778643732.4665353,207.92009568214417,4159,12627,jpeg,0.04508066177368164
1778643732.5168114,207.97037172317505,4160,12592,jpeg,0.05027604103088379
1778643732.5696807,208.02324104309082,4161,12623,jpeg,0.052869319915771484
1778643732.6200414,208.07360172271729,4162,12621,jpeg,0.050360679626464844
1778643732.671611,208.12517142295837,4163,12634,jpeg,0.05156970024108887
1778643732.7237964,208.1773567199707,4164,12631,jpeg,0.0521852970123291
1778643732.7671964,208.2207567691803,4165,12605,jpeg,0.04340004920959473
1778643732.8187797,208.2723400592804,4166,12640,jpeg,0.051583290100097656
1778643732.8717022,208.3252625465393,4167,12629,jpeg,0.05292248725891113
1778643732.9166834,208.3702437877655,4168,12636,jpeg,0.04498124122619629
1778643732.967367,208.42092728614807,4169,12615,jpeg,0.05068349838256836
1778643733.0169327,208.4704930782318,4170,12618,jpeg,0.049565792083740234
1778643733.066006,208.51956629753113,4171,12620,jpeg,0.049073219299316406
1778643733.1180475,208.57160782814026,4172,12609,jpeg,0.05204153060913086
1778643733.1683235,208.62188386917114,4173,12626,jpeg,0.05027604103088379
1778643733.2158415,208.66940188407898,4174,12633,jpeg,0.047518014907836914
1778643733.2687235,208.72228384017944,4175,12625,jpeg,0.05288195610046387
1778643733.3203192,208.77387952804565,4176,12611,jpeg,0.05159568786621094
1778643733.368522,208.82208228111267,4177,12630,jpeg,0.0482027530670166
1778643733.417789,208.8713493347168,4178,12625,jpeg,0.04926705360412598
1778643733.472273,208.92583346366882,4179,12595,jpeg,0.05448412895202637
1778643733.520134,208.9736943244934,4180,12608,jpeg,0.04786086082458496
1778643733.566782,209.0203423500061,4181,12611,jpeg,0.04664802551269531
1778643733.6195831,209.07314348220825,4182,12614,jpeg,0.05280113220214844
1778643733.6682286,209.12178897857666,4183,12635,jpeg,0.0486454963684082
1778643733.7170308,209.17059111595154,4184,12618,jpeg,0.04880213737487793
1778643733.7799087,209.2334690093994,4185,12629,jpeg,0.06287789344787598
1778643733.8158476,209.2694079875946,4186,12605,jpeg,0.03593897819519043
1778643733.8705738,209.32413411140442,4187,12592,jpeg,0.05472612380981445
1778643733.9194071,209.37296748161316,4188,12616,jpeg,0.048833370208740234
1778643733.9681044,209.42166471481323,4189,12627,jpeg,0.04869723320007324
1778643734.0202675,209.4738278388977,4190,12606,jpeg,0.052163124084472656
1778643734.0704322,209.52399253845215,4191,12603,jpeg,0.05016469955444336
1778643734.1196733,209.57323360443115,4192,12621,jpeg,0.049241065979003906
1778643734.169539,209.6230993270874,4193,12627,jpeg,0.04986572265625
1778643734.219461,209.67302131652832,4194,12613,jpeg,0.04992198944091797
1778643734.2678838,209.72144412994385,4195,12640,jpeg,0.048422813415527344
1778643734.3168056,209.77036595344543,4196,12644,jpeg,0.048921823501586914
1778643734.3701735,209.8237338066101,4197,12650,jpeg,0.05336785316467285
1778643734.4163594,209.8699197769165,4198,12608,jpeg,0.046185970306396484
1778643734.4655843,209.91914463043213,4199,12632,jpeg,0.049224853515625
1778643734.5185704,209.97213077545166,4200,12640,jpeg,0.05298614501953125
1778643734.568022,210.021582365036,4201,12636,jpeg,0.049451589584350586
1778643734.615824,210.06938433647156,4202,12609,jpeg,0.047801971435546875
1778643734.6687543,210.12231469154358,4203,12607,jpeg,0.052930355072021484
1778643734.7173216,210.17088198661804,4204,12615,jpeg,0.04856729507446289
1778643734.769121,210.2226812839508,4205,12627,jpeg,0.05179929733276367
1778643734.8348515,210.28841185569763,4206,12631,jpeg,0.06573057174682617
1778643734.8655329,210.31909322738647,4207,12611,jpeg,0.030681371688842773
1778643734.9192073,210.37276768684387,4208,12623,jpeg,0.05367445945739746
1778643734.9722173,210.4257776737213,4209,12627,jpeg,0.053009986877441406
1778643735.0156987,210.46925902366638,4210,12635,jpeg,0.04348134994506836
1778643735.0678818,210.5214421749115,4211,12631,jpeg,0.05218315124511719
1778643735.1231837,210.57674407958984,4212,12622,jpeg,0.05530190467834473
1778643735.1695201,210.62308049201965,4213,12633,jpeg,0.04633641242980957
1778643735.2159255,210.66948580741882,4214,12625,jpeg,0.04640531539916992
1778643735.2716537,210.7252140045166,4215,12617,jpeg,0.05572819709777832
1778643735.317118,210.77067828178406,4216,12624,jpeg,0.045464277267456055
1778643735.3667235,210.8202838897705,4217,12631,jpeg,0.049605607986450195
1778643735.4220212,210.87558150291443,4218,12633,jpeg,0.0552976131439209
1778643735.4673092,210.92086958885193,4219,12621,jpeg,0.0452880859375
1778643735.5183952,210.97195553779602,4220,12623,jpeg,0.0510859489440918
1778643735.5672243,211.02078461647034,4221,12598,jpeg,0.048829078674316406
1778643735.6439507,211.09751105308533,4222,12615,jpeg,0.07672643661499023
1778643735.667642,211.12120246887207,4223,12629,jpeg,0.023691415786743164
1778643735.7184982,211.1720585823059,4224,12602,jpeg,0.05085611343383789
1778643735.767791,211.22135138511658,4225,12618,jpeg,0.049292802810668945
1778643735.8158174,211.26937770843506,4226,12603,jpeg,0.048026323318481445
1778643735.8686266,211.3221869468689,4227,12610,jpeg,0.05280923843383789
1778643735.9170783,211.3706386089325,4228,12599,jpeg,0.04845166206359863
1778643735.9654262,211.41898655891418,4229,12632,jpeg,0.04834794998168945
1778643736.0233893,211.47694969177246,4230,12638,jpeg,0.05796313285827637
1778643736.066248,211.51980829238892,4231,12625,jpeg,0.04285860061645508
1778643736.1148567,211.56841707229614,4232,12621,jpeg,0.04860877990722656
1778643736.1705043,211.62406468391418,4233,12623,jpeg,0.05564761161804199
1778643736.2164276,211.6699879169464,4234,12600,jpeg,0.04592323303222656
1778643736.267824,211.7213842868805,4235,12634,jpeg,0.05139636993408203
1778643736.318915,211.77247524261475,4236,12624,jpeg,0.05109095573425293
1778643736.3663769,211.8199372291565,4237,12618,jpeg,0.04746198654174805
1778643736.4162998,211.86986017227173,4238,12613,jpeg,0.049922943115234375
1778643736.4688656,211.9224259853363,4239,12620,jpeg,0.052565813064575195
1778643736.5178583,211.97141861915588,4240,12603,jpeg,0.04899263381958008
1778643736.5682914,212.0218517780304,4241,12617,jpeg,0.05043315887451172
1778643736.618446,212.07200646400452,4242,12616,jpeg,0.050154685974121094
1778643736.667523,212.12108325958252,4243,12601,jpeg,0.04907679557800293
1778643736.7191007,212.1726610660553,4244,12604,jpeg,0.05157780647277832
1778643736.7745388,212.2280991077423,4245,12627,jpeg,0.05543804168701172
1778643736.823504,212.2770643234253,4246,12607,jpeg,0.0489652156829834
1778643736.8674872,212.32104754447937,4247,12623,jpeg,0.04398322105407715
1778643736.922591,212.37615132331848,4248,12621,jpeg,0.05510377883911133
1778643736.9664042,212.41996455192566,4249,12605,jpeg,0.043813228607177734
1778643737.0166328,212.4701931476593,4250,12606,jpeg,0.05022859573364258
1778643737.0717325,212.52529287338257,4251,12619,jpeg,0.0550997257232666
1778643737.117592,212.57115244865417,4252,12611,jpeg,0.045859575271606445
1778643737.1699288,212.62348914146423,4253,12610,jpeg,0.052336692810058594
1778643737.2212465,212.6748068332672,4254,12605,jpeg,0.051317691802978516
1778643737.2691858,212.72274613380432,4255,12611,jpeg,0.047939300537109375
1778643737.3178742,212.77143454551697,4256,12597,jpeg,0.048688411712646484
1778643737.3750124,212.82857275009155,4257,12582,jpeg,0.05713820457458496
1778643737.418552,212.87211227416992,4258,12590,jpeg,0.04353952407836914
1778643737.4668987,212.92045903205872,4259,12594,jpeg,0.048346757888793945
1778643737.523151,212.97671127319336,4260,12621,jpeg,0.056252241134643555
1778643737.5670698,213.02063012123108,4261,12611,jpeg,0.04391884803771973
1778643737.6161902,213.06975054740906,4262,12625,jpeg,0.049120426177978516
1778643737.6753478,213.12890815734863,4263,12619,jpeg,0.059157609939575195
1778643737.7157762,213.1693365573883,4264,12608,jpeg,0.04042840003967285
1778643737.7638533,213.21741366386414,4265,12618,jpeg,0.04807710647583008
1778643737.8178713,213.27143168449402,4266,12624,jpeg,0.05401802062988281
1778643737.8657322,213.3192925453186,4267,12605,jpeg,0.04786086082458496
1778643737.9145377,213.3680980205536,4268,12613,jpeg,0.04880547523498535
1778643737.9686031,213.4221634864807,4269,12622,jpeg,0.05406546592712402
1778643738.0173328,213.47089314460754,4270,12604,jpeg,0.048729658126831055
1778643738.0686066,213.52216696739197,4271,12620,jpeg,0.05127382278442383
1778643738.1210194,213.57457971572876,4272,12618,jpeg,0.05241274833679199
1778643738.1673412,213.62090158462524,4273,12620,jpeg,0.046321868896484375
1778643738.2159593,213.66951966285706,4274,12622,jpeg,0.04861807823181152
1778643738.268661,213.72222137451172,4275,12629,jpeg,0.052701711654663086
1778643738.3162994,213.769859790802,4276,12624,jpeg,0.0476384162902832
1778643738.3647385,213.8182988166809,4277,12630,jpeg,0.04843902587890625
1778643738.419442,213.8730022907257,4278,12633,jpeg,0.054703474044799805
1778643738.4655652,213.9191255569458,4279,12606,jpeg,0.04612326622009277
1778643738.5149372,213.96849751472473,4280,12614,jpeg,0.049371957778930664
1778643738.5705945,214.02415490150452,4281,12611,jpeg,0.055657386779785156
1778643738.6154273,214.06898760795593,4282,12622,jpeg,0.044832706451416016
1778643738.6636083,214.11716866493225,4283,12608,jpeg,0.04818105697631836
1778643738.7172542,214.17081451416016,4284,12586,jpeg,0.05364584922790527
1778643738.7641537,214.2177140712738,4285,12569,jpeg,0.04689955711364746
1778643738.8144274,214.2679877281189,4286,12595,jpeg,0.05027365684509277
1778643738.8675017,214.3210620880127,4287,12602,jpeg,0.05307435989379883
1778643738.9150727,214.3686330318451,4288,12603,jpeg,0.04757094383239746
1778643738.9677656,214.42132592201233,4289,12613,jpeg,0.05269289016723633
1778643739.0191727,214.47273302078247,4290,12619,jpeg,0.0514070987701416
1778643739.0647209,214.51828122138977,4291,12615,jpeg,0.045548200607299805
1778643739.115823,214.56938338279724,4292,12596,jpeg,0.0511021614074707
1778643739.170675,214.62423539161682,4293,12600,jpeg,0.05485200881958008
1778643739.2199337,214.67349410057068,4294,12616,jpeg,0.04925870895385742
1778643739.2662976,214.71985793113708,4295,12605,jpeg,0.04636383056640625
1778643739.3216202,214.7751805782318,4296,12624,jpeg,0.05532264709472656
1778643739.3677087,214.82126903533936,4297,12576,jpeg,0.046088457107543945
1778643739.4190025,214.87256288528442,4298,12595,jpeg,0.05129384994506836
1778643739.4708273,214.92438769340515,4299,12596,jpeg,0.05182480812072754
1778643739.51711,214.97067046165466,4300,12586,jpeg,0.04628276824951172
1778643739.5703516,215.0239119529724,4301,12602,jpeg,0.05324149131774902
1778643739.6182497,215.07181000709534,4302,12611,jpeg,0.047898054122924805
1778643739.6665163,215.12007665634155,4303,12616,jpeg,0.04826664924621582
1778643739.7188425,215.17240285873413,4304,12607,jpeg,0.052326202392578125
1778643739.7696912,215.22325158119202,4305,12613,jpeg,0.05084872245788574
1778643739.8198905,215.27345085144043,4306,12613,jpeg,0.050199270248413086
1778643739.867291,215.32085132598877,4307,12614,jpeg,0.047400474548339844
1778643739.9234874,215.3770477771759,4308,12625,jpeg,0.05619645118713379
1778643739.9677813,215.42134165763855,4309,12616,jpeg,0.044293880462646484
1778643740.0152113,215.4687716960907,4310,12613,jpeg,0.04743003845214844
1778643740.070552,215.52411246299744,4311,12592,jpeg,0.05534076690673828
1778643740.1163676,215.5699279308319,4312,12609,jpeg,0.045815467834472656
1778643740.1636941,215.61725449562073,4313,12610,jpeg,0.04732656478881836
1778643740.2166016,215.67016196250916,4314,12613,jpeg,0.052907466888427734
1778643740.2719991,215.72555947303772,4315,12579,jpeg,0.05539751052856445
1778643740.3152902,215.76885056495667,4316,12575,jpeg,0.04329109191894531
1778643740.3667176,215.82027792930603,4317,12621,jpeg,0.051427364349365234
1778643740.414441,215.86800146102905,4318,12597,jpeg,0.04772353172302246
1778643740.4640982,215.9176585674286,4319,12593,jpeg,0.04965710639953613
1778643740.5204654,215.97402572631836,4320,12599,jpeg,0.05636715888977051
1778643740.5647073,216.01826763153076,4321,12601,jpeg,0.044241905212402344
1778643740.6153755,216.06893587112427,4322,12599,jpeg,0.05066823959350586
1778643740.670503,216.1240632534027,4323,12594,jpeg,0.05512738227844238
1778643740.7160392,216.16959953308105,4324,12633,jpeg,0.04553627967834473
1778643740.7633383,216.21689867973328,4325,12614,jpeg,0.04729914665222168
1778643740.8192675,216.27282786369324,4326,12584,jpeg,0.05592918395996094
1778643740.8653972,216.31895756721497,4327,12622,jpeg,0.046129703521728516
1778643740.914692,216.36825227737427,4328,12620,jpeg,0.04929471015930176
1778643740.9699376,216.42349791526794,4329,12613,jpeg,0.05524563789367676
1778643741.0145044,216.46806478500366,4330,12613,jpeg,0.04456686973571777
1778643741.063954,216.51751446723938,4331,12620,jpeg,0.04944968223571777
1778643741.1204145,216.57397484779358,4332,12604,jpeg,0.05646038055419922
1778643741.1645093,216.61806964874268,4333,12622,jpeg,0.04409480094909668
1778643741.216547,216.67010736465454,4334,12645,jpeg,0.052037715911865234
1778643741.2705836,216.7241439819336,4335,12599,jpeg,0.054036617279052734
1778643741.3147535,216.7683138847351,4336,12584,jpeg,0.04416990280151367
1778643741.363717,216.81727743148804,4337,12587,jpeg,0.04896354675292969
1778643741.4168465,216.8704068660736,4338,12634,jpeg,0.05312943458557129
1778643741.4667594,216.92031979560852,4339,12610,jpeg,0.04991292953491211
1778643741.5218194,216.97537970542908,4340,12602,jpeg,0.05505990982055664
1778643741.572428,217.0259883403778,4341,12593,jpeg,0.05060863494873047
1778643741.6210558,217.07461619377136,4342,12606,jpeg,0.04862785339355469
1778643741.670939,217.1244993209839,4343,12605,jpeg,0.049883127212524414
1778643741.7254643,217.1790246963501,4344,12597,jpeg,0.05452537536621094
1778643741.7773921,217.230952501297,4345,12618,jpeg,0.051927804946899414
1778643741.819458,217.27301836013794,4346,12622,jpeg,0.04206585884094238
1778643741.8703763,217.32393670082092,4347,12621,jpeg,0.0509183406829834
1778643741.9136446,217.36720490455627,4348,12613,jpeg,0.04326820373535156
1778643741.9642332,217.41779351234436,4349,12608,jpeg,0.05058860778808594
1778643742.0178814,217.47144174575806,4350,12583,jpeg,0.05364823341369629
1778643742.0653284,217.51888871192932,4351,12622,jpeg,0.04744696617126465
1778643742.1208398,217.5744001865387,4352,12586,jpeg,0.055511474609375
1778643742.1663818,217.61994218826294,4353,12634,jpeg,0.045542001724243164
1778643742.2150524,217.66861271858215,4354,12597,jpeg,0.04867053031921387
1778643742.265652,217.71921229362488,4355,12595,jpeg,0.05059957504272461
1778643742.3231137,217.7766740322113,4356,12594,jpeg,0.05746173858642578
1778643742.372652,217.82621240615845,4357,12604,jpeg,0.049538373947143555
1778643742.4139085,217.86746883392334,4358,12591,jpeg,0.04125642776489258
1778643742.470683,217.9242434501648,4359,12579,jpeg,0.05677461624145508
1778643742.516295,217.96985530853271,4360,12604,jpeg,0.04561185836791992
1778643742.5645692,218.01812958717346,4361,12574,jpeg,0.04827427864074707
1778643742.618249,218.0718092918396,4362,12593,jpeg,0.053679704666137695
1778643742.664131,218.11769127845764,4363,12575,jpeg,0.04588198661804199
1778643742.7158482,218.1694085597992,4364,12584,jpeg,0.051717281341552734
1778643742.7709525,218.22451281547546,4365,12574,jpeg,0.05510425567626953
1778643742.8161662,218.26972651481628,4366,12569,jpeg,0.04521369934082031
1778643742.8653538,218.31891417503357,4367,12578,jpeg,0.049187660217285156
1778643742.921806,218.37536644935608,4368,12584,jpeg,0.056452274322509766
1778643742.9649756,218.41853594779968,4369,12596,jpeg,0.043169498443603516
1778643743.015292,218.46885228157043,4370,12622,jpeg,0.05031633377075195
1778643743.1166346,218.5701949596405,4371,12595,jpeg,0.10134267807006836
1778643743.1660447,218.6196050643921,4372,12585,jpeg,0.049410104751586914
1778643743.2187333,218.6722936630249,4373,12584,jpeg,0.0526885986328125
1778643743.2657795,218.7193398475647,4374,12611,jpeg,0.04704618453979492
1778643743.3149722,218.76853251457214,4375,12623,jpeg,0.04919266700744629
1778643743.3689098,218.82247018814087,4376,12615,jpeg,0.053937673568725586
1778643743.4166687,218.8702290058136,4377,12585,jpeg,0.04775881767272949
1778643743.4651685,218.91872882843018,4378,12598,jpeg,0.04849982261657715
1778643743.5204332,218.97399353981018,4379,12599,jpeg,0.05526471138000488
1778643743.5650153,219.01857566833496,4380,12592,jpeg,0.04458212852478027
1778643743.6141257,219.06768608093262,4381,12577,jpeg,0.04911041259765625
1778643743.6689339,219.12249422073364,4382,12590,jpeg,0.05480813980102539
1778643743.715627,219.1691873073578,4383,12575,jpeg,0.04669308662414551
1778643743.768883,219.22244334220886,4384,12599,jpeg,0.05325603485107422
1778643743.820394,219.2739543914795,4385,12589,jpeg,0.05151104927062988
1778643743.8648686,219.3184289932251,4386,12622,jpeg,0.04447460174560547
1778643743.9171362,219.37069654464722,4387,12379,jpeg,0.05226755142211914
1778643743.968266,219.42182636260986,4388,12549,jpeg,0.051129817962646484
1778643744.0230658,219.47662615776062,4389,12584,jpeg,0.054799795150756836
1778643744.0675323,219.52109265327454,4390,12596,jpeg,0.044466495513916016
1778643744.1223776,219.5759379863739,4391,12572,jpeg,0.054845333099365234
1778643744.1659763,219.6195366382599,4392,12601,jpeg,0.04359865188598633
1778643744.2176187,219.6711790561676,4393,12589,jpeg,0.051642417907714844
1778643744.2711918,219.72475218772888,4394,12582,jpeg,0.0535731315612793
1778643744.3202143,219.77377462387085,4395,12569,jpeg,0.04902243614196777
1778643744.372768,219.8263282775879,4396,12573,jpeg,0.052553653717041016
1778643744.419067,219.87262725830078,4397,12604,jpeg,0.046298980712890625
1778643744.4683776,219.92193794250488,4398,12567,jpeg,0.04931068420410156
1778643744.515392,219.96895241737366,4399,12572,jpeg,0.047014474868774414
1778643744.5708137,220.0243740081787,4400,12589,jpeg,0.05542159080505371
1778643744.61706,220.07062029838562,4401,12584,jpeg,0.04624629020690918
1778643744.671815,220.1253752708435,4402,12584,jpeg,0.05475497245788574
1778643744.7164032,220.16996359825134,4403,12568,jpeg,0.044588327407836914
1778643744.7638054,220.21736574172974,4404,12586,jpeg,0.047402143478393555
1778643744.8148587,220.2684190273285,4405,12576,jpeg,0.05105328559875488
1778643744.864944,220.3185043334961,4406,12593,jpeg,0.05008530616760254
1778643744.9132218,220.36678218841553,4407,12599,jpeg,0.048277854919433594
1778643744.962247,220.41580724716187,4408,12592,jpeg,0.04902505874633789
1778643745.017985,220.47154545783997,4409,12587,jpeg,0.055738210678100586
1778643745.063904,220.51746439933777,4410,12587,jpeg,0.045918941497802734
1778643745.1138418,220.5674021244049,4411,12578,jpeg,0.04993772506713867
1778643745.1664333,220.61999368667603,4412,12592,jpeg,0.052591562271118164
1778643745.2133863,220.6669466495514,4413,12571,jpeg,0.04695296287536621
1778643745.2631078,220.71666812896729,4414,12558,jpeg,0.049721479415893555
1778643745.3155031,220.7690634727478,4415,12585,jpeg,0.05239534378051758
1778643745.3634675,220.81702780723572,4416,12582,jpeg,0.04796433448791504
1778643745.4136007,220.86716103553772,4417,12564,jpeg,0.05013322830200195
1778643745.4649384,220.91849875450134,4418,12581,jpeg,0.05133771896362305
1778643745.513772,220.96733236312866,4419,12599,jpeg,0.048833608627319336
1778643745.5720236,221.02558398246765,4420,12593,jpeg,0.05825161933898926
1778643745.61737,221.07093024253845,4421,12605,jpeg,0.04534626007080078
1778643745.662553,221.11611342430115,4422,12592,jpeg,0.04518318176269531
1778643745.7148597,221.16842007637024,4423,12604,jpeg,0.0523066520690918
1778643745.7664156,221.21997594833374,4424,12604,jpeg,0.05155587196350098
1778643745.8177555,221.27131581306458,4425,12577,jpeg,0.05133986473083496
1778643745.8654306,221.31899094581604,4426,12572,jpeg,0.047675132751464844
1778643745.922386,221.37594628334045,4427,12558,jpeg,0.05695533752441406
1778643745.9671857,221.42074608802795,4428,12571,jpeg,0.0447998046875
1778643746.0142484,221.4678087234497,4429,12586,jpeg,0.04706263542175293
1778643746.0707128,221.52427315711975,4430,12588,jpeg,0.056464433670043945
1778643746.1160617,221.56962203979492,4431,12564,jpeg,0.0453488826751709
1778643746.1632614,221.61682176589966,4432,12563,jpeg,0.04719972610473633
1778643746.218154,221.67171430587769,4433,12589,jpeg,0.054892539978027344
1778643746.2719228,221.7254831790924,4434,12614,jpeg,0.05376887321472168
1778643746.315843,221.7694034576416,4435,12577,jpeg,0.043920278549194336
1778643746.3676162,221.82117652893066,4436,12611,jpeg,0.0517730712890625
1778643746.414758,221.86831831932068,4437,12582,jpeg,0.04714179039001465
1778643746.4644883,221.918048620224,4438,12563,jpeg,0.04973030090332031
1778643746.5151927,221.96875309944153,4439,12566,jpeg,0.0507044792175293
1778643746.5821826,222.03574299812317,4440,12567,jpeg,0.06698989868164062
1778643746.6137462,222.0673065185547,4441,12581,jpeg,0.031563520431518555
1778643746.6681294,222.12168979644775,4442,12575,jpeg,0.054383277893066406
1778643746.7145264,222.16808676719666,4443,12578,jpeg,0.04639697074890137
1778643746.7630985,222.2166588306427,4444,12587,jpeg,0.04857206344604492
1778643746.8202724,222.27383279800415,4445,12586,jpeg,0.057173967361450195
1778643746.8646953,222.3182556629181,4446,12586,jpeg,0.04442286491394043
1778643746.9131246,222.36668491363525,4447,12591,jpeg,0.048429250717163086
1778643746.9666097,222.42017006874084,4448,12581,jpeg,0.05348515510559082
1778643747.0134442,222.4670045375824,4449,12597,jpeg,0.046834468841552734
1778643747.0630238,222.51658415794373,4450,12564,jpeg,0.049579620361328125
1778643747.1143954,222.56795573234558,4451,12548,jpeg,0.05137157440185547
1778643747.1625085,222.61606884002686,4452,12568,jpeg,0.048113107681274414
1778643747.2163005,222.66986083984375,4453,12565,jpeg,0.05379199981689453
1778643747.2691777,222.72273802757263,4454,12588,jpeg,0.052877187728881836
1778643747.3164783,222.77003860473633,4455,12595,jpeg,0.04730057716369629
1778643747.3637707,222.81733107566833,4456,12595,jpeg,0.047292470932006836
1778643747.4155288,222.8690891265869,4457,12627,jpeg,0.0517580509185791
1778643747.4647322,222.91829252243042,4458,12594,jpeg,0.04920339584350586
1778643747.5126257,222.96618604660034,4459,12605,jpeg,0.047893524169921875
1778643747.5678809,223.02144122123718,4460,12619,jpeg,0.05525517463684082
1778643747.6151218,223.0686821937561,4461,12610,jpeg,0.0472409725189209
1778643747.6623108,223.11587119102478,4462,12596,jpeg,0.04718899726867676
1778643747.7177045,223.17126488685608,4463,12586,jpeg,0.05539369583129883
1778643747.7640438,223.21760416030884,4464,12599,jpeg,0.04633927345275879
1778643747.8123608,223.26592111587524,4465,12603,jpeg,0.04831695556640625
1778643747.870862,223.32442235946655,4466,12600,jpeg,0.058501243591308594
1778643747.9150915,223.36865186691284,4467,12577,jpeg,0.04422950744628906
1778643747.965964,223.41952443122864,4468,12598,jpeg,0.0508725643157959
1778643748.0169818,223.4705421924591,4469,12591,jpeg,0.05101776123046875
1778643748.0629086,223.51646900177002,4470,12588,jpeg,0.045926809310913086
1778643748.1144173,223.56797766685486,4471,12579,jpeg,0.05150866508483887
1778643748.166554,223.62011432647705,4472,12601,jpeg,0.05213665962219238
1778643748.2121341,223.66569447517395,4473,12594,jpeg,0.045580148696899414
1778643748.2633154,223.71687579154968,4474,12594,jpeg,0.05118131637573242
1778643748.3197536,223.77331399917603,4475,12573,jpeg,0.05643820762634277
1778643748.366281,223.8198413848877,4476,12597,jpeg,0.04652738571166992
1778643748.4124987,223.8660590648651,4477,12588,jpeg,0.04621767997741699
1778643748.4686687,223.92222905158997,4478,12584,jpeg,0.056169986724853516
1778643748.5131676,223.96672797203064,4479,12589,jpeg,0.04449892044067383
1778643748.5623536,224.01591396331787,4480,12589,jpeg,0.049185991287231445
1778643748.6187315,224.0722918510437,4481,12611,jpeg,0.05637788772583008
1778643748.663045,224.11660528182983,4482,12570,jpeg,0.04431343078613281
1778643748.7161672,224.16972756385803,4483,12579,jpeg,0.05312228202819824
1778643748.7694187,224.2229790687561,4484,12597,jpeg,0.05325150489807129
1778643748.815154,224.268714427948,4485,12592,jpeg,0.04573535919189453
1778643748.8639772,224.31753754615784,4486,12582,jpeg,0.04882311820983887
1778643748.9152255,224.3687858581543,4487,12592,jpeg,0.05124831199645996
1778643748.9627652,224.41632556915283,4488,12605,jpeg,0.047539710998535156
1778643749.0134528,224.46701312065125,4489,12602,jpeg,0.050687551498413086
1778643749.0642068,224.51776719093323,4490,12617,jpeg,0.05075407028198242
1778643749.114047,224.5676074028015,4491,12592,jpeg,0.04984021186828613
1778643749.1626124,224.61617279052734,4492,12557,jpeg,0.04856538772583008
1778643749.2145004,224.66806077957153,4493,12553,jpeg,0.05188798904418945
1778643749.2629068,224.7164671421051,4494,12555,jpeg,0.048406362533569336
1778643749.3115273,224.7650876045227,4495,12580,jpeg,0.04862046241760254
1778643749.3634734,224.8170337677002,4496,12581,jpeg,0.051946163177490234
1778643749.4115863,224.8651466369629,4497,12594,jpeg,0.04811286926269531
1778643749.4617045,224.9152648448944,4498,12558,jpeg,0.050118207931518555
1778643749.517538,224.97109842300415,4499,12598,jpeg,0.05583357810974121
1778643749.5626588,225.01621913909912,4500,12580,jpeg,0.0451207160949707
1778643749.6134748,225.06703519821167,4501,12569,jpeg,0.05081605911254883
1778643749.6642818,225.1178421974182,4502,12571,jpeg,0.05080699920654297
1778643749.713819,225.16737937927246,4503,12578,jpeg,0.04953718185424805
1778643749.7648504,225.21841073036194,4504,12558,jpeg,0.05103135108947754
1778643749.8156374,225.26919770240784,4505,12584,jpeg,0.05078697204589844
1778643749.868416,225.32197642326355,4506,12577,jpeg,0.05277872085571289
1778643749.9149935,225.36855387687683,4507,12580,jpeg,0.04657745361328125
1778643749.9676638,225.42122411727905,4508,12574,jpeg,0.05267024040222168
1778643750.0169632,225.47052359580994,4509,12603,jpeg,0.04929947853088379
1778643750.0640347,225.51759505271912,4510,12578,jpeg,0.04707145690917969
1778643750.1193445,225.57290482521057,4511,12587,jpeg,0.05530977249145508
1778643750.1652522,225.61881256103516,4512,12595,jpeg,0.04590773582458496
1778643750.2138104,225.6673707962036,4513,12611,jpeg,0.04855823516845703
1778643750.2703066,225.72386693954468,4514,12589,jpeg,0.05649614334106445
1778643750.3144944,225.76805472373962,4515,12581,jpeg,0.04418778419494629
1778643750.3664184,225.81997871398926,4516,12592,jpeg,0.05192399024963379
1778643750.4167278,225.87028813362122,4517,12570,jpeg,0.05030941963195801
1778643750.4642148,225.91777515411377,4518,12614,jpeg,0.04748702049255371
1778643750.5159597,225.9695200920105,4519,12574,jpeg,0.051744937896728516
1778643750.5666633,226.0202236175537,4520,12589,jpeg,0.05070352554321289
1778643750.6140056,226.06756591796875,4521,12615,jpeg,0.04734230041503906
1778643750.6634357,226.11699604988098,4522,12591,jpeg,0.049430131912231445
1778643750.723613,226.17717337608337,4523,12578,jpeg,0.06017732620239258
1778643750.7641263,226.2176866531372,4524,12592,jpeg,0.04051327705383301
1778643750.8160331,226.26959347724915,4525,12616,jpeg,0.05190682411193848
1778643750.8693125,226.32287287712097,4526,12601,jpeg,0.05327939987182617
1778643750.9137404,226.36730074882507,4527,12598,jpeg,0.04442787170410156
1778643750.962473,226.41603326797485,4528,12601,jpeg,0.04873251914978027
1778643751.01674,226.4703004360199,4529,12583,jpeg,0.054267168045043945
1778643751.0646172,226.51817750930786,4530,12594,jpeg,0.04787707328796387
1778643751.113255,226.56681537628174,4531,12591,jpeg,0.04863786697387695
1778643751.165291,226.61885142326355,4532,12585,jpeg,0.05203604698181152
1778643751.2144778,226.66803812980652,4533,12593,jpeg,0.04918670654296875
1778643751.2625632,226.71612358093262,4534,12616,jpeg,0.04808545112609863
1778643751.3194823,226.773042678833,4535,12601,jpeg,0.056919097900390625
1778643751.364154,226.81771445274353,4536,12576,jpeg,0.04467177391052246
1778643751.4132316,226.86679196357727,4537,12592,jpeg,0.049077510833740234
1778643751.4675376,226.9210979938507,4538,12607,jpeg,0.0543060302734375
1778643751.5129852,226.96654558181763,4539,12603,jpeg,0.045447587966918945
1778643751.562895,227.016455411911,4540,12604,jpeg,0.04990983009338379
1778643751.615863,227.06942343711853,4541,12606,jpeg,0.05296802520751953
1778643751.6625142,227.11607456207275,4542,12585,jpeg,0.04665112495422363
1778643751.7131233,227.16668367385864,4543,12595,jpeg,0.05060911178588867
1778643751.7649543,227.21851468086243,4544,12600,jpeg,0.05183100700378418
1778643751.8138487,227.26740908622742,4545,12588,jpeg,0.048894405364990234
1778643751.8638515,227.31741189956665,4546,12575,jpeg,0.0500028133392334
1778643751.9181116,227.37167191505432,4547,12595,jpeg,0.0542600154876709
1778643751.9628088,227.4163691997528,4548,12571,jpeg,0.04469728469848633
1778643752.0144148,227.46797513961792,4549,12592,jpeg,0.051605939865112305
1778643752.068643,227.52220344543457,4550,12592,jpeg,0.05422830581665039
1778643752.1134186,227.566978931427,4551,12584,jpeg,0.04477548599243164
1778643752.1661658,227.61972618103027,4552,12585,jpeg,0.052747249603271484
1778643752.2196522,227.67321252822876,4553,12599,jpeg,0.05348634719848633
1778643752.2641318,227.71769213676453,4554,12620,jpeg,0.0444796085357666
1778643752.315646,227.76920628547668,4555,12587,jpeg,0.0515141487121582
1778643752.3672242,227.82078456878662,4556,12594,jpeg,0.05157828330993652
1778643752.414855,227.86841535568237,4557,12595,jpeg,0.04763078689575195
1778643752.465313,227.9188733100891,4558,12612,jpeg,0.05045795440673828
1778643752.5200555,227.97361588478088,4559,12574,jpeg,0.05474257469177246
1778643752.5635364,228.0170967578888,4560,12594,jpeg,0.043480873107910156
1778643752.614823,228.0683834552765,4561,12592,jpeg,0.05128669738769531
1778643752.6665938,228.12015414237976,4562,12584,jpeg,0.051770687103271484
1778643752.7134552,228.16701555252075,4563,12592,jpeg,0.04686141014099121
1778643752.7656841,228.21924448013306,4564,12598,jpeg,0.05222892761230469
1778643752.8180137,228.27157402038574,4565,12602,jpeg,0.05232954025268555
1778643752.8656297,228.3191900253296,4566,12591,jpeg,0.047616004943847656
1778643752.912221,228.36578130722046,4567,12589,jpeg,0.04659128189086914
1778643752.9645953,228.41815567016602,4568,12612,jpeg,0.05237436294555664
1778643753.0130064,228.46656680107117,4569,12612,jpeg,0.04841113090515137
1778643753.062091,228.51565146446228,4570,12593,jpeg,0.04908466339111328
1778643753.1170778,228.57063817977905,4571,12606,jpeg,0.05498671531677246
1778643753.1643045,228.61786484718323,4572,12583,jpeg,0.047226667404174805
1778643753.2116432,228.66520357131958,4573,12601,jpeg,0.04733872413635254
1778643753.2693775,228.72293782234192,4574,12595,jpeg,0.05773425102233887
1778643753.31406,228.7676203250885,4575,12586,jpeg,0.04468250274658203
1778643753.3636084,228.81716871261597,4576,12614,jpeg,0.04954838752746582
1778643753.4158034,228.86936378479004,4577,12618,jpeg,0.052195072174072266
1778643753.4637344,228.91729474067688,4578,12586,jpeg,0.04793095588684082
1778643753.5128598,228.96642017364502,4579,12616,jpeg,0.04912543296813965
1778643753.5648527,229.018413066864,4580,12604,jpeg,0.05199289321899414
1778643753.6107528,229.06431317329407,4581,12588,jpeg,0.04590010643005371
1778643753.662777,229.11633729934692,4582,12593,jpeg,0.052024126052856445
1778643753.7197719,229.17333221435547,4583,12578,jpeg,0.05699491500854492
1778643753.762074,229.2156343460083,4584,12595,jpeg,0.04230213165283203
1778643753.810039,229.26359939575195,4585,12603,jpeg,0.047965049743652344
1778643753.863212,229.3167724609375,4586,12592,jpeg,0.053173065185546875
1778643753.9107466,229.3643069267273,4587,12619,jpeg,0.04753446578979492
1778643753.964246,229.41780638694763,4588,12585,jpeg,0.053499460220336914
1778643754.0126967,229.4662570953369,4589,12589,jpeg,0.04845070838928223
1778643754.0614047,229.51496505737305,4590,12600,jpeg,0.04870796203613281
1778643754.112956,229.56651639938354,4591,12595,jpeg,0.05155134201049805
1778643754.1687086,229.6222689151764,4592,12575,jpeg,0.05575251579284668
1778643754.2133415,229.66690182685852,4593,12590,jpeg,0.044632911682128906
1778643754.2602696,229.71382999420166,4594,12606,jpeg,0.04692816734313965
1778643754.32019,229.77375030517578,4595,12595,jpeg,0.059920310974121094
1778643754.3621993,229.81575965881348,4596,12597,jpeg,0.04200935363769531
1778643754.4111326,229.86469292640686,4597,12613,jpeg,0.04893326759338379
1778643754.4687822,229.92234253883362,4598,12576,jpeg,0.05764961242675781
1778643754.5131905,229.96675086021423,4599,12585,jpeg,0.044408321380615234
1778643754.614003,230.06756329536438,4600,12595,jpeg,0.10081243515014648
1778643754.6618555,230.1154158115387,4601,12594,jpeg,0.047852516174316406
1778643754.7115726,230.16513299942017,4602,12571,jpeg,0.04971718788146973
1778643754.7641218,230.2176821231842,4603,12571,jpeg,0.052549123764038086
1778643754.8134487,230.26700901985168,4604,12584,jpeg,0.04932689666748047
1778643754.8627827,230.31634306907654,4605,12574,jpeg,0.049334049224853516
1778643754.9125717,230.36613202095032,4606,12598,jpeg,0.0497889518737793
1778643754.960104,230.4136643409729,4607,12615,jpeg,0.04753232002258301
1778643755.0108635,230.4644238948822,4608,12607,jpeg,0.05075955390930176
1778643755.0632193,230.5167796611786,4609,12568,jpeg,0.05235576629638672
1778643755.1145988,230.56815910339355,4610,12605,jpeg,0.05137944221496582
1778643755.1603644,230.613924741745,4611,12585,jpeg,0.04576563835144043
1778643755.2129617,230.666522026062,4612,12599,jpeg,0.0525972843170166
1778643755.2631595,230.71671986579895,4613,12608,jpeg,0.05019783973693848
1778643755.3173182,230.7708785533905,4614,12576,jpeg,0.054158687591552734
1778643755.361328,230.81488823890686,4615,12605,jpeg,0.04400968551635742
1778643755.409487,230.8630473613739,4616,12595,jpeg,0.048159122467041016
1778643755.4604,230.91396045684814,4617,12624,jpeg,0.050913095474243164
1778643755.5137618,230.96732211112976,4618,12619,jpeg,0.05336165428161621
1778643755.5614245,231.0149848461151,4619,12602,jpeg,0.04766273498535156
1778643755.6096816,231.06324195861816,4620,12587,jpeg,0.04825711250305176
1778643755.6630864,231.1166467666626,4621,12555,jpeg,0.053404808044433594
1778643755.7114248,231.16498517990112,4622,12610,jpeg,0.04833841323852539
1778643755.760835,231.2143952846527,4623,12596,jpeg,0.049410104751586914
1778643755.8152175,231.26877784729004,4624,12600,jpeg,0.0543825626373291
1778643755.8629553,231.3165156841278,4625,12601,jpeg,0.047737836837768555
1778643755.9199069,231.37346720695496,4626,12585,jpeg,0.05695152282714844
1778643755.9666777,231.4202380180359,4627,12594,jpeg,0.04677081108093262
1778643756.015719,231.4692792892456,4628,12600,jpeg,0.0490412712097168
1778643756.059325,231.51288533210754,4629,12606,jpeg,0.04360604286193848
1778643756.1138244,231.56738471984863,4630,12609,jpeg,0.05449938774108887
1778643756.159908,231.6134684085846,4631,12598,jpeg,0.046083688735961914
1778643756.2105072,231.66406750679016,4632,12585,jpeg,0.050599098205566406
1778643756.2628167,231.7163770198822,4633,12603,jpeg,0.052309513092041016
1778643756.3105557,231.76411604881287,4634,12606,jpeg,0.04773902893066406
1778643756.3635375,231.81709790229797,4635,12595,jpeg,0.05298185348510742
1778643756.4138682,231.86742854118347,4636,12581,jpeg,0.05033063888549805
1778643756.460466,231.91402626037598,4637,12590,jpeg,0.04659771919250488
1778643756.510478,231.9640383720398,4638,12571,jpeg,0.05001211166381836
1778643756.5622082,232.01576852798462,4639,12612,jpeg,0.05173015594482422
1778643756.6135294,232.06708979606628,4640,12606,jpeg,0.05132126808166504
1778643756.6625445,232.1161048412323,4641,12613,jpeg,0.049015045166015625
1778643756.7120337,232.16559410095215,4642,12584,jpeg,0.04948925971984863
1778643756.761933,232.21549344062805,4643,12600,jpeg,0.04989933967590332
1778643756.8111784,232.26473879814148,4644,12555,jpeg,0.049245357513427734
1778643756.8622234,232.31578373908997,4645,12603,jpeg,0.05104494094848633
1778643756.911519,232.36507940292358,4646,12581,jpeg,0.049295663833618164
1778643756.9636102,232.41717052459717,4647,12596,jpeg,0.052091121673583984
1778643757.0134544,232.4670147895813,4648,12586,jpeg,0.04984426498413086
1778643757.060362,232.51392245292664,4649,12578,jpeg,0.046907663345336914
1778643757.1113234,232.56488370895386,4650,12576,jpeg,0.05096125602722168
1778643757.1622088,232.61576914787292,4651,12609,jpeg,0.05088543891906738
1778643757.2106607,232.6642210483551,4652,12596,jpeg,0.048451900482177734
1778643757.2604964,232.71405673027039,4653,12610,jpeg,0.0498356819152832
1778643757.3130898,232.76665019989014,4654,12605,jpeg,0.05259346961975098
1778643757.3601959,232.8137562274933,4655,12583,jpeg,0.047106027603149414
1778643757.4115596,232.86511993408203,4656,12606,jpeg,0.05136370658874512
1778643757.4626043,232.91616463661194,4657,12597,jpeg,0.05104470252990723
1778643757.5104735,232.9640338420868,4658,12595,jpeg,0.047869205474853516
1778643757.5601282,233.01368856430054,4659,12574,jpeg,0.04965472221374512
1778643757.612244,233.06580424308777,4660,12608,jpeg,0.052115678787231445
1778643757.6605582,233.1141185760498,4661,12616,jpeg,0.04831433296203613
1778643757.713585,233.16714525222778,4662,12603,jpeg,0.053026676177978516
1778643757.7626307,233.2161910533905,4663,12602,jpeg,0.04904580116271973
1778643757.8106642,233.26422452926636,4664,12599,jpeg,0.04803347587585449
1778643757.8616197,233.31518006324768,4665,12605,jpeg,0.05095553398132324
1778643757.9121494,233.36570978164673,4666,12599,jpeg,0.05052971839904785
1778643757.9648643,233.41842460632324,4667,12581,jpeg,0.05271482467651367
1778643758.0089676,233.4625279903412,4668,12573,jpeg,0.044103384017944336
1778643758.0609744,233.51453471183777,4669,12595,jpeg,0.05200672149658203
1778643758.1089046,233.56246495246887,4670,12600,jpeg,0.047930240631103516
1778643758.1618972,233.61545753479004,4671,12600,jpeg,0.05299258232116699
1778643758.2115166,233.66507697105408,4672,12604,jpeg,0.049619436264038086
1778643758.2593937,233.71295404434204,4673,12597,jpeg,0.04787707328796387
1778643758.3097937,233.76335406303406,4674,12609,jpeg,0.0504000186920166
1778643758.3631577,233.81671810150146,4675,12624,jpeg,0.05336403846740723
1778643758.4119933,233.86555361747742,4676,12607,jpeg,0.04883551597595215
1778643758.463779,233.91733932495117,4677,12607,jpeg,0.05178570747375488
1778643758.5143998,233.96796011924744,4678,12635,jpeg,0.05062079429626465
1778643758.5608015,234.01436185836792,4679,12631,jpeg,0.0464017391204834
1778643758.61673,234.07029032707214,4680,12627,jpeg,0.05592846870422363
1778643758.674021,234.12758135795593,4681,12608,jpeg,0.05729103088378906
1778643758.711544,234.16510438919067,4682,12602,jpeg,0.03752303123474121
1778643758.7623465,234.2159068584442,4683,12627,jpeg,0.05080246925354004
1778643758.8191183,234.27267861366272,4684,12607,jpeg,0.05677175521850586
1778643758.865032,234.31859230995178,4685,12620,jpeg,0.0459136962890625
1778643758.9124045,234.36596488952637,4686,12616,jpeg,0.04737257957458496
1778643758.970605,234.42416524887085,4687,12612,jpeg,0.05820035934448242
1778643759.0100222,234.46358251571655,4688,12620,jpeg,0.039417266845703125
1778643759.060818,234.51437830924988,4689,12616,jpeg,0.050795793533325195
1778643759.1148875,234.56844782829285,4690,12616,jpeg,0.05406951904296875
1778643759.1636965,234.61725687980652,4691,12603,jpeg,0.048809051513671875
1778643759.2105498,234.66411018371582,4692,12621,jpeg,0.04685330390930176
1778643759.261758,234.715318441391,4693,12607,jpeg,0.0512082576751709
1778643759.310936,234.76449632644653,4694,12585,jpeg,0.04917788505554199
1778643759.3597827,234.8133430480957,4695,12602,jpeg,0.04884672164916992
1778643759.4115655,234.8651258945465,4696,12621,jpeg,0.051782846450805664
1778643759.4594247,234.91298508644104,4697,12585,jpeg,0.04785919189453125
1778643759.51146,234.96502041816711,4698,12593,jpeg,0.05203533172607422
1778643759.5614114,235.01497173309326,4699,12589,jpeg,0.04995131492614746
1778643759.609378,235.06293845176697,4700,12603,jpeg,0.047966718673706055
1778643759.6595242,235.11308455467224,4701,12586,jpeg,0.05014610290527344
1778643759.7124512,235.16601157188416,4702,12594,jpeg,0.05292701721191406
1778643759.7597265,235.21328687667847,4703,12596,jpeg,0.04727530479431152
1778643759.8103282,235.2638885974884,4704,12605,jpeg,0.05060172080993652
1778643759.8626702,235.3162305355072,4705,12582,jpeg,0.05234193801879883
1778643759.9099367,235.3634970188141,4706,12584,jpeg,0.047266483306884766
1778643759.9622579,235.4158182144165,4707,12578,jpeg,0.05232119560241699
1778643760.0134144,235.46697473526,4708,12593,jpeg,0.05115652084350586
1778643760.058408,235.51196837425232,4709,12592,jpeg,0.04499363899230957
1778643760.109122,235.562682390213,4710,12603,jpeg,0.05071401596069336
1778643760.1619396,235.61549997329712,4711,12582,jpeg,0.052817583084106445
1778643760.2109609,235.6645212173462,4712,12611,jpeg,0.049021244049072266
1778643760.2629302,235.71649050712585,4713,12598,jpeg,0.051969289779663086
1778643760.314276,235.76783633232117,4714,12618,jpeg,0.0513458251953125
1778643760.3592625,235.8128228187561,4715,12600,jpeg,0.04498648643493652
1778643760.4094026,235.8629629611969,4716,12633,jpeg,0.0501401424407959
1778643760.461377,235.91493725776672,4717,12590,jpeg,0.05197429656982422
1778643760.5089703,235.96253061294556,4718,12570,jpeg,0.04759335517883301
1778643760.5612042,236.01476454734802,4719,12555,jpeg,0.05223393440246582
1778643760.6111722,236.0647325515747,4720,12587,jpeg,0.04996800422668457
1778643760.66621,236.1197702884674,4721,12602,jpeg,0.055037736892700195
1778643760.711979,236.16553926467896,4722,12620,jpeg,0.04576897621154785
1778643760.7618802,236.2154405117035,4723,12584,jpeg,0.04990124702453613
1778643760.8134542,236.267014503479,4724,12600,jpeg,0.051573991775512695
1778643760.858738,236.31229829788208,4725,12600,jpeg,0.04528379440307617
1778643760.914224,236.3677842617035,4726,12595,jpeg,0.05548596382141113
1778643760.960786,236.4143464565277,4727,12593,jpeg,0.04656219482421875
1778643761.01162,236.4651803970337,4728,12564,jpeg,0.050833940505981445
1778643761.061772,236.51533246040344,4729,12593,jpeg,0.05015206336975098
1778643761.1092944,236.5628547668457,4730,12611,jpeg,0.04752230644226074
1778643761.160765,236.61432528495789,4731,12586,jpeg,0.05147051811218262
1778643761.2112098,236.66477012634277,4732,12606,jpeg,0.050444841384887695
1778643761.2614667,236.71502709388733,4733,12584,jpeg,0.050256967544555664
1778643761.3129444,236.76650476455688,4734,12584,jpeg,0.051477670669555664
1778643761.3612313,236.81479167938232,4735,12582,jpeg,0.04828691482543945
1778643761.4097009,236.86326122283936,4736,12604,jpeg,0.04846954345703125
1778643761.462206,236.91576623916626,4737,12601,jpeg,0.0525050163269043
1778643761.5116067,236.96516704559326,4738,12563,jpeg,0.04940080642700195
1778643761.5637715,237.0173318386078,4739,12579,jpeg,0.05216479301452637
1778643761.6090124,237.06257271766663,4740,12570,jpeg,0.04524087905883789
1778643761.6615827,237.1151430606842,4741,12577,jpeg,0.052570343017578125
1778643761.7157102,237.1692705154419,4742,12584,jpeg,0.05412745475769043
1778643761.7590811,237.21264147758484,4743,12573,jpeg,0.043370962142944336
1778643761.8110528,237.2646131515503,4744,12599,jpeg,0.0519716739654541
1778643761.8594456,237.31300592422485,4745,12580,jpeg,0.04839277267456055
1778643761.9104567,237.3640170097351,4746,12600,jpeg,0.051011085510253906
1778643761.9624236,237.41598391532898,4747,12599,jpeg,0.05196690559387207
1778643762.010127,237.46368741989136,4748,12590,jpeg,0.04770350456237793
1778643762.0590656,237.51262593269348,4749,12595,jpeg,0.04893851280212402
1778643762.110772,237.5643322467804,4750,12590,jpeg,0.05170631408691406
1778643762.1592908,237.6128511428833,4751,12604,jpeg,0.04851889610290527
1778643762.2109168,237.66447710990906,4752,12587,jpeg,0.051625967025756836
1778643762.2606938,237.71425414085388,4753,12629,jpeg,0.04977703094482422
1778643762.3089166,237.76247692108154,4754,12601,jpeg,0.04822278022766113
1778643762.3616476,237.81520795822144,4755,12583,jpeg,0.05273103713989258
1778643762.4105792,237.86413955688477,4756,12616,jpeg,0.04893159866333008
1778643762.4601355,237.91369581222534,4757,12614,jpeg,0.04955625534057617
1778643762.509306,237.96286630630493,4758,12613,jpeg,0.049170494079589844
1778643762.5612974,238.01485776901245,4759,12593,jpeg,0.05199146270751953
1778643762.6100664,238.06362676620483,4760,12604,jpeg,0.04876899719238281
1778643762.6581032,238.1116635799408,4761,12582,jpeg,0.048036813735961914
1778643762.7131178,238.16667819023132,4762,12606,jpeg,0.055014610290527344
1778643762.7591226,238.2126829624176,4763,12582,jpeg,0.0460047721862793
1778643762.8159027,238.26946306228638,4764,12584,jpeg,0.056780099868774414
1778643762.8614976,238.31505799293518,4765,12573,jpeg,0.04559493064880371
1778643762.910513,238.36407327651978,4766,12593,jpeg,0.04901528358459473
1778643762.9624548,238.41601514816284,4767,12603,jpeg,0.051941871643066406
1778643763.017708,238.47126841545105,4768,12580,jpeg,0.05525326728820801
1778643763.0676775,238.5212378501892,4769,12591,jpeg,0.04996943473815918
1778643763.1097214,238.56328177452087,4770,12604,jpeg,0.04204392433166504
1778643763.160251,238.61381125450134,4771,12591,jpeg,0.05052947998046875
1778643763.2120166,238.66557693481445,4772,12557,jpeg,0.05176568031311035
1778643763.2613509,238.71491122245789,4773,12577,jpeg,0.04933428764343262
1778643763.3166072,238.77016758918762,4774,12605,jpeg,0.05525636672973633
1778643763.3599837,238.81354403495789,4775,12580,jpeg,0.04337644577026367
1778643763.4114838,238.86504411697388,4776,12591,jpeg,0.05150008201599121
1778643763.4629376,238.91649794578552,4777,12590,jpeg,0.05145382881164551
1778643763.5082684,238.96182870864868,4778,12565,jpeg,0.04533076286315918
1778643763.5594866,239.01304697990417,4779,12573,jpeg,0.051218271255493164
1778643763.611236,239.0647964477539,4780,12583,jpeg,0.051749467849731445
1778643763.670349,239.1239092350006,4781,12587,jpeg,0.0591127872467041
1778643763.7083044,239.16186475753784,4782,12580,jpeg,0.037955522537231445
1778643763.7596204,239.21318078041077,4783,12583,jpeg,0.051316022872924805
1778643763.8082578,239.26181817054749,4784,12599,jpeg,0.04863739013671875
1778643763.8643155,239.31787586212158,4785,12609,jpeg,0.05605769157409668
1778643763.9105005,239.36406087875366,4786,12582,jpeg,0.04618501663208008
1778643763.9597416,239.41330194473267,4787,12606,jpeg,0.049241065979003906
1778643764.0084898,239.46205019950867,4788,12581,jpeg,0.04874825477600098
1778643764.073225,239.52678537368774,4789,12608,jpeg,0.06473517417907715
1778643764.111327,239.56488728523254,4790,12637,jpeg,0.038101911544799805
1778643764.158605,239.6121654510498,4791,12594,jpeg,0.04727816581726074
1778643764.2115839,239.66514420509338,4792,12584,jpeg,0.0529787540435791
1778643764.262575,239.716135263443,4793,12604,jpeg,0.050991058349609375
1778643764.3097308,239.76329112052917,4794,12600,jpeg,0.04715585708618164
1778643764.361863,239.81542325019836,4795,12568,jpeg,0.05213212966918945
1778643764.4126623,239.86622262001038,4796,12608,jpeg,0.05079936981201172
1778643764.460397,239.91395735740662,4797,12606,jpeg,0.047734737396240234
1778643764.511334,239.96489429473877,4798,12590,jpeg,0.05093693733215332
1778643764.5602274,240.01378774642944,4799,12564,jpeg,0.04889345169067383
1778643764.6100245,240.0635848045349,4800,12599,jpeg,0.04979705810546875
1778643764.6596413,240.11320161819458,4801,12582,jpeg,0.04961681365966797
1778643764.7114303,240.16499066352844,4802,12607,jpeg,0.051789045333862305
1778643764.7624369,240.2159972190857,4803,12601,jpeg,0.05100655555725098
1778643764.8132484,240.26680874824524,4804,12603,jpeg,0.0508115291595459
1778643764.8624182,240.3159785270691,4805,12621,jpeg,0.04916977882385254
1778643764.9088485,240.36240887641907,4806,12608,jpeg,0.046430349349975586
1778643764.9724357,240.42599606513977,4807,12610,jpeg,0.06358718872070312
1778643765.0119905,240.46555089950562,4808,12603,jpeg,0.03955483436584473
1778643765.0608318,240.51439213752747,4809,12610,jpeg,0.048841238021850586
1778643765.1232412,240.5768015384674,4810,12601,jpeg,0.062409400939941406
1778643765.159557,240.61311745643616,4811,12607,jpeg,0.03631591796875
1778643765.2185192,240.67207956314087,4812,12592,jpeg,0.058962106704711914
1778643765.268744,240.72230434417725,4813,12604,jpeg,0.05022478103637695
1778643765.3120584,240.76561880111694,4814,12609,jpeg,0.043314456939697266
1778643765.3618293,240.8153896331787,4815,12595,jpeg,0.04977083206176758
1778643765.4110525,240.86461281776428,4816,12591,jpeg,0.04922318458557129
1778643765.4599245,240.91348481178284,4817,12598,jpeg,0.04887199401855469
1778643765.5091941,240.96275448799133,4818,12592,jpeg,0.049269676208496094
1778643765.5665116,241.0200719833374,4819,12584,jpeg,0.057317495346069336
1778643765.6167574,241.07031774520874,4820,12612,jpeg,0.05024576187133789
1778643765.658659,241.11221933364868,4821,12603,jpeg,0.041901588439941406
1778643765.7124262,241.16598653793335,4822,12604,jpeg,0.05376720428466797
1778643765.7606351,241.21419548988342,4823,12591,jpeg,0.04820895195007324
1778643765.812176,241.26573634147644,4824,12605,jpeg,0.05154085159301758
1778643765.8620577,241.3156180381775,4825,12600,jpeg,0.049881696701049805
1778643765.9093807,241.36294102668762,4826,12614,jpeg,0.047322988510131836
1778643765.9619062,241.41546654701233,4827,12621,jpeg,0.05252552032470703
1778643766.0114133,241.4649736881256,4828,12608,jpeg,0.04950714111328125
1778643766.0566201,241.51018047332764,4829,12600,jpeg,0.04520678520202637
1778643766.109411,241.56297135353088,4830,12584,jpeg,0.05279088020324707
1778643766.1636117,241.61717200279236,4831,12587,jpeg,0.05420064926147461
1778643766.2085469,241.6621072292328,4832,12617,jpeg,0.04493522644042969
1778643766.2620385,241.71559882164001,4833,12611,jpeg,0.05349159240722656
1778643766.3122642,241.7658245563507,4834,12601,jpeg,0.05022573471069336
1778643766.3576908,241.81125116348267,4835,12584,jpeg,0.04542660713195801
1778643766.407898,241.8614583015442,4836,12587,jpeg,0.05020713806152344
1778643766.4599488,241.9135091304779,4837,12599,jpeg,0.05205082893371582
1778643766.5085964,241.96215677261353,4838,12600,jpeg,0.04864764213562012
1778643766.560061,242.01362133026123,4839,12610,jpeg,0.05146455764770508
1778643766.611398,242.06495833396912,4840,12579,jpeg,0.05133700370788574
1778643766.658462,242.11202239990234,4841,12599,jpeg,0.04706406593322754
1778643766.7111945,242.1647548675537,4842,12583,jpeg,0.05273246765136719
1778643766.7605262,242.21408653259277,4843,12599,jpeg,0.0493316650390625
1778643766.8094969,242.26305723190308,4844,12589,jpeg,0.048970699310302734
1778643766.8613136,242.31487393379211,4845,12572,jpeg,0.051816701889038086
1778643766.9109569,242.36451721191406,4846,12584,jpeg,0.04964327812194824
1778643766.9571817,242.41074204444885,4847,12610,jpeg,0.04622483253479004
1778643767.0086832,242.46224355697632,4848,12594,jpeg,0.05150151252746582
1778643767.059472,242.51303243637085,4849,12602,jpeg,0.05078887939453125
1778643767.1074624,242.5610227584839,4850,12592,jpeg,0.04799032211303711
1778643767.1631782,242.61673855781555,4851,12596,jpeg,0.05571579933166504
1778643767.211871,242.66543126106262,4852,12592,jpeg,0.04869270324707031
1778643767.258461,242.7120213508606,4853,12615,jpeg,0.04659008979797363
1778643767.3105597,242.7641201019287,4854,12593,jpeg,0.052098751068115234
1778643767.371185,242.82474541664124,4855,12595,jpeg,0.060625314712524414
1778643767.411362,242.86492228507996,4856,12583,jpeg,0.0401768684387207
1778643767.457556,242.91111636161804,4857,12565,jpeg,0.04619407653808594
1778643767.515932,242.96949243545532,4858,12606,jpeg,0.05837607383728027
1778643767.5585632,243.01212358474731,4859,12582,jpeg,0.04263114929199219
1778643767.6095881,243.06314849853516,4860,12593,jpeg,0.0510249137878418
1778643767.6630952,243.11665558815002,4861,12601,jpeg,0.053507089614868164
1778643767.7086067,243.16216707229614,4862,12611,jpeg,0.045511484146118164
1778643767.7594,243.2129602432251,4863,12605,jpeg,0.05079317092895508
1778643767.8127189,243.26627922058105,4864,12595,jpeg,0.05331897735595703
1778643767.8605762,243.31413650512695,4865,12619,jpeg,0.04785728454589844
1778643767.9085684,243.36212873458862,4866,12600,jpeg,0.04799222946166992
1778643767.9613743,243.41493463516235,4867,12615,jpeg,0.05280590057373047
1778643768.010403,243.46396327018738,4868,12594,jpeg,0.049028635025024414
1778643768.0583298,243.51189017295837,4869,12592,jpeg,0.047926902770996094
1778643768.1106453,243.5642056465149,4870,12598,jpeg,0.052315473556518555
1778643768.15752,243.6110804080963,4871,12625,jpeg,0.0468747615814209
1778643768.2071106,243.66067099571228,4872,12600,jpeg,0.0495905876159668
1778643768.2608755,243.71443581581116,4873,12607,jpeg,0.05376482009887695
1778643768.3082821,243.76184248924255,4874,12599,jpeg,0.047406673431396484
1778643768.360884,243.81444430351257,4875,12609,jpeg,0.05260181427001953
1778643768.410451,243.8640112876892,4876,12612,jpeg,0.04956698417663574
1778643768.4592783,243.91283869743347,4877,12575,jpeg,0.048827409744262695
1778643768.507944,243.9615044593811,4878,12600,jpeg,0.048665761947631836
1778643768.5640473,244.0176076889038,4879,12599,jpeg,0.05610322952270508
1778643768.6084182,244.0619785785675,4880,12612,jpeg,0.04437088966369629
1778643768.659797,244.11335730552673,4881,12586,jpeg,0.051378726959228516
1778643768.7113633,244.16492366790771,4882,12602,jpeg,0.051566362380981445
1778643768.7574532,244.21101355552673,4883,12609,jpeg,0.046089887619018555
1778643768.8115716,244.26513195037842,4884,12604,jpeg,0.05411839485168457
1778643768.8600857,244.31364607810974,4885,12577,jpeg,0.04851412773132324
1778643768.9085464,244.36210680007935,4886,12615,jpeg,0.04846072196960449
1778643768.9584067,244.41196703910828,4887,12592,jpeg,0.049860239028930664
1778643769.0100193,244.4635796546936,4888,12611,jpeg,0.05161261558532715
1778643769.057037,244.51059746742249,4889,12589,jpeg,0.047017812728881836
1778643769.1067855,244.56034588813782,4890,12608,jpeg,0.04974842071533203
1778643769.1586812,244.61224150657654,4891,12598,jpeg,0.0518956184387207
1778643769.2086196,244.6621799468994,4892,12615,jpeg,0.04993844032287598
1778643769.2571611,244.71072149276733,4893,12604,jpeg,0.04854154586791992
1778643769.3109667,244.76452708244324,4894,12618,jpeg,0.05380558967590332
1778643769.3581045,244.8116648197174,4895,12606,jpeg,0.04713773727416992
1778643769.4136713,244.86723160743713,4896,12596,jpeg,0.05556678771972656
1778643769.460411,244.91397142410278,4897,12590,jpeg,0.046739816665649414
1778643769.5086322,244.9621925354004,4898,12590,jpeg,0.04822111129760742
1778643769.5588646,245.0124249458313,4899,12600,jpeg,0.0502324104309082
1778643769.6097476,245.06330800056458,4900,12564,jpeg,0.05088305473327637
1778643769.6610134,245.1145737171173,4901,12584,jpeg,0.051265716552734375
1778643769.707817,245.16137742996216,4902,12602,jpeg,0.04680371284484863
1778643769.7584155,245.211975812912,4903,12589,jpeg,0.0505983829498291
1778643769.8081937,245.2617540359497,4904,12602,jpeg,0.04977822303771973
1778643769.8594022,245.31296253204346,4905,12623,jpeg,0.05120849609375
1778643769.9115875,245.3651478290558,4906,12623,jpeg,0.0521852970123291
1778643769.9587655,245.41232585906982,4907,12606,jpeg,0.047178030014038086
1778643770.0115638,245.46512413024902,4908,12618,jpeg,0.05279827117919922
1778643770.0605154,245.514075756073,4909,12618,jpeg,0.04895162582397461
1778643770.108687,245.56224727630615,4910,12597,jpeg,0.0481715202331543
1778643770.1588683,245.61242866516113,4911,12595,jpeg,0.05018138885498047
1778643770.2102516,245.66381192207336,4912,12619,jpeg,0.051383256912231445
1778643770.2597802,245.71334052085876,4913,12616,jpeg,0.04952859878540039
1778643770.3105555,245.7641158103943,4914,12604,jpeg,0.05077528953552246
1778643770.3597963,245.8133566379547,4915,12602,jpeg,0.049240827560424805
1778643770.4083102,245.86187052726746,4916,12619,jpeg,0.04851388931274414
1778643770.4584866,245.91204690933228,4917,12598,jpeg,0.050176382064819336
1778643770.5100498,245.96361017227173,4918,12589,jpeg,0.051563262939453125
1778643770.5721912,246.02575159072876,4919,12599,jpeg,0.06214141845703125
1778643770.610145,246.06370544433594,4920,12610,jpeg,0.037953853607177734
1778643770.6578689,246.11142921447754,4921,12592,jpeg,0.04772377014160156
1778643770.7104874,246.1640477180481,4922,12587,jpeg,0.05261850357055664
1778643770.759669,246.2132294178009,4923,12600,jpeg,0.04918169975280762
1778643770.8104794,246.26403975486755,4924,12603,jpeg,0.05081033706665039
1778643770.859789,246.31334924697876,4925,12630,jpeg,0.049309492111206055
1778643770.9093142,246.36287450790405,4926,12603,jpeg,0.04952526092529297
1778643770.9626763,246.41623663902283,4927,12573,jpeg,0.053362131118774414
1778643771.0094066,246.4629669189453,4928,12586,jpeg,0.04673027992248535
1778643771.058662,246.51222229003906,4929,12600,jpeg,0.04925537109375
1778643771.1115327,246.5650930404663,4930,12608,jpeg,0.052870750427246094
1778643771.158493,246.61205339431763,4931,12629,jpeg,0.04696035385131836
1778643771.2115462,246.66510653495789,4932,12591,jpeg,0.05305314064025879
1778643771.2593334,246.71289372444153,4933,12594,jpeg,0.04778718948364258
1778643771.307793,246.76135325431824,4934,12587,jpeg,0.048459529876708984
1778643771.3590567,246.81261706352234,4935,12595,jpeg,0.05126380920410156
1778643771.4101062,246.86366653442383,4936,12615,jpeg,0.05104947090148926
1778643771.4615295,246.91508984565735,4937,12597,jpeg,0.05142331123352051
1778643771.5088232,246.96238350868225,4938,12579,jpeg,0.047293663024902344
1778643771.5603576,247.01391792297363,4939,12596,jpeg,0.051534414291381836
1778643771.608924,247.06248426437378,4940,12586,jpeg,0.048566341400146484
1778643771.6615615,247.11512184143066,4941,12602,jpeg,0.052637577056884766
1778643771.7260153,247.1795756816864,4942,12571,jpeg,0.0644538402557373
1778643771.7582133,247.2117736339569,4943,12602,jpeg,0.03219795227050781
1778643771.8102088,247.26376914978027,4944,12595,jpeg,0.05199551582336426
1778643771.8604326,247.31399297714233,4945,12605,jpeg,0.05022382736206055
1778643771.9078689,247.36142921447754,4946,12595,jpeg,0.04743623733520508
1778643771.9582171,247.4117774963379,4947,12606,jpeg,0.05034828186035156
1778643772.009289,247.46284937858582,4948,12601,jpeg,0.051071882247924805
1778643772.058563,247.51212334632874,4949,12593,jpeg,0.04927396774291992
1778643772.1100514,247.56361174583435,4950,12589,jpeg,0.051488399505615234
1778643772.1597793,247.61333966255188,4951,12584,jpeg,0.0497279167175293
1778643772.208706,247.66226625442505,4952,12593,jpeg,0.048926591873168945
1778643772.2612605,247.7148208618164,4953,12604,jpeg,0.05255460739135742
1778643772.3209245,247.774484872818,4954,12592,jpeg,0.059664011001586914
1778643772.3593552,247.81291556358337,4955,12575,jpeg,0.03843069076538086
1778643772.4112697,247.86483001708984,4956,12614,jpeg,0.05191445350646973
1778643772.4598095,247.9133698940277,4957,12580,jpeg,0.04853987693786621
1778643772.5133922,247.96695256233215,4958,12598,jpeg,0.05358266830444336
1778643772.5594049,248.01296520233154,4959,12611,jpeg,0.04601263999938965
1778643772.608914,248.06247425079346,4960,12581,jpeg,0.04950904846191406
1778643772.6663704,248.11993074417114,4961,12589,jpeg,0.05745649337768555
1778643772.7092373,248.16279768943787,4962,12578,jpeg,0.04286694526672363
1778643772.7601998,248.21376013755798,4963,12587,jpeg,0.05096244812011719
1778643772.8097975,248.26335787773132,4964,12583,jpeg,0.049597740173339844
1778643772.858596,248.31215643882751,4965,12604,jpeg,0.048798561096191406
1778643772.9117885,248.36534881591797,4966,12578,jpeg,0.0531923770904541
1778643772.9634535,248.4170138835907,4967,12579,jpeg,0.05166506767272949
1778643773.010904,248.46446442604065,4968,12588,jpeg,0.04745054244995117
1778643773.0622566,248.51581692695618,4969,12612,jpeg,0.051352500915527344
1778643773.107231,248.56079125404358,4970,12590,jpeg,0.044974327087402344
1778643773.1590533,248.61261367797852,4971,12575,jpeg,0.05182242393493652
1778643773.2104876,248.66404795646667,4972,12586,jpeg,0.05143427848815918
1778643773.2595475,248.71310782432556,4973,12583,jpeg,0.04905986785888672
1778643773.3087723,248.7623326778412,4974,12583,jpeg,0.049224853515625
1778643773.362214,248.81577444076538,4975,12612,jpeg,0.053441762924194336
1778643773.4073112,248.86087155342102,4976,12607,jpeg,0.04509711265563965
1778643773.459081,248.91264128684998,4977,12604,jpeg,0.05176973342895508
1778643773.5101037,248.9636640548706,4978,12593,jpeg,0.05102276802062988
1778643773.5582469,249.01180720329285,4979,12579,jpeg,0.04814314842224121
1778643773.6080341,249.06159448623657,4980,12572,jpeg,0.049787282943725586
1778643773.6617124,249.11527276039124,4981,12583,jpeg,0.053678274154663086
1778643773.7077634,249.16132378578186,4982,12579,jpeg,0.046051025390625
1778643773.7599885,249.2135488986969,4983,12594,jpeg,0.05222511291503906
1778643773.8097816,249.26334190368652,4984,12603,jpeg,0.04979300498962402
1778643773.859548,249.31310844421387,4985,12592,jpeg,0.04976654052734375
1778643773.9114103,249.3649706840515,4986,12592,jpeg,0.051862239837646484
1778643773.963244,249.41680431365967,4987,12581,jpeg,0.0518336296081543
1778643774.0117836,249.46534395217896,4988,12581,jpeg,0.04853963851928711
1778643774.0582526,249.51181292533875,4989,12575,jpeg,0.04646897315979004
1778643774.1099129,249.5634732246399,4990,12599,jpeg,0.05166029930114746
1778643774.1588898,249.61245012283325,4991,12585,jpeg,0.048976898193359375
1778643774.2089005,249.6624608039856,4992,12576,jpeg,0.05001068115234375
1778643774.257923,249.71148324012756,4993,12568,jpeg,0.04902243614196777
1778643774.306969,249.76052927970886,4994,12543,jpeg,0.04904603958129883
1778643774.3636403,249.81720066070557,4995,12574,jpeg,0.0566713809967041
1778643774.4108663,249.864426612854,4996,12587,jpeg,0.0472259521484375
1778643774.4580135,249.91157388687134,4997,12581,jpeg,0.047147274017333984
1778643774.5123787,249.9659390449524,4998,12582,jpeg,0.05436515808105469
1778643774.5604923,250.01405262947083,4999,12571,jpeg,0.04811358451843262
1778643774.6085467,250.06210708618164,5000,12602,jpeg,0.04805445671081543
1778643774.6578038,250.11136412620544,5001,12577,jpeg,0.04925704002380371
1778643774.7156146,250.16917490959167,5002,12578,jpeg,0.05781078338623047
1778643774.7582963,250.21185660362244,5003,12565,jpeg,0.04268169403076172
1778643774.8093364,250.26289677619934,5004,12579,jpeg,0.0510401725769043
1778643774.8589723,250.31253266334534,5005,12566,jpeg,0.049635887145996094
1778643774.9073703,250.36093068122864,5006,12579,jpeg,0.04839801788330078
1778643774.958106,250.41166639328003,5007,12606,jpeg,0.0507357120513916
1778643775.0097938,250.46335411071777,5008,12577,jpeg,0.05168771743774414
1778643775.0582747,250.5118350982666,5009,12583,jpeg,0.048480987548828125
1778643775.1075675,250.56112790107727,5010,12581,jpeg,0.049292802810668945
1778643775.1621778,250.61573815345764,5011,12572,jpeg,0.054610252380371094
1778643775.206973,250.66053342819214,5012,12569,jpeg,0.04479527473449707
1778643775.260252,250.7138123512268,5013,12591,jpeg,0.05327892303466797
1778643775.309884,250.76344442367554,5014,12619,jpeg,0.04963207244873047
1778643775.3582077,250.81176805496216,5015,12586,jpeg,0.048323631286621094
1778643775.412761,250.86632132530212,5016,12583,jpeg,0.05455327033996582
1778643775.4589837,250.9125440120697,5017,12586,jpeg,0.046222686767578125
1778643775.506102,250.95966243743896,5018,12567,jpeg,0.047118425369262695
1778643775.5605066,251.01406693458557,5019,12590,jpeg,0.054404497146606445
1778643775.6083632,251.06192350387573,5020,12589,jpeg,0.04785656929016113
1778643775.6597712,251.1133315563202,5021,12586,jpeg,0.05140805244445801
1778643775.711177,251.16473746299744,5022,12597,jpeg,0.051405906677246094
1778643775.7572455,251.21080589294434,5023,12584,jpeg,0.046068429946899414
1778643775.8091693,251.2627296447754,5024,12587,jpeg,0.05192375183105469
1778643775.8617418,251.31530213356018,5025,12567,jpeg,0.05257248878479004
1778643775.9084554,251.36201572418213,5026,12585,jpeg,0.04671359062194824
1778643775.957103,251.41066336631775,5027,12613,jpeg,0.04864764213562012
1778643776.01108,251.46464037895203,5028,12595,jpeg,0.053977012634277344
1778643776.0635486,251.51710891723633,5029,12595,jpeg,0.05246853828430176
1778643776.1068826,251.5604429244995,5030,12597,jpeg,0.043334007263183594
1778643776.1550953,251.60865569114685,5031,12575,jpeg,0.04821276664733887
1778643776.2069156,251.66047596931458,5032,12597,jpeg,0.05182027816772461
1778643776.255504,251.709064245224,5033,12580,jpeg,0.04858827590942383
1778643776.3055742,251.75913453102112,5034,12590,jpeg,0.05007028579711914
1778643776.3586955,251.812255859375,5035,12596,jpeg,0.053121328353881836
1778643776.4059207,251.8594810962677,5036,12582,jpeg,0.047225236892700195
1778643776.4583585,251.9119188785553,5037,12589,jpeg,0.052437782287597656
1778643776.5077257,251.96128606796265,5038,12575,jpeg,0.04936718940734863
1778643776.5558019,252.00936222076416,5039,12599,jpeg,0.04807615280151367
1778643776.6066015,252.06016182899475,5040,12587,jpeg,0.05079960823059082
1778643776.6564443,252.1100046634674,5041,12566,jpeg,0.04984283447265625
1778643776.7055748,252.1591351032257,5042,12574,jpeg,0.04913043975830078
1778643776.7578545,252.21141481399536,5043,12574,jpeg,0.05227971076965332
1778643776.8095698,252.26313018798828,5044,12582,jpeg,0.05171537399291992
1778643776.8550444,252.30860471725464,5045,12562,jpeg,0.04547452926635742
1778643776.9075453,252.3611056804657,5046,12576,jpeg,0.05250096321105957
1778643776.958306,252.4118664264679,5047,12570,jpeg,0.050760746002197266
1778643777.0043821,252.45794248580933,5048,12577,jpeg,0.046076059341430664
1778643777.0548816,252.50844192504883,5049,12597,jpeg,0.05049943923950195
1778643777.1085255,252.5620858669281,5050,12568,jpeg,0.05364394187927246
1778643777.1563704,252.60993075370789,5051,12573,jpeg,0.047844886779785156
1778643777.2095468,252.66310715675354,5052,12603,jpeg,0.0531764030456543
1778643777.2613823,252.71494269371033,5053,12601,jpeg,0.05183553695678711
1778643777.3056707,252.75923109054565,5054,12581,jpeg,0.04428839683532715
1778643777.36165,252.81521034240723,5055,12580,jpeg,0.055979251861572266
1778643777.4100564,252.8636167049408,5056,12584,jpeg,0.048406362533569336
1778643777.45826,252.91182041168213,5057,12602,jpeg,0.04820370674133301
1778643777.5079896,252.9615499973297,5058,12610,jpeg,0.04972958564758301
1778643777.5603404,253.01390075683594,5059,12607,jpeg,0.052350759506225586
1778643777.6072104,253.06077075004578,5060,12586,jpeg,0.04686999320983887
1778643777.6574435,253.11100387573242,5061,12600,jpeg,0.05023312568664551
1778643777.7093143,253.16287469863892,5062,12596,jpeg,0.05187082290649414
1778643777.7563787,253.20993900299072,5063,12600,jpeg,0.04706430435180664
1778643777.8114438,253.26500415802002,5064,12569,jpeg,0.055065155029296875
1778643777.8589506,253.31251096725464,5065,12586,jpeg,0.04750680923461914
1778643777.9057548,253.35931515693665,5066,12576,jpeg,0.046804189682006836
1778643777.958242,253.41180229187012,5067,12610,jpeg,0.05248713493347168
1778643778.0133963,253.466956615448,5068,12600,jpeg,0.05515432357788086
1778643778.0551102,253.5086705684662,5069,12591,jpeg,0.04171395301818848
1778643778.1099727,253.56353306770325,5070,12596,jpeg,0.05486249923706055
1778643778.1586509,253.612211227417,5071,12608,jpeg,0.04867815971374512
1778643778.2041745,253.65773487091064,5072,12598,jpeg,0.045523643493652344
1778643778.2593338,253.7128942012787,5073,12592,jpeg,0.05515933036804199
1778643778.3084326,253.76199293136597,5074,12611,jpeg,0.04909873008728027
1778643778.358296,253.81185626983643,5075,12628,jpeg,0.049863338470458984
1778643778.4078739,253.8614342212677,5076,12597,jpeg,0.049577951431274414
1778643778.4629967,253.91655707359314,5077,12585,jpeg,0.05512285232543945
1778643778.5066264,253.9601867198944,5078,12603,jpeg,0.04362964630126953
1778643778.5618873,254.01544761657715,5079,12605,jpeg,0.05526089668273926
1778643778.6065257,254.0600860118866,5080,12576,jpeg,0.04463839530944824
1778643778.6557283,254.10928869247437,5081,12587,jpeg,0.049202680587768555
1778643778.7075055,254.16106581687927,5082,12597,jpeg,0.05177712440490723
1778643778.756565,254.21012544631958,5083,12586,jpeg,0.04905962944030762
1778643778.8064167,254.25997710227966,5084,12574,jpeg,0.04985165596008301
1778643778.8595645,254.31312489509583,5085,12589,jpeg,0.05314779281616211
1778643778.9072397,254.3608000278473,5086,12599,jpeg,0.047675132751464844
1778643778.9557595,254.4093198776245,5087,12602,jpeg,0.04851984977722168
1778643779.0059817,254.45954203605652,5088,12597,jpeg,0.050222158432006836
1778643779.0572104,254.5107707977295,5089,12607,jpeg,0.05122876167297363
1778643779.1047144,254.55827474594116,5090,12595,jpeg,0.04750394821166992
1778643779.1555715,254.60913181304932,5091,12598,jpeg,0.0508570671081543
1778643779.2107666,254.66432690620422,5092,12617,jpeg,0.05519509315490723
1778643779.2573688,254.71092915534973,5093,12607,jpeg,0.04660224914550781
1778643779.3046162,254.7581765651703,5094,12628,jpeg,0.04724740982055664
1778643779.3642092,254.8177695274353,5095,12588,jpeg,0.05959296226501465
1778643779.4068954,254.86045575141907,5096,12576,jpeg,0.04268622398376465
1778643779.454691,254.90825128555298,5097,12597,jpeg,0.04779553413391113
1778643779.5071523,254.9607126712799,5098,12604,jpeg,0.05246138572692871
1778643779.5571916,255.01075196266174,5099,12594,jpeg,0.05003929138183594
1778643779.6079075,255.06146788597107,5100,12606,jpeg,0.05071592330932617
1778643779.6600063,255.11356663703918,5101,12601,jpeg,0.052098751068115234
1778643779.706628,255.16018843650818,5102,12594,jpeg,0.04662179946899414
1778643779.7572057,255.21076607704163,5103,12624,jpeg,0.050577640533447266
1778643779.8087168,255.26227712631226,5104,12595,jpeg,0.05151104927062988
1778643779.857512,255.31107234954834,5105,12596,jpeg,0.048795223236083984
1778643779.906298,255.35985827445984,5106,12615,jpeg,0.04878592491149902
1778643779.9554613,255.40902161598206,5107,12597,jpeg,0.0491633415222168
1778643780.0062633,255.45982360839844,5108,12624,jpeg,0.050801992416381836
1778643780.0540705,255.50763082504272,5109,12608,jpeg,0.04780721664428711
1778643780.107291,255.5608513355255,5110,12620,jpeg,0.053220510482788086
1778643780.1549246,255.6084849834442,5111,12597,jpeg,0.04763364791870117
1778643780.2042546,255.65781497955322,5112,12601,jpeg,0.04932999610900879
1778643780.256016,255.7095763683319,5113,12595,jpeg,0.05176138877868652
1778643780.3047931,255.75835347175598,5114,12601,jpeg,0.048777103424072266
1778643780.35439,255.807950258255,5115,12587,jpeg,0.04959678649902344
1778643780.4090972,255.86265754699707,5116,12612,jpeg,0.05470728874206543
1778643780.4545214,255.90808176994324,5117,12622,jpeg,0.04542422294616699
1778643780.5074594,255.9610197544098,5118,12629,jpeg,0.052937984466552734
1778643780.5641727,256.0177330970764,5119,12616,jpeg,0.05671334266662598
1778643780.603842,256.05740237236023,5120,12636,jpeg,0.03966927528381348
1778643780.6538253,256.107385635376,5121,12624,jpeg,0.04998326301574707
1778643780.7078831,256.16144347190857,5122,12621,jpeg,0.05405783653259277
1778643780.7570443,256.2106046676636,5123,12611,jpeg,0.04916119575500488
1778643780.8075445,256.2611048221588,5124,12614,jpeg,0.05050015449523926
1778643780.8587074,256.31226778030396,5125,12597,jpeg,0.0511629581451416
1778643780.9074438,256.361004114151,5126,12598,jpeg,0.0487363338470459
1778643780.9570732,256.41063356399536,5127,12608,jpeg,0.04962944984436035
1778643781.0079567,256.4615170955658,5128,12611,jpeg,0.05088353157043457
1778643781.056108,256.5096683502197,5129,12610,jpeg,0.048151254653930664
1778643781.1071167,256.5606770515442,5130,12600,jpeg,0.05100870132446289
1778643781.1574283,256.61098861694336,5131,12584,jpeg,0.05031156539916992
1778643781.2059333,256.6594936847687,5132,12612,jpeg,0.04850506782531738
1778643781.2597628,256.7133231163025,5133,12609,jpeg,0.05382943153381348
1778643781.3103106,256.76387095451355,5134,12617,jpeg,0.05054783821105957
1778643781.358685,256.8122453689575,5135,12609,jpeg,0.04837441444396973
1778643781.4083338,256.8618941307068,5136,12609,jpeg,0.04964876174926758
1778643781.457479,256.911039352417,5137,12610,jpeg,0.04914522171020508
1778643781.5098412,256.963401556015,5138,12607,jpeg,0.05236220359802246
1778643781.5575278,257.0110881328583,5139,12592,jpeg,0.04768657684326172
1778643781.6083987,257.061959028244,5140,12594,jpeg,0.05087089538574219
1778643781.6574008,257.11096119880676,5141,12588,jpeg,0.04900217056274414
1778643781.7178347,257.17139506340027,5142,12592,jpeg,0.06043386459350586
1778643781.7574785,257.2110388278961,5143,12593,jpeg,0.03964376449584961
1778643781.8062751,257.2598354816437,5144,12595,jpeg,0.048796653747558594
1778643781.8577843,257.3113446235657,5145,12611,jpeg,0.05150914192199707
1778643781.9080522,257.36161255836487,5146,12629,jpeg,0.050267934799194336
1778643781.9563267,257.4098870754242,5147,12609,jpeg,0.04827451705932617
1778643782.0084352,257.46199560165405,5148,12591,jpeg,0.0521085262298584
1778643782.0558438,257.5094041824341,5149,12606,jpeg,0.0474085807800293
1778643782.1073818,257.56094217300415,5150,12602,jpeg,0.05153799057006836
1778643782.156276,257.60983633995056,5151,12608,jpeg,0.04889416694641113
1778643782.206893,257.66045331954956,5152,12640,jpeg,0.05061697959899902
1778643782.2544265,257.70798683166504,5153,12607,jpeg,0.047533512115478516
1778643782.310498,257.7640583515167,5154,12595,jpeg,0.05607151985168457
1778643782.358317,257.8118772506714,5155,12611,jpeg,0.047818899154663086
1778643782.407237,257.8607974052429,5156,12577,jpeg,0.0489201545715332
1778643782.4557803,257.9093406200409,5157,12608,jpeg,0.04854321479797363
1778643782.5075467,257.96110701560974,5158,12587,jpeg,0.051766395568847656
1778643782.55849,258.01205039024353,5159,12595,jpeg,0.05094337463378906
1778643782.6054413,258.05900168418884,5160,12593,jpeg,0.0469512939453125
1778643782.6576796,258.11123991012573,5161,12627,jpeg,0.05223822593688965
1778643782.7053096,258.15886998176575,5162,12587,jpeg,0.04763007164001465
1778643782.7578404,258.2114007472992,5163,12588,jpeg,0.052530765533447266
1778643782.8075423,258.2611026763916,5164,12609,jpeg,0.04970192909240723
1778643782.8553314,258.3088917732239,5165,12615,jpeg,0.04778909683227539
1778643782.905412,258.3589723110199,5166,12626,jpeg,0.05008053779602051
1778643782.9632666,258.4168269634247,5167,12607,jpeg,0.057854652404785156
1778643783.0060039,258.4595642089844,5168,12595,jpeg,0.04273724555969238
1778643783.0575802,258.5111405849457,5169,12598,jpeg,0.05157637596130371
1778643783.1066036,258.56016397476196,5170,12616,jpeg,0.04902338981628418
1778643783.1564949,258.6100552082062,5171,12583,jpeg,0.04989123344421387
1778643783.2042475,258.65780782699585,5172,12612,jpeg,0.04775261878967285
1778643783.2578256,258.7113859653473,5173,12597,jpeg,0.05357813835144043
1778643783.3055253,258.7590856552124,5174,12608,jpeg,0.047699689865112305
1778643783.36406,258.8176202774048,5175,12594,jpeg,0.05853462219238281
1778643783.4098754,258.86343574523926,5176,12602,jpeg,0.045815467834472656
1778643783.4548604,258.9084208011627,5177,12607,jpeg,0.044985055923461914
1778643783.5140665,258.96762681007385,5178,12592,jpeg,0.05920600891113281
1778643783.5576713,259.0112316608429,5179,12596,jpeg,0.04360485076904297
1778643783.6109192,259.0644795894623,5180,12618,jpeg,0.053247928619384766
1778643783.6558444,259.1094048023224,5181,12607,jpeg,0.04492521286010742
1778643783.7069418,259.1605021953583,5182,12616,jpeg,0.05109739303588867
1778643783.75578,259.2093403339386,5183,12613,jpeg,0.048838138580322266
1778643783.8091092,259.26266956329346,5184,12591,jpeg,0.0533292293548584
1778643783.8556483,259.3092086315155,5185,12594,jpeg,0.0465390682220459
1778643783.9044201,259.35798048973083,5186,12597,jpeg,0.04877185821533203
1778643783.9560206,259.4095809459686,5187,12606,jpeg,0.05160045623779297
1778643784.0053492,259.45890951156616,5188,12573,jpeg,0.04932856559753418
1778643784.0641713,259.51773166656494,5189,12585,jpeg,0.0588221549987793
1778643784.1031032,259.5566635131836,5190,12588,jpeg,0.038931846618652344
1778643784.1595166,259.6130769252777,5191,12597,jpeg,0.05641341209411621
1778643784.2063715,259.65993189811707,5192,12583,jpeg,0.04685497283935547
1778643784.25407,259.7076303958893,5193,12592,jpeg,0.0476984977722168
1778643784.305666,259.7592263221741,5194,12589,jpeg,0.05159592628479004
1778643784.3532748,259.80683517456055,5195,12596,jpeg,0.04760885238647461
1778643784.4034114,259.85697174072266,5196,12576,jpeg,0.050136566162109375
1778643784.4569173,259.91047763824463,5197,12594,jpeg,0.053505897521972656
1778643784.504832,259.9583923816681,5198,12562,jpeg,0.047914743423461914
1778643784.5542226,260.0077829360962,5199,12576,jpeg,0.049390554428100586
1778643784.6115658,260.0651261806488,5200,12587,jpeg,0.057343244552612305
1778643784.6544979,260.1080582141876,5201,12605,jpeg,0.04293203353881836
1778643784.7066946,260.16025495529175,5202,12613,jpeg,0.05219674110412598
1778643784.7758703,260.2294306755066,5203,12601,jpeg,0.06917572021484375
1778643784.804471,260.2580313682556,5204,12614,jpeg,0.028600692749023438
1778643784.852533,260.30609345436096,5205,12574,jpeg,0.04806208610534668
1778643784.905895,260.35945534706116,5206,12593,jpeg,0.05336189270019531
1778643784.956859,260.4104194641113,5207,12603,jpeg,0.0509641170501709
1778643785.0091078,260.4626681804657,5208,12581,jpeg,0.05224871635437012
1778643785.055872,260.5094323158264,5209,12590,jpeg,0.04676413536071777
1778643785.1109052,260.5644655227661,5210,12590,jpeg,0.055033206939697266
1778643785.1575253,260.61108565330505,5211,12607,jpeg,0.04662013053894043
1778643785.2060642,260.6596245765686,5212,12594,jpeg,0.048538923263549805
1778643785.3061633,260.7597236633301,5213,12591,jpeg,0.10009908676147461
1778643785.3617806,260.8153409957886,5214,12582,jpeg,0.055617332458496094
1778643785.4077585,260.8613188266754,5215,12568,jpeg,0.04597783088684082
1778643785.4540975,260.9076578617096,5216,12583,jpeg,0.04633903503417969
1778643785.5058725,260.9594328403473,5217,12592,jpeg,0.05177497863769531
1778643785.5555265,261.0090868473053,5218,12619,jpeg,0.04965400695800781
1778643785.6066654,261.06022572517395,5219,12615,jpeg,0.051138877868652344
1778643785.6589756,261.11253595352173,5220,12617,jpeg,0.05231022834777832
1778643785.7082527,261.1618130207062,5221,12582,jpeg,0.04927706718444824
1778643785.754401,261.2079613208771,5222,12623,jpeg,0.04614830017089844
1778643785.8063388,261.2598991394043,5223,12608,jpeg,0.05193781852722168
1778643785.854952,261.3085124492645,5224,12609,jpeg,0.04861330986022949
1778643785.9059544,261.35951471328735,5225,12621,jpeg,0.05100226402282715
1778643785.95857,261.41213035583496,5226,12614,jpeg,0.05261564254760742
1778643786.0039752,261.4575355052948,5227,12594,jpeg,0.04540514945983887
1778643786.0587215,261.51228189468384,5228,12598,jpeg,0.054746389389038086
1778643786.1072593,261.5608196258545,5229,12606,jpeg,0.0485377311706543
1778643786.1561234,261.60968375205994,5230,12592,jpeg,0.048864126205444336
1778643786.2082167,261.66177701950073,5231,12614,jpeg,0.0520932674407959
1778643786.2570171,261.71057748794556,5232,12620,jpeg,0.04880046844482422
1778643786.3034492,261.7570095062256,5233,12617,jpeg,0.0464320182800293
1778643786.3574433,261.81100368499756,5234,12598,jpeg,0.053994178771972656
1778643786.4116979,261.8652582168579,5235,12578,jpeg,0.05425453186035156
1778643786.4548314,261.90839171409607,5236,12600,jpeg,0.04313349723815918
1778643786.5047693,261.9583296775818,5237,12625,jpeg,0.04993796348571777
1778643786.5587964,262.0123567581177,5238,12608,jpeg,0.05402708053588867
1778643786.6062455,262.05980587005615,5239,12628,jpeg,0.04744911193847656
1778643786.654599,262.10815930366516,5240,12605,jpeg,0.04835343360900879
1778643786.7073123,262.1608726978302,5241,12608,jpeg,0.05271339416503906
1778643786.754238,262.20779824256897,5242,12611,jpeg,0.04692554473876953
1778643786.8045309,262.25809121131897,5243,12613,jpeg,0.05029296875
1778643786.8582642,262.3118245601654,5244,12593,jpeg,0.05373334884643555
1778643786.9030857,262.3566460609436,5245,12588,jpeg,0.04482150077819824
1778643786.9533558,262.40691614151,5246,12625,jpeg,0.05027008056640625
1778643787.0067055,262.46026587486267,5247,12624,jpeg,0.05334973335266113
1778643787.054071,262.5076313018799,5248,12594,jpeg,0.047365427017211914
1778643787.1055725,262.55913281440735,5249,12604,jpeg,0.05150151252746582
1778643787.1585653,262.6121256351471,5250,12637,jpeg,0.052992820739746094
1778643787.2048817,262.65844202041626,5251,12620,jpeg,0.04631638526916504
1778643787.2539184,262.707478761673,5252,12613,jpeg,0.04903674125671387
1778643787.306317,262.7598774433136,5253,12599,jpeg,0.052398681640625
1778643787.3538003,262.8073606491089,5254,12601,jpeg,0.047483205795288086
1778643787.4035776,262.8571379184723,5255,12596,jpeg,0.04977726936340332
1778643787.4561222,262.9096825122833,5256,12610,jpeg,0.052544593811035156
1778643787.5051525,262.9587128162384,5257,12605,jpeg,0.049030303955078125
1778643787.5542023,263.00776267051697,5258,12604,jpeg,0.04904985427856445
1778643787.6044896,263.05804991722107,5259,12591,jpeg,0.05028724670410156
1778643787.653818,263.1073782444,5260,12596,jpeg,0.04932832717895508
1778643787.703932,263.1574923992157,5261,12606,jpeg,0.05011415481567383
1778643787.7562025,263.20976281166077,5262,12603,jpeg,0.05227041244506836
1778643787.8035834,263.2571437358856,5263,12616,jpeg,0.047380924224853516
1778643787.8549044,263.3084647655487,5264,12622,jpeg,0.05132102966308594
1778643787.9046595,263.35821986198425,5265,12602,jpeg,0.049755096435546875
1778643787.9539878,263.4075481891632,5266,12612,jpeg,0.04932832717895508
1778643788.0057454,263.45930576324463,5267,12603,jpeg,0.0517575740814209
1778643788.0562754,263.50983572006226,5268,12590,jpeg,0.05052995681762695
1778643788.1030061,263.5565664768219,5269,12599,jpeg,0.046730756759643555
1778643788.1540356,263.60759592056274,5270,12619,jpeg,0.05102944374084473
1778643788.2048366,263.6583969593048,5271,12615,jpeg,0.05080103874206543
1778643788.2551305,263.7086908817291,5272,12594,jpeg,0.050293922424316406
1778643788.3079715,263.761531829834,5273,12571,jpeg,0.0528409481048584
1778643788.3587527,263.812313079834,5274,12589,jpeg,0.05078125
1778643788.404355,263.85791540145874,5275,12587,jpeg,0.04560232162475586
1778643788.455028,263.9085884094238,5276,12591,jpeg,0.05067300796508789
1778643788.5071862,263.96074652671814,5277,12587,jpeg,0.05215811729431152
1778643788.552806,264.00636625289917,5278,12589,jpeg,0.04561972618103027
1778643788.607189,264.06074929237366,5279,12593,jpeg,0.054383039474487305
1778643788.6558077,264.1093680858612,5280,12597,jpeg,0.04861879348754883
1778643788.70723,264.1607904434204,5281,12602,jpeg,0.0514223575592041
1778643788.7540429,264.20760321617126,5282,12599,jpeg,0.04681277275085449
1778643788.804398,264.2579584121704,5283,12594,jpeg,0.05035519599914551
1778643788.85625,264.30981040000916,5284,12597,jpeg,0.05185198783874512
1778643788.903368,264.35692834854126,5285,12609,jpeg,0.04711794853210449
1778643788.954748,264.4083082675934,5286,12592,jpeg,0.05137991905212402
1778643789.0033128,264.45687317848206,5287,12614,jpeg,0.048564910888671875
1778643789.0534031,264.5069634914398,5288,12621,jpeg,0.05009031295776367
1778643789.1056914,264.5592517852783,5289,12577,jpeg,0.05228829383850098
1778643789.1538672,264.6074275970459,5290,12623,jpeg,0.048175811767578125
1778643789.2039902,264.657550573349,5291,12613,jpeg,0.050122976303100586
1778643789.2551875,264.70874786376953,5292,12620,jpeg,0.05119729042053223
1778643789.3050554,264.758615732193,5293,12590,jpeg,0.049867868423461914
1778643789.3528125,264.80637288093567,5294,12611,jpeg,0.04775714874267578
1778643789.404881,264.85844135284424,5295,12636,jpeg,0.052068471908569336
1778643789.4543846,264.90794491767883,5296,12627,jpeg,0.04950356483459473
1778643789.5078485,264.9614088535309,5297,12625,jpeg,0.05346393585205078
1778643789.556617,265.0101773738861,5298,12600,jpeg,0.04876852035522461
1778643789.603397,265.05695724487305,5299,12610,jpeg,0.04677987098693848
1778643789.6528902,265.10645055770874,5300,12616,jpeg,0.04949331283569336
1778643789.7093832,265.1629436016083,5301,12619,jpeg,0.05649304389953613
1778643789.7591236,265.2126839160919,5302,12600,jpeg,0.04974031448364258
1778643789.8056092,265.25916957855225,5303,12607,jpeg,0.04648566246032715
1778643789.8545122,265.3080725669861,5304,12606,jpeg,0.04890298843383789
1778643789.9077907,265.3613510131836,5305,12589,jpeg,0.053278446197509766
1778643789.956763,265.41032338142395,5306,12584,jpeg,0.048972368240356445
1778643790.0062807,265.4598410129547,5307,12605,jpeg,0.04951763153076172
1778643790.0562468,265.50980710983276,5308,12637,jpeg,0.04996609687805176
1778643790.1067607,265.5603210926056,5309,12622,jpeg,0.05051398277282715
1778643790.1585433,265.6121037006378,5310,12626,jpeg,0.05178260803222656
1778643790.2050786,265.6586389541626,5311,12603,jpeg,0.04653525352478027
1778643790.2530763,265.7066366672516,5312,12604,jpeg,0.04799771308898926
1778643790.3073826,265.7609429359436,5313,12630,jpeg,0.0543062686920166
1778643790.3533325,265.8068928718567,5314,12628,jpeg,0.04594993591308594
1778643790.4115815,265.8651418685913,5315,12610,jpeg,0.05824899673461914
1778643790.4556897,265.90925002098083,5316,12616,jpeg,0.04410815238952637
1778643790.508042,265.9616024494171,5317,12585,jpeg,0.0523524284362793
1778643790.5531256,266.00668597221375,5318,12584,jpeg,0.04508352279663086
1778643790.6047068,266.05826711654663,5319,12590,jpeg,0.05158114433288574
1778643790.6555161,266.10907649993896,5320,12611,jpeg,0.050809383392333984
1778643790.7091863,266.16274666786194,5321,12608,jpeg,0.05367016792297363
1778643790.7547226,266.2082829475403,5322,12590,jpeg,0.04553627967834473
1778643790.80261,266.25617027282715,5323,12581,jpeg,0.047887325286865234
1778643790.8531528,266.30671310424805,5324,12578,jpeg,0.05054283142089844
1778643790.909697,266.3632574081421,5325,12610,jpeg,0.05654430389404297
1778643790.9522078,266.40576815605164,5326,12609,jpeg,0.0425107479095459
1778643791.0023823,266.4559426307678,5327,12618,jpeg,0.05017447471618652
1778643791.0544298,266.50799012184143,5328,12584,jpeg,0.0520474910736084
1778643791.1040258,266.5575861930847,5329,12620,jpeg,0.04959607124328613
1778643791.161943,266.6155033111572,5330,12621,jpeg,0.057917118072509766
1778643791.2030904,266.65665078163147,5331,12615,jpeg,0.041147470474243164
1778643791.2554915,266.7090518474579,5332,12637,jpeg,0.052401065826416016
1778643791.3040125,266.757572889328,5333,12607,jpeg,0.04852104187011719
1778643791.353122,266.80668234825134,5334,12623,jpeg,0.049109458923339844
1778643791.4041123,266.8576726913452,5335,12612,jpeg,0.05099034309387207
1778643791.4527063,266.90626668930054,5336,12625,jpeg,0.048593997955322266
1778643791.5066993,266.9602596759796,5337,12612,jpeg,0.05399298667907715
1778643791.5542467,267.0078070163727,5338,12609,jpeg,0.047547340393066406
1778643791.6113129,267.0648732185364,5339,12604,jpeg,0.05706620216369629
1778643791.6557693,267.10932970046997,5340,12621,jpeg,0.04445648193359375
1778643791.701604,267.15516424179077,5341,12594,jpeg,0.04583454132080078
1778643791.7536027,267.20716309547424,5342,12588,jpeg,0.05199885368347168
1778643791.8063133,267.25987362861633,5343,12594,jpeg,0.052710533142089844
1778643791.8562458,267.30980610847473,5344,12604,jpeg,0.04993247985839844
1778643791.9023428,267.3559031486511,5345,12604,jpeg,0.0460970401763916
1778643791.9547665,267.40832686424255,5346,12574,jpeg,0.052423715591430664
1778643792.0055268,267.4590871334076,5347,12576,jpeg,0.05076026916503906
1778643792.0528398,267.5064001083374,5348,12579,jpeg,0.04731297492980957
1778643792.1109698,267.56453013420105,5349,12583,jpeg,0.05813002586364746
1778643792.1519299,267.6054902076721,5350,12588,jpeg,0.040960073471069336
1778643792.2029798,267.65654015541077,5351,12581,jpeg,0.05104994773864746
1778643792.2527013,267.70626163482666,5352,12588,jpeg,0.049721479415893555
1778643792.3055663,267.759126663208,5353,12593,jpeg,0.052865028381347656
1778643792.3538318,267.8073921203613,5354,12578,jpeg,0.04826545715332031
1778643792.4038818,267.8574421405792,5355,12596,jpeg,0.05005002021789551
1778643792.454134,267.9076943397522,5356,12592,jpeg,0.05025219917297363
1778643792.5029843,267.95654463768005,5357,12601,jpeg,0.048850297927856445
1778643792.5557008,268.0092611312866,5358,12601,jpeg,0.05271649360656738
1778643792.604405,268.0579652786255,5359,12589,jpeg,0.04870414733886719
1778643792.6520984,268.10565876960754,5360,12600,jpeg,0.047693490982055664
1778643792.7038414,268.15740180015564,5361,12608,jpeg,0.0517430305480957
1778643792.7540357,268.2075960636139,5362,12601,jpeg,0.05019426345825195
1778643792.8028479,268.2564082145691,5363,12580,jpeg,0.048812150955200195
1778643792.8577933,268.3113536834717,5364,12569,jpeg,0.05494546890258789
1778643792.903688,268.3572483062744,5365,12594,jpeg,0.045894622802734375
1778643792.9524424,268.4060027599335,5366,12573,jpeg,0.04875445365905762
1778643793.0057442,268.45930457115173,5367,12595,jpeg,0.05330181121826172
1778643793.0532289,268.5067892074585,5368,12592,jpeg,0.047484636306762695
1778643793.1026902,268.5562505722046,5369,12607,jpeg,0.04946136474609375
1778643793.154166,268.6077263355255,5370,12604,jpeg,0.05147576332092285
1778643793.2020843,268.65564465522766,5371,12612,jpeg,0.04791831970214844
1778643793.2518175,268.70537781715393,5372,12596,jpeg,0.04973316192626953
1778643794.0048413,269.4584016799927,5373,12595,jpeg,0.7530238628387451
1778643794.0563807,269.5099411010742,5374,12583,jpeg,0.05153942108154297
1778643794.1061738,269.55973410606384,5375,12591,jpeg,0.04979300498962402
1778643794.1526895,269.60624980926514,5376,12584,jpeg,0.046515703201293945
1778643794.2104974,269.6640577316284,5377,12585,jpeg,0.05780792236328125
1778643794.2553244,269.70888471603394,5378,12588,jpeg,0.04482698440551758
1778643794.3033626,269.7569229602814,5379,12582,jpeg,0.04803824424743652
1778643794.3551521,269.8087124824524,5380,12593,jpeg,0.05178952217102051
1778643794.4035351,269.8570954799652,5381,12598,jpeg,0.04838299751281738
1778643794.4588778,269.9124381542206,5382,12603,jpeg,0.055342674255371094
1778643794.5075257,269.9610860347748,5383,12602,jpeg,0.04864788055419922
1778643794.5545568,270.0081171989441,5384,12623,jpeg,0.04703116416931152
1778643794.6049817,270.05854201316833,5385,12603,jpeg,0.050424814224243164
1778643794.6558814,270.10944175720215,5386,12621,jpeg,0.05089974403381348
1778643794.7046232,270.1581835746765,5387,12625,jpeg,0.048741817474365234
1778643794.7534103,270.2069706916809,5388,12639,jpeg,0.04878711700439453
1778643794.803644,270.2572042942047,5389,12607,jpeg,0.05023360252380371
1778643794.8534274,270.3069877624512,5390,12626,jpeg,0.04978346824645996
1778643794.9035654,270.35712575912476,5391,12620,jpeg,0.050137996673583984
1778643794.955174,270.40873432159424,5392,12645,jpeg,0.05160856246948242
1778643795.0049114,270.45847177505493,5393,12627,jpeg,0.04973745346069336
1778643795.0515778,270.5051381587982,5394,12602,jpeg,0.04666638374328613
1778643795.1040213,270.5575816631317,5395,12604,jpeg,0.052443504333496094
1778643795.1537693,270.6073296070099,5396,12630,jpeg,0.04974794387817383
1778643795.2029424,270.65650272369385,5397,12611,jpeg,0.04917311668395996
1778643795.2560198,270.7095801830292,5398,12596,jpeg,0.05307745933532715
1778643795.303149,270.7567093372345,5399,12615,jpeg,0.047129154205322266
1778643795.3522484,270.8058087825775,5400,12607,jpeg,0.04909944534301758
1778643795.4082663,270.8618266582489,5401,12612,jpeg,0.05601787567138672
1778643795.45357,270.90713024139404,5402,12626,jpeg,0.0453035831451416
1778643795.5013227,270.9548830986023,5403,12620,jpeg,0.04775285720825195
1778643795.5547316,271.0082919597626,5404,12617,jpeg,0.05340886116027832
1778643795.601398,271.05495834350586,5405,12614,jpeg,0.04666638374328613
1778643795.651586,271.10514640808105,5406,12644,jpeg,0.05018806457519531
1778643795.7033017,271.15686202049255,5407,12607,jpeg,0.05171561241149902
1778643795.7519212,271.20548152923584,5408,12591,jpeg,0.04861950874328613
1778643795.8039818,271.2575421333313,5409,12571,jpeg,0.052060604095458984
1778643795.853256,271.3068163394928,5410,12591,jpeg,0.04927420616149902
1778643795.9006166,271.3541769981384,5411,12587,jpeg,0.04736065864562988
1778643795.9510753,271.4046356678009,5412,12594,jpeg,0.050458669662475586
1778643796.004091,271.45765137672424,5413,12617,jpeg,0.053015708923339844
1778643796.0537837,271.50734400749207,5414,12602,jpeg,0.049692630767822266
1778643796.1031146,271.5566749572754,5415,12617,jpeg,0.049330949783325195
1778643796.1532764,271.6068367958069,5416,12605,jpeg,0.05016183853149414
1778643796.201938,271.6554982662201,5417,12596,jpeg,0.04866147041320801
1778643796.2552843,271.70884466171265,5418,12611,jpeg,0.05334639549255371
1778643796.3037066,271.757266998291,5419,12620,jpeg,0.04842233657836914
1778643796.352127,271.80568742752075,5420,12594,jpeg,0.04842042922973633
1778643796.403441,271.85700130462646,5421,12577,jpeg,0.05131387710571289
1778643796.4531686,271.9067289829254,5422,12571,jpeg,0.049727678298950195
1778643796.505233,271.95879340171814,5423,12565,jpeg,0.05206441879272461
1778643796.5522428,272.00580310821533,5424,12609,jpeg,0.04700970649719238
1778643796.6101336,272.06369400024414,5425,12582,jpeg,0.057890892028808594
1778643796.6536765,272.1072368621826,5426,12585,jpeg,0.04354286193847656
1778643796.7024517,272.15601205825806,5427,12601,jpeg,0.04877519607543945
1778643796.7544382,272.2079985141754,5428,12602,jpeg,0.0519864559173584
1778643796.8027527,272.25631308555603,5429,12593,jpeg,0.048314571380615234
1778643796.8568294,272.3103897571564,5430,12596,jpeg,0.0540766716003418
1778643796.902803,272.3563632965088,5431,12596,jpeg,0.04597353935241699
1778643796.952269,272.40582942962646,5432,12599,jpeg,0.04946613311767578
1778643797.0056045,272.4591648578644,5433,12598,jpeg,0.05333542823791504
1778643797.054105,272.5076653957367,5434,12607,jpeg,0.04850053787231445
1778643797.104791,272.55835127830505,5435,12611,jpeg,0.050685882568359375
1778643797.1528666,272.6064269542694,5436,12618,jpeg,0.04807567596435547
1778643797.2052655,272.6588258743286,5437,12617,jpeg,0.0523989200592041
1778643797.257564,272.711124420166,5438,12593,jpeg,0.052298545837402344
1778643797.2998123,272.75337266921997,5439,12602,jpeg,0.04224824905395508
1778643797.3590076,272.81256794929504,5440,12610,jpeg,0.05919528007507324
1778643797.4013484,272.8549087047577,5441,12604,jpeg,0.042340755462646484
1778643797.4498365,272.9033968448639,5442,12609,jpeg,0.04848814010620117
1778643797.5041757,272.9577360153198,5443,12620,jpeg,0.05433917045593262
1778643797.5530064,273.0065667629242,5444,12598,jpeg,0.04883074760437012
1778643797.6004894,273.0540497303009,5445,12608,jpeg,0.047482967376708984
1778643797.6536887,273.10724902153015,5446,12621,jpeg,0.05319929122924805
1778643797.7014296,273.15498995780945,5447,12602,jpeg,0.047740936279296875
1778643797.7519033,273.2054636478424,5448,12609,jpeg,0.050473690032958984
1778643797.8079154,273.2614758014679,5449,12592,jpeg,0.05601215362548828
1778643797.8554895,273.3090498447418,5450,12556,jpeg,0.04757404327392578
1778643797.9029768,273.35653710365295,5451,12563,jpeg,0.04748725891113281
1778643797.9529603,273.4065206050873,5452,12598,jpeg,0.04998350143432617
1778643798.0002213,273.45378160476685,5453,12580,jpeg,0.04726099967956543
1778643798.0532546,273.50681495666504,5454,12594,jpeg,0.05303335189819336
1778643798.101459,273.5550193786621,5455,12569,jpeg,0.04820442199707031
1778643798.1530554,273.60661578178406,5456,12559,jpeg,0.05159640312194824
1778643798.2042449,273.6578052043915,5457,12587,jpeg,0.051189422607421875
1778643798.2551134,273.70867371559143,5458,12561,jpeg,0.05086851119995117
1778643798.3106315,273.764191865921,5459,12598,jpeg,0.055518150329589844
1778643798.3512402,273.8048005104065,5460,12604,jpeg,0.04060864448547363
1778643798.4063976,273.8599579334259,5461,12611,jpeg,0.05515742301940918
1778643798.4518795,273.9054398536682,5462,12596,jpeg,0.04548192024230957
1778643798.5007217,273.9542820453644,5463,12597,jpeg,0.04884219169616699
1778643798.5542803,274.00784063339233,5464,12612,jpeg,0.0535585880279541
1778643798.603945,274.0575053691864,5465,12609,jpeg,0.04966473579406738
1778643798.6582658,274.11182618141174,5466,12596,jpeg,0.0543208122253418
1778643798.7039835,274.1575438976288,5467,12618,jpeg,0.045717716217041016
1778643798.751952,274.20551228523254,5468,12613,jpeg,0.047968387603759766
1778643798.8020074,274.25556778907776,5469,12623,jpeg,0.050055503845214844
1778643798.8534198,274.30698013305664,5470,12617,jpeg,0.051412343978881836
1778643798.89979,274.3533504009247,5471,12612,jpeg,0.04637026786804199
1778643798.9496427,274.4032030105591,5472,12596,jpeg,0.049852609634399414
1778643799.0020666,274.4556269645691,5473,12615,jpeg,0.052423954010009766
1778643799.0522435,274.50580382347107,5474,12591,jpeg,0.05017685890197754
1778643799.100282,274.5538423061371,5475,12614,jpeg,0.048038482666015625
1778643799.1531596,274.6067199707031,5476,12589,jpeg,0.05287766456604004
1778643799.1988065,274.6523668766022,5477,12602,jpeg,0.04564690589904785
1778643799.2494566,274.70301699638367,5478,12627,jpeg,0.05065011978149414
1778643799.302482,274.75604224205017,5479,12618,jpeg,0.053025245666503906
1778643799.350952,274.80451226234436,5480,12616,jpeg,0.04847002029418945
1778643799.3995662,274.8531265258789,5481,12586,jpeg,0.0486142635345459
1778643799.4519396,274.90549993515015,5482,12621,jpeg,0.052373409271240234
1778643799.4993267,274.95288705825806,5483,12604,jpeg,0.047387123107910156
1778643799.5496202,275.0031805038452,5484,12603,jpeg,0.0502934455871582
1778643799.6027992,275.05635952949524,5485,12607,jpeg,0.053179025650024414
1778643799.6495378,275.103098154068,5486,12590,jpeg,0.046738624572753906
1778643799.7004423,275.1540026664734,5487,12604,jpeg,0.05090451240539551
1778643799.7562752,275.2098355293274,5488,12612,jpeg,0.055832862854003906
1778643799.799287,275.2528474330902,5489,12623,jpeg,0.04301190376281738
1778643799.8491592,275.3027195930481,5490,12581,jpeg,0.04987215995788574
1778643799.9026606,275.35622096061707,5491,12619,jpeg,0.05350136756896973
1778643799.9495227,275.4030830860138,5492,12609,jpeg,0.046862125396728516
1778643799.9997663,275.4533267021179,5493,12599,jpeg,0.05024361610412598
1778643800.0515559,275.50511622428894,5494,12601,jpeg,0.05178952217102051
1778643800.0999477,275.5535080432892,5495,12610,jpeg,0.04839181900024414
1778643800.1494086,275.6029689311981,5496,12602,jpeg,0.04946088790893555
1778643800.204705,275.65826535224915,5497,12576,jpeg,0.05529642105102539
1778643800.2498865,275.7034468650818,5498,12590,jpeg,0.0451815128326416
1778643800.2994452,275.75300550460815,5499,12590,jpeg,0.04955863952636719
1778643800.3577297,275.81129002571106,5500,12619,jpeg,0.05828452110290527
1778643800.4005513,275.85411167144775,5501,12621,jpeg,0.042821645736694336
1778643800.4544816,275.9080419540405,5502,12607,jpeg,0.05393028259277344
1778643800.5015829,275.9551432132721,5503,12623,jpeg,0.04710125923156738
1778643800.550932,276.00449228286743,5504,12620,jpeg,0.049349069595336914
1778643800.6075013,276.0610616207123,5505,12622,jpeg,0.05656933784484863
1778643800.6521735,276.10573387145996,5506,12584,jpeg,0.044672250747680664
1778643800.7026267,276.1561870574951,5507,12588,jpeg,0.05045318603515625
1778643800.7509995,276.20455980300903,5508,12597,jpeg,0.048372745513916016
1778643800.8070633,276.2606236934662,5509,12584,jpeg,0.05606389045715332
1778643800.8534482,276.30700850486755,5510,12568,jpeg,0.04638481140136719
1778643800.9004276,276.3539879322052,5511,12614,jpeg,0.046979427337646484
1778643800.9518855,276.4054458141327,5512,12614,jpeg,0.051457881927490234
1778643800.9981124,276.4516727924347,5513,12609,jpeg,0.04622697830200195
1778643801.050111,276.5036714076996,5514,12600,jpeg,0.05199861526489258
1778643801.1017506,276.55531096458435,5515,12596,jpeg,0.051639556884765625
1778643801.1505399,276.60410022735596,5516,12593,jpeg,0.048789262771606445
1778643801.1991775,276.65273785591125,5517,12584,jpeg,0.04863762855529785
1778643801.2513027,276.70486307144165,5518,12607,jpeg,0.05212521553039551
1778643801.3033779,276.75693821907043,5519,12606,jpeg,0.05207514762878418
1778643801.3488607,276.80242109298706,5520,12588,jpeg,0.04548287391662598
1778643801.4008877,276.85444808006287,5521,12608,jpeg,0.052026987075805664
1778643801.45134,276.9049003124237,5522,12592,jpeg,0.050452232360839844
1778643801.499839,276.95339941978455,5523,12618,jpeg,0.048499107360839844
1778643801.552791,277.00635147094727,5524,12605,jpeg,0.05295205116271973
1778643801.5991745,277.05273485183716,5525,12622,jpeg,0.04638338088989258
1778643801.6494896,277.103049993515,5526,12629,jpeg,0.050315141677856445
1778643801.7022996,277.1558599472046,5527,12644,jpeg,0.052809953689575195
1778643801.7512252,277.20478558540344,5528,12616,jpeg,0.04892563819885254
1778643801.8014216,277.2549819946289,5529,12607,jpeg,0.05019640922546387
1778643801.8507924,277.30435276031494,5530,12597,jpeg,0.049370765686035156
1778643801.8998868,277.3534471988678,5531,12611,jpeg,0.049094438552856445
1778643801.949635,277.40319538116455,5532,12591,jpeg,0.04974818229675293
1778643802.006694,277.4602544307709,5533,12611,jpeg,0.05705904960632324
1778643802.0517738,277.50533413887024,5534,12602,jpeg,0.045079708099365234
1778643802.0987267,277.5522871017456,5535,12615,jpeg,0.04695296287536621
1778643802.1507497,277.60431003570557,5536,12614,jpeg,0.05202293395996094
1778643802.200666,277.6542263031006,5537,12595,jpeg,0.04991626739501953
1778643802.24907,277.70263028144836,5538,12590,jpeg,0.04840397834777832
1778643802.3045163,277.75807666778564,5539,12598,jpeg,0.05544638633728027
1778643802.353419,277.8069794178009,5540,12603,jpeg,0.04890275001525879
1778643802.4000201,277.8535804748535,5541,12627,jpeg,0.046601057052612305
1778643802.4523916,277.9059519767761,5542,12635,jpeg,0.05237150192260742
1778643802.5015538,277.95511412620544,5543,12600,jpeg,0.04916214942932129
1778643802.548189,278.00174927711487,5544,12600,jpeg,0.04663515090942383
1778643802.6043198,278.05788016319275,5545,12624,jpeg,0.05613088607788086
1778643802.651768,278.1053283214569,5546,12625,jpeg,0.047448158264160156
1778643802.699024,278.1525843143463,5547,12599,jpeg,0.0472559928894043
1778643802.7537847,278.2073450088501,5548,12621,jpeg,0.05476069450378418
1778643802.8042026,278.25776290893555,5549,12621,jpeg,0.05041790008544922
1778643802.847571,278.3011312484741,5550,12642,jpeg,0.04336833953857422
1778643802.9006753,278.3542356491089,5551,12620,jpeg,0.053104400634765625
1778643802.9507718,278.4043321609497,5552,12607,jpeg,0.05009651184082031
1778643803.0008812,278.4544415473938,5553,12617,jpeg,0.0501093864440918
1778643803.0516996,278.50525999069214,5554,12633,jpeg,0.050818443298339844
1778643803.1022098,278.5557701587677,5555,12640,jpeg,0.05051016807556152
1778643803.1503148,278.6038751602173,5556,12634,jpeg,0.04810500144958496
1778643803.206648,278.6602084636688,5557,12626,jpeg,0.056333303451538086
1778643803.253118,278.70667839050293,5558,12643,jpeg,0.046469926834106445
1778643803.3008478,278.754408121109,5559,12642,jpeg,0.0477297306060791
1778643803.3553774,278.80893778800964,5560,12598,jpeg,0.054529666900634766
1778643803.4018853,278.8554456233978,5561,12646,jpeg,0.046507835388183594
1778643803.4492383,278.9027986526489,5562,12617,jpeg,0.04735302925109863
1778643803.504469,278.9580292701721,5563,12599,jpeg,0.05523061752319336
1778643803.5563018,279.00986218452454,5564,12610,jpeg,0.05183291435241699
1778643803.600665,279.0542254447937,5565,12605,jpeg,0.04436326026916504
1778643803.6535254,279.10708570480347,5566,12619,jpeg,0.052860260009765625
1778643803.699015,279.1525752544403,5567,12613,jpeg,0.04548954963684082
1778643803.7491744,279.202734708786,5568,12617,jpeg,0.050159454345703125
1778643803.8047833,279.25834369659424,5569,12616,jpeg,0.05560898780822754
1778643803.8501198,279.3036801815033,5570,12647,jpeg,0.04533648490905762
1778643803.900589,279.35414934158325,5571,12626,jpeg,0.050469160079956055
1778643803.9582367,279.4117970466614,5572,12614,jpeg,0.057647705078125
1778643804.001124,279.4546842575073,5573,12648,jpeg,0.042887210845947266
1778643804.049728,279.50328826904297,5574,12636,jpeg,0.04860401153564453
1778643804.1039057,279.55746603012085,5575,12634,jpeg,0.05417776107788086
1778643804.1503568,279.6039171218872,5576,12629,jpeg,0.04645109176635742
1778643804.1999252,279.6534855365753,5577,12628,jpeg,0.04956841468811035
1778643804.2528236,279.70638394355774,5578,12604,jpeg,0.052898406982421875
1778643804.3100467,279.7636070251465,5579,12602,jpeg,0.05722308158874512
1778643804.3485854,279.8021457195282,5580,12612,jpeg,0.03853869438171387
1778643804.4028955,279.8564558029175,5581,12617,jpeg,0.05431008338928223
1778643804.4491837,279.9027440547943,5582,12602,jpeg,0.046288251876831055
1778643804.4998538,279.95341420173645,5583,12642,jpeg,0.05067014694213867
1778643804.5534077,280.0069680213928,5584,12620,jpeg,0.05355381965637207
1778643804.5975676,280.051127910614,5585,12623,jpeg,0.044159889221191406
1778643804.6523619,280.10592222213745,5586,12635,jpeg,0.0547943115234375
1778643804.701034,280.1545944213867,5587,12644,jpeg,0.04867219924926758
1778643804.747765,280.20132541656494,5588,12653,jpeg,0.046730995178222656
1778643804.8009624,280.25452280044556,5589,12626,jpeg,0.053197383880615234
1778643804.857546,280.31110644340515,5590,12616,jpeg,0.05658364295959473
1778643804.9018128,280.3553731441498,5591,12614,jpeg,0.044266700744628906
1778643804.9494472,280.4030075073242,5592,12616,jpeg,0.04763436317443848
1778643805.006721,280.4602813720703,5593,12625,jpeg,0.05727386474609375
1778643805.0519764,280.5055367946625,5594,12615,jpeg,0.045255422592163086
1778643805.1001143,280.553674697876,5595,12612,jpeg,0.04813790321350098
1778643805.1507597,280.6043200492859,5596,12582,jpeg,0.05064535140991211
1778643805.2006795,280.6542398929596,5597,12618,jpeg,0.049919843673706055
1778643805.247941,280.7015013694763,5598,12628,jpeg,0.04726147651672363
1778643805.301858,280.75541830062866,5599,12624,jpeg,0.05391693115234375
1778643805.3506958,280.8042562007904,5600,12634,jpeg,0.048837900161743164
1778643805.401175,280.8547353744507,5601,12637,jpeg,0.05047917366027832
1778643805.450722,280.9042823314667,5602,12656,jpeg,0.04954695701599121
1778643805.500707,280.9542672634125,5603,12615,jpeg,0.04998493194580078
1778643805.5513134,281.004873752594,5604,12636,jpeg,0.050606489181518555
1778643805.609948,281.063508272171,5605,12613,jpeg,0.05863451957702637
1778643805.6488883,281.1024487018585,5606,12625,jpeg,0.0389404296875
1778643805.711878,281.16543841362,5607,12632,jpeg,0.06298971176147461
1778643805.7532709,281.20683121681213,5608,12595,jpeg,0.04139280319213867
1778643805.7965672,281.2501275539398,5609,12613,jpeg,0.04329633712768555
1778643805.8490934,281.30265378952026,5610,12624,jpeg,0.052526235580444336
1778643805.9017107,281.3552711009979,5611,12634,jpeg,0.05261731147766113
1778643805.9487689,281.4023292064667,5612,12629,jpeg,0.04705810546875
1778643806.0024395,281.4559998512268,5613,12619,jpeg,0.053670644760131836
1778643806.0528774,281.5064377784729,5614,12625,jpeg,0.05043792724609375
1778643806.1012561,281.5548164844513,5615,12592,jpeg,0.048378705978393555
1778643806.14963,281.6031904220581,5616,12624,jpeg,0.04837393760681152
1778643806.2014542,281.6550145149231,5617,12610,jpeg,0.051824092864990234
1778643806.2482774,281.70183777809143,5618,12588,jpeg,0.04682326316833496
1778643806.298202,281.7517623901367,5619,12619,jpeg,0.049924612045288086
1778643806.3503132,281.80387353897095,5620,12621,jpeg,0.052111148834228516
1778643806.3976412,281.85120153427124,5621,12626,jpeg,0.04732799530029297
1778643806.4483635,281.9019238948822,5622,12633,jpeg,0.050722360610961914
1778643806.500004,281.9535644054413,5623,12634,jpeg,0.05164051055908203
1778643806.5499685,282.0035288333893,5624,12637,jpeg,0.04996442794799805
1778643806.598075,282.05163526535034,5625,12620,jpeg,0.04810643196105957
1778643806.6489973,282.10255765914917,5626,12649,jpeg,0.050922393798828125
1778643806.7016418,282.15520215034485,5627,12638,jpeg,0.05264449119567871
1778643806.7478774,282.2014377117157,5628,12634,jpeg,0.04623556137084961
1778643806.8056917,282.2592520713806,5629,12625,jpeg,0.05781435966491699
1778643806.8501194,282.30367970466614,5630,12641,jpeg,0.04442763328552246
1778643806.8970642,282.3506245613098,5631,12625,jpeg,0.04694485664367676
1778643806.9496565,282.40321683883667,5632,12636,jpeg,0.05259227752685547
1778643807.002009,282.45556926727295,5633,12625,jpeg,0.0523524284362793
1778643807.049026,282.5025863647461,5634,12620,jpeg,0.04701709747314453
1778643807.0985198,282.55208015441895,5635,12631,jpeg,0.04949378967285156
1778643807.1503935,282.6039538383484,5636,12629,jpeg,0.05187368392944336
1778643807.198708,282.652268409729,5637,12633,jpeg,0.048314571380615234
1778643807.2496982,282.7032585144043,5638,12609,jpeg,0.05099010467529297
1778643807.3029876,282.75654792785645,5639,12610,jpeg,0.05328941345214844
1778643807.3508947,282.8044550418854,5640,12599,jpeg,0.047907114028930664
1778643807.4023602,282.8559205532074,5641,12608,jpeg,0.051465511322021484
1778643807.449394,282.9029543399811,5642,12631,jpeg,0.04703378677368164
1778643807.4983552,282.9519155025482,5643,12619,jpeg,0.04896116256713867
1778643807.5515275,283.005087852478,5644,12619,jpeg,0.05317234992980957
1778643807.6013813,283.0549416542053,5645,12601,jpeg,0.04985380172729492
1778643807.64798,283.10154032707214,5646,12608,jpeg,0.04659867286682129
1778643807.7002625,283.15382289886475,5647,12598,jpeg,0.05228257179260254
1778643807.7516,283.2051603794098,5648,12628,jpeg,0.051337480545043945
1778643807.800589,283.2541494369507,5649,12627,jpeg,0.048989057540893555
1778643807.849097,283.30265736579895,5650,12628,jpeg,0.0485079288482666
1778643807.9009345,283.35449481010437,5651,12646,jpeg,0.05183744430541992
1778643807.9504175,283.40397787094116,5652,12626,jpeg,0.04948306083679199
1778643807.9993944,283.4529547691345,5653,12627,jpeg,0.048976898193359375
1778643808.0507708,283.50433111190796,5654,12630,jpeg,0.0513763427734375
1778643808.0987682,283.55232858657837,5655,12618,jpeg,0.047997474670410156
1778643808.1512146,283.6047749519348,5656,12626,jpeg,0.05244636535644531
1778643808.197457,283.65101742744446,5657,12620,jpeg,0.046242475509643555
1778643808.2467277,283.70028805732727,5658,12612,jpeg,0.0492706298828125
1778643808.3002472,283.75380754470825,5659,12627,jpeg,0.053519487380981445
1778643808.3509283,283.80448865890503,5660,12631,jpeg,0.050681114196777344
1778643808.3984528,283.8520131111145,5661,12648,jpeg,0.047524452209472656
1778643808.4506867,283.90424704551697,5662,12606,jpeg,0.05223393440246582
1778643808.4994118,283.9529721736908,5663,12630,jpeg,0.048725128173828125
1778643808.5489612,284.0025215148926,5664,12622,jpeg,0.04954934120178223
1778643808.5997005,284.05326080322266,5665,12593,jpeg,0.050739288330078125
1778643808.649655,284.1032154560089,5666,12621,jpeg,0.04995465278625488
1778643808.697436,284.1509964466095,5667,12617,jpeg,0.04778099060058594
1778643808.749771,284.2033314704895,5668,12623,jpeg,0.05233502388000488
1778643808.8006237,284.25418400764465,5669,12637,jpeg,0.05085253715515137
1778643808.8509953,284.30455565452576,5670,12596,jpeg,0.050371646881103516
1778643808.900287,284.35384726524353,5671,12602,jpeg,0.04929161071777344
1778643808.949488,284.40304827690125,5672,12619,jpeg,0.049201011657714844
1778643808.9994886,284.45304894447327,5673,12612,jpeg,0.050000667572021484
1778643809.0497937,284.5033540725708,5674,12578,jpeg,0.05030512809753418
1778643809.1016502,284.55521059036255,5675,12318,jpeg,0.05185651779174805
1778643809.1472983,284.6008586883545,5676,11890,jpeg,0.04564809799194336
1778643809.1974635,284.6510238647461,5677,12081,jpeg,0.05016517639160156
1778643809.2486956,284.7022559642792,5678,12055,jpeg,0.051232099533081055
1778643809.2970705,284.7506308555603,5679,11935,jpeg,0.04837489128112793
1778643809.356106,284.8096663951874,5680,12473,jpeg,0.059035539627075195
1778643809.399431,284.85299134254456,5681,12414,jpeg,0.043324947357177734
1778643809.4548929,284.9084532260895,5682,12205,jpeg,0.055461883544921875
1778643809.505211,284.95877146720886,5683,12445,jpeg,0.050318241119384766
1778643809.5479238,285.0014841556549,5684,12439,jpeg,0.04271268844604492
1778643809.5987794,285.0523397922516,5685,12451,jpeg,0.05085563659667969
1778643809.6519969,285.10555720329285,5686,12455,jpeg,0.053217411041259766
1778643809.7003949,285.15395522117615,5687,12419,jpeg,0.04839801788330078
1778643809.7492685,285.20282888412476,5688,12470,jpeg,0.0488736629486084
1778643809.8055077,285.25906801223755,5689,12478,jpeg,0.05623912811279297
1778643809.8509655,285.30452585220337,5690,12474,jpeg,0.04545783996582031
1778643809.8994446,285.35300493240356,5691,12478,jpeg,0.04847908020019531
1778643809.9497883,285.4033486843109,5692,12385,jpeg,0.05034375190734863
1778643810.0008585,285.4544188976288,5693,12429,jpeg,0.051070213317871094
1778643810.0485275,285.5020878314972,5694,12298,jpeg,0.0476689338684082
1778643810.1031566,285.5567169189453,5695,12278,jpeg,0.05462908744812012
1778643810.151058,285.60461831092834,5696,12295,jpeg,0.04790139198303223
1778643810.2017353,285.65529561042786,5697,12237,jpeg,0.05067729949951172
1778643810.253528,285.707088470459,5698,12150,jpeg,0.05179286003112793
1778643810.3011174,285.754677772522,5699,12502,jpeg,0.04758930206298828
1778643810.3495915,285.803151845932,5700,12174,jpeg,0.04847407341003418
1778643810.4012358,285.85479617118835,5701,11787,jpeg,0.051644325256347656
1778643810.4504802,285.90404057502747,5702,11760,jpeg,0.04924440383911133
1778643810.498218,285.95177841186523,5703,12005,jpeg,0.047737836837768555
1778643810.5517886,286.00534892082214,5704,11957,jpeg,0.05357050895690918
1778643810.5995831,286.05314350128174,5705,11812,jpeg,0.04779458045959473
1778643810.6464105,286.0999708175659,5706,11909,jpeg,0.04682731628417969
1778643810.6994681,286.1530284881592,5707,11954,jpeg,0.05305767059326172
1778643810.7477689,286.2013292312622,5708,12380,jpeg,0.048300743103027344
1778643810.7982004,286.25176072120667,5709,12276,jpeg,0.05043148994445801
1778643810.8492959,286.3028562068939,5710,12139,jpeg,0.05109548568725586
1778643810.89953,286.3530902862549,5711,11988,jpeg,0.050234079360961914
1778643810.9470277,286.4005880355835,5712,11902,jpeg,0.04749774932861328
1778643811.001525,286.4550852775574,5713,11929,jpeg,0.05449724197387695
1778643811.0494199,286.50298023223877,5714,11817,jpeg,0.047894954681396484
1778643811.0975,286.5510604381561,5715,11955,jpeg,0.0480802059173584
1778643811.1506245,286.60418486595154,5716,12163,jpeg,0.053124427795410156
1778643811.1985562,286.6521165370941,5717,11875,jpeg,0.047931671142578125
1778643811.2460375,286.69959783554077,5718,11711,jpeg,0.04748129844665527
1778643811.3030677,286.756628036499,5719,11961,jpeg,0.05703020095825195
1778643811.3486123,286.80217266082764,5720,11914,jpeg,0.04554462432861328
1778643811.3997471,286.85330748558044,5721,11763,jpeg,0.05113482475280762
1778643811.4508414,286.9044017791748,5722,11988,jpeg,0.05109429359436035
1778643811.500041,286.95360136032104,5723,12207,jpeg,0.049199581146240234
1778643811.5497956,287.00335597991943,5724,12166,jpeg,0.04975461959838867
1778643811.6004384,287.053998708725,5725,12204,jpeg,0.05064272880554199
1778643811.658375,287.111935377121,5726,12084,jpeg,0.057936668395996094
1778643811.6978984,287.1514587402344,5727,12089,jpeg,0.03952336311340332
1778643811.7509208,287.20448112487793,5728,12104,jpeg,0.05302238464355469
1778643811.79948,287.2530403137207,5729,12102,jpeg,0.04855918884277344
1778643811.852884,287.3064444065094,5730,12254,jpeg,0.05340409278869629
1778643811.9001322,287.3536925315857,5731,12203,jpeg,0.047248125076293945
1778643811.9509156,287.4044759273529,5732,12136,jpeg,0.050783395767211914
1778643811.999302,287.45286226272583,5733,12342,jpeg,0.048386335372924805
1778643812.0492172,287.50277757644653,5734,12182,jpeg,0.049915313720703125
1778643812.0967329,287.5502932071686,5735,12097,jpeg,0.0475156307220459
1778643812.1474798,287.6010401248932,5736,12134,jpeg,0.050746917724609375
1778643812.1978374,287.6513977050781,5737,12436,jpeg,0.05035758018493652
1778643812.2545254,287.70808577537537,5738,12439,jpeg,0.05668807029724121
1778643812.2969546,287.75051498413086,5739,11989,jpeg,0.042429208755493164
1778643812.3489985,287.8025588989258,5740,12022,jpeg,0.052043914794921875
1778643812.3963966,287.84995698928833,5741,12054,jpeg,0.04739809036254883
1778643812.446529,287.900089263916,5742,11988,jpeg,0.05013227462768555
1778643812.497388,287.9509482383728,5743,12047,jpeg,0.05085897445678711
1778643812.5492415,288.0028018951416,5744,11925,jpeg,0.05185365676879883
1778643812.5973227,288.0508830547333,5745,11791,jpeg,0.048081159591674805
1778643812.6490638,288.10262417793274,5746,11989,jpeg,0.05174112319946289
1778643812.696473,288.1500332355499,5747,12099,jpeg,0.0474090576171875
1778643812.7464907,288.20005106925964,5748,12285,jpeg,0.0500178337097168
1778643812.8014693,288.2550296783447,5749,12439,jpeg,0.05497860908508301
1778643812.8554773,288.3090376853943,5750,12328,jpeg,0.05400800704956055
1778643812.8988924,288.35245275497437,5751,12276,jpeg,0.043415069580078125
1778643813.0158994,288.46945977211,5752,12327,jpeg,0.11700701713562012
1778643813.0204985,288.47405886650085,5753,12359,jpeg,0.004599094390869141
1778643813.0568724,288.5104327201843,5754,12095,jpeg,0.03637385368347168
1778643813.1001573,288.5537176132202,5755,12185,jpeg,0.04328489303588867
1778643813.147838,288.6013984680176,5756,12423,jpeg,0.04768085479736328
1778643813.1965015,288.6500618457794,5757,12317,jpeg,0.04866337776184082
1778643813.2493515,288.7029118537903,5758,12183,jpeg,0.05285000801086426
1778643813.301254,288.7548143863678,5759,11981,jpeg,0.05190253257751465
1778643813.3469052,288.80046558380127,5760,11884,jpeg,0.04565119743347168
1778643813.3997805,288.8533408641815,5761,11861,jpeg,0.05287528038024902
1778643813.4490883,288.90264868736267,5762,11942,jpeg,0.049307823181152344
1778643813.4965844,288.95014476776123,5763,11910,jpeg,0.04749608039855957
1778643813.556557,289.0101172924042,5764,11863,jpeg,0.059972524642944336
1778643813.5974722,289.0510325431824,5765,11791,jpeg,0.04091525077819824
1778643813.6507483,289.1043086051941,5766,11741,jpeg,0.05327606201171875
1778643813.6983793,289.1519396305084,5767,11882,jpeg,0.047631025314331055
1778643813.7512681,289.2048285007477,5768,11976,jpeg,0.05288887023925781
1778643813.8007426,289.2543029785156,5769,11835,jpeg,0.049474477767944336
1778643813.848323,289.3018834590912,5770,11891,jpeg,0.04758048057556152
1778643813.89789,289.3514504432678,5771,11959,jpeg,0.04956698417663574
1778643813.9472475,289.4008078575134,5772,12012,jpeg,0.04935741424560547
1778643814.0012963,289.45485663414,5773,11875,jpeg,0.054048776626586914
1778643814.0481815,289.5017418861389,5774,12024,jpeg,0.04688525199890137
1778643814.1048694,289.5584297180176,5775,11995,jpeg,0.05668783187866211
1778643814.1506684,289.6042287349701,5776,12122,jpeg,0.04579901695251465
1778643814.1967492,289.6503095626831,5777,12183,jpeg,0.046080827713012695
1778643814.2469528,289.70051312446594,5778,12284,jpeg,0.050203561782836914
1778643814.2982934,289.7518537044525,5779,12302,jpeg,0.051340579986572266
1778643814.3468378,289.8003981113434,5780,12176,jpeg,0.04854440689086914
1778643814.3960228,289.8495831489563,5781,12132,jpeg,0.04918503761291504
1778643814.4484475,289.90200781822205,5782,12234,jpeg,0.05242466926574707
1778643814.4963737,289.9499340057373,5783,12176,jpeg,0.04792618751525879
1778643814.5460024,289.9995627403259,5784,12145,jpeg,0.04962873458862305
1778643814.5968041,290.05036449432373,5785,12160,jpeg,0.050801753997802734
1778643814.645277,290.09883737564087,5786,12189,jpeg,0.04847288131713867
1778643814.6971552,290.1507155895233,5787,12274,jpeg,0.05187821388244629
1778643814.7476292,290.20118951797485,5788,12343,jpeg,0.050473928451538086
1778643814.7960188,290.2495791912079,5789,12129,jpeg,0.04838967323303223
1778643814.8465605,290.3001208305359,5790,12197,jpeg,0.05054163932800293
1778643814.8978755,290.3514358997345,5791,12224,jpeg,0.0513150691986084
1778643814.9475596,290.4011199474335,5792,12299,jpeg,0.04968404769897461
1778643814.9951615,290.44872188568115,5793,12369,jpeg,0.047601938247680664
1778643815.046871,290.5004312992096,5794,12075,jpeg,0.05170941352844238
1778643815.101825,290.55538535118103,5795,12290,jpeg,0.05495405197143555
1778643815.147895,290.601455450058,5796,12351,jpeg,0.046070098876953125
1778643815.1995168,290.6530771255493,5797,12234,jpeg,0.05162167549133301
1778643815.2478614,290.7014217376709,5798,12084,jpeg,0.04834461212158203
1778643815.2952437,290.7488040924072,5799,12136,jpeg,0.047382354736328125
1778643815.3478315,290.8013918399811,5800,12262,jpeg,0.05258774757385254
1778643815.3990948,290.852655172348,5801,12120,jpeg,0.05126333236694336
1778643815.4504814,290.90404176712036,5802,12192,jpeg,0.05138659477233887
1778643815.500244,290.95380425453186,5803,12287,jpeg,0.04976248741149902
1778643815.5506005,291.0041608810425,5804,12096,jpeg,0.05035662651062012
1778643815.6056967,291.05925703048706,5805,12183,jpeg,0.05509614944458008
1778643815.6552522,291.1088125705719,5806,12212,jpeg,0.04955554008483887
1778643815.6977506,291.15131092071533,5807,12311,jpeg,0.04249835014343262
1778643815.7463803,291.1999406814575,5808,12363,jpeg,0.0486297607421875
1778643815.8005881,291.25414848327637,5809,12288,jpeg,0.054207801818847656
1778643815.8489885,291.30254888534546,5810,12140,jpeg,0.0484004020690918
1778643815.8987076,291.35226798057556,5811,12152,jpeg,0.04971909523010254
1778643815.9989305,291.4524908065796,5812,12152,jpeg,0.10022282600402832
1778643816.0487304,291.502290725708,5813,12418,jpeg,0.04979991912841797
1778643816.0972238,291.55078411102295,5814,12451,jpeg,0.048493385314941406
1778643816.1617107,291.6152710914612,5815,12186,jpeg,0.06448698043823242
1778643816.1960258,291.6495862007141,5816,12232,jpeg,0.03431510925292969
1778643816.2477942,291.7013545036316,5817,12227,jpeg,0.05176830291748047
1778643816.3001142,291.7536745071411,5818,12276,jpeg,0.052320003509521484
1778643816.3491607,291.80272102355957,5819,12452,jpeg,0.04904651641845703
1778643816.3990235,291.85258388519287,5820,12553,jpeg,0.04986286163330078
1778643816.450675,291.9042353630066,5821,12446,jpeg,0.0516514778137207
1778643816.5006442,291.9542045593262,5822,12320,jpeg,0.04996919631958008
1778643816.5476863,292.0012466907501,5823,12362,jpeg,0.047042131423950195
1778643816.6004303,292.0539906024933,5824,12512,jpeg,0.05274391174316406
1778643816.6508799,292.10444021224976,5825,12527,jpeg,0.05044960975646973
1778643816.6965497,292.1501100063324,5826,12442,jpeg,0.0456697940826416
1778643816.749326,292.2028863430023,5827,12440,jpeg,0.052776336669921875
1778643816.7971032,292.25066351890564,5828,12430,jpeg,0.04777717590332031
1778643816.8537393,292.30729961395264,5829,12410,jpeg,0.05663609504699707
1778643816.8992715,292.35283184051514,5830,12472,jpeg,0.0455322265625
1778643816.9469984,292.40055871009827,5831,12485,jpeg,0.04772686958312988
1778643816.9984143,292.45197463035583,5832,12497,jpeg,0.05141592025756836
1778643817.047493,292.50105333328247,5833,12526,jpeg,0.04907870292663574
1778643817.097158,292.5507183074951,5834,12562,jpeg,0.049664974212646484
1778643817.1472852,292.60084557533264,5835,12549,jpeg,0.050127267837524414
1778643817.2003746,292.6539349555969,5836,12537,jpeg,0.05308938026428223
1778643817.2483861,292.7019464969635,5837,12505,jpeg,0.04801154136657715
1778643817.3005111,292.7540714740753,5838,12508,jpeg,0.052124977111816406
1778643817.350365,292.8039252758026,5839,12495,jpeg,0.04985380172729492
1778643817.397109,292.8506693840027,5840,12539,jpeg,0.04674410820007324
1778643817.4525626,292.90612292289734,5841,12544,jpeg,0.05545353889465332
1778643817.4969983,292.95055866241455,5842,12542,jpeg,0.044435739517211914
1778643817.5470273,293.0005877017975,5843,12527,jpeg,0.05002903938293457
1778643817.605377,293.0589373111725,5844,12557,jpeg,0.058349609375
1778643817.649106,293.10266637802124,5845,12537,jpeg,0.04372906684875488
1778643817.696561,293.1501214504242,5846,12534,jpeg,0.0474550724029541
1778643817.7471223,293.2006826400757,5847,12529,jpeg,0.05056118965148926
1778643817.7975898,293.2511501312256,5848,12499,jpeg,0.050467491149902344
1778643817.847826,293.30138635635376,5849,12521,jpeg,0.05023622512817383
1778643817.8970757,293.3506360054016,5850,12507,jpeg,0.04924964904785156
1778643817.948933,293.4024932384491,5851,12535,jpeg,0.05185723304748535
1778643817.9969265,293.45048689842224,5852,12535,jpeg,0.04799365997314453
1778643818.0481071,293.50166749954224,5853,12548,jpeg,0.05118060111999512
1778643818.0977755,293.551335811615,5854,12562,jpeg,0.049668312072753906
1778643818.1454263,293.5989866256714,5855,12588,jpeg,0.047650814056396484
1778643818.1991887,293.6527490615845,5856,12543,jpeg,0.05376243591308594
1778643818.2478933,293.7014536857605,5857,12548,jpeg,0.04870462417602539
1778643818.2960129,293.7495732307434,5858,12549,jpeg,0.048119544982910156
1778643818.3465781,293.80013847351074,5859,12549,jpeg,0.050565242767333984
1778643818.3963182,293.8498785495758,5860,12531,jpeg,0.04974007606506348
1778643818.4470923,293.90065264701843,5861,12541,jpeg,0.05077409744262695
1778643818.496607,293.95016741752625,5862,12566,jpeg,0.0495147705078125
1778643818.54835,294.00191044807434,5863,12595,jpeg,0.0517430305480957
1778643818.5970776,294.05063796043396,5864,12574,jpeg,0.04872751235961914
1778643818.6473193,294.10087966918945,5865,12565,jpeg,0.050241708755493164
1778643818.6972923,294.1508526802063,5866,12552,jpeg,0.0499730110168457
1778643818.7458243,294.19938468933105,5867,12546,jpeg,0.04853200912475586
1778643818.7972894,294.2508497238159,5868,12568,jpeg,0.05146503448486328
1778643818.8487918,294.3023521900177,5869,12580,jpeg,0.05150246620178223
1778643818.896894,294.35045433044434,5870,12579,jpeg,0.04810214042663574
1778643818.9474602,294.401020526886,5871,12563,jpeg,0.05056619644165039
1778643818.9991217,294.45268201828003,5872,12572,jpeg,0.05166149139404297
1778643819.0482147,294.5017750263214,5873,12576,jpeg,0.049093008041381836
1778643819.0990705,294.55263090133667,5874,12560,jpeg,0.05085587501525879
1778643819.1525013,294.6060616970062,5875,12563,jpeg,0.053430795669555664
1778643819.1970088,294.65056920051575,5876,12566,jpeg,0.044507503509521484
1778643819.2546499,294.70821022987366,5877,12553,jpeg,0.057641029357910156
1778643819.300347,294.7539074420929,5878,12561,jpeg,0.04569721221923828
1778643819.3484476,294.8020079135895,5879,12565,jpeg,0.04810047149658203
1778643819.3991067,294.852667093277,5880,12578,jpeg,0.0506591796875
1778643819.4486446,294.90220499038696,5881,12572,jpeg,0.04953789710998535
1778643819.5008059,294.9543662071228,5882,12564,jpeg,0.052161216735839844
1778643819.5490513,295.0026116371155,5883,12579,jpeg,0.04824542999267578
1778643819.596544,295.05010437965393,5884,12561,jpeg,0.04749274253845215
1778643819.6487603,295.10232067108154,5885,12588,jpeg,0.052216291427612305
1778643819.6976297,295.1511900424957,5886,12577,jpeg,0.04886937141418457
1778643819.7484028,295.20196318626404,5887,12550,jpeg,0.05077314376831055
1778643819.797674,295.251234292984,5888,12589,jpeg,0.0492711067199707
1778643819.847798,295.30135846138,5889,12560,jpeg,0.050124168395996094
1778643819.8989792,295.35253953933716,5890,12573,jpeg,0.05118107795715332
1778643819.9461546,295.3997149467468,5891,12604,jpeg,0.04717540740966797
1778643819.9978817,295.4514420032501,5892,12579,jpeg,0.0517270565032959
1778643820.046409,295.4999692440033,5893,12610,jpeg,0.04852724075317383
1778643820.0963395,295.54989981651306,5894,12613,jpeg,0.049930572509765625
1778643820.14983,295.603390455246,5895,12597,jpeg,0.053490638732910156
1778643820.1982555,295.65181589126587,5896,12589,jpeg,0.04842543601989746
1778643820.2477658,295.7013261318207,5897,12567,jpeg,0.04951024055480957
1778643820.2979555,295.7515158653259,5898,12561,jpeg,0.05018973350524902
1778643820.3450668,295.7986271381378,5899,12570,jpeg,0.04711127281188965
1778643820.3959022,295.8494625091553,5900,12566,jpeg,0.050835371017456055
1778643820.4466417,295.90020203590393,5901,12557,jpeg,0.05073952674865723
1778643820.494646,295.94820642471313,5902,12585,jpeg,0.0480043888092041
1778643820.5452552,295.998815536499,5903,12571,jpeg,0.05060911178588867
1778643820.597825,296.05138540267944,5904,12568,jpeg,0.05256986618041992
1778643820.6440945,296.0976548194885,5905,12565,jpeg,0.04626941680908203
1778643820.701436,296.1549963951111,5906,12566,jpeg,0.057341575622558594
1778643820.7565851,296.2101454734802,5907,12582,jpeg,0.055149078369140625
1778643820.7948017,296.2483620643616,5908,12571,jpeg,0.038216590881347656
1778643820.8453248,296.2988851070404,5909,12572,jpeg,0.05052304267883301
1778643820.9040394,296.35759973526,5910,12569,jpeg,0.05871462821960449
1778643820.9494343,296.40299463272095,5911,12573,jpeg,0.0453948974609375
1778643820.9941552,296.44771552085876,5912,12602,jpeg,0.04472088813781738
1778643821.0458288,296.49938917160034,5913,12577,jpeg,0.05167365074157715
1778643821.096087,296.5496473312378,5914,12577,jpeg,0.05025815963745117
1778643821.1452067,296.59876704216003,5915,12580,jpeg,0.04911971092224121
1778643821.1939936,296.64755392074585,5916,12576,jpeg,0.04878687858581543
1778643821.2470794,296.70063972473145,5917,12585,jpeg,0.0530858039855957
1778643821.3033497,296.7569100856781,5918,12583,jpeg,0.05627036094665527
1778643821.3452678,296.798828125,5919,12606,jpeg,0.041918039321899414
1778643821.3937967,296.8473570346832,5920,12555,jpeg,0.04852890968322754
1778643821.4462874,296.8998477458954,5921,12575,jpeg,0.0524907112121582
1778643821.4948153,296.9483757019043,5922,12585,jpeg,0.04852795600891113
1778643821.5579832,297.01154351234436,5923,12567,jpeg,0.06316781044006348
1778643821.595846,297.0494062900543,5924,12557,jpeg,0.03786277770996094
1778643821.6442058,297.09776616096497,5925,12552,jpeg,0.04835987091064453
1778643821.6990726,297.15263295173645,5926,12584,jpeg,0.054866790771484375
1778643821.7464,297.1999604701996,5927,12590,jpeg,0.047327518463134766
1778643821.8587902,297.3123505115509,5928,12579,jpeg,0.11239004135131836
1778643821.8657236,297.31928396224976,5929,12576,jpeg,0.006933450698852539
1778643821.8940923,297.3476526737213,5930,12591,jpeg,0.028368711471557617
1778643821.9513369,297.4048972129822,5931,12598,jpeg,0.05724453926086426
1778643822.0553546,297.50891494750977,5932,12587,jpeg,0.10401773452758789
1778643822.0643888,297.5179491043091,5933,12584,jpeg,0.009034156799316406
1778643822.0984905,297.5520508289337,5934,12577,jpeg,0.03410172462463379
1778643822.1548352,297.60839557647705,5935,12591,jpeg,0.05634474754333496
1778643822.1925163,297.64607667922974,5936,12579,jpeg,0.03768110275268555
1778643822.259018,297.7125782966614,5937,12587,jpeg,0.06650161743164062
1778643822.2988088,297.75236916542053,5938,12573,jpeg,0.03979086875915527
1778643822.3729298,297.8264901638031,5939,12569,jpeg,0.07412099838256836
1778643822.3966446,297.8502049446106,5940,12580,jpeg,0.023714780807495117
1778643822.4619863,297.9155466556549,5941,12582,jpeg,0.06534171104431152
1778643822.494323,297.94788336753845,5942,12598,jpeg,0.03233671188354492
1778643822.5455744,297.99913477897644,5943,12578,jpeg,0.05125141143798828
1778643822.5973704,298.0509307384491,5944,12565,jpeg,0.05179595947265625
1778643822.668462,298.1220223903656,5945,12551,jpeg,0.0710916519165039
1778643822.7001178,298.15367817878723,5946,12576,jpeg,0.03165578842163086
1778643822.7696369,298.223197221756,5947,12594,jpeg,0.06951904296875
1778643822.7958968,298.2494571208954,5948,12576,jpeg,0.026259899139404297
1778643822.844021,298.2975814342499,5949,12603,jpeg,0.04812431335449219
1778643823.0337956,298.4873559474945,5950,12599,jpeg,0.1897745132446289
1778643823.0383375,298.4918978214264,5951,12570,jpeg,0.004541873931884766
1778643823.0438614,298.4974217414856,5952,12581,jpeg,0.0055239200592041016
1778643823.0524564,298.5060167312622,5953,12561,jpeg,0.008594989776611328
1778643823.2440526,298.69761300086975,5954,12582,jpeg,0.19159626960754395
1778643823.2490325,298.70259284973145,5955,12570,jpeg,0.004979848861694336
1778643823.2546186,298.7081789970398,5956,12591,jpeg,0.005586147308349609
1778643823.2589478,298.7125082015991,5957,12586,jpeg,0.004329204559326172
1778643823.44758,298.9011404514313,5958,12575,jpeg,0.18863224983215332
1778643823.4551828,298.90874314308167,5959,12581,jpeg,0.007602691650390625
1778643823.4644392,298.9179995059967,5960,12602,jpeg,0.009256362915039062
1778643823.4807413,298.93430161476135,5961,12579,jpeg,0.016302108764648438
1778643823.4999137,298.9534740447998,5962,12584,jpeg,0.01917243003845215
1778643823.6743357,299.12789607048035,5963,12586,jpeg,0.174422025680542
1778643823.6866398,299.14020013809204,5964,12581,jpeg,0.012304067611694336
1778643823.6959002,299.1494605541229,5965,12593,jpeg,0.009260416030883789
1778643823.7086062,299.162166595459,5966,12578,jpeg,0.01270604133605957
1778643823.8691623,299.32272267341614,5967,12569,jpeg,0.16055607795715332
1778643823.8720782,299.32563853263855,5968,12573,jpeg,0.0029158592224121094
1778643823.8757071,299.32926750183105,5969,12577,jpeg,0.003628969192504883
1778643823.8973036,299.35086393356323,5970,12594,jpeg,0.021596431732177734
1778643824.079809,299.53336930274963,5971,12589,jpeg,0.18250536918640137
1778643824.0851216,299.53868198394775,5972,12582,jpeg,0.005312681198120117
1778643824.0938306,299.5473909378052,5973,12600,jpeg,0.008708953857421875
1778643824.0974598,299.55102014541626,5974,12568,jpeg,0.0036292076110839844
1778643824.2871072,299.7406675815582,5975,12583,jpeg,0.18964743614196777
1778643824.2960837,299.7496440410614,5976,12554,jpeg,0.008976459503173828
1778643824.302776,299.7563364505768,5977,12558,jpeg,0.006692409515380859
1778643824.3055959,299.7591562271118,5978,12563,jpeg,0.0028197765350341797
1778643824.4909978,299.9445581436157,5979,12586,jpeg,0.18540191650390625
1778643824.4973185,299.9508788585663,5980,12587,jpeg,0.0063207149505615234
1778643824.5041773,299.9577376842499,5981,12565,jpeg,0.00685882568359375
1778643824.5102906,299.9638509750366,5982,12586,jpeg,0.006113290786743164
1778643824.7008889,300.15444922447205,5983,12585,jpeg,0.1905982494354248
1778643824.7084978,300.1620581150055,5984,12585,jpeg,0.007608890533447266
1778643824.713992,300.1675524711609,5985,12589,jpeg,0.005494356155395508
1778643824.718825,300.17238545417786,5986,12574,jpeg,0.0048329830169677734
1778643824.8993468,300.35290718078613,5987,12573,jpeg,0.18052172660827637
1778643824.9038446,300.3574049472809,5988,12583,jpeg,0.0044977664947509766
1778643824.908332,300.36189246177673,5989,12576,jpeg,0.004487514495849609
1778643824.914632,300.3681924343109,5990,12576,jpeg,0.0062999725341796875
1778643825.1034646,300.5570249557495,5991,12574,jpeg,0.18883252143859863
1778643825.1069221,300.56048250198364,5992,12573,jpeg,0.0034575462341308594
1778643825.1100287,300.56358909606934,5993,12554,jpeg,0.0031065940856933594
1778643825.1142452,300.56780552864075,5994,12587,jpeg,0.004216432571411133
1778643825.1446197,300.5981800556183,5995,12575,jpeg,0.030374526977539062
1778643825.312185,300.76574540138245,5996,12580,jpeg,0.16756534576416016
1778643825.3201504,300.77371072769165,5997,12580,jpeg,0.007965326309204102
1778643825.324085,300.77764534950256,5998,12563,jpeg,0.003934621810913086
1778643825.3443332,300.7978935241699,5999,12579,jpeg,0.0202481746673584
1778643825.5215468,300.97510719299316,6000,12570,jpeg,0.1772136688232422
1778643825.52611,300.9796702861786,6001,12575,jpeg,0.004563093185424805
1778643825.5291176,300.98267793655396,6002,12575,jpeg,0.003007650375366211
1778643825.5457199,300.9992802143097,6003,12606,jpeg,0.016602277755737305
1778643825.7253847,301.1789450645447,6004,12596,jpeg,0.17966485023498535
1778643825.7299688,301.18352913856506,6005,12579,jpeg,0.004584074020385742
1778643825.7351055,301.1886658668518,6006,12579,jpeg,0.005136728286743164
1778643825.745659,301.19921946525574,6007,12614,jpeg,0.010553598403930664
1778643825.9306037,301.3841640949249,6008,12578,jpeg,0.18494462966918945
1778643825.938323,301.3918833732605,6009,12582,jpeg,0.007719278335571289
1778643825.9449449,301.39850521087646,6010,12584,jpeg,0.006621837615966797
1778643825.9518178,301.4053781032562,6011,12558,jpeg,0.006872892379760742
1778643826.1445165,301.59807682037354,6012,12580,jpeg,0.19269871711730957
1778643826.1512132,301.60477352142334,6013,12586,jpeg,0.0066967010498046875
1778643826.16003,301.6135902404785,6014,12578,jpeg,0.008816719055175781
1778643826.175573,301.6291334629059,6015,12583,jpeg,0.015543222427368164
1778643826.3422463,301.79580664634705,6016,12572,jpeg,0.1666731834411621
1778643826.348274,301.8018343448639,6017,12588,jpeg,0.006027698516845703
1778643826.356184,301.80974435806274,6018,12578,jpeg,0.007910013198852539
1778643826.3626716,301.8162319660187,6019,12578,jpeg,0.006487607955932617
1778643826.5519636,302.0055239200592,6020,12570,jpeg,0.18929195404052734
1778643826.5624971,302.0160574913025,6021,12565,jpeg,0.010533571243286133
1778643826.5802717,302.03383207321167,6022,12542,jpeg,0.017774581909179688
1778643826.5896246,302.04318499565125,6023,12588,jpeg,0.009352922439575195
1778643826.7521758,302.2057361602783,6024,12586,jpeg,0.1625511646270752
1778643826.7549222,302.208482503891,6025,12566,jpeg,0.0027463436126708984
1778643826.7577283,302.211288690567,6026,12567,jpeg,0.0028061866760253906
1778643826.7606933,302.2142536640167,6027,12575,jpeg,0.0029649734497070312
1778643826.956942,302.41050243377686,6028,12580,jpeg,0.19624876976013184
1778643826.9619522,302.4155125617981,6029,12596,jpeg,0.005010128021240234
1778643826.9696414,302.4232017993927,6030,12561,jpeg,0.007689237594604492
1778643826.97374,302.42730045318604,6031,12562,jpeg,0.004098653793334961
1778643826.993654,302.4472143650055,6032,12565,jpeg,0.019913911819458008
1778643827.1667485,302.6203088760376,6033,12577,jpeg,0.1730945110321045
1778643827.18055,302.63411045074463,6034,12592,jpeg,0.01380157470703125
1778643827.196713,302.6502733230591,6035,12580,jpeg,0.016162872314453125
1778643827.204206,302.6577663421631,6036,12582,jpeg,0.007493019104003906
1778643827.375538,302.8290984630585,6037,12571,jpeg,0.17133212089538574
1778643827.3886063,302.8421666622162,6038,12560,jpeg,0.013068199157714844
1778643827.401825,302.8553853034973,6039,12592,jpeg,0.01321864128112793
1778643827.409559,302.8631193637848,6040,12572,jpeg,0.007734060287475586
1778643827.5810091,303.03456950187683,6041,12564,jpeg,0.17145013809204102
1778643827.5873487,303.04090905189514,6042,12583,jpeg,0.006339550018310547
1778643827.5925438,303.04610419273376,6043,12596,jpeg,0.005195140838623047
1778643827.599961,303.0535213947296,6044,12591,jpeg,0.007417201995849609
1778643827.7849383,303.23849868774414,6045,12583,jpeg,0.18497729301452637
1778643827.8000855,303.2536458969116,6046,12571,jpeg,0.015147209167480469
1778643827.8095036,303.2630639076233,6047,12573,jpeg,0.009418010711669922
1778643827.818957,303.27251744270325,6048,12547,jpeg,0.009453535079956055
1778643827.9893746,303.4429349899292,6049,12569,jpeg,0.17041754722595215
1778643827.9976637,303.4512240886688,6050,12576,jpeg,0.008289098739624023
1778643828.0030856,303.4566459655762,6051,12579,jpeg,0.005421876907348633
1778643828.0099864,303.4635467529297,6052,12570,jpeg,0.006900787353515625
1778643828.044342,303.49790239334106,6053,12566,jpeg,0.03435564041137695
1778643828.0929382,303.5464985370636,6054,12570,jpeg,0.04859614372253418
1778643828.1412325,303.594792842865,6055,12572,jpeg,0.0482943058013916
1778643828.1920426,303.64560294151306,6056,12552,jpeg,0.05081009864807129
1778643828.2445319,303.69809222221375,6057,12566,jpeg,0.052489280700683594
1778643828.2943537,303.74791407585144,6058,12562,jpeg,0.04982185363769531
1778643828.3424253,303.79598569869995,6059,12572,jpeg,0.04807162284851074
1778643828.3960705,303.8496308326721,6060,12596,jpeg,0.05364513397216797
1778643828.4431877,303.8967480659485,6061,12563,jpeg,0.04711723327636719
1778643828.4932766,303.9468369483948,6062,12564,jpeg,0.05008888244628906
1778643828.5467622,304.0003225803375,6063,12542,jpeg,0.05348563194274902
1778643828.5917468,304.0453071594238,6064,12558,jpeg,0.04498457908630371
1778643828.6440709,304.0976312160492,6065,12566,jpeg,0.05232405662536621
1778643828.6949208,304.1484811306,6066,12587,jpeg,0.05084991455078125
1778643828.7419927,304.1955530643463,6067,12554,jpeg,0.04707193374633789
1778643828.7934337,304.2469940185547,6068,12559,jpeg,0.05144095420837402
1778643828.8472927,304.3008530139923,6069,12597,jpeg,0.05385899543762207
1778643828.8959522,304.3495125770569,6070,12564,jpeg,0.048659563064575195
1778643828.9421012,304.3956615924835,6071,12575,jpeg,0.04614901542663574
1778643828.9950624,304.44862270355225,6072,12588,jpeg,0.052961111068725586
1778643829.0473993,304.5009596347809,6073,12570,jpeg,0.052336931228637695
1778643829.0928583,304.5464186668396,6074,12580,jpeg,0.04545903205871582
1778643829.143635,304.5971953868866,6075,12595,jpeg,0.05077672004699707
1778643829.191666,304.6452262401581,6076,12552,jpeg,0.048030853271484375
1778643829.2425752,304.69613552093506,6077,12571,jpeg,0.05090928077697754
1778643829.2944794,304.7480397224426,6078,12560,jpeg,0.05190420150756836
1778643829.3458602,304.79942059516907,6079,12544,jpeg,0.05138087272644043
1778643829.392619,304.84617924690247,6080,12549,jpeg,0.04675865173339844
1778643829.4433532,304.8969135284424,6081,12543,jpeg,0.05073428153991699
1778643829.491741,304.9453012943268,6082,12579,jpeg,0.048387765884399414
1778643829.5425653,304.9961256980896,6083,12560,jpeg,0.05082440376281738
1778643829.5956447,305.04920506477356,6084,12560,jpeg,0.05307936668395996
1778643829.6428185,305.0963788032532,6085,12557,jpeg,0.04717373847961426
1778643829.6918154,305.1453757286072,6086,12553,jpeg,0.048996925354003906
1778643829.7440798,305.19764018058777,6087,12552,jpeg,0.05226445198059082
1778643829.7924318,305.2459921836853,6088,12573,jpeg,0.04835200309753418
1778643829.8428216,305.2963819503784,6089,12577,jpeg,0.050389766693115234
1778643829.8954577,305.3490180969238,6090,12578,jpeg,0.052636146545410156
1778643829.942047,305.39560747146606,6091,12563,jpeg,0.04658937454223633
1778643829.9952483,305.44880867004395,6092,12585,jpeg,0.05320119857788086
1778643830.0434453,305.49700570106506,6093,12565,jpeg,0.048197031021118164
1778643830.0978858,305.5514461994171,6094,12578,jpeg,0.05444049835205078
1778643830.1438391,305.5973994731903,6095,12598,jpeg,0.04595327377319336
1778643830.1944852,305.64804553985596,6096,12592,jpeg,0.050646066665649414
1778643830.24305,305.69661045074463,6097,12595,jpeg,0.048564910888671875
1778643830.2950275,305.748587846756,6098,12591,jpeg,0.05197739601135254
1778643830.3449438,305.798504114151,6099,12594,jpeg,0.04991626739501953
1778643830.3927505,305.84631085395813,6100,12583,jpeg,0.047806739807128906
1778643830.4435294,305.89708971977234,6101,12584,jpeg,0.050778865814208984
1778643830.4934676,305.94702792167664,6102,12564,jpeg,0.049938201904296875
1778643830.5450237,305.9985840320587,6103,12569,jpeg,0.05155611038208008
1778643830.5922182,306.0457785129547,6104,12589,jpeg,0.047194480895996094
1778643830.6432657,306.09682607650757,6105,12569,jpeg,0.051047563552856445
1778643830.6921816,306.1457419395447,6106,12594,jpeg,0.048915863037109375
1778643830.741431,306.19499135017395,6107,12572,jpeg,0.04924941062927246
1778643830.794579,306.2481393814087,6108,12563,jpeg,0.05314803123474121
1778643830.8467534,306.3003137111664,6109,12564,jpeg,0.05217432975769043
1778643830.8925974,306.34615778923035,6110,12570,jpeg,0.045844078063964844
1778643830.9437869,306.39734721183777,6111,12575,jpeg,0.051189422607421875
1778643830.9927406,306.44630098342896,6112,12562,jpeg,0.04895377159118652
1778643831.0420141,306.4955744743347,6113,12584,jpeg,0.04927349090576172
1778643831.0924222,306.5459825992584,6114,12612,jpeg,0.050408124923706055
1778643831.143224,306.5967843532562,6115,12595,jpeg,0.050801753997802734
1778643831.1943462,306.64790654182434,6116,12608,jpeg,0.051122188568115234
1778643831.2432237,306.6967840194702,6117,12597,jpeg,0.04887747764587402
1778643831.2929509,306.746511220932,6118,12582,jpeg,0.04972720146179199
1778643831.3424497,306.796010017395,6119,12578,jpeg,0.049498796463012695
1778643831.3932498,306.84681010246277,6120,12577,jpeg,0.05080008506774902
1778643831.443003,306.8965632915497,6121,12536,jpeg,0.04975318908691406
1778643831.494454,306.9480142593384,6122,12574,jpeg,0.05145096778869629
1778643831.5450966,306.9986569881439,6123,12561,jpeg,0.05064272880554199
1778643831.5919278,307.04548811912537,6124,12568,jpeg,0.04683113098144531
1778643831.644263,307.09782338142395,6125,12578,jpeg,0.052335262298583984
1778643831.6991992,307.15275955200195,6126,12568,jpeg,0.05493617057800293
1778643831.7410495,307.1946098804474,6127,12570,jpeg,0.04185032844543457
1778643831.7927866,307.246346950531,6128,12536,jpeg,0.051737070083618164
1778643831.8465972,307.30015754699707,6129,12587,jpeg,0.05381059646606445
1778643831.8924255,307.3459858894348,6130,12588,jpeg,0.04582834243774414
1778643831.9422917,307.3958520889282,6131,12591,jpeg,0.0498661994934082
1778643831.9957445,307.44930481910706,6132,12612,jpeg,0.05345273017883301
1778643832.0413907,307.49495100975037,6133,12613,jpeg,0.04564619064331055
1778643832.0910468,307.5446071624756,6134,12579,jpeg,0.04965615272521973
1778643832.1445382,307.59809851646423,6135,12576,jpeg,0.05349135398864746
1778643832.1913378,307.64489817619324,6136,12580,jpeg,0.046799659729003906
1778643832.2423134,307.6958737373352,6137,12572,jpeg,0.05097556114196777
1778643832.2943485,307.7479088306427,6138,12563,jpeg,0.05203509330749512
1778643832.341478,307.7950384616852,6139,12588,jpeg,0.04712963104248047
1778643832.394202,307.8477623462677,6140,12594,jpeg,0.05272388458251953
1778643832.4434557,307.8970160484314,6141,12606,jpeg,0.04925370216369629
1778643832.491881,307.9454412460327,6142,12577,jpeg,0.04842519760131836
1778643832.5424461,307.99600648880005,6143,12596,jpeg,0.050565242767333984
1778643832.5957887,308.04934906959534,6144,12585,jpeg,0.053342580795288086
1778643832.6419806,308.0955410003662,6145,12591,jpeg,0.04619193077087402
1778643832.6945882,308.14814853668213,6146,12591,jpeg,0.05260753631591797
1778643832.7439744,308.1975347995758,6147,12602,jpeg,0.04938626289367676
1778643832.7899282,308.24348855018616,6148,12592,jpeg,0.04595375061035156
1778643832.841515,308.29507541656494,6149,12574,jpeg,0.05158686637878418
1778643832.8942082,308.34776854515076,6150,12569,jpeg,0.05269312858581543
1778643832.9427245,308.3962848186493,6151,12596,jpeg,0.048516273498535156
1778643832.9901168,308.44367718696594,6152,12580,jpeg,0.04739236831665039
1778643833.0492492,308.50280952453613,6153,12597,jpeg,0.05913233757019043
1778643833.1007686,308.55432891845703,6154,12586,jpeg,0.05151939392089844
1778643833.1457176,308.59927797317505,6155,12574,jpeg,0.04494905471801758
1778643833.1984875,308.65204787254333,6156,12569,jpeg,0.05276989936828613
1778643833.242695,308.69625544548035,6157,12568,jpeg,0.04420757293701172
1778643833.2945297,308.7480900287628,6158,12573,jpeg,0.0518345832824707
1778643833.3474677,308.80102801322937,6159,12562,jpeg,0.052937984466552734
1778643833.3994913,308.85305166244507,6160,12563,jpeg,0.05202364921569824
1778643833.4443614,308.8979218006134,6161,12572,jpeg,0.04487013816833496
1778643833.495611,308.94917130470276,6162,12593,jpeg,0.05124950408935547
1778643833.541531,308.99509143829346,6163,12578,jpeg,0.04592013359069824
1778643833.5920682,309.04562854766846,6164,12594,jpeg,0.050537109375
1778643833.645991,309.0995514392853,6165,12584,jpeg,0.05392289161682129
1778643833.693833,309.1473934650421,6166,12572,jpeg,0.04784202575683594
1778643833.7431304,309.1966907978058,6167,12553,jpeg,0.049297332763671875
1778643833.7943218,309.24788212776184,6168,12563,jpeg,0.05119132995605469
1778643833.841474,309.29503440856934,6169,12573,jpeg,0.04715228080749512
1778643833.8921208,309.3456811904907,6170,12588,jpeg,0.05064678192138672
1778643833.942813,309.39637327194214,6171,12560,jpeg,0.050692081451416016
1778643833.9907992,309.44435954093933,6172,12574,jpeg,0.04798626899719238
1778643834.0418541,309.49541449546814,6173,12593,jpeg,0.051054954528808594
1778643834.10035,309.55391025543213,6174,12573,jpeg,0.05849575996398926
1778643834.1408617,309.5944221019745,6175,12560,jpeg,0.0405118465423584
1778643834.1913795,309.6449398994446,6176,12573,jpeg,0.05051779747009277
1778643834.2428143,309.6963746547699,6177,12565,jpeg,0.05143475532531738
1778643834.2924142,309.74597454071045,6178,12586,jpeg,0.04959988594055176
1778643834.3412766,309.79483699798584,6179,12583,jpeg,0.048862457275390625
1778643834.395027,309.8485872745514,6180,12561,jpeg,0.05375027656555176
1778643834.4431815,309.89674186706543,6181,12568,jpeg,0.048154592514038086
1778643834.4911487,309.9447090625763,6182,12606,jpeg,0.04796719551086426
1778643834.5450594,309.9986197948456,6183,12590,jpeg,0.05391073226928711
1778643834.5911632,310.0447235107422,6184,12577,jpeg,0.046103715896606445
1778643834.6418607,310.0954210758209,6185,12582,jpeg,0.05069756507873535
1778643834.6947453,310.14830565452576,6186,12570,jpeg,0.052884578704833984
1778643834.746399,310.1999592781067,6187,12558,jpeg,0.05165362358093262
1778643834.7921011,310.2456614971161,6188,12581,jpeg,0.045702219009399414
1778643834.8426356,310.2961959838867,6189,12547,jpeg,0.05053448677062988
1778643834.8930378,310.34659814834595,6190,12562,jpeg,0.050402164459228516
1778643834.9406757,310.3942360877991,6191,12588,jpeg,0.047637939453125
1778643834.9919188,310.4454791545868,6192,12573,jpeg,0.05124306678771973
1778643835.0425532,310.49611353874207,6193,12572,jpeg,0.05063438415527344
1778643835.0905483,310.5441086292267,6194,12600,jpeg,0.04799509048461914
1778643835.1454656,310.59902596473694,6195,12566,jpeg,0.054917335510253906
1778643835.191678,310.6452383995056,6196,12585,jpeg,0.04621243476867676
1778643835.2402058,310.69376611709595,6197,12581,jpeg,0.04852771759033203
1778643835.3006759,310.7542362213135,6198,12567,jpeg,0.0604701042175293
1778643835.3406575,310.7942178249359,6199,12564,jpeg,0.03998160362243652
1778643835.3939228,310.8474831581116,6200,12567,jpeg,0.05326533317565918
1778643835.4410117,310.894572019577,6201,12563,jpeg,0.0470888614654541
1778643835.4906468,310.9442071914673,6202,12576,jpeg,0.04963517189025879
1778643835.5425303,310.9960906505585,6203,12585,jpeg,0.05188345909118652
1778643835.5913942,311.04495453834534,6204,12570,jpeg,0.048863887786865234
1778643835.6426024,311.0961627960205,6205,12583,jpeg,0.0512082576751709
1778643835.6900814,311.1436417102814,6206,12589,jpeg,0.04747891426086426
1778643835.742196,311.1957564353943,6207,12585,jpeg,0.05211472511291504
1778643835.802444,311.2560043334961,6208,12590,jpeg,0.06024789810180664
1778643835.8408175,311.2943778038025,6209,12577,jpeg,0.038373470306396484
1778643835.8933468,311.34690713882446,6210,12572,jpeg,0.052529335021972656
1778643835.950164,311.4037244319916,6211,12583,jpeg,0.05681729316711426
1778643835.9923406,311.4459009170532,6212,12584,jpeg,0.04217648506164551
1778643836.0421174,311.49567770957947,6213,12592,jpeg,0.04977679252624512
1778643836.0901802,311.54374051094055,6214,12590,jpeg,0.048062801361083984
1778643836.1408033,311.5943636894226,6215,12574,jpeg,0.050623178482055664
1778643836.1955783,311.64913868904114,6216,12576,jpeg,0.05477499961853027
1778643836.240395,311.69395542144775,6217,12568,jpeg,0.04481673240661621
1778643836.2909405,311.744500875473,6218,12572,jpeg,0.050545454025268555
1778643836.344728,311.7982883453369,6219,12569,jpeg,0.0537874698638916
1778643836.391554,311.8451144695282,6220,12557,jpeg,0.04682612419128418
1778643836.4448953,311.898455619812,6221,12532,jpeg,0.05334115028381348
1778643836.4931035,311.94666385650635,6222,12567,jpeg,0.04820823669433594
1778643836.552402,312.0059623718262,6223,12562,jpeg,0.05929851531982422
1778643836.5929205,312.04648089408875,6224,12580,jpeg,0.04051852226257324
1778643836.648663,312.10222339630127,6225,12589,jpeg,0.055742502212524414
1778643836.6907597,312.1443200111389,6226,12593,jpeg,0.042096614837646484
1778643836.7419436,312.195503950119,6227,12597,jpeg,0.05118393898010254
1778643836.7933068,312.2468671798706,6228,12584,jpeg,0.051363229751586914
1778643836.8408017,312.29436206817627,6229,12565,jpeg,0.04749488830566406
1778643836.8951328,312.3486931324005,6230,12566,jpeg,0.054331064224243164
1778643836.941779,312.3953392505646,6231,12551,jpeg,0.0466461181640625
1778643836.9905393,312.4440996646881,6232,12582,jpeg,0.048760414123535156
1778643837.043572,312.49713230133057,6233,12560,jpeg,0.053032636642456055
1778643837.0924034,312.5459637641907,6234,12570,jpeg,0.04883146286010742
1778643837.1401517,312.5937120914459,6235,12592,jpeg,0.04774832725524902
1778643837.1932144,312.64677476882935,6236,12563,jpeg,0.05306267738342285
1778643837.2446923,312.6982526779175,6237,12565,jpeg,0.051477909088134766
1778643837.2964656,312.7500259876251,6238,12580,jpeg,0.0517733097076416
1778643837.341612,312.79517245292664,6239,12546,jpeg,0.04514646530151367
1778643837.4019496,312.8555099964142,6240,12568,jpeg,0.06033754348754883
1778643837.4401739,312.89373421669006,6241,12540,jpeg,0.038224220275878906
1778643837.4893913,312.94295167922974,6242,12557,jpeg,0.04921746253967285
1778643837.5432205,312.99678087234497,6243,12568,jpeg,0.053829193115234375
1778643837.5907621,313.04432249069214,6244,12573,jpeg,0.04754161834716797
1778643837.6395895,313.0931499004364,6245,12574,jpeg,0.048827409744262695
1778643837.693276,313.14683628082275,6246,12574,jpeg,0.05368638038635254
1778643837.7398958,313.1934561729431,6247,12577,jpeg,0.04661989212036133
1778643837.7908082,313.2443685531616,6248,12605,jpeg,0.05091238021850586
1778643837.8400471,313.2936074733734,6249,12554,jpeg,0.04923892021179199
1778643837.890357,313.34391736984253,6250,12531,jpeg,0.05030989646911621
1778643837.941556,313.3951163291931,6251,12571,jpeg,0.05119895935058594
1778643837.994651,313.4482114315033,6252,12583,jpeg,0.053095102310180664
1778643838.0393305,313.49289083480835,6253,12575,jpeg,0.04467940330505371
1778643838.091976,313.54553627967834,6254,12568,jpeg,0.05264544486999512
1778643838.1430748,313.5966351032257,6255,12560,jpeg,0.05109882354736328
1778643838.1925511,313.6461114883423,6256,12576,jpeg,0.04947638511657715
1778643838.243082,313.69664239883423,6257,12563,jpeg,0.05053091049194336
1778643838.2936444,313.7472047805786,6258,12587,jpeg,0.050562381744384766
1778643838.34249,313.7960503101349,6259,12588,jpeg,0.048845529556274414
1778643838.3944,313.84796023368835,6260,12596,jpeg,0.0519099235534668
1778643838.4449055,313.8984658718109,6261,12589,jpeg,0.050505638122558594
1778643838.4915833,313.945143699646,6262,12586,jpeg,0.04667782783508301
1778643838.5423014,313.99586176872253,6263,12558,jpeg,0.050718069076538086
1778643838.5991964,314.05275678634644,6264,12570,jpeg,0.05689501762390137
1778643838.6398504,314.09341073036194,6265,12585,jpeg,0.04065394401550293
1778643838.6894133,314.14297366142273,6266,12566,jpeg,0.049562931060791016
1778643838.7429175,314.19647789001465,6267,12604,jpeg,0.053504228591918945
1778643838.7890315,314.24259185791016,6268,12594,jpeg,0.04611396789550781
1778643838.840862,314.2944223880768,6269,12604,jpeg,0.05183053016662598
1778643838.8998718,314.3534321784973,6270,12578,jpeg,0.05900979042053223
1778643838.9428453,314.3964056968689,6271,12580,jpeg,0.04297351837158203
1778643838.9929638,314.446524143219,6272,12561,jpeg,0.050118446350097656
1778643839.0476866,314.5012469291687,6273,12293,jpeg,0.05472278594970703
1778643839.0927327,314.5462930202484,6274,12097,jpeg,0.045046091079711914
1778643839.1424353,314.59599566459656,6275,12326,jpeg,0.04970264434814453
1778643839.1917949,314.6453552246094,6276,12258,jpeg,0.04935956001281738
1778643839.2529075,314.7064678668976,6277,12380,jpeg,0.06111264228820801
1778643839.2964442,314.750004529953,6278,12305,jpeg,0.04353666305541992
1778643839.348647,314.8022074699402,6279,12362,jpeg,0.05220293998718262
1778643839.4006526,314.8542129993439,6280,12515,jpeg,0.05200552940368652
1778643839.4444656,314.89802598953247,6281,12552,jpeg,0.04381299018859863
1778643839.501573,314.95513343811035,6282,12285,jpeg,0.05710744857788086
1778643839.5573432,315.01090359687805,6283,12462,jpeg,0.055770158767700195
1778643839.6029131,315.05647349357605,6284,12202,jpeg,0.04556989669799805
1778643839.643715,315.0972752571106,6285,12363,jpeg,0.0408017635345459
1778643839.6904655,315.1440258026123,6286,12241,jpeg,0.046750545501708984
1778643839.798525,315.2520854473114,6287,12112,jpeg,0.10805964469909668
1778643839.8118649,315.2654252052307,6288,12433,jpeg,0.013339757919311523
1778643839.8482234,315.3017838001251,6289,12286,jpeg,0.03635859489440918
1778643839.8976305,315.3511908054352,6290,12319,jpeg,0.049407005310058594
1778643839.9544172,315.40797758102417,6291,12351,jpeg,0.05678677558898926
1778643839.9913814,315.4449417591095,6292,12351,jpeg,0.03696417808532715
1778643840.0403802,315.49394059181213,6293,12365,jpeg,0.04899883270263672
1778643840.0936177,315.54717803001404,6294,12408,jpeg,0.0532374382019043
1778643840.1407526,315.59431290626526,6295,12363,jpeg,0.0471348762512207
1778643840.1903627,315.6439230442047,6296,12156,jpeg,0.049610137939453125
1778643840.2454507,315.6990110874176,6297,11975,jpeg,0.055088043212890625
1778643840.291434,315.74499440193176,6298,11950,jpeg,0.045983314514160156
1778643840.3383632,315.7919235229492,6299,11869,jpeg,0.046929121017456055
1778643840.3912075,315.8447678089142,6300,11535,jpeg,0.05284428596496582
1778643840.4395316,315.89309191703796,6301,11107,jpeg,0.0483241081237793
1778643840.4924257,315.94598603248596,6302,10408,jpeg,0.05289411544799805
1778643840.5406587,315.9942190647125,6303,9877,jpeg,0.0482330322265625
1778643840.595571,316.0491313934326,6304,9940,jpeg,0.05491232872009277
1778643840.6414907,316.09505105018616,6305,9173,jpeg,0.04591965675354004
1778643840.6893055,316.142865896225,6306,7866,jpeg,0.04781484603881836
1778643840.7469609,316.20052123069763,6307,7688,jpeg,0.05765533447265625
1778643840.7886288,316.24218916893005,6308,7383,jpeg,0.041667938232421875
1778643840.8428726,316.29643297195435,6309,7712,jpeg,0.05424380302429199
1778643840.8901887,316.3437490463257,6310,7813,jpeg,0.04731607437133789
1778643840.9412978,316.39485812187195,6311,8040,jpeg,0.05110907554626465
1778643840.9911063,316.4446666240692,6312,7928,jpeg,0.049808502197265625
1778643841.0413723,316.4949326515198,6313,7952,jpeg,0.05026602745056152
1778643841.0963333,316.54989361763,6314,8430,jpeg,0.05496096611022949
1778643841.1418355,316.59539580345154,6315,9447,jpeg,0.0455021858215332
1778643841.1898687,316.6434290409088,6316,10003,jpeg,0.04803323745727539
1778643841.2389488,316.6925091743469,6317,9962,jpeg,0.04908013343811035
1778643841.292329,316.7458894252777,6318,10025,jpeg,0.05338025093078613
1778643841.3426175,316.7961778640747,6319,10102,jpeg,0.05028843879699707
1778643841.3959978,316.8495581150055,6320,9652,jpeg,0.05338025093078613
1778643841.4425526,316.89611291885376,6321,10094,jpeg,0.0465548038482666
1778643841.490009,316.9435694217682,6322,10417,jpeg,0.04745650291442871
1778643841.539286,316.99284625053406,6323,11024,jpeg,0.04927682876586914
1778643841.6011868,317.0547471046448,6324,11242,jpeg,0.06190085411071777
1778643841.6381269,317.0916872024536,6325,11535,jpeg,0.03694009780883789
1778643841.68778,317.1413402557373,6326,11698,jpeg,0.049653053283691406
1778643841.7428198,317.1963801383972,6327,11889,jpeg,0.05503988265991211
1778643841.7901077,317.2436680793762,6328,11896,jpeg,0.047287940979003906
1778643841.8382888,317.29184913635254,6329,11988,jpeg,0.04818105697631836
1778643841.8917239,317.3452842235565,6330,12044,jpeg,0.05343508720397949
1778643841.9389904,317.3925507068634,6331,12051,jpeg,0.047266483306884766
1778643841.9894593,317.4430196285248,6332,12113,jpeg,0.05046892166137695
1778643842.0423224,317.4958827495575,6333,12106,jpeg,0.052863121032714844
1778643842.0894377,317.54299807548523,6334,12059,jpeg,0.047115325927734375
1778643842.139687,317.59324741363525,6335,12113,jpeg,0.050249338150024414
1778643842.191592,317.64515233039856,6336,12008,jpeg,0.051904916763305664
1778643842.2392423,317.6928026676178,6337,12075,jpeg,0.04765033721923828
1778643842.288618,317.742178440094,6338,11990,jpeg,0.04937577247619629
1778643842.3448112,317.798371553421,6339,11958,jpeg,0.05619311332702637
1778643842.3904617,317.84402203559875,6340,11909,jpeg,0.045650482177734375
1778643842.4401615,317.89372181892395,6341,11924,jpeg,0.04969978332519531
1778643842.4928176,317.94637799263,6342,11949,jpeg,0.05265617370605469
1778643842.541611,317.99517130851746,6343,11874,jpeg,0.04879331588745117
1778643842.5937245,318.0472848415375,6344,11830,jpeg,0.05211353302001953
1778643842.642703,318.0962634086609,6345,11830,jpeg,0.048978567123413086
1778643842.6906092,318.1441695690155,6346,11774,jpeg,0.04790616035461426
1778643842.7458162,318.19937658309937,6347,11748,jpeg,0.055207014083862305
1778643842.7926466,318.2462069988251,6348,11767,jpeg,0.04683041572570801
1778643842.8392968,318.292857170105,6349,11781,jpeg,0.04665017127990723
1778643842.8962495,318.349809885025,6350,11735,jpeg,0.056952714920043945
1778643842.9409418,318.39450216293335,6351,11998,jpeg,0.044692277908325195
1778643842.9893572,318.4429175853729,6352,11928,jpeg,0.048415422439575195
1778643843.0402484,318.4938087463379,6353,11916,jpeg,0.05089116096496582
1778643843.093051,318.5466113090515,6354,11968,jpeg,0.05280256271362305
1778643843.1408484,318.59440875053406,6355,12045,jpeg,0.047797441482543945
1778643843.1889472,318.6425075531006,6356,11871,jpeg,0.04809880256652832
1778643843.246502,318.70006227493286,6357,12011,jpeg,0.05755472183227539
1778643843.2908795,318.7444398403168,6358,12136,jpeg,0.04437756538391113
1778643843.337481,318.79104137420654,6359,11966,jpeg,0.04660153388977051
1778643843.3893917,318.84295201301575,6360,11779,jpeg,0.0519106388092041
1778643843.4390726,318.8926329612732,6361,11744,jpeg,0.04968094825744629
1778643843.488587,318.94214725494385,6362,11534,jpeg,0.0495142936706543
1778643843.5393007,318.99286103248596,6363,11825,jpeg,0.05071377754211426
1778643843.5868115,319.0403718948364,6364,11461,jpeg,0.04751086235046387
1778643843.6377637,319.09132409095764,6365,11405,jpeg,0.05095219612121582
1778643843.688066,319.1416263580322,6366,11581,jpeg,0.05030226707458496
1778643843.7371294,319.1906898021698,6367,11577,jpeg,0.04906344413757324
1778643843.7888494,319.2424097061157,6368,11308,jpeg,0.05171990394592285
1778643843.840626,319.2941863536835,6369,11271,jpeg,0.05177664756774902
1778643843.8890555,319.3426158428192,6370,10923,jpeg,0.04842948913574219
1778643843.9383032,319.39186358451843,6371,11021,jpeg,0.04924774169921875
1778643843.9951231,319.4486835002899,6372,11005,jpeg,0.056819915771484375
1778643844.037275,319.4908354282379,6373,10900,jpeg,0.04215192794799805
1778643844.0876071,319.5411674976349,6374,11051,jpeg,0.050332069396972656
1778643844.1397505,319.5933108329773,6375,10793,jpeg,0.05214333534240723
1778643844.1874003,319.6409606933594,6376,10839,jpeg,0.04764986038208008
1778643844.23681,319.6903703212738,6377,10669,jpeg,0.04940962791442871
1778643844.2899876,319.74354791641235,6378,10655,jpeg,0.053177595138549805
1778643844.3386164,319.7921767234802,6379,10561,jpeg,0.048628807067871094
1778643844.3875031,319.8410634994507,6380,10604,jpeg,0.048886775970458984
1778643844.4409108,319.89447116851807,6381,10776,jpeg,0.05340766906738281
1778643844.4888575,319.9424178600311,6382,10863,jpeg,0.04794669151306152
1778643844.5377524,319.9913127422333,6383,11099,jpeg,0.04889488220214844
1778643844.5879948,320.0415551662445,6384,11224,jpeg,0.05024242401123047
1778643844.640747,320.09430742263794,6385,10961,jpeg,0.05275225639343262
1778643844.69101,320.144570350647,6386,10960,jpeg,0.0502629280090332
1778643844.7446938,320.19825410842896,6387,11153,jpeg,0.05368375778198242
1778643844.7892945,320.2428548336029,6388,11070,jpeg,0.044600725173950195
1778643844.8406897,320.2942500114441,6389,10775,jpeg,0.05139517784118652
1778643844.8908267,320.34438705444336,6390,10719,jpeg,0.05013704299926758
1778643844.9438756,320.3974359035492,6391,10672,jpeg,0.05304884910583496
1778643844.9894316,320.4429919719696,6392,10888,jpeg,0.045556068420410156
1778643845.0395894,320.49314975738525,6393,11423,jpeg,0.050157785415649414
1778643845.087821,320.54138135910034,6394,11399,jpeg,0.04823160171508789
1778643845.1376755,320.5912358760834,6395,11381,jpeg,0.04985451698303223
1778643845.1937757,320.64733600616455,6396,11178,jpeg,0.05610013008117676
1778643845.2395828,320.69314312934875,6397,11348,jpeg,0.0458071231842041
1778643845.2926357,320.74619603157043,6398,11519,jpeg,0.05305290222167969
1778643845.3407252,320.7942855358124,6399,11668,jpeg,0.04808950424194336
1778643845.3905685,320.8441288471222,6400,11492,jpeg,0.04984331130981445
1778643845.4414835,320.89504384994507,6401,11780,jpeg,0.05091500282287598
1778643845.4909897,320.94455003738403,6402,11754,jpeg,0.049506187438964844
1778643845.5417936,320.99535393714905,6403,11846,jpeg,0.05080389976501465
1778643845.5887523,321.0423126220703,6404,11712,jpeg,0.04695868492126465
1778643845.6441908,321.0977511405945,6405,11802,jpeg,0.05543851852416992
1778643845.6911106,321.14467096328735,6406,11766,jpeg,0.046919822692871094
1778643845.739087,321.1926474571228,6407,11820,jpeg,0.04797649383544922
1778643845.7924454,321.2460057735443,6408,11521,jpeg,0.05335831642150879
1778643845.8398855,321.2934458255768,6409,11266,jpeg,0.0474400520324707
1778643845.8887572,321.34231758117676,6410,11158,jpeg,0.048871755599975586
1778643845.9437373,321.3972976207733,6411,11342,jpeg,0.05498003959655762
1778643845.990418,321.44397830963135,6412,11393,jpeg,0.04668068885803223
1778643846.0393858,321.4929461479187,6413,11226,jpeg,0.048967838287353516
1778643846.0920649,321.54562520980835,6414,11125,jpeg,0.05267906188964844
1778643846.144941,321.5985014438629,6415,10974,jpeg,0.05287623405456543
1778643846.1878629,321.64142322540283,6416,10838,jpeg,0.04292178153991699
1778643846.241118,321.6946783065796,6417,11177,jpeg,0.05325508117675781
1778643846.2879994,321.7415597438812,6418,10984,jpeg,0.04688143730163574
1778643846.338094,321.7916543483734,6419,11084,jpeg,0.0500946044921875
1778643846.3956847,321.84924507141113,6420,11049,jpeg,0.05759072303771973
1778643846.4403524,321.8939127922058,6421,10912,jpeg,0.044667720794677734
1778643846.4888272,321.9423875808716,6422,10980,jpeg,0.048474788665771484
1778643846.5417871,321.9953474998474,6423,10926,jpeg,0.05295991897583008
1778643846.5876498,322.04121017456055,6424,10961,jpeg,0.045862674713134766
1778643846.6377072,322.0912675857544,6425,11238,jpeg,0.050057411193847656
1778643846.6903665,322.143926858902,6426,11001,jpeg,0.05265927314758301
1778643846.738196,322.1917562484741,6427,10568,jpeg,0.047829389572143555
1778643846.7877033,322.241263628006,6428,10414,jpeg,0.04950737953186035
1778643846.8428025,322.2963628768921,6429,10257,jpeg,0.0550992488861084
1778643846.8882375,322.3417978286743,6430,10348,jpeg,0.04543495178222656
1778643846.938005,322.391565322876,6431,10256,jpeg,0.049767494201660156
1778643846.994084,322.4476442337036,6432,10428,jpeg,0.05607891082763672
1778643847.0375412,322.4911015033722,6433,10655,jpeg,0.0434572696685791
1778643847.0907195,322.5442798137665,6434,10558,jpeg,0.05317831039428711
1778643847.142038,322.5955984592438,6435,10612,jpeg,0.05131864547729492
1778643847.193412,322.6469724178314,6436,10943,jpeg,0.051373958587646484
1778643847.241515,322.6950752735138,6437,11029,jpeg,0.04810285568237305
1778643847.290273,322.74383330345154,6438,10631,jpeg,0.04875802993774414
1778643847.3405428,322.79410314559937,6439,11086,jpeg,0.05026984214782715
1778643847.390381,322.843941450119,6440,10618,jpeg,0.04983830451965332
1778643847.4421246,322.8956849575043,6441,10679,jpeg,0.051743507385253906
1778643847.4941862,322.94774651527405,6442,10611,jpeg,0.05206155776977539
1778643847.5398757,322.99343609809875,6443,10759,jpeg,0.04568958282470703
1778643847.5917916,323.0453519821167,6444,10974,jpeg,0.051915884017944336
1778643847.6400366,323.0935969352722,6445,10839,jpeg,0.04824495315551758
1778643847.6893137,323.14287400245667,6446,11008,jpeg,0.04927706718444824
1778643847.7423887,323.1959490776062,6447,10686,jpeg,0.05307507514953613
1778643847.7882977,323.2418580055237,6448,10887,jpeg,0.04590892791748047
1778643847.8403862,323.2939465045929,6449,10799,jpeg,0.05208849906921387
1778643847.8971226,323.3506829738617,6450,10658,jpeg,0.05673646926879883
1778643847.939942,323.3935022354126,6451,10500,jpeg,0.04281926155090332
1778643847.9960465,323.4496068954468,6452,10631,jpeg,0.05610466003417969
1778643848.0403168,323.4938771724701,6453,10740,jpeg,0.04427027702331543
1778643848.0891175,323.5426778793335,6454,10634,jpeg,0.04880070686340332
1778643848.1415362,323.59509658813477,6455,10922,jpeg,0.05241870880126953
1778643848.1899455,323.6435058116913,6456,10790,jpeg,0.048409223556518555
1778643848.2385845,323.69214487075806,6457,10775,jpeg,0.04863905906677246
1778643848.2865694,323.7401297092438,6458,10839,jpeg,0.04798483848571777
1778643848.3412154,323.794775724411,6459,10633,jpeg,0.05464601516723633
1778643848.3847764,323.8383367061615,6460,10715,jpeg,0.04356098175048828
1778643848.436076,323.88963627815247,6461,10751,jpeg,0.0512995719909668
1778643848.493112,323.9466724395752,6462,10754,jpeg,0.05703616142272949
1778643848.5387893,323.9923496246338,6463,10715,jpeg,0.04567718505859375
1778643848.5863976,324.0399580001831,6464,11040,jpeg,0.047608375549316406
1778643848.6409829,324.09454321861267,6465,10958,jpeg,0.05458521842956543
1778643848.6881137,324.14167404174805,6466,10828,jpeg,0.04713082313537598
1778643848.7370942,324.1906545162201,6467,10948,jpeg,0.0489804744720459
1778643848.7908702,324.2444305419922,6468,10867,jpeg,0.05377602577209473
1778643848.8405855,324.294145822525,6469,10777,jpeg,0.049715280532836914
1778643848.8900278,324.3435881137848,6470,10682,jpeg,0.049442291259765625
1778643848.9370375,324.390597820282,6471,10856,jpeg,0.04700970649719238
1778643848.992463,324.4460234642029,6472,10628,jpeg,0.05542564392089844
1778643849.039012,324.49257230758667,6473,10515,jpeg,0.04654884338378906
1778643849.0872293,324.540789604187,6474,10759,jpeg,0.0482172966003418
1778643849.14122,324.5947804450989,6475,11053,jpeg,0.053990840911865234
1778643849.1885123,324.6420726776123,6476,10793,jpeg,0.047292232513427734
1778643849.243168,324.6967284679413,6477,10985,jpeg,0.05465579032897949
1778643849.291237,324.7447974681854,6478,11102,jpeg,0.048069000244140625
1778643849.3499992,324.80355954170227,6479,11077,jpeg,0.0587620735168457
1778643849.3907847,324.84434509277344,6480,10899,jpeg,0.04078555107116699
1778643849.4384918,324.8920521736145,6481,10950,jpeg,0.04770708084106445
1778643849.4905245,324.9440848827362,6482,11142,jpeg,0.0520327091217041
1778643849.5412452,324.9948055744171,6483,11695,jpeg,0.0507206916809082
1778643849.5873258,325.04088616371155,6484,11710,jpeg,0.046080589294433594
1778643849.636796,325.09035634994507,6485,11407,jpeg,0.04947018623352051
1778643849.6881087,325.1416690349579,6486,11473,jpeg,0.05131268501281738
1778643849.7442284,325.19778871536255,6487,11430,jpeg,0.056119680404663086
1778643849.7871234,325.2406837940216,6488,11458,jpeg,0.04289507865905762
1778643849.8389194,325.29247975349426,6489,11639,jpeg,0.05179595947265625
1778643849.8849196,325.33847999572754,6490,11431,jpeg,0.04600024223327637
1778643849.936786,325.39034628868103,6491,11404,jpeg,0.05186629295349121
1778643849.9894395,325.4429998397827,6492,11390,jpeg,0.05265355110168457
1778643850.0356984,325.4892587661743,6493,11479,jpeg,0.04625892639160156
1778643850.0864668,325.54002714157104,6494,11447,jpeg,0.050768375396728516
1778643850.1399066,325.5934669971466,6495,11362,jpeg,0.05343985557556152
1778643850.1891804,325.64274072647095,6496,11622,jpeg,0.04927372932434082
1778643850.2654662,325.71902656555176,6497,11729,jpeg,0.07628583908081055
1778643850.2906904,325.74425077438354,6498,11533,jpeg,0.02522420883178711
1778643850.3372896,325.7908499240875,6499,11692,jpeg,0.04659914970397949
1778643850.3884149,325.84197521209717,6500,11243,jpeg,0.051125288009643555
1778643850.440799,325.89435935020447,6501,11437,jpeg,0.052384138107299805
1778643850.48716,325.9407203197479,6502,11508,jpeg,0.04636096954345703
1778643850.535466,325.9890263080597,6503,11807,jpeg,0.04830598831176758
1778643850.591727,326.04528737068176,6504,11407,jpeg,0.05626106262207031
1778643850.6363647,326.0899250507355,6505,11793,jpeg,0.04463768005371094
1778643850.6866455,326.14020586013794,6506,11426,jpeg,0.05028080940246582
1778643850.7483103,326.20187067985535,6507,11114,jpeg,0.06166481971740723
1778643850.7867706,326.24033093452454,6508,11288,jpeg,0.03846025466918945
1778643850.8352594,326.2888197898865,6509,11147,jpeg,0.04848885536193848
1778643850.8894284,326.34298872947693,6510,11008,jpeg,0.0541689395904541
1778643850.9374168,326.39097714424133,6511,10958,jpeg,0.0479884147644043
1778643850.9879735,326.4415338039398,6512,10758,jpeg,0.05055665969848633
1778643851.0406194,326.494179725647,6513,10816,jpeg,0.05264592170715332
1778643851.087606,326.541166305542,6514,10696,jpeg,0.04698657989501953
1778643851.1363447,326.58990502357483,6515,10758,jpeg,0.048738718032836914
1778643851.1895084,326.6430687904358,6516,10761,jpeg,0.053163766860961914
1778643851.236462,326.6900224685669,6517,10748,jpeg,0.046953678131103516
1778643851.2938988,326.7474591732025,6518,10647,jpeg,0.05743670463562012
1778643851.3426955,326.7962558269501,6519,10782,jpeg,0.048796653747558594
1778643851.3870535,326.8406138420105,6520,10539,jpeg,0.044358015060424805
1778643851.435822,326.8893823623657,6521,10572,jpeg,0.04876852035522461
1778643851.4959114,326.9494717121124,6522,10730,jpeg,0.0600893497467041
1778643851.5383985,326.99195885658264,6523,10655,jpeg,0.042487144470214844
1778643851.5887423,327.04230260849,6524,10467,jpeg,0.05034375190734863
1778643851.649532,327.1030924320221,6525,10904,jpeg,0.06078982353210449
1778643851.6927996,327.1463599205017,6526,10943,jpeg,0.04326748847961426
1778643851.7469814,327.20054173469543,6527,10934,jpeg,0.054181814193725586
1778643851.793349,327.2469093799591,6528,11009,jpeg,0.046367645263671875
1778643851.846254,327.29981446266174,6529,10887,jpeg,0.05290508270263672
1778643851.8884256,327.3419859409332,6530,10989,jpeg,0.042171478271484375
1778643851.9418585,327.39541888237,6531,11106,jpeg,0.05343294143676758
1778643851.9902692,327.443829536438,6532,11401,jpeg,0.048410654067993164
1778643852.0396771,327.49323749542236,6533,11318,jpeg,0.049407958984375
1778643852.0879245,327.5414848327637,6534,11346,jpeg,0.048247337341308594
1778643852.1376398,327.5912001132965,6535,11558,jpeg,0.049715280532836914
1778643852.1932638,327.6468241214752,6536,11457,jpeg,0.05562400817871094
1778643852.240051,327.6936113834381,6537,11439,jpeg,0.046787261962890625
1778643852.2860258,327.7395861148834,6538,11654,jpeg,0.0459747314453125
1778643852.3417106,327.7952709197998,6539,11680,jpeg,0.055684804916381836
1778643852.388399,327.84195923805237,6540,11599,jpeg,0.04668831825256348
1778643852.440061,327.89362144470215,6541,11288,jpeg,0.05166220664978027
1778643852.4857569,327.9393172264099,6542,11575,jpeg,0.04569578170776367
1778643852.539323,327.9928834438324,6543,11433,jpeg,0.05356621742248535
1778643852.5879896,328.04154992103577,6544,11522,jpeg,0.04866647720336914
1778643852.6374304,328.09099078178406,6545,11651,jpeg,0.049440860748291016
1778643852.69032,328.14388036727905,6546,11347,jpeg,0.05288958549499512
1778643852.735532,328.1890923976898,6547,11090,jpeg,0.0452120304107666
1778643852.7874403,328.24100065231323,6548,10972,jpeg,0.051908254623413086
1778643852.8400698,328.2936301231384,6549,10973,jpeg,0.05262947082519531
1778643852.8892891,328.34284949302673,6550,10799,jpeg,0.049219369888305664
1778643852.9368625,328.3904228210449,6551,10758,jpeg,0.04757332801818848
1778643852.9864058,328.4399662017822,6552,11052,jpeg,0.04954338073730469
1778643853.0375,328.491060256958,6553,11109,jpeg,0.05109405517578125
1778643853.0888584,328.542418718338,6554,11192,jpeg,0.05135846138000488
1778643853.1386268,328.592187166214,6555,11336,jpeg,0.04976844787597656
1778643853.1860275,328.6395878791809,6556,11349,jpeg,0.047400712966918945
1778643853.2375884,328.69114875793457,6557,11337,jpeg,0.05156087875366211
1778643853.2905889,328.74414920806885,6558,11423,jpeg,0.053000450134277344
1778643853.3457232,328.7992835044861,6559,11446,jpeg,0.05513429641723633
1778643853.3869503,328.84051060676575,6560,11592,jpeg,0.041227102279663086
1778643853.44441,328.89797043800354,6561,11717,jpeg,0.05745983123779297
1778643853.4917676,328.94532799720764,6562,11744,jpeg,0.04735755920410156
1778643853.5438297,328.9973900318146,6563,11638,jpeg,0.052062034606933594
1778643853.5959299,329.04949021339417,6564,11663,jpeg,0.052100181579589844
1778643853.6397927,329.0933530330658,6565,11726,jpeg,0.04386281967163086
1778643853.688624,329.1421842575073,6566,11647,jpeg,0.04883122444152832
1778643853.7394361,329.1929965019226,6567,11755,jpeg,0.0508122444152832
1778643853.7915025,329.24506282806396,6568,11813,jpeg,0.05206632614135742
1778643853.8526938,329.3062541484833,6569,11906,jpeg,0.06119132041931152
1778643853.894972,329.3485324382782,6570,11819,jpeg,0.042278289794921875
1778643853.9387608,329.39232110977173,6571,11326,jpeg,0.04378867149353027
1778643853.987972,329.44153237342834,6572,11168,jpeg,0.04921126365661621
1778643854.0407367,329.4942970275879,6573,11243,jpeg,0.0527646541595459
1778643854.088677,329.5422372817993,6574,11315,jpeg,0.04794025421142578
1778643854.1376858,329.5912461280823,6575,11427,jpeg,0.049008846282958984
1778643854.19117,329.64473032951355,6576,11514,jpeg,0.053484201431274414
1778643854.236653,329.69021344184875,6577,11801,jpeg,0.04548311233520508
1778643854.2880347,329.74159502983093,6578,12013,jpeg,0.051381587982177734
1778643854.3421628,329.79572319984436,6579,12279,jpeg,0.054128170013427734
1778643854.385893,329.839453458786,6580,12156,jpeg,0.04373025894165039
1778643854.4372976,329.8908579349518,6581,11909,jpeg,0.051404476165771484
1778643854.4925218,329.94608211517334,6582,12261,jpeg,0.05522418022155762
1778643854.5379283,329.99148869514465,6583,12370,jpeg,0.04540657997131348
1778643854.5891256,330.0426859855652,6584,12489,jpeg,0.05119729042053223
1778643854.640924,330.09448432922363,6585,12658,jpeg,0.051798343658447266
1778643854.7159061,330.1694664955139,6586,12780,jpeg,0.0749821662902832
1778643854.7396939,330.1932542324066,6587,12760,jpeg,0.023787736892700195
1778643854.7895694,330.2431297302246,6588,12680,jpeg,0.049875497817993164
1778643854.8380692,330.2916295528412,6589,12606,jpeg,0.04849982261657715
1778643854.8902838,330.34384417533875,6590,12840,jpeg,0.052214622497558594
1778643854.937493,330.39105343818665,6591,12827,jpeg,0.04720926284790039
1778643854.9866927,330.4402530193329,6592,12814,jpeg,0.049199581146240234
1778643855.0393944,330.49295473098755,6593,12777,jpeg,0.052701711654663086
1778643855.089274,330.5428342819214,6594,12504,jpeg,0.04987955093383789
1778643855.1381037,330.59166407585144,6595,12332,jpeg,0.04882979393005371
1778643855.189196,330.64275646209717,6596,12346,jpeg,0.05109238624572754
1778643855.2386975,330.69225788116455,6597,12267,jpeg,0.04950141906738281
1778643855.287857,330.7414174079895,6598,12288,jpeg,0.04915952682495117
1778643855.3421998,330.7957601547241,6599,12160,jpeg,0.05434274673461914
1778643855.3895102,330.84307050704956,6600,11878,jpeg,0.04731035232543945
1778643855.4522176,330.9057779312134,6601,11805,jpeg,0.06270742416381836
1778643855.49055,330.94411039352417,6602,11937,jpeg,0.038332462310791016
1778643855.5399723,330.9935326576233,6603,11645,jpeg,0.049422264099121094
1778643855.5943573,331.0479176044464,6604,11856,jpeg,0.05438494682312012
1778643855.6358488,331.0894091129303,6605,11871,jpeg,0.04149150848388672
1778643855.69661,331.1501703262329,6606,11682,jpeg,0.060761213302612305
1778643855.7373984,331.190958738327,6607,11387,jpeg,0.04078841209411621
1778643855.786529,331.2400894165039,6608,11471,jpeg,0.04913067817687988
1778643855.8490655,331.3026258945465,6609,11640,jpeg,0.06253647804260254
1778643855.885193,331.33875346183777,6610,11332,jpeg,0.036127567291259766
1778643855.9344676,331.38802790641785,6611,11218,jpeg,0.049274444580078125
1778643855.988069,331.44162940979004,6612,11454,jpeg,0.05360150337219238
1778643856.0368395,331.4903998374939,6613,11377,jpeg,0.04877042770385742
1778643856.0856013,331.5391616821289,6614,11272,jpeg,0.048761844635009766
1778643856.1429188,331.596479177475,6615,11333,jpeg,0.057317495346069336
1778643856.1855314,331.6390917301178,6616,11333,jpeg,0.042612552642822266
1778643856.234512,331.6880724430084,6617,11674,jpeg,0.048980712890625
1778643856.2893949,331.7429552078247,6618,11652,jpeg,0.05488276481628418
1778643856.3361917,331.78975200653076,6619,11909,jpeg,0.04679679870605469
1778643856.3857806,331.8393409252167,6620,11912,jpeg,0.049588918685913086
1778643856.441755,331.89531540870667,6621,11841,jpeg,0.055974483489990234
1778643856.486555,331.94011545181274,6622,11844,jpeg,0.0448000431060791
1778643856.5375872,331.99114751815796,6623,11855,jpeg,0.051032066345214844
1778643856.594663,332.0482232570648,6624,11907,jpeg,0.05707573890686035
1778643856.637355,332.09091544151306,6625,12040,jpeg,0.04269218444824219
1778643856.6868477,332.140408039093,6626,12064,jpeg,0.049492597579956055
1778643856.7373846,332.19094491004944,6627,11830,jpeg,0.0505368709564209
1778643856.7860153,332.23957562446594,6628,12077,jpeg,0.048630714416503906
1778643856.8345091,332.28806948661804,6629,12033,jpeg,0.04849386215209961
1778643856.8880744,332.3416347503662,6630,11958,jpeg,0.053565263748168945
1778643856.933947,332.38750743865967,6631,11940,jpeg,0.04587268829345703
1778643856.9838057,332.43736600875854,6632,12043,jpeg,0.04985857009887695
1778643857.0403793,332.4939396381378,6633,12125,jpeg,0.05657362937927246
1778643857.0864034,332.539963722229,6634,12170,jpeg,0.04602408409118652
1778643857.1356704,332.58923077583313,6635,12231,jpeg,0.04926705360412598
1778643857.1906643,332.6442246437073,6636,12197,jpeg,0.05499386787414551
1778643857.2358456,332.68940591812134,6637,12096,jpeg,0.0451812744140625
1778643857.2876675,332.7412278652191,6638,12131,jpeg,0.05182194709777832
1778643857.340623,332.79418325424194,6639,12069,jpeg,0.05295538902282715
1778643857.3916752,332.8452355861664,6640,12276,jpeg,0.05105233192443848
1778643857.439434,332.8929944038391,6641,12116,jpeg,0.04775881767272949
1778643857.4910066,332.94456696510315,6642,12183,jpeg,0.051572561264038086
1778643857.5409703,332.9945306777954,6643,12105,jpeg,0.04996371269226074
1778643857.5855813,333.03914165496826,6644,12343,jpeg,0.04461097717285156
1778643857.648758,333.10231828689575,6645,12107,jpeg,0.06317663192749023
1778643857.6874578,333.14101815223694,6646,12203,jpeg,0.03869986534118652
1778643857.73293,333.1864902973175,6647,12292,jpeg,0.045472145080566406
1778643857.7862108,333.2397711277008,6648,12316,jpeg,0.05328083038330078
1778643857.8340275,333.28758788108826,6649,12474,jpeg,0.04781675338745117
1778643857.887716,333.3412764072418,6650,12485,jpeg,0.05368852615356445
1778643857.9366834,333.390243768692,6651,12671,jpeg,0.04896736145019531
1778643857.992911,333.446471452713,6652,12752,jpeg,0.056227684020996094
1778643858.0341754,333.487735748291,6653,12753,jpeg,0.04126429557800293
1778643858.0930767,333.54663705825806,6654,12905,jpeg,0.058901309967041016
1778643858.1413798,333.5949401855469,6655,13000,jpeg,0.04830312728881836
1778643858.1847725,333.6383328437805,6656,13245,jpeg,0.04339265823364258
1778643858.2409124,333.6944727897644,6657,13136,jpeg,0.05613994598388672
1778643858.286551,333.7401113510132,6658,13410,jpeg,0.0456385612487793
1778643858.3348305,333.78839087486267,6659,13295,jpeg,0.048279523849487305
1778643858.3896282,333.8431885242462,6660,13280,jpeg,0.05479764938354492
1778643858.4365642,333.89012455940247,6661,12878,jpeg,0.04693603515625
1778643858.4867377,333.94029808044434,6662,12671,jpeg,0.05017352104187012
1778643858.5397959,333.99335622787476,6663,12586,jpeg,0.05305814743041992
1778643858.585493,334.039053440094,6664,12817,jpeg,0.04569721221923828
1778643858.636353,334.0899133682251,6665,12698,jpeg,0.050859928131103516
1778643858.6882915,334.14185190200806,6666,12950,jpeg,0.051938533782958984
1778643858.7390656,334.1926259994507,6667,12538,jpeg,0.05077409744262695
1778643858.7875025,334.2410628795624,6668,12486,jpeg,0.048436880111694336
1778643858.8438478,334.29740810394287,6669,12342,jpeg,0.056345224380493164
1778643858.8898578,334.3434181213379,6670,12203,jpeg,0.04601001739501953
1778643858.9407375,334.39429783821106,6671,12254,jpeg,0.050879716873168945
1778643858.9875367,334.4410970211029,6672,12201,jpeg,0.0467991828918457
1778643859.0354598,334.48902010917664,6673,12202,jpeg,0.04792308807373047
1778643859.0838206,334.5373809337616,6674,11935,jpeg,0.04836082458496094
1778643859.136331,334.5898914337158,6675,12110,jpeg,0.05251049995422363
1778643859.1846273,334.63818764686584,6676,12266,jpeg,0.048296213150024414
1778643859.2335773,334.68713760375977,6677,12112,jpeg,0.0489499568939209
1778643859.288054,334.74161434173584,6678,12377,jpeg,0.05447673797607422
1778643859.3355703,334.7891306877136,6679,12338,jpeg,0.0475163459777832
1778643859.3845336,334.838093996048,6680,12732,jpeg,0.048963308334350586
1778643859.438789,334.89234924316406,6681,12472,jpeg,0.05425524711608887
1778643859.4842162,334.93777656555176,6682,12426,jpeg,0.04542732238769531
1778643859.534297,334.98785734176636,6683,12436,jpeg,0.05008077621459961
1778643859.5934367,335.0469970703125,6684,12470,jpeg,0.05913972854614258
1778643859.6335788,335.0871391296387,6685,12915,jpeg,0.040142059326171875
1778643859.6876884,335.14124870300293,6686,13105,jpeg,0.05410957336425781
1778643859.736689,335.1902494430542,6687,12779,jpeg,0.04900074005126953
1778643859.7873862,335.2409465312958,6688,13112,jpeg,0.05069708824157715
1778643859.8361113,335.2896716594696,6689,13386,jpeg,0.048725128173828125
1778643859.8860915,335.3396518230438,6690,13182,jpeg,0.04998016357421875
1778643859.9369252,335.3904855251312,6691,13312,jpeg,0.050833702087402344
1778643859.985592,335.4391522407532,6692,13249,jpeg,0.04866671562194824
1778643860.0401525,335.4937129020691,6693,13398,jpeg,0.05456066131591797
1778643860.091229,335.54478931427,6694,13193,jpeg,0.051076412200927734
1778643860.145771,335.59933137893677,6695,13235,jpeg,0.05454206466674805
1778643860.1880133,335.64157366752625,6696,13437,jpeg,0.04224228858947754
1778643860.2355866,335.68914699554443,6697,12834,jpeg,0.04757332801818848
1778643860.2896566,335.74321699142456,6698,12532,jpeg,0.05406999588012695
1778643860.3397267,335.7932870388031,6699,12269,jpeg,0.05007004737854004
1778643860.3913515,335.84491181373596,6700,12014,jpeg,0.05162477493286133
1778643860.432852,335.88641238212585,6701,11694,jpeg,0.04150056838989258
1778643860.4917495,335.94530987739563,6702,11726,jpeg,0.05889749526977539
1778643860.5335736,335.98713397979736,6703,11665,jpeg,0.0418241024017334
1778643860.583863,336.0374233722687,6704,11487,jpeg,0.05028939247131348
1778643860.6369252,336.09048557281494,6705,11553,jpeg,0.05306220054626465
1778643860.6843364,336.13789677619934,6706,11747,jpeg,0.047411203384399414
1778643860.7325382,336.18609857559204,6707,12061,jpeg,0.048201799392700195
1778643860.7858686,336.2394289970398,6708,12275,jpeg,0.053330421447753906
1778643860.8332574,336.28681778907776,6709,12502,jpeg,0.04738879203796387
1778643860.8841743,336.33773469924927,6710,12591,jpeg,0.05091691017150879
1778643860.9416325,336.395192861557,6711,12811,jpeg,0.05745816230773926
1778643860.9854057,336.4389660358429,6712,12865,jpeg,0.04377317428588867
1778643861.034507,336.48806738853455,6713,13105,jpeg,0.04910135269165039
1778643861.0880451,336.5416054725647,6714,13454,jpeg,0.05353808403015137
1778643861.1344852,336.5880455970764,6715,13831,jpeg,0.04644012451171875
1778643861.1846437,336.6382040977478,6716,13882,jpeg,0.05015850067138672
1778643861.2384167,336.69197702407837,6717,14139,jpeg,0.053772926330566406
1778643861.2883873,336.7419476509094,6718,15191,jpeg,0.04997062683105469
1778643861.3355613,336.7891216278076,6719,15394,jpeg,0.04717397689819336
1778643861.3894186,336.8429789543152,6720,16269,jpeg,0.05385732650756836
1778643861.4374003,336.8909606933594,6721,16308,jpeg,0.04798173904418945
1778643861.4932423,336.9468026161194,6722,16241,jpeg,0.055841922760009766
1778643861.5467408,337.0003011226654,6723,16107,jpeg,0.05349850654602051
1778643861.5888047,337.0423650741577,6724,16114,jpeg,0.04206395149230957
1778643861.6406953,337.0942556858063,6725,16507,jpeg,0.05189061164855957
1778643861.6948102,337.1483705043793,6726,16408,jpeg,0.05411481857299805
1778643861.744196,337.1977562904358,6727,16406,jpeg,0.049385786056518555
1778643861.789637,337.2431974411011,6728,16504,jpeg,0.0454411506652832
1778643861.8386183,337.29217863082886,6729,16652,jpeg,0.0489811897277832
1778643861.8861992,337.3397595882416,6730,16648,jpeg,0.04758095741271973
1778643861.9442306,337.3977909088135,6731,16623,jpeg,0.058031320571899414
1778643861.9907892,337.444349527359,6732,16558,jpeg,0.04655861854553223
1778643862.0420387,337.49559903144836,6733,16546,jpeg,0.05124950408935547
1778643862.0869656,337.5405259132385,6734,16623,jpeg,0.04492688179016113
1778643862.1391718,337.5927321910858,6735,16466,jpeg,0.05220627784729004
1778643862.1925445,337.64610481262207,6736,16580,jpeg,0.05337262153625488
1778643862.2375429,337.69110321998596,6737,16652,jpeg,0.0449984073638916
1778643862.2912176,337.74477791786194,6738,16681,jpeg,0.05367469787597656
1778643862.3397932,337.79335355758667,6739,16528,jpeg,0.048575639724731445
1778643862.388083,337.84164333343506,6740,16683,jpeg,0.04828977584838867
1778643862.443577,337.89713740348816,6741,16681,jpeg,0.055494070053100586
1778643862.489369,337.9429292678833,6742,16569,jpeg,0.0457918643951416
1778643862.5389214,337.9924817085266,6743,16697,jpeg,0.04955244064331055
1778643862.593972,338.0475323200226,6744,16699,jpeg,0.05505061149597168
1778643862.637645,338.09120535850525,6745,16692,jpeg,0.043673038482666016
1778643862.6877275,338.1412878036499,6746,16703,jpeg,0.05008244514465332
1778643862.7433467,338.19690704345703,6747,16716,jpeg,0.055619239807128906
1778643862.788831,338.24239134788513,6748,16701,jpeg,0.045484304428100586
1778643862.8393161,338.2928764820099,6749,16730,jpeg,0.05048513412475586
1778643862.8937979,338.3473582267761,6750,16719,jpeg,0.05448174476623535
1778643862.9398036,338.3933639526367,6751,16715,jpeg,0.0460057258605957
1778643862.989981,338.44354128837585,6752,16730,jpeg,0.05017733573913574
1778643863.041187,338.4947474002838,6753,16774,jpeg,0.051206111907958984
1778643863.090767,338.5443272590637,6754,16522,jpeg,0.04957985877990723
1778643863.1369174,338.59047770500183,6755,13965,jpeg,0.04615044593811035
1778643863.1879961,338.64155650138855,6756,12826,jpeg,0.05107879638671875
1778643863.2383857,338.6919460296631,6757,12881,jpeg,0.05038952827453613
1778643863.2882686,338.74182891845703,6758,13168,jpeg,0.04988288879394531
1778643863.3401215,338.7936818599701,6759,13438,jpeg,0.05185294151306152
1778643863.3895252,338.84308552742004,6760,13266,jpeg,0.04940366744995117
1778643863.4390624,338.8926227092743,6761,13632,jpeg,0.04953718185424805
1778643863.4905136,338.94407391548157,6762,14287,jpeg,0.05145120620727539
1778643863.5399141,338.99347448349,6763,14926,jpeg,0.04940056800842285
1778643863.5909588,339.0445191860199,6764,13853,jpeg,0.05104470252990723
1778643863.641893,339.0954532623291,6765,14342,jpeg,0.0509340763092041
1778643863.6848156,339.13837599754333,6766,14263,jpeg,0.0429227352142334
1778643863.735293,339.188853263855,6767,14362,jpeg,0.05047726631164551
1778643863.7890894,339.2426497936249,6768,14033,jpeg,0.05379652976989746
1778643863.8364086,339.28996896743774,6769,13858,jpeg,0.04731917381286621
1778643863.8860636,339.33962392807007,6770,14206,jpeg,0.04965496063232422
1778643863.941095,339.3946554660797,6771,14657,jpeg,0.055031538009643555
1778643863.9922562,339.4458165168762,6772,14434,jpeg,0.05116105079650879
1778643864.0398526,339.4934129714966,6773,14047,jpeg,0.04759645462036133
1778643864.0949123,339.54847264289856,6774,13934,jpeg,0.05505967140197754
1778643864.1370292,339.59058952331543,6775,14060,jpeg,0.04211688041687012
1778643864.1862,339.6397602558136,6776,14265,jpeg,0.049170732498168945
1778643864.2386327,339.69219303131104,6777,14183,jpeg,0.05243277549743652
1778643864.2843752,339.7379355430603,6778,13774,jpeg,0.04574251174926758
1778643864.3343043,339.7878646850586,6779,13900,jpeg,0.049929141998291016
1778643864.3892748,339.842835187912,6780,13545,jpeg,0.054970502853393555
1778643864.4340677,339.8876280784607,6781,13572,jpeg,0.044792890548706055
1778643864.4852135,339.93877387046814,6782,13595,jpeg,0.05114579200744629
1778643864.5452864,339.9988467693329,6783,13866,jpeg,0.060072898864746094
1778643864.5834768,340.03703713417053,6784,14342,jpeg,0.038190364837646484
1778643864.6358576,340.0894179344177,6785,15054,jpeg,0.05238080024719238
1778643864.689695,340.14325523376465,6786,15392,jpeg,0.05383729934692383
1778643864.7329183,340.18647861480713,6787,14929,jpeg,0.04322338104248047
1778643864.785281,340.2388412952423,6788,15374,jpeg,0.052362680435180664
1778643864.8378055,340.2913658618927,6789,14816,jpeg,0.052524566650390625
1778643864.8849738,340.338534116745,6790,14590,jpeg,0.04716825485229492
1778643864.9351654,340.3887257575989,6791,14818,jpeg,0.050191640853881836
1778643864.9935718,340.4471321105957,6792,15989,jpeg,0.05840635299682617
1778643865.0349777,340.4885380268097,6793,16122,jpeg,0.04140591621398926
1778643865.0843127,340.53787302970886,6794,15520,jpeg,0.04933500289916992
1778643865.1394155,340.59297585487366,6795,15632,jpeg,0.05510282516479492
1778643865.1851318,340.6386921405792,6796,15539,jpeg,0.045716285705566406
1778643865.2364924,340.69005274772644,6797,15524,jpeg,0.0513606071472168
1778643865.2907,340.7442603111267,6798,15103,jpeg,0.054207563400268555
1778643865.334426,340.78798627853394,6799,14515,jpeg,0.04372596740722656
1778643865.3841653,340.83772563934326,6800,15387,jpeg,0.04973936080932617
1778643865.4388988,340.892459154129,6801,15276,jpeg,0.0547335147857666
1778643865.4840527,340.9376130104065,6802,15156,jpeg,0.04515385627746582
1778643865.5342789,340.98783922195435,6803,15686,jpeg,0.05022621154785156
1778643865.5864537,341.0400140285492,6804,14647,jpeg,0.05217480659484863
1778643865.6337607,341.0873210430145,6805,14143,jpeg,0.04730701446533203
1778643865.6851528,341.1387131214142,6806,14435,jpeg,0.0513920783996582
1778643865.7365975,341.1901578903198,6807,14372,jpeg,0.05144476890563965
1778643865.788068,341.241628408432,6808,14150,jpeg,0.05147051811218262
1778643865.8343916,341.28795194625854,6809,14248,jpeg,0.046323537826538086
1778643865.8853247,341.33888506889343,6810,14149,jpeg,0.050933122634887695
1778643865.9348154,341.38837575912476,6811,14070,jpeg,0.04949069023132324
1778643865.9841135,341.43767380714417,6812,14200,jpeg,0.04929804801940918
1778643866.0394778,341.49303817749023,6813,14197,jpeg,0.055364370346069336
1778643866.0858645,341.53942489624023,6814,14416,jpeg,0.04638671875
1778643866.1391292,341.59268951416016,6815,14465,jpeg,0.053264617919921875
1778643866.187869,341.6414294242859,6816,13896,jpeg,0.04873991012573242
1778643866.235004,341.6885643005371,6817,14710,jpeg,0.0471348762512207
1778643866.289533,341.743093252182,6818,14845,jpeg,0.05452895164489746
1778643866.3383718,341.79193210601807,6819,14887,jpeg,0.04883885383605957
1778643866.389619,341.8431794643402,6820,14927,jpeg,0.051247358322143555
1778643866.4394886,341.8930490016937,6821,15024,jpeg,0.049869537353515625
1778643866.4914033,341.9449636936188,6822,15543,jpeg,0.05191469192504883
1778643866.5376418,341.9912021160126,6823,15121,jpeg,0.04623842239379883
1778643866.5854104,342.03897070884705,6824,14927,jpeg,0.047768592834472656
1778643866.6408763,342.0944366455078,6825,15006,jpeg,0.0554659366607666
1778643866.6925154,342.1460757255554,6826,14941,jpeg,0.05163908004760742
1778643866.7348893,342.18844962120056,6827,14827,jpeg,0.0423738956451416
1778643866.789304,342.24286437034607,6828,14575,jpeg,0.05441474914550781
1778643866.8850253,342.3385856151581,6829,15087,jpeg,0.09572124481201172
1778643866.9386058,342.3921661376953,6830,14733,jpeg,0.053580522537231445
1778643866.9841235,342.4376838207245,6831,15000,jpeg,0.045517683029174805
1778643867.0327091,342.48626947402954,6832,14714,jpeg,0.04858565330505371
1778643867.0844717,342.5380320549011,6833,14574,jpeg,0.05176258087158203
1778643867.1345649,342.58812522888184,6834,15011,jpeg,0.05009317398071289
1778643867.1820767,342.6356370449066,6835,14484,jpeg,0.04751181602478027
1778643867.2353215,342.6888818740845,6836,14248,jpeg,0.053244829177856445
1778643867.2870584,342.7406187057495,6837,13983,jpeg,0.05173683166503906
1778643867.3332489,342.7868092060089,6838,14187,jpeg,0.046190500259399414
1778643867.3862917,342.83985209465027,6839,14323,jpeg,0.05304288864135742
1778643867.435783,342.88934326171875,6840,14567,jpeg,0.049491167068481445
1778643867.4831092,342.936669588089,6841,14189,jpeg,0.04732632637023926
1778643867.5422835,342.9958438873291,6842,14879,jpeg,0.059174299240112305
1778643867.5838277,343.03738808631897,6843,14305,jpeg,0.041544198989868164
1778643867.633124,343.0866844654083,6844,14274,jpeg,0.04929637908935547
1778643867.6871593,343.1407196521759,6845,14464,jpeg,0.054035186767578125
1778643867.7333255,343.18688583374023,6846,14132,jpeg,0.046166181564331055
1778643867.783465,343.2370252609253,6847,14370,jpeg,0.050139427185058594
1778643867.8365693,343.29012966156006,6848,14474,jpeg,0.053104400634765625
1778643867.884239,343.3377993106842,6849,15063,jpeg,0.04766964912414551
1778643867.9333408,343.386901140213,6850,15100,jpeg,0.049101829528808594
1778643867.9853203,343.4388806819916,6851,14797,jpeg,0.05197954177856445
1778643868.0352511,343.4888114929199,6852,15509,jpeg,0.04993081092834473
1778643868.0850687,343.5386290550232,6853,15813,jpeg,0.049817562103271484
1778643868.139394,343.59295439720154,6854,15660,jpeg,0.05432534217834473
1778643868.1875184,343.64107871055603,6855,15354,jpeg,0.04812431335449219
1778643868.2345872,343.68814754486084,6856,15207,jpeg,0.04706883430480957
1778643868.292089,343.74564933776855,6857,15790,jpeg,0.057501792907714844
1778643868.3357916,343.78935194015503,6858,15136,jpeg,0.04370260238647461
1778643868.385538,343.83909845352173,6859,15126,jpeg,0.04974651336669922
1778643868.4379375,343.8914978504181,6860,15831,jpeg,0.052399396896362305
1778643868.4863122,343.93987250328064,6861,15416,jpeg,0.04837465286254883
1778643868.5384023,343.9919626712799,6862,16163,jpeg,0.05209016799926758
1778643868.5871825,344.0407428741455,6863,15966,jpeg,0.048780202865600586
1778643868.6402662,344.0938265323639,6864,15934,jpeg,0.05308365821838379
1778643868.6872797,344.14084005355835,6865,15949,jpeg,0.04701352119445801
1778643868.743803,344.19736337661743,6866,15939,jpeg,0.05652332305908203
1778643868.792497,344.2460572719574,6867,16105,jpeg,0.04869389533996582
1778643868.8346114,344.2881717681885,6868,15689,jpeg,0.0421144962310791
1778643868.8872678,344.3408281803131,6869,15262,jpeg,0.05265641212463379
1778643868.936437,344.3899972438812,6870,16095,jpeg,0.049169063568115234
1778643868.9828877,344.436448097229,6871,15474,jpeg,0.04645085334777832
1778643869.0450273,344.4985876083374,6872,15826,jpeg,0.06213951110839844
1778643869.085565,344.5391254425049,6873,15936,jpeg,0.04053783416748047
1778643869.1333265,344.586886882782,6874,15172,jpeg,0.04776144027709961
1778643869.1905162,344.64407658576965,6875,15451,jpeg,0.0571897029876709
1778643869.2374506,344.69101095199585,6876,15280,jpeg,0.04693436622619629
1778643869.2838717,344.73743200302124,6877,15298,jpeg,0.046421051025390625
1778643869.3383346,344.7918949127197,6878,15785,jpeg,0.05446290969848633
1778643869.384603,344.8381633758545,6879,15571,jpeg,0.046268463134765625
1778643869.4347875,344.888347864151,6880,16076,jpeg,0.05018448829650879
1778643869.4866202,344.94018054008484,6881,15566,jpeg,0.05183267593383789
1778643869.535529,344.9890892505646,6882,16082,jpeg,0.04890871047973633
1778643869.584379,345.03793931007385,6883,16251,jpeg,0.048850059509277344
1778643869.638558,345.09211826324463,6884,15976,jpeg,0.05417895317077637
1778643869.6859028,345.13946318626404,6885,15832,jpeg,0.04734492301940918
1778643869.7335453,345.18710565567017,6886,15809,jpeg,0.04764246940612793
1778643869.786593,345.2401533126831,6887,16040,jpeg,0.05304765701293945
1778643869.8342881,345.2878484725952,6888,16350,jpeg,0.047695159912109375
1778643869.884323,345.33788323402405,6889,15947,jpeg,0.05003476142883301
1778643869.9357538,345.3893141746521,6890,16377,jpeg,0.05143094062805176
1778643869.9871984,345.44075870513916,6891,16213,jpeg,0.05144453048706055
1778643870.0339007,345.4874610900879,6892,16162,jpeg,0.04670238494873047
1778643870.085737,345.5392973423004,6893,16352,jpeg,0.051836252212524414
1778643870.135473,345.58903336524963,6894,16479,jpeg,0.04973602294921875
1778643870.1853442,345.6389045715332,6895,16492,jpeg,0.049871206283569336
1778643870.2364178,345.6899781227112,6896,16480,jpeg,0.051073551177978516
1778643870.2893693,345.74292969703674,6897,16389,jpeg,0.05295157432556152
1778643870.3401814,345.79374170303345,6898,16414,jpeg,0.0508120059967041
1778643870.385788,345.8393483161926,6899,16404,jpeg,0.04560661315917969
1778643870.4404209,345.893981218338,6900,16451,jpeg,0.05463290214538574
1778643870.486177,345.9397373199463,6901,16454,jpeg,0.04575610160827637
1778643870.542936,345.9964964389801,6902,16453,jpeg,0.05675911903381348
1778643870.5869813,346.04054164886475,6903,16428,jpeg,0.044045209884643555
1778643870.6349616,346.08852195739746,6904,16484,jpeg,0.047980308532714844
1778643870.6924732,346.1460335254669,6905,16498,jpeg,0.05751156806945801
1778643870.7364328,346.18999314308167,6906,16516,jpeg,0.043959617614746094
1778643870.7864556,346.24001598358154,6907,16530,jpeg,0.05002284049987793
1778643870.8408053,346.29436564445496,6908,16479,jpeg,0.054349660873413086
1778643870.8857865,346.33934688568115,6909,16446,jpeg,0.04498124122619629
1778643870.9347024,346.38826274871826,6910,16507,jpeg,0.048915863037109375
1778643870.9904735,346.4440338611603,6911,16496,jpeg,0.0557711124420166
1778643871.035166,346.4887263774872,6912,16510,jpeg,0.0446925163269043
1778643871.0838997,346.53746008872986,6913,16459,jpeg,0.04873371124267578
1778643871.1452858,346.5988461971283,6914,16481,jpeg,0.0613861083984375
1778643871.184734,346.6382944583893,6915,16508,jpeg,0.03944826126098633
1778643871.233205,346.6867654323578,6916,16489,jpeg,0.04847097396850586
1778643871.285213,346.73877334594727,6917,16504,jpeg,0.05200791358947754
1778643871.3436189,346.79717922210693,6918,16523,jpeg,0.05840587615966797
1778643871.3848152,346.8383755683899,6919,16494,jpeg,0.041196346282958984
1778643871.4377396,346.89129996299744,6920,16445,jpeg,0.052924394607543945
1778643871.4834614,346.9370217323303,6921,16430,jpeg,0.04572176933288574
1778643871.5326197,346.9861800670624,6922,16452,jpeg,0.049158334732055664
1778643871.5875535,347.0411138534546,6923,16441,jpeg,0.054933786392211914
1778643871.6334462,347.0870065689087,6924,16488,jpeg,0.04589271545410156
1778643871.6847236,347.1382839679718,6925,16497,jpeg,0.05127739906311035
1778643871.733779,347.1873393058777,6926,16465,jpeg,0.04905533790588379
1778643871.783004,347.2365643978119,6927,16486,jpeg,0.0492250919342041
1778643871.8316114,347.28517174720764,6928,16475,jpeg,0.04860734939575195
1778643871.8858955,347.3394558429718,6929,16494,jpeg,0.054284095764160156
1778643871.9343073,347.3878676891327,6930,16468,jpeg,0.04841184616088867
1778643871.9825227,347.4360830783844,6931,16475,jpeg,0.048215389251708984
1778643872.0374231,347.49098348617554,6932,16480,jpeg,0.054900407791137695
1778643872.0833983,347.536958694458,6933,16477,jpeg,0.0459752082824707
1778643872.133368,347.58692836761475,6934,16453,jpeg,0.04996967315673828
1778643872.1861045,347.63966488838196,6935,16489,jpeg,0.052736520767211914
1778643872.2331696,347.6867299079895,6936,16506,jpeg,0.047065019607543945
1778643872.285225,347.7387852668762,6937,16488,jpeg,0.05205535888671875
1778643872.3374507,347.791011095047,6938,16485,jpeg,0.05222582817077637
1778643872.3884966,347.8420569896698,6939,16488,jpeg,0.051045894622802734
1778643872.4359734,347.88953375816345,6940,16473,jpeg,0.047476768493652344
1778643872.4935763,347.9471366405487,6941,16481,jpeg,0.057602882385253906
1778643872.535695,347.9892554283142,6942,16455,jpeg,0.04211878776550293
1778643872.585446,348.03900623321533,6943,16475,jpeg,0.04975080490112305
1778643872.6424768,348.0960371494293,6944,16485,jpeg,0.05703091621398926
1778643872.6842184,348.1377787590027,6945,16447,jpeg,0.04174160957336426
1778643872.7379596,348.19151997566223,6946,16466,jpeg,0.0537412166595459
1778643872.7904134,348.24397373199463,6947,16467,jpeg,0.05245375633239746
1778643872.8401132,348.2936735153198,6948,16485,jpeg,0.04969978332519531
1778643872.8840468,348.33760714530945,6949,16466,jpeg,0.04393362998962402
1778643872.9464867,348.4000470638275,6950,16493,jpeg,0.062439918518066406
1778643872.9874558,348.4410161972046,6951,16467,jpeg,0.040969133377075195
1778643873.033275,348.48683524131775,6952,16476,jpeg,0.04581904411315918
1778643873.0909994,348.54455971717834,6953,16482,jpeg,0.0577244758605957
1778643873.1362708,348.5898311138153,6954,16464,jpeg,0.04527139663696289
1778643873.1845112,348.6380715370178,6955,16491,jpeg,0.04824042320251465
1778643873.2407284,348.69428873062134,6956,16457,jpeg,0.056217193603515625
1778643873.2858956,348.73945593833923,6957,16484,jpeg,0.04516720771789551
1778643873.3344152,348.7879755496979,6958,16492,jpeg,0.04851961135864258
1778643873.3873725,348.84093284606934,6959,16468,jpeg,0.05295729637145996
1778643873.4342442,348.88780450820923,6960,16450,jpeg,0.04687166213989258
1778643873.4854672,348.9390275478363,6961,16435,jpeg,0.051223039627075195
1778643873.5411284,348.99468874931335,6962,16465,jpeg,0.05566120147705078
1778643873.5828621,349.0364224910736,6963,16463,jpeg,0.041733741760253906
1778643873.633183,349.08674335479736,6964,16464,jpeg,0.05032086372375488
1778643873.6863532,349.13991355895996,6965,16481,jpeg,0.053170204162597656
1778643873.7332196,349.1867799758911,6966,16458,jpeg,0.046866416931152344
1778643873.7838218,349.2373821735382,6967,16489,jpeg,0.05060219764709473
1778643873.8341284,349.2876887321472,6968,16488,jpeg,0.05030655860900879
1778643873.8833504,349.3369107246399,6969,16473,jpeg,0.04922199249267578
1778643873.935267,349.3888273239136,6970,16460,jpeg,0.05191659927368164
1778643873.9834526,349.4370129108429,6971,16443,jpeg,0.04818558692932129
1778643874.0319772,349.4855375289917,6972,16469,jpeg,0.04852461814880371
1778643874.082721,349.5362813472748,6973,16497,jpeg,0.050743818283081055
1778643874.1344628,349.58802318573,6974,16471,jpeg,0.051741838455200195
1778643874.184904,349.6384644508362,6975,16449,jpeg,0.05044126510620117
1778643874.23307,349.68663024902344,6976,16461,jpeg,0.04816579818725586
1778643874.2900124,349.7435727119446,6977,16476,jpeg,0.05694246292114258
1778643874.3356502,349.7892105579376,6978,16476,jpeg,0.04563784599304199
1778643874.3849757,349.8385360240936,6979,16464,jpeg,0.04932546615600586
1778643874.4375017,349.8910620212555,6980,16474,jpeg,0.052525997161865234
1778643874.4823935,349.9359538555145,6981,16466,jpeg,0.0448918342590332
1778643874.5358186,349.9893789291382,6982,16436,jpeg,0.05342507362365723
1778643874.5874887,350.0410490036011,6983,16446,jpeg,0.051670074462890625
1778643874.6396477,350.0932080745697,6984,16477,jpeg,0.05215907096862793
1778643874.684376,350.1379363536835,6985,16476,jpeg,0.04472827911376953
1778643874.7417128,350.19527316093445,6986,16466,jpeg,0.05733680725097656
1778643874.7876246,350.2411849498749,6987,16478,jpeg,0.04591178894042969
1778643874.8366425,350.29020285606384,6988,16456,jpeg,0.049017906188964844
1778643874.889621,350.34318137168884,6989,16454,jpeg,0.052978515625
1778643874.9365153,350.39007568359375,6990,16458,jpeg,0.04689431190490723
1778643874.9891868,350.44274711608887,6991,16446,jpeg,0.05267143249511719
1778643875.0427446,350.4963049888611,6992,16468,jpeg,0.0535578727722168
1778643875.0853734,350.5389337539673,6993,16460,jpeg,0.04262876510620117
1778643875.1366286,350.59018898010254,6994,16471,jpeg,0.051255226135253906
1778643875.1855483,350.6391086578369,6995,16470,jpeg,0.048919677734375
1778643875.2403798,350.6939401626587,6996,16484,jpeg,0.054831504821777344
1778643875.2899332,350.7434935569763,6997,16458,jpeg,0.04955339431762695
1778643875.337202,350.790762424469,6998,16460,jpeg,0.04726886749267578
1778643875.387398,350.8409583568573,6999,16473,jpeg,0.050195932388305664
1778643875.4330919,350.88665223121643,7000,16463,jpeg,0.04569387435913086
1778643875.4876683,350.94122862815857,7001,16475,jpeg,0.05457639694213867
1778643875.5350926,350.9886529445648,7002,16505,jpeg,0.04742431640625
1778643875.5832596,351.03681993484497,7003,16457,jpeg,0.04816699028015137
1778643875.6363313,351.0898916721344,7004,16467,jpeg,0.05307173728942871
1778643875.684348,351.1379084587097,7005,16451,jpeg,0.04801678657531738
1778643875.7334027,351.18696308135986,7006,16459,jpeg,0.049054622650146484
1778643875.7879543,351.2415146827698,7007,16462,jpeg,0.05455160140991211
1778643875.833272,351.2868323326111,7008,16469,jpeg,0.045317649841308594
1778643875.8834665,351.3370268344879,7009,16465,jpeg,0.050194501876831055
1778643875.9349914,351.38855171203613,7010,16453,jpeg,0.05152487754821777
1778643875.9862502,351.4398105144501,7011,16444,jpeg,0.05125880241394043
1778643876.0326722,351.4862325191498,7012,16473,jpeg,0.04642200469970703
1778643876.091212,351.5447723865509,7013,16473,jpeg,0.05853986740112305
1778643876.1370914,351.5906517505646,7014,16486,jpeg,0.045879364013671875
1778643876.1859314,351.63949179649353,7015,16432,jpeg,0.04884004592895508
1778643876.23955,351.6931104660034,7016,16444,jpeg,0.053618669509887695
1778643876.284576,351.7381362915039,7017,16439,jpeg,0.04502582550048828
1778643876.3338625,351.7874228954315,7018,16469,jpeg,0.049286603927612305
1778643876.3883111,351.84187150001526,7019,16479,jpeg,0.054448604583740234
1778643876.4373662,351.89092659950256,7020,16465,jpeg,0.04905509948730469
1778643876.4876823,351.94124269485474,7021,16462,jpeg,0.05031609535217285
1778643876.5390792,351.992639541626,7022,16455,jpeg,0.051396846771240234
1778643876.5872061,352.04076647758484,7023,16446,jpeg,0.048126935958862305
1778643876.6342885,352.08784890174866,7024,16444,jpeg,0.04708242416381836
1778643876.6951044,352.1486647129059,7025,16448,jpeg,0.06081581115722656
1778643876.7376742,352.19123458862305,7026,16445,jpeg,0.042569875717163086
1778643876.7878988,352.24145913124084,7027,16437,jpeg,0.05022454261779785
1778643876.8397694,352.29332971572876,7028,16461,jpeg,0.05187058448791504
1778643876.8913026,352.34486293792725,7029,16456,jpeg,0.05153322219848633
1778643876.9374201,352.39098048210144,7030,16454,jpeg,0.046117544174194336
1778643876.989578,352.4431383609772,7031,16458,jpeg,0.05215787887573242
1778643877.0373437,352.4909040927887,7032,16467,jpeg,0.04776573181152344
1778643877.085205,352.53876543045044,7033,16480,jpeg,0.047861337661743164
1778643877.1420512,352.5956115722656,7034,16460,jpeg,0.05684614181518555
1778643877.1854897,352.63905000686646,7035,16453,jpeg,0.04343843460083008
1778643877.2345068,352.6880671977997,7036,16470,jpeg,0.04901719093322754
1778643877.2944717,352.7480320930481,7037,16459,jpeg,0.059964895248413086
1778643877.3357008,352.7892611026764,7038,16487,jpeg,0.0412290096282959
1778643877.3822181,352.83577847480774,7039,16473,jpeg,0.046517372131347656
1778643877.4385068,352.892067193985,7040,16493,jpeg,0.056288719177246094
1778643877.484105,352.9376654624939,7041,16472,jpeg,0.04559826850891113
1778643877.53621,352.98977041244507,7042,16445,jpeg,0.052104949951171875
1778643877.588921,353.0424814224243,7043,16461,jpeg,0.05271100997924805
1778643877.6331198,353.0866801738739,7044,16437,jpeg,0.04419875144958496
1778643877.6848893,353.1384496688843,7045,16489,jpeg,0.05176949501037598
1778643877.739116,353.1926763057709,7046,16492,jpeg,0.05422663688659668
1778643877.7863736,353.23993396759033,7047,16463,jpeg,0.04725766181945801
1778643877.835208,353.2887682914734,7048,16469,jpeg,0.04883432388305664
1778643877.8846107,353.338171005249,7049,16475,jpeg,0.049402713775634766
1778643877.9347336,353.3882939815521,7050,16441,jpeg,0.050122976303100586
1778643877.984212,353.43777227401733,7051,16446,jpeg,0.04947829246520996
1778643878.0379505,353.4915108680725,7052,16476,jpeg,0.05373859405517578
1778643878.085723,353.53928327560425,7053,16487,jpeg,0.04777240753173828
1778643878.1357563,353.5893166065216,7054,16510,jpeg,0.0500333309173584
1778643878.1836414,353.63720178604126,7055,16460,jpeg,0.04788517951965332
1778643878.2337432,353.6873035430908,7056,16468,jpeg,0.05010175704956055
1778643878.2844977,353.73805809020996,7057,16445,jpeg,0.050754547119140625
1778643878.334408,353.7879683971405,7058,16463,jpeg,0.04991030693054199
1778643878.3828366,353.83639693260193,7059,16454,jpeg,0.04842853546142578
1778643878.4331272,353.88668751716614,7060,16447,jpeg,0.050290584564208984
1778643878.5334604,353.9870207309723,7061,16488,jpeg,0.10033321380615234
1778643878.5857215,354.0392818450928,7062,16454,jpeg,0.0522611141204834
1778643878.633397,354.0869574546814,7063,16490,jpeg,0.04767560958862305
1778643878.6821718,354.1357321739197,7064,16514,jpeg,0.04877471923828125
1778643878.7379513,354.19151163101196,7065,16468,jpeg,0.055779457092285156
1778643878.7833278,354.2368881702423,7066,16467,jpeg,0.04537653923034668
1778643878.8351939,354.2887542247772,7067,16483,jpeg,0.05186605453491211
1778643878.88244,354.3360004425049,7068,16484,jpeg,0.04724621772766113
1778643878.940725,354.39428544044495,7069,16482,jpeg,0.05828499794006348
1778643878.986106,354.4396662712097,7070,16444,jpeg,0.04538083076477051
1778643879.0359244,354.4894847869873,7071,16452,jpeg,0.04981851577758789
1778643879.0907366,354.5442969799042,7072,16473,jpeg,0.05481219291687012
1778643879.1339283,354.58748865127563,7073,16485,jpeg,0.04319167137145996
1778643879.18771,354.6412703990936,7074,16494,jpeg,0.053781747817993164
1778643879.2397702,354.69333052635193,7075,16486,jpeg,0.05206012725830078
1778643879.2844853,354.73804569244385,7076,16480,jpeg,0.044715166091918945
1778643879.3347936,354.7883539199829,7077,16472,jpeg,0.0503082275390625
1778643879.3892403,354.842800617218,7078,16467,jpeg,0.05444669723510742
1778643879.4347386,354.8882989883423,7079,16484,jpeg,0.04549837112426758
1778643879.4835088,354.93706917762756,7080,16462,jpeg,0.04877018928527832
1778643879.540522,354.9940824508667,7081,16470,jpeg,0.05701327323913574
1778643879.5864792,355.04003953933716,7082,16484,jpeg,0.045957088470458984
1778643879.6349406,355.0885009765625,7083,16470,jpeg,0.0484614372253418
1778643879.6909323,355.1444926261902,7084,16469,jpeg,0.05599164962768555
1778643879.7387533,355.19231367111206,7085,16478,jpeg,0.047821044921875
1778643879.782332,355.2358922958374,7086,16485,jpeg,0.0435786247253418
1778643879.840892,355.29445242881775,7087,16491,jpeg,0.05856013298034668
1778643879.8866274,355.34018778800964,7088,16478,jpeg,0.04573535919189453
1778643879.9319563,355.38551664352417,7089,16464,jpeg,0.04532885551452637
1778643879.9887292,355.44228959083557,7090,16493,jpeg,0.05677294731140137
1778643880.0342078,355.4877681732178,7091,16456,jpeg,0.04547858238220215
1778643880.08215,355.53571033477783,7092,16481,jpeg,0.047942161560058594
1778643880.1368706,355.5904309749603,7093,16507,jpeg,0.05472064018249512
1778643880.1839726,355.63753294944763,7094,16463,jpeg,0.04710197448730469
1778643880.2321174,355.6856777667999,7095,16447,jpeg,0.04814481735229492
1778643880.285517,355.7390773296356,7096,16509,jpeg,0.05339956283569336
1778643880.3360472,355.7896075248718,7097,16514,jpeg,0.050530195236206055
1778643880.3819008,355.83546113967896,7098,16503,jpeg,0.045853614807128906
1778643880.4411197,355.89468002319336,7099,16481,jpeg,0.0592188835144043
1778643880.484751,355.9383113384247,7100,16484,jpeg,0.04363131523132324
1778643880.532549,355.9861092567444,7101,16479,jpeg,0.04779791831970215
1778643880.5857437,356.03930401802063,7102,16498,jpeg,0.05319476127624512
1778643880.6358771,356.0894374847412,7103,16492,jpeg,0.050133466720581055
1778643880.6821911,356.1357514858246,7104,16509,jpeg,0.04631400108337402
1778643880.7383013,356.1918616294861,7105,16498,jpeg,0.05611014366149902
1778643880.7874503,356.24101066589355,7106,16507,jpeg,0.0491490364074707
1778643880.8317502,356.2853105068207,7107,16481,jpeg,0.04429984092712402
1778643880.8888154,356.34237575531006,7108,16490,jpeg,0.05706524848937988
1778643880.935252,356.3888123035431,7109,16468,jpeg,0.04643654823303223
1778643880.9811895,356.43474984169006,7110,16495,jpeg,0.045937538146972656
1778643881.0363355,356.4898958206177,7111,16485,jpeg,0.055145978927612305
1778643881.0832148,356.5367751121521,7112,16497,jpeg,0.04687929153442383
1778643881.1335807,356.5871410369873,7113,16478,jpeg,0.05036592483520508
1778643881.1867433,356.64030361175537,7114,16489,jpeg,0.053162574768066406
1778643881.235078,356.6886384487152,7115,16505,jpeg,0.04833483695983887
1778643881.2818427,356.7354030609131,7116,16482,jpeg,0.04676461219787598
1778643881.335335,356.78889536857605,7117,16455,jpeg,0.05349230766296387
1778643881.3868196,356.8403799533844,7118,16514,jpeg,0.05148458480834961
1778643881.4367318,356.8902921676636,7119,16464,jpeg,0.049912214279174805
1778643881.4879947,356.94155502319336,7120,16475,jpeg,0.051262855529785156
1778643881.5367284,356.99028873443604,7121,16490,jpeg,0.04873371124267578
1778643881.582689,357.0362493991852,7122,16496,jpeg,0.04596066474914551
1778643881.636999,357.0905592441559,7123,16480,jpeg,0.054309844970703125
1778643881.6876938,357.14125418663025,7124,16503,jpeg,0.050694942474365234
1778643881.7325754,357.1861357688904,7125,16483,jpeg,0.044881582260131836
1778643881.784932,357.2384922504425,7126,16486,jpeg,0.05235648155212402
1778643881.837346,357.29090642929077,7127,16522,jpeg,0.0524141788482666
1778643881.8823152,357.33587551116943,7128,16509,jpeg,0.04496908187866211
1778643881.934442,357.3880023956299,7129,16493,jpeg,0.05212688446044922
1778643881.9857192,357.4392795562744,7130,16494,jpeg,0.05127716064453125
1778643882.0324178,357.4859781265259,7131,16466,jpeg,0.046698570251464844
1778643882.0839343,357.5374946594238,7132,16482,jpeg,0.05151653289794922
1778643882.1340673,357.58762764930725,7133,16486,jpeg,0.05013298988342285
1778643882.18218,357.63574028015137,7134,16504,jpeg,0.04811263084411621
1778643882.2351584,357.68871879577637,7135,16497,jpeg,0.052978515625
1778643882.282576,357.7361364364624,7136,16508,jpeg,0.047417640686035156
1778643882.332933,357.7864933013916,7137,16499,jpeg,0.05035686492919922
1778643882.3876987,357.84125900268555,7138,16513,jpeg,0.05476570129394531
1778643882.4315615,357.8851218223572,7139,16491,jpeg,0.04386281967163086
1778643882.4820743,357.9356346130371,7140,16512,jpeg,0.05051279067993164
1778643882.5329165,357.98647689819336,7141,16466,jpeg,0.05084228515625
1778643882.5822327,358.0357930660248,7142,16497,jpeg,0.0493161678314209
1778643882.6359808,358.0895411968231,7143,16482,jpeg,0.053748130798339844
1778643882.684597,358.1381573677063,7144,16515,jpeg,0.04861617088317871
1778643882.731671,358.18523144721985,7145,16496,jpeg,0.047074079513549805
1778643882.7865644,358.2401247024536,7146,16514,jpeg,0.05489325523376465
1778643882.8348386,358.28839898109436,7147,16501,jpeg,0.04827427864074707
1778643882.8845158,358.33807611465454,7148,16479,jpeg,0.049677133560180664
1778643882.9377902,358.3913505077362,7149,16461,jpeg,0.05327439308166504
1778643882.9828057,358.4363660812378,7150,16484,jpeg,0.045015573501586914
1778643883.037258,358.4908182621002,7151,16465,jpeg,0.05445218086242676
1778643883.0862408,358.53980112075806,7152,16498,jpeg,0.048982858657836914
1778643883.1407688,358.59432911872864,7153,16481,jpeg,0.054527997970581055
1778643883.1863048,358.6398651599884,7154,16514,jpeg,0.045536041259765625
1778643883.233496,358.6870563030243,7155,16496,jpeg,0.04719114303588867
1778643883.28885,358.74241042137146,7156,16491,jpeg,0.05535411834716797
1778643883.3368018,358.7903621196747,7157,16508,jpeg,0.047951698303222656
1778643883.3847258,358.83828616142273,7158,16488,jpeg,0.047924041748046875
1778643883.438147,358.8917074203491,7159,16505,jpeg,0.0534212589263916
1778643883.4813082,358.93486857414246,7160,16517,jpeg,0.04316115379333496
1778643883.5325844,358.98614478111267,7161,16491,jpeg,0.051276206970214844
1778643883.585435,359.0389952659607,7162,16482,jpeg,0.05285048484802246
1778643883.631487,359.08504724502563,7163,16529,jpeg,0.046051979064941406
1778643883.6798325,359.13339281082153,7164,16510,jpeg,0.04834556579589844
1778643883.7340806,359.18764090538025,7165,16502,jpeg,0.05424809455871582
1778643883.782043,359.23560333251953,7166,16502,jpeg,0.04796242713928223
1778643883.830963,359.2845232486725,7167,16464,jpeg,0.0489199161529541
1778643883.8818855,359.3354458808899,7168,16452,jpeg,0.05092263221740723
1778643883.9312606,359.38482093811035,7169,16483,jpeg,0.049375057220458984
1778643883.9812176,359.4347779750824,7170,16463,jpeg,0.0499570369720459
1778643884.0344539,359.4880142211914,7171,16468,jpeg,0.05323624610900879
1778643884.0802388,359.53379917144775,7172,16518,jpeg,0.045784950256347656
1778643884.1306825,359.58424282073975,7173,16502,jpeg,0.05044364929199219
1778643884.182367,359.63592743873596,7174,16506,jpeg,0.05168461799621582
1778643884.2303538,359.6839141845703,7175,16483,jpeg,0.047986745834350586
1778643884.2824757,359.7360360622406,7176,16515,jpeg,0.052121877670288086
1778643884.335766,359.78932642936707,7177,16507,jpeg,0.053290367126464844
1778643884.3840144,359.8375747203827,7178,16493,jpeg,0.048248291015625
1778643884.4320347,359.8855950832367,7179,16517,jpeg,0.048020362854003906
1778643884.4827108,359.9362711906433,7180,16509,jpeg,0.05067610740661621
1778643884.534774,359.98833441734314,7181,16503,jpeg,0.0520632266998291
1778643884.5825677,360.0361280441284,7182,16497,jpeg,0.04779362678527832
1778643884.6356552,360.08921551704407,7183,16488,jpeg,0.053087472915649414
1778643884.6834104,360.1369707584381,7184,16501,jpeg,0.04775524139404297
1778643884.733387,360.18694734573364,7185,16490,jpeg,0.04997658729553223
1778643884.7937515,360.24731183052063,7186,16504,jpeg,0.060364484786987305
1778643884.8340292,360.2875895500183,7187,16478,jpeg,0.040277719497680664
1778643884.8834097,360.3369700908661,7188,16473,jpeg,0.04938054084777832
1778643884.938532,360.39209246635437,7189,16488,jpeg,0.05512237548828125
1778643884.9847045,360.43826484680176,7190,16496,jpeg,0.046172380447387695
1778643885.0333622,360.4869225025177,7191,16511,jpeg,0.04865765571594238
1778643885.0864668,360.54002714157104,7192,16473,jpeg,0.05310463905334473
1778643885.137013,360.59057331085205,7193,16504,jpeg,0.05054616928100586
1778643885.1847095,360.63826990127563,7194,16543,jpeg,0.047696590423583984
1778643885.2364516,360.6900119781494,7195,16506,jpeg,0.0517420768737793
1778643885.2874858,360.74104619026184,7196,16498,jpeg,0.05103421211242676
1778643885.332268,360.7858283519745,7197,16470,jpeg,0.044782161712646484
1778643885.3838367,360.83739709854126,7198,16498,jpeg,0.05156874656677246
1778643885.4365995,360.8901598453522,7199,16474,jpeg,0.052762746810913086
1778643885.481542,360.93510246276855,7200,16464,jpeg,0.044942617416381836
1778643885.542232,360.995792388916,7201,16480,jpeg,0.06068992614746094
1778643885.582256,361.03581643104553,7202,16496,jpeg,0.0400240421295166
1778643885.6306965,361.0842568874359,7203,16478,jpeg,0.04844045639038086
1778643885.6901808,361.14374113082886,7204,16494,jpeg,0.059484243392944336
1778643885.7296932,361.1832535266876,7205,16506,jpeg,0.03951239585876465
1778643885.7787926,361.23235297203064,7206,16519,jpeg,0.04909944534301758
1778643885.8435354,361.29709577560425,7207,16514,jpeg,0.0647428035736084
1778643885.880382,361.3339424133301,7208,16496,jpeg,0.03684663772583008
1778643885.9296777,361.3832380771637,7209,16484,jpeg,0.049295663833618164
1778643885.9842663,361.43782663345337,7210,16471,jpeg,0.05458855628967285
1778643886.028759,361.482319355011,7211,16499,jpeg,0.04449272155761719
1778643886.0809062,361.53446650505066,7212,16502,jpeg,0.05214715003967285
1778643886.1335838,361.58714413642883,7213,16500,jpeg,0.05267763137817383
1778643886.1804113,361.6339716911316,7214,16468,jpeg,0.04682755470275879
1778643886.23127,361.6848304271698,7215,16484,jpeg,0.05085873603820801
1778643886.283481,361.7370412349701,7216,16493,jpeg,0.05221080780029297
1778643886.3304973,361.7840576171875,7217,16509,jpeg,0.04701638221740723
1778643886.3792129,361.83277320861816,7218,16470,jpeg,0.04871559143066406
1778643886.4313908,361.88495111465454,7219,16508,jpeg,0.05217790603637695
1778643886.4783225,361.93188285827637,7220,16509,jpeg,0.04693174362182617
1778643886.531998,361.9855582714081,7221,16475,jpeg,0.05367541313171387
1778643886.5797694,362.0333297252655,7222,16490,jpeg,0.047771453857421875
1778643886.6283379,362.08189821243286,7223,16497,jpeg,0.0485684871673584
1778643886.6789029,362.1324632167816,7224,16492,jpeg,0.05056500434875488
1778643886.7339818,362.1875422000885,7225,16525,jpeg,0.055078983306884766
1778643886.7807574,362.234317779541,7226,16497,jpeg,0.04677557945251465
1778643886.830193,362.28375339508057,7227,16506,jpeg,0.04943561553955078
1778643886.882436,362.33599638938904,7228,16503,jpeg,0.05224299430847168
1778643886.9290562,362.382616519928,7229,16490,jpeg,0.04662013053894043
1778643886.9785514,362.4321117401123,7230,16509,jpeg,0.04949522018432617
1778643887.030992,362.48455238342285,7231,16482,jpeg,0.052440643310546875
1778643887.0806546,362.5342149734497,7232,16514,jpeg,0.04966259002685547
1778643887.1322699,362.5858302116394,7233,16495,jpeg,0.051615238189697266
1778643887.186136,362.6396963596344,7234,16503,jpeg,0.05386614799499512
1778643887.2353234,362.6888837814331,7235,16475,jpeg,0.049187421798706055
1778643887.2818847,362.735445022583,7236,16484,jpeg,0.046561241149902344
1778643887.339221,362.7927813529968,7237,16461,jpeg,0.05733633041381836
1778643887.3813481,362.8349084854126,7238,16460,jpeg,0.042127132415771484
1778643887.4297953,362.8833556175232,7239,16486,jpeg,0.0484471321105957
1778643887.4888613,362.9424216747284,7240,16491,jpeg,0.059066057205200195
1778643887.5345492,362.98810958862305,7241,16500,jpeg,0.04568791389465332
1778643887.5798407,363.03340101242065,7242,16495,jpeg,0.04529142379760742
1778643887.6335926,363.08715295791626,7243,16481,jpeg,0.05375194549560547
1778643887.6778138,363.1313741207123,7244,16505,jpeg,0.04422116279602051
1778643887.7281601,363.181720495224,7245,16488,jpeg,0.05034637451171875
1778643887.7907205,363.2442808151245,7246,16512,jpeg,0.0625603199005127
1778643887.840314,363.2938742637634,7247,16511,jpeg,0.049593448638916016
1778643887.8903792,363.3439395427704,7248,16494,jpeg,0.05006527900695801
1778643887.9295611,363.3831214904785,7249,16511,jpeg,0.03918194770812988
1778643887.978233,363.4317934513092,7250,16479,jpeg,0.04867196083068848
1778643888.0298638,363.48342418670654,7251,16511,jpeg,0.05163073539733887
1778643888.0812461,363.53480648994446,7252,16475,jpeg,0.05138230323791504
1778643888.1297774,363.5833377838135,7253,16488,jpeg,0.048531293869018555
1778643888.1791797,363.63274002075195,7254,16529,jpeg,0.04940223693847656
1778643888.2325356,363.68609595298767,7255,16489,jpeg,0.05335593223571777
1778643888.2790866,363.7326469421387,7256,16480,jpeg,0.04655098915100098
1778643888.3332844,363.7868447303772,7257,16519,jpeg,0.05419778823852539
1778643888.3805845,363.83414483070374,7258,16503,jpeg,0.047300100326538086
1778643888.4279025,363.8814628124237,7259,16535,jpeg,0.0473179817199707
1778643888.4772465,363.9308068752289,7260,16508,jpeg,0.04934406280517578
1778643888.530018,363.9835784435272,7261,16511,jpeg,0.052771568298339844
1778643888.5778883,364.0314486026764,7262,16481,jpeg,0.04787015914916992
1778643888.630549,364.08410930633545,7263,16508,jpeg,0.05266070365905762
1778643888.680709,364.1342692375183,7264,16494,jpeg,0.05015993118286133
1778643888.728825,364.1823854446411,7265,16488,jpeg,0.048116207122802734
1778643888.7786644,364.2322247028351,7266,16518,jpeg,0.04983925819396973
1778643888.8304627,364.28402304649353,7267,16479,jpeg,0.051798343658447266
1778643888.879436,364.3329963684082,7268,16517,jpeg,0.04897332191467285
1778643888.9345858,364.3881461620331,7269,16529,jpeg,0.05514979362487793
1778643888.9848752,364.4384355545044,7270,16504,jpeg,0.05028939247131348
1778643889.0314424,364.4850027561188,7271,16512,jpeg,0.04656720161437988
1778643889.0789804,364.53254079818726,7272,16523,jpeg,0.047538042068481445
1778643889.1335864,364.5871467590332,7273,16509,jpeg,0.054605960845947266
1778643889.1827238,364.6362841129303,7274,16535,jpeg,0.04913735389709473
1778643889.232635,364.68619537353516,7275,16497,jpeg,0.0499112606048584
1778643889.2887485,364.74230885505676,7276,16501,jpeg,0.056113481521606445
1778643889.3315282,364.78508853912354,7277,16531,jpeg,0.04277968406677246
1778643889.3880796,364.84163999557495,7278,16494,jpeg,0.056551456451416016
1778643889.4287252,364.8822855949402,7279,16523,jpeg,0.040645599365234375
1778643889.484225,364.9377853870392,7280,16481,jpeg,0.05549979209899902
1778643889.5319963,364.985556602478,7281,16505,jpeg,0.04777121543884277
1778643889.5806046,365.0341649055481,7282,16495,jpeg,0.04860830307006836
1778643889.6336908,365.08725118637085,7283,16499,jpeg,0.053086280822753906
1778643889.6800559,365.13361620903015,7284,16496,jpeg,0.04636502265930176
1778643889.7303994,365.1839597225189,7285,16519,jpeg,0.05034351348876953
1778643889.777984,365.2315442562103,7286,16496,jpeg,0.04758453369140625
1778643889.8295162,365.2830765247345,7287,16504,jpeg,0.05153226852416992
1778643889.8804317,365.33399200439453,7288,16502,jpeg,0.05091547966003418
1778643889.9286137,365.38217401504517,7289,16508,jpeg,0.048182010650634766
1778643889.9784796,365.43203997612,7290,16497,jpeg,0.0498659610748291
1778643890.0300364,365.4835968017578,7291,16507,jpeg,0.05155682563781738
1778643890.0789025,365.5324628353119,7292,16534,jpeg,0.04886603355407715
1778643890.131038,365.5845983028412,7293,16504,jpeg,0.052135467529296875
1778643890.1797397,365.63330006599426,7294,16534,jpeg,0.04870176315307617
1778643890.237686,365.6912462711334,7295,16522,jpeg,0.057946205139160156
1778643890.2768197,365.7303800582886,7296,16511,jpeg,0.03913378715515137
1778643890.3294535,365.7830138206482,7297,16523,jpeg,0.05263376235961914
1778643890.3813481,365.8349084854126,7298,16490,jpeg,0.0518946647644043
1778643890.4327517,365.88631200790405,7299,16488,jpeg,0.05140352249145508
1778643890.4810388,365.93459916114807,7300,16490,jpeg,0.048287153244018555
1778643890.530516,365.9840762615204,7301,16496,jpeg,0.04947710037231445
1778643890.5801294,366.03368973731995,7302,16503,jpeg,0.04961347579956055
1778643890.6315012,366.0850615501404,7303,16524,jpeg,0.05137181282043457
1778643890.6804197,366.13398003578186,7304,16509,jpeg,0.04891848564147949
1778643890.7322543,366.18581461906433,7305,16493,jpeg,0.0518345832824707
1778643890.7831926,366.23675298690796,7306,16482,jpeg,0.05093836784362793
1778643890.8315456,366.2851059436798,7307,16499,jpeg,0.048352956771850586
1778643890.8796914,366.3332517147064,7308,16546,jpeg,0.04814577102661133
1778643890.9333553,366.38691568374634,7309,16530,jpeg,0.05366396903991699
1778643890.9799335,366.43349385261536,7310,16494,jpeg,0.046578168869018555
1778643891.0293553,366.4829156398773,7311,16505,jpeg,0.04942178726196289
1778643891.0820997,366.53566002845764,7312,16479,jpeg,0.052744388580322266
1778643891.1281517,366.5817120075226,7313,16521,jpeg,0.046051979064941406
1778643891.183728,366.6372883319855,7314,16472,jpeg,0.055576324462890625
1778643891.23156,366.685120344162,7315,16504,jpeg,0.04783201217651367
1778643891.28281,366.7363703250885,7316,16496,jpeg,0.05124998092651367
1778643891.3320167,366.7855770587921,7317,16498,jpeg,0.04920673370361328
1778643891.3811042,366.8346645832062,7318,16478,jpeg,0.0490875244140625
1778643891.4366944,366.89025473594666,7319,16472,jpeg,0.055590152740478516
1778643891.480858,366.9344184398651,7320,16491,jpeg,0.04416370391845703
1778643891.5364172,366.9899775981903,7321,16492,jpeg,0.05555915832519531
1778643891.5829947,367.0365550518036,7322,16499,jpeg,0.04657745361328125
1778643891.6290338,367.08259415626526,7323,16502,jpeg,0.04603910446166992
1778643891.6852798,367.13884019851685,7324,16471,jpeg,0.056246042251586914
1778643891.7298636,367.1834239959717,7325,16503,jpeg,0.044583797454833984
1778643891.7817397,367.2353000640869,7326,16512,jpeg,0.051876068115234375
1778643891.829283,367.28284335136414,7327,16522,jpeg,0.04754328727722168
1778643891.8787138,367.3322741985321,7328,16496,jpeg,0.04943084716796875
1778643891.9307027,367.38426303863525,7329,16516,jpeg,0.051988840103149414
1778643891.9791536,367.4327139854431,7330,16516,jpeg,0.04845094680786133
1778643892.0277865,367.48134684562683,7331,16475,jpeg,0.04863286018371582
1778643892.0809362,367.5344965457916,7332,16492,jpeg,0.05314970016479492
1778643892.1302187,367.5837790966034,7333,16492,jpeg,0.04928255081176758
1778643892.1779335,367.631493806839,7334,16492,jpeg,0.0477147102355957
1778643892.2317784,367.68533873558044,7335,16495,jpeg,0.05384492874145508
1778643892.2808464,367.734406709671,7336,16496,jpeg,0.04906797409057617
1778643892.3288617,367.78242206573486,7337,16527,jpeg,0.04801535606384277
1778643892.3820374,367.8355977535248,7338,16498,jpeg,0.05317568778991699
1778643892.4300199,367.8835802078247,7339,16502,jpeg,0.04798245429992676
1778643892.4769778,367.93053817749023,7340,16481,jpeg,0.046957969665527344
1778643892.5318556,367.98541593551636,7341,16490,jpeg,0.05487775802612305
1778643892.5808806,368.0344409942627,7342,16508,jpeg,0.04902505874633789
1778643892.6273,368.08086037635803,7343,16488,jpeg,0.046419382095336914
1778643892.677382,368.1309423446655,7344,16488,jpeg,0.05008196830749512
1778643892.7292738,368.182834148407,7345,16526,jpeg,0.05189180374145508
1778643892.7772336,368.2307939529419,7346,16504,jpeg,0.04795980453491211
1778643892.8320878,368.2856481075287,7347,16502,jpeg,0.05485415458679199
1778643892.8819733,368.335533618927,7348,16497,jpeg,0.04988551139831543
1778643892.9280105,368.38157081604004,7349,16515,jpeg,0.04603719711303711
1778643892.9822755,368.43583583831787,7350,16498,jpeg,0.05426502227783203
1778643893.0366218,368.4901821613312,7351,16501,jpeg,0.054346323013305664
1778643893.0798333,368.5333936214447,7352,16498,jpeg,0.04321146011352539
1778643893.1340837,368.5876441001892,7353,16494,jpeg,0.054250478744506836
1778643893.1816103,368.6351706981659,7354,16490,jpeg,0.04752659797668457
1778643893.2324462,368.6860065460205,7355,16483,jpeg,0.05083584785461426
1778643893.2833486,368.7369089126587,7356,16485,jpeg,0.050902366638183594
1778643893.3367345,368.7902948856354,7357,16505,jpeg,0.05338597297668457
1778643893.381734,368.8352942466736,7358,16493,jpeg,0.04499936103820801
1778643893.4290626,368.8826229572296,7359,16513,jpeg,0.04732871055603027
1778643893.4842982,368.93785858154297,7360,16521,jpeg,0.05523562431335449
1778643893.5291014,368.9826617240906,7361,16479,jpeg,0.04480314254760742
1778643893.582304,369.03586435317993,7362,16487,jpeg,0.05320262908935547
1778643893.6315434,369.0851037502289,7363,16493,jpeg,0.049239397048950195
1778643893.6783886,369.1319489479065,7364,16481,jpeg,0.046845197677612305
1778643893.7359164,369.18947672843933,7365,16488,jpeg,0.057527780532836914
1778643893.7876437,369.2412040233612,7366,16470,jpeg,0.051727294921875
1778643893.831753,369.2853133678436,7367,16478,jpeg,0.044109344482421875
1778643893.8791018,369.3326621055603,7368,16491,jpeg,0.047348737716674805
1778643893.934166,369.3877263069153,7369,16506,jpeg,0.05506420135498047
1778643893.9783077,369.43186807632446,7370,16513,jpeg,0.04414176940917969
1778643894.0324516,369.4860119819641,7371,16535,jpeg,0.05414390563964844
1778643894.0830832,369.53664350509644,7372,16497,jpeg,0.05063152313232422
1778643894.1280522,369.5816125869751,7373,16496,jpeg,0.04496908187866211
1778643894.1806083,369.63416862487793,7374,16491,jpeg,0.05255603790283203
1778643894.2294786,369.68303894996643,7375,16503,jpeg,0.04887032508850098
1778643894.276593,369.73015332221985,7376,16498,jpeg,0.04711437225341797
1778643894.3423753,369.79593563079834,7377,16515,jpeg,0.06578230857849121
1778643894.377871,369.831431388855,7378,16535,jpeg,0.035495758056640625
1778643894.4251528,369.8787131309509,7379,16534,jpeg,0.047281742095947266
1778643894.479942,369.9335024356842,7380,16502,jpeg,0.05478930473327637
1778643894.5286274,369.9821877479553,7381,16496,jpeg,0.048685312271118164
1778643894.5771656,370.03072595596313,7382,16501,jpeg,0.0485382080078125
1778643894.6310117,370.0845720767975,7383,16495,jpeg,0.053846120834350586
1778643894.6797447,370.1333050727844,7384,16528,jpeg,0.04873299598693848
1778643894.7264009,370.1799612045288,7385,16501,jpeg,0.046656131744384766
1778643894.7805436,370.23410391807556,7386,16494,jpeg,0.05414271354675293
1778643894.828957,370.2825174331665,7387,16503,jpeg,0.04841351509094238
1778643894.877099,370.33065938949585,7388,16514,jpeg,0.0481419563293457
1778643894.928097,370.38165736198425,7389,16554,jpeg,0.05099797248840332
1778643894.9783893,370.4319496154785,7390,16499,jpeg,0.050292253494262695
1778643895.0274282,370.48098850250244,7391,16495,jpeg,0.04903888702392578
1778643895.0829895,370.53654980659485,7392,16518,jpeg,0.05556130409240723
1778643895.1295395,370.58309984207153,7393,16501,jpeg,0.04655003547668457
1778643895.1772165,370.63077688217163,7394,16484,jpeg,0.047677040100097656
1778643895.2268946,370.6804549694061,7395,16485,jpeg,0.04967808723449707
1778643895.279304,370.7328643798828,7396,16501,jpeg,0.05240941047668457
1778643895.3275235,370.78108382225037,7397,16466,jpeg,0.04821944236755371
1778643895.3817816,370.8353419303894,7398,16516,jpeg,0.054258108139038086
1778643895.4345121,370.88807249069214,7399,16502,jpeg,0.052730560302734375
1778643895.4777017,370.9312620162964,7400,16516,jpeg,0.04318952560424805
1778643895.5327153,370.9862756729126,7401,16515,jpeg,0.05501365661621094
1778643895.5784981,371.03205847740173,7402,16507,jpeg,0.04578280448913574
1778643895.6323133,371.0858736038208,7403,16493,jpeg,0.05381512641906738
1778643895.6807616,371.1343219280243,7404,16524,jpeg,0.04844832420349121
1778643895.7327785,371.1863389015198,7405,16508,jpeg,0.0520169734954834
1778643895.7800195,371.2335798740387,7406,16492,jpeg,0.0472409725189209
1778643895.8367507,371.29031109809875,7407,16506,jpeg,0.056731224060058594
1778643895.8808992,371.33445954322815,7408,16506,jpeg,0.04414844512939453
1778643895.9297724,371.3833327293396,7409,16541,jpeg,0.048873186111450195
1778643895.9808931,371.43445348739624,7410,16502,jpeg,0.051120758056640625
1778643896.0301898,371.4837501049042,7411,16547,jpeg,0.04929661750793457
1778643896.0813565,371.5349168777466,7412,16519,jpeg,0.05116677284240723
1778643896.1314826,371.5850429534912,7413,16495,jpeg,0.050126075744628906
1778643896.1803837,371.6339440345764,7414,16518,jpeg,0.04890108108520508
1778643896.2278886,371.6814489364624,7415,16509,jpeg,0.04750490188598633
1778643896.278064,371.7316243648529,7416,16508,jpeg,0.05017542839050293
1778643896.329769,371.78332924842834,7417,16531,jpeg,0.05170488357543945
1778643896.3800802,371.83364057540894,7418,16545,jpeg,0.05031132698059082
1778643896.4272628,371.880823135376,7419,16510,jpeg,0.047182559967041016
1778643896.4780953,371.9316556453705,7420,16500,jpeg,0.050832509994506836
1778643896.5286374,371.98219776153564,7421,16525,jpeg,0.05054211616516113
1778643896.5791266,372.03268694877625,7422,16489,jpeg,0.050489187240600586
1778643896.6323323,372.08589267730713,7423,16511,jpeg,0.05320572853088379
1778643896.6783998,372.1319601535797,7424,16511,jpeg,0.04606747627258301
1778643896.733957,372.1875174045563,7425,16514,jpeg,0.0555572509765625
1778643896.7825382,372.2360985279083,7426,16515,jpeg,0.04858112335205078
1778643896.8271334,372.28069376945496,7427,16510,jpeg,0.04459524154663086
1778643896.878661,372.33222126960754,7428,16513,jpeg,0.05152750015258789
1778643896.9300227,372.38358306884766,7429,16490,jpeg,0.051361799240112305
1778643896.9785903,372.4321506023407,7430,16506,jpeg,0.04856753349304199
1778643897.0325403,372.48610067367554,7431,16500,jpeg,0.05395007133483887
1778643897.0889344,372.54249477386475,7432,16510,jpeg,0.056394100189208984
1778643897.129317,372.58287739753723,7433,16522,jpeg,0.04038262367248535
1778643897.1812105,372.63477087020874,7434,16536,jpeg,0.05189347267150879
1778643897.2347956,372.688355922699,7435,16493,jpeg,0.053585052490234375
1778643897.2796597,372.73322010040283,7436,16509,jpeg,0.04486417770385742
1778643897.330473,372.78403329849243,7437,16496,jpeg,0.05081319808959961
1778643897.384373,372.83793330192566,7438,16498,jpeg,0.05390000343322754
1778643897.4309423,372.88450264930725,7439,16508,jpeg,0.0465693473815918
1778643897.4809964,372.934556722641,7440,16515,jpeg,0.050054073333740234
1778643897.5365846,372.99014496803284,7441,16492,jpeg,0.0555882453918457
1778643897.5809975,373.03455781936646,7442,16494,jpeg,0.044412851333618164
1778643897.6335464,373.0871067047119,7443,16486,jpeg,0.052548885345458984
1778643897.6893594,373.14291977882385,7444,16475,jpeg,0.05581307411193848
1778643897.7261071,373.17966747283936,7445,16493,jpeg,0.03674769401550293
1778643897.7789066,373.23246693611145,7446,16453,jpeg,0.05279946327209473
1778643897.8299036,373.28346395492554,7447,16489,jpeg,0.050997018814086914
1778643897.881396,373.334956407547,7448,16461,jpeg,0.05149245262145996
1778643897.9336066,373.3871669769287,7449,16470,jpeg,0.05221056938171387
1778643897.9814038,373.4349641799927,7450,16503,jpeg,0.047797203063964844
1778643898.0318165,373.4853768348694,7451,16514,jpeg,0.050412654876708984
1778643898.080831,373.53439140319824,7452,16496,jpeg,0.04901456832885742
1778643898.132172,373.585732460022,7453,16506,jpeg,0.05134105682373047
1778643898.1797488,373.63330912590027,7454,16498,jpeg,0.0475766658782959
1778643898.2282038,373.681764125824,7455,16497,jpeg,0.048454999923706055
1778643898.2854261,373.738986492157,7456,16512,jpeg,0.05722236633300781
1778643898.330031,373.7835912704468,7457,16496,jpeg,0.04460477828979492
1778643898.3767872,373.8303475379944,7458,16508,jpeg,0.04675626754760742
1778643898.4319263,373.8854866027832,7459,16516,jpeg,0.05513906478881836
1778643898.4786692,373.9322295188904,7460,16501,jpeg,0.046742916107177734
1778643898.5412467,373.9948070049286,7461,16501,jpeg,0.06257748603820801
1778643898.5818667,374.03542709350586,7462,16486,jpeg,0.04062008857727051
1778643898.6280284,374.0815887451172,7463,16507,jpeg,0.046161651611328125
1778643898.6771607,374.1307210922241,7464,16515,jpeg,0.049132347106933594
1778643898.72981,374.1833703517914,7465,16494,jpeg,0.05264925956726074
1778643898.77923,374.2327904701233,7466,16489,jpeg,0.04942011833190918
1778643898.8334486,374.2870090007782,7467,16508,jpeg,0.05421853065490723
1778643898.8827713,374.33633160591125,7468,16501,jpeg,0.04932260513305664
1778643898.9291825,374.3827428817749,7469,16497,jpeg,0.04641127586364746
1778643898.9813962,374.43495655059814,7470,16504,jpeg,0.05221366882324219
1778643899.039492,374.4930522441864,7471,16496,jpeg,0.058095693588256836
1778643899.0789273,374.5324876308441,7472,16512,jpeg,0.039435386657714844
1778643899.1302981,374.58385848999023,7473,16505,jpeg,0.051370859146118164
1778643899.187565,374.64112544059753,7474,16499,jpeg,0.057266950607299805
1778643899.2283967,374.68195700645447,7475,16488,jpeg,0.040831565856933594
1778643899.2809713,374.73453164100647,7476,16496,jpeg,0.05257463455200195
1778643899.3344104,374.7879707813263,7477,16507,jpeg,0.05343914031982422
1778643899.376472,374.8300323486328,7478,16480,jpeg,0.042061567306518555
1778643899.4279132,374.88147354125977,7479,16469,jpeg,0.051441192626953125
1778643899.4775612,374.9311215877533,7480,15556,jpeg,0.04964804649353027
1778643899.525973,374.9795334339142,7481,14505,jpeg,0.04841184616088867
1778643899.5771055,375.0306658744812,7482,15340,jpeg,0.0511324405670166
1778643899.6273656,375.0809259414673,7483,15173,jpeg,0.050260066986083984
1778643899.6760228,375.12958312034607,7484,15919,jpeg,0.04865717887878418
1778643899.7327182,375.18627858161926,7485,16362,jpeg,0.05669546127319336
1778643899.780084,375.23364424705505,7486,16309,jpeg,0.047365665435791016
1778643899.8307524,375.28431272506714,7487,16282,jpeg,0.05066847801208496
1778643899.889778,375.3433382511139,7488,16353,jpeg,0.05902552604675293
1778643899.9291933,375.38275361061096,7489,14600,jpeg,0.03941535949707031
1778643899.982362,375.4359223842621,7490,14373,jpeg,0.05316877365112305
1778643900.025752,375.47931241989136,7491,14888,jpeg,0.04339003562927246
1778643900.0798879,375.5334482192993,7492,14790,jpeg,0.054135799407958984
1778643900.1292634,375.58282375335693,7493,14375,jpeg,0.04937553405761719
1778643900.179467,375.63302731513977,7494,14929,jpeg,0.050203561782836914
1778643900.2290065,375.6825668811798,7495,14430,jpeg,0.04953956604003906
1778643900.2826505,375.7362108230591,7496,14680,jpeg,0.05364394187927246
1778643900.3336341,375.78719449043274,7497,14238,jpeg,0.05098366737365723
1778643900.3779004,375.8314607143402,7498,13515,jpeg,0.0442662239074707
1778643900.4283562,375.88191652297974,7499,14447,jpeg,0.05045580863952637
1778643900.4828153,375.93637561798096,7500,14908,jpeg,0.0544590950012207
1778643900.5300293,375.98358964920044,7501,14737,jpeg,0.04721403121948242
1778643900.5800276,376.03358793258667,7502,15624,jpeg,0.04999828338623047
1778643900.6275759,376.08113622665405,7503,15093,jpeg,0.04754829406738281
1778643900.6784327,376.1319930553436,7504,14628,jpeg,0.050856828689575195
1778643900.7327342,376.18629455566406,7505,15263,jpeg,0.05430150032043457
1778643900.7802658,376.2338261604309,7506,15253,jpeg,0.0475316047668457
1778643900.8310814,376.2846417427063,7507,15765,jpeg,0.050815582275390625
1778643900.8791049,376.33266520500183,7508,15472,jpeg,0.04802346229553223
1778643900.932157,376.3857173919678,7509,15584,jpeg,0.05305218696594238
1778643900.980517,376.4340772628784,7510,15309,jpeg,0.04835987091064453
1778643901.0281892,376.48174953460693,7511,15261,jpeg,0.047672271728515625
1778643901.0805116,376.53407192230225,7512,14712,jpeg,0.0523223876953125
1778643901.1302567,376.58381700515747,7513,15259,jpeg,0.04974508285522461
1778643901.1796803,376.63324069976807,7514,15098,jpeg,0.0494236946105957
1778643901.2282956,376.68185591697693,7515,15455,jpeg,0.048615217208862305
1778643901.2787294,376.7322897911072,7516,15049,jpeg,0.05043387413024902
1778643901.3276472,376.7812075614929,7517,15648,jpeg,0.04891777038574219
1778643901.3778694,376.8314297199249,7518,15286,jpeg,0.050222158432006836
1778643901.4338992,376.88745951652527,7519,15196,jpeg,0.0560297966003418
1778643901.4752712,376.928831577301,7520,15375,jpeg,0.041372060775756836
1778643901.525026,376.978586435318,7521,14983,jpeg,0.04975485801696777
1778643901.575273,377.0288333892822,7522,14761,jpeg,0.0502469539642334
1778643901.6296296,377.08318996429443,7523,14385,jpeg,0.05435657501220703
1778643901.678255,377.1318154335022,7524,14348,jpeg,0.04862546920776367
1778643901.729088,377.18264842033386,7525,14783,jpeg,0.05083298683166504
1778643901.774887,377.2284474372864,7526,14467,jpeg,0.04579901695251465
1778643901.8315537,377.2851140499115,7527,15076,jpeg,0.05666661262512207
1778643901.879371,377.3329312801361,7528,14877,jpeg,0.047817230224609375
1778643901.926633,377.38019323349,7529,14215,jpeg,0.047261953353881836
1778643901.9808223,377.43438267707825,7530,14016,jpeg,0.054189443588256836
1778643902.0310125,377.48457288742065,7531,14702,jpeg,0.05019021034240723
1778643902.0761247,377.5296850204468,7532,14151,jpeg,0.04511213302612305
1778643902.1417553,377.59531569480896,7533,15248,jpeg,0.06563067436218262
1778643902.1864913,377.64005160331726,7534,14306,jpeg,0.04473590850830078
1778643902.2260628,377.67962312698364,7535,14523,jpeg,0.039571523666381836
1778643902.2810404,377.7346007823944,7536,14948,jpeg,0.0549776554107666
1778643902.3391,377.79266023635864,7537,15473,jpeg,0.0580594539642334
1778643902.3763206,377.8298809528351,7538,15223,jpeg,0.03722071647644043
1778643902.4317036,377.8852639198303,7539,15440,jpeg,0.05538296699523926
1778643902.4825325,377.93609285354614,7540,15076,jpeg,0.05082893371582031
1778643902.5271144,377.98067474365234,7541,15835,jpeg,0.04458189010620117
1778643902.5764885,378.0300488471985,7542,14969,jpeg,0.04937410354614258
1778643902.6311984,378.0847587585449,7543,14836,jpeg,0.05470991134643555
1778643902.6763356,378.12989592552185,7544,15394,jpeg,0.04513716697692871
1778643902.7255993,378.17915964126587,7545,15691,jpeg,0.049263715744018555
1778643902.7768955,378.23045587539673,7546,14203,jpeg,0.051296234130859375
1778643902.8264484,378.2800087928772,7547,14692,jpeg,0.04955291748046875
1778643902.8780515,378.33161187171936,7548,14276,jpeg,0.051603078842163086
1778643902.9259236,378.37948393821716,7549,14256,jpeg,0.047872066497802734
1778643902.9754524,378.42901277542114,7550,14282,jpeg,0.04952883720397949
1778643903.0265641,378.4801244735718,7551,14439,jpeg,0.051111698150634766
1778643903.0764892,378.5300495624542,7552,14465,jpeg,0.04992508888244629
1778643903.1274898,378.581050157547,7553,14890,jpeg,0.05100059509277344
1778643903.1770754,378.6306357383728,7554,14626,jpeg,0.049585580825805664
1778643903.2281055,378.6816658973694,7555,14188,jpeg,0.05103015899658203
1778643903.2762053,378.72976565361023,7556,14935,jpeg,0.04809975624084473
1778643903.3270981,378.78065848350525,7557,14154,jpeg,0.05089282989501953
1778643903.3776405,378.831200838089,7558,13906,jpeg,0.050542354583740234
1778643903.425563,378.87912344932556,7559,13854,jpeg,0.047922611236572266
1778643903.4748194,378.9283797740936,7560,14009,jpeg,0.049256324768066406
1778643903.5265608,378.98012113571167,7561,14431,jpeg,0.05174136161804199
1778643903.574977,379.028537273407,7562,14230,jpeg,0.0484161376953125
1778643903.6247394,379.0782997608185,7563,14220,jpeg,0.04976248741149902
1778643903.6775243,379.13108468055725,7564,14449,jpeg,0.05278491973876953
1778643903.7311947,379.1847550868988,7565,14738,jpeg,0.053670406341552734
1778643903.7793665,379.23292684555054,7566,15077,jpeg,0.0481717586517334
1778643903.8279612,379.2815215587616,7567,15354,jpeg,0.04859471321105957
1778643903.874856,379.32841634750366,7568,15918,jpeg,0.04689478874206543
1778643903.9292474,379.3828077316284,7569,15876,jpeg,0.05439138412475586
1778643903.9778454,379.4314057826996,7570,15083,jpeg,0.04859805107116699
1778643904.0263853,379.47994565963745,7571,14175,jpeg,0.04853987693786621
1778643904.0780892,379.5316495895386,7572,14350,jpeg,0.05170392990112305
1778643904.1289406,379.58250093460083,7573,14100,jpeg,0.05085134506225586
1778643904.1746223,379.6281826496124,7574,13962,jpeg,0.04568171501159668
1778643904.2243373,379.6778976917267,7575,13565,jpeg,0.04971504211425781
1778643904.278124,379.73168444633484,7576,13702,jpeg,0.0537867546081543
1778643904.3245327,379.7780930995941,7577,13581,jpeg,0.046408653259277344
1778643904.3853745,379.83893489837646,7578,13410,jpeg,0.06084179878234863
1778643904.424489,379.8780493736267,7579,13153,jpeg,0.03911447525024414
1778643904.4732847,379.92684507369995,7580,13277,jpeg,0.04879570007324219
1778643904.5281153,379.9816756248474,7581,13172,jpeg,0.05483055114746094
1778643904.5762422,380.0298025608063,7582,12921,jpeg,0.048126935958862305
1778643904.6237378,380.0772981643677,7583,12747,jpeg,0.04749560356140137
1778643904.6769729,380.1305332183838,7584,12942,jpeg,0.05323505401611328
1778643904.7301815,380.1837418079376,7585,12419,jpeg,0.05320858955383301
1778643904.7768035,380.2303638458252,7586,12086,jpeg,0.04662203788757324
1778643904.824751,380.278311252594,7587,12220,jpeg,0.04794740676879883
1778643904.878882,380.33244228363037,7588,12314,jpeg,0.05413103103637695
1778643904.9262695,380.37982988357544,7589,12263,jpeg,0.04738759994506836
1778643904.973889,380.427449464798,7590,12181,jpeg,0.04761958122253418
1778643905.0261269,380.4796872138977,7591,12266,jpeg,0.052237749099731445
1778643905.0741076,380.5276679992676,7592,12306,jpeg,0.04798078536987305
1778643905.1226752,380.5762355327606,7593,12286,jpeg,0.04856753349304199
1778643905.1754014,380.62896180152893,7594,12141,jpeg,0.05272626876831055
1778643905.223839,380.67739939689636,7595,12083,jpeg,0.04843759536743164
1778643905.278641,380.73220133781433,7596,12112,jpeg,0.05480194091796875
1778643905.3238797,380.77744007110596,7597,12207,jpeg,0.04523873329162598
1778643905.3735158,380.82707619667053,7598,12218,jpeg,0.049636125564575195
1778643905.4230626,380.87662291526794,7599,12096,jpeg,0.04954671859741211
1778643905.4764106,380.92997097969055,7600,11875,jpeg,0.05334806442260742
1778643905.5232413,380.97680163383484,7601,11911,jpeg,0.04683065414428711
1778643905.5735445,381.02710485458374,7602,11756,jpeg,0.05030322074890137
1778643905.6252856,381.0788459777832,7603,11882,jpeg,0.05174112319946289
1778643905.67364,381.1272003650665,7604,11876,jpeg,0.048354387283325195
1778643905.7230608,381.1766211986542,7605,11825,jpeg,0.049420833587646484
1778643905.775022,381.22858238220215,7606,11864,jpeg,0.05196118354797363
1778643905.8241987,381.2777590751648,7607,11805,jpeg,0.049176692962646484
1778643905.8742979,381.32785820961,7608,11653,jpeg,0.05009913444519043
1778643905.9263723,381.37993264198303,7609,11560,jpeg,0.052074432373046875
1778643905.9726257,381.4261860847473,7610,11639,jpeg,0.04625344276428223
1778643906.021785,381.4753453731537,7611,11793,jpeg,0.04915928840637207
1778643906.0746434,381.5282037258148,7612,11999,jpeg,0.05285835266113281
1778643906.1246898,381.578250169754,7613,11942,jpeg,0.050046443939208984
1778643906.177757,381.63131737709045,7614,12000,jpeg,0.05306720733642578
1778643906.225317,381.6788773536682,7615,11970,jpeg,0.04755997657775879
1778643906.274455,381.72801542282104,7616,11991,jpeg,0.04913806915283203
1778643906.3240337,381.77759408950806,7617,11987,jpeg,0.04957866668701172
1778643906.3746958,381.8282561302185,7618,11872,jpeg,0.05066204071044922
1778643906.424805,381.878365278244,7619,11858,jpeg,0.050109148025512695
1778643906.472966,381.9265263080597,7620,11882,jpeg,0.04816102981567383
1778643906.5283017,381.98186206817627,7621,11838,jpeg,0.05533576011657715
1778643906.5736473,382.02720761299133,7622,11913,jpeg,0.04534554481506348
1778643906.623444,382.0770044326782,7623,11845,jpeg,0.04979681968688965
1778643906.6747718,382.1283321380615,7624,11621,jpeg,0.05132770538330078
1778643906.7231,382.17666029930115,7625,11543,jpeg,0.04832816123962402
1778643906.7740152,382.2275755405426,7626,11657,jpeg,0.05091524124145508
1778643906.8258345,382.279394865036,7627,11370,jpeg,0.0518193244934082
1778643906.878348,382.33190846443176,7628,11282,jpeg,0.05251359939575195
1778643906.922102,382.37566232681274,7629,11441,jpeg,0.043753862380981445
1778643906.9738307,382.4273910522461,7630,11434,jpeg,0.05172872543334961
1778643907.0213993,382.4749596118927,7631,11414,jpeg,0.047568559646606445
1778643907.0742443,382.5278046131134,7632,11529,jpeg,0.052845001220703125
1778643907.1238296,382.57738995552063,7633,11441,jpeg,0.04958534240722656
1778643907.1725574,382.6261177062988,7634,11502,jpeg,0.04872775077819824
1778643907.2239296,382.6774899959564,7635,11849,jpeg,0.05137228965759277
1778643907.2769437,382.7305040359497,7636,11719,jpeg,0.05301403999328613
1778643907.3211212,382.77468156814575,7637,11780,jpeg,0.04417753219604492
1778643907.371125,382.8246853351593,7638,11858,jpeg,0.050003767013549805
1778643907.4224784,382.87603878974915,7639,11871,jpeg,0.05135345458984375
1778643907.4711115,382.92467188835144,7640,11899,jpeg,0.04863309860229492
1778643907.5210164,382.97457671165466,7641,11912,jpeg,0.049904823303222656
1778643907.5739634,383.0275237560272,7642,11841,jpeg,0.052947044372558594
1778643907.6209204,383.07448077201843,7643,11555,jpeg,0.04695701599121094
1778643907.6704273,383.12398767471313,7644,11695,jpeg,0.04950690269470215
1778643907.7235959,383.1771562099457,7645,11616,jpeg,0.053168535232543945
1778643907.773275,383.2268352508545,7646,11619,jpeg,0.04967904090881348
1778643907.821218,383.27477836608887,7647,11517,jpeg,0.047943115234375
1778643907.8794937,383.33305406570435,7648,11649,jpeg,0.058275699615478516
1778643907.9226334,383.37619376182556,7649,11687,jpeg,0.04313969612121582
1778643907.9690523,383.42261266708374,7650,11448,jpeg,0.04641890525817871
1778643908.0287585,383.4823188781738,7651,11431,jpeg,0.05970621109008789
1778643908.0715723,383.5251326560974,7652,11288,jpeg,0.042813777923583984
1778643908.1197407,383.57330107688904,7653,11197,jpeg,0.04816842079162598
1778643908.182623,383.63618326187134,7654,11200,jpeg,0.0628821849822998
1778643908.224541,383.67810130119324,7655,11424,jpeg,0.041918039321899414
1778643908.2699325,383.72349286079407,7656,11262,jpeg,0.04539155960083008
1778643908.3280919,383.78165221214294,7657,11236,jpeg,0.05815935134887695
1778643908.3705769,383.82413721084595,7658,11290,jpeg,0.04248499870300293
1778643908.421017,383.87457728385925,7659,11271,jpeg,0.050440073013305664
1778643908.4732225,383.9267828464508,7660,11306,jpeg,0.052205562591552734
1778643908.5213852,383.97494554519653,7661,11345,jpeg,0.04816269874572754
1778643908.5743215,384.02788186073303,7662,11414,jpeg,0.05293631553649902
1778643908.62229,384.0758502483368,7663,11713,jpeg,0.047968387603759766
1778643908.6728914,384.12645173072815,7664,11570,jpeg,0.05060148239135742
1778643908.7231865,384.17674684524536,7665,11523,jpeg,0.050295114517211914
1778643908.7732642,384.22682452201843,7666,11402,jpeg,0.05007767677307129
1778643908.8238654,384.2774257659912,7667,11440,jpeg,0.05060124397277832
1778643908.8708773,384.3244376182556,7668,11706,jpeg,0.0470118522644043
1778643908.9258602,384.3794205188751,7669,11564,jpeg,0.054982900619506836
1778643908.9704473,384.42400765419006,7670,11370,jpeg,0.044587135314941406
1778643909.022543,384.47610330581665,7671,11342,jpeg,0.052095651626586914
1778643909.072664,384.5262243747711,7672,11301,jpeg,0.05012106895446777
1778643909.1210845,384.57464480400085,7673,11295,jpeg,0.04842042922973633
1778643909.1698694,384.62342977523804,7674,11433,jpeg,0.04878497123718262
1778643909.2235823,384.67714262008667,7675,11595,jpeg,0.05371284484863281
1778643909.2706342,384.72419452667236,7676,11736,jpeg,0.04705190658569336
1778643909.3238645,384.7774248123169,7677,11815,jpeg,0.05323028564453125
1778643909.3740418,384.82760214805603,7678,11937,jpeg,0.05017733573913574
1778643909.4204123,384.87397265434265,7679,11853,jpeg,0.046370506286621094
1778643909.4733849,384.9269452095032,7680,11872,jpeg,0.05297255516052246
1778643909.524679,384.9782392978668,7681,11810,jpeg,0.05129408836364746
1778643909.5703049,385.0238652229309,7682,11532,jpeg,0.045625925064086914
1778643909.6214428,385.07500314712524,7683,11420,jpeg,0.05113792419433594
1778643909.6729527,385.126513004303,7684,11642,jpeg,0.051509857177734375
1778643909.729779,385.1833393573761,7685,11526,jpeg,0.05682635307312012
1778643909.7795558,385.23311614990234,7686,11202,jpeg,0.04977679252624512
1778643909.8203175,385.2738778591156,7687,11273,jpeg,0.040761709213256836
1778643909.8698385,385.32339882850647,7688,11278,jpeg,0.04952096939086914
1778643909.921123,385.37468338012695,7689,11380,jpeg,0.0512845516204834
1778643909.9718847,385.42544507980347,7690,11310,jpeg,0.05076169967651367
1778643910.0231736,385.4767339229584,7691,11280,jpeg,0.05128884315490723
1778643910.0701604,385.523720741272,7692,11213,jpeg,0.04698681831359863
1778643910.1246772,385.57823753356934,7693,11230,jpeg,0.05451679229736328
1778643910.1701903,385.6237506866455,7694,11267,jpeg,0.045513153076171875
1778643910.2208462,385.6744065284729,7695,11306,jpeg,0.05065584182739258
1778643910.2729177,385.726478099823,7696,11521,jpeg,0.052071571350097656
1778643910.3236823,385.77724266052246,7697,11434,jpeg,0.05076456069946289
1778643910.3732727,385.82683300971985,7698,11416,jpeg,0.049590349197387695
1778643910.4255939,385.87915420532227,7699,11584,jpeg,0.05232119560241699
1778643910.470886,385.9244463443756,7700,11829,jpeg,0.04529213905334473
1778643910.5218084,385.97536873817444,7701,12156,jpeg,0.050922393798828125
1778643910.5744443,386.02800464630127,7702,12757,jpeg,0.052635908126831055
1778643910.623338,386.0768983364105,7703,12718,jpeg,0.04889369010925293
1778643910.6717248,386.1252851486206,7704,12863,jpeg,0.04838681221008301
1778643910.7224338,386.17599415779114,7705,13039,jpeg,0.05070900917053223
1778643910.7732167,386.2267770767212,7706,13325,jpeg,0.05078291893005371
1778643910.8225238,386.2760841846466,7707,13294,jpeg,0.04930710792541504
1778643910.877192,386.3307523727417,7708,13333,jpeg,0.05466818809509277
1778643910.9219704,386.3755307197571,7709,13254,jpeg,0.04477834701538086
1778643910.973225,386.4267854690552,7710,13450,jpeg,0.0512547492980957
1778643911.0239663,386.4775266647339,7711,12968,jpeg,0.05074119567871094
1778643911.0743608,386.5279211997986,7712,12449,jpeg,0.050394535064697266
1778643911.1205075,386.57406783103943,7713,12484,jpeg,0.04614663124084473
1778643911.1715233,386.62508368492126,7714,12497,jpeg,0.05101585388183594
1778643911.2226064,386.6761667728424,7715,12502,jpeg,0.05108308792114258
1778643911.2714114,386.72497177124023,7716,12597,jpeg,0.04880499839782715
1778643911.3232245,386.7767848968506,7717,12708,jpeg,0.05181312561035156
1778643911.3720179,386.82557821273804,7718,12631,jpeg,0.04879331588745117
1778643911.4202545,386.8738148212433,7719,12558,jpeg,0.04823660850524902
1778643911.4725304,386.9260907173157,7720,12794,jpeg,0.052275896072387695
1778643911.51967,386.9732303619385,7721,12552,jpeg,0.047139644622802734
1778643911.5695384,387.0230987071991,7722,12614,jpeg,0.04986834526062012
1778643911.621527,387.07508730888367,7723,12896,jpeg,0.05198860168457031
1778643911.6709602,387.1245205402374,7724,12701,jpeg,0.049433231353759766
1778643911.7200794,387.1736397743225,7725,12585,jpeg,0.04911923408508301
1778643911.7736793,387.22723960876465,7726,12663,jpeg,0.05359983444213867
1778643911.8257551,387.27931547164917,7727,12743,jpeg,0.052075862884521484
1778643911.871609,387.3251693248749,7728,12849,jpeg,0.04585385322570801
1778643911.9279308,387.3814911842346,7729,12730,jpeg,0.05632185935974121
1778643911.9707403,387.4243006706238,7730,13037,jpeg,0.042809486389160156
1778643912.020697,387.47425746917725,7731,13169,jpeg,0.0499567985534668
1778643912.0735893,387.5271496772766,7732,13422,jpeg,0.052892208099365234
1778643912.1202912,387.5738515853882,7733,14059,jpeg,0.046701908111572266
1778643912.1742382,387.6277985572815,7734,14835,jpeg,0.05394697189331055
1778643912.2240922,387.67765259742737,7735,16189,jpeg,0.04985404014587402
1778643912.2743554,387.727915763855,7736,16376,jpeg,0.050263166427612305
1778643912.3313923,387.78495264053345,7737,16590,jpeg,0.0570368766784668
1778643912.3768682,387.8304286003113,7738,16251,jpeg,0.04547595977783203
1778643912.4260163,387.87957668304443,7739,16378,jpeg,0.0491480827331543
1778643912.4791698,387.9327301979065,7740,16417,jpeg,0.05315351486206055
1778643912.5289884,387.9825487136841,7741,16712,jpeg,0.04981851577758789
1778643912.5753422,388.02890253067017,7742,17117,jpeg,0.046353816986083984
1778643912.629949,388.08350944519043,7743,17243,jpeg,0.05460691452026367
1778643912.6799934,388.1335537433624,7744,16429,jpeg,0.05004429817199707
1778643912.7242587,388.1778190135956,7745,17027,jpeg,0.0442652702331543
1778643912.78224,388.23580026626587,7746,16973,jpeg,0.057981252670288086
1778643912.834541,388.28810143470764,7747,16968,jpeg,0.05230116844177246
1778643912.8786273,388.3321876525879,7748,17001,jpeg,0.04408621788024902
1778643912.9284213,388.38198161125183,7749,17091,jpeg,0.04979395866394043
1778643912.9742324,388.4277927875519,7750,17104,jpeg,0.04581117630004883
1778643913.026748,388.48030829429626,7751,17073,jpeg,0.052515506744384766
1778643913.0773575,388.5309178829193,7752,17043,jpeg,0.050609588623046875
1778643913.1338193,388.587379693985,7753,17022,jpeg,0.05646181106567383
1778643913.1765175,388.6300778388977,7754,17121,jpeg,0.04269814491271973
1778643913.22627,388.6798303127289,7755,17144,jpeg,0.04975247383117676
1778643913.2762399,388.7298002243042,7756,17176,jpeg,0.04996991157531738
1778643913.3251884,388.77874875068665,7757,17198,jpeg,0.04894852638244629
1778643913.3735187,388.8270790576935,7758,17207,jpeg,0.04833030700683594
1778643913.4245455,388.87810587882996,7759,17193,jpeg,0.05102682113647461
1778643913.4743025,388.92786288261414,7760,17159,jpeg,0.04975700378417969
1778643913.52662,388.9801802635193,7761,17150,jpeg,0.05231738090515137
1778643913.5783422,389.031902551651,7762,17134,jpeg,0.05172228813171387
1778643913.626444,389.08000445365906,7763,17189,jpeg,0.04810190200805664
1778643913.6731782,389.1267385482788,7764,17206,jpeg,0.04673409461975098
1778643913.7276614,389.1812217235565,7765,17200,jpeg,0.05448317527770996
1778643913.776854,389.23041439056396,7766,17210,jpeg,0.04919266700744629
1778643913.8226764,389.27623677253723,7767,17196,jpeg,0.0458223819732666
1778643913.877437,389.330997467041,7768,17205,jpeg,0.05476069450378418
1778643913.924996,389.3785562515259,7769,17185,jpeg,0.04755878448486328
1778643913.9767606,389.4303209781647,7770,17189,jpeg,0.051764726638793945
1778643914.0285506,389.48211097717285,7771,17202,jpeg,0.05178999900817871
1778643914.0776627,389.53122305870056,7772,17216,jpeg,0.04911208152770996
1778643914.1280942,389.581654548645,7773,17207,jpeg,0.05043148994445801
1778643914.1765943,389.6301546096802,7774,17188,jpeg,0.04850006103515625
1778643914.2239468,389.6775071620941,7775,17133,jpeg,0.04735255241394043
1778643914.2799816,389.7335419654846,7776,17152,jpeg,0.05603480339050293
1778643914.3260703,389.77963066101074,7777,17184,jpeg,0.04608869552612305
1778643914.3748734,389.82843375205994,7778,17205,jpeg,0.048803091049194336
1778643914.4218507,389.87541103363037,7779,17220,jpeg,0.04697728157043457
1778643914.4795897,389.9331500530243,7780,17202,jpeg,0.0577390193939209
1778643914.5226877,389.97624802589417,7781,17187,jpeg,0.04309797286987305
1778643914.5745552,390.02811551094055,7782,17209,jpeg,0.05186748504638672
1778643914.6223826,390.07594299316406,7783,17211,jpeg,0.04782748222351074
1778643914.6768656,390.1304259300232,7784,17222,jpeg,0.05448293685913086
1778643914.7248962,390.1784565448761,7785,17207,jpeg,0.04803061485290527
1778643914.7813165,390.234876871109,7786,17196,jpeg,0.056420326232910156
1778643914.8251867,390.2787470817566,7787,17199,jpeg,0.04387021064758301
1778643914.874078,390.32763838768005,7788,17197,jpeg,0.048891305923461914
1778643914.92457,390.3781304359436,7789,17209,jpeg,0.050492048263549805
1778643914.9721496,390.42570996284485,7790,17214,jpeg,0.04757952690124512
1778643915.0220854,390.47564578056335,7791,17203,jpeg,0.04993581771850586
1778643915.074901,390.5284614562988,7792,17213,jpeg,0.05281567573547363
1778643915.1225128,390.57607316970825,7793,17212,jpeg,0.04761171340942383
1778643915.1839454,390.6375057697296,7794,17208,jpeg,0.061432600021362305
1778643915.2238758,390.67743611335754,7795,17236,jpeg,0.03993034362792969
1778643915.2715213,390.7250816822052,7796,17192,jpeg,0.04764556884765625
1778643915.3228133,390.77637362480164,7797,17202,jpeg,0.05129194259643555
1778643915.3744888,390.82804918289185,7798,17227,jpeg,0.05167555809020996
1778643915.421758,390.8753182888031,7799,17190,jpeg,0.04726910591125488
1778643915.471706,390.92526626586914,7800,17217,jpeg,0.04994797706604004
1778643915.5235693,390.9771296977997,7801,17225,jpeg,0.05186343193054199
1778643915.5713358,391.02489614486694,7802,17213,jpeg,0.04776644706726074
1778643915.622461,391.0760214328766,7803,17235,jpeg,0.051125288009643555
1778643915.6767883,391.13034868240356,7804,17196,jpeg,0.05432724952697754
1778643915.722049,391.17560935020447,7805,17189,jpeg,0.04526066780090332
1778643915.7723992,391.22595953941345,7806,17195,jpeg,0.050350189208984375
1778643915.8248963,391.27845668792725,7807,17211,jpeg,0.052497148513793945
1778643915.8721476,391.32570791244507,7808,17204,jpeg,0.047251224517822266
1778643915.9313397,391.3849000930786,7809,17219,jpeg,0.05919218063354492
1778643915.9731038,391.4266641139984,7810,17206,jpeg,0.041764020919799805
1778643916.0202484,391.4738087654114,7811,17212,jpeg,0.04714465141296387
1778643916.0728524,391.5264127254486,7812,17204,jpeg,0.052603960037231445
1778643916.1242952,391.5778555870056,7813,17220,jpeg,0.051442861557006836
1778643916.1719217,391.62548208236694,7814,17209,jpeg,0.047626495361328125
1778643916.2223215,391.6758818626404,7815,17202,jpeg,0.0503997802734375
1778643916.2765658,391.73012614250183,7816,17215,jpeg,0.054244279861450195
1778643916.3201318,391.7736921310425,7817,17210,jpeg,0.043565988540649414
1778643916.3728423,391.82640266418457,7818,17213,jpeg,0.052710533142089844
1778643916.4247627,391.8783230781555,7819,17222,jpeg,0.051920413970947266
1778643916.4758008,391.9293611049652,7820,17201,jpeg,0.05103802680969238
1778643916.5227745,391.97633481025696,7821,17210,jpeg,0.04697370529174805
1778643916.573987,392.02754735946655,7822,17188,jpeg,0.05121254920959473
1778643916.627892,392.08145236968994,7823,17171,jpeg,0.05390501022338867
1778643916.6733189,392.1268792152405,7824,17193,jpeg,0.04542684555053711
1778643916.727413,392.1809732913971,7825,17211,jpeg,0.05409407615661621
1778643916.7718012,392.22536158561707,7826,17196,jpeg,0.0443882942199707
1778643916.8224993,392.27605962753296,7827,17205,jpeg,0.050698041915893555
1778643916.8768268,392.3303871154785,7828,17227,jpeg,0.05432748794555664
1778643916.9223354,392.3758957386017,7829,17190,jpeg,0.045508623123168945
1778643916.9744165,392.42797684669495,7830,17217,jpeg,0.05208110809326172
1778643917.0288503,392.4824106693268,7831,17196,jpeg,0.05443382263183594
1778643917.0755398,392.52910017967224,7832,17192,jpeg,0.046689510345458984
1778643917.1236374,392.5771977901459,7833,17235,jpeg,0.04809761047363281
1778643917.1787832,392.6323435306549,7834,17234,jpeg,0.0551457405090332
1778643917.2249694,392.6785297393799,7835,17228,jpeg,0.046186208724975586
1778643917.2729034,392.72646379470825,7836,17223,jpeg,0.04793405532836914
1778643917.3235526,392.77711296081543,7837,17233,jpeg,0.050649166107177734
1778643917.3739648,392.827525138855,7838,17242,jpeg,0.05041217803955078
1778643917.422924,392.8764843940735,7839,17231,jpeg,0.04895925521850586
1778643917.4741204,392.9276807308197,7840,17214,jpeg,0.05119633674621582
1778643917.523191,392.97675132751465,7841,17204,jpeg,0.04907059669494629
1778643917.5713596,393.02491998672485,7842,17239,jpeg,0.04816865921020508
1778643917.6243105,393.0778708457947,7843,17225,jpeg,0.05295085906982422
1778643917.671787,393.12534737586975,7844,17200,jpeg,0.04747653007507324
1778643917.722104,393.17566442489624,7845,17209,jpeg,0.05031704902648926
1778643917.7728877,393.22644805908203,7846,17194,jpeg,0.050783634185791016
1778643917.8239117,393.27747201919556,7847,17212,jpeg,0.05102396011352539
1778643917.8744648,393.32802510261536,7848,17207,jpeg,0.050553083419799805
1778643917.9242234,393.3777837753296,7849,17222,jpeg,0.0497586727142334
1778643917.9717653,393.42532563209534,7850,17195,jpeg,0.04754185676574707
1778643918.0227363,393.4762966632843,7851,17200,jpeg,0.050971031188964844
1778643918.0761478,393.52970814704895,7852,17210,jpeg,0.05341148376464844
1778643918.122833,393.57639336586,7853,17186,jpeg,0.046685218811035156
1778643918.1757197,393.62928009033203,7854,17190,jpeg,0.0528867244720459
1778643918.2252052,393.6787655353546,7855,17201,jpeg,0.04948544502258301
1778643918.2710953,393.72465562820435,7856,17213,jpeg,0.045890092849731445
1778643918.325829,393.7793893814087,7857,17205,jpeg,0.0547337532043457
1778643918.3778017,393.83136200904846,7858,17210,jpeg,0.05197262763977051
1778643918.422552,393.8761124610901,7859,17193,jpeg,0.04475045204162598
1778643918.4746127,393.92817306518555,7860,17207,jpeg,0.052060604095458984
1778643918.5253146,393.9788749217987,7861,17217,jpeg,0.05070185661315918
1778643918.5737014,394.0272617340088,7862,17208,jpeg,0.04838681221008301
1778643918.629348,394.0829083919525,7863,17204,jpeg,0.055646657943725586
1778643918.675283,394.1288433074951,7864,17204,jpeg,0.04593491554260254
1778643918.721587,394.17514729499817,7865,17213,jpeg,0.04630398750305176
1778643918.776566,394.2301263809204,7866,17225,jpeg,0.05497908592224121
1778643918.8256485,394.2792088985443,7867,17222,jpeg,0.04908251762390137
1778643918.876533,394.33009338378906,7868,17228,jpeg,0.05088448524475098
1778643918.924046,394.37760639190674,7869,17225,jpeg,0.04751300811767578
1778643918.9779172,394.4314775466919,7870,17241,jpeg,0.05387115478515625
1778643919.0231194,394.4766798019409,7871,17242,jpeg,0.04520225524902344
1778643919.0730946,394.526654958725,7872,17246,jpeg,0.04997515678405762
1778643919.1248693,394.5784296989441,7873,17229,jpeg,0.05177474021911621
1778643919.1722224,394.6257827281952,7874,17241,jpeg,0.04735302925109863
1778643919.2306082,394.6841685771942,7875,17239,jpeg,0.05838584899902344
1778643919.2773225,394.7308828830719,7876,17213,jpeg,0.04671430587768555
1778643919.3223252,394.7758855819702,7877,17199,jpeg,0.04500269889831543
1778643919.3727438,394.8263041973114,7878,17209,jpeg,0.05041861534118652
1778643919.4254024,394.87896275520325,7879,17223,jpeg,0.0526585578918457
1778643919.4794548,394.9330151081085,7880,17193,jpeg,0.05405235290527344
1778643919.520978,394.9745383262634,7881,17220,jpeg,0.04152321815490723
1778643919.574756,395.02831625938416,7882,17225,jpeg,0.05377793312072754
1778643919.6221013,395.0756616592407,7883,17234,jpeg,0.04734539985656738
1778643919.6797764,395.13333678245544,7884,17230,jpeg,0.05767512321472168
1778643919.725223,395.17878341674805,7885,17217,jpeg,0.04544663429260254
1778643919.7740657,395.2276260852814,7886,17230,jpeg,0.048842668533325195
1778643919.823901,395.2774612903595,7887,17236,jpeg,0.049835205078125
1778643919.873413,395.32697343826294,7888,17237,jpeg,0.04951214790344238
1778643919.9244208,395.3779811859131,7889,17235,jpeg,0.051007747650146484
1778643919.976331,395.42989134788513,7890,17244,jpeg,0.0519101619720459
1778643920.0228107,395.476371049881,7891,17234,jpeg,0.04647970199584961
1778643920.0729914,395.5265517234802,7892,17249,jpeg,0.050180673599243164
1778643920.1223598,395.57592010498047,7893,17246,jpeg,0.04936838150024414
1778643920.1725378,395.62609815597534,7894,17234,jpeg,0.05017805099487305
1778643920.223367,395.67692732810974,7895,17208,jpeg,0.050829172134399414
1778643920.273214,395.7267744541168,7896,17198,jpeg,0.04984712600708008
1778643920.3250742,395.77863454818726,7897,17208,jpeg,0.05186009407043457
1778643920.3715699,395.8251302242279,7898,17245,jpeg,0.046495676040649414
1778643920.4223192,395.8758795261383,7899,17260,jpeg,0.05074930191040039
1778643920.4731932,395.9267535209656,7900,17245,jpeg,0.05087399482727051
1778643920.5224068,395.975967168808,7901,17234,jpeg,0.04921364784240723
1778643920.5727308,396.02629113197327,7902,17220,jpeg,0.0503239631652832
1778643920.6254976,396.0790579319,7903,17229,jpeg,0.05276679992675781
1778643920.6732583,396.1268186569214,7904,17210,jpeg,0.047760725021362305
1778643920.7225194,396.17607975006104,7905,17247,jpeg,0.04926109313964844
1778643920.7754378,396.2289981842041,7906,17262,jpeg,0.052918434143066406
1778643920.826702,396.28026247024536,7907,17241,jpeg,0.051264286041259766
1778643920.8735855,396.32714581489563,7908,17228,jpeg,0.046883344650268555
1778643920.9273007,396.38086104393005,7909,17242,jpeg,0.05371522903442383
1778643920.9711528,396.4247131347656,7910,17225,jpeg,0.04385209083557129
1778643921.0339298,396.48749017715454,7911,17230,jpeg,0.06277704238891602
1778643921.076336,396.52989625930786,7912,17251,jpeg,0.04240608215332031
1778643921.1292613,396.5828216075897,7913,17233,jpeg,0.05292534828186035
1778643921.1737041,396.6272644996643,7914,17237,jpeg,0.04444289207458496
1778643921.2249544,396.6785147190094,7915,17227,jpeg,0.05125021934509277
1778643921.286753,396.7403132915497,7916,17246,jpeg,0.0617985725402832
1778643921.3231664,396.7767267227173,7917,17253,jpeg,0.03641343116760254
1778643921.3753653,396.8289256095886,7918,17247,jpeg,0.05219888687133789
1778643921.4212523,396.8748126029968,7919,17228,jpeg,0.045886993408203125
1778643921.4732647,396.9268250465393,7920,17239,jpeg,0.05201244354248047
1778643921.526369,396.9799294471741,7921,17250,jpeg,0.053104400634765625
1778643921.5745342,397.0280945301056,7922,17259,jpeg,0.048165082931518555
1778643921.6244452,397.07800555229187,7923,17231,jpeg,0.0499110221862793
1778643921.6754727,397.1290330886841,7924,17231,jpeg,0.051027536392211914
1778643921.7253096,397.17886996269226,7925,17247,jpeg,0.04983687400817871
1778643921.7742772,397.22783756256104,7926,17244,jpeg,0.048967599868774414
1778643921.8270733,397.280633687973,7927,17228,jpeg,0.052796125411987305
1778643921.878327,397.3318872451782,7928,17244,jpeg,0.051253557205200195
1778643921.9311652,397.3847255706787,7929,17236,jpeg,0.05283832550048828
1778643921.9759262,397.4294865131378,7930,17208,jpeg,0.044760942459106445
1778643922.0206637,397.4742240905762,7931,17221,jpeg,0.04473757743835449
1778643922.073949,397.5275094509125,7932,17205,jpeg,0.05328536033630371
1778643922.1235576,397.5771179199219,7933,17239,jpeg,0.049608469009399414
1778643922.1729503,397.6265106201172,7934,17220,jpeg,0.0493927001953125
1778643922.2241182,397.6776785850525,7935,17240,jpeg,0.051167964935302734
1778643922.274656,397.7282164096832,7936,17220,jpeg,0.050537824630737305
1778643922.3241231,397.7776834964752,7937,17227,jpeg,0.04946708679199219
1778643922.372945,397.82650542259216,7938,17236,jpeg,0.04882192611694336
1778643922.4232733,397.87683367729187,7939,17216,jpeg,0.05032825469970703
1778643922.4725637,397.92612409591675,7940,17198,jpeg,0.04929041862487793
1778643922.521192,397.97475242614746,7941,17216,jpeg,0.04862833023071289
1778643922.5728228,398.0263831615448,7942,17220,jpeg,0.05163073539733887
1778643922.622089,398.0756492614746,7943,17215,jpeg,0.04926609992980957
1778643922.6709654,398.12452578544617,7944,17239,jpeg,0.04887652397155762
1778643922.7232118,398.17677211761475,7945,17223,jpeg,0.0522463321685791
1778643922.7715123,398.2250726222992,7946,17215,jpeg,0.04830050468444824
1778643922.8219585,398.27551889419556,7947,17210,jpeg,0.050446271896362305
1778643922.8734617,398.3270220756531,7948,17209,jpeg,0.05150318145751953
1778643922.9224143,398.37597465515137,7949,17229,jpeg,0.048952579498291016
1778643922.9744036,398.4279639720917,7950,17215,jpeg,0.05198931694030762
1778643923.0267756,398.48033595085144,7951,17188,jpeg,0.052371978759765625
1778643923.073569,398.5271294116974,7952,17226,jpeg,0.046793460845947266
1778643923.1235447,398.5771050453186,7953,17208,jpeg,0.04997563362121582
1778643923.1782365,398.631796836853,7954,17209,jpeg,0.05469179153442383
1778643923.2242155,398.67777585983276,7955,17214,jpeg,0.04597902297973633
1778643923.281109,398.7346694469452,7956,17197,jpeg,0.05689358711242676
1778643923.3286006,398.78216099739075,7957,17206,jpeg,0.04749155044555664
1778643923.3739374,398.8274977207184,7958,17182,jpeg,0.04533672332763672
1778643923.4267328,398.88029313087463,7959,17195,jpeg,0.05279541015625
1778643923.4833853,398.9369456768036,7960,17230,jpeg,0.05665254592895508
1778643923.527962,398.98152232170105,7961,17210,jpeg,0.04457664489746094
1778643923.5776334,399.03119373321533,7962,17239,jpeg,0.04967141151428223
1778643923.6302736,399.0838339328766,7963,17220,jpeg,0.05264019966125488
1778643923.6798456,399.1334059238434,7964,17244,jpeg,0.049571990966796875
1778643923.7248542,399.1784145832062,7965,17212,jpeg,0.04500865936279297
1778643923.7733963,399.22695660591125,7966,17183,jpeg,0.048542022705078125
1778643923.825888,399.27944827079773,7967,17175,jpeg,0.05249166488647461
1778643923.8750527,399.3286130428314,7968,17185,jpeg,0.049164772033691406
1778643923.927317,399.38087725639343,7969,17223,jpeg,0.05226421356201172
1778643923.9727347,399.42629504203796,7970,17180,jpeg,0.04541778564453125
1778643924.0242984,399.4778587818146,7971,17205,jpeg,0.05156373977661133
1778643924.0762525,399.5298128128052,7972,17194,jpeg,0.051954030990600586
1778643924.1226885,399.57624888420105,7973,17187,jpeg,0.04643607139587402
1778643924.1738093,399.6273696422577,7974,17199,jpeg,0.051120758056640625
1778643924.224467,399.6780273914337,7975,17176,jpeg,0.05065774917602539
1778643924.2713492,399.7249095439911,7976,17188,jpeg,0.04688215255737305
1778643924.3221025,399.77566289901733,7977,17208,jpeg,0.05075335502624512
1778643924.3752837,399.82884407043457,7978,17161,jpeg,0.05318117141723633
1778643924.4205823,399.87414264678955,7979,17158,jpeg,0.04529857635498047
1778643924.47196,399.92552042007446,7980,17195,jpeg,0.05137777328491211
1778643924.522949,399.97650933265686,7981,17192,jpeg,0.05098891258239746
1778643924.5693038,400.02286410331726,7982,17188,jpeg,0.04635477066040039
1778643924.620111,400.0736713409424,7983,17179,jpeg,0.05080723762512207
1778643924.6721542,400.12571454048157,7984,17213,jpeg,0.05204319953918457
1778643924.7192137,400.1727740764618,7985,17203,jpeg,0.04705953598022461
1778643924.7702212,400.22378158569336,7986,17161,jpeg,0.05100750923156738
1778643924.8263535,400.2799139022827,7987,17170,jpeg,0.05613231658935547
1778643924.8695624,400.32312273979187,7988,17184,jpeg,0.04320883750915527
1778643924.9199452,400.3735055923462,7989,17188,jpeg,0.05038285255432129
1778643924.9758458,400.42940616607666,7990,17217,jpeg,0.05590057373046875
1778643925.0231707,400.4767310619354,7991,17201,jpeg,0.04732489585876465
1778643925.0704768,400.52403712272644,7992,17194,jpeg,0.047306060791015625
1778643925.1250947,400.57865500450134,7993,17205,jpeg,0.054617881774902344
1778643925.1706688,400.62422919273376,7994,17208,jpeg,0.045574188232421875
1778643925.2225835,400.6761438846588,7995,17215,jpeg,0.05191469192504883
1778643925.2743397,400.72790002822876,7996,17186,jpeg,0.05175614356994629
1778643925.3259006,400.7794609069824,7997,17194,jpeg,0.05156087875366211
1778643925.3705914,400.8241517543793,7998,17187,jpeg,0.044690847396850586
1778643925.4239364,400.87749671936035,7999,17171,jpeg,0.0533449649810791
1778643925.47709,400.9306502342224,8000,17205,jpeg,0.05315351486206055
1778643925.5224028,400.97596311569214,8001,17193,jpeg,0.04531288146972656
1778643925.576231,401.02979135513306,8002,17200,jpeg,0.05382823944091797
1778643925.6220682,401.0756285190582,8003,17205,jpeg,0.0458371639251709
1778643925.6802323,401.1337926387787,8004,17196,jpeg,0.058164119720458984
1778643925.7235203,401.1770806312561,8005,17182,jpeg,0.04328799247741699
1778643925.7688448,401.2224051952362,8006,17164,jpeg,0.04532456398010254
1778643925.8274748,401.28103518486023,8007,17198,jpeg,0.05862998962402344
1778643925.878088,401.33164834976196,8008,17172,jpeg,0.0506131649017334
1778643925.918728,401.3722884654999,8009,17178,jpeg,0.04064011573791504
1778643925.9684088,401.42196917533875,8010,17182,jpeg,0.04968070983886719
1778643926.0235705,401.4771308898926,8011,17182,jpeg,0.05516171455383301
1778643926.0701323,401.52369260787964,8012,17173,jpeg,0.04656171798706055
1778643926.1205547,401.5741150379181,8013,17204,jpeg,0.05042243003845215
1778643926.1729574,401.62651777267456,8014,17211,jpeg,0.05240273475646973
1778643926.2242856,401.677845954895,8015,17217,jpeg,0.051328182220458984
1778643926.270897,401.72445726394653,8016,17202,jpeg,0.04661130905151367
1778643926.3216937,401.7752540111542,8017,17191,jpeg,0.0507967472076416
1778643926.3702881,401.82384848594666,8018,17190,jpeg,0.04859447479248047
1778643926.4260175,401.87957787513733,8019,17207,jpeg,0.05572938919067383
1778643926.4733603,401.9269206523895,8020,17211,jpeg,0.047342777252197266
1778643926.5179837,401.9715440273285,8021,17191,jpeg,0.044623374938964844
1778643926.5681343,402.02169466018677,8022,17180,jpeg,0.05015063285827637
1778643926.6220634,402.07562375068665,8023,17143,jpeg,0.05392909049987793
1778643926.670977,402.12453746795654,8024,17207,jpeg,0.04891371726989746
1778643926.718232,402.17179226875305,8025,17170,jpeg,0.04725480079650879
1778643926.7761846,402.22974491119385,8026,17174,jpeg,0.0579526424407959
1778643926.8219194,402.2754797935486,8027,17207,jpeg,0.04573488235473633
1778643926.868181,402.32174134254456,8028,17193,jpeg,0.04626154899597168
1778643926.925448,402.37900829315186,8029,17188,jpeg,0.057266950607299805
1778643926.9695308,402.423091173172,8030,17173,jpeg,0.0440828800201416
1778643927.018795,402.4723553657532,8031,17216,jpeg,0.04926419258117676
1778643927.0740867,402.5276470184326,8032,17190,jpeg,0.05529165267944336
1778643927.1217816,402.57534193992615,8033,17183,jpeg,0.04769492149353027
1778643927.1707375,402.62429785728455,8034,17192,jpeg,0.04895591735839844
1778643927.223509,402.6770694255829,8035,17197,jpeg,0.052771568298339844
1778643927.2752948,402.72885513305664,8036,17170,jpeg,0.05178570747375488
1778643927.3194678,402.7730281352997,8037,17174,jpeg,0.04417300224304199
1778643927.3748384,402.8283987045288,8038,17168,jpeg,0.05537056922912598
1778643927.4199245,402.8734848499298,8039,17183,jpeg,0.04508614540100098
1778643927.4690752,402.92263555526733,8040,17213,jpeg,0.049150705337524414
1778643927.5256414,402.97920179367065,8041,17204,jpeg,0.05656623840332031
1778643927.5716047,403.02516508102417,8042,17201,jpeg,0.045963287353515625
1778643927.6183083,403.0718686580658,8043,17178,jpeg,0.04670357704162598
1778643927.6718934,403.12545371055603,8044,17183,jpeg,0.053585052490234375
1778643927.7187798,403.1723401546478,8045,17162,jpeg,0.046886444091796875
1778643927.7719736,403.22553396224976,8046,17173,jpeg,0.05319380760192871
1778643927.8212166,403.2747769355774,8047,17180,jpeg,0.04924297332763672
1778643927.8744588,403.3280191421509,8048,17188,jpeg,0.05324220657348633
1778643927.9220357,403.37559604644775,8049,17186,jpeg,0.047576904296875
1778643927.982604,403.4361643791199,8050,17195,jpeg,0.06056833267211914
1778643928.02129,403.4748504161835,8051,17179,jpeg,0.03868603706359863
1778643928.0703526,403.52391290664673,8052,17196,jpeg,0.049062490463256836
1778643928.1216545,403.5752148628235,8053,17170,jpeg,0.05130195617675781
1778643928.1717365,403.625296831131,8054,17174,jpeg,0.05008196830749512
1778643928.219999,403.67355942726135,8055,17189,jpeg,0.048262596130371094
1778643928.2703633,403.7239236831665,8056,17171,jpeg,0.05036425590515137
1778643928.3189876,403.7725479602814,8057,17165,jpeg,0.048624277114868164
1778643928.3692255,403.8227858543396,8058,17179,jpeg,0.05023789405822754
1778643928.420423,403.8739833831787,8059,17182,jpeg,0.05119752883911133
1778643928.469067,403.92262744903564,8060,17161,jpeg,0.048644065856933594
1778643928.5204551,403.97401547431946,8061,17170,jpeg,0.05138802528381348
1778643928.570214,404.02377438545227,8062,17157,jpeg,0.0497589111328125
1778643928.618664,404.0722243785858,8063,17162,jpeg,0.04844999313354492
1778643928.6701996,404.1237599849701,8064,17182,jpeg,0.051535606384277344
1778643928.7208042,404.174364566803,8065,17175,jpeg,0.05060458183288574
1778643928.7711198,404.224680185318,8066,17187,jpeg,0.05031561851501465
1778643928.8214958,404.2750561237335,8067,17187,jpeg,0.050375938415527344
1778643928.8723733,404.3259336948395,8068,17154,jpeg,0.05087757110595703
1778643928.9217527,404.37531304359436,8069,17172,jpeg,0.04937934875488281
1778643928.97006,404.4236204624176,8070,17182,jpeg,0.04830741882324219
1778643929.021177,404.474737405777,8071,17175,jpeg,0.051116943359375
1778643929.0742438,404.52780413627625,8072,17144,jpeg,0.05306673049926758
1778643929.1211252,404.5746855735779,8073,17164,jpeg,0.04688143730163574
1778643929.173705,404.6272654533386,8074,17180,jpeg,0.05257987976074219
1778643929.220111,404.67367124557495,8075,17171,jpeg,0.046405792236328125
1778643929.268863,404.7224233150482,8076,17147,jpeg,0.0487520694732666
1778643929.322887,404.7764472961426,8077,17178,jpeg,0.05402398109436035
1778643929.3702283,404.8237886428833,8078,17165,jpeg,0.047341346740722656
1778643929.4232194,404.876779794693,8079,17166,jpeg,0.05299115180969238
1778643929.4734979,404.92705821990967,8080,17164,jpeg,0.050278425216674805
1778643929.5201857,404.9737460613251,8081,17167,jpeg,0.04668784141540527
1778643929.5730247,405.0265851020813,8082,17184,jpeg,0.052839040756225586
1778643929.6219296,405.07548999786377,8083,17155,jpeg,0.0489048957824707
1778643929.6721888,405.12574911117554,8084,17199,jpeg,0.05025911331176758
1778643929.722795,405.1763553619385,8085,17180,jpeg,0.05060625076293945
1778643929.7751846,405.2287449836731,8086,17191,jpeg,0.05238962173461914
1778643929.823858,405.27741837501526,8087,17149,jpeg,0.048673391342163086
1778643929.870295,405.32385540008545,8088,17176,jpeg,0.04643702507019043
1778643929.922642,405.3762023448944,8089,17206,jpeg,0.05234694480895996
1778643929.9719563,405.4255166053772,8090,17194,jpeg,0.049314260482788086
1778643930.0252929,405.478853225708,8091,17167,jpeg,0.05333662033081055
1778643930.0730565,405.5266168117523,8092,17202,jpeg,0.04776358604431152
1778643930.123602,405.5771622657776,8093,17170,jpeg,0.050545454025268555
1778643930.1750016,405.6285619735718,8094,17200,jpeg,0.05139970779418945
1778643930.2233393,405.67689967155457,8095,17176,jpeg,0.048337697982788086
1778643930.2728796,405.72643995285034,8096,17188,jpeg,0.04954028129577637
1778643930.3191981,405.7727584838867,8097,17193,jpeg,0.04631853103637695
1778643930.3722649,405.825825214386,8098,17186,jpeg,0.05306673049926758
1778643930.4229355,405.8764958381653,8099,17190,jpeg,0.050670623779296875
1778643930.470353,405.92391324043274,8100,17199,jpeg,0.047417402267456055
1778643930.5207574,405.97431778907776,8101,17191,jpeg,0.05040454864501953
1778643930.5719972,406.02555751800537,8102,17173,jpeg,0.051239728927612305
1778643930.6199036,406.07346391677856,8103,17198,jpeg,0.04790639877319336
1778643930.6739466,406.12750697135925,8104,17159,jpeg,0.05404305458068848
1778643930.720623,406.17418336868286,8105,17181,jpeg,0.0466763973236084
1778643930.7704585,406.22401881217957,8106,17205,jpeg,0.0498354434967041
1778643930.8232934,406.27685379981995,8107,17181,jpeg,0.05283498764038086
1778643930.8710904,406.32465076446533,8108,17198,jpeg,0.04779696464538574
1778643930.9190128,406.3725731372833,8109,17192,jpeg,0.047922372817993164
1778643930.9733071,406.4268674850464,8110,17196,jpeg,0.05429434776306152
1778643931.020744,406.47430443763733,8111,17207,jpeg,0.04743695259094238
1778643931.0701666,406.52372694015503,8112,17183,jpeg,0.049422502517700195
1778643931.1210167,406.5745770931244,8113,17162,jpeg,0.05085015296936035
1778643931.1723268,406.62588715553284,8114,17173,jpeg,0.051310062408447266
1778643931.2238295,406.6773898601532,8115,17169,jpeg,0.05150270462036133
1778643931.2742965,406.72785687446594,8116,17154,jpeg,0.05046701431274414
1778643931.3195927,406.77315306663513,8117,17152,jpeg,0.04529619216918945
1778643931.3744695,406.82802987098694,8118,17171,jpeg,0.05487680435180664
1778643931.422474,406.87603425979614,8119,17169,jpeg,0.0480043888092041
1778643931.4730854,406.9266457557678,8120,17190,jpeg,0.05061149597167969
1778643931.5193496,406.97290992736816,8121,17193,jpeg,0.0462641716003418
1778643931.575865,407.02942538261414,8122,17201,jpeg,0.05651545524597168
1778643931.6224637,407.07602405548096,8123,17217,jpeg,0.04659867286682129
1778643931.6689985,407.1225588321686,8124,17190,jpeg,0.04653477668762207
1778643931.7232432,407.1768035888672,8125,17181,jpeg,0.0542447566986084
1778643931.7710428,407.22460317611694,8126,17191,jpeg,0.04779958724975586
1778643931.822262,407.27582240104675,8127,17182,jpeg,0.05121922492980957
1778643931.8724468,407.32600712776184,8128,17188,jpeg,0.05018472671508789
1778643931.9220424,407.37560272216797,8129,17167,jpeg,0.04959559440612793
1778643931.971249,407.4248094558716,8130,17180,jpeg,0.04920673370361328
1778643932.0203073,407.4738676548004,8131,17157,jpeg,0.04905819892883301
1778643932.0742939,407.52785420417786,8132,17152,jpeg,0.053986549377441406
1778643932.1210303,407.5745906829834,8133,17179,jpeg,0.04673647880554199
1778643932.1698358,407.6233961582184,8134,17165,jpeg,0.04880547523498535
1778643932.2245905,407.6781508922577,8135,17148,jpeg,0.05475473403930664
1778643932.270169,407.72372937202454,8136,17165,jpeg,0.0455784797668457
1778643932.319667,407.7732274532318,8137,17200,jpeg,0.04949808120727539
1778643932.3715172,407.8250775337219,8138,17190,jpeg,0.051850080490112305
1778643932.419648,407.87320828437805,8139,17164,jpeg,0.04813075065612793
1778643932.471039,407.9245994091034,8140,17192,jpeg,0.0513911247253418
1778643932.5224159,407.975976228714,8141,17162,jpeg,0.0513768196105957
1778643932.567047,408.02060747146606,8142,17177,jpeg,0.044631242752075195
1778643932.6184304,408.0719907283783,8143,17165,jpeg,0.051383256912231445
1778643932.6719642,408.125524520874,8144,17152,jpeg,0.05353379249572754
1778643932.718386,408.17194628715515,8145,17152,jpeg,0.04642176628112793
1778643932.7692838,408.22284412384033,8146,17137,jpeg,0.050897836685180664
1778643932.8207219,408.27428221702576,8147,17152,jpeg,0.051438093185424805
1778643932.8714883,408.32504868507385,8148,17147,jpeg,0.0507664680480957
1778643932.9255621,408.37912249565125,8149,17175,jpeg,0.05407381057739258
1778643932.9720328,408.4255931377411,8150,17177,jpeg,0.04647064208984375
1778643933.0204613,408.4740216732025,8151,17197,jpeg,0.04842853546142578
1778643933.0724561,408.52601647377014,8152,17170,jpeg,0.05199480056762695
1778643933.1172912,408.57085156440735,8153,17170,jpeg,0.04483509063720703
1778643933.168121,408.6216814517975,8154,17190,jpeg,0.05082988739013672
1778643933.2197375,408.6732978820801,8155,17161,jpeg,0.05161643028259277
1778643933.268741,408.7223012447357,8156,17166,jpeg,0.04900336265563965
1778643933.3168538,408.7704141139984,8157,17177,jpeg,0.04811286926269531
1778643933.3712697,408.8248300552368,8158,17190,jpeg,0.05441594123840332
1778643933.4198565,408.87341690063477,8159,17176,jpeg,0.04858684539794922
1778643933.4671752,408.9207355976105,8160,17165,jpeg,0.04731869697570801
1778643933.521633,408.9751932621002,8161,17171,jpeg,0.054457664489746094
1778643933.5685883,409.0221486091614,8162,17154,jpeg,0.04695534706115723
1778643933.6194892,409.0730495452881,8163,17154,jpeg,0.050900936126708984
1778643933.671146,409.12470626831055,8164,17172,jpeg,0.05165672302246094
1778643933.723463,409.1770234107971,8165,17164,jpeg,0.052317142486572266
1778643933.7708776,409.2244379520416,8166,17160,jpeg,0.047414541244506836
1778643933.819399,409.2729594707489,8167,17159,jpeg,0.04852151870727539
1778643933.870619,409.32417941093445,8168,17176,jpeg,0.051219940185546875
1778643933.918438,409.3719983100891,8169,17163,jpeg,0.047818899154663086
1778643933.9742372,409.42779755592346,8170,17141,jpeg,0.055799245834350586
1778643934.0209928,409.47455310821533,8171,17138,jpeg,0.04675555229187012
1778643934.0688386,409.52239894866943,8172,17174,jpeg,0.04784584045410156
1778643934.1223145,409.57587480545044,8173,17191,jpeg,0.05347585678100586
1778643934.1682956,409.6218559741974,8174,17172,jpeg,0.04598116874694824
1778643934.2184632,409.6720235347748,8175,17154,jpeg,0.05016756057739258
1778643934.2790604,409.73262071609497,8176,17156,jpeg,0.06059718132019043
1778643934.3252141,409.7787744998932,8177,17173,jpeg,0.04615378379821777
1778643934.3708262,409.8243865966797,8178,17175,jpeg,0.04561209678649902
1778643934.4216268,409.8751871585846,8179,17152,jpeg,0.05080056190490723
1778643934.468612,409.92217230796814,8180,17128,jpeg,0.04698514938354492
1778643934.517176,409.9707362651825,8181,17162,jpeg,0.04856395721435547
1778643934.5713875,410.0249478816986,8182,17168,jpeg,0.05421161651611328
1778643934.61613,410.0696904659271,8183,17158,jpeg,0.044742584228515625
1778643934.6652193,410.11877965927124,8184,17151,jpeg,0.04908919334411621
1778643934.7194238,410.17298412323,8185,17166,jpeg,0.054204463958740234
1778643934.7704206,410.2239809036255,8186,17163,jpeg,0.05099678039550781
1778643934.815941,410.2695014476776,8187,17153,jpeg,0.04552054405212402
1778643934.8686051,410.3221654891968,8188,17151,jpeg,0.05266404151916504
1778643934.9160032,410.3695635795593,8189,17162,jpeg,0.04739809036254883
1778643934.9682047,410.42176508903503,8190,17176,jpeg,0.05220150947570801
1778643935.0181155,410.47167587280273,8191,17167,jpeg,0.049910783767700195
1778643935.0704072,410.52396750450134,8192,17187,jpeg,0.0522916316986084
1778643935.1175895,410.5711498260498,8193,17160,jpeg,0.047182321548461914
1778643935.1674166,410.62097692489624,8194,17147,jpeg,0.04982709884643555
1778643935.2200952,410.67365550994873,8195,17184,jpeg,0.052678585052490234
1778643935.268642,410.7222023010254,8196,17208,jpeg,0.048546791076660156
1778643935.318093,410.7716534137726,8197,17187,jpeg,0.04945111274719238
1778643935.3701913,410.82375168800354,8198,17167,jpeg,0.05209827423095703
1778643935.4205718,410.87413215637207,8199,17201,jpeg,0.05038046836853027
1778643935.4711814,410.9247417449951,8200,17192,jpeg,0.050609588623046875
1778643935.519826,410.9733862876892,8201,17160,jpeg,0.0486445426940918
1778643935.5699396,411.0234999656677,8202,17157,jpeg,0.050113677978515625
1778643935.6206846,411.0742449760437,8203,17169,jpeg,0.05074501037597656
1778643935.6715481,411.1251084804535,8204,17171,jpeg,0.05086350440979004
1778643935.7184048,411.1719651222229,8205,17161,jpeg,0.04685664176940918
1778643935.7740538,411.2276141643524,8206,17173,jpeg,0.0556490421295166
1778643935.818452,411.27201223373413,8207,17159,jpeg,0.04439806938171387
1778643935.8680494,411.3216097354889,8208,17167,jpeg,0.04959750175476074
1778643935.9178114,411.37137174606323,8209,17143,jpeg,0.04976201057434082
1778643935.9706604,411.4242208003998,8210,17139,jpeg,0.05284905433654785
1778643936.017442,411.4710023403168,8211,17144,jpeg,0.04678153991699219
1778643936.0677934,411.52135372161865,8212,17166,jpeg,0.05035138130187988
1778643936.1182704,411.5718307495117,8213,17188,jpeg,0.050477027893066406
1778643936.1660774,411.6196377277374,8214,17185,jpeg,0.04780697822570801
1778643936.2207623,411.67432260513306,8215,17171,jpeg,0.05468487739562988
1778643936.2680745,411.72163486480713,8216,17162,jpeg,0.047312259674072266
1778643936.3190317,411.7725920677185,8217,17143,jpeg,0.05095720291137695
1778643936.373656,411.82721638679504,8218,17155,jpeg,0.054624319076538086
1778643936.4213946,411.87495493888855,8219,17178,jpeg,0.04773855209350586
1778643936.4685256,411.9220860004425,8220,17153,jpeg,0.04713106155395508
1778643936.520396,411.97395634651184,8221,17142,jpeg,0.05187034606933594
1778643936.572042,412.02560234069824,8222,17150,jpeg,0.05164599418640137
1778643936.6173427,412.07090306282043,8223,17124,jpeg,0.04530072212219238
1778643936.6697774,412.1233377456665,8224,17144,jpeg,0.052434682846069336
1778643936.7181616,412.1717219352722,8225,17157,jpeg,0.04838418960571289
1778643936.7693667,412.22292709350586,8226,17165,jpeg,0.05120515823364258
1778643936.820956,412.27451634407043,8227,17151,jpeg,0.051589250564575195
1778643936.870633,412.32419323921204,8228,17150,jpeg,0.04967689514160156
1778643936.9188943,412.3724546432495,8229,17138,jpeg,0.048261404037475586
1778643936.9676325,412.4211928844452,8230,17143,jpeg,0.04873824119567871
1778643937.0198822,412.4734425544739,8231,17124,jpeg,0.05224967002868652
1778643937.0710213,412.5245816707611,8232,17150,jpeg,0.051139116287231445
1778643937.1186297,412.5721900463104,8233,17135,jpeg,0.047608375549316406
1778643937.168483,412.62204337120056,8234,17155,jpeg,0.04985332489013672
1778643937.217613,412.6711733341217,8235,17147,jpeg,0.04912996292114258
1778643937.267414,412.720974445343,8236,17142,jpeg,0.04980111122131348
1778643937.3202972,412.7738575935364,8237,17158,jpeg,0.052883148193359375
1778643937.3671885,412.82074880599976,8238,17167,jpeg,0.046891212463378906
1778643937.4199657,412.873526096344,8239,17132,jpeg,0.05277729034423828
1778643937.4828079,412.936368227005,8240,17173,jpeg,0.06284213066101074
1778643937.5161505,412.9697108268738,8241,17125,jpeg,0.033342599868774414
1778643937.5702388,413.0237991809845,8242,17163,jpeg,0.05408835411071777
1778643937.6187327,413.0722930431366,8243,17120,jpeg,0.04849386215209961
1778643937.6732526,413.1268129348755,8244,17134,jpeg,0.0545198917388916
1778643937.7199938,413.1735541820526,8245,17150,jpeg,0.04674124717712402
1778643937.7691827,413.2227430343628,8246,17124,jpeg,0.049188852310180664
1778643937.822656,413.27621626853943,8247,17119,jpeg,0.05347323417663574
1778643937.869371,413.32293128967285,8248,17157,jpeg,0.04671502113342285
1778643937.923558,413.3771183490753,8249,17127,jpeg,0.05418705940246582
1778643937.9741566,413.4277169704437,8250,17114,jpeg,0.0505986213684082
1778643938.0273826,413.48094296455383,8251,17137,jpeg,0.05322599411010742
1778643938.0709743,413.524534702301,8252,17122,jpeg,0.04359173774719238
1778643938.1198127,413.5733730792999,8253,17120,jpeg,0.04883837699890137
1778643938.1739247,413.62748503685,8254,17131,jpeg,0.05411195755004883
1778643938.2227397,413.6763000488281,8255,17146,jpeg,0.048815011978149414
1778643938.2724805,413.7260408401489,8256,17144,jpeg,0.04974079132080078
1778643938.3209224,413.7744827270508,8257,17148,jpeg,0.04844188690185547
1778643938.370705,413.8242652416229,8258,17154,jpeg,0.049782514572143555
1778643938.4185834,413.87214374542236,8259,17174,jpeg,0.04787850379943848
1778643938.4699652,413.9235255718231,8260,17151,jpeg,0.051381826400756836
1778643938.5182867,413.97184705734253,8261,17159,jpeg,0.04832148551940918
1778643938.5674202,414.02098059654236,8262,17131,jpeg,0.0491335391998291
1778643938.6193206,414.07288098335266,8263,17129,jpeg,0.051900386810302734
1778643938.672854,414.12641429901123,8264,17140,jpeg,0.053533315658569336
1778643938.718202,414.17176246643066,8265,17164,jpeg,0.045348167419433594
1778643938.772422,414.22598242759705,8266,17132,jpeg,0.054219961166381836
1778643938.8158686,414.26942896842957,8267,17177,jpeg,0.04344654083251953
1778643938.8682327,414.3217930793762,8268,17146,jpeg,0.05236411094665527
1778643938.9204953,414.3740556240082,8269,17138,jpeg,0.05226254463195801
1778643938.9691641,414.42272448539734,8270,17155,jpeg,0.048668861389160156
1778643939.0168264,414.47038674354553,8271,17147,jpeg,0.04766225814819336
1778643939.075878,414.5294382572174,8272,17156,jpeg,0.059051513671875
1778643939.121062,414.5746223926544,8273,17139,jpeg,0.04518413543701172
1778643939.1670902,414.62065052986145,8274,17125,jpeg,0.04602813720703125
1778643939.221184,414.6747443675995,8275,17132,jpeg,0.05409383773803711
1778643939.2697167,414.72327709198,8276,17096,jpeg,0.048532724380493164
1778643939.3191504,414.7727108001709,8277,17142,jpeg,0.04943370819091797
1778643939.3702998,414.82386016845703,8278,17144,jpeg,0.05114936828613281
1778643939.4211314,414.8746917247772,8279,17113,jpeg,0.05083155632019043
1778643939.4684608,414.922021150589,8280,17133,jpeg,0.04732942581176758
1778643939.5199335,414.9734938144684,8281,17108,jpeg,0.05147266387939453
1778643939.5686586,415.0222189426422,8282,17116,jpeg,0.048725128173828125
1778643939.6190722,415.07263255119324,8283,17113,jpeg,0.05041360855102539
1778643939.6684692,415.122029542923,8284,17121,jpeg,0.04939699172973633
1778643939.717737,415.17129731178284,8285,17148,jpeg,0.04926776885986328
1778643939.7689378,415.22249817848206,8286,17156,jpeg,0.05120086669921875
1778643939.8178482,415.27140855789185,8287,17130,jpeg,0.04891037940979004
1778643939.8698485,415.3234088420868,8288,17134,jpeg,0.05200028419494629
1778643939.927504,415.381064414978,8289,17151,jpeg,0.05765557289123535
1778643939.9701993,415.4237596988678,8290,17132,jpeg,0.04269528388977051
1778643940.0218887,415.4754490852356,8291,17140,jpeg,0.05168938636779785
1778643940.0737736,415.52733397483826,8292,17130,jpeg,0.05188488960266113
1778643940.1196995,415.57325983047485,8293,17150,jpeg,0.04592585563659668
1778643940.1704257,415.6239860057831,8294,17121,jpeg,0.05072617530822754
1778643940.218498,415.67205834388733,8295,17133,jpeg,0.04807233810424805
1778643940.2693613,415.72292160987854,8296,17147,jpeg,0.05086326599121094
1778643940.3206902,415.77425050735474,8297,17130,jpeg,0.05132889747619629
1778643940.3675785,415.82113885879517,8298,17165,jpeg,0.04688835144042969
1778643940.419777,415.87333726882935,8299,17134,jpeg,0.05219841003417969
1778643940.4695601,415.9231204986572,8300,17151,jpeg,0.04978322982788086
1778643940.5175178,415.9710781574249,8301,17112,jpeg,0.047957658767700195
1778643940.5674028,416.0209631919861,8302,17116,jpeg,0.04988503456115723
1778643940.6175292,416.0710895061493,8303,17143,jpeg,0.05012631416320801
1778643940.6670518,416.1206121444702,8304,17146,jpeg,0.04952263832092285
1778643940.7222817,416.17584204673767,8305,17137,jpeg,0.055229902267456055
1778643940.771085,416.22464537620544,8306,17174,jpeg,0.04880332946777344
1778643940.8183506,416.271910905838,8307,17135,jpeg,0.04726552963256836
1778643940.8699696,416.323529958725,8308,17113,jpeg,0.05161905288696289
1778643940.9164107,416.369971036911,8309,17124,jpeg,0.046441078186035156
1778643940.9678814,416.4214417934418,8310,17154,jpeg,0.05147075653076172
1778643941.020344,416.4739043712616,8311,17129,jpeg,0.05246257781982422
1778643941.0664015,416.51996183395386,8312,17138,jpeg,0.04605746269226074
1778643941.116981,416.57054138183594,8313,17125,jpeg,0.05057954788208008
1778643941.171102,416.624662399292,8314,17101,jpeg,0.05412101745605469
1778643941.2164028,416.6699631214142,8315,17143,jpeg,0.04530072212219238
1778643941.2672603,416.7208206653595,8316,17130,jpeg,0.0508575439453125
1778643941.3194456,416.7730059623718,8317,17144,jpeg,0.0521852970123291
1778643941.3650362,416.8185966014862,8318,17118,jpeg,0.04559063911437988
1778643941.4154658,416.86902618408203,8319,17169,jpeg,0.050429582595825195
1778643941.467753,416.92131328582764,8320,17141,jpeg,0.05228710174560547
1778643941.5160592,416.969619512558,8321,17150,jpeg,0.04830622673034668
1778643941.5678232,417.02138352394104,8322,17142,jpeg,0.05176401138305664
1778643941.6169708,417.07053112983704,8323,17137,jpeg,0.049147605895996094
1778643941.6672156,417.12077593803406,8324,17124,jpeg,0.050244808197021484
1778643941.7154624,417.1690227985382,8325,17116,jpeg,0.04824686050415039
1778643941.7726943,417.2262547016144,8326,17154,jpeg,0.057231903076171875
1778643941.8167746,417.27033495903015,8327,17145,jpeg,0.044080257415771484
1778643941.8657622,417.31932258605957,8328,17122,jpeg,0.048987627029418945
1778643941.920216,417.37377643585205,8329,17135,jpeg,0.05445384979248047
1778643941.9697204,417.4232807159424,8330,17158,jpeg,0.04950428009033203
1778643942.0182507,417.4718110561371,8331,17151,jpeg,0.04853034019470215
1778643942.0717568,417.52531719207764,8332,17136,jpeg,0.05350613594055176
1778643942.1202736,417.57383394241333,8333,17131,jpeg,0.04851675033569336
1778643942.1665993,417.6201596260071,8334,17145,jpeg,0.04632568359375
1778643942.2236829,417.67724323272705,8335,17131,jpeg,0.0570836067199707
1778643942.267064,417.7206244468689,8336,17140,jpeg,0.0433812141418457
1778643942.3162367,417.7697970867157,8337,17135,jpeg,0.04917263984680176
1778643942.3687022,417.8222625255585,8338,17142,jpeg,0.05246543884277344
1778643942.4213445,417.87490487098694,8339,17135,jpeg,0.0526423454284668
1778643942.469004,417.9225642681122,8340,17156,jpeg,0.04765939712524414
1778643942.517001,417.97056126594543,8341,17131,jpeg,0.04799699783325195
1778643942.5702877,418.0238480567932,8342,17158,jpeg,0.05328679084777832
1778643942.6169887,418.07054901123047,8343,17149,jpeg,0.04670095443725586
1778643942.6669097,418.12047004699707,8344,17154,jpeg,0.04992103576660156
1778643942.716658,418.1702184677124,8345,17114,jpeg,0.04974842071533203
1778643942.7664323,418.2199926376343,8346,17122,jpeg,0.049774169921875
1778643942.826835,418.2803952693939,8347,17159,jpeg,0.060402631759643555
1778643942.8693507,418.3229110240936,8348,17155,jpeg,0.04251575469970703
1778643942.9156744,418.36923480033875,8349,17126,jpeg,0.04632377624511719
1778643942.9663808,418.4199411869049,8350,17135,jpeg,0.05070638656616211
1778643943.018262,418.4718222618103,8351,17121,jpeg,0.05188107490539551
1778643943.0693595,418.52291989326477,8352,17140,jpeg,0.05109763145446777
1778643943.1183367,418.5718970298767,8353,17143,jpeg,0.04897713661193848
1778643943.1640236,418.61758399009705,8354,17119,jpeg,0.045686960220336914
1778643943.2145839,418.6681442260742,8355,17137,jpeg,0.05056023597717285
1778643943.2681522,418.7217125892639,8356,17131,jpeg,0.053568363189697266
1778643943.3215187,418.7750790119171,8357,17122,jpeg,0.05336642265319824
1778643943.3649602,418.8185205459595,8358,17129,jpeg,0.0434415340423584
1778643943.4173353,418.87089562416077,8359,17143,jpeg,0.052375078201293945
1778643943.4679132,418.9214735031128,8360,17165,jpeg,0.05057787895202637
1778643943.51397,418.9675302505493,8361,17160,jpeg,0.04605674743652344
1778643943.5730746,419.02663493156433,8362,17140,jpeg,0.05910468101501465
1778643943.616593,419.07015323638916,8363,17169,jpeg,0.0435183048248291
1778643943.6663566,419.11991691589355,8364,17120,jpeg,0.04976367950439453
1778643943.719361,419.1729214191437,8365,17135,jpeg,0.05300450325012207
1778643943.7717462,419.2253065109253,8366,17138,jpeg,0.05238509178161621
1778643943.8185084,419.2720687389374,8367,17146,jpeg,0.04676222801208496
1778643943.8690941,419.3226544857025,8368,17145,jpeg,0.05058574676513672
1778643943.920323,419.3738832473755,8369,17166,jpeg,0.05122876167297363
1778643943.9653966,419.4189569950104,8370,17184,jpeg,0.045073747634887695
1778643944.0217144,419.4752748012543,8371,17146,jpeg,0.056317806243896484
1778643944.0714965,419.52505683898926,8372,17144,jpeg,0.04978203773498535
1778643944.1165836,419.5701439380646,8373,17122,jpeg,0.04508709907531738
1778643944.1715343,419.6250946521759,8374,17130,jpeg,0.054950714111328125
1778643944.2193675,419.6729278564453,8375,17141,jpeg,0.04783320426940918
1778643944.2667332,419.7202935218811,8376,17117,jpeg,0.047365665435791016
1778643944.3165095,419.7700698375702,8377,17145,jpeg,0.049776315689086914
1778643944.3706367,419.8241970539093,8378,17138,jpeg,0.05412721633911133
1778643944.4177423,419.8713026046753,8379,17139,jpeg,0.04710555076599121
1778643944.4683545,419.9219148159027,8380,17148,jpeg,0.05061221122741699
1778643944.5174813,419.9710416793823,8381,17161,jpeg,0.04912686347961426
1778643944.5670998,420.02066016197205,8382,17144,jpeg,0.04961848258972168
1778643944.617765,420.071325302124,8383,17131,jpeg,0.05066514015197754
1778643944.667175,420.1207354068756,8384,17144,jpeg,0.049410104751586914
1778643944.7155955,420.16915583610535,8385,17138,jpeg,0.04842042922973633
1778643944.7677255,420.2212858200073,8386,17141,jpeg,0.05212998390197754
1778643944.8177202,420.27128052711487,8387,17115,jpeg,0.049994707107543945
1778643944.869288,420.3228483200073,8388,17120,jpeg,0.051567792892456055
1778643944.9194062,420.37296652793884,8389,17130,jpeg,0.050118207931518555
1778643944.9726896,420.4262499809265,8390,17125,jpeg,0.0532834529876709
1778643945.0158637,420.4694240093231,8391,17121,jpeg,0.043174028396606445
1778643945.0675313,420.5210916996002,8392,17157,jpeg,0.05166769027709961
1778643945.116883,420.5704433917999,8393,17174,jpeg,0.04935169219970703
1778643945.1701357,420.6236960887909,8394,17150,jpeg,0.0532526969909668
1778643945.2189841,420.6725444793701,8395,17136,jpeg,0.04884839057922363
1778643945.2679038,420.7214641571045,8396,17149,jpeg,0.048919677734375
1778643945.320522,420.77408242225647,8397,17148,jpeg,0.05261826515197754
1778643945.3716407,420.8252010345459,8398,17136,jpeg,0.05111861228942871
1778643945.42106,420.87462043762207,8399,17152,jpeg,0.049419403076171875
1778643945.4701018,420.92366218566895,8400,17155,jpeg,0.049041748046875
1778643945.5198538,420.97341418266296,8401,17126,jpeg,0.049751996994018555
1778643945.5695186,421.02307891845703,8402,17144,jpeg,0.04966473579406738
1778643945.618287,421.07184743881226,8403,17156,jpeg,0.04876852035522461
1778643945.6693654,421.1229257583618,8404,17146,jpeg,0.05107831954956055
1778643945.727058,421.1806182861328,8405,17159,jpeg,0.057692527770996094
1778643945.768342,421.2219023704529,8406,17140,jpeg,0.04128408432006836
1778643945.8187177,421.27227807044983,8407,17129,jpeg,0.05037569999694824
1778643945.8717034,421.3252637386322,8408,17159,jpeg,0.05298566818237305
1778643945.916881,421.3704414367676,8409,17134,jpeg,0.04517769813537598
1778643945.972891,421.42645144462585,8410,17126,jpeg,0.05601000785827637
1778643946.0167098,421.47027015686035,8411,17127,jpeg,0.04381871223449707
1778643946.069903,421.52346324920654,8412,17121,jpeg,0.053193092346191406
1778643946.1178634,421.5714237689972,8413,17149,jpeg,0.047960519790649414
1778643946.1680152,421.62157559394836,8414,17104,jpeg,0.050151824951171875
1778643946.2193317,421.67289209365845,8415,17136,jpeg,0.05131649971008301
1778643946.2683406,421.7219009399414,8416,17109,jpeg,0.049008846282958984
1778643946.3209822,421.77454257011414,8417,17121,jpeg,0.05264163017272949
1778643946.3686802,421.8222405910492,8418,17133,jpeg,0.047698020935058594
1778643946.4199412,421.87350153923035,8419,17094,jpeg,0.051260948181152344
1778643946.4715412,421.925101518631,8420,17122,jpeg,0.051599979400634766
1778643946.5180461,421.9716064929962,8421,17131,jpeg,0.046504974365234375
1778643946.571344,422.02490425109863,8422,17118,jpeg,0.05329775810241699
1778643946.6214364,422.0749967098236,8423,17140,jpeg,0.050092458724975586
1778643946.6705887,422.1241490840912,8424,17114,jpeg,0.049152374267578125
1778643946.7205412,422.17410159111023,8425,17122,jpeg,0.04995250701904297
1778643946.7693794,422.22293972969055,8426,17144,jpeg,0.048838138580322266
1778643946.8157296,422.26928997039795,8427,17156,jpeg,0.04635024070739746
1778643946.8745031,422.3280634880066,8428,17160,jpeg,0.05877351760864258
1778643946.922491,422.37605142593384,8429,17141,jpeg,0.047987937927246094
1778643946.9703805,422.4239408969879,8430,17143,jpeg,0.04788947105407715
1778643947.0158677,422.46942806243896,8431,17129,jpeg,0.045487165451049805
1778643947.071473,422.5250332355499,8432,17138,jpeg,0.055605173110961914
1778643947.121084,422.5746443271637,8433,17121,jpeg,0.04961109161376953
1778643947.166032,422.6195924282074,8434,17139,jpeg,0.04494810104370117
1778643947.21931,422.67287039756775,8435,17152,jpeg,0.05327796936035156
1778643947.2671301,422.7206904888153,8436,17148,jpeg,0.047820091247558594
1778643947.315877,422.76943731307983,8437,16856,jpeg,0.04874682426452637
1778643947.3662627,422.8198230266571,8438,17174,jpeg,0.05038571357727051
1778643947.4156866,422.8692469596863,8439,17212,jpeg,0.049423933029174805
1778643947.4661329,422.91969323158264,8440,17182,jpeg,0.050446271896362305
1778643947.51784,422.9714002609253,8441,17172,jpeg,0.05170702934265137
1778643947.5682297,423.0217900276184,8442,17162,jpeg,0.050389766693115234
1778643947.6154432,423.06900358200073,8443,17184,jpeg,0.04721355438232422
1778643947.664549,423.1181094646454,8444,17238,jpeg,0.04910588264465332
1778643947.71464,423.1682002544403,8445,17206,jpeg,0.050090789794921875
1778643947.7686336,423.2221939563751,8446,17221,jpeg,0.05399370193481445
1778643947.817526,423.2710864543915,8447,17207,jpeg,0.04889249801635742
1778643947.869895,423.3234553337097,8448,17229,jpeg,0.052368879318237305
1778643947.9175663,423.3711266517639,8449,17145,jpeg,0.04767131805419922
1778643947.96441,423.41797041893005,8450,17185,jpeg,0.046843767166137695
1778643948.0161963,423.46975660324097,8451,17203,jpeg,0.051786184310913086
1778643948.0672956,423.5208559036255,8452,17183,jpeg,0.051099300384521484
1778643948.123186,423.57674646377563,8453,17183,jpeg,0.055890560150146484
1778643948.1697624,423.623322725296,8454,17166,jpeg,0.04657626152038574
1778643948.2151775,423.6687378883362,8455,17194,jpeg,0.04541516304016113
1778643948.2699187,423.7234790325165,8456,17208,jpeg,0.05474114418029785
1778643948.315402,423.76896238327026,8457,17197,jpeg,0.04548335075378418
1778643948.3739662,423.82752656936646,8458,17211,jpeg,0.058564186096191406
1778643948.418442,423.87200236320496,8459,17219,jpeg,0.04447579383850098
1778643948.4660664,423.9196267127991,8460,17192,jpeg,0.04762434959411621
1778643948.5176167,423.97117710113525,8461,17208,jpeg,0.05155038833618164
1778643948.571777,424.02533745765686,8462,17199,jpeg,0.054160356521606445
1778643948.6179602,424.0715205669403,8463,17159,jpeg,0.046183109283447266
1778643948.6755235,424.12908387184143,8464,17196,jpeg,0.05756330490112305
1778643948.71539,424.16895031929016,8465,17197,jpeg,0.03986644744873047
1778643948.7676466,424.22120690345764,8466,17165,jpeg,0.05225658416748047
1778643948.814764,424.2683243751526,8467,17199,jpeg,0.04711747169494629
1778643948.8644564,424.31801676750183,8468,17183,jpeg,0.049692392349243164
1778643948.9159405,424.369500875473,8469,17205,jpeg,0.051484107971191406
1778643948.971562,424.42512226104736,8470,17189,jpeg,0.05562138557434082
1778643949.0170684,424.4706287384033,8471,17185,jpeg,0.04550647735595703
1778643949.0671134,424.52067375183105,8472,17200,jpeg,0.050045013427734375
1778643949.118547,424.5721073150635,8473,17224,jpeg,0.051433563232421875
1778643949.1662884,424.61984872817993,8474,17186,jpeg,0.04774141311645508
1778643949.2165418,424.6701021194458,8475,17172,jpeg,0.05025339126586914
1778643949.2725277,424.7260880470276,8476,17192,jpeg,0.05598592758178711
1778643949.3174193,424.77097964286804,8477,17182,jpeg,0.0448915958404541
1778643949.3677394,424.82129979133606,8478,17183,jpeg,0.05032014846801758
1778643949.4204688,424.8740291595459,8479,17209,jpeg,0.05272936820983887
1778643949.466703,424.9202632904053,8480,17220,jpeg,0.046234130859375
1778643949.518697,424.97225737571716,8481,17220,jpeg,0.05199408531188965
1778643949.567854,425.02141427993774,8482,17170,jpeg,0.049156904220581055
1778643949.616403,425.0699634552002,8483,17169,jpeg,0.04854917526245117
1778643949.6695747,425.12313508987427,8484,17202,jpeg,0.053171634674072266
1778643949.7158024,425.169362783432,8485,17182,jpeg,0.04622769355773926
1778643949.7665863,425.2201466560364,8486,17206,jpeg,0.05078387260437012
1778643949.8156428,425.26920318603516,8487,17207,jpeg,0.0490565299987793
1778643949.8669722,425.3205325603485,8488,17194,jpeg,0.05132937431335449
1778643949.9138167,425.3673770427704,8489,17224,jpeg,0.046844482421875
1778643949.9659686,425.41952896118164,8490,17222,jpeg,0.05215191841125488
1778643950.0155582,425.4691185951233,8491,17214,jpeg,0.04958963394165039
1778643950.0641603,425.5177206993103,8492,17210,jpeg,0.04860210418701172
1778643950.1142852,425.56784558296204,8493,17198,jpeg,0.0501248836517334
1778643950.1668332,425.6203935146332,8494,17197,jpeg,0.05254793167114258
1778643950.2151203,425.6686806678772,8495,17203,jpeg,0.048287153244018555
1778643950.2659433,425.71950364112854,8496,17205,jpeg,0.05082297325134277
1778643950.3162277,425.7697880268097,8497,17194,jpeg,0.050284385681152344
1778643950.3618555,425.8154158592224,8498,17168,jpeg,0.04562783241271973
1778643950.4179554,425.871515750885,8499,17186,jpeg,0.056099891662597656
1778643950.4662042,425.9197645187378,8500,17187,jpeg,0.0482487678527832
1778643950.5163846,425.96994495391846,8501,17200,jpeg,0.05018043518066406
1778643950.5676563,426.02121663093567,8502,17208,jpeg,0.051271677017211914
1778643950.6183212,426.07188153266907,8503,17214,jpeg,0.05066490173339844
1778643950.6692247,426.12278509140015,8504,17206,jpeg,0.0509035587310791
1778643950.7153895,426.168949842453,8505,17238,jpeg,0.046164751052856445
1778643950.7699492,426.2235095500946,8506,17247,jpeg,0.05455970764160156
1778643950.8157902,426.26935052871704,8507,17254,jpeg,0.04584097862243652
1778643950.864112,426.31767225265503,8508,17196,jpeg,0.04832172393798828
1778643950.9171016,426.37066197395325,8509,17185,jpeg,0.05298972129821777
1778643950.9712565,426.42481684684753,8510,17199,jpeg,0.05415487289428711
1778643951.0187018,426.47226214408875,8511,17193,jpeg,0.04744529724121094
1778643951.066559,426.52011942863464,8512,17193,jpeg,0.04785728454589844
1778643951.125198,426.5787582397461,8513,17206,jpeg,0.058638811111450195
1778643951.168604,426.62216424942017,8514,17195,jpeg,0.043406009674072266
1778643951.2136152,426.66717553138733,8515,17234,jpeg,0.045011281967163086
1778643951.2637625,426.7173228263855,8516,17226,jpeg,0.050147294998168945
1778643951.3169525,426.77051281929016,8517,17192,jpeg,0.053189992904663086
1778643951.3654583,426.8190186023712,8518,17210,jpeg,0.04850578308105469
1778643951.4133418,426.8669021129608,8519,17222,jpeg,0.04788351058959961
1778643951.4684997,426.9220600128174,8520,17180,jpeg,0.05515789985656738
1778643951.5175827,426.97114300727844,8521,17214,jpeg,0.04908299446105957
1778643951.5633411,427.0169014930725,8522,17182,jpeg,0.04575848579406738
1778643951.6117113,427.06527161598206,8523,17203,jpeg,0.0483701229095459
1778643951.6662843,427.1198446750641,8524,17204,jpeg,0.05457305908203125
1778643951.7121758,427.1657361984253,8525,17198,jpeg,0.045891523361206055
1778643951.7631195,427.21667981147766,8526,17195,jpeg,0.050943613052368164
1778643951.8152943,427.2688546180725,8527,17198,jpeg,0.05217480659484863
1778643951.86173,427.3152904510498,8528,17197,jpeg,0.04643583297729492
1778643951.911798,427.36535835266113,8529,17227,jpeg,0.050067901611328125
1778643951.9653687,427.4189291000366,8530,17209,jpeg,0.05357074737548828
1778643952.0125866,427.46614694595337,8531,17214,jpeg,0.04721784591674805
1778643952.0627682,427.51632857322693,8532,17161,jpeg,0.05018162727355957
1778643952.1147985,427.56835889816284,8533,17194,jpeg,0.052030324935913086
1778643952.1625516,427.6161119937897,8534,17187,jpeg,0.047753095626831055
1778643952.213897,427.6674573421478,8535,17206,jpeg,0.0513453483581543
1778643952.2638288,427.7173891067505,8536,17217,jpeg,0.04993176460266113
1778643952.3109891,427.7645494937897,8537,17184,jpeg,0.04716038703918457
1778643952.3630123,427.8165726661682,8538,17209,jpeg,0.05202317237854004
1778643952.419182,427.8727424144745,8539,17227,jpeg,0.056169748306274414
1778643952.4643354,427.9178957939148,8540,17240,jpeg,0.04515337944030762
1778643952.5128796,427.9664399623871,8541,17228,jpeg,0.04854416847229004
1778643952.5689943,428.0225546360016,8542,17229,jpeg,0.05611467361450195
1778643952.6132846,428.06684494018555,8543,17232,jpeg,0.04429030418395996
1778643952.6701367,428.1236970424652,8544,17251,jpeg,0.056852102279663086
1778643952.7171135,428.1706738471985,8545,17221,jpeg,0.04697680473327637
1778643952.7624376,428.21599793434143,8546,17210,jpeg,0.045324087142944336
1778643952.81408,428.26764035224915,8547,17209,jpeg,0.051642417907714844
1778643952.867753,428.32131338119507,8548,17232,jpeg,0.05367302894592285
1778643952.9120393,428.3655996322632,8549,17204,jpeg,0.044286251068115234
1778643952.963687,428.41724729537964,8550,17203,jpeg,0.05164766311645508
1778643953.0192158,428.4727761745453,8551,17218,jpeg,0.055528879165649414
1778643953.0678854,428.5214457511902,8552,17240,jpeg,0.04866957664489746
1778643953.1142209,428.5677812099457,8553,17235,jpeg,0.046335458755493164
1778643953.1707916,428.624351978302,8554,17202,jpeg,0.05657076835632324
1778643953.2168422,428.67040252685547,8555,17236,jpeg,0.0460505485534668
1778643953.2635107,428.71707105636597,8556,17204,jpeg,0.04666852951049805
1778643953.322362,428.7759222984314,8557,17210,jpeg,0.05885124206542969
1778643953.367203,428.8207633495331,8558,17229,jpeg,0.04484105110168457
1778643953.41244,428.86600041389465,8559,17207,jpeg,0.045237064361572266
1778643953.4663372,428.91989755630493,8560,17192,jpeg,0.05389714241027832
1778643953.514922,428.96848225593567,8561,17216,jpeg,0.048584699630737305
1778643953.5619216,429.01548194885254,8562,17220,jpeg,0.04699969291687012
1778643953.6150846,429.06864500045776,8563,17192,jpeg,0.05316305160522461
1778643953.6648965,429.11845684051514,8564,17212,jpeg,0.04981184005737305
1778643953.71306,429.1666202545166,8565,17205,jpeg,0.048163414001464844
1778643953.7639897,429.2175500392914,8566,17220,jpeg,0.05092978477478027
1778643953.8132463,429.266806602478,8567,17190,jpeg,0.04925656318664551
1778643953.8649805,429.3185408115387,8568,17215,jpeg,0.051734209060668945
1778643953.915372,429.36893224716187,8569,17193,jpeg,0.050391435623168945
1778643953.9643974,429.41795778274536,8570,17184,jpeg,0.049025535583496094
1778643954.012097,429.4656572341919,8571,17195,jpeg,0.0476994514465332
1778643954.0641935,429.5177538394928,8572,17216,jpeg,0.05209660530090332
1778643954.1125593,429.5661196708679,8573,17186,jpeg,0.04836583137512207
1778643954.161901,429.6154613494873,8574,17203,jpeg,0.049341678619384766
1778643954.2140324,429.66759276390076,8575,17219,jpeg,0.05213141441345215
1778643954.2625518,429.7161121368408,8576,17214,jpeg,0.04851937294006348
1778643954.311736,429.765296459198,8577,17199,jpeg,0.049184322357177734
1778643954.3632128,429.81677317619324,8578,17208,jpeg,0.05147671699523926
1778643954.4124768,429.86603713035583,8579,17199,jpeg,0.049263954162597656
1778643954.4632993,429.91685962677,8580,17191,jpeg,0.05082249641418457
1778643954.513831,429.9673912525177,8581,17203,jpeg,0.050531625747680664
1778643954.5628188,430.0163791179657,8582,17186,jpeg,0.04898786544799805
1778643954.6149209,430.0684812068939,8583,17183,jpeg,0.052102088928222656
1778643954.6647682,430.1183285713196,8584,17196,jpeg,0.04984736442565918
1778643954.7182589,430.1718192100525,8585,17208,jpeg,0.053490638732910156
1778643954.7651343,430.21869468688965,8586,17235,jpeg,0.0468754768371582
1778643954.819271,430.2728314399719,8587,17208,jpeg,0.05413675308227539
1778643954.864821,430.3183813095093,8588,17213,jpeg,0.045549869537353516
1778643954.9138298,430.36739015579224,8589,17208,jpeg,0.049008846282958984
1778643954.9669793,430.42053961753845,8590,17195,jpeg,0.05314946174621582
1778643955.0187397,430.4723000526428,8591,17199,jpeg,0.05176043510437012
1778643955.0665271,430.52008748054504,8592,17212,jpeg,0.04778742790222168
1778643955.116937,430.5704972743988,8593,17221,jpeg,0.050409793853759766
1778643955.1697798,430.6233401298523,8594,17229,jpeg,0.05284285545349121
1778643955.2155874,430.66914772987366,8595,17223,jpeg,0.045807600021362305
1778643955.2709131,430.7244734764099,8596,17206,jpeg,0.05532574653625488
1778643955.3188493,430.7724096775055,8597,17227,jpeg,0.047936201095581055
1778643955.3669465,430.82050681114197,8598,17203,jpeg,0.04809713363647461
1778643955.4178832,430.87144351005554,8599,17194,jpeg,0.05093669891357422
1778643955.467732,430.9212923049927,8600,17199,jpeg,0.04984879493713379
1778643955.514792,430.96835231781006,8601,17211,jpeg,0.04706001281738281
1778643955.5667143,431.02027463912964,8602,17203,jpeg,0.05192232131958008
1778643955.6176155,431.0711758136749,8603,17215,jpeg,0.050901174545288086
1778643955.6639338,431.1174941062927,8604,17216,jpeg,0.04631829261779785
1778643955.7149758,431.16853618621826,8605,17213,jpeg,0.05104207992553711
1778643955.7642686,431.21782898902893,8606,17221,jpeg,0.049292802810668945
1778643955.8134718,431.26703214645386,8607,17231,jpeg,0.04920315742492676
1778643955.865617,431.3191773891449,8608,17231,jpeg,0.05214524269104004
1778643955.9129572,431.3665175437927,8609,17231,jpeg,0.04734015464782715
1778643955.9635127,431.4170730113983,8610,17189,jpeg,0.05055546760559082
1778643956.0155082,431.4690685272217,8611,17181,jpeg,0.05199551582336426
1778643956.064807,431.5183672904968,8612,17222,jpeg,0.049298763275146484
1778643956.1117885,431.5653488636017,8613,17220,jpeg,0.0469815731048584
1778643956.1656573,431.61921763420105,8614,17210,jpeg,0.053868770599365234
1778643956.2156634,431.6692237854004,8615,17210,jpeg,0.05000615119934082
1778643956.264013,431.71757340431213,8616,17200,jpeg,0.048349618911743164
1778643956.3172226,431.7707829475403,8617,17192,jpeg,0.053209543228149414
1778643956.365716,431.8192763328552,8618,17204,jpeg,0.048493385314941406
1778643956.4132848,431.8668451309204,8619,17214,jpeg,0.04756879806518555
1778643956.4745035,431.9280638694763,8620,17215,jpeg,0.0612187385559082
1778643956.5159504,431.9695107936859,8621,17183,jpeg,0.04144692420959473
1778643956.568033,432.02159333229065,8622,17197,jpeg,0.05208253860473633
1778643956.6167397,432.0703001022339,8623,17198,jpeg,0.048706769943237305
1778643956.6642377,432.1177980899811,8624,17235,jpeg,0.04749798774719238
1778643956.7141533,432.16771364212036,8625,17231,jpeg,0.04991555213928223
1778643956.7666588,432.2202191352844,8626,17211,jpeg,0.0525054931640625
1778643956.815133,432.26869344711304,8627,17202,jpeg,0.04847431182861328
1778643956.867026,432.3205864429474,8628,17203,jpeg,0.051892995834350586
1778643956.918543,432.3721034526825,8629,17203,jpeg,0.05151700973510742
1778643956.971929,432.4254894256592,8630,17191,jpeg,0.05338597297668457
1778643957.014726,432.46828627586365,8631,17208,jpeg,0.04279685020446777
1778643957.070397,432.52395725250244,8632,17189,jpeg,0.055670976638793945
1778643957.1152477,432.56880807876587,8633,17210,jpeg,0.044850826263427734
1778643957.1650796,432.6186399459839,8634,17189,jpeg,0.04983186721801758
1778643957.2167726,432.67033290863037,8635,17196,jpeg,0.051692962646484375
1778643957.2641647,432.71772503852844,8636,17194,jpeg,0.04739212989807129
1778643957.3199756,432.77353596687317,8637,17217,jpeg,0.05581092834472656
1778643957.3656685,432.819228887558,8638,17197,jpeg,0.04569292068481445
1778643957.4132175,432.8667778968811,8639,17225,jpeg,0.04754900932312012
1778643957.4687722,432.9223325252533,8640,17204,jpeg,0.05555462837219238
1778643957.515259,432.9688193798065,8641,17195,jpeg,0.046486854553222656
1778643957.5643318,433.0178921222687,8642,17188,jpeg,0.0490727424621582
1778643957.615618,433.0691783428192,8643,17205,jpeg,0.05128622055053711
1778643957.6657808,433.119341135025,8644,17217,jpeg,0.05016279220581055
1778643957.7137084,433.16726875305176,8645,17231,jpeg,0.0479276180267334
1778643957.76476,433.21832036972046,8646,17215,jpeg,0.05105161666870117
1778643957.8153477,433.26890802383423,8647,17220,jpeg,0.05058765411376953
1778643957.8629732,433.31653356552124,8648,17223,jpeg,0.04762554168701172
1778643957.9138744,433.3674347400665,8649,17208,jpeg,0.050901174545288086
1778643957.9641802,433.4177405834198,8650,17180,jpeg,0.050305843353271484
1778643958.0163445,433.46990489959717,8651,17190,jpeg,0.052164316177368164
1778643958.0648584,433.5184187889099,8652,17218,jpeg,0.04851388931274414
1778643958.1147096,433.56826996803284,8653,17222,jpeg,0.049851179122924805
1778643958.1654844,433.6190447807312,8654,17200,jpeg,0.05077481269836426
1778643958.215513,433.669073343277,8655,17195,jpeg,0.05002856254577637
1778643958.2628648,433.7164251804352,8656,17211,jpeg,0.047351837158203125
1778643958.3135648,433.7671251296997,8657,17218,jpeg,0.05069994926452637
1778643958.3638663,433.81742668151855,8658,17205,jpeg,0.050301551818847656
1778643958.4134626,433.8670229911804,8659,17224,jpeg,0.049596309661865234
1778643958.4625525,433.9161128997803,8660,17224,jpeg,0.049089908599853516
1778643958.514508,433.96806836128235,8661,17216,jpeg,0.051955461502075195
1778643958.5644784,434.0180387496948,8662,17182,jpeg,0.049970388412475586
1778643958.611867,434.0654273033142,8663,17203,jpeg,0.047388553619384766
1778643958.6657856,434.1193459033966,8664,17172,jpeg,0.05391860008239746
1778643958.7144294,434.16798973083496,8665,17201,jpeg,0.04864382743835449
1778643958.763305,434.2168653011322,8666,17182,jpeg,0.04887557029724121
1778643958.8152764,434.2688367366791,8667,17203,jpeg,0.051971435546875
1778643958.8635757,434.31713604927063,8668,17156,jpeg,0.048299312591552734
1778643958.9162915,434.36985182762146,8669,17182,jpeg,0.05271577835083008
1778643958.9647336,434.4182939529419,8670,17176,jpeg,0.04844212532043457
1778643959.0179267,434.4714870452881,8671,17190,jpeg,0.053193092346191406
1778643959.067799,434.52135944366455,8672,17214,jpeg,0.049872398376464844
1778643959.1152244,434.5687847137451,8673,17223,jpeg,0.047425270080566406
1778643959.1692703,434.62283062934875,8674,17202,jpeg,0.054045915603637695
1778643959.2152348,434.66879510879517,8675,17223,jpeg,0.04596447944641113
1778643959.2679412,434.7215015888214,8676,17190,jpeg,0.05270648002624512
1778643959.3147085,434.76826882362366,8677,17198,jpeg,0.046767234802246094
1778643959.3722646,434.8258249759674,8678,17182,jpeg,0.05755615234375
1778643959.4151144,434.86867475509644,8679,17211,jpeg,0.04284977912902832
1778643959.465827,434.91938734054565,8680,17212,jpeg,0.05071258544921875
1778643959.5173123,434.97087264060974,8681,17215,jpeg,0.051485300064086914
1778643959.564166,435.0177264213562,8682,17194,jpeg,0.04685378074645996
1778643959.6186266,435.0721869468689,8683,17203,jpeg,0.05446052551269531
1778643959.6705353,435.12409567832947,8684,17195,jpeg,0.05190873146057129
1778643959.7130284,435.16658878326416,8685,17203,jpeg,0.04249310493469238
1778643959.762777,435.21633744239807,8686,17203,jpeg,0.04974865913391113
1778643959.8153815,435.26894187927246,8687,17198,jpeg,0.05260443687438965
1778643959.8620055,435.31556582450867,8688,17183,jpeg,0.046623945236206055
1778643959.9134765,435.367036819458,8689,17197,jpeg,0.05147099494934082
1778643959.9651349,435.4186952114105,8690,17183,jpeg,0.05165839195251465
1778643960.0115275,435.465087890625,8691,17190,jpeg,0.04639267921447754
1778643960.0637577,435.5173180103302,8692,17215,jpeg,0.052230119705200195
1778643960.11837,435.5719304084778,8693,17190,jpeg,0.05461239814758301
1778643960.163457,435.6170172691345,8694,17183,jpeg,0.04508686065673828
1778643960.2143168,435.6678771972656,8695,17185,jpeg,0.050859928131103516
1778643960.2625632,435.7161235809326,8696,17202,jpeg,0.04824638366699219
1778643960.3128152,435.766375541687,8697,17208,jpeg,0.05025196075439453
1778643960.364443,435.8180034160614,8698,17194,jpeg,0.05162787437438965
1778643960.4130342,435.8665945529938,8699,17203,jpeg,0.04859113693237305
1778643960.462177,435.9157373905182,8700,17224,jpeg,0.04914283752441406
1778643960.5149894,435.96854972839355,8701,17190,jpeg,0.05281233787536621
1778643960.5697381,436.0232985019684,8702,17201,jpeg,0.0547487735748291
1778643960.612619,436.0661792755127,8703,17206,jpeg,0.04288077354431152
1778643960.667108,436.1206684112549,8704,17210,jpeg,0.0544891357421875
1778643960.7138743,436.1674346923828,8705,17198,jpeg,0.04676628112792969
1778643960.7636714,436.2172317504883,8706,17205,jpeg,0.04979705810546875
1778643960.8166976,436.2702579498291,8707,17225,jpeg,0.05302619934082031
1778643960.8626494,436.3162097930908,8708,17201,jpeg,0.04595184326171875
1778643960.9196424,436.37320280075073,8709,17185,jpeg,0.05699300765991211
1778643960.9672985,436.42085886001587,8710,17220,jpeg,0.04765605926513672
1778643961.0219226,436.4754829406738,8711,17197,jpeg,0.054624080657958984
1778643961.0680337,436.5215940475464,8712,17193,jpeg,0.046111106872558594
1778643961.1150906,436.56865096092224,8713,17220,jpeg,0.04705691337585449
1778643961.1599255,436.61348581314087,8714,17193,jpeg,0.04483485221862793
1778643961.210059,436.66361927986145,8715,17169,jpeg,0.050133466720581055
1778643961.2654176,436.7189779281616,8716,17218,jpeg,0.0553586483001709
1778643961.3123271,436.7658874988556,8717,17216,jpeg,0.04690957069396973
1778643961.360104,436.81366443634033,8718,17183,jpeg,0.04777693748474121
1778643961.4164374,436.86999773979187,8719,17171,jpeg,0.056333303451538086
1778643961.4623072,436.9158675670624,8720,17191,jpeg,0.04586982727050781
1778643961.511064,436.9646244049072,8721,17195,jpeg,0.04875683784484863
1778643961.5638962,437.01745653152466,8722,17173,jpeg,0.05283212661743164
1778643961.611555,437.06511545181274,8723,17159,jpeg,0.04765892028808594
1778643961.6660287,437.1195890903473,8724,17182,jpeg,0.0544736385345459
1778643961.7132716,437.16683197021484,8725,17223,jpeg,0.04724287986755371
1778643961.7621305,437.21569085121155,8726,17193,jpeg,0.0488588809967041
1778643961.8141162,437.26767659187317,8727,17205,jpeg,0.051985740661621094
1778643961.8617322,437.315292596817,8728,17233,jpeg,0.047616004943847656
1778643961.9123936,437.36595392227173,8729,17238,jpeg,0.050661325454711914
1778643961.9627817,437.4163420200348,8730,17216,jpeg,0.05038809776306152
1778643962.0119958,437.46555614471436,8731,17206,jpeg,0.04921412467956543
1778643962.0603309,437.5138912200928,8732,17201,jpeg,0.04833507537841797
1778643962.1109831,437.5645434856415,8733,17181,jpeg,0.050652265548706055
1778643962.1617622,437.61532258987427,8734,17222,jpeg,0.050779104232788086
1778643962.209277,437.662837266922,8735,17222,jpeg,0.04751467704772949
1778643962.2610855,437.71464586257935,8736,17206,jpeg,0.05180859565734863
1778643962.3137696,437.76732993125916,8737,17197,jpeg,0.05268406867980957
1778643962.3598442,437.8134045600891,8738,17196,jpeg,0.046074628829956055
1778643962.4118867,437.86544704437256,8739,17190,jpeg,0.052042484283447266
1778643962.4614036,437.9149639606476,8740,17196,jpeg,0.049516916275024414
1778643962.5106196,437.9641799926758,8741,17210,jpeg,0.04921603202819824
1778643962.5618489,438.0154092311859,8742,17207,jpeg,0.051229238510131836
1778643962.6174169,438.07097721099854,8743,17179,jpeg,0.05556797981262207
1778643962.660107,438.11366724967957,8744,17194,jpeg,0.04269003868103027
1778643962.712643,438.16620326042175,8745,17199,jpeg,0.0525360107421875
1778643962.7646344,438.2181947231293,8746,17179,jpeg,0.05199146270751953
1778643962.8100073,438.26356768608093,8747,17175,jpeg,0.045372962951660156
1778643962.864714,438.31827425956726,8748,17216,jpeg,0.054706573486328125
1778643962.9163902,438.3699505329132,8749,17177,jpeg,0.051676273345947266
1778643962.9692416,438.42280197143555,8750,17193,jpeg,0.05285143852233887
1778643963.0145142,438.4680745601654,8751,17184,jpeg,0.0452725887298584
1778643963.064293,438.5178532600403,8752,17197,jpeg,0.04977869987487793
1778643963.1177197,438.571280002594,8753,17221,jpeg,0.05342674255371094
1778643963.1613016,438.61486196517944,8754,17223,jpeg,0.04358196258544922
1778643963.2180023,438.6715626716614,8755,17218,jpeg,0.056700706481933594
1778643963.2627583,438.7163186073303,8756,17224,jpeg,0.04475593566894531
1778643963.3103883,438.76394867897034,8757,17213,jpeg,0.04763007164001465
1778643963.3630745,438.81663489341736,8758,17207,jpeg,0.052686214447021484
1778643963.4120207,438.865581035614,8759,17209,jpeg,0.04894614219665527
1778643963.464018,438.917578458786,8760,17206,jpeg,0.05199742317199707
1778643963.5120757,438.96563601493835,8761,17197,jpeg,0.04805755615234375
1778643963.5656004,439.0191607475281,8762,17203,jpeg,0.05352473258972168
1778643963.611768,439.0653283596039,8763,17210,jpeg,0.046167612075805664
1778643963.6617968,439.11535716056824,8764,17220,jpeg,0.05002880096435547
1778643963.7148514,439.16841173171997,8765,17215,jpeg,0.0530545711517334
1778643963.7601302,439.2136905193329,8766,17216,jpeg,0.04527878761291504
1778643963.810373,439.2639334201813,8767,17229,jpeg,0.05024290084838867
1778643963.8619769,439.3155372142792,8768,17189,jpeg,0.05160379409790039
1778643963.9100022,439.36356258392334,8769,17206,jpeg,0.04802536964416504
1778643963.9636815,439.4172418117523,8770,17206,jpeg,0.05367922782897949
1778643964.0132513,439.4668116569519,8771,17233,jpeg,0.04956984519958496
1778643964.0608025,439.51436281204224,8772,17236,jpeg,0.04755115509033203
1778643964.1129987,439.5665590763092,8773,17220,jpeg,0.05219626426696777
1778643964.1600797,439.61364006996155,8774,17194,jpeg,0.04708099365234375
1778643964.2087867,439.66234707832336,8775,17222,jpeg,0.048707008361816406
1778643964.2630832,439.71664357185364,8776,17214,jpeg,0.05429649353027344
1778643964.31092,439.76448035240173,8777,17227,jpeg,0.0478367805480957
1778643964.356788,439.8103482723236,8778,17206,jpeg,0.045867919921875
1778643964.4101603,439.8637206554413,8779,17224,jpeg,0.05337238311767578
1778643964.4576395,439.9111998081207,8780,17215,jpeg,0.04747915267944336
1778643964.5107903,439.9643507003784,8781,17221,jpeg,0.05315089225769043
1778643964.5599742,440.01353454589844,8782,17213,jpeg,0.04918384552001953
1778643964.6081104,440.0616707801819,8783,17205,jpeg,0.048136234283447266
1778643964.660692,440.1142523288727,8784,17198,jpeg,0.0525815486907959
1778643964.7180076,440.1715679168701,8785,17204,jpeg,0.05731558799743652
1778643964.764013,440.21757340431213,8786,17216,jpeg,0.0460054874420166
1778643964.812599,440.26615929603577,8787,17218,jpeg,0.04858589172363281
1778643964.8637812,440.3173415660858,8788,17246,jpeg,0.05118227005004883
1778643964.9125884,440.36614871025085,8789,17225,jpeg,0.04880714416503906
1778643964.963537,440.4170973300934,8790,17263,jpeg,0.0509486198425293
1778643965.0164995,440.4700598716736,8791,17222,jpeg,0.052962541580200195
1778643965.0701659,440.5237262248993,8792,17222,jpeg,0.05366635322570801
1778643965.117482,440.57104229927063,8793,17234,jpeg,0.04731607437133789
1778643965.16589,440.61945033073425,8794,17230,jpeg,0.04840803146362305
1778643965.2202568,440.67381715774536,8795,17213,jpeg,0.0543668270111084
1778643965.2671776,440.72073793411255,8796,17216,jpeg,0.0469207763671875
1778643965.3139231,440.7674834728241,8797,17206,jpeg,0.04674553871154785
1778643965.3684325,440.8219928741455,8798,17217,jpeg,0.05450940132141113
1778643965.409971,440.8635313510895,8799,17183,jpeg,0.04153847694396973
1778643965.4685678,440.922128200531,8800,17238,jpeg,0.05859684944152832
1778643965.5111904,440.96475076675415,8801,17226,jpeg,0.04262256622314453
1778643965.5616193,441.01517963409424,8802,17212,jpeg,0.05042886734008789
1778643965.6177735,441.07133388519287,8803,17228,jpeg,0.05615425109863281
1778643965.6610363,441.1145966053009,8804,17223,jpeg,0.04326272010803223
1778643965.7110984,441.16465878486633,8805,17213,jpeg,0.05006217956542969
1778643965.7634623,441.2170226573944,8806,17225,jpeg,0.05236387252807617
1778643965.8107631,441.2643234729767,8807,17240,jpeg,0.04730081558227539
1778643965.8653216,441.3188819885254,8808,17215,jpeg,0.054558515548706055
1778643965.9116454,441.3652057647705,8809,17226,jpeg,0.04632377624511719
1778643965.9603987,441.41395902633667,8810,17230,jpeg,0.04875326156616211
1778643966.0080452,441.46160554885864,8811,17196,jpeg,0.047646522521972656
1778643966.0620415,441.5156018733978,8812,17225,jpeg,0.05399632453918457
1778643966.1083817,441.5619421005249,8813,17223,jpeg,0.046340227127075195
1778643966.1592214,441.6127817630768,8814,17241,jpeg,0.05083966255187988
1778643966.211497,441.6650574207306,8815,17225,jpeg,0.052275657653808594
1778643966.2603798,441.7139401435852,8816,17211,jpeg,0.04888272285461426
1778643966.3097434,441.76330375671387,8817,17228,jpeg,0.04936361312866211
1778643966.3638334,441.81739377975464,8818,17206,jpeg,0.054090023040771484
1778643966.4096687,441.8632290363312,8819,17241,jpeg,0.045835256576538086
1778643966.4614527,441.9150130748749,8820,17219,jpeg,0.05178403854370117
1778643966.5124412,441.9660015106201,8821,17207,jpeg,0.05098843574523926
1778643966.5595274,442.0130877494812,8822,17214,jpeg,0.047086238861083984
1778643966.6124623,442.0660226345062,8823,17211,jpeg,0.052934885025024414
1778643966.6625783,442.11613869667053,8824,17221,jpeg,0.05011606216430664
1778643966.7108216,442.164381980896,8825,17204,jpeg,0.04824328422546387
1778643966.7623072,442.21586751937866,8826,17198,jpeg,0.051485538482666016
1778643966.8112426,442.26480293273926,8827,17206,jpeg,0.0489354133605957
1778643966.8600585,442.3136188983917,8828,17221,jpeg,0.04881596565246582
1778643966.912492,442.3660523891449,8829,17190,jpeg,0.05243349075317383
1778643966.9623258,442.41588616371155,8830,17218,jpeg,0.04983377456665039
1778643967.012244,442.4658043384552,8831,17229,jpeg,0.049918174743652344
1778643967.0633538,442.5169141292572,8832,17223,jpeg,0.05110979080200195
1778643967.11225,442.5658104419708,8833,17237,jpeg,0.04889631271362305
1778643967.15967,442.61323046684265,8834,17208,jpeg,0.04742002487182617
1778643967.2164035,442.6699638366699,8835,17204,jpeg,0.05673336982727051
1778643967.2619827,442.7155430316925,8836,17232,jpeg,0.04557919502258301
1778643967.3145216,442.76808190345764,8837,17235,jpeg,0.05253887176513672
1778643967.3652756,442.8188359737396,8838,17232,jpeg,0.05075407028198242
1778643967.4151647,442.8687250614166,8839,17221,jpeg,0.04988908767700195
1778643967.460783,442.9143433570862,8840,17187,jpeg,0.045618295669555664
1778643967.510283,442.9638433456421,8841,17223,jpeg,0.0494999885559082
1778643967.563651,443.01721143722534,8842,17225,jpeg,0.05336809158325195
1778643967.610536,443.06409645080566,8843,17233,jpeg,0.046885013580322266
1778643967.6620257,443.1155860424042,8844,17215,jpeg,0.05148959159851074
1778643967.7122881,443.16584849357605,8845,17214,jpeg,0.050262451171875
1778643967.7611184,443.21467876434326,8846,17221,jpeg,0.048830270767211914
1778643967.811279,443.26483941078186,8847,17196,jpeg,0.05016064643859863
1778643967.8615906,443.31515097618103,8848,17245,jpeg,0.05031156539916992
1778643967.9161985,443.3697588443756,8849,17229,jpeg,0.05460786819458008
1778643967.9641943,443.41775465011597,8850,17206,jpeg,0.047995805740356445
1778643968.012005,443.46556544303894,8851,17222,jpeg,0.04781079292297363
1778643968.0637221,443.5172824859619,8852,17227,jpeg,0.05171704292297363
1778643968.11465,443.56821036338806,8853,17216,jpeg,0.05092787742614746
1778643968.1626458,443.6162061691284,8854,17229,jpeg,0.047995805740356445
1778643968.2144356,443.667995929718,8855,17208,jpeg,0.05178976058959961
1778643968.2585151,443.71207547187805,8856,17209,jpeg,0.04407954216003418
1778643968.3153522,443.76891255378723,8857,17173,jpeg,0.05683708190917969
1778643968.3607266,443.81428694725037,8858,17200,jpeg,0.045374393463134766
1778643968.4078205,443.861380815506,8859,17224,jpeg,0.047093868255615234
1778643968.4623992,443.9159595966339,8860,17214,jpeg,0.05457878112792969
1778643968.510675,443.96423530578613,8861,17223,jpeg,0.04827570915222168
1778643968.5577319,444.011292219162,8862,17238,jpeg,0.04705691337585449
1778643968.61158,444.06514024734497,8863,17245,jpeg,0.0538480281829834
1778643968.658643,444.1122033596039,8864,17220,jpeg,0.04706311225891113
1778643968.7087502,444.16231060028076,8865,17221,jpeg,0.05010724067687988
1778643968.7666702,444.2202305793762,8866,17230,jpeg,0.057919979095458984
1778643968.8083436,444.26190400123596,8867,17239,jpeg,0.04167342185974121
1778643968.8577409,444.3113012313843,8868,17201,jpeg,0.04939723014831543
1778643968.90976,444.363320350647,8869,17221,jpeg,0.05201911926269531
1778643968.958493,444.4120533466339,8870,17221,jpeg,0.04873299598693848
1778643969.009328,444.4628882408142,8871,17207,jpeg,0.05083489418029785
1778643969.0613716,444.51493191719055,8872,17191,jpeg,0.05204367637634277
1778643969.1102438,444.5638041496277,8873,17227,jpeg,0.04887223243713379
1778643969.1578507,444.6114110946655,8874,17232,jpeg,0.0476069450378418
1778643969.2171674,444.67072772979736,8875,17214,jpeg,0.05931663513183594
1778643969.2731817,444.72674202919006,8876,17210,jpeg,0.056014299392700195
1778643969.309154,444.7627143859863,8877,17214,jpeg,0.03597235679626465
1778643969.3690212,444.8225815296173,8878,17228,jpeg,0.059867143630981445
1778643969.4204288,444.8739891052246,8879,17224,jpeg,0.051407575607299805
1778643969.4636083,444.91716861724854,8880,17229,jpeg,0.04317951202392578
1778643969.5193622,444.97292256355286,8881,17218,jpeg,0.05575394630432129
1778643969.5572267,445.01078701019287,8882,17224,jpeg,0.03786444664001465
1778643969.6105838,445.0641441345215,8883,17241,jpeg,0.05335712432861328
1778643969.6597946,445.11335492134094,8884,17245,jpeg,0.04921078681945801
1778643969.7108047,445.1643650531769,8885,17222,jpeg,0.0510101318359375
1778643969.760758,445.21431827545166,8886,17192,jpeg,0.04995322227478027
1778643969.8148184,445.2683787345886,8887,17203,jpeg,0.05406045913696289
1778643969.8605795,445.31413984298706,8888,17201,jpeg,0.0457611083984375
1778643969.9107182,445.3642785549164,8889,17214,jpeg,0.05013871192932129
1778643969.966158,445.41971826553345,8890,17196,jpeg,0.05543971061706543
1778643970.0096712,445.4632315635681,8891,17218,jpeg,0.04351329803466797
1778643970.0644367,445.5179970264435,8892,17239,jpeg,0.05476546287536621
1778643970.1142313,445.56779170036316,8893,17221,jpeg,0.049794673919677734
1778643970.1588511,445.61241149902344,8894,17236,jpeg,0.04461979866027832
1778643970.213512,445.6670722961426,8895,17244,jpeg,0.054660797119140625
1778643970.265304,445.71886444091797,8896,17214,jpeg,0.051792144775390625
1778643970.3078232,445.7613835334778,8897,17226,jpeg,0.04251909255981445
1778643970.3606977,445.8142580986023,8898,17248,jpeg,0.05287456512451172
1778643970.4096258,445.86318612098694,8899,17221,jpeg,0.048928022384643555
1778643970.4594069,445.9129672050476,8900,17207,jpeg,0.049781084060668945
1778643970.5097747,445.96333503723145,8901,17205,jpeg,0.05036783218383789
1778643970.5610967,446.01465702056885,8902,17236,jpeg,0.051321983337402344
1778643970.6084123,446.061972618103,8903,17235,jpeg,0.04731559753417969
1778643970.6590765,446.1126368045807,8904,17234,jpeg,0.05066418647766113
1778643970.7099683,446.1635286808014,8905,17230,jpeg,0.050891876220703125
1778643970.761721,446.21528124809265,8906,17218,jpeg,0.051752567291259766
1778643970.8100927,446.26365303993225,8907,17227,jpeg,0.04837179183959961
1778643970.8603826,446.3139429092407,8908,17208,jpeg,0.05028986930847168
1778643970.9110181,446.3645784854889,8909,17225,jpeg,0.050635576248168945
1778643970.9605362,446.4140965938568,8910,17219,jpeg,0.04951810836791992
1778643971.0125387,446.46609902381897,8911,17242,jpeg,0.0520024299621582
1778643971.0607886,446.51434898376465,8912,17233,jpeg,0.04824995994567871
1778643971.1080341,446.5615944862366,8913,17236,jpeg,0.04724550247192383
1778643971.160157,446.6137173175812,8914,17214,jpeg,0.05212283134460449
1778643971.2107587,446.6643190383911,8915,17222,jpeg,0.05060172080993652
1778643971.2609923,446.7145526409149,8916,17224,jpeg,0.05023360252380371
1778643971.310967,446.7645273208618,8917,17192,jpeg,0.049974679946899414
1778643971.3632522,446.8168125152588,8918,17209,jpeg,0.052285194396972656
1778643971.4103248,446.86388516426086,8919,17187,jpeg,0.047072649002075195
1778643971.4605722,446.91413259506226,8920,17227,jpeg,0.0502474308013916
1778643971.516815,446.97037529945374,8921,17224,jpeg,0.05624270439147949
1778643971.5602574,447.0138177871704,8922,17231,jpeg,0.043442487716674805
1778643971.6137884,447.0673487186432,8923,17215,jpeg,0.05353093147277832
1778643971.6619725,447.11553287506104,8924,17209,jpeg,0.04818415641784668
1778643971.7151651,447.16872549057007,8925,17214,jpeg,0.0531926155090332
1778643971.76392,447.2174804210663,8926,17201,jpeg,0.04875493049621582
1778643971.8114138,447.26497411727905,8927,17218,jpeg,0.047493696212768555
1778643971.8640947,447.31765508651733,8928,17231,jpeg,0.05268096923828125
1778643971.9146626,447.36822295188904,8929,17241,jpeg,0.0505678653717041
1778643971.9631732,447.4167335033417,8930,17219,jpeg,0.04851055145263672
1778643972.0117068,447.4652671813965,8931,17230,jpeg,0.04853367805480957
1778643972.0677269,447.5212872028351,8932,17220,jpeg,0.05602002143859863
1778643972.116215,447.5697753429413,8933,17223,jpeg,0.04848814010620117
1778643972.1606786,447.61423897743225,8934,17205,jpeg,0.0444636344909668
1778643972.210504,447.66406440734863,8935,17174,jpeg,0.049825429916381836
1778643972.2646167,447.7181770801544,8936,17196,jpeg,0.05411267280578613
1778643972.3101704,447.76373076438904,8937,17200,jpeg,0.04555368423461914
1778643972.3596616,447.8132219314575,8938,17218,jpeg,0.049491167068481445
1778643972.4113414,447.86490178108215,8939,17232,jpeg,0.05167984962463379
1778643972.4594436,447.9130039215088,8940,17226,jpeg,0.04810214042663574
1778643972.5108082,447.96436858177185,8941,17225,jpeg,0.05136466026306152
1778643972.5602558,448.01381611824036,8942,17223,jpeg,0.04944753646850586
1778643972.609716,448.06327629089355,8943,17241,jpeg,0.04946017265319824
1778643972.661589,448.11514925956726,8944,17234,jpeg,0.051872968673706055
1778643972.7091792,448.16273951530457,8945,17236,jpeg,0.04759025573730469
1778643972.7596786,448.21323895454407,8946,17218,jpeg,0.05049943923950195
1778643972.8105793,448.2641396522522,8947,17254,jpeg,0.05090069770812988
1778643972.858939,448.31249928474426,8948,17189,jpeg,0.04835963249206543
1778643972.9094715,448.36303186416626,8949,17214,jpeg,0.05053257942199707
1778643972.9638681,448.41742849349976,8950,17214,jpeg,0.054396629333496094
1778643973.0104644,448.4640247821808,8951,17214,jpeg,0.04659628868103027
1778643973.0586832,448.5122435092926,8952,17201,jpeg,0.048218727111816406
1778643973.1097405,448.5633008480072,8953,17221,jpeg,0.05105733871459961
1778643973.160085,448.6136453151703,8954,17210,jpeg,0.05034446716308594
1778643973.2103891,448.6639494895935,8955,17224,jpeg,0.05030417442321777
1778643973.26347,448.71703028678894,8956,17224,jpeg,0.05308079719543457
1778643973.3123326,448.7658929824829,8957,17204,jpeg,0.04886269569396973
1778643973.3626904,448.8162508010864,8958,17233,jpeg,0.050357818603515625
1778643973.412369,448.8659293651581,8959,17227,jpeg,0.04967856407165527
1778643973.4622846,448.91584491729736,8960,17195,jpeg,0.04991555213928223
1778643973.5166593,448.9702196121216,8961,17209,jpeg,0.05437469482421875
1778643973.5646071,449.01816749572754,8962,17235,jpeg,0.04794788360595703
1778643973.6102629,449.063823223114,8963,17226,jpeg,0.04565572738647461
1778643973.6623998,449.1159601211548,8964,17199,jpeg,0.052136898040771484
1778643973.7100356,449.1635959148407,8965,17250,jpeg,0.047635793685913086
1778643973.7618666,449.2154269218445,8966,17234,jpeg,0.05183100700378418
1778643973.8070958,449.26065611839294,8967,17213,jpeg,0.045229196548461914
1778643973.8656895,449.31924986839294,8968,17209,jpeg,0.05859375
1778643973.9086397,449.3622000217438,8969,17227,jpeg,0.04295015335083008
1778643973.9572387,449.41079902648926,8970,17216,jpeg,0.0485990047454834
1778643974.0102348,449.4637951850891,8971,17237,jpeg,0.052996158599853516
1778643974.0580065,449.5115668773651,8972,17220,jpeg,0.04777169227600098
1778643974.1064847,449.560045003891,8973,17217,jpeg,0.048478126525878906
1778643974.160824,449.6143844127655,8974,17244,jpeg,0.05433940887451172
1778643974.2102604,449.6638207435608,8975,17224,jpeg,0.049436330795288086
1778643974.256917,449.71047735214233,8976,17213,jpeg,0.04665660858154297
1778643974.309976,449.76353645324707,8977,17216,jpeg,0.05305910110473633
1778643974.3602853,449.81384563446045,8978,17211,jpeg,0.050309181213378906
1778643974.40812,449.86168026924133,8979,17221,jpeg,0.04783463478088379
1778643974.4602902,449.9138505458832,8980,17217,jpeg,0.0521702766418457
1778643974.5098479,449.96340823173523,8981,17219,jpeg,0.04955768585205078
1778643974.558346,450.01190638542175,8982,17220,jpeg,0.04849815368652344
1778643974.6110058,450.0645661354065,8983,17215,jpeg,0.05265974998474121
1778643974.6593738,450.1129341125488,8984,17205,jpeg,0.048367977142333984
1778643974.7084813,450.16204166412354,8985,17189,jpeg,0.04910755157470703
1778643974.7627842,450.21634459495544,8986,17221,jpeg,0.05430293083190918
1778643974.8098269,450.26338720321655,8987,17187,jpeg,0.0470426082611084
1778643974.8588915,450.312451839447,8988,17245,jpeg,0.04906463623046875
1778643974.9182546,450.3718149662018,8989,17203,jpeg,0.05936312675476074
1778643974.9668283,450.4203886985779,8990,17222,jpeg,0.04857373237609863
1778643975.0092258,450.46278619766235,8991,17258,jpeg,0.042397499084472656
1778643975.0636756,450.517235994339,8992,17228,jpeg,0.05444979667663574
1778643975.111609,450.5651693344116,8993,17236,jpeg,0.047933340072631836
1778643975.1580644,450.6116247177124,8994,17224,jpeg,0.04645538330078125
1778643975.2113411,450.66490149497986,8995,17233,jpeg,0.053276777267456055
1778643975.261319,450.7148792743683,8996,17216,jpeg,0.049977779388427734
1778643975.309374,450.76293444633484,8997,17214,jpeg,0.048055171966552734
1778643975.361453,450.8150134086609,8998,17229,jpeg,0.052078962326049805
1778643975.4088197,450.862380027771,8999,17193,jpeg,0.04736661911010742
1778643975.4584825,450.91204285621643,9000,17208,jpeg,0.04966282844543457
1778643975.5073154,450.960875749588,9001,17210,jpeg,0.04883289337158203
1778643975.556459,451.01001930236816,9002,17214,jpeg,0.04914355278015137
1778643975.607859,451.06141924858093,9003,17235,jpeg,0.051399946212768555
1778643975.6617153,451.1152756214142,9004,17238,jpeg,0.05385637283325195
1778643975.7131152,451.16667556762695,9005,17233,jpeg,0.051399946212768555
1778643975.7587676,451.2123279571533,9006,17248,jpeg,0.04565238952636719
1778643975.8099399,451.26350021362305,9007,17227,jpeg,0.05117225646972656
1778643975.856326,451.3098864555359,9008,17229,jpeg,0.0463862419128418
1778643975.9120176,451.3655779361725,9009,17220,jpeg,0.05569148063659668
1778643975.9607553,451.414315700531,9010,17219,jpeg,0.04873776435852051
1778643976.0066483,451.4602086544037,9011,17213,jpeg,0.045892953872680664
1778643976.0595534,451.5131137371063,9012,17194,jpeg,0.05290508270263672
1778643976.1101816,451.56374192237854,9013,17241,jpeg,0.0506281852722168
1778643976.1605017,451.61406207084656,9014,17249,jpeg,0.05032014846801758
1778643976.2091165,451.66267681121826,9015,17246,jpeg,0.0486147403717041
1778643976.263684,451.717244386673,9016,17238,jpeg,0.054567575454711914
1778643976.310177,451.76373744010925,9017,17234,jpeg,0.0464930534362793
1778643976.3594372,451.8129975795746,9018,17233,jpeg,0.04926013946533203
1778643976.4078758,451.86143612861633,9019,17227,jpeg,0.04843854904174805
1778643976.4620426,451.9156029224396,9020,17214,jpeg,0.05416679382324219
1778643976.5080156,451.96157598495483,9021,17228,jpeg,0.04597306251525879
1778643976.5642715,452.01783180236816,9022,17219,jpeg,0.05625581741333008
1778643976.605473,452.05903339385986,9023,17185,jpeg,0.04120159149169922
1778643976.6580243,452.1115846633911,9024,17197,jpeg,0.05255126953125
1778643976.7100043,452.16356468200684,9025,17219,jpeg,0.051980018615722656
1778643976.756269,452.20982933044434,9026,17207,jpeg,0.0462646484375
1778643976.8084972,452.2620575428009,9027,17212,jpeg,0.05222821235656738
1778643976.8598068,452.3133671283722,9028,17209,jpeg,0.05130958557128906
1778643976.905992,452.35955238342285,9029,17222,jpeg,0.04618525505065918
1778643976.9611297,452.4146900177002,9030,17253,jpeg,0.05513763427734375
1778643977.009475,452.4630353450775,9031,17254,jpeg,0.048345327377319336
1778643977.0559826,452.5095429420471,9032,17234,jpeg,0.04650759696960449
1778643977.111282,452.5648424625397,9033,17225,jpeg,0.05529952049255371
1778643977.1575007,452.6110610961914,9034,17218,jpeg,0.0462186336517334
1778643977.2048767,452.6584370136261,9035,17222,jpeg,0.04737591743469238
1778643977.2614188,452.71497917175293,9036,17188,jpeg,0.056542158126831055
1778643977.3109062,452.76446652412415,9037,17206,jpeg,0.04948735237121582
1778643977.3560693,452.8096296787262,9038,17230,jpeg,0.04516315460205078
1778643977.4095523,452.8631126880646,9039,17210,jpeg,0.053483009338378906
1778643977.4620097,452.91557002067566,9040,17213,jpeg,0.052457332611083984
1778643977.5080066,452.9615669250488,9041,17229,jpeg,0.045996904373168945
1778643977.558712,453.0122723579407,9042,17215,jpeg,0.0507054328918457
1778643977.612329,453.0658893585205,9043,17212,jpeg,0.053617000579833984
1778643977.659043,453.1126034259796,9044,17224,jpeg,0.046714067459106445
1778643977.7057247,453.15928506851196,9045,17217,jpeg,0.04668164253234863
1778643977.7581773,453.21173763275146,9046,17207,jpeg,0.05245256423950195
1778643977.8076007,453.2611610889435,9047,17205,jpeg,0.0494234561920166
1778643977.8619862,453.31554651260376,9048,17237,jpeg,0.05438542366027832
1778643977.911951,453.3655114173889,9049,17215,jpeg,0.04996490478515625
1778643977.962094,453.41565442085266,9050,17207,jpeg,0.05014300346374512
1778643978.0052052,453.4587655067444,9051,17219,jpeg,0.04311108589172363
1778643978.0673983,453.5209586620331,9052,17226,jpeg,0.06219315528869629
1778643978.105818,453.5593783855438,9053,17211,jpeg,0.03841972351074219
1778643978.156695,453.61025524139404,9054,17215,jpeg,0.05087685585021973
1778643978.2092192,453.66277956962585,9055,17219,jpeg,0.05252432823181152
1778643978.2574549,453.7110152244568,9056,17220,jpeg,0.04823565483093262
1778643978.310199,453.76375937461853,9057,17224,jpeg,0.052744150161743164
1778643978.3627675,453.8163278102875,9058,17203,jpeg,0.05256843566894531
1778643978.4073834,453.8609437942505,9059,17221,jpeg,0.044615983963012695
1778643978.4580078,453.91156816482544,9060,17235,jpeg,0.05062437057495117
1778643978.510827,453.9643874168396,9061,17217,jpeg,0.052819252014160156
1778643978.5567641,454.0103244781494,9062,17212,jpeg,0.04593706130981445
1778643978.607372,454.0609323978424,9063,17226,jpeg,0.050607919692993164
1778643978.6652224,454.11878275871277,9064,17192,jpeg,0.05785036087036133
1778643978.7147818,454.1683421134949,9065,17246,jpeg,0.04955935478210449
1778643978.7574692,454.21102952957153,9066,17215,jpeg,0.042687416076660156
1778643978.8130705,454.26663088798523,9067,17224,jpeg,0.05560135841369629
1778643978.857732,454.31129240989685,9068,17230,jpeg,0.044661521911621094
1778643978.907004,454.36056447029114,9069,17196,jpeg,0.04927206039428711
1778643978.9620686,454.4156289100647,9070,17202,jpeg,0.05506443977355957
1778643979.0104768,454.4640371799469,9071,17238,jpeg,0.04840826988220215
1778643979.058284,454.5118443965912,9072,17244,jpeg,0.04780721664428711
1778643979.1090574,454.5626177787781,9073,17241,jpeg,0.05077338218688965
1778643979.1633542,454.61691451072693,9074,17240,jpeg,0.05429673194885254
1778643979.2081256,454.6616859436035,9075,17199,jpeg,0.044771432876586914
1778643979.2647061,454.7182664871216,9076,17242,jpeg,0.056580543518066406
1778643979.3144715,454.76803183555603,9077,17241,jpeg,0.04976534843444824
1778643979.3599892,454.8135495185852,9078,17218,jpeg,0.045517683029174805
1778643979.412047,454.8656072616577,9079,17242,jpeg,0.052057743072509766
1778643979.4581273,454.91168761253357,9080,17229,jpeg,0.04608035087585449
1778643979.5157995,454.96935987472534,9081,17239,jpeg,0.05767226219177246
1778643979.5592704,455.01283073425293,9082,17232,jpeg,0.04347085952758789
1778643979.6074817,455.0610420703888,9083,17234,jpeg,0.04821133613586426
1778643979.6573203,455.110880613327,9084,17200,jpeg,0.04983854293823242
1778643979.7107384,455.1642987728119,9085,17215,jpeg,0.05341815948486328
1778643979.7562814,455.20984172821045,9086,17235,jpeg,0.04554295539855957
1778643979.806991,455.2605514526367,9087,17211,jpeg,0.05070972442626953
1778643979.8651884,455.3187487125397,9088,17204,jpeg,0.0581972599029541
1778643979.9115093,455.36506962776184,9089,17195,jpeg,0.04632091522216797
1778643979.9572203,455.41078066825867,9090,17198,jpeg,0.04571104049682617
1778643980.013532,455.4670922756195,9091,17213,jpeg,0.056311607360839844
1778643980.0562987,455.509859085083,9092,17225,jpeg,0.04276680946350098
1778643980.111975,455.56553530693054,9093,17200,jpeg,0.05567622184753418
1778643980.1601882,455.61374855041504,9094,17235,jpeg,0.04821324348449707
1778643980.205559,455.6591193675995,9095,17250,jpeg,0.04537081718444824
1778643980.2569122,455.71047258377075,9096,17236,jpeg,0.05135321617126465
1778643980.3106704,455.7642307281494,9097,17239,jpeg,0.05375814437866211
1778643980.3602057,455.81376600265503,9098,17220,jpeg,0.049535274505615234
1778643980.4084258,455.8619861602783,9099,17219,jpeg,0.048220157623291016
1778643980.4586756,455.9122359752655,9100,17222,jpeg,0.05024981498718262
1778643980.507261,455.960821390152,9101,17244,jpeg,0.04858541488647461
1778643980.5583897,456.01195001602173,9102,17204,jpeg,0.05112862586975098
1778643980.6104267,456.06398701667786,9103,17229,jpeg,0.05203700065612793
1778643980.657615,456.1111752986908,9104,17241,jpeg,0.04718828201293945
1778643980.7076404,456.16120076179504,9105,17228,jpeg,0.05002546310424805
1778643980.762909,456.2164692878723,9106,17237,jpeg,0.05526852607727051
1778643980.8083866,456.2619469165802,9107,17232,jpeg,0.04547762870788574
1778643980.8598313,456.31339168548584,9108,17241,jpeg,0.05144476890563965
1778643980.910448,456.36400842666626,9109,17222,jpeg,0.05061674118041992
1778643980.9573338,456.4108941555023,9110,17230,jpeg,0.04688572883605957
1778643981.0101984,456.4637587070465,9111,17226,jpeg,0.05286455154418945
1778643981.0583405,456.51190090179443,9112,17264,jpeg,0.048142194747924805
1778643981.107513,456.56107330322266,9113,17243,jpeg,0.049172401428222656
1778643981.1543455,456.6079058647156,9114,17201,jpeg,0.04683256149291992
1778643981.210197,456.66375732421875,9115,17240,jpeg,0.05585145950317383
1778643981.258966,456.71252632141113,9116,17224,jpeg,0.04876899719238281
1778643981.3039575,456.75751781463623,9117,17201,jpeg,0.044991493225097656
1778643981.3582451,456.8118054866791,9118,17239,jpeg,0.05428767204284668
1778643981.4066267,456.8601870536804,9119,17244,jpeg,0.04838156700134277
1778643981.456009,456.90956926345825,9120,17235,jpeg,0.04938220977783203
1778643981.5100715,456.9636318683624,9121,17220,jpeg,0.054062604904174805
1778643981.5556855,457.00924587249756,9122,17221,jpeg,0.045614004135131836
1778643981.6045659,457.0581262111664,9123,17231,jpeg,0.04888033866882324
1778643981.6593726,457.11293292045593,9124,17235,jpeg,0.05480670928955078
1778643981.7051883,457.158748626709,9125,17230,jpeg,0.04581570625305176
1778643981.7565043,457.2100646495819,9126,17229,jpeg,0.051316022872924805
1778643981.8105774,457.26413774490356,9127,17228,jpeg,0.05407309532165527
1778643981.8607857,457.314346075058,9128,17237,jpeg,0.050208330154418945
1778643981.9074416,457.3610019683838,9129,17253,jpeg,0.046655893325805664
1778643981.961557,457.41511726379395,9130,17224,jpeg,0.05411529541015625
1778643982.0139542,457.4675145149231,9131,17274,jpeg,0.05239725112915039
1778643982.0629056,457.5164659023285,9132,17235,jpeg,0.04895138740539551
1778643982.1059642,457.5595245361328,9133,17212,jpeg,0.04305863380432129
1778643982.1610296,457.6145899295807,9134,17187,jpeg,0.05506539344787598
1778643982.2049134,457.6584737300873,9135,17220,jpeg,0.0438838005065918
1778643982.260691,457.71425127983093,9136,17224,jpeg,0.055777549743652344
1778643982.3058052,457.75936555862427,9137,17250,jpeg,0.04511427879333496
1778643982.3550456,457.80860590934753,9138,17245,jpeg,0.0492403507232666
1778643982.4120533,457.86561369895935,9139,17223,jpeg,0.057007789611816406
1778643982.4554973,457.9090576171875,9140,17237,jpeg,0.043443918228149414
1778643982.5094683,457.9630286693573,9141,17227,jpeg,0.053971052169799805
1778643982.5614352,458.0149955749512,9142,17265,jpeg,0.05196690559387207
1778643982.6059525,458.05951285362244,9143,17243,jpeg,0.04451727867126465
1778643982.6559663,458.1095266342163,9144,17237,jpeg,0.05001378059387207
1778643982.711451,458.1650114059448,9145,17267,jpeg,0.055484771728515625
1778643982.7559543,458.2095146179199,9146,17246,jpeg,0.044503211975097656
1778643982.8058288,458.2593891620636,9147,17200,jpeg,0.04987454414367676
1778643982.861011,458.31457138061523,9148,17222,jpeg,0.05518221855163574
1778643982.906266,458.35982632637024,9149,17231,jpeg,0.04525494575500488
1778643982.954526,458.40808629989624,9150,17227,jpeg,0.04825997352600098
1778643983.0066264,458.4601867198944,9151,17238,jpeg,0.052100419998168945
1778643983.0540764,458.5076367855072,9152,17246,jpeg,0.04745006561279297
1778643983.1045814,458.558141708374,9153,17237,jpeg,0.05050492286682129
1778643983.160609,458.61416935920715,9154,17220,jpeg,0.05602765083312988
1778643983.206544,458.66010427474976,9155,17237,jpeg,0.04593491554260254
1778643983.255739,458.709299325943,9156,17201,jpeg,0.049195051193237305
1778643983.311529,458.76508927345276,9157,17210,jpeg,0.055789947509765625
1778643983.356484,458.81004428863525,9158,17231,jpeg,0.04495501518249512
1778643983.4055822,458.8591425418854,9159,17254,jpeg,0.04909825325012207
1778643983.4612184,458.9147787094116,9160,17229,jpeg,0.05563616752624512
1778643983.5061576,458.9597179889679,9161,17250,jpeg,0.044939279556274414
1778643983.5551846,459.00874495506287,9162,17202,jpeg,0.0490269660949707
1778643983.6178815,459.0714418888092,9163,17237,jpeg,0.06269693374633789
1778643983.6566138,459.11017417907715,9164,17238,jpeg,0.038732290267944336
1778643983.7055721,459.15913248062134,9165,17207,jpeg,0.04895830154418945
1778643983.7578719,459.21143221855164,9166,17209,jpeg,0.05229973793029785
1778643983.8081262,459.2616865634918,9167,17219,jpeg,0.05025434494018555
1778643983.8575184,459.31107878685,9168,17224,jpeg,0.0493922233581543
1778643983.9158485,459.3694088459015,9169,17227,jpeg,0.05833005905151367
1778643983.9617426,459.41530299186707,9170,17232,jpeg,0.04589414596557617
1778643984.010655,459.4642152786255,9171,17223,jpeg,0.04891228675842285
1778643984.0622637,459.51582407951355,9172,17215,jpeg,0.05160880088806152
1778643984.113724,459.56728434562683,9173,17218,jpeg,0.05146026611328125
1778643984.1552093,459.60876965522766,9174,17223,jpeg,0.04148530960083008
1778643984.2136173,459.66717767715454,9175,17228,jpeg,0.05840802192687988
1778643984.2572846,459.7108449935913,9176,17225,jpeg,0.04366731643676758
1778643984.3025663,459.7561266422272,9177,17248,jpeg,0.04528164863586426
1778643984.3559434,459.80950379371643,9178,17210,jpeg,0.05337715148925781
1778643984.4057162,459.85927653312683,9179,17235,jpeg,0.04977273941040039
1778643984.515239,459.9687993526459,9180,17222,jpeg,0.10952281951904297
1778643984.5567436,460.0103039741516,9181,17208,jpeg,0.041504621505737305
1778643984.6050668,460.0586271286011,9182,17232,jpeg,0.04832315444946289
1778643984.6643343,460.1178946495056,9183,17218,jpeg,0.059267520904541016
1778643984.707083,460.1606433391571,9184,17236,jpeg,0.04274868965148926
1778643984.7552278,460.2087881565094,9185,17252,jpeg,0.04814481735229492
1778643984.8070977,460.2606580257416,9186,17229,jpeg,0.051869869232177734
1778643984.856579,460.3101394176483,9187,17219,jpeg,0.04948139190673828
1778643984.9071343,460.3606946468353,9188,17216,jpeg,0.05055522918701172
1778643984.9606156,460.41417598724365,9189,17215,jpeg,0.053481340408325195
1778643985.0056067,460.4591670036316,9190,17253,jpeg,0.04499101638793945
1778643985.0564754,460.5100357532501,9191,17201,jpeg,0.05086874961853027
1778643985.1085138,460.5620741844177,9192,17227,jpeg,0.05203843116760254
1778643985.1569302,460.6104905605316,9193,17190,jpeg,0.0484163761138916
1778643985.206026,460.65958642959595,9194,17242,jpeg,0.049095869064331055
1778643985.260429,460.7139892578125,9195,17228,jpeg,0.054402828216552734
1778643985.3063543,460.75991463661194,9196,17245,jpeg,0.04592537879943848
1778643985.3581908,460.81175112724304,9197,17204,jpeg,0.051836490631103516
1778643985.4086926,460.86225295066833,9198,17212,jpeg,0.05050182342529297
1778643985.4556825,460.90924286842346,9199,17214,jpeg,0.04698991775512695
1778643985.5064092,460.95996952056885,9200,17248,jpeg,0.05072665214538574
1778643985.5623071,461.01586747169495,9201,17256,jpeg,0.05589795112609863
1778643985.605838,461.05939841270447,9202,17239,jpeg,0.043530941009521484
1778643985.6603613,461.11392164230347,9203,17203,jpeg,0.05452322959899902
1778643985.7122395,461.1657998561859,9204,17221,jpeg,0.05187821388244629
1778643985.7570763,461.2106366157532,9205,17208,jpeg,0.04483675956726074
1778643985.8077514,461.2613117694855,9206,17210,jpeg,0.050675153732299805
1778643985.8604476,461.3140079975128,9207,17266,jpeg,0.05269622802734375
1778643985.9082503,461.3618106842041,9208,17244,jpeg,0.04780268669128418
1778643985.9574618,461.4110221862793,9209,17224,jpeg,0.04921150207519531
1778643986.01451,461.468070268631,9210,17234,jpeg,0.05704808235168457
1778643986.0594492,461.51300954818726,9211,17237,jpeg,0.044939279556274414
1778643986.1084797,461.5620400905609,9212,17244,jpeg,0.04903054237365723
1778643986.1635,461.61706042289734,9213,17240,jpeg,0.05502033233642578
1778643986.2117314,461.66529178619385,9214,17226,jpeg,0.04823136329650879
1778643986.2595353,461.713095664978,9215,17230,jpeg,0.04780387878417969
1778643986.3044515,461.75801181793213,9216,17230,jpeg,0.04491615295410156
1778643986.359519,461.8130793571472,9217,17220,jpeg,0.05506753921508789
1778643986.4031873,461.8567476272583,9218,17237,jpeg,0.043668270111083984
1778643986.4549348,461.9084951877594,9219,17235,jpeg,0.05174756050109863
1778643986.5042005,461.95776081085205,9220,17228,jpeg,0.04926562309265137
1778643986.551847,462.005407333374,9221,17235,jpeg,0.047646522521972656
1778643986.6064076,462.05996799468994,9222,17229,jpeg,0.05456066131591797
1778643986.652252,462.1058123111725,9223,17207,jpeg,0.045844316482543945
1778643986.7029738,462.1565341949463,9224,17208,jpeg,0.05072188377380371
1778643986.7614267,462.21498703956604,9225,17222,jpeg,0.05845284461975098
1778643986.8098092,462.2633695602417,9226,17225,jpeg,0.04838252067565918
1778643986.8567464,462.31030678749084,9227,17230,jpeg,0.04693722724914551
1778643986.9106464,462.3642067909241,9228,17198,jpeg,0.05390000343322754
1778643986.9562974,462.40985774993896,9229,17232,jpeg,0.04565095901489258
1778643987.0065892,462.46014952659607,9230,17233,jpeg,0.05029177665710449
1778643987.0571258,462.5106861591339,9231,17211,jpeg,0.0505366325378418
1778643987.1055448,462.5591051578522,9232,17220,jpeg,0.04841899871826172
1778643987.1563754,462.60993576049805,9233,17219,jpeg,0.05083060264587402
1778643987.2063856,462.65994596481323,9234,17220,jpeg,0.05001020431518555
1778643987.2555776,462.70913791656494,9235,17229,jpeg,0.049191951751708984
1778643987.3060308,462.7595911026001,9236,17218,jpeg,0.05045318603515625
1778643987.3617918,462.8153522014618,9237,17220,jpeg,0.055761098861694336
1778643987.4062085,462.8597688674927,9238,17244,jpeg,0.04441666603088379
1778643987.4541163,462.90767669677734,9239,17248,jpeg,0.04790782928466797
1778643987.5077727,462.96133303642273,9240,17220,jpeg,0.05365633964538574
1778643987.5547898,463.0083501338959,9241,17213,jpeg,0.04701709747314453
1778643987.6084876,463.062047958374,9242,17215,jpeg,0.053697824478149414
1778643987.6570683,463.1106286048889,9243,17263,jpeg,0.04858064651489258
1778643987.703487,463.1570472717285,9244,17225,jpeg,0.04641866683959961
1778643987.7584631,463.2120234966278,9245,17218,jpeg,0.05497622489929199
1778643987.8068733,463.26043367385864,9246,17235,jpeg,0.04841017723083496
1778643987.8547015,463.3082618713379,9247,17263,jpeg,0.04782819747924805
1778643987.9058015,463.35936188697815,9248,17231,jpeg,0.05110001564025879
1778643987.9600878,463.4136481285095,9249,17252,jpeg,0.05428624153137207
1778643988.0050647,463.4586250782013,9250,17245,jpeg,0.04497694969177246
1778643988.055299,463.50885939598083,9251,17276,jpeg,0.050234317779541016
1778643988.107168,463.5607283115387,9252,17244,jpeg,0.05186891555786133
1778643988.1565342,463.61009454727173,9253,17266,jpeg,0.04936623573303223
1778643988.2032053,463.6567656993866,9254,17253,jpeg,0.046671152114868164
1778643988.2535365,463.70709681510925,9255,17259,jpeg,0.05033111572265625
1778643988.3043694,463.7579298019409,9256,17233,jpeg,0.05083298683166504
1778643988.353,463.80656027793884,9257,17228,jpeg,0.048630475997924805
1778643988.4089012,463.86246156692505,9258,17237,jpeg,0.055901288986206055
1778643988.4537585,463.9073188304901,9259,17238,jpeg,0.04485726356506348
1778643988.5023265,463.9558868408203,9260,17223,jpeg,0.048568010330200195
1778643988.5575323,464.0110926628113,9261,17237,jpeg,0.0552058219909668
1778643988.6038039,464.0573642253876,9262,17208,jpeg,0.046271562576293945
1778643988.6529226,464.1064829826355,9263,17223,jpeg,0.049118757247924805
1778643988.7054074,464.1589677333832,9264,17234,jpeg,0.052484750747680664
1778643988.7549841,464.20854449272156,9265,17245,jpeg,0.049576759338378906
1778643988.802551,464.2561113834381,9266,17225,jpeg,0.047566890716552734
1778643988.860081,464.31364130973816,9267,17212,jpeg,0.05752992630004883
1778643988.9055445,464.3591048717499,9268,17238,jpeg,0.04546356201171875
1778643988.9531991,464.40675950050354,9269,17212,jpeg,0.04765462875366211
1778643989.0082304,464.4617908000946,9270,17216,jpeg,0.05503129959106445
1778643989.0547175,464.5082778930664,9271,17221,jpeg,0.04648709297180176
1778643989.1026955,464.55625581741333,9272,17225,jpeg,0.04797792434692383
1778643989.1576703,464.61123061180115,9273,17205,jpeg,0.05497479438781738
1778643989.2050054,464.6585657596588,9274,17222,jpeg,0.047335147857666016
1778643989.2535808,464.70714116096497,9275,17194,jpeg,0.048575401306152344
1778643989.3072395,464.76079988479614,9276,17216,jpeg,0.05365872383117676
1778643989.355596,464.8091564178467,9277,17209,jpeg,0.04835653305053711
1778643989.4039843,464.85754466056824,9278,17216,jpeg,0.04838824272155762
1778643989.4568799,464.9104402065277,9279,17223,jpeg,0.052895545959472656
1778643989.5048344,464.9583947658539,9280,17213,jpeg,0.047954559326171875
1778643989.5554657,465.0090260505676,9281,17234,jpeg,0.05063128471374512
1778643989.6052864,465.0588467121124,9282,17219,jpeg,0.049820661544799805
1778643989.6548567,465.10841703414917,9283,17210,jpeg,0.049570322036743164
1778643989.7050874,465.15864777565,9284,17239,jpeg,0.05023074150085449
1778643989.7631016,465.21666193008423,9285,17244,jpeg,0.0580141544342041
1778643989.8049874,465.25854778289795,9286,17238,jpeg,0.0418858528137207
1778643989.8543816,465.30794191360474,9287,17247,jpeg,0.04939413070678711
1778643989.9071066,465.36066699028015,9288,17244,jpeg,0.05272507667541504
1778643989.9540331,465.40759348869324,9289,17211,jpeg,0.04692649841308594
1778643990.0028002,465.456360578537,9290,17224,jpeg,0.04876708984375
1778643990.0572436,465.510803937912,9291,17236,jpeg,0.054443359375
1778643990.1053336,465.5588939189911,9292,17237,jpeg,0.04808998107910156
1778643990.153762,465.6073224544525,9293,17229,jpeg,0.04842853546142578
1778643990.208103,465.6616632938385,9294,17223,jpeg,0.05434083938598633
1778643990.253022,465.70658230781555,9295,17236,jpeg,0.04491901397705078
1778643990.3029215,465.75648188591003,9296,17245,jpeg,0.04989957809448242
1778643990.3579586,465.811518907547,9297,17255,jpeg,0.05503702163696289
1778643990.4025915,465.8561518192291,9298,17251,jpeg,0.044632911682128906
1778643990.4548554,465.90841579437256,9299,17238,jpeg,0.05226397514343262
1778643990.5059502,465.9595105648041,9300,17250,jpeg,0.051094770431518555
1778643990.5556238,466.00918412208557,9301,17238,jpeg,0.04967355728149414
1778643990.6035287,466.0570890903473,9302,17198,jpeg,0.04790496826171875
1778643990.663647,466.11720728874207,9303,17222,jpeg,0.06011819839477539
1778643990.7053177,466.15887808799744,9304,17214,jpeg,0.041670799255371094
1778643990.7541108,466.2076711654663,9305,17216,jpeg,0.04879307746887207
1778643990.8077548,466.2613151073456,9306,17222,jpeg,0.05364394187927246
1778643990.852365,466.3059253692627,9307,17241,jpeg,0.04461026191711426
1778643990.9078472,466.36140751838684,9308,17224,jpeg,0.05548214912414551
1778643990.9628088,466.4163691997528,9309,17208,jpeg,0.0549616813659668
1778643991.0037994,466.457359790802,9310,17231,jpeg,0.040990591049194336
1778643991.0511525,466.5047128200531,9311,17215,jpeg,0.04735302925109863
1778643991.110859,466.56441926956177,9312,17214,jpeg,0.05970644950866699
1778643991.1529682,466.6065285205841,9313,17200,jpeg,0.04210925102233887
1778643991.2016082,466.6551685333252,9314,17204,jpeg,0.04864001274108887
1778643991.2595325,466.7130928039551,9315,17175,jpeg,0.05792427062988281
1778643991.3068907,466.7604510784149,9316,17193,jpeg,0.04735827445983887
1778643991.355051,466.80861139297485,9317,17230,jpeg,0.04816031455993652
1778643991.41001,466.86357045173645,9318,17256,jpeg,0.05495905876159668
1778643991.4544876,466.908047914505,9319,17236,jpeg,0.04447746276855469
1778643991.504256,466.957816362381,9320,17221,jpeg,0.04976844787597656
1778643991.5572054,467.01076579093933,9321,17237,jpeg,0.05294942855834961
1778643991.6050124,467.05857276916504,9322,17214,jpeg,0.04780697822570801
1778643991.6533246,467.10688495635986,9323,17225,jpeg,0.04831218719482422
1778643991.7056088,467.1591691970825,9324,17241,jpeg,0.05228424072265625
1778643991.759023,467.21258330345154,9325,17221,jpeg,0.053414106369018555
1778643991.8041353,467.25769567489624,9326,17215,jpeg,0.04511237144470215
1778643991.8548088,467.3083691596985,9327,17216,jpeg,0.050673484802246094
1778643991.9046423,467.35820269584656,9328,17227,jpeg,0.04983353614807129
1778643991.9562318,467.4097921848297,9329,17232,jpeg,0.0515894889831543
1778643992.0043592,467.45791959762573,9330,17254,jpeg,0.04812741279602051
1778643992.0536613,467.507221698761,9331,17259,jpeg,0.049302101135253906
1778643992.1051211,467.5586814880371,9332,17237,jpeg,0.05145978927612305
1778643992.1575537,467.61111402511597,9333,17247,jpeg,0.05243253707885742
1778643992.2041917,467.65775203704834,9334,17234,jpeg,0.04663801193237305
1778643992.2547643,467.7083246707916,9335,17240,jpeg,0.05057263374328613
1778643992.3096113,467.76317167282104,9336,17226,jpeg,0.054847002029418945
1778643992.3560188,467.8095791339874,9337,17228,jpeg,0.046407461166381836
1778643992.4054353,467.85899567604065,9338,17228,jpeg,0.049416542053222656
1778643992.4610424,467.91460275650024,9339,17193,jpeg,0.05560708045959473
1778643992.5044637,467.9580240249634,9340,17206,jpeg,0.043421268463134766
1778643992.554155,468.0077154636383,9341,17235,jpeg,0.04969143867492676
1778643992.6082952,468.0618555545807,9342,17207,jpeg,0.05414009094238281
1778643992.6532016,468.10676193237305,9343,17245,jpeg,0.0449063777923584
1778643992.705936,468.15949630737305,9344,17221,jpeg,0.052734375
1778643992.7579193,468.2114796638489,9345,17205,jpeg,0.05198335647583008
1778643992.8037894,468.25734972953796,9346,17232,jpeg,0.045870065689086914
1778643992.856009,468.3095693588257,9347,17222,jpeg,0.05221962928771973
1778643992.9076695,468.3612298965454,9348,17229,jpeg,0.05166053771972656
1778643992.95596,468.40952038764954,9349,17218,jpeg,0.04829049110412598
1778643993.0078993,468.46145963668823,9350,17231,jpeg,0.05193924903869629
1778643993.0588856,468.51244592666626,9351,17211,jpeg,0.050986289978027344
1778643993.1048002,468.55836057662964,9352,17216,jpeg,0.045914649963378906
1778643993.1545267,468.6080870628357,9353,17235,jpeg,0.04972648620605469
1778643993.2064445,468.66000485420227,9354,17245,jpeg,0.05191779136657715
1778643993.2530718,468.7066321372986,9355,17215,jpeg,0.04662728309631348
1778643993.3078232,468.7613835334778,9356,17214,jpeg,0.05475139617919922
1778643993.356427,468.80998730659485,9357,17256,jpeg,0.04860377311706543
1778643993.4022374,468.85579776763916,9358,17232,jpeg,0.04581046104431152
1778643993.4546156,468.908175945282,9359,17258,jpeg,0.052378177642822266
1778643993.5096412,468.96320152282715,9360,17235,jpeg,0.055025577545166016
1778643993.5514424,469.0050027370453,9361,17251,jpeg,0.04180121421813965
1778643993.6038969,469.0574572086334,9362,17216,jpeg,0.052454471588134766
1778643993.6584535,469.1120138168335,9363,17219,jpeg,0.05455660820007324
1778643993.7012548,469.15481519699097,9364,17230,jpeg,0.0428013801574707
1778643993.754161,469.2077212333679,9365,17238,jpeg,0.052906036376953125
1778643993.8086467,469.26220703125,9366,17241,jpeg,0.05448579788208008
1778643993.853527,469.30708742141724,9367,17236,jpeg,0.04488039016723633
1778643993.904972,469.35853242874146,9368,17207,jpeg,0.05144500732421875
1778643993.955412,469.4089722633362,9369,17245,jpeg,0.05043983459472656
1778643994.0024111,469.4559714794159,9370,17234,jpeg,0.046999216079711914
1778643994.054909,469.5084693431854,9371,17226,jpeg,0.05249786376953125
1778643994.104336,469.5578963756561,9372,17215,jpeg,0.049427032470703125
1778643994.1544094,469.6079697608948,9373,17218,jpeg,0.05007338523864746
1778643994.2034118,469.6569721698761,9374,17225,jpeg,0.04900240898132324
1778643994.2540202,469.70758056640625,9375,17219,jpeg,0.05060839653015137
1778643994.303651,469.7572114467621,9376,17237,jpeg,0.04963088035583496
1778643994.3539107,469.807471036911,9377,17220,jpeg,0.05025959014892578
1778643994.4044566,469.85801696777344,9378,17187,jpeg,0.05054593086242676
1778643994.4573753,469.9109356403351,9379,17216,jpeg,0.05291867256164551
1778643994.502807,469.9563672542572,9380,17244,jpeg,0.04543161392211914
1778643994.5555277,470.0090880393982,9381,17231,jpeg,0.05272078514099121
1778643994.6058073,470.05936765670776,9382,17235,jpeg,0.05027961730957031
1778643994.6538947,470.1074550151825,9383,17220,jpeg,0.048087358474731445
1778643994.7036886,470.15724897384644,9384,17243,jpeg,0.04979395866394043
1778643994.7567708,470.21033120155334,9385,17233,jpeg,0.05308222770690918
1778643994.8043327,470.25789308547974,9386,17232,jpeg,0.0475618839263916
1778643994.8667383,470.3202986717224,9387,17249,jpeg,0.06240558624267578
1778643994.9014432,470.3550035953522,9388,17226,jpeg,0.03470492362976074
1778643994.9512715,470.4048318862915,9389,17225,jpeg,0.049828290939331055
1778643995.0050373,470.4585976600647,9390,17250,jpeg,0.05376577377319336
1778643995.0594265,470.51298689842224,9391,17244,jpeg,0.054389238357543945
1778643995.104991,470.5585513114929,9392,17220,jpeg,0.04556441307067871
1778643995.154167,470.60772728919983,9393,17213,jpeg,0.04917597770690918
1778643995.2010224,470.65458273887634,9394,17199,jpeg,0.04685544967651367
1778643995.2527745,470.70633482933044,9395,17226,jpeg,0.05175209045410156
1778643995.3046613,470.75822162628174,9396,17231,jpeg,0.051886796951293945
1778643995.3508449,470.80440521240234,9397,17219,jpeg,0.04618358612060547
1778643995.401942,470.85550236701965,9398,17238,jpeg,0.05109715461730957
1778643995.4535835,470.90714383125305,9399,17259,jpeg,0.05164146423339844
1778643995.5006201,470.9541804790497,9400,17218,jpeg,0.04703664779663086
1778643995.5539763,471.007536649704,9401,17216,jpeg,0.053356170654296875
1778643995.605811,471.05937147140503,9402,17192,jpeg,0.051834821701049805
1778643995.6507988,471.10435914993286,9403,17214,jpeg,0.04498767852783203
1778643995.7028813,471.1564416885376,9404,17203,jpeg,0.05208253860473633
1778643995.7557647,471.20932507514954,9405,17206,jpeg,0.05288338661193848
1778643995.8031259,471.2566862106323,9406,17195,jpeg,0.047361135482788086
1778643995.8615897,471.3151500225067,9407,17216,jpeg,0.05846381187438965
1778643995.9055572,471.35911750793457,9408,17235,jpeg,0.043967485427856445
1778643995.95218,471.4057402610779,9409,17229,jpeg,0.04662275314331055
1778643996.004078,471.4576382637024,9410,17213,jpeg,0.05189800262451172
1778643996.0593703,471.5129306316376,9411,17210,jpeg,0.055292367935180664
1778643996.105193,471.5587532520294,9412,17228,jpeg,0.0458226203918457
1778643996.1613784,471.6149387359619,9413,17205,jpeg,0.05618548393249512
1778643996.209135,471.66269540786743,9414,17224,jpeg,0.04775667190551758
1778643996.2587974,471.7123577594757,9415,17247,jpeg,0.04966235160827637
1778643996.3101187,471.7636790275574,9416,17228,jpeg,0.05132126808166504
1778643996.3676717,471.8212320804596,9417,17216,jpeg,0.05755305290222168
1778643996.407273,471.86083340644836,9418,17190,jpeg,0.03960132598876953
1778643996.4545703,471.90813064575195,9419,17227,jpeg,0.04729723930358887
1778643996.5049407,471.95850110054016,9420,17220,jpeg,0.05037045478820801
1778643996.5544536,472.00801396369934,9421,17204,jpeg,0.04951286315917969
1778643996.603514,472.0570743083954,9422,17211,jpeg,0.04906034469604492
1778643996.6584227,472.1119830608368,9423,17207,jpeg,0.05490875244140625
1778643996.7042122,472.15777254104614,9424,17217,jpeg,0.045789480209350586
1778643996.7518876,472.2054479122162,9425,17215,jpeg,0.047675371170043945
1778643996.806476,472.26003646850586,9426,17194,jpeg,0.05458855628967285
1778643996.8525786,472.30613899230957,9427,17180,jpeg,0.04610252380371094
1778643996.906734,472.360294342041,9428,17219,jpeg,0.05415534973144531
1778643996.9567504,472.41031074523926,9429,17225,jpeg,0.05001640319824219
1778643997.001905,472.45546531677246,9430,17220,jpeg,0.045154571533203125
1778643997.0537803,472.50734066963196,9431,17198,jpeg,0.05187535285949707
1778643997.103946,472.5575063228607,9432,17222,jpeg,0.050165653228759766
1778643997.1533284,472.60688877105713,9433,17194,jpeg,0.04938244819641113
1778643997.2017608,472.6553211212158,9434,17204,jpeg,0.048432350158691406
1778643997.257024,472.71058440208435,9435,17189,jpeg,0.05526328086853027
1778643997.303806,472.7573664188385,9436,17238,jpeg,0.04678201675415039
1778643997.3516922,472.80525255203247,9437,17220,jpeg,0.04788613319396973
1778643997.4067552,472.86031556129456,9438,17220,jpeg,0.05506300926208496
1778643997.4537961,472.9073565006256,9439,17236,jpeg,0.04704093933105469
1778643997.508352,472.96191239356995,9440,17232,jpeg,0.05455589294433594
1778643997.5540545,473.0076148509979,9441,17213,jpeg,0.045702457427978516
1778643997.6031337,473.0566940307617,9442,17221,jpeg,0.049079179763793945
1778643997.6585972,473.1121575832367,9443,17203,jpeg,0.055463552474975586
1778643997.7047884,473.15834879875183,9444,17197,jpeg,0.04619121551513672
1778643997.7534788,473.2070391178131,9445,17221,jpeg,0.0486903190612793
1778643997.7997146,473.25327491760254,9446,17220,jpeg,0.04623579978942871
1778643997.8619282,473.31548857688904,9447,17232,jpeg,0.06221365928649902
1778643997.9031754,473.35673570632935,9448,17229,jpeg,0.04124712944030762
1778643997.9514163,473.404976606369,9449,17221,jpeg,0.04824090003967285
1778643998.0045733,473.45813369750977,9450,17221,jpeg,0.05315709114074707
1778643998.0519571,473.50551748275757,9451,17215,jpeg,0.047383785247802734
1778643998.1010168,473.5545771121979,9452,17224,jpeg,0.04905962944030762
1778643998.154429,473.60798931121826,9453,17229,jpeg,0.05341219902038574
1778643998.2028036,473.6563639640808,9454,17228,jpeg,0.04837465286254883
1778643998.2514472,473.7050075531006,9455,17203,jpeg,0.04864358901977539
1778643998.3028128,473.75637316703796,9456,17212,jpeg,0.05136561393737793
1778643998.351431,473.8049912452698,9457,17210,jpeg,0.04861807823181152
1778643998.4014566,473.8550169467926,9458,17205,jpeg,0.05002570152282715
1778643998.4549208,473.90848112106323,9459,17199,jpeg,0.05346417427062988
1778643998.5013587,473.95491909980774,9460,17252,jpeg,0.046437978744506836
1778643998.5502613,474.0038216114044,9461,17218,jpeg,0.04890251159667969
1778643998.6018023,474.055362701416,9462,17208,jpeg,0.05154109001159668
1778643998.6500883,474.10364866256714,9463,17219,jpeg,0.04828596115112305
1778643998.7003534,474.1539137363434,9464,17243,jpeg,0.05026507377624512
1778643998.7532735,474.2068338394165,9465,17199,jpeg,0.05292010307312012
1778643998.8045883,474.25814867019653,9466,17210,jpeg,0.0513148307800293
1778643998.8522177,474.3057780265808,9467,17198,jpeg,0.047629356384277344
1778643998.9031124,474.35667276382446,9468,17225,jpeg,0.050894737243652344
1778643998.9570124,474.4105727672577,9469,17206,jpeg,0.05390000343322754
1778643999.0025585,474.4561188220978,9470,17235,jpeg,0.04554605484008789
1778643999.059759,474.5133192539215,9471,17245,jpeg,0.05720043182373047
1778643999.1060019,474.5595622062683,9472,17231,jpeg,0.04624295234680176
1778643999.1526396,474.6061999797821,9473,17229,jpeg,0.046637773513793945
1778643999.215622,474.6691823005676,9474,17223,jpeg,0.06298232078552246
1778643999.2521565,474.7057168483734,9475,17217,jpeg,0.03653454780578613
1778643999.3045683,474.7581286430359,9476,17182,jpeg,0.052411794662475586
1778643999.352697,474.8062572479248,9477,17197,jpeg,0.048128604888916016
1778643999.403586,474.85714626312256,9478,17220,jpeg,0.050889015197753906
1778643999.452967,474.9065272808075,9479,17235,jpeg,0.04938101768493652
1778643999.5037932,474.95735359191895,9480,17234,jpeg,0.050826311111450195
1778643999.553912,475.0074722766876,9481,17246,jpeg,0.05011868476867676
1778643999.6029902,475.0565505027771,9482,17240,jpeg,0.04907822608947754
1778643999.6577682,475.11132860183716,9483,17233,jpeg,0.054778099060058594
1778643999.7039018,475.15746212005615,9484,17199,jpeg,0.04613351821899414
1778643999.7532172,475.20677757263184,9485,17191,jpeg,0.049315452575683594
1778643999.8050165,475.2585768699646,9486,17209,jpeg,0.05179929733276367
1778643999.8522613,475.3058216571808,9487,17197,jpeg,0.04724478721618652
1778643999.902776,475.35633635520935,9488,17198,jpeg,0.05051469802856445
1778643999.9544632,475.40802359580994,9489,17232,jpeg,0.05168724060058594
1778644000.0018275,475.45538783073425,9490,17196,jpeg,0.047364234924316406
1778644000.0523612,475.50592160224915,9491,17220,jpeg,0.05053377151489258
1778644000.102573,475.5561332702637,9492,17217,jpeg,0.05021166801452637
1778644000.1506689,475.60422921180725,9493,17206,jpeg,0.0480959415435791
1778644000.201807,475.65536737442017,9494,17208,jpeg,0.05113816261291504
1778644000.2544856,475.70804595947266,9495,17217,jpeg,0.052678585052490234
1778644000.3000062,475.7535665035248,9496,17229,jpeg,0.04552054405212402
1778644000.3524237,475.80598402023315,9497,17221,jpeg,0.05241751670837402
1778644000.4040866,475.8576469421387,9498,17202,jpeg,0.05166292190551758
1778644000.4503274,475.90388774871826,9499,17223,jpeg,0.046240806579589844
1778644000.502021,475.9555814266205,9500,17192,jpeg,0.05169367790222168
1778644000.553665,476.0072252750397,9501,17196,jpeg,0.05164384841918945
1778644000.6016448,476.05520510673523,9502,17216,jpeg,0.04797983169555664
1778644000.6519706,476.10553097724915,9503,17196,jpeg,0.050325870513916016
1778644000.7032125,476.15677285194397,9504,17201,jpeg,0.05124187469482422
1778644000.7510977,476.2046580314636,9505,17180,jpeg,0.04788517951965332
1778644000.8002748,476.2538352012634,9506,17228,jpeg,0.04917716979980469
1778644000.8588667,476.3124270439148,9507,17199,jpeg,0.05859184265136719
1778644000.9021313,476.35569167137146,9508,17182,jpeg,0.04326462745666504
1778644000.9483714,476.4019317626953,9509,17194,jpeg,0.04624009132385254
1778644001.004506,476.45806646347046,9510,17209,jpeg,0.056134700775146484
1778644001.0513077,476.5048680305481,9511,17240,jpeg,0.04680156707763672
1778644001.1064892,476.560049533844,9512,17232,jpeg,0.05518150329589844
1778644001.153971,476.6075313091278,9513,17215,jpeg,0.04748177528381348
1778644001.2009234,476.654483795166,9514,17222,jpeg,0.04695248603820801
1778644001.2522476,476.70580792427063,9515,17193,jpeg,0.05132412910461426
1778644001.3026006,476.75616097450256,9516,17221,jpeg,0.050353050231933594
1778644001.3522534,476.8058137893677,9517,17200,jpeg,0.049652814865112305
1778644001.4021907,476.85575103759766,9518,17203,jpeg,0.04993724822998047
1778644001.4547591,476.9083194732666,9519,17215,jpeg,0.05256843566894531
1778644001.5014718,476.95503211021423,9520,17207,jpeg,0.046712636947631836
1778644001.5502634,477.00382375717163,9521,17212,jpeg,0.04879164695739746
1778644001.6038232,477.0573835372925,9522,17203,jpeg,0.05355978012084961
1778644001.650494,477.10405445098877,9523,17191,jpeg,0.04667091369628906
1778644001.7058065,477.1593668460846,9524,17214,jpeg,0.055312395095825195
1778644001.7532218,477.20678210258484,9525,17232,jpeg,0.04741525650024414
1778644001.7999773,477.2535376548767,9526,17237,jpeg,0.04675555229187012
1778644001.8533497,477.3069100379944,9527,17235,jpeg,0.05337238311767578
1778644001.915109,477.3686692714691,9528,17260,jpeg,0.061759233474731445
1778644001.953494,477.4070544242859,9529,17204,jpeg,0.03838515281677246
1778644002.0002887,477.45384907722473,9530,17203,jpeg,0.04679465293884277
1778644002.051151,477.5047113895416,9531,17217,jpeg,0.05086231231689453
1778644002.0987477,477.55230808258057,9532,17194,jpeg,0.04759669303894043
1778644002.15085,477.60441040992737,9533,17220,jpeg,0.05210232734680176
1778644002.2071545,477.66071486473083,9534,17223,jpeg,0.0563044548034668
1778644002.2504044,477.7039647102356,9535,17205,jpeg,0.04324984550476074
1778644002.2995946,477.75315499305725,9536,17208,jpeg,0.04919028282165527
1778644002.3559468,477.80950713157654,9537,17203,jpeg,0.05635213851928711
1778644002.4004924,477.8540527820587,9538,17206,jpeg,0.044545650482177734
1778644002.4509282,477.9044885635376,9539,17234,jpeg,0.050435781478881836
1778644002.5025723,477.95613265037537,9540,17217,jpeg,0.051644086837768555
1778644002.5500546,478.00361490249634,9541,17209,jpeg,0.04748225212097168
1778644002.6022618,478.05582213401794,9542,17225,jpeg,0.052207231521606445
1778644002.6542091,478.10776948928833,9543,17223,jpeg,0.05194735527038574
1778644002.6994333,478.15299367904663,9544,17205,jpeg,0.04522418975830078
1778644002.7503376,478.20389795303345,9545,17229,jpeg,0.050904273986816406
1778644002.8031514,478.2567117214203,9546,17229,jpeg,0.05281376838684082
1778644002.849231,478.3027913570404,9547,17200,jpeg,0.04607963562011719
1778644002.9037511,478.3573114871979,9548,17206,jpeg,0.0545201301574707
1778644002.9525464,478.40610671043396,9549,17205,jpeg,0.048795223236083984
1778644002.9997752,478.45333552360535,9550,17233,jpeg,0.04722881317138672
1778644003.0527012,478.50626158714294,9551,17219,jpeg,0.052926063537597656
1778644003.101987,478.55554723739624,9552,17201,jpeg,0.0492856502532959
1778644003.1520417,478.6056020259857,9553,17204,jpeg,0.05005478858947754
1778644003.2014005,478.6549608707428,9554,17207,jpeg,0.04935884475708008
1778644003.2568996,478.71045994758606,9555,17222,jpeg,0.05549907684326172
1778644003.3022723,478.75583267211914,9556,17210,jpeg,0.045372724533081055
1778644003.356513,478.8100733757019,9557,17211,jpeg,0.05424070358276367
1778644003.4097419,478.86330223083496,9558,17191,jpeg,0.05322885513305664
1778644003.451508,478.905068397522,9559,17211,jpeg,0.04176616668701172
1778644003.504645,478.9582054615021,9560,17229,jpeg,0.05313706398010254
1778644003.5545864,479.0081467628479,9561,17204,jpeg,0.049941301345825195
1778644003.605854,479.05941438674927,9562,17210,jpeg,0.05126762390136719
1778644003.6527708,479.1063311100006,9563,17191,jpeg,0.04691672325134277
1778644003.7117538,479.1653141975403,9564,17201,jpeg,0.05898308753967285
1778644003.7534685,479.2070288658142,9565,17201,jpeg,0.04171466827392578
1778644003.8039637,479.2575240135193,9566,17194,jpeg,0.050495147705078125
1778644003.8619,479.3154604434967,9567,17236,jpeg,0.05793642997741699
1778644003.9036405,479.3572008609772,9568,17198,jpeg,0.04174041748046875
1778644003.955954,479.40951442718506,9569,17220,jpeg,0.05231356620788574
1778644004.0100048,479.4635651111603,9570,17201,jpeg,0.05405068397521973
1778644004.0525448,479.50610518455505,9571,17204,jpeg,0.04254007339477539
1778644004.103323,479.5568833351135,9572,17219,jpeg,0.05077815055847168
1778644004.152886,479.6064462661743,9573,17219,jpeg,0.049562931060791016
1778644004.202821,479.6563813686371,9574,17206,jpeg,0.049935102462768555
1778644004.2524803,479.70604062080383,9575,17234,jpeg,0.04965925216674805
1778644004.304652,479.75821232795715,9576,17195,jpeg,0.05217170715332031
1778644004.3533428,479.8069031238556,9577,17193,jpeg,0.0486907958984375
1778644004.4022694,479.85582971572876,9578,17193,jpeg,0.048926591873168945
1778644004.4537714,479.9073317050934,9579,17210,jpeg,0.05150198936462402
1778644004.5025184,479.9560787677765,9580,17185,jpeg,0.04874706268310547
1778644004.5512443,480.00480461120605,9581,17194,jpeg,0.04872584342956543
1778644004.602811,480.0563714504242,9582,17224,jpeg,0.05156683921813965
1778644004.6514294,480.1049897670746,9583,17238,jpeg,0.048618316650390625
1778644004.7025173,480.1560776233673,9584,17217,jpeg,0.05108785629272461
1778644004.755089,480.20864939689636,9585,17202,jpeg,0.052571773529052734
1778644004.800819,480.25437927246094,9586,17193,jpeg,0.045729875564575195
1778644004.8520715,480.3056318759918,9587,17191,jpeg,0.05125260353088379
1778644004.903857,480.357417345047,9588,17206,jpeg,0.05178546905517578
1778644004.9517598,480.4053201675415,9589,17188,jpeg,0.047902822494506836
1778644005.0002427,480.45380306243896,9590,17210,jpeg,0.04848289489746094
1778644005.053041,480.50660133361816,9591,17187,jpeg,0.05279827117919922
1778644005.1005397,480.5541000366211,9592,17207,jpeg,0.04749870300292969
1778644005.1523268,480.6058871746063,9593,17210,jpeg,0.05178713798522949
1778644005.2025,480.6560604572296,9594,17203,jpeg,0.050173282623291016
1778644005.2487009,480.7022612094879,9595,17181,jpeg,0.04620075225830078
1778644005.302403,480.7559633255005,9596,17204,jpeg,0.05370211601257324
1778644005.3509789,480.8045392036438,9597,17231,jpeg,0.04857587814331055
1778644005.3980846,480.85164499282837,9598,17183,jpeg,0.04710578918457031
1778644005.451831,480.90539145469666,9599,17176,jpeg,0.05374646186828613
1778644005.500108,480.9536683559418,9600,17208,jpeg,0.04827690124511719
1778644005.5499692,481.003529548645,9601,17206,jpeg,0.04986119270324707
1778644005.6011696,481.0547299385071,9602,17211,jpeg,0.05120038986206055
1778644005.6534472,481.1070075035095,9603,17191,jpeg,0.052277565002441406
1778644005.6999133,481.15347361564636,9604,17218,jpeg,0.04646611213684082
1778644005.749828,481.2033884525299,9605,17196,jpeg,0.04991483688354492
1778644005.8119905,481.2655508518219,9606,17193,jpeg,0.06216239929199219
1778644005.849257,481.3028173446655,9607,17230,jpeg,0.03726649284362793
1778644005.9014287,481.35498905181885,9608,17200,jpeg,0.05217170715332031
1778644005.94985,481.4034104347229,9609,17195,jpeg,0.048421382904052734
1778644005.9971232,481.45068359375,9610,17192,jpeg,0.04727315902709961
1778644006.0503235,481.50388383865356,9611,17229,jpeg,0.05320024490356445
1778644006.1028543,481.556414604187,9612,17220,jpeg,0.052530765533447266
1778644006.1505172,481.60407757759094,9613,17217,jpeg,0.047662973403930664
1778644006.2025523,481.65611267089844,9614,17229,jpeg,0.05203509330749512
1778644006.2522085,481.70576882362366,9615,17219,jpeg,0.04965615272521973
1778644006.3000944,481.75365471839905,9616,17195,jpeg,0.047885894775390625
1778644006.352393,481.80595326423645,9617,17212,jpeg,0.052298545837402344
1778644006.4039326,481.8574929237366,9618,17227,jpeg,0.05153965950012207
1778644006.4497662,481.90332651138306,9619,17208,jpeg,0.045833587646484375
1778644006.499825,481.9533853530884,9620,17205,jpeg,0.050058841705322266
1778644006.5542457,482.00780606269836,9621,17199,jpeg,0.05442070960998535
1778644006.6037037,482.05726408958435,9622,17201,jpeg,0.04945802688598633
1778644006.6509233,482.10448360443115,9623,17173,jpeg,0.04721951484680176
1778644006.7007406,482.15430092811584,9624,17216,jpeg,0.04981732368469238
1778644006.7511778,482.2047381401062,9625,17225,jpeg,0.050437211990356445
1778644006.8034437,482.25700402259827,9626,17234,jpeg,0.05226588249206543
1778644006.8517735,482.30533385276794,9627,17198,jpeg,0.048329830169677734
1778644006.9005213,482.3540816307068,9628,17215,jpeg,0.04874777793884277
1778644006.9507847,482.404345035553,9629,17243,jpeg,0.050263404846191406
1778644007.0011737,482.45473408699036,9630,17220,jpeg,0.05038905143737793
1778644007.0502715,482.5038318634033,9631,17242,jpeg,0.04909777641296387
1778644007.1019113,482.55547165870667,9632,17227,jpeg,0.05163979530334473
1778644007.1508472,482.6044075489044,9633,17224,jpeg,0.048935890197753906
1778644007.1982899,482.65185022354126,9634,17235,jpeg,0.04744267463684082
1778644007.2506847,482.7042450904846,9635,17205,jpeg,0.052394866943359375
1778644007.3005419,482.754102230072,9636,17200,jpeg,0.049857139587402344
1778644007.3511183,482.8046786785126,9637,17214,jpeg,0.05057644844055176
1778644007.4024112,482.8559715747833,9638,17193,jpeg,0.05129289627075195
1778644007.4534197,482.9069800376892,9639,17217,jpeg,0.05100846290588379
1778644007.4996238,482.9531841278076,9640,17221,jpeg,0.0462040901184082
1778644007.5538652,483.0074255466461,9641,17235,jpeg,0.05424141883850098
1778644007.6016927,483.05525302886963,9642,17187,jpeg,0.04782748222351074
1778644007.650328,483.10388827323914,9643,17186,jpeg,0.048635244369506836
1778644007.7002342,483.15379452705383,9644,17212,jpeg,0.049906253814697266
1778644007.7505407,483.20410108566284,9645,17228,jpeg,0.05030655860900879
1778644007.8027165,483.256276845932,9646,17197,jpeg,0.05217576026916504
1778644007.8502567,483.3038170337677,9647,17188,jpeg,0.04754018783569336
1778644007.9062653,483.3598256111145,9648,17201,jpeg,0.05600857734680176
1778644007.9510431,483.4046034812927,9649,17236,jpeg,0.044777870178222656
1778644007.9988077,483.45236802101135,9650,17207,jpeg,0.04776453971862793
1778644008.0523243,483.5058846473694,9651,17209,jpeg,0.05351662635803223
1778644008.1008224,483.5543828010559,9652,17183,jpeg,0.04849815368652344
1778644008.1486225,483.6021828651428,9653,17200,jpeg,0.04780006408691406
1778644008.201515,483.65507531166077,9654,17198,jpeg,0.052892446517944336
1778644008.2532759,483.7068362236023,9655,17212,jpeg,0.05176091194152832
1778644008.297923,483.75148344039917,9656,17205,jpeg,0.044647216796875
1778644008.3513079,483.80486822128296,9657,17228,jpeg,0.05338478088378906
1778644008.4008486,483.8544089794159,9658,17212,jpeg,0.04954075813293457
1778644008.4519267,483.9054870605469,9659,17199,jpeg,0.051078081130981445
1778644008.5012016,483.9547619819641,9660,17200,jpeg,0.04927492141723633
1778644008.5498474,484.0034077167511,9661,17216,jpeg,0.048645734786987305
1778644008.6028876,484.0564479827881,9662,17208,jpeg,0.053040266036987305
1778644008.6490738,484.10263419151306,9663,17186,jpeg,0.046186208724975586
1778644008.6980367,484.15159702301025,9664,17205,jpeg,0.04896283149719238
1778644008.7490854,484.202645778656,9665,17206,jpeg,0.05104875564575195
1778644008.7997913,484.253351688385,9666,17221,jpeg,0.050705909729003906
1778644008.8481963,484.3017566204071,9667,17200,jpeg,0.04840493202209473
1778644008.899041,484.35260128974915,9668,17193,jpeg,0.050844669342041016
1778644008.9494858,484.40304613113403,9669,17210,jpeg,0.050444841384887695
1778644008.9980197,484.4515800476074,9670,17204,jpeg,0.04853391647338867
1778644009.0491183,484.5026786327362,9671,17181,jpeg,0.05109858512878418
1778644009.0983016,484.55186200141907,9672,17180,jpeg,0.04918336868286133
1778644009.148739,484.602299451828,9673,17218,jpeg,0.05043745040893555
1778644009.201083,484.65464329719543,9674,17205,jpeg,0.05234384536743164
1778644009.2519825,484.70554280281067,9675,17212,jpeg,0.050899505615234375
1778644009.2980964,484.7516567707062,9676,17199,jpeg,0.04611396789550781
1778644009.353993,484.8075532913208,9677,17198,jpeg,0.05589652061462402
1778644009.4034233,484.8569836616516,9678,17188,jpeg,0.04943037033081055
1778644009.4499624,484.90352272987366,9679,17207,jpeg,0.0465390682220459
1778644009.503649,484.9572093486786,9680,17203,jpeg,0.05368661880493164
1778644009.5519204,485.0054807662964,9681,17189,jpeg,0.04827141761779785
1778644009.6047382,485.0582985877991,9682,17194,jpeg,0.05281782150268555
1778644009.649119,485.1026792526245,9683,17242,jpeg,0.04438066482543945
1778644009.7042508,485.15781116485596,9684,17215,jpeg,0.05513191223144531
1778644009.7485044,485.20206475257874,9685,17228,jpeg,0.04425358772277832
1778644009.8012714,485.2548317909241,9686,17206,jpeg,0.052767038345336914
1778644009.854125,485.3076853752136,9687,17203,jpeg,0.05285358428955078
1778644009.8996325,485.3531928062439,9688,17195,jpeg,0.04550743103027344
1778644009.9491646,485.402724981308,9689,17199,jpeg,0.049532175064086914
1778644010.0085526,485.46211290359497,9690,17189,jpeg,0.059387922286987305
1778644010.0502346,485.50379490852356,9691,17171,jpeg,0.04168200492858887
1778644010.101973,485.55553340911865,9692,17187,jpeg,0.05173850059509277
1778644010.1542752,485.60783553123474,9693,17195,jpeg,0.05230212211608887
1778644010.200573,485.65413331985474,9694,17206,jpeg,0.04629778861999512
1778644010.2530117,485.70657205581665,9695,17225,jpeg,0.05243873596191406
1778644010.3063903,485.7599506378174,9696,17191,jpeg,0.05337858200073242
1778644010.348695,485.8022553920746,9697,17185,jpeg,0.04230475425720215
1778644010.3991046,485.85266494750977,9698,17214,jpeg,0.050409555435180664
1778644010.4495678,485.90312814712524,9699,17204,jpeg,0.050463199615478516
1778644010.497795,485.9513554573059,9700,17211,jpeg,0.04822731018066406
1778644010.5510092,486.00456953048706,9701,17226,jpeg,0.053214073181152344
1778644010.6014807,486.0550410747528,9702,17195,jpeg,0.05047154426574707
1778644010.6484475,486.10200786590576,9703,17211,jpeg,0.0469667911529541
1778644010.6980748,486.1516351699829,9704,17218,jpeg,0.04962730407714844
1778644010.7562253,486.20978569984436,9705,17214,jpeg,0.058150529861450195
1778644010.7985785,486.2521388530731,9706,17194,jpeg,0.042353153228759766
1778644010.8503594,486.3039197921753,9707,17192,jpeg,0.05178093910217285
1778644010.8995655,486.35312581062317,9708,17203,jpeg,0.04920601844787598
1778644010.9496956,486.40325593948364,9709,17202,jpeg,0.05013012886047363
1778644011.0024927,486.45605301856995,9710,17202,jpeg,0.05279707908630371
1778644011.0498853,486.5034456253052,9711,17196,jpeg,0.04739260673522949
1778644011.099114,486.55267429351807,9712,17189,jpeg,0.049228668212890625
1778644011.150959,486.604519367218,9713,17189,jpeg,0.05184507369995117
1778644011.2056484,486.65920877456665,9714,17206,jpeg,0.05468940734863281
1778644011.248137,486.70169734954834,9715,17206,jpeg,0.04248857498168945
1778644011.3004084,486.7539687156677,9716,17207,jpeg,0.052271366119384766
1778644011.3497965,486.80335688591003,9717,17208,jpeg,0.04938817024230957
1778644011.3954463,486.84900665283203,9718,17178,jpeg,0.04564976692199707
1778644011.447811,486.90137124061584,9719,17200,jpeg,0.05236458778381348
1778644011.4997883,486.9533486366272,9720,17180,jpeg,0.05197739601135254
1778644011.5498059,487.00336623191833,9721,17204,jpeg,0.050017595291137695
1778644011.601818,487.05537843704224,9722,17202,jpeg,0.05201220512390137
1778644011.6548252,487.10838556289673,9723,17207,jpeg,0.05300712585449219
1778644011.699547,487.15310740470886,9724,17214,jpeg,0.04472184181213379
1778644011.7549486,487.20850896835327,9725,17216,jpeg,0.05540156364440918
1778644011.8013325,487.2548928260803,9726,17192,jpeg,0.04638385772705078
1778644011.8483794,487.30193972587585,9727,17249,jpeg,0.04704689979553223
1778644011.8989823,487.3525426387787,9728,17216,jpeg,0.05060291290283203
1778644011.9505515,487.4041118621826,9729,17189,jpeg,0.051569223403930664
1778644012.0024416,487.456001996994,9730,17204,jpeg,0.05189013481140137
1778644012.0512726,487.50483298301697,9731,17194,jpeg,0.04883098602294922
1778644012.1079888,487.56154918670654,9732,17210,jpeg,0.056716203689575195
1778644012.1500647,487.6036250591278,9733,17205,jpeg,0.04207587242126465
1778644012.2007976,487.65435791015625,9734,17192,jpeg,0.05073285102844238
1778644012.2548227,487.7083830833435,9735,17210,jpeg,0.05402517318725586
1778644012.2986133,487.75217366218567,9736,17195,jpeg,0.043790578842163086
1778644012.3542051,487.8077654838562,9737,17198,jpeg,0.05559182167053223
1778644012.4014459,487.85500621795654,9738,17199,jpeg,0.0472407341003418
1778644012.448108,487.9016683101654,9739,17219,jpeg,0.046662092208862305
1778644012.497305,487.9508652687073,9740,17221,jpeg,0.04919695854187012
1778644012.5506115,488.0041718482971,9741,17237,jpeg,0.05330657958984375
1778644012.5985198,488.05208015441895,9742,17201,jpeg,0.04790830612182617
1778644012.6484385,488.10199880599976,9743,17209,jpeg,0.04991865158081055
1778644012.7016191,488.15517950057983,9744,17201,jpeg,0.053180694580078125
1778644012.7475593,488.2011196613312,9745,17230,jpeg,0.04594016075134277
1778644012.8041763,488.25773668289185,9746,17248,jpeg,0.056617021560668945
1778644012.8553,488.30886030197144,9747,17218,jpeg,0.051123619079589844
1778644012.8995278,488.35308814048767,9748,17209,jpeg,0.04422783851623535
1778644012.9480753,488.40163564682007,9749,17221,jpeg,0.04854750633239746
1778644013.0010161,488.45457649230957,9750,17255,jpeg,0.05294084548950195
1778644013.0463526,488.4999129772186,9751,17223,jpeg,0.04533648490905762
1778644013.1014874,488.555047750473,9752,17209,jpeg,0.05513477325439453
1778644013.151592,488.60515236854553,9753,17207,jpeg,0.050104618072509766
1778644013.198182,488.6517424583435,9754,17208,jpeg,0.04659008979797363
1778644013.2520628,488.7056231498718,9755,17214,jpeg,0.05388069152832031
1778644013.300958,488.75451827049255,9756,17193,jpeg,0.04889512062072754
1778644013.3476958,488.80125617980957,9757,17235,jpeg,0.0467379093170166
1778644013.3998904,488.8534507751465,9758,17208,jpeg,0.05219459533691406
1778644013.4503515,488.90391182899475,9759,17219,jpeg,0.0504610538482666
1778644013.4977617,488.95132207870483,9760,17214,jpeg,0.04741024971008301
1778644013.548872,489.002432346344,9761,17218,jpeg,0.051110267639160156
1778644013.5995817,489.05314207077026,9762,17215,jpeg,0.05070972442626953
1778644013.645739,489.09929943084717,9763,17223,jpeg,0.0461573600769043
1778644013.7010863,489.15464663505554,9764,17201,jpeg,0.05534720420837402
1778644013.749595,489.20315527915955,9765,17208,jpeg,0.048508644104003906
1778644013.8033204,489.25688076019287,9766,17201,jpeg,0.053725481033325195
1778644013.8482952,489.30185556411743,9767,17204,jpeg,0.04497480392456055
1778644013.903768,489.357328414917,9768,17212,jpeg,0.05547285079956055
1778644013.9468365,489.40039682388306,9769,17238,jpeg,0.04306840896606445
1778644013.9999197,489.4534800052643,9770,17193,jpeg,0.053083181381225586
1778644014.0494087,489.50296902656555,9771,17211,jpeg,0.04948902130126953
1778644014.0982382,489.551798582077,9772,17224,jpeg,0.04882955551147461
1778644014.1538055,489.6073658466339,9773,17217,jpeg,0.055567264556884766
1778644014.200602,489.6541624069214,9774,17217,jpeg,0.046796560287475586
1778644014.247224,489.70078444480896,9775,17195,jpeg,0.04662203788757324
1778644014.3000772,489.75363755226135,9776,17201,jpeg,0.05285310745239258
1778644014.3483348,489.80189514160156,9777,17221,jpeg,0.04825758934020996
1778644014.410732,489.86429238319397,9778,17211,jpeg,0.06239724159240723
1778644014.4515703,489.9051306247711,9779,17204,jpeg,0.04083824157714844
1778644014.5053606,489.95892095565796,9780,17211,jpeg,0.05379033088684082
1778644014.5566635,490.01022386550903,9781,17211,jpeg,0.05130290985107422
1778644014.5991871,490.05274748802185,9782,17206,jpeg,0.04252362251281738
1778644014.6544185,490.1079788208008,9783,17184,jpeg,0.055231332778930664
1778644014.6985812,490.1521415710449,9784,17204,jpeg,0.044162750244140625
1778644014.7502124,490.2037727832794,9785,17200,jpeg,0.05163121223449707
1778644014.8043203,490.2578806877136,9786,17166,jpeg,0.0541079044342041
1778644014.850664,490.3042242527008,9787,17191,jpeg,0.04634356498718262
1778644014.8986697,490.3522300720215,9788,17219,jpeg,0.04800581932067871
1778644014.9520617,490.40562200546265,9789,17195,jpeg,0.05339193344116211
1778644015.0040076,490.45756793022156,9790,17201,jpeg,0.05194592475891113
1778644015.0522022,490.5057625770569,9791,17205,jpeg,0.04819464683532715
1778644015.1017935,490.5553538799286,9792,17200,jpeg,0.0495913028717041
1778644015.1515172,490.6050775051117,9793,17192,jpeg,0.04972362518310547
1778644015.1980815,490.6516418457031,9794,17180,jpeg,0.046564340591430664
1778644015.2515411,490.70510149002075,9795,17197,jpeg,0.05345964431762695
1778644015.3006682,490.75422859191895,9796,17194,jpeg,0.04912710189819336
1778644015.352,490.8055603504181,9797,17182,jpeg,0.05133175849914551
1778644015.4003818,490.853942155838,9798,17180,jpeg,0.048381805419921875
1778644015.4502032,490.90376353263855,9799,17210,jpeg,0.04982137680053711
1778644015.4999661,490.9535264968872,9800,17200,jpeg,0.04976296424865723
1778644015.549519,491.0030794143677,9801,17213,jpeg,0.04955291748046875
1778644015.6012385,491.05479884147644,9802,17208,jpeg,0.05171942710876465
1778644015.6483302,491.10189056396484,9803,17217,jpeg,0.04709172248840332
1778644015.6992621,491.15282249450684,9804,17219,jpeg,0.05093193054199219
1778644015.7509193,491.20447969436646,9805,17176,jpeg,0.05165719985961914
1778644015.7978802,491.25144052505493,9806,17209,jpeg,0.04696083068847656
1778644015.8520834,491.3056437969208,9807,17206,jpeg,0.05420327186584473
1778644015.9000494,491.35360980033875,9808,17190,jpeg,0.04796600341796875
1778644015.9512427,491.40480303764343,9809,17187,jpeg,0.0511932373046875
1778644016.001653,491.45521330833435,9810,17208,jpeg,0.05041027069091797
1778644016.0496273,491.5031876564026,9811,17201,jpeg,0.047974348068237305
1778644016.100361,491.55392146110535,9812,17215,jpeg,0.05073380470275879
1778644016.1505165,491.6040768623352,9813,17202,jpeg,0.0501554012298584
1778644016.2040217,491.65758204460144,9814,17217,jpeg,0.05350518226623535
1778644016.2494419,491.70300221443176,9815,17212,jpeg,0.045420169830322266
1778644016.300066,491.75362634658813,9816,17199,jpeg,0.05062413215637207
1778644016.3496733,491.80323362350464,9817,17230,jpeg,0.049607276916503906
1778644016.3978918,491.8514521121979,9818,17198,jpeg,0.048218488693237305
1778644016.4544346,491.90799498558044,9819,17197,jpeg,0.05654287338256836
1778644016.5010717,491.9546320438385,9820,17191,jpeg,0.04663705825805664
1778644016.5526414,492.0062017440796,9821,17215,jpeg,0.05156970024108887
1778644016.6009405,492.05450081825256,9822,17204,jpeg,0.04829907417297363
1778644016.6502843,492.10384464263916,9823,17184,jpeg,0.04934382438659668
1778644016.7016401,492.1552004814148,9824,17188,jpeg,0.051355838775634766
1778644016.7502377,492.2037980556488,9825,17210,jpeg,0.04859757423400879
1778644016.8014715,492.25503182411194,9826,17206,jpeg,0.051233768463134766
1778644016.8532953,492.30685567855835,9827,17201,jpeg,0.05182385444641113
1778644016.9030619,492.3566222190857,9828,17221,jpeg,0.04976654052734375
1778644016.9503324,492.4038927555084,9829,17218,jpeg,0.04727053642272949
1778644017.0001519,492.4537122249603,9830,17224,jpeg,0.0498194694519043
1778644017.0543962,492.5079565048218,9831,17198,jpeg,0.054244279861450195
1778644017.099389,492.55294942855835,9832,17220,jpeg,0.044992923736572266
1778644017.1496692,492.6032295227051,9833,17195,jpeg,0.050280094146728516
1778644017.200976,492.6545362472534,9834,17201,jpeg,0.051306724548339844
1778644017.2480874,492.7016477584839,9835,17227,jpeg,0.04711151123046875
1778644017.2984037,492.75196409225464,9836,17224,jpeg,0.05031633377075195
1778644017.3500702,492.80363059043884,9837,17202,jpeg,0.0516664981842041
1778644017.397904,492.8514642715454,9838,17205,jpeg,0.04783368110656738
1778644017.446133,492.8996932506561,9839,17235,jpeg,0.04822897911071777
1778644017.5003111,492.95387148857117,9840,17192,jpeg,0.05417823791503906
1778644017.5486648,493.00222516059875,9841,17179,jpeg,0.04835367202758789
1778644017.5978613,493.05142164230347,9842,17181,jpeg,0.049196481704711914
1778644017.650087,493.10364747047424,9843,17187,jpeg,0.05222582817077637
1778644017.6976912,493.15125155448914,9844,17203,jpeg,0.04760408401489258
1778644017.7515721,493.20513248443604,9845,17211,jpeg,0.053880929946899414
1778644017.8034897,493.25705003738403,9846,17215,jpeg,0.05191755294799805
1778644017.847949,493.3015093803406,9847,17193,jpeg,0.04445934295654297
1778644017.9028277,493.356388092041,9848,17211,jpeg,0.05487871170043945
1778644017.9516437,493.4052040576935,9849,17191,jpeg,0.04881596565246582
1778644018.0012612,493.4548215866089,9850,17214,jpeg,0.04961752891540527
1778644018.0508988,493.50445914268494,9851,17192,jpeg,0.049637556076049805
1778644018.103614,493.5571744441986,9852,17213,jpeg,0.052715301513671875
1778644018.1496491,493.60320949554443,9853,17208,jpeg,0.046035051345825195
1778644018.2029724,493.6565327644348,9854,17219,jpeg,0.05332326889038086
1778644018.251076,493.7046363353729,9855,17200,jpeg,0.04810357093811035
1778644018.2992272,493.75278759002686,9856,17196,jpeg,0.048151254653930664
1778644018.3510847,493.8046450614929,9857,17201,jpeg,0.05185747146606445
1778644018.4044101,493.8579704761505,9858,17213,jpeg,0.05332541465759277
1778644018.448511,493.9020712375641,9859,17178,jpeg,0.04410076141357422
1778644018.5019147,493.9554750919342,9860,17206,jpeg,0.05340385437011719
1778644018.5514288,494.0049891471863,9861,17205,jpeg,0.049514055252075195
1778644018.6004262,494.05398654937744,9862,17224,jpeg,0.04899740219116211
1778644018.6514354,494.10499572753906,9863,17239,jpeg,0.051009178161621094
1778644018.7000806,494.1536409854889,9864,17219,jpeg,0.0486452579498291
1778644018.7525558,494.2061161994934,9865,17196,jpeg,0.0524752140045166
1778644018.797895,494.25145530700684,9866,17175,jpeg,0.045339107513427734
1778644018.8492563,494.3028166294098,9867,17216,jpeg,0.0513613224029541
1778644018.8994155,494.3529758453369,9868,17195,jpeg,0.05015921592712402
1778644018.949851,494.4034113883972,9869,17183,jpeg,0.050435543060302734
1778644018.9981778,494.45173811912537,9870,17190,jpeg,0.048326730728149414
1778644019.048623,494.5021834373474,9871,17178,jpeg,0.0504453182220459
1778644019.1009812,494.5545415878296,9872,17175,jpeg,0.052358150482177734
1778644019.1489093,494.6024696826935,9873,17218,jpeg,0.0479280948638916
1778644019.1997833,494.65334367752075,9874,17215,jpeg,0.05087399482727051
1778644019.2500355,494.7035958766937,9875,17169,jpeg,0.05025219917297363
1778644019.299423,494.7529833316803,9876,17199,jpeg,0.049387454986572266
1778644019.3499908,494.803551197052,9877,17165,jpeg,0.0505678653717041
1778644019.3983603,494.8519206047058,9878,17189,jpeg,0.048369407653808594
1778644019.4522765,494.9058368206024,9879,17201,jpeg,0.053916215896606445
1778644019.4994125,494.95297288894653,9880,17174,jpeg,0.04713606834411621
1778644019.5496466,495.0032069683075,9881,17188,jpeg,0.050234079360961914
1778644019.6011107,495.05467104911804,9882,17191,jpeg,0.051464080810546875
1778644019.649544,495.10310435295105,9883,17197,jpeg,0.04843330383300781
1778644019.700504,495.1540644168854,9884,17195,jpeg,0.05096006393432617
1778644019.749848,495.203408241272,9885,17179,jpeg,0.04934382438659668
1778644019.799516,495.25307631492615,9886,17174,jpeg,0.049668073654174805
1778644019.8516238,495.30518412590027,9887,17175,jpeg,0.052107810974121094
1778644019.906673,495.36023330688477,9888,17201,jpeg,0.05504918098449707
1778644019.9493518,495.4029121398926,9889,17171,jpeg,0.0426788330078125
1778644020.0015762,495.4551365375519,9890,17176,jpeg,0.05222439765930176
1778644020.0561948,495.5097551345825,9891,17165,jpeg,0.05461859703063965
1778644020.0990071,495.55256748199463,9892,17181,jpeg,0.042812347412109375
1778644020.1519766,495.6055369377136,9893,17194,jpeg,0.05296945571899414
1778644020.198728,495.65228843688965,9894,17206,jpeg,0.04675149917602539
1778644020.2525458,495.7061061859131,9895,17211,jpeg,0.0538177490234375
1778644020.3013275,495.75488781929016,9896,17202,jpeg,0.048781633377075195
1778644020.348783,495.8023433685303,9897,17162,jpeg,0.047455549240112305
1778644020.3998377,495.8533980846405,9898,17180,jpeg,0.05105471611022949
1778644020.448928,495.9024884700775,9899,17186,jpeg,0.04909038543701172
1778644020.501069,495.95462942123413,9900,17186,jpeg,0.05214095115661621
1778644020.5489686,496.00252890586853,9901,17198,jpeg,0.047899484634399414
1778644020.598396,496.0519564151764,9902,17167,jpeg,0.04942750930786133
1778644020.650194,496.1037542819977,9903,17182,jpeg,0.05179786682128906
1778644020.6982539,496.1518142223358,9904,17216,jpeg,0.048059940338134766
1778644020.7498205,496.2033808231354,9905,17188,jpeg,0.05156660079956055
1778644020.8005815,496.25414180755615,9906,17185,jpeg,0.05076098442077637
1778644020.847114,496.30067443847656,9907,17196,jpeg,0.046532630920410156
1778644020.9006,496.3541603088379,9908,17188,jpeg,0.053485870361328125
1778644020.9523253,496.40588569641113,9909,17181,jpeg,0.05172538757324219
1778644020.9980683,496.45162868499756,9910,17208,jpeg,0.04574298858642578
1778644021.0486097,496.502170085907,9911,17177,jpeg,0.05054140090942383
1778644021.1003993,496.553959608078,9912,17201,jpeg,0.05178952217102051
1778644021.145823,496.599383354187,9913,17187,jpeg,0.04542374610900879
1778644021.1965675,496.65012788772583,9914,17208,jpeg,0.05074453353881836
1778644021.2492383,496.7027986049652,9915,17196,jpeg,0.05267071723937988
1778644021.2975512,496.75111150741577,9916,17209,jpeg,0.04831290245056152
1778644021.347227,496.80078744888306,9917,17188,jpeg,0.049675941467285156
1778644021.4028687,496.8564291000366,9918,17212,jpeg,0.05564165115356445
1778644021.4481707,496.9017310142517,9919,17203,jpeg,0.04530191421508789
1778644021.4942346,496.9477949142456,9920,17221,jpeg,0.046063899993896484
1778644021.5473592,497.0009195804596,9921,17202,jpeg,0.05312466621398926
1778644021.595149,497.0487093925476,9922,17187,jpeg,0.047789812088012695
1778644021.6449609,497.098521232605,9923,17194,jpeg,0.04981184005737305
1778644021.6963232,497.14988350868225,9924,17229,jpeg,0.05136227607727051
1778644021.744516,497.19807624816895,9925,17197,jpeg,0.048192739486694336
1778644021.7962823,497.2498426437378,9926,17195,jpeg,0.051766395568847656
1778644021.846486,497.3000464439392,9927,17214,jpeg,0.050203800201416016
1778644021.8941026,497.3476629257202,9928,17190,jpeg,0.04761648178100586
1778644021.94808,497.40164041519165,9929,17182,jpeg,0.05397748947143555
1778644021.9958055,497.4493658542633,9930,17191,jpeg,0.04772543907165527
1778644022.0459855,497.4995458126068,9931,17174,jpeg,0.05017995834350586
1778644022.1020808,497.5556411743164,9932,17185,jpeg,0.05609536170959473
1778644022.1454585,497.59901881217957,9933,17220,jpeg,0.04337763786315918
1778644022.1979625,497.65152287483215,9934,17183,jpeg,0.05250406265258789
1778644022.246961,497.7005214691162,9935,17211,jpeg,0.04899859428405762
1778644022.297954,497.75151443481445,9936,17224,jpeg,0.05099296569824219
1778644022.3492227,497.80278301239014,9937,17212,jpeg,0.051268577575683594
1778644022.395494,497.84905433654785,9938,17221,jpeg,0.046271324157714844
1778644022.4468892,497.90044951438904,9939,17214,jpeg,0.05139517784118652
1778644022.4959962,497.9495565891266,9940,17213,jpeg,0.04910707473754883
1778644022.547981,498.0015413761139,9941,17188,jpeg,0.05198478698730469
1778644022.5958736,498.0494339466095,9942,17210,jpeg,0.04789257049560547
1778644022.6483788,498.101939201355,9943,17207,jpeg,0.0525052547454834
1778644022.6998353,498.153395652771,9944,17224,jpeg,0.051456451416015625
1778644022.7458646,498.1994249820709,9945,17229,jpeg,0.04602932929992676
1778644022.7975233,498.251083612442,9946,17208,jpeg,0.05165863037109375
1778644022.8473003,498.30086064338684,9947,17210,jpeg,0.04977703094482422
1778644022.9004848,498.3540451526642,9948,17213,jpeg,0.05318450927734375
1778644022.9468412,498.40040159225464,9949,17214,jpeg,0.0463564395904541
1778644023.0004828,498.4540431499481,9950,17182,jpeg,0.053641557693481445
1778644023.0523376,498.5058979988098,9951,17203,jpeg,0.051854848861694336
1778644023.0983882,498.5519485473633,9952,17201,jpeg,0.0460505485534668
1778644023.150597,498.60415744781494,9953,17194,jpeg,0.052208900451660156
1778644023.2019806,498.65554094314575,9954,17203,jpeg,0.05138349533081055
1778644023.2485816,498.70214200019836,9955,17191,jpeg,0.046601057052612305
1778644023.3013656,498.7549259662628,9956,17166,jpeg,0.052783966064453125
1778644023.3510857,498.80464601516724,9957,17211,jpeg,0.049720048904418945
1778644023.3976052,498.8511655330658,9958,17176,jpeg,0.04651951789855957
1778644023.448101,498.9016613960266,9959,17197,jpeg,0.05049586296081543
1778644023.4988525,498.9524128437042,9960,17195,jpeg,0.050751447677612305
1778644023.5459187,498.99947905540466,9961,17192,jpeg,0.04706621170043945
1778644023.5964968,499.05005717277527,9962,17203,jpeg,0.05057811737060547
1778644023.64811,499.10167026519775,9963,17186,jpeg,0.05161309242248535
1778644023.6951244,499.1486847400665,9964,17210,jpeg,0.047014474868774414
1778644023.7473967,499.20095705986023,9965,17235,jpeg,0.05227231979370117
1778644023.796431,499.24999141693115,9966,17202,jpeg,0.04903435707092285
1778644023.8444715,499.2980318069458,9967,17186,jpeg,0.04804039001464844
1778644023.8988335,499.3523938655853,9968,17186,jpeg,0.05436205863952637
1778644023.9454868,499.39904713630676,9969,17184,jpeg,0.04665327072143555
1778644023.9966707,499.45023107528687,9970,17197,jpeg,0.05118393898010254
1778644024.0451207,499.4986810684204,9971,17220,jpeg,0.04844999313354492
1778644024.0947342,499.54829454421997,9972,17221,jpeg,0.04961347579956055
1778644024.145421,499.59898138046265,9973,17187,jpeg,0.05068683624267578
1778644024.196619,499.6501793861389,9974,17186,jpeg,0.05119800567626953
1778644024.246609,499.7001693248749,9975,17168,jpeg,0.049989938735961914
1778644024.2936811,499.7472414970398,9976,17175,jpeg,0.04707217216491699
1778644024.3581853,499.8117456436157,9977,17209,jpeg,0.06450414657592773
1778644024.3974838,499.85104417800903,9978,17210,jpeg,0.03929853439331055
1778644024.4485052,499.9020655155182,9979,17179,jpeg,0.05102133750915527
1778644024.497749,499.95130944252014,9980,17171,jpeg,0.049243927001953125
1778644024.5476344,500.0011947154999,9981,17212,jpeg,0.04988527297973633
1778644024.6023984,500.05595874786377,9982,17191,jpeg,0.0547640323638916
1778644024.6470723,500.1006326675415,9983,17198,jpeg,0.044673919677734375
1778644024.7006996,500.15425992012024,9984,17207,jpeg,0.05362725257873535
1778644024.7515192,500.2050795555115,9985,17213,jpeg,0.05081963539123535
1778644024.7975903,500.25115060806274,9986,17216,jpeg,0.04607105255126953
1778644024.8482945,500.3018548488617,9987,17232,jpeg,0.050704240798950195
1778644024.9046981,500.35825848579407,9988,17221,jpeg,0.05640363693237305
1778644024.9478633,500.40142369270325,9989,17229,jpeg,0.04316520690917969
1778644024.9978025,500.45136284828186,9990,17229,jpeg,0.04993915557861328
1778644025.0515556,500.50511598587036,9991,17234,jpeg,0.05375313758850098
1778644025.0958643,500.5494246482849,9992,17198,jpeg,0.04430866241455078
1778644025.1492517,500.60281205177307,9993,17213,jpeg,0.05338740348815918
1778644025.1938035,500.6473639011383,9994,17220,jpeg,0.044551849365234375
1778644025.2456768,500.6992371082306,9995,17205,jpeg,0.051873207092285156
1778644025.2972517,500.7508120536804,9996,17207,jpeg,0.0515749454498291
1778644025.343668,500.79722833633423,9997,17196,jpeg,0.046416282653808594
1778644025.3953238,500.8488841056824,9998,17186,jpeg,0.05165576934814453
1778644025.4462662,500.89982652664185,9999,17193,jpeg,0.050942420959472656
1778644025.4930637,500.94662404060364,10000,17198,jpeg,0.04679751396179199
1778644025.5449827,500.9985430240631,10001,17211,jpeg,0.051918983459472656
1778644025.601513,501.055073261261,10002,17203,jpeg,0.05653023719787598
1778644025.6445262,501.0980865955353,10003,17193,jpeg,0.04301333427429199
1778644025.6929822,501.1465425491333,10004,17173,jpeg,0.04845595359802246
1778644025.7442105,501.1977708339691,10005,17206,jpeg,0.05122828483581543
1778644025.7933784,501.24693870544434,10006,17211,jpeg,0.04916787147521973
1778644025.842683,501.29624342918396,10007,17200,jpeg,0.04930472373962402
1778644025.895223,501.3487832546234,10008,17214,jpeg,0.052539825439453125
1778644025.9418573,501.3954176902771,10009,17230,jpeg,0.04663443565368652
1778644025.9920547,501.4456150531769,10010,17237,jpeg,0.05019736289978027
1778644026.0446534,501.49821376800537,10011,17225,jpeg,0.05259871482849121
1778644026.0922055,501.54576587677,10012,17231,jpeg,0.04755210876464844
1778644026.1447046,501.59826493263245,10013,17201,jpeg,0.05249905586242676
1778644026.1964185,501.6499788761139,10014,17211,jpeg,0.05171394348144531
1778644026.248745,501.70230531692505,10015,17219,jpeg,0.05232644081115723
1778644026.3005347,501.75409507751465,10016,17212,jpeg,0.05178976058959961
1778644026.345445,501.7990052700043,10017,17216,jpeg,0.04491019248962402
1778644026.395258,501.84881830215454,10018,17197,jpeg,0.049813032150268555
1778644026.4450448,501.8986051082611,10019,17197,jpeg,0.04978680610656738
1778644026.5092502,501.9628105163574,10020,17213,jpeg,0.06420540809631348
1778644026.560635,502.0141954421997,10021,17229,jpeg,0.051384925842285156
1778644026.6053567,502.05891704559326,10022,17207,jpeg,0.04472160339355469
1778644026.6474862,502.1010465621948,10023,17217,jpeg,0.0421295166015625
1778644026.6954646,502.1490249633789,10024,17207,jpeg,0.04797840118408203
1778644026.751171,502.204731464386,10025,17222,jpeg,0.05570650100708008
1778644026.7978992,502.25145959854126,10026,17211,jpeg,0.04672813415527344
1778644026.8443754,502.2979357242584,10027,17221,jpeg,0.046476125717163086
1778644026.8928268,502.34638714790344,10028,17219,jpeg,0.04845142364501953
1778644026.9469502,502.4005105495453,10029,17212,jpeg,0.0541234016418457
1778644026.9916112,502.44517159461975,10030,17187,jpeg,0.04466104507446289
1778644027.0422375,502.49579787254333,10031,17205,jpeg,0.050626277923583984
1778644027.0989227,502.5524830818176,10032,17179,jpeg,0.05668520927429199
1778644027.1428356,502.59639596939087,10033,17184,jpeg,0.04391288757324219
1778644027.1931527,502.64671301841736,10034,17185,jpeg,0.05031704902648926
1778644027.2460873,502.6996476650238,10035,17210,jpeg,0.05293464660644531
1778644027.293075,502.7466354370117,10036,17207,jpeg,0.04698777198791504
1778644027.341694,502.79525446891785,10037,17208,jpeg,0.04861903190612793
1778644027.3946817,502.84824204444885,10038,17205,jpeg,0.05298757553100586
1778644027.443984,502.8975443840027,10039,17209,jpeg,0.04930233955383301
1778644027.4952574,502.94881772994995,10040,17240,jpeg,0.051273345947265625
1778644027.5436912,502.9972515106201,10041,17217,jpeg,0.048433780670166016
1778644027.5940454,503.04760575294495,10042,17192,jpeg,0.0503542423248291
1778644027.642817,503.0963773727417,10043,17221,jpeg,0.04877161979675293
1778644027.693803,503.14736342430115,10044,17204,jpeg,0.05098605155944824
1778644027.743685,503.1972453594208,10045,17211,jpeg,0.049881935119628906
1778644027.792275,503.24583530426025,10046,17202,jpeg,0.04858994483947754
1778644027.845912,503.29947233200073,10047,17208,jpeg,0.053637027740478516
1778644027.8924832,503.34604358673096,10048,17226,jpeg,0.04657125473022461
1778644027.947388,503.4009482860565,10049,17202,jpeg,0.05490469932556152
1778644027.9949183,503.44847869873047,10050,17203,jpeg,0.047530412673950195
1778644028.0438557,503.4974160194397,10051,17193,jpeg,0.048937320709228516
1778644028.094882,503.548442363739,10052,17198,jpeg,0.051026344299316406
1778644028.146128,503.5996882915497,10053,17181,jpeg,0.051245927810668945
1778644028.1957333,503.64929366111755,10054,17175,jpeg,0.049605369567871094
1778644028.2450216,503.6985819339752,10055,17202,jpeg,0.049288272857666016
1778644028.2967372,503.7502975463867,10056,17205,jpeg,0.05171561241149902
1778644028.343567,503.7971272468567,10057,17209,jpeg,0.0468297004699707
1778644028.39529,503.84885025024414,10058,17235,jpeg,0.05172300338745117
1778644028.450354,503.9039144515991,10059,17220,jpeg,0.05506420135498047
1778644028.4952111,503.9487714767456,10060,17226,jpeg,0.044857025146484375
1778644028.5477674,504.001327753067,10061,17208,jpeg,0.05255627632141113
1778644028.595695,504.04925537109375,10062,17214,jpeg,0.0479276180267334
1778644028.6416793,504.0952396392822,10063,17204,jpeg,0.04598426818847656
1778644028.693795,504.14735531806946,10064,17223,jpeg,0.052115678787231445
1778644028.7456694,504.19922971725464,10065,17202,jpeg,0.051874399185180664
1778644028.7936769,504.24723720550537,10066,17210,jpeg,0.04800748825073242
1778644028.8461585,504.2997188568115,10067,17191,jpeg,0.052481651306152344
1778644028.899318,504.35287833213806,10068,17197,jpeg,0.053159475326538086
1778644028.946039,504.39959931373596,10069,17244,jpeg,0.04672098159790039
1778644028.9958878,504.4494481086731,10070,17203,jpeg,0.04984879493713379
1778644029.0466542,504.5002145767212,10071,17169,jpeg,0.0507664680480957
1778644029.093481,504.5470414161682,10072,17153,jpeg,0.046826839447021484
1778644029.1445746,504.59813499450684,10073,17185,jpeg,0.05109357833862305
1778644029.1953816,504.6489419937134,10074,17199,jpeg,0.05080699920654297
1778644029.242841,504.69640135765076,10075,17208,jpeg,0.04745936393737793
1778644029.292061,504.7456214427948,10076,17194,jpeg,0.04922008514404297
1778644029.3442097,504.79777002334595,10077,17175,jpeg,0.05214858055114746
1778644029.3949015,504.8484618663788,10078,17191,jpeg,0.050691843032836914
1778644029.447991,504.90155124664307,10079,17182,jpeg,0.05308938026428223
1778644029.4984593,504.9520196914673,10080,17162,jpeg,0.05046844482421875
1778644029.542329,504.9958894252777,10081,17194,jpeg,0.043869733810424805
1778644029.5938094,505.04736971855164,10082,17199,jpeg,0.05148029327392578
1778644029.6458392,505.0993995666504,10083,17186,jpeg,0.05202984809875488
1778644029.693671,505.1472313404083,10084,17162,jpeg,0.04783177375793457
1778644029.7435312,505.19709157943726,10085,17191,jpeg,0.049860239028930664
1778644029.7960238,505.24958419799805,10086,17204,jpeg,0.052492618560791016
1778644029.845633,505.2991933822632,10087,17180,jpeg,0.04960918426513672
1778644029.8910997,505.34466004371643,10088,17179,jpeg,0.04546666145324707
1778644029.943668,505.3972282409668,10089,17207,jpeg,0.05256819725036621
1778644029.9972382,505.4507985115051,10090,17181,jpeg,0.05357027053833008
1778644030.0410695,505.4946298599243,10091,17184,jpeg,0.04383134841918945
1778644030.0928874,505.54644775390625,10092,17186,jpeg,0.051817893981933594
1778644030.1428072,505.59636759757996,10093,17174,jpeg,0.049919843673706055
1778644030.1914084,505.64496874809265,10094,17189,jpeg,0.04860115051269531
1778644030.2422905,505.6958508491516,10095,17202,jpeg,0.05088210105895996
1778644030.2927635,505.74632382392883,10096,17188,jpeg,0.05047297477722168
1778644030.3428845,505.7964448928833,10097,17188,jpeg,0.05012106895446777
1778644030.3940997,505.84766006469727,10098,17192,jpeg,0.051215171813964844
1778644030.4405866,505.8941469192505,10099,17219,jpeg,0.046486854553222656
1778644030.4933279,505.9468882083893,10100,17193,jpeg,0.052741289138793945
1778644030.5448852,505.99844551086426,10101,17176,jpeg,0.051557302474975586
1778644030.5964048,506.04996514320374,10102,17155,jpeg,0.05151963233947754
1778644030.64256,506.0961203575134,10103,17179,jpeg,0.04615521430969238
1778644030.6975343,506.1510946750641,10104,17152,jpeg,0.05497431755065918
1778644030.743417,506.19697737693787,10105,17185,jpeg,0.0458827018737793
1778644030.7905998,506.2441601753235,10106,17165,jpeg,0.04718279838562012
1778644030.854726,506.30828642845154,10107,17172,jpeg,0.06412625312805176
1778644030.89301,506.3465702533722,10108,17187,jpeg,0.0382838249206543
1778644030.9425817,506.3961420059204,10109,17177,jpeg,0.04957175254821777
1778644030.9947882,506.4483485221863,10110,17182,jpeg,0.05220651626586914
1778644031.0451257,506.49868607521057,10111,17187,jpeg,0.05033755302429199
1778644031.0918934,506.54545378685,10112,17162,jpeg,0.0467677116394043
1778644031.1519861,506.6055464744568,10113,17157,jpeg,0.06009268760681152
1778644031.1929286,506.646488904953,10114,17194,jpeg,0.04094243049621582
1778644031.2404954,506.69405579566956,10115,17216,jpeg,0.047566890716552734
1778644031.2945626,506.74812293052673,10116,17198,jpeg,0.054067134857177734
1778644031.3439543,506.79751467704773,10117,17184,jpeg,0.049391746520996094
1778644031.3922844,506.845844745636,10118,17184,jpeg,0.048330068588256836
1778644031.444659,506.8982193470001,10119,17205,jpeg,0.05237460136413574
1778644031.4925025,506.94606280326843,10120,17193,jpeg,0.04784345626831055
1778644031.551959,507.0055193901062,10121,17171,jpeg,0.059456586837768555
1778644031.5940526,507.0476129055023,10122,17224,jpeg,0.042093515396118164
1778644031.6417408,507.09530115127563,10123,17187,jpeg,0.04768824577331543
1778644031.6946368,507.14819717407227,10124,17193,jpeg,0.05289602279663086
1778644031.7477024,507.20126271247864,10125,17177,jpeg,0.05306553840637207
1778644031.7906816,507.2442419528961,10126,17185,jpeg,0.04297924041748047
1778644031.8465195,507.3000798225403,10127,17200,jpeg,0.05583786964416504
1778644031.8940427,507.34760308265686,10128,17206,jpeg,0.04752326011657715
1778644031.9396014,507.39316177368164,10129,17189,jpeg,0.04555869102478027
1778644031.99222,507.4457802772522,10130,17173,jpeg,0.05261850357055664
1778644032.045628,507.49918842315674,10131,17174,jpeg,0.053408145904541016
1778644032.095907,507.54946732521057,10132,17188,jpeg,0.05027890205383301
1778644032.1412766,507.5948369503021,10133,17151,jpeg,0.045369625091552734
1778644032.193898,507.64745831489563,10134,17195,jpeg,0.05262136459350586
1778644032.2419033,507.69546365737915,10135,17200,jpeg,0.04800534248352051
1778644032.2914,507.74496030807495,10136,17184,jpeg,0.04949665069580078
1778644032.347714,507.8012742996216,10137,17192,jpeg,0.05631399154663086
1778644032.3948638,507.8484241962433,10138,17176,jpeg,0.0471498966217041
1778644032.448759,507.90231943130493,10139,17179,jpeg,0.05389523506164551
1778644032.4974349,507.9509952068329,10140,17184,jpeg,0.0486757755279541
1778644032.5444953,507.9980556964874,10141,17181,jpeg,0.047060489654541016
1778644032.5956497,508.0492100715637,10142,17176,jpeg,0.051154375076293945
1778644032.6487784,508.10233879089355,10143,17164,jpeg,0.053128719329833984
1778644032.6927621,508.1463224887848,10144,17178,jpeg,0.04398369789123535
1778644032.748387,508.2019474506378,10145,17193,jpeg,0.055624961853027344
1778644032.7933319,508.2468922138214,10146,17209,jpeg,0.04494476318359375
1778644032.8451262,508.298686504364,10147,17171,jpeg,0.05179429054260254
1778644032.8952665,508.3488268852234,10148,17173,jpeg,0.050140380859375
1778644032.943011,508.3965713977814,10149,17160,jpeg,0.0477445125579834
1778644032.9964893,508.45004963874817,10150,17184,jpeg,0.053478240966796875
1778644033.0444446,508.4980049133301,10151,17169,jpeg,0.04795527458190918
1778644033.097863,508.5514233112335,10152,17195,jpeg,0.05341839790344238
1778644033.1484642,508.6020245552063,10153,17180,jpeg,0.05060124397277832
1778644033.1959612,508.6495215892792,10154,17187,jpeg,0.04749703407287598
1778644033.2443628,508.69792318344116,10155,17157,jpeg,0.048401594161987305
1778644033.2903075,508.7438678741455,10156,17177,jpeg,0.0459446907043457
1778644033.3529503,508.8065106868744,10157,17174,jpeg,0.06264281272888184
1778644033.3957498,508.8493101596832,10158,17220,jpeg,0.04279947280883789
1778644033.4406555,508.89421582221985,10159,17192,jpeg,0.044905662536621094
1778644033.4922748,508.9458351135254,10160,17191,jpeg,0.05161929130554199
1778644033.5440447,508.9976050853729,10161,17168,jpeg,0.05176997184753418
1778644033.5918198,509.04538011550903,10162,17193,jpeg,0.0477750301361084
1778644033.6444545,509.09801483154297,10163,17180,jpeg,0.05263471603393555
1778644033.6966512,509.1502115726471,10164,17185,jpeg,0.05219674110412598
1778644033.740642,509.1942024230957,10165,17173,jpeg,0.0439908504486084
1778644033.7918355,509.24539589881897,10166,17188,jpeg,0.0511934757232666
1778644033.8426647,509.29622507095337,10167,17206,jpeg,0.050829172134399414
1778644033.8909416,509.3445019721985,10168,17175,jpeg,0.04827690124511719
1778644033.9401546,509.39371490478516,10169,17171,jpeg,0.04921293258666992
1778644033.9919665,509.4455268383026,10170,17184,jpeg,0.051811933517456055
1778644034.0403204,509.4938807487488,10171,17169,jpeg,0.04835391044616699
1778644034.091657,509.5452172756195,10172,17196,jpeg,0.05133652687072754
1778644034.1478217,509.6013820171356,10173,17200,jpeg,0.05616474151611328
1778644034.1902378,509.64379811286926,10174,17200,jpeg,0.04241609573364258
1778644034.2411249,509.6946852207184,10175,17181,jpeg,0.050887107849121094
1778644034.29275,509.7463102340698,10176,17159,jpeg,0.05162501335144043
1778644034.3397648,509.79332518577576,10177,17164,jpeg,0.04701495170593262
1778644034.3902495,509.84380984306335,10178,17196,jpeg,0.050484657287597656
1778644034.444992,509.8985524177551,10179,17170,jpeg,0.05474257469177246
1778644034.4916036,509.9451639652252,10180,17168,jpeg,0.04661154747009277
1778644034.5440202,509.9975805282593,10181,17181,jpeg,0.05241656303405762
1778644034.5930145,510.0465748310089,10182,17176,jpeg,0.04899430274963379
1778644034.6433191,510.0968794822693,10183,17160,jpeg,0.05030465126037598
1778644034.694522,510.14808225631714,10184,17179,jpeg,0.05120277404785156
1778644034.7428336,510.1963939666748,10185,17162,jpeg,0.048311710357666016
1778644034.796093,510.249653339386,10186,17160,jpeg,0.05325937271118164
1778644034.8444328,510.297993183136,10187,17196,jpeg,0.04833984375
1778644034.8948367,510.34839701652527,10188,17148,jpeg,0.05040383338928223
1778644034.9444761,510.39803647994995,10189,17194,jpeg,0.04963946342468262
1778644034.9939203,510.44748067855835,10190,17200,jpeg,0.04944419860839844
1778644035.0444396,510.4979999065399,10191,17174,jpeg,0.05051922798156738
1778644035.0941904,510.54775071144104,10192,17160,jpeg,0.04975080490112305
1778644035.1467466,510.60030698776245,10193,17189,jpeg,0.05255627632141113
1778644035.1948931,510.6484534740448,10194,17172,jpeg,0.04814648628234863
1778644035.2479727,510.70153307914734,10195,17192,jpeg,0.05307960510253906
1778644035.2932358,510.74679613113403,10196,17173,jpeg,0.045263051986694336
1778644035.3453498,510.7989101409912,10197,17167,jpeg,0.052114009857177734
1778644035.3950825,510.8486428260803,10198,17165,jpeg,0.04973268508911133
1778644035.446456,510.9000163078308,10199,17183,jpeg,0.05137348175048828
1778644035.5108547,510.9644150733948,10200,17173,jpeg,0.06439876556396484
1778644035.5433815,510.99694180488586,10201,17164,jpeg,0.03252673149108887
1778644035.5924683,511.0460286140442,10202,17189,jpeg,0.049086809158325195
1778644035.6425483,511.09610867500305,10203,17155,jpeg,0.050080060958862305
1778644035.6938796,511.14743995666504,10204,17161,jpeg,0.051331281661987305
1778644035.7424262,511.1959865093231,10205,17161,jpeg,0.048546552658081055
1778644035.7934616,511.24702191352844,10206,17177,jpeg,0.051035404205322266
1778644035.84293,511.2964904308319,10207,17177,jpeg,0.0494685173034668
1778644035.8907762,511.3443365097046,10208,17190,jpeg,0.047846078872680664
1778644035.94474,511.398300409317,10209,17175,jpeg,0.05396389961242676
1778644035.9935112,511.4470715522766,10210,17185,jpeg,0.04877114295959473
1778644036.041454,511.4950144290924,10211,17162,jpeg,0.0479428768157959
1778644036.0914803,511.5450406074524,10212,17200,jpeg,0.05002617835998535
1778644036.14619,511.59975028038025,10213,17161,jpeg,0.054709672927856445
1778644036.1909366,511.6444969177246,10214,17175,jpeg,0.04474663734436035
1778644036.2425282,511.696088552475,10215,17205,jpeg,0.05159163475036621
1778644036.2966073,511.7501676082611,10216,17173,jpeg,0.05407905578613281
1778644036.3486178,511.80217814445496,10217,17157,jpeg,0.052010536193847656
1778644036.3938382,511.847398519516,10218,17168,jpeg,0.045220375061035156
1778644036.4462628,511.89982318878174,10219,17164,jpeg,0.05242466926574707
1778644036.4939408,511.94750118255615,10220,17189,jpeg,0.04767799377441406
1778644036.543363,511.9969234466553,10221,17168,jpeg,0.049422264099121094
1778644036.5950546,512.0486149787903,10222,17162,jpeg,0.051691532135009766
1778644036.6528952,512.1064555644989,10223,17180,jpeg,0.057840585708618164
1778644036.695669,512.1492292881012,10224,17182,jpeg,0.04277372360229492
1778644036.7437057,512.1972661018372,10225,17177,jpeg,0.048036813735961914
1778644036.7972488,512.2508091926575,10226,17187,jpeg,0.0535430908203125
1778644036.8510904,512.3046507835388,10227,17175,jpeg,0.053841590881347656
1778644036.895841,512.3494012355804,10228,17163,jpeg,0.04475045204162598
1778644036.9532158,512.4067761898041,10229,17187,jpeg,0.05737495422363281
1778644037.001942,512.4555022716522,10230,17190,jpeg,0.04872608184814453
1778644037.0475984,512.5011587142944,10231,17199,jpeg,0.045656442642211914
1778644037.0977948,512.5513551235199,10232,17176,jpeg,0.05019640922546387
1778644037.1439183,512.5974786281586,10233,17220,jpeg,0.046123504638671875
1778644037.1961215,512.6496818065643,10234,17213,jpeg,0.05220317840576172
1778644037.244684,512.6982443332672,10235,17182,jpeg,0.04856252670288086
1778644037.2948902,512.7484505176544,10236,17177,jpeg,0.05020618438720703
1778644037.3486671,512.8022274971008,10237,17201,jpeg,0.05377697944641113
1778644037.400302,512.853862285614,10238,17185,jpeg,0.051634788513183594
1778644037.4425979,512.8961582183838,10239,17209,jpeg,0.04229593276977539
1778644037.4929035,512.9464638233185,10240,17176,jpeg,0.05030560493469238
1778644037.5512097,513.0047700405121,10241,17189,jpeg,0.058306217193603516
1778644037.593775,513.0473353862762,10242,17193,jpeg,0.042565345764160156
1778644037.643662,513.097222328186,10243,17160,jpeg,0.04988694190979004
1778644037.6986916,513.152251958847,10244,17187,jpeg,0.05502963066101074
1778644037.7497597,513.2033200263977,10245,17175,jpeg,0.05106806755065918
1778644037.7936385,513.2471988201141,10246,17166,jpeg,0.043878793716430664
1778644037.8440197,513.2975800037384,10247,17154,jpeg,0.05038118362426758
1778644037.8961284,513.3496887683868,10248,17147,jpeg,0.0521087646484375
1778644037.9417217,513.3952820301056,10249,17169,jpeg,0.04559326171875
1778644037.9934146,513.4469749927521,10250,17162,jpeg,0.051692962646484375
1778644038.0446901,513.4982504844666,10251,17162,jpeg,0.05127549171447754
1778644038.090961,513.5445213317871,10252,17156,jpeg,0.04627084732055664
1778644038.1421027,513.5956630706787,10253,17175,jpeg,0.05114173889160156
1778644038.1932378,513.6467981338501,10254,17166,jpeg,0.05113506317138672
1778644038.2425394,513.6960997581482,10255,17157,jpeg,0.0493016242980957
1778644038.293126,513.7466864585876,10256,17166,jpeg,0.050586700439453125
1778644038.344822,513.7983822822571,10257,17158,jpeg,0.051695823669433594
1778644038.3905187,513.8440790176392,10258,17168,jpeg,0.04569673538208008
1778644038.4415424,513.8951027393341,10259,17169,jpeg,0.05102372169494629
1778644038.493355,513.9469153881073,10260,17170,jpeg,0.05181264877319336
1778644038.5424516,513.9960119724274,10261,17168,jpeg,0.04909658432006836
1778644038.5917645,514.0453248023987,10262,17156,jpeg,0.04931282997131348
1778644038.6443152,514.0978755950928,10263,17206,jpeg,0.0525507926940918
1778644038.6936371,514.1471974849701,10264,17179,jpeg,0.049321889877319336
1778644038.7434556,514.1970160007477,10265,17189,jpeg,0.04981851577758789
1778644038.7933445,514.2469048500061,10266,17188,jpeg,0.04988884925842285
1778644038.8415668,514.2951271533966,10267,17173,jpeg,0.04822230339050293
1778644038.8931515,514.3467118740082,10268,17173,jpeg,0.051584720611572266
1778644038.940522,514.3940823078156,10269,17186,jpeg,0.04737043380737305
1778644038.9942107,514.4477710723877,10270,17159,jpeg,0.053688764572143555
1778644039.0422142,514.4957745075226,10271,17189,jpeg,0.048003435134887695
1778644039.1009042,514.5544645786285,10272,17174,jpeg,0.05869007110595703
1778644039.1409922,514.5945525169373,10273,17199,jpeg,0.04008793830871582
1778644039.189505,514.6430654525757,10274,17182,jpeg,0.048512935638427734
1778644039.2443986,514.697958946228,10275,17181,jpeg,0.05489349365234375
1778644039.292541,514.7461013793945,10276,17177,jpeg,0.048142433166503906
1778644039.3422742,514.7958345413208,10277,17189,jpeg,0.04973316192626953
1778644039.3931813,514.8467416763306,10278,17177,jpeg,0.050907135009765625
1778644039.4464135,514.8999738693237,10279,17176,jpeg,0.05323219299316406
1778644039.4915946,514.9451549053192,10280,17189,jpeg,0.0451810359954834
1778644039.5418003,514.9953606128693,10281,17179,jpeg,0.05020570755004883
1778644039.5975142,515.0510745048523,10282,17179,jpeg,0.05571389198303223
1778644039.644275,515.0978353023529,10283,17155,jpeg,0.04676079750061035
1778644039.691191,515.1447513103485,10284,17194,jpeg,0.04691600799560547
1778644039.7434933,515.1970536708832,10285,17157,jpeg,0.05230236053466797
1778644039.7924428,515.2460031509399,10286,17177,jpeg,0.048949480056762695
1778644039.8427436,515.296303987503,10287,17169,jpeg,0.05030083656311035
1778644039.8937178,515.3472781181335,10288,17171,jpeg,0.050974130630493164
1778644039.940733,515.394293308258,10289,17178,jpeg,0.04701519012451172
1778644039.9930935,515.446653842926,10290,17183,jpeg,0.05236053466796875
1778644040.0441508,515.4977111816406,10291,17188,jpeg,0.05105733871459961
1778644040.0897934,515.5433537960052,10292,17171,jpeg,0.04564261436462402
1778644040.143787,515.5973472595215,10293,17181,jpeg,0.05399346351623535
1778644040.1916203,515.6451807022095,10294,17176,jpeg,0.04783344268798828
1778644040.2392056,515.6927659511566,10295,17166,jpeg,0.047585248947143555
1778644040.2908902,515.7444505691528,10296,17133,jpeg,0.05168461799621582
1778644040.3409207,515.7944810390472,10297,17168,jpeg,0.05003046989440918
1778644040.390076,515.8436362743378,10298,17176,jpeg,0.049155235290527344
1778644040.4399502,515.8935105800629,10299,17184,jpeg,0.049874305725097656
1778644040.4902446,515.9438049793243,10300,17166,jpeg,0.05029439926147461
1778644040.5387263,515.9922866821289,10301,17174,jpeg,0.04848170280456543
1778644040.5940897,516.0476500988007,10302,17198,jpeg,0.05536341667175293
1778644040.6386883,516.0922486782074,10303,17201,jpeg,0.04459857940673828
1778644040.6889637,516.1425240039825,10304,17181,jpeg,0.050275325775146484
1778644040.7426655,516.1962258815765,10305,17160,jpeg,0.05370187759399414
1778644040.7899344,516.2434947490692,10306,17169,jpeg,0.04726886749267578
1778644040.8403804,516.293940782547,10307,17183,jpeg,0.0504460334777832
1778644040.892333,516.3458933830261,10308,17177,jpeg,0.05195260047912598
1778644040.9408953,516.3944556713104,10309,17179,jpeg,0.04856228828430176
1778644040.989176,516.4427363872528,10310,17161,jpeg,0.04828071594238281
1778644041.0444427,516.4980030059814,10311,17172,jpeg,0.055266618728637695
1778644041.0923822,516.5459425449371,10312,17168,jpeg,0.04793953895568848
1778644041.1415303,516.5950906276703,10313,17194,jpeg,0.0491480827331543
1778644041.1946878,516.6482481956482,10314,17169,jpeg,0.05315756797790527
1778644041.2433677,516.696928024292,10315,17185,jpeg,0.04867982864379883
1778644041.290419,516.7439794540405,10316,17153,jpeg,0.047051429748535156
1778644041.3462074,516.7997677326202,10317,17169,jpeg,0.055788278579711914
1778644041.3930533,516.8466136455536,10318,17196,jpeg,0.04684591293334961
1778644041.4400382,516.8935985565186,10319,17175,jpeg,0.04698491096496582
1778644041.4908278,516.9443881511688,10320,17179,jpeg,0.050789594650268555
1778644041.5434763,516.9970366954803,10321,17170,jpeg,0.05264854431152344
1778644041.589574,517.0431344509125,10322,17179,jpeg,0.046097755432128906
1778644041.6410851,517.0946455001831,10323,17197,jpeg,0.05151104927062988
1778644041.70157,517.1551303863525,10324,17176,jpeg,0.060484886169433594
1778644041.7401924,517.1937527656555,10325,17151,jpeg,0.038622379302978516
1778644041.7904747,517.2440350055695,10326,17182,jpeg,0.05028223991394043
1778644041.8425908,517.2961511611938,10327,17177,jpeg,0.05211615562438965
1778644041.8877656,517.3413259983063,10328,17185,jpeg,0.04517483711242676
1778644041.9426703,517.3962306976318,10329,17191,jpeg,0.05490469932556152
1778644041.9974184,517.4509787559509,10330,17170,jpeg,0.0547480583190918
1778644042.045137,517.4986972808838,10331,17176,jpeg,0.04771852493286133
1778644042.0905254,517.5440857410431,10332,17170,jpeg,0.04538846015930176
1778644042.140678,517.59423828125,10333,17157,jpeg,0.05015254020690918
1778644042.1882102,517.6417706012726,10334,17137,jpeg,0.04753232002258301
1778644042.2423947,517.6959550380707,10335,17158,jpeg,0.0541844367980957
1778644042.2875643,517.7411246299744,10336,17183,jpeg,0.04516959190368652
1778644042.339801,517.7933614253998,10337,17179,jpeg,0.05223679542541504
1778644042.3956833,517.8492436408997,10338,17180,jpeg,0.05588221549987793
1778644042.438315,517.8918752670288,10339,17169,jpeg,0.04263162612915039
1778644042.4882357,517.9417960643768,10340,17169,jpeg,0.04992079734802246
1778644042.542352,517.9959123134613,10341,17192,jpeg,0.054116249084472656
1778644042.5946722,518.0482325553894,10342,17171,jpeg,0.052320241928100586
1778644042.642596,518.0961563587189,10343,17186,jpeg,0.04792380332946777
1778644042.689463,518.1430232524872,10344,17179,jpeg,0.04686689376831055
1778644042.7409837,518.1945440769196,10345,17187,jpeg,0.05152082443237305
1778644042.7914417,518.2450020313263,10346,17157,jpeg,0.05045795440673828
1778644042.845654,518.2992143630981,10347,17166,jpeg,0.054212331771850586
1778644042.8983374,518.3518977165222,10348,17140,jpeg,0.052683353424072266
1778644042.9415016,518.3950619697571,10349,17179,jpeg,0.04316425323486328
1778644042.9952426,518.448802947998,10350,17167,jpeg,0.0537409782409668
1778644043.0426056,518.4961659908295,10351,17162,jpeg,0.0473630428314209
1778644043.0934153,518.5469756126404,10352,17181,jpeg,0.050809621810913086
1778644043.145383,518.59894323349,10353,17182,jpeg,0.051967620849609375
1778644043.1935441,518.6471045017242,10354,17158,jpeg,0.04816126823425293
1778644043.23819,518.6917502880096,10355,17173,jpeg,0.04464578628540039
1778644043.2970264,518.7505867481232,10356,17169,jpeg,0.05883646011352539
1778644043.3468344,518.8003947734833,10357,17153,jpeg,0.04980802536010742
1778644043.394446,518.8480062484741,10358,17189,jpeg,0.04761147499084473
1778644043.447395,518.9009554386139,10359,17197,jpeg,0.05294919013977051
1778644043.4959002,518.9494605064392,10360,17159,jpeg,0.04850506782531738
1778644043.5420108,518.9955711364746,10361,17189,jpeg,0.04611063003540039
1778644043.595776,519.0493364334106,10362,17162,jpeg,0.053765296936035156
1778644043.6430786,519.096638917923,10363,17182,jpeg,0.0473024845123291
1778644043.6925015,519.1460618972778,10364,17186,jpeg,0.0494229793548584
1778644043.7462795,519.1998398303986,10365,17180,jpeg,0.05377793312072754
1778644043.793746,519.2473063468933,10366,17162,jpeg,0.04746651649475098
1778644043.843731,519.2972912788391,10367,17176,jpeg,0.04998493194580078
1778644043.8978055,519.3513658046722,10368,17144,jpeg,0.05407452583312988
1778644043.9426265,519.3961868286133,10369,17159,jpeg,0.04482102394104004
1778644043.9977508,519.4513111114502,10370,17175,jpeg,0.05512428283691406
1778644044.0459576,519.499517917633,10371,17180,jpeg,0.04820680618286133
1778644044.0939937,519.5475540161133,10372,17160,jpeg,0.04803609848022461
1778644044.1405532,519.5941135883331,10373,17157,jpeg,0.04655957221984863
1778644044.195751,519.6493113040924,10374,17192,jpeg,0.055197715759277344
1778644044.2435107,519.6970710754395,10375,17159,jpeg,0.0477597713470459
1778644044.290175,519.7437353134155,10376,17173,jpeg,0.04666423797607422
1778644044.3451006,519.798660993576,10377,17165,jpeg,0.05492568016052246
1778644044.3926787,519.8462390899658,10378,17156,jpeg,0.04757809638977051
1778644044.4409328,519.8944931030273,10379,17173,jpeg,0.04825401306152344
1778644044.4991622,519.9527225494385,10380,17147,jpeg,0.05822944641113281
1778644044.542754,519.9963142871857,10381,17152,jpeg,0.04359173774719238
1778644044.590529,520.0440893173218,10382,17157,jpeg,0.0477750301361084
1778644044.6467075,520.1002678871155,10383,17127,jpeg,0.05617856979370117
1778644044.6924405,520.1460008621216,10384,17176,jpeg,0.045732975006103516
1778644044.7398217,520.193382024765,10385,17151,jpeg,0.04738116264343262
1778644044.7968252,520.2503855228424,10386,17151,jpeg,0.05700349807739258
1778644044.841557,520.2951173782349,10387,17149,jpeg,0.044731855392456055
1778644044.8906648,520.3442251682281,10388,17158,jpeg,0.04910778999328613
1778644044.940289,520.3938493728638,10389,17144,jpeg,0.04962420463562012
1778644044.9911609,520.4447212219238,10390,17176,jpeg,0.050871849060058594
1778644045.0401273,520.4936876296997,10391,17180,jpeg,0.048966407775878906
1778644045.0929627,520.5465230941772,10392,17168,jpeg,0.05283546447753906
1778644045.1397297,520.5932900905609,10393,17139,jpeg,0.04676699638366699
1778644045.1899498,520.6435101032257,10394,17174,jpeg,0.05022001266479492
1778644045.2415948,520.6951551437378,10395,17157,jpeg,0.05164504051208496
1778644045.3460314,520.7995917797089,10396,17167,jpeg,0.10443663597106934
1778644045.3943908,520.8479511737823,10397,17196,jpeg,0.04835939407348633
1778644045.4373562,520.8909165859222,10398,17166,jpeg,0.04296541213989258
1778644045.4909546,520.9445149898529,10399,17164,jpeg,0.05359840393066406
1778644045.5464613,521.0000216960907,10400,17178,jpeg,0.05550670623779297
1778644045.5909233,521.0444836616516,10401,17185,jpeg,0.044461965560913086
1778644045.640185,521.093745470047,10402,17167,jpeg,0.04926180839538574
1778644045.6945622,521.148122549057,10403,17158,jpeg,0.054377079010009766
1778644045.7422059,521.195766210556,10404,17141,jpeg,0.04764366149902344
1778644045.7959259,521.249486207962,10405,17137,jpeg,0.05371999740600586
1778644045.844093,521.2976534366608,10406,17169,jpeg,0.04816722869873047
1778644045.8924303,521.3459906578064,10407,17186,jpeg,0.04833722114562988
1778644045.9389749,521.3925352096558,10408,17170,jpeg,0.046544551849365234
1778644045.9934518,521.4470121860504,10409,17153,jpeg,0.05447697639465332
1778644046.0438986,521.4974589347839,10410,17190,jpeg,0.05044674873352051
1778644046.0877607,521.5413210391998,10411,17182,jpeg,0.043862104415893555
1778644046.1455328,521.5990931987762,10412,17196,jpeg,0.057772159576416016
1778644046.205558,521.6591184139252,10413,17188,jpeg,0.06002521514892578
1778644046.2410562,521.6946165561676,10414,17185,jpeg,0.03549814224243164
1778644046.2921813,521.7457416057587,10415,17184,jpeg,0.05112504959106445
1778644046.3445897,521.798150062561,10416,17187,jpeg,0.052408456802368164
1778644046.390586,521.8441462516785,10417,17185,jpeg,0.04599618911743164
1778644046.4422078,521.8957681655884,10418,17183,jpeg,0.05162191390991211
1778644046.4931977,521.9467580318451,10419,17201,jpeg,0.05098986625671387
1778644046.5394988,521.9930591583252,10420,17194,jpeg,0.04630112648010254
1778644046.5925357,522.0460960865021,10421,17179,jpeg,0.05303692817687988
1778644046.641865,522.0954253673553,10422,17175,jpeg,0.049329280853271484
1778644046.6881118,522.1416721343994,10423,17172,jpeg,0.04624676704406738
1778644046.7413726,522.1949329376221,10424,17151,jpeg,0.05326080322265625
1778644046.791528,522.2450883388519,10425,17174,jpeg,0.0501554012298584
1778644046.8392758,522.29283618927,10426,17180,jpeg,0.04774785041809082
1778644046.8910697,522.3446300029755,10427,17165,jpeg,0.051793813705444336
1778644046.9425952,522.3961555957794,10428,17162,jpeg,0.05152559280395508
1778644046.990408,522.443968296051,10429,17164,jpeg,0.047812700271606445
1778644047.041511,522.4950714111328,10430,17160,jpeg,0.05110311508178711
1778644047.0908723,522.5444326400757,10431,17194,jpeg,0.049361228942871094
1778644047.1401675,522.5937278270721,10432,17182,jpeg,0.04929518699645996
1778644047.1904724,522.6440327167511,10433,17162,jpeg,0.05030488967895508
1778644047.2425375,522.6960978507996,10434,17190,jpeg,0.052065134048461914
1778644047.288898,522.7424583435059,10435,17184,jpeg,0.04636049270629883
1778644047.345079,522.7986392974854,10436,17183,jpeg,0.05618095397949219
1778644047.392192,522.8457522392273,10437,17186,jpeg,0.04711294174194336
1778644047.4422896,522.895849943161,10438,17200,jpeg,0.05009770393371582
1778644047.4941046,522.94766497612,10439,17175,jpeg,0.051815032958984375
1778644047.5414336,522.9949939250946,10440,17196,jpeg,0.047328948974609375
1778644047.5975404,523.051100730896,10441,17190,jpeg,0.0561068058013916
1778644047.642846,523.0964064598083,10442,17194,jpeg,0.045305728912353516
1778644047.6995182,523.1530785560608,10443,17195,jpeg,0.056672096252441406
1778644047.7463267,523.1998870372772,10444,17179,jpeg,0.046808481216430664
1778644047.8009415,523.2545018196106,10445,17179,jpeg,0.05461478233337402
1778644047.8456683,523.2992286682129,10446,17207,jpeg,0.04472684860229492
1778644047.8890455,523.3426058292389,10447,17183,jpeg,0.04337716102600098
1778644047.947268,523.4008283615112,10448,17171,jpeg,0.05822253227233887
1778644048.0031102,523.4566705226898,10449,17164,jpeg,0.05584216117858887
1778644048.0378692,523.491429567337,10450,17165,jpeg,0.0347590446472168
1778644048.089563,523.5431232452393,10451,17203,jpeg,0.05169367790222168
1778644048.1396017,523.5931620597839,10452,17183,jpeg,0.050038814544677734
1778644048.1910233,523.6445837020874,10453,17203,jpeg,0.0514216423034668
1778644048.2426867,523.6962471008301,10454,17178,jpeg,0.05166339874267578
1778644048.2897894,523.7433497905731,10455,17188,jpeg,0.04710268974304199
1778644048.3388746,523.7924349308014,10456,17194,jpeg,0.049085140228271484
1778644048.3912656,523.8448259830475,10457,17197,jpeg,0.05239105224609375
1778644048.439618,523.8931784629822,10458,17191,jpeg,0.04835247993469238
1778644048.4894361,523.9429965019226,10459,17189,jpeg,0.04981803894042969
1778644048.5448012,523.9983615875244,10460,17180,jpeg,0.05536508560180664
1778644048.5878751,524.0414354801178,10461,17145,jpeg,0.04307389259338379
1778644048.6401284,524.0936887264252,10462,17192,jpeg,0.05225324630737305
1778644048.6906936,524.1442539691925,10463,17165,jpeg,0.050565242767333984
1778644048.7412596,524.1948199272156,10464,17168,jpeg,0.05056595802307129
1778644048.791063,524.2446234226227,10465,17179,jpeg,0.04980349540710449
1778644048.8422132,524.2957735061646,10466,17166,jpeg,0.05115008354187012
1778644048.8909533,524.3445136547089,10467,17163,jpeg,0.04874014854431152
1778644048.9399211,524.3934814929962,10468,17179,jpeg,0.048967838287353516
1778644048.9909832,524.4445436000824,10469,17155,jpeg,0.05106210708618164
1778644049.0408893,524.4944496154785,10470,17156,jpeg,0.049906015396118164
1778644049.0900512,524.5436115264893,10471,17158,jpeg,0.04916191101074219
1778644049.1424484,524.5960087776184,10472,17151,jpeg,0.05239725112915039
1778644049.1905892,524.6441495418549,10473,17137,jpeg,0.048140764236450195
1778644049.239947,524.6935074329376,10474,17154,jpeg,0.04935789108276367
1778644049.2917302,524.745290517807,10475,17179,jpeg,0.051783084869384766
1778644049.3411832,524.7947435379028,10476,17149,jpeg,0.049453020095825195
1778644049.3921049,524.8456652164459,10477,17167,jpeg,0.05092167854309082
1778644049.4450784,524.8986387252808,10478,17162,jpeg,0.05297350883483887
1778644049.4916472,524.9452075958252,10479,17178,jpeg,0.046568870544433594
1778644049.54356,524.9971203804016,10480,17170,jpeg,0.051912784576416016
1778644049.593478,525.0470383167267,10481,17174,jpeg,0.04991793632507324
1778644049.6441753,525.0977356433868,10482,17141,jpeg,0.05069732666015625
1778644049.689517,525.1430773735046,10483,17147,jpeg,0.04534173011779785
1778644049.7448761,525.198436498642,10484,17152,jpeg,0.0553591251373291
1778644049.7986498,525.2522101402283,10485,17123,jpeg,0.05377364158630371
1778644049.8395717,525.2931320667267,10486,17176,jpeg,0.040921926498413086
1778644049.8892922,525.3428525924683,10487,17157,jpeg,0.04972052574157715
1778644049.9397578,525.3933181762695,10488,17182,jpeg,0.05046558380126953
1778644050.0103557,525.4639160633087,10489,17177,jpeg,0.07059788703918457
1778644050.0394506,525.4930109977722,10490,17170,jpeg,0.029094934463500977
1778644050.0887635,525.5423238277435,10491,17154,jpeg,0.04931282997131348
1778644050.137051,525.5906114578247,10492,17148,jpeg,0.04828763008117676
1778644050.1897469,525.6433072090149,10493,17172,jpeg,0.05269575119018555
1778644050.2400167,525.6935770511627,10494,17152,jpeg,0.05026984214782715
1778644050.2888322,525.742392539978,10495,17158,jpeg,0.04881548881530762
1778644050.3415933,525.7951536178589,10496,17157,jpeg,0.052761077880859375
1778644050.3922884,525.8458487987518,10497,17141,jpeg,0.050695180892944336
1778644050.4370492,525.8906095027924,10498,17151,jpeg,0.044760704040527344
1778644050.4891658,525.9427261352539,10499,17158,jpeg,0.05211663246154785
1778644050.540659,525.9942193031311,10500,17179,jpeg,0.051493167877197266
1778644050.5871327,526.0406930446625,10501,17179,jpeg,0.04647374153137207
1778644050.6383712,526.0919315814972,10502,17171,jpeg,0.0512385368347168
1778644050.688929,526.1424894332886,10503,17138,jpeg,0.050557851791381836
1778644050.7368102,526.1903705596924,10504,17158,jpeg,0.047881126403808594
1778644050.7906735,526.2442338466644,10505,17145,jpeg,0.0538632869720459
1778644050.8391001,526.2926604747772,10506,17162,jpeg,0.04842662811279297
1778644050.8891125,526.3426728248596,10507,17171,jpeg,0.05001235008239746
1778644050.93917,526.3927302360535,10508,17185,jpeg,0.050057411193847656
1778644050.9895222,526.4430825710297,10509,17152,jpeg,0.05035233497619629
1778644051.0396838,526.4932441711426,10510,17166,jpeg,0.05016160011291504
1778644051.090369,526.5439293384552,10511,17166,jpeg,0.05068516731262207
1778644051.1454313,526.5989916324615,10512,17187,jpeg,0.055062294006347656
1778644051.186835,526.6403954029083,10513,17175,jpeg,0.041403770446777344
1778644051.2388942,526.6924545764923,10514,17149,jpeg,0.052059173583984375
1778644051.290049,526.7436094284058,10515,17179,jpeg,0.05115485191345215
1778644051.3393884,526.7929487228394,10516,17157,jpeg,0.04933929443359375
1778644051.3919506,526.8455109596252,10517,17161,jpeg,0.05256223678588867
1778644051.4447324,526.8982927799225,10518,17155,jpeg,0.05278182029724121
1778644051.4962783,526.9498386383057,10519,17170,jpeg,0.05154585838317871
1778644051.5450456,526.998605966568,10520,17142,jpeg,0.0487673282623291
1778644051.5921826,527.0457429885864,10521,17154,jpeg,0.04713702201843262
1778644051.6418252,527.0953855514526,10522,17156,jpeg,0.04964256286621094
1778644051.6949716,527.1485319137573,10523,17139,jpeg,0.0531463623046875
1778644051.744292,527.1978523731232,10524,17169,jpeg,0.04932045936584473
1778644051.7969284,527.2504887580872,10525,17166,jpeg,0.05263638496398926
1778644051.8447618,527.2983222007751,10526,17165,jpeg,0.04783344268798828
1778644051.8924494,527.3460097312927,10527,17192,jpeg,0.047687530517578125
1778644051.9441803,527.3977406024933,10528,17185,jpeg,0.05173087120056152
1778644051.993784,527.4473443031311,10529,17186,jpeg,0.04960370063781738
1778644052.0442398,527.4978001117706,10530,17188,jpeg,0.05045580863952637
1778644052.0925188,527.546079158783,10531,17193,jpeg,0.0482790470123291
1778644052.1435897,527.5971500873566,10532,17167,jpeg,0.0510709285736084
1778644052.1940198,527.6475801467896,10533,17160,jpeg,0.0504300594329834
1778644052.242081,527.6956412792206,10534,17162,jpeg,0.04806113243103027
1778644052.2944372,527.7479975223541,10535,17171,jpeg,0.05235624313354492
1778644052.34093,527.7944903373718,10536,17173,jpeg,0.046492815017700195
1778644052.39154,527.845100402832,10537,17156,jpeg,0.05061006546020508
1778644052.4407978,527.8943581581116,10538,17157,jpeg,0.049257755279541016
1778644052.4954083,527.9489686489105,10539,17207,jpeg,0.054610490798950195
1778644052.5389695,527.9925298690796,10540,17197,jpeg,0.04356122016906738
1778644052.5887413,528.0423016548157,10541,17160,jpeg,0.049771785736083984
1778644052.640676,528.0942363739014,10542,17178,jpeg,0.05193471908569336
1778644052.6929107,528.1464710235596,10543,17163,jpeg,0.052234649658203125
1778644052.7457526,528.1993129253387,10544,17139,jpeg,0.052841901779174805
1778644052.791333,528.2448933124542,10545,17180,jpeg,0.045580387115478516
1778644052.8440225,528.2975828647614,10546,17174,jpeg,0.052689552307128906
1778644052.8951516,528.3487119674683,10547,17168,jpeg,0.05112910270690918
1778644052.942,528.3955602645874,10548,17166,jpeg,0.046848297119140625
1778644052.9877093,528.4412696361542,10549,17161,jpeg,0.04570937156677246
1778644053.0418704,528.4954307079315,10550,17172,jpeg,0.05416107177734375
1778644053.0929332,528.5464935302734,10551,17153,jpeg,0.051062822341918945
1778644053.1423318,528.5958921909332,10552,17192,jpeg,0.04939866065979004
1778644053.1913745,528.6449348926544,10553,17199,jpeg,0.049042701721191406
1778644053.2432399,528.6968002319336,10554,17152,jpeg,0.051865339279174805
1778644053.2919757,528.7455360889435,10555,17169,jpeg,0.048735857009887695
1778644053.3444521,528.7980124950409,10556,17162,jpeg,0.05247640609741211
1778644053.3915806,528.8451409339905,10557,17193,jpeg,0.04712843894958496
1778644053.4406989,528.8942592144012,10558,17188,jpeg,0.0491182804107666
1778644053.4925144,528.9460747241974,10559,17169,jpeg,0.05181550979614258
1778644053.5415196,528.9950799942017,10560,17160,jpeg,0.04900527000427246
1778644053.592572,529.0461323261261,10561,17169,jpeg,0.05105233192443848
1778644053.641551,529.0951113700867,10562,17179,jpeg,0.04897904396057129
1778644053.6898532,529.1434135437012,10563,17182,jpeg,0.04830217361450195
1778644053.7411656,529.1947259902954,10564,17198,jpeg,0.05131244659423828
1778644053.7922478,529.2458081245422,10565,17172,jpeg,0.05108213424682617
1778644053.8433583,529.2969186306,10566,17179,jpeg,0.05111050605773926
1778644053.8901806,529.343740940094,10567,17158,jpeg,0.046822309494018555
1778644053.945538,529.3990983963013,10568,17180,jpeg,0.05535745620727539
1778644053.991343,529.4449033737183,10569,17162,jpeg,0.04580497741699219
1778644054.0397465,529.4933068752289,10570,17158,jpeg,0.04840350151062012
1778644054.0960448,529.5496051311493,10571,17171,jpeg,0.056298255920410156
1778644054.1395185,529.5930788516998,10572,17172,jpeg,0.04347372055053711
1778644054.190861,529.644421339035,10573,17156,jpeg,0.05134248733520508
1778644054.2446718,529.6982321739197,10574,17171,jpeg,0.053810834884643555
1778644054.2884831,529.7420434951782,10575,17164,jpeg,0.04381132125854492
1778644054.3402677,529.7938280105591,10576,17161,jpeg,0.051784515380859375
1778644054.3920946,529.845654964447,10577,17162,jpeg,0.05182695388793945
1778644054.4387538,529.8923141956329,10578,17150,jpeg,0.046659231185913086
1778644054.4886875,529.9422478675842,10579,17166,jpeg,0.049933671951293945
1778644054.5420187,529.9955790042877,10580,17167,jpeg,0.05333113670349121
1778644054.5899196,530.0434799194336,10581,17152,jpeg,0.04790091514587402
1778644054.638071,530.0916314125061,10582,17156,jpeg,0.048151493072509766
1778644054.6962485,530.149808883667,10583,17179,jpeg,0.05817747116088867
1778644054.735949,530.1895093917847,10584,17172,jpeg,0.03970050811767578
1778644054.789273,530.2428333759308,10585,17166,jpeg,0.053323984146118164
1778644054.8416407,530.2952010631561,10586,17178,jpeg,0.0523676872253418
1778644054.8910196,530.3445799350739,10587,17162,jpeg,0.04937887191772461
1778644054.9408166,530.3943769931793,10588,17179,jpeg,0.04979705810546875
1778644054.9891367,530.4426970481873,10589,17192,jpeg,0.04832005500793457
1778644055.040627,530.4941873550415,10590,17162,jpeg,0.05149030685424805
1778644055.0899808,530.5435411930084,10591,17166,jpeg,0.049353837966918945
1778644055.1403556,530.593915939331,10592,17168,jpeg,0.050374746322631836
1778644055.1896646,530.6432249546051,10593,17172,jpeg,0.04930901527404785
1778644055.2397032,530.6932635307312,10594,17173,jpeg,0.05003857612609863
1778644055.2914515,530.745011806488,10595,17180,jpeg,0.05174827575683594
1778644055.340114,530.7936744689941,10596,17187,jpeg,0.048662662506103516
1778644055.3887064,530.8422667980194,10597,17160,jpeg,0.048592329025268555
1778644055.4406521,530.8942124843597,10598,17161,jpeg,0.05194568634033203
1778644055.489302,530.9428622722626,10599,17155,jpeg,0.04864978790283203
1778644055.5377178,530.9912781715393,10600,17148,jpeg,0.0484158992767334
1778644055.589946,531.0435063838959,10601,17149,jpeg,0.05222821235656738
1778644055.6390886,531.0926489830017,10602,17141,jpeg,0.04914259910583496
1778644055.6892622,531.1428225040436,10603,17136,jpeg,0.05017352104187012
1778644055.7407017,531.1942620277405,10604,17141,jpeg,0.051439523696899414
1778644055.789965,531.2435252666473,10605,17162,jpeg,0.04926323890686035
1778644055.8350437,531.2886040210724,10606,17189,jpeg,0.04507875442504883
1778644055.88939,531.3429503440857,10607,17165,jpeg,0.054346323013305664
1778644055.9382162,531.3917765617371,10608,17161,jpeg,0.04882621765136719
1778644055.989007,531.4425673484802,10609,17118,jpeg,0.05079078674316406
1778644056.039099,531.492659330368,10610,17151,jpeg,0.05009198188781738
1778644056.0871363,531.5406966209412,10611,17179,jpeg,0.04803729057312012
1778644056.1364837,531.5900440216064,10612,17188,jpeg,0.0493474006652832
1778644056.189958,531.643518447876,10613,17198,jpeg,0.05347442626953125
1778644056.2389715,531.6925318241119,10614,17183,jpeg,0.049013376235961914
1778644056.2875175,531.7410778999329,10615,17150,jpeg,0.04854607582092285
1778644056.338923,531.792483329773,10616,17182,jpeg,0.05140542984008789
1778644056.3882442,531.8418045043945,10617,17164,jpeg,0.04932117462158203
1778644056.4344397,531.8880000114441,10618,17165,jpeg,0.04619550704956055
1778644056.488337,531.941897392273,10619,17173,jpeg,0.05389738082885742
1778644056.5361457,531.9897060394287,10620,17154,jpeg,0.04780864715576172
1778644056.586361,532.0399212837219,10621,17181,jpeg,0.05021524429321289
1778644056.640052,532.0936124324799,10622,17156,jpeg,0.05369114875793457
1778644056.686454,532.1400144100189,10623,17147,jpeg,0.0464019775390625
1778644056.7353067,532.1888670921326,10624,17156,jpeg,0.04885268211364746
1778644056.7891831,532.2427434921265,10625,17132,jpeg,0.053876399993896484
1778644056.8368149,532.2903752326965,10626,17172,jpeg,0.04763174057006836
1778644056.885263,532.3388233184814,10627,17187,jpeg,0.04844808578491211
1778644056.9408374,532.3943977355957,10628,17200,jpeg,0.05557441711425781
1778644056.986027,532.43958735466,10629,17183,jpeg,0.045189619064331055
1778644057.0404932,532.4940536022186,10630,17196,jpeg,0.05446624755859375
1778644057.0895088,532.5430691242218,10631,17159,jpeg,0.04901552200317383
1778644057.1375203,532.5910806655884,10632,17154,jpeg,0.04801154136657715
1778644057.1887434,532.6423037052155,10633,17165,jpeg,0.051223039627075195
1778644057.240996,532.6945562362671,10634,17165,jpeg,0.05225253105163574
1778644057.2908428,532.7444031238556,10635,17189,jpeg,0.04984688758850098
1778644057.3426383,532.7961986064911,10636,17176,jpeg,0.05179548263549805
1778644057.391027,532.8445873260498,10637,17192,jpeg,0.04838871955871582
1778644057.4382942,532.8918545246124,10638,17174,jpeg,0.04726719856262207
1778644057.4920213,532.9455816745758,10639,17202,jpeg,0.053727149963378906
1778644057.5516143,533.0051746368408,10640,17208,jpeg,0.05959296226501465
1778644057.5890603,533.0426206588745,10641,17173,jpeg,0.037446022033691406
1778644057.6351016,533.0886619091034,10642,17197,jpeg,0.046041250228881836
1778644057.692267,533.145827293396,10643,17198,jpeg,0.05716538429260254
1778644057.7383091,533.1918694972992,10644,17166,jpeg,0.04604220390319824
1778644057.7860093,533.2395696640015,10645,17161,jpeg,0.04770016670227051
1778644057.8411689,533.2947292327881,10646,17191,jpeg,0.055159568786621094
1778644057.8913774,533.3449378013611,10647,17169,jpeg,0.05020856857299805
1778644057.941559,533.3951194286346,10648,17207,jpeg,0.05018162727355957
1778644057.9955192,533.4490795135498,10649,17177,jpeg,0.05396008491516113
1778644058.0413153,533.4948756694794,10650,17163,jpeg,0.04579615592956543
1778644058.0859709,533.5395312309265,10651,17205,jpeg,0.044655561447143555
1778644058.1434014,533.5969617366791,10652,17193,jpeg,0.05743050575256348
1778644058.191467,533.6450273990631,10653,17164,jpeg,0.0480656623840332
1778644058.2390676,533.6926279067993,10654,17158,jpeg,0.047600507736206055
1778644058.2910397,533.7446000576019,10655,17176,jpeg,0.051972150802612305
1778644058.3399372,533.7934975624084,10656,17197,jpeg,0.048897504806518555
1778644058.3904858,533.8440461158752,10657,17120,jpeg,0.050548553466796875
1778644058.443633,533.8971934318542,10658,17143,jpeg,0.053147315979003906
1778644058.4921095,533.9456698894501,10659,17156,jpeg,0.048476457595825195
1778644058.5400689,533.9936292171478,10660,17188,jpeg,0.047959327697753906
1778644058.5940762,534.0476365089417,10661,17152,jpeg,0.05400729179382324
1778644058.6440036,534.0975639820099,10662,17206,jpeg,0.049927473068237305
1778644058.6937099,534.1472702026367,10663,17147,jpeg,0.049706220626831055
1778644058.7363577,534.1899180412292,10664,17171,jpeg,0.0426478385925293
1778644058.789238,534.2427983283997,10665,17146,jpeg,0.052880287170410156
1778644058.8344905,534.2880508899689,10666,17164,jpeg,0.04525256156921387
1778644058.8880925,534.3416528701782,10667,17147,jpeg,0.053601980209350586
1778644058.9414961,534.3950564861298,10668,17158,jpeg,0.053403615951538086
1778644058.9859421,534.4395024776459,10669,17154,jpeg,0.04444599151611328
1778644059.037208,534.4907684326172,10670,17160,jpeg,0.05126595497131348
1778644059.0883136,534.5418739318848,10671,17169,jpeg,0.051105499267578125
1778644059.1358266,534.5893869400024,10672,17150,jpeg,0.04751300811767578
1778644059.1877692,534.6413295269012,10673,17165,jpeg,0.05194258689880371
1778644059.238913,534.6924734115601,10674,17163,jpeg,0.05114388465881348
1778644059.2855399,534.7391002178192,10675,17175,jpeg,0.04662680625915527
1778644059.3379712,534.7915315628052,10676,17183,jpeg,0.052431344985961914
1778644059.3920298,534.8455901145935,10677,17172,jpeg,0.05405855178833008
1778644059.4356823,534.8892426490784,10678,17189,jpeg,0.04365253448486328
1778644059.4879222,534.9414825439453,10679,17216,jpeg,0.05223989486694336
1778644059.5412812,534.9948415756226,10680,17197,jpeg,0.053359031677246094
1778644059.5852482,535.0388085842133,10681,17179,jpeg,0.04396700859069824
1778644059.6380777,535.0916380882263,10682,17186,jpeg,0.05282950401306152
1778644059.6889193,535.1424796581268,10683,17177,jpeg,0.050841569900512695
1778644059.7376325,535.1911928653717,10684,17194,jpeg,0.04871320724487305
1778644059.7881577,535.2417180538177,10685,17164,jpeg,0.05052518844604492
1778644059.8383002,535.2918605804443,10686,17192,jpeg,0.050142526626586914
1778644059.8848171,535.3383774757385,10687,17166,jpeg,0.04651689529418945
1778644059.9381945,535.3917548656464,10688,17194,jpeg,0.053377389907836914
1778644059.9875553,535.4411156177521,10689,17184,jpeg,0.04936075210571289
1778644060.0347812,535.4883415699005,10690,17157,jpeg,0.0472259521484375
1778644060.0887082,535.5422685146332,10691,17175,jpeg,0.053926944732666016
1778644060.1394053,535.5929656028748,10692,17169,jpeg,0.05069708824157715
1778644060.189356,535.6429164409637,10693,17173,jpeg,0.04995083808898926
1778644060.2408476,535.6944079399109,10694,17175,jpeg,0.051491498947143555
1778644060.2904992,535.7440595626831,10695,17148,jpeg,0.0496516227722168
1778644060.3400695,535.7936298847198,10696,17188,jpeg,0.049570322036743164
1778644060.3940656,535.8476259708405,10697,17161,jpeg,0.05399608612060547
1778644060.4413767,535.8949370384216,10698,17170,jpeg,0.04731106758117676
1778644060.4873974,535.9409577846527,10699,17166,jpeg,0.0460207462310791
1778644060.540968,535.9945282936096,10700,17139,jpeg,0.05357050895690918
1778644060.5927389,536.0462992191315,10701,17126,jpeg,0.051770925521850586
1778644060.6376712,536.091231584549,10702,17159,jpeg,0.04493236541748047
1778644060.688804,536.1423642635345,10703,17168,jpeg,0.0511326789855957
1778644060.7496095,536.2031698226929,10704,17164,jpeg,0.060805559158325195
1778644060.7888844,536.2424447536469,10705,17178,jpeg,0.03927493095397949
1778644060.83847,536.2920303344727,10706,17177,jpeg,0.049585580825805664
1778644060.885004,536.3385643959045,10707,17162,jpeg,0.046534061431884766
1778644060.938131,536.3916914463043,10708,17162,jpeg,0.05312705039978027
1778644060.9878664,536.4414267539978,10709,17153,jpeg,0.049735307693481445
1778644061.0357559,536.4893162250519,10710,17188,jpeg,0.04788947105407715
1778644061.086771,536.540331363678,10711,17180,jpeg,0.05101513862609863
1778644061.1392176,536.592777967453,10712,17200,jpeg,0.052446603775024414
1778644061.1881824,536.6417427062988,10713,17171,jpeg,0.048964738845825195
1778644061.2367175,536.6902778148651,10714,17148,jpeg,0.04853510856628418
1778644061.2874613,536.7410216331482,10715,17169,jpeg,0.050743818283081055
1778644061.3368409,536.7904012203217,10716,17156,jpeg,0.049379587173461914
1778644061.3866277,536.8401880264282,10717,17171,jpeg,0.04978680610656738
1778644061.4380052,536.8915655612946,10718,17167,jpeg,0.05137753486633301
1778644061.4875314,536.9410917758942,10719,17182,jpeg,0.049526214599609375
1778644061.5364933,536.990053653717,10720,17180,jpeg,0.04896187782287598
1778644061.5894861,537.0430464744568,10721,17174,jpeg,0.052992820739746094
1778644061.6399784,537.0935387611389,10722,17173,jpeg,0.050492286682128906
1778644061.6872525,537.1408128738403,10723,17177,jpeg,0.047274112701416016
1778644061.7385101,537.1920704841614,10724,17174,jpeg,0.05125761032104492
1778644061.7908485,537.2444088459015,10725,17176,jpeg,0.052338361740112305
1778644061.8373632,537.2909235954285,10726,17174,jpeg,0.04651474952697754
1778644061.891751,537.3453114032745,10727,17187,jpeg,0.054387807846069336
1778644061.9430523,537.3966126441956,10728,17187,jpeg,0.05130124092102051
1778644061.988093,537.441653251648,10729,17175,jpeg,0.04504060745239258
1778644062.0389836,537.4925439357758,10730,17156,jpeg,0.05089068412780762
1778644062.0912783,537.5448386669159,10731,17195,jpeg,0.05229473114013672
1778644062.1400216,537.5935819149017,10732,17157,jpeg,0.048743247985839844
1778644062.1918392,537.6453995704651,10733,17178,jpeg,0.05181765556335449
1778644062.2418208,537.6953811645508,10734,17159,jpeg,0.04998159408569336
1778644062.2898505,537.7434108257294,10735,17149,jpeg,0.04802966117858887
1778644062.343207,537.7967672348022,10736,17176,jpeg,0.05335640907287598
1778644062.3900683,537.8436286449432,10737,17164,jpeg,0.04686141014099121
1778644062.4375024,537.8910627365112,10738,17164,jpeg,0.047434091567993164
1778644062.4875004,537.9410607814789,10739,17153,jpeg,0.04999804496765137
1778644062.5392032,537.9927635192871,10740,17156,jpeg,0.05170273780822754
1778644062.5885835,538.0421438217163,10741,17154,jpeg,0.04938030242919922
1778644062.636821,538.0903813838959,10742,17151,jpeg,0.04823756217956543
1778644062.6894782,538.1430385112762,10743,17162,jpeg,0.052657127380371094
1778644062.7370017,538.1905620098114,10744,17135,jpeg,0.04752349853515625
1778644062.7890928,538.242653131485,10745,17176,jpeg,0.052091121673583984
1778644062.8382742,538.2918345928192,10746,17165,jpeg,0.049181461334228516
1778644062.886235,538.3397953510284,10747,17176,jpeg,0.047960758209228516
1778644062.9396887,538.3932490348816,10748,17162,jpeg,0.053453683853149414
1778644062.9862742,538.4398345947266,10749,17175,jpeg,0.0465855598449707
1778644063.035743,538.4893033504486,10750,17145,jpeg,0.0494687557220459
1778644063.0918255,538.5453858375549,10751,17155,jpeg,0.05608248710632324
1778644063.1363828,538.5899431705475,10752,17166,jpeg,0.04455733299255371
1778644063.1861143,538.6396746635437,10753,17163,jpeg,0.04973149299621582
1778644063.2400734,538.6936337947845,10754,17193,jpeg,0.05395913124084473
1778644063.286766,538.7403264045715,10755,17186,jpeg,0.046692609786987305
1778644063.3359082,538.7894685268402,10756,17193,jpeg,0.04914212226867676
1778644063.3924227,538.8459830284119,10757,17164,jpeg,0.05651450157165527
1778644063.4395916,538.8931519985199,10758,17172,jpeg,0.04716897010803223
1778644063.485401,538.9389612674713,10759,17172,jpeg,0.045809268951416016
1778644063.5406194,538.994179725647,10760,17157,jpeg,0.05521845817565918
1778644063.5892596,539.0428199768066,10761,17162,jpeg,0.04864025115966797
1778644063.6368613,539.0904216766357,10762,17187,jpeg,0.04760169982910156
1778644063.6887467,539.1423070430756,10763,17156,jpeg,0.051885366439819336
1778644063.7371547,539.1907150745392,10764,17172,jpeg,0.04840803146362305
1778644063.7864616,539.240021944046,10765,17176,jpeg,0.04930686950683594
1778644063.8385305,539.2920908927917,10766,17176,jpeg,0.05206894874572754
1778644063.8850982,539.3386585712433,10767,17178,jpeg,0.046567678451538086
1778644063.9349957,539.3885560035706,10768,17169,jpeg,0.04989743232727051
1778644063.990502,539.4440624713898,10769,17152,jpeg,0.05550646781921387
1778644064.0391283,539.4926886558533,10770,17169,jpeg,0.04862618446350098
1778644064.0862105,539.5397708415985,10771,17190,jpeg,0.04708218574523926
1778644064.1432528,539.5968132019043,10772,17190,jpeg,0.05704236030578613
1778644064.1875298,539.6410901546478,10773,17176,jpeg,0.04427695274353027
1778644064.2347405,539.6883008480072,10774,17172,jpeg,0.047210693359375
1778644064.2878623,539.7414226531982,10775,17165,jpeg,0.05312180519104004
1778644064.3370128,539.7905731201172,10776,17162,jpeg,0.04915046691894531
1778644064.3896823,539.8432426452637,10777,17176,jpeg,0.052669525146484375
1778644064.4387357,539.8922960758209,10778,17166,jpeg,0.04905343055725098
1778644064.4851508,539.9387111663818,10779,17142,jpeg,0.046415090560913086
1778644064.537462,539.9910223484039,10780,17160,jpeg,0.05231118202209473
1778644064.5909483,540.0445086956024,10781,17147,jpeg,0.05348634719848633
1778644064.636619,540.0901794433594,10782,17168,jpeg,0.04567074775695801
1778644064.689519,540.1430792808533,10783,17171,jpeg,0.052899837493896484
1778644064.74239,540.1959502696991,10784,17144,jpeg,0.052870988845825195
1778644064.7847905,540.2383508682251,10785,17180,jpeg,0.04240059852600098
1778644064.8351989,540.2887592315674,10786,17198,jpeg,0.050408363342285156
1778644064.8847535,540.3383138179779,10787,17183,jpeg,0.04955458641052246
1778644064.9385533,540.3921136856079,10788,17151,jpeg,0.05379986763000488
1778644064.9857254,540.4392857551575,10789,17163,jpeg,0.04717206954956055
1778644065.0380507,540.4916110038757,10790,17157,jpeg,0.05232524871826172
1778644065.0888648,540.5424251556396,10791,17162,jpeg,0.050814151763916016
1778644065.135507,540.5890674591064,10792,17155,jpeg,0.046642303466796875
1778644065.1875987,540.6411590576172,10793,17184,jpeg,0.05209159851074219
1778644065.2375205,540.6910808086395,10794,17164,jpeg,0.04992175102233887
1778644065.2859266,540.7394869327545,10795,17167,jpeg,0.048406124114990234
1778644065.3384335,540.79199385643,10796,17138,jpeg,0.05250692367553711
1778644065.3880775,540.8416378498077,10797,17136,jpeg,0.04964399337768555
1778644065.4362762,540.8898365497589,10798,17154,jpeg,0.048198699951171875
1778644065.4888747,540.9424350261688,10799,17147,jpeg,0.05259847640991211
1778644065.5370922,540.9906525611877,10800,17150,jpeg,0.0482175350189209
1778644065.584232,541.0377924442291,10801,17155,jpeg,0.047139883041381836
1778644065.6385057,541.0920660495758,10802,17163,jpeg,0.05427360534667969
1778644065.686075,541.1396353244781,10803,17156,jpeg,0.04756927490234375
1778644065.733662,541.1872222423553,10804,17149,jpeg,0.047586917877197266
1778644065.7872767,541.240837097168,10805,17178,jpeg,0.05361485481262207
1778644065.8374603,541.2910206317902,10806,17170,jpeg,0.05018353462219238
1778644065.8840957,541.3376560211182,10807,17195,jpeg,0.04663538932800293
1778644065.9367175,541.3902778625488,10808,17181,jpeg,0.05262184143066406
1778644065.988938,541.4424984455109,10809,17175,jpeg,0.05222058296203613
1778644066.0373943,541.4909546375275,10810,17158,jpeg,0.04845619201660156
1778644066.0862417,541.5398020744324,10811,17166,jpeg,0.04884743690490723
1778644066.1369808,541.5905411243439,10812,17181,jpeg,0.05073904991149902
1778644066.1882448,541.6418051719666,10813,17164,jpeg,0.051264047622680664
1778644066.236094,541.6896543502808,10814,17199,jpeg,0.047849178314208984
1778644066.2853389,541.738899230957,10815,17161,jpeg,0.04924488067626953
1778644066.3380816,541.7916419506073,10816,17185,jpeg,0.052742719650268555
1778644066.3935103,541.8470706939697,10817,17173,jpeg,0.05542874336242676
1778644066.4381816,541.8917419910431,10818,17178,jpeg,0.04467129707336426
1778644066.4858086,541.9393689632416,10819,17184,jpeg,0.04762697219848633
1778644066.5430722,541.9966325759888,10820,17179,jpeg,0.05726361274719238
1778644066.5872643,542.0408246517181,10821,17172,jpeg,0.04419207572937012
1778644066.6362221,542.0897824764252,10822,17177,jpeg,0.04895782470703125
1778644066.6884925,542.1420528888702,10823,17171,jpeg,0.05227041244506836
1778644066.7376604,542.1912207603455,10824,17174,jpeg,0.04916787147521973
1778644066.786654,542.2402143478394,10825,17165,jpeg,0.048993587493896484
1778644066.8382537,542.2918140888214,10826,17153,jpeg,0.051599740982055664
1778644066.8850884,542.3386487960815,10827,17132,jpeg,0.046834707260131836
1778644066.9350665,542.3886268138885,10828,17150,jpeg,0.049978017807006836
1778644066.9900022,542.4435625076294,10829,17159,jpeg,0.05493569374084473
1778644067.044192,542.4977524280548,10830,17179,jpeg,0.05418992042541504
1778644067.08489,542.5384502410889,10831,17139,jpeg,0.04069781303405762
1778644067.1368723,542.5904326438904,10832,17144,jpeg,0.05198240280151367
1778644067.1909823,542.6445426940918,10833,17188,jpeg,0.054110050201416016
1778644067.2348504,542.6884107589722,10834,17159,jpeg,0.043868064880371094
1778644067.2949529,542.7485132217407,10835,17181,jpeg,0.06010246276855469
1778644067.339973,542.7935333251953,10836,17140,jpeg,0.045020103454589844
1778644067.3847396,542.8382999897003,10837,17186,jpeg,0.04476666450500488
1778644067.4354663,542.8890266418457,10838,17161,jpeg,0.05072665214538574
1778644067.4897804,542.9433407783508,10839,17181,jpeg,0.05431413650512695
1778644067.53423,542.9877903461456,10840,17164,jpeg,0.044449567794799805
1778644067.5875723,543.0411326885223,10841,17184,jpeg,0.053342342376708984
1778644067.6389182,543.0924785137177,10842,17156,jpeg,0.0513458251953125
1778644067.6859474,543.1395077705383,10843,17144,jpeg,0.04702925682067871
1778644067.7370214,543.1905817985535,10844,17163,jpeg,0.05107402801513672
1778644067.7979565,543.2515168190002,10845,17183,jpeg,0.060935020446777344
1778644067.835297,543.288857460022,10846,17180,jpeg,0.037340641021728516
1778644067.8838522,543.3374125957489,10847,17171,jpeg,0.04855513572692871
1778644067.93991,543.393470287323,10848,17172,jpeg,0.05605769157409668
1778644067.986746,543.4403064250946,10849,17155,jpeg,0.046836137771606445
1778644068.0389342,543.4924945831299,10850,17193,jpeg,0.05218815803527832
1778644068.0910392,543.544599533081,10851,17142,jpeg,0.052104949951171875
1778644068.137334,543.5908944606781,10852,17145,jpeg,0.0462949275970459
1778644068.1889555,543.6425158977509,10853,17148,jpeg,0.051621437072753906
1778644068.2396274,543.693187713623,10854,17153,jpeg,0.05067181587219238
1778644068.2877874,543.7413477897644,10855,17155,jpeg,0.04816007614135742
1778644068.3377602,543.7913205623627,10856,17189,jpeg,0.0499727725982666
1778644068.3866153,543.8401756286621,10857,17170,jpeg,0.04885506629943848
1778644068.4362159,543.8897762298584,10858,17153,jpeg,0.04960060119628906
1778644068.4876618,543.9412221908569,10859,17151,jpeg,0.051445960998535156
1778644068.536942,543.9905023574829,10860,17158,jpeg,0.04928016662597656
1778644068.58904,544.0426003932953,10861,17151,jpeg,0.05209803581237793
1778644068.637362,544.0909223556519,10862,17154,jpeg,0.04832196235656738
1778644068.6908214,544.1443817615509,10863,17180,jpeg,0.05345940589904785
1778644068.7377915,544.191351890564,10864,17155,jpeg,0.04697012901306152
1778644068.7918162,544.2453765869141,10865,17156,jpeg,0.054024696350097656
1778644068.8438318,544.2973921298981,10866,17175,jpeg,0.05201554298400879
1778644068.8871107,544.3406710624695,10867,17192,jpeg,0.04327893257141113
1778644068.940436,544.3939962387085,10868,17193,jpeg,0.05332517623901367
1778644068.9888222,544.4423825740814,10869,17207,jpeg,0.048386335372924805
1778644069.0421593,544.4957196712494,10870,17175,jpeg,0.05333709716796875
1778644069.090915,544.5444753170013,10871,17178,jpeg,0.048755645751953125
1778644069.1360397,544.5896000862122,10872,17165,jpeg,0.04512476921081543
1778644069.1901052,544.6436655521393,10873,17175,jpeg,0.05406546592712402
1778644069.2436516,544.6972119808197,10874,17160,jpeg,0.05354642868041992
1778644069.2846174,544.7381777763367,10875,17144,jpeg,0.04096579551696777
1778644069.3333457,544.786906003952,10876,17176,jpeg,0.048728227615356445
1778644069.3851144,544.8386747837067,10877,17180,jpeg,0.05176877975463867
1778644069.4360926,544.889652967453,10878,17164,jpeg,0.05097818374633789
1778644069.484369,544.937929391861,10879,17156,jpeg,0.048276424407958984
1778644069.5348985,544.9884588718414,10880,17154,jpeg,0.05052947998046875
1778644069.584385,545.0379452705383,10881,17193,jpeg,0.049486398696899414
1778644069.6338427,545.0874030590057,10882,17174,jpeg,0.04945778846740723
1778644069.6855197,545.1390800476074,10883,17168,jpeg,0.05167698860168457
1778644069.7375562,545.1911165714264,10884,17149,jpeg,0.05203652381896973
1778644069.7842507,545.237811088562,10885,17185,jpeg,0.04669451713562012
1778644069.835645,545.2892053127289,10886,17146,jpeg,0.05139422416687012
1778644069.8843145,545.3378748893738,10887,17149,jpeg,0.04866957664489746
1778644069.9345562,545.3881165981293,10888,17145,jpeg,0.050241708755493164
1778644069.984662,545.4382224082947,10889,17157,jpeg,0.05010581016540527
1778644070.0349214,545.488481760025,10890,17186,jpeg,0.05025935173034668
1778644070.0837266,545.5372869968414,10891,17140,jpeg,0.04880523681640625
1778644070.1343691,545.5879294872284,10892,17158,jpeg,0.05064249038696289
1778644070.1841688,545.6377291679382,10893,17175,jpeg,0.04979968070983887
1778644070.2349122,545.6884725093842,10894,17162,jpeg,0.05074334144592285
1778644070.2854662,545.7390265464783,10895,17153,jpeg,0.05055403709411621
1778644070.3352556,545.7888159751892,10896,17153,jpeg,0.0497894287109375
1778644070.3864372,545.8399975299835,10897,17171,jpeg,0.05118155479431152
1778644070.435687,545.88924741745,10898,17148,jpeg,0.049249887466430664
1778644070.4845996,545.938159942627,10899,17160,jpeg,0.04891252517700195
1778644070.535543,545.9891033172607,10900,17156,jpeg,0.05094337463378906
1778644070.5837104,546.037270784378,10901,17160,jpeg,0.04816746711730957
1778644070.6362882,546.0898485183716,10902,17173,jpeg,0.05257773399353027
1778644070.6829753,546.1365356445312,10903,17167,jpeg,0.04668712615966797
1778644070.7366214,546.1901817321777,10904,17172,jpeg,0.053646087646484375
1778644070.7939668,546.2475271224976,10905,17173,jpeg,0.05734539031982422
1778644070.8432088,546.2967691421509,10906,17149,jpeg,0.04924201965332031
1778644070.886296,546.3398563861847,10907,17193,jpeg,0.04308724403381348
1778644070.9395413,546.3931016921997,10908,17148,jpeg,0.05324530601501465
1778644070.9852405,546.4388008117676,10909,17156,jpeg,0.045699119567871094
1778644071.0371902,546.4907505512238,10910,17160,jpeg,0.05194973945617676
1778644071.0875502,546.5411105155945,10911,17142,jpeg,0.05035996437072754
1778644071.1355038,546.5890641212463,10912,17132,jpeg,0.04795360565185547
1778644071.1886234,546.6421837806702,10913,17134,jpeg,0.053119659423828125
1778644071.2389934,546.6925537586212,10914,17180,jpeg,0.050369977951049805
1778644071.2851305,546.7386908531189,10915,17156,jpeg,0.046137094497680664
1778644071.3394055,546.792965888977,10916,17152,jpeg,0.0542750358581543
1778644071.3876147,546.8411750793457,10917,17163,jpeg,0.048209190368652344
1778644071.4375398,546.8911001682281,10918,17152,jpeg,0.04992508888244629
1778644071.489363,546.9429233074188,10919,17135,jpeg,0.05182313919067383
1778644071.5350006,546.9885609149933,10920,17139,jpeg,0.04563760757446289
1778644071.586452,547.0400123596191,10921,17182,jpeg,0.05145144462585449
1778644071.6365554,547.0901157855988,10922,17125,jpeg,0.05010342597961426
1778644071.6843193,547.1378796100616,10923,17153,jpeg,0.047763824462890625
1778644071.7354572,547.189017534256,10924,17162,jpeg,0.05113792419433594
1778644071.785838,547.2393982410431,10925,17175,jpeg,0.050380706787109375
1778644071.839291,547.2928514480591,10926,17172,jpeg,0.05345320701599121
1778644071.8852224,547.338782787323,10927,17172,jpeg,0.045931339263916016
1778644071.9354496,547.3890099525452,10928,17173,jpeg,0.05022716522216797
1778644071.9830806,547.4366409778595,10929,17150,jpeg,0.047631025314331055
1778644072.0337253,547.4872856140137,10930,17165,jpeg,0.050644636154174805
1778644072.0857325,547.5392928123474,10931,17167,jpeg,0.052007198333740234
1778644072.1327984,547.5863587856293,10932,17128,jpeg,0.04706597328186035
1778644072.1827576,547.6363179683685,10933,17138,jpeg,0.04995918273925781
1778644072.234969,547.688529253006,10934,17138,jpeg,0.05221128463745117
1778644072.2816463,547.7352066040039,10935,17134,jpeg,0.046677350997924805
1778644072.332708,547.7862682342529,10936,17170,jpeg,0.05106163024902344
1778644072.385001,547.838561296463,10937,17157,jpeg,0.05229306221008301
1778644072.4341898,547.8877501487732,10938,17179,jpeg,0.049188852310180664
1778644072.4817452,547.935305595398,10939,17148,jpeg,0.04755544662475586
1778644072.5340893,547.987649679184,10940,17161,jpeg,0.05234408378601074
1778644072.5813835,548.034943819046,10941,17167,jpeg,0.04729413986206055
1778644072.6323664,548.0859267711639,10942,17150,jpeg,0.05098295211791992
1778644072.6851294,548.1386897563934,10943,17150,jpeg,0.05276298522949219
1778644072.7316651,548.1852254867554,10944,17152,jpeg,0.04653573036193848
1778644072.783016,548.2365763187408,10945,17129,jpeg,0.05135083198547363
1778644072.83435,548.2879104614258,10946,17178,jpeg,0.05133414268493652
1778644072.888891,548.3424513339996,10947,17137,jpeg,0.05454087257385254
1778644072.9355366,548.3890969753265,10948,17138,jpeg,0.0466456413269043
1778644072.9884605,548.4420208930969,10949,17160,jpeg,0.05292391777038574
1778644073.0336576,548.4872179031372,10950,17191,jpeg,0.0451970100402832
1778644073.0826926,548.5362529754639,10951,17167,jpeg,0.049035072326660156
1778644073.136448,548.5900082588196,10952,17151,jpeg,0.05375528335571289
1778644073.1889374,548.6424977779388,10953,17139,jpeg,0.052489519119262695
1778644073.2324703,548.686030626297,10954,17153,jpeg,0.0435328483581543
1778644073.2856572,548.7392175197601,10955,17135,jpeg,0.053186893463134766
1778644073.33281,548.7863702774048,10956,17174,jpeg,0.04715275764465332
1778644073.3854554,548.8390157222748,10957,17186,jpeg,0.05264544486999512
1778644073.4371865,548.8907468318939,10958,17143,jpeg,0.051731109619140625
1778644073.4815876,548.9351480007172,10959,17125,jpeg,0.04440116882324219
1778644073.5332105,548.9867708683014,10960,17184,jpeg,0.051622867584228516
1778644073.5885632,549.0421235561371,10961,17189,jpeg,0.05535268783569336
1778644073.6310523,549.0846126079559,10962,17172,jpeg,0.042489051818847656
1778644073.6823983,549.1359586715698,10963,17174,jpeg,0.0513460636138916
1778644073.7330635,549.1866238117218,10964,17184,jpeg,0.05066514015197754
1778644073.7819443,549.2355046272278,10965,17203,jpeg,0.048880815505981445
1778644073.8326657,549.2862260341644,10966,17190,jpeg,0.05072140693664551
1778644073.8830056,549.3365659713745,10967,17200,jpeg,0.05033993721008301
1778644073.9309335,549.3844938278198,10968,17176,jpeg,0.0479278564453125
1778644073.9815521,549.4351124763489,10969,17169,jpeg,0.050618648529052734
1778644074.0325766,549.4861369132996,10970,17157,jpeg,0.051024436950683594
1778644074.0812428,549.5348031520844,10971,17176,jpeg,0.04866623878479004
1778644074.133392,549.5869524478912,10972,17171,jpeg,0.052149295806884766
1778644074.1863897,549.6399500370026,10973,17146,jpeg,0.052997589111328125
1778644074.2322946,549.6858549118042,10974,17175,jpeg,0.04590487480163574
1778644074.2841053,549.7376656532288,10975,17150,jpeg,0.05181074142456055
1778644074.3361247,549.78968501091,10976,17149,jpeg,0.052019357681274414
1778644074.381373,549.8349332809448,10977,17167,jpeg,0.04524827003479004
1778644074.4332118,549.8867721557617,10978,17177,jpeg,0.05183887481689453
1778644074.4864645,549.9400248527527,10979,17186,jpeg,0.0532526969909668
1778644074.5317268,549.9852871894836,10980,17156,jpeg,0.04526233673095703
1778644074.5842307,550.0377910137177,10981,17164,jpeg,0.05250382423400879
1778644074.6347013,550.0882616043091,10982,17164,jpeg,0.050470590591430664
1778644074.682261,550.1358213424683,10983,17180,jpeg,0.04755973815917969
1778644074.7340174,550.1875777244568,10984,17159,jpeg,0.05175638198852539
1778644074.7842746,550.2378349304199,10985,17172,jpeg,0.050257205963134766
1778644074.8383596,550.2919199466705,10986,17154,jpeg,0.05408501625061035
1778644074.88406,550.3376202583313,10987,17163,jpeg,0.0457003116607666
1778644074.9400842,550.3936445713043,10988,17161,jpeg,0.05602431297302246
1778644074.981785,550.4353454113007,10989,17180,jpeg,0.04170083999633789
1778644075.0310009,550.4845612049103,10990,17177,jpeg,0.04921579360961914
1778644075.0834076,550.5369679927826,10991,17171,jpeg,0.05240678787231445
1778644075.131189,550.5847494602203,10992,17161,jpeg,0.04778146743774414
1778644075.1828318,550.6363921165466,10993,17177,jpeg,0.051642656326293945
1778644075.2332337,550.6867940425873,10994,17171,jpeg,0.050401926040649414
1778644075.2895348,550.7430951595306,10995,17154,jpeg,0.056301116943359375
1778644075.332652,550.7862124443054,10996,17152,jpeg,0.04311728477478027
1778644075.3842788,550.8378391265869,10997,17189,jpeg,0.05162668228149414
1778644075.4431891,550.89674949646,10998,17155,jpeg,0.058910369873046875
1778644075.4813657,550.93492603302,10999,17167,jpeg,0.038176536560058594
1778644075.534206,550.9877662658691,11000,17170,jpeg,0.052840232849121094
1778644075.581048,551.0346083641052,11001,17144,jpeg,0.046842098236083984
1778644075.6304348,551.0839951038361,11002,17177,jpeg,0.04938673973083496
1778644075.6825907,551.1361510753632,11003,17164,jpeg,0.05215597152709961
1778644075.7309153,551.1844756603241,11004,17162,jpeg,0.0483245849609375
1778644075.7812006,551.2347609996796,11005,17165,jpeg,0.05028533935546875
1778644075.8359714,551.2895317077637,11006,17159,jpeg,0.054770708084106445
1778644075.8820415,551.3356018066406,11007,17147,jpeg,0.046070098876953125
1778644075.9310586,551.3846189975739,11008,17142,jpeg,0.04901719093322754
1778644075.9850028,551.4385631084442,11009,17191,jpeg,0.05394411087036133
1778644076.0320332,551.4855935573578,11010,17142,jpeg,0.04703044891357422
1778644076.0816805,551.5352408885956,11011,17148,jpeg,0.04964733123779297
1778644076.1345868,551.5881471633911,11012,17163,jpeg,0.05290627479553223
1778644076.1813893,551.6349496841431,11013,17173,jpeg,0.046802520751953125
1778644076.2323093,551.6858696937561,11014,17164,jpeg,0.05092000961303711
1778644076.284595,551.7381553649902,11015,17161,jpeg,0.05228567123413086
1778644076.3323464,551.785906791687,11016,17166,jpeg,0.047751426696777344
1778644076.3818514,551.8354117870331,11017,17184,jpeg,0.049504995346069336
1778644076.4342353,551.8877956867218,11018,17173,jpeg,0.0523838996887207
1778644076.4850712,551.9386315345764,11019,17169,jpeg,0.05083584785461426
1778644076.5390065,551.9925668239594,11020,17177,jpeg,0.05393528938293457
1778644076.5889843,552.0425446033478,11021,17184,jpeg,0.049977779388427734
1778644076.6357834,552.0893437862396,11022,17172,jpeg,0.0467991828918457
1778644076.6853104,552.138870716095,11023,17191,jpeg,0.04952692985534668
1778644076.7373402,552.1909005641937,11024,17186,jpeg,0.05202984809875488
1778644076.7884498,552.2420101165771,11025,17196,jpeg,0.05110955238342285
1778644076.835561,552.289121389389,11026,17169,jpeg,0.04711127281188965
1778644076.8856533,552.3392136096954,11027,17181,jpeg,0.050092220306396484
1778644076.9411044,552.3946647644043,11028,17170,jpeg,0.055451154708862305
1778644076.986866,552.4404263496399,11029,17177,jpeg,0.0457615852355957
1778644077.0338864,552.4874467849731,11030,17195,jpeg,0.04702043533325195
1778644077.088418,552.5419783592224,11031,17173,jpeg,0.05453157424926758
1778644077.1349757,552.5885360240936,11032,17166,jpeg,0.04655766487121582
1778644077.1906247,552.6441850662231,11033,17174,jpeg,0.0556490421295166
1778644077.237279,552.6908392906189,11034,17151,jpeg,0.04665422439575195
1778644077.2837377,552.7372980117798,11035,17153,jpeg,0.04645872116088867
1778644077.337608,552.7911684513092,11036,17178,jpeg,0.053870439529418945
1778644077.3912961,552.8448565006256,11037,17174,jpeg,0.05368804931640625
1778644077.4374454,552.8910057544708,11038,17176,jpeg,0.046149253845214844
1778644077.488632,552.9421923160553,11039,17171,jpeg,0.051186561584472656
1778644077.5325642,552.9861245155334,11040,17175,jpeg,0.043932199478149414
1778644077.5839658,553.0375261306763,11041,17169,jpeg,0.051401615142822266
1778644077.6414778,553.0950381755829,11042,17158,jpeg,0.05751204490661621
1778644077.6813958,553.1349561214447,11043,17163,jpeg,0.039917945861816406
1778644077.7344143,553.187974691391,11044,17186,jpeg,0.05301856994628906
1778644077.7897475,553.2433078289032,11045,17168,jpeg,0.05533313751220703
1778644077.847635,553.3011953830719,11046,17154,jpeg,0.05788755416870117
1778644077.885322,553.3388824462891,11047,17200,jpeg,0.037687063217163086
1778644077.9381366,553.3916969299316,11048,17170,jpeg,0.052814483642578125
1778644077.9816759,553.4352362155914,11049,17182,jpeg,0.04353928565979004
1778644078.0371764,553.4907367229462,11050,17208,jpeg,0.05550050735473633
1778644078.082973,553.5365333557129,11051,17201,jpeg,0.04579663276672363
1778644078.1320174,553.5855777263641,11052,17185,jpeg,0.04904437065124512
1778644078.1869984,553.640558719635,11053,17179,jpeg,0.05498099327087402
1778644078.2392063,553.6927666664124,11054,17186,jpeg,0.05220794677734375
1778644078.2827468,553.736307144165,11055,17173,jpeg,0.04354047775268555
1778644078.3313513,553.7849116325378,11056,17186,jpeg,0.048604488372802734
1778644078.3898559,553.8434162139893,11057,17164,jpeg,0.058504581451416016
1778644078.433881,553.8874413967133,11058,17159,jpeg,0.04402518272399902
1778644078.481743,553.9353034496307,11059,17157,jpeg,0.04786205291748047
1778644078.539326,553.9928863048553,11060,17135,jpeg,0.057582855224609375
1778644078.5845072,554.0380675792694,11061,17160,jpeg,0.0451812744140625
1778644078.6320953,554.0856556892395,11062,17150,jpeg,0.04758810997009277
1778644078.6880102,554.1415705680847,11063,17153,jpeg,0.055914878845214844
1778644078.7332013,554.1867616176605,11064,17182,jpeg,0.045191049575805664
1778644078.7823439,554.2359042167664,11065,17186,jpeg,0.04914259910583496
1778644078.8379912,554.2915515899658,11066,17155,jpeg,0.05564737319946289
1778644078.8856544,554.3392148017883,11067,17185,jpeg,0.047663211822509766
1778644078.9326715,554.3862318992615,11068,17184,jpeg,0.04701709747314453
1778644078.9880579,554.4416182041168,11069,17172,jpeg,0.05538630485534668
1778644079.0376823,554.491242647171,11070,17172,jpeg,0.04962444305419922
1778644079.0891523,554.542712688446,11071,17189,jpeg,0.051470041275024414
1778644079.1367493,554.5903096199036,11072,17164,jpeg,0.04759693145751953
1778644079.1888256,554.6423859596252,11073,17170,jpeg,0.05207633972167969
1778644079.2369404,554.6905007362366,11074,17196,jpeg,0.048114776611328125
1778644079.2853756,554.7389359474182,11075,17183,jpeg,0.048435211181640625
1778644079.3432949,554.7968552112579,11076,17187,jpeg,0.05791926383972168
1778644079.38836,554.841920375824,11077,17177,jpeg,0.04506516456604004
1778644079.4351642,554.888724565506,11078,17173,jpeg,0.046804189682006836
1778644079.4845982,554.9381585121155,11079,17179,jpeg,0.04943394660949707
1778644079.535534,554.9890942573547,11080,17169,jpeg,0.05093574523925781
1778644079.585728,555.0392882823944,11081,17210,jpeg,0.05019402503967285
1778644079.6332827,555.0868430137634,11082,17164,jpeg,0.047554731369018555
1778644079.6837482,555.1373085975647,11083,17190,jpeg,0.05046558380126953
1778644079.7402444,555.1938047409058,11084,17174,jpeg,0.05649614334106445
1778644079.7821088,555.2356691360474,11085,17159,jpeg,0.04186439514160156
1778644079.8325622,555.2861225605011,11086,17180,jpeg,0.05045342445373535
1778644079.8829434,555.3365037441254,11087,17167,jpeg,0.05038118362426758
1778644079.931747,555.3853073120117,11088,17193,jpeg,0.04880356788635254
1778644079.9871342,555.4406945705414,11089,17176,jpeg,0.055387258529663086
1778644080.0327086,555.4862689971924,11090,17156,jpeg,0.04557442665100098
1778644080.0811884,555.5347487926483,11091,17158,jpeg,0.04847979545593262
1778644080.1306665,555.584226846695,11092,17166,jpeg,0.04947805404663086
1778644080.1873732,555.6409335136414,11093,17187,jpeg,0.05670666694641113
1778644080.232113,555.6856732368469,11094,17162,jpeg,0.044739723205566406
1778644080.2817082,555.7352685928345,11095,17181,jpeg,0.04959535598754883
1778644080.3330734,555.7866337299347,11096,17176,jpeg,0.05136513710021973
1778644080.3844328,555.837993144989,11097,17173,jpeg,0.05135941505432129
1778644080.4371548,555.8907151222229,11098,17202,jpeg,0.05272197723388672
1778644080.4846594,555.9382197856903,11099,17161,jpeg,0.04750466346740723
1778644080.6086385,556.0621988773346,11100,17166,jpeg,0.12397909164428711
1778644080.6173797,556.0709400177002,11101,17192,jpeg,0.008741140365600586
1778644080.6345289,556.0880892276764,11102,17175,jpeg,0.01714920997619629
1778644080.6871917,556.1407520771027,11103,17174,jpeg,0.05266284942626953
1778644080.728113,556.1816732883453,11104,17144,jpeg,0.04092121124267578
1778644080.7848766,556.2384369373322,11105,17164,jpeg,0.056763648986816406
1778644080.8387632,556.292323589325,11106,17179,jpeg,0.05388665199279785
1778644080.8803787,556.33393907547,11107,17181,jpeg,0.04161548614501953
1778644080.934241,556.3878014087677,11108,17156,jpeg,0.05386233329772949
1778644080.9844055,556.4379658699036,11109,17174,jpeg,0.05016446113586426
1778644081.0299687,556.4835290908813,11110,17150,jpeg,0.0455632209777832
1778644081.0840685,556.5376288890839,11111,17164,jpeg,0.05409979820251465
1778644081.1334867,556.5870471000671,11112,17154,jpeg,0.04941821098327637
1778644081.1861084,556.6396687030792,11113,17202,jpeg,0.05262160301208496
1778644081.2325475,556.6861078739166,11114,17189,jpeg,0.046439170837402344
1778644081.286526,556.7400863170624,11115,17175,jpeg,0.05397844314575195
1778644081.3325627,556.7861230373383,11116,17162,jpeg,0.046036720275878906
1778644081.3815565,556.8351168632507,11117,17183,jpeg,0.048993825912475586
1778644081.438336,556.8918962478638,11118,17159,jpeg,0.05677938461303711
1778644081.4805138,556.9340741634369,11119,17177,jpeg,0.04217791557312012
1778644081.5352151,556.9887754917145,11120,17147,jpeg,0.05470132827758789
1778644081.5960062,557.0495665073395,11121,17186,jpeg,0.060791015625
1778644081.6297953,557.0833556652069,11122,17183,jpeg,0.03378915786743164
1778644081.6819675,557.1355278491974,11123,17171,jpeg,0.052172183990478516
1778644081.7312982,557.1848585605621,11124,17158,jpeg,0.049330711364746094
1778644081.7802787,557.2338390350342,11125,17174,jpeg,0.0489804744720459
1778644081.8337035,557.2872638702393,11126,17168,jpeg,0.053424835205078125
1778644081.8859367,557.339497089386,11127,17190,jpeg,0.052233219146728516
1778644081.9310238,557.3845841884613,11128,17210,jpeg,0.04508709907531738
1778644081.9814641,557.4350244998932,11129,17200,jpeg,0.050440311431884766
1778644082.0369475,557.4905078411102,11130,17187,jpeg,0.055483341217041016
1778644082.0808249,557.5343852043152,11131,17170,jpeg,0.043877363204956055
1778644082.129109,557.5826692581177,11132,17175,jpeg,0.048284053802490234
1778644082.18231,557.6358704566956,11133,17181,jpeg,0.05320119857788086
1778644082.2283509,557.6819112300873,11134,17179,jpeg,0.04604077339172363
1778644082.280226,557.7337863445282,11135,17205,jpeg,0.05187511444091797
1778644082.3396332,557.7931935787201,11136,17201,jpeg,0.05940723419189453
1778644082.3830628,557.8366231918335,11137,17187,jpeg,0.04342961311340332
1778644082.4300025,557.8835628032684,11138,17175,jpeg,0.04693961143493652
1778644082.485552,557.9391124248505,11139,17192,jpeg,0.05554962158203125
1778644082.5328424,557.9864027500153,11140,17166,jpeg,0.04729032516479492
1778644082.5818,558.0353603363037,11141,17154,jpeg,0.04895758628845215
1778644082.6330209,558.0865812301636,11142,17181,jpeg,0.05122089385986328
1778644082.6826925,558.1362528800964,11143,17193,jpeg,0.04967164993286133
1778644082.7315462,558.1851065158844,11144,17186,jpeg,0.04885363578796387
1778644082.781661,558.2352213859558,11145,17179,jpeg,0.05011487007141113
1778644082.8305347,558.2840950489044,11146,17230,jpeg,0.0488736629486084
1778644082.8814676,558.3350279331207,11147,17193,jpeg,0.050932884216308594
1778644082.9305844,558.38414478302,11148,17197,jpeg,0.04911684989929199
1778644082.9807909,558.4343512058258,11149,17219,jpeg,0.05020642280578613
1778644083.0301561,558.4837164878845,11150,17199,jpeg,0.04936528205871582
1778644083.0832646,558.5368249416351,11151,17175,jpeg,0.05310845375061035
1778644083.1300616,558.5836219787598,11152,17167,jpeg,0.04679703712463379
1778644083.1799839,558.6335442066193,11153,17168,jpeg,0.04992222785949707
1778644083.2324138,558.6859741210938,11154,17177,jpeg,0.052429914474487305
1778644083.279694,558.7332544326782,11155,17182,jpeg,0.047280311584472656
1778644083.3317158,558.7852761745453,11156,17170,jpeg,0.05202174186706543
1778644083.3818073,558.835367679596,11157,17180,jpeg,0.05009150505065918
1778644083.4292536,558.8828139305115,11158,17169,jpeg,0.047446250915527344
1778644083.4844122,558.9379725456238,11159,17175,jpeg,0.05515861511230469
1778644083.534069,558.9876294136047,11160,17155,jpeg,0.04965686798095703
1778644083.5804818,559.0340421199799,11161,17170,jpeg,0.04641270637512207
1778644083.6374035,559.0909638404846,11162,17162,jpeg,0.05692172050476074
1778644083.6909795,559.1445398330688,11163,17158,jpeg,0.053575992584228516
1778644083.7300467,559.1836071014404,11164,17162,jpeg,0.03906726837158203
1778644083.780601,559.2341613769531,11165,17169,jpeg,0.05055427551269531
1778644083.8381245,559.2916848659515,11166,17167,jpeg,0.057523488998413086
1778644083.8799415,559.3335018157959,11167,17171,jpeg,0.04181694984436035
1778644083.9326537,559.386214017868,11168,17185,jpeg,0.052712202072143555
1778644083.980153,559.4337134361267,11169,17175,jpeg,0.04749941825866699
1778644084.0314775,559.4850378036499,11170,17191,jpeg,0.05132436752319336
1778644084.0811336,559.5346939563751,11171,17189,jpeg,0.04965615272521973
1778644084.1414778,559.5950381755829,11172,17164,jpeg,0.06034421920776367
1778644084.1861684,559.6397287845612,11173,17175,jpeg,0.044690608978271484
1778644084.2291093,559.6826696395874,11174,17184,jpeg,0.04294085502624512
1778644084.2807622,559.7343225479126,11175,17193,jpeg,0.05165290832519531
1778644084.3287704,559.7823307514191,11176,17156,jpeg,0.04800820350646973
1778644084.3786385,559.8321988582611,11177,17146,jpeg,0.049868106842041016
1778644084.429948,559.8835084438324,11178,17153,jpeg,0.05130958557128906
1778644084.4786415,559.9322018623352,11179,17157,jpeg,0.04869341850280762
1778644084.531231,559.9847912788391,11180,17187,jpeg,0.05258941650390625
1778644084.5823646,560.035924911499,11181,17171,jpeg,0.05113363265991211
1778644084.6292198,560.082780122757,11182,17191,jpeg,0.04685521125793457
1778644084.6804473,560.134007692337,11183,17185,jpeg,0.051227569580078125
1778644084.7323573,560.1859176158905,11184,17197,jpeg,0.0519099235534668
1778644084.7797372,560.233297586441,11185,17159,jpeg,0.04737997055053711
1778644084.8312585,560.2848188877106,11186,17182,jpeg,0.05152130126953125
1778644084.8810885,560.33464884758,11187,17170,jpeg,0.049829959869384766
1778644084.9294357,560.3829960823059,11188,17175,jpeg,0.04834723472595215
1778644084.9818556,560.4354159832001,11189,17147,jpeg,0.05241990089416504
1778644085.0315976,560.4851579666138,11190,17170,jpeg,0.04974198341369629
1778644085.0792043,560.532764673233,11191,17167,jpeg,0.047606706619262695
1778644085.131264,560.5848243236542,11192,17167,jpeg,0.05205965042114258
1778644085.1807988,560.6343591213226,11193,17172,jpeg,0.04953479766845703
1778644085.229395,560.6829552650452,11194,17184,jpeg,0.04859614372253418
1778644085.2797773,560.7333376407623,11195,17198,jpeg,0.050382375717163086
1778644085.3313234,560.7848837375641,11196,17203,jpeg,0.05154609680175781
1778644085.3841736,560.8377339839935,11197,17182,jpeg,0.05285024642944336
1778644085.4309943,560.8845546245575,11198,17191,jpeg,0.046820640563964844
1778644085.4857662,560.9393265247345,11199,17187,jpeg,0.05477190017700195
1778644085.5319896,560.9855499267578,11200,17161,jpeg,0.04622340202331543
1778644085.5794823,561.0330426692963,11201,17188,jpeg,0.04749274253845215
1778644085.6327696,561.0863299369812,11202,17183,jpeg,0.05328726768493652
1778644085.6801758,561.1337361335754,11203,17153,jpeg,0.04740619659423828
1778644085.736726,561.190286397934,11204,17181,jpeg,0.05655026435852051
1778644085.7929404,561.2465007305145,11205,17183,jpeg,0.056214332580566406
1778644085.8336773,561.2872376441956,11206,17177,jpeg,0.04073691368103027
1778644085.8846445,561.3382048606873,11207,17161,jpeg,0.05096721649169922
1778644085.929614,561.3831744194031,11208,17152,jpeg,0.04496955871582031
1778644085.9837992,561.4373595714569,11209,17184,jpeg,0.05418515205383301
1778644086.0344636,561.4880239963531,11210,17185,jpeg,0.050664424896240234
1778644086.0821211,561.5356814861298,11211,17193,jpeg,0.04765748977661133
1778644086.1318343,561.5853946208954,11212,17188,jpeg,0.049713134765625
1778644086.186428,561.6399884223938,11213,17186,jpeg,0.054593801498413086
1778644086.2357237,561.6892840862274,11214,17224,jpeg,0.049295663833618164
1778644086.2804673,561.7340276241302,11215,17165,jpeg,0.04474353790283203
1778644086.3328836,561.7864439487457,11216,17187,jpeg,0.052416324615478516
1778644086.3825727,561.8361330032349,11217,17203,jpeg,0.04968905448913574
1778644086.4307,561.8842604160309,11218,17170,jpeg,0.04812741279602051
1778644086.4807913,561.934351682663,11219,17162,jpeg,0.05009126663208008
1778644086.5326788,561.98623919487,11220,17193,jpeg,0.05188751220703125
1778644086.5807772,562.0343375205994,11221,17187,jpeg,0.04809832572937012
1778644086.6310105,562.0845708847046,11222,17196,jpeg,0.05023336410522461
1778644086.682867,562.1364274024963,11223,17201,jpeg,0.05185651779174805
1778644086.7314453,562.1850056648254,11224,17171,jpeg,0.04857826232910156
1778644086.7831976,562.2367579936981,11225,17182,jpeg,0.051752328872680664
1778644086.8429832,562.296543598175,11226,17159,jpeg,0.05978560447692871
1778644086.8816814,562.3352417945862,11227,17197,jpeg,0.03869819641113281
1778644086.9332983,562.3868587017059,11228,17173,jpeg,0.05161690711975098
1778644086.979628,562.4331884384155,11229,17183,jpeg,0.04632973670959473
1778644087.032963,562.4865233898163,11230,17173,jpeg,0.053334951400756836
1778644087.0812109,562.5347712039948,11231,17160,jpeg,0.0482478141784668
1778644087.130277,562.5838372707367,11232,17179,jpeg,0.04906606674194336
1778644087.1832607,562.6368210315704,11233,17154,jpeg,0.052983760833740234
1778644087.233556,562.6871163845062,11234,17177,jpeg,0.050295352935791016
1778644087.282052,562.7356123924255,11235,17182,jpeg,0.04849600791931152
1778644087.3354058,562.788966178894,11236,17172,jpeg,0.05335378646850586
1778644087.3857026,562.8392629623413,11237,17177,jpeg,0.050296783447265625
1778644087.4329336,562.8864939212799,11238,17187,jpeg,0.04723095893859863
1778644087.4878924,562.9414527416229,11239,17187,jpeg,0.05495882034301758
1778644087.5330353,562.9865956306458,11240,17193,jpeg,0.04514288902282715
1778644087.5817869,563.0353472232819,11241,17171,jpeg,0.0487515926361084
1778644087.634667,563.0882272720337,11242,17208,jpeg,0.052880048751831055
1778644087.6815796,563.1351399421692,11243,17162,jpeg,0.04691267013549805
1778644087.7357957,563.1893560886383,11244,17163,jpeg,0.05421614646911621
1778644087.778075,563.2316353321075,11245,17175,jpeg,0.04227924346923828
1778644087.828785,563.2823452949524,11246,17151,jpeg,0.05070996284484863
1778644087.882248,563.3358082771301,11247,17136,jpeg,0.053462982177734375
1778644087.9273214,563.3808817863464,11248,17171,jpeg,0.045073509216308594
1778644087.9805732,563.4341335296631,11249,17156,jpeg,0.05325174331665039
1778644088.0318143,563.4853746891022,11250,17170,jpeg,0.051241159439086914
1778644088.078405,563.5319652557373,11251,17179,jpeg,0.046590566635131836
1778644088.1339958,563.5875561237335,11252,17158,jpeg,0.05559086799621582
1778644088.1806638,563.6342241764069,11253,17175,jpeg,0.046668052673339844
1778644088.229508,563.6830682754517,11254,17143,jpeg,0.048844099044799805
1778644088.2826116,563.7361719608307,11255,17191,jpeg,0.05310368537902832
1778644088.3297477,563.7833080291748,11256,17160,jpeg,0.04713606834411621
1778644088.3781278,563.8316881656647,11257,17191,jpeg,0.048380136489868164
1778644088.432116,563.8856763839722,11258,17175,jpeg,0.05398821830749512
1778644088.4812233,563.9347836971283,11259,17147,jpeg,0.04910731315612793
1778644088.5328765,563.9864368438721,11260,17163,jpeg,0.051653146743774414
1778644088.5797336,564.0332939624786,11261,17190,jpeg,0.04685711860656738
1778644088.6349628,564.0885231494904,11262,17178,jpeg,0.05522918701171875
1778644088.6764767,564.1300370693207,11263,17171,jpeg,0.041513919830322266
1778644088.7329628,564.1865231990814,11264,17178,jpeg,0.05648612976074219
1778644088.7781203,564.2316806316376,11265,17162,jpeg,0.045157432556152344
1778644088.8277588,564.2813191413879,11266,17174,jpeg,0.04963850975036621
1778644088.8781235,564.3316838741302,11267,17176,jpeg,0.05036473274230957
1778644088.9289765,564.3825368881226,11268,17164,jpeg,0.05085301399230957
1778644088.9776666,564.4312269687653,11269,17174,jpeg,0.048690080642700195
1778644089.030876,564.4844362735748,11270,17167,jpeg,0.05320930480957031
1778644089.0790617,564.5326220989227,11271,17148,jpeg,0.04818582534790039
1778644089.1277006,564.5812609195709,11272,17138,jpeg,0.04863882064819336
1778644089.1823854,564.6359457969666,11273,17183,jpeg,0.05468487739562988
1778644089.2300887,564.6836490631104,11274,17219,jpeg,0.04770326614379883
1778644089.2764888,564.7300491333008,11275,17202,jpeg,0.04640007019042969
1778644089.32886,564.7824203968048,11276,17150,jpeg,0.05237126350402832
1778644089.3781931,564.8317534923553,11277,17174,jpeg,0.04933309555053711
1778644089.4282153,564.8817756175995,11278,17145,jpeg,0.050022125244140625
1778644089.4780073,564.9315676689148,11279,17164,jpeg,0.04979205131530762
1778644089.5356398,564.9892001152039,11280,17183,jpeg,0.0576324462890625
1778644089.582807,565.0363674163818,11281,17186,jpeg,0.047167301177978516
1778644089.629976,565.0835363864899,11282,17190,jpeg,0.04716897010803223
1778644089.683466,565.137026309967,11283,17180,jpeg,0.05348992347717285
1778644089.7303922,565.1839525699615,11284,17145,jpeg,0.046926259994506836
1778644089.7811465,565.2347068786621,11285,17151,jpeg,0.05075430870056152
1778644089.8279076,565.2814679145813,11286,17154,jpeg,0.04676103591918945
1778644089.8786328,565.3321931362152,11287,17171,jpeg,0.05072522163391113
1778644089.930094,565.3836543560028,11288,17143,jpeg,0.051461219787597656
1778644089.977759,565.4313192367554,11289,17146,jpeg,0.04766488075256348
1778644090.0374281,565.4909884929657,11290,17183,jpeg,0.05966925621032715
1778644090.0776968,565.5312571525574,11291,17170,jpeg,0.040268659591674805
1778644090.1291573,565.5827176570892,11292,17164,jpeg,0.05146050453186035
1778644090.1836057,565.6371660232544,11293,17155,jpeg,0.05444836616516113
1778644090.2355003,565.6890606880188,11294,17153,jpeg,0.0518946647644043
1778644090.286836,565.7403962612152,11295,17152,jpeg,0.05133557319641113
1778644090.3265944,565.7801547050476,11296,17178,jpeg,0.03975844383239746
1778644090.377503,565.8310632705688,11297,17170,jpeg,0.050908565521240234
1778644090.429097,565.882657289505,11298,17181,jpeg,0.05159401893615723
1778644090.4783742,565.931934595108,11299,17186,jpeg,0.049277305603027344
1778644090.5311944,565.9847548007965,11300,17184,jpeg,0.05282020568847656
1778644090.5839977,566.0375580787659,11301,17155,jpeg,0.05280327796936035
1778644090.6350212,566.0885815620422,11302,17171,jpeg,0.05102348327636719
1778644090.6783493,566.1319096088409,11303,17170,jpeg,0.043328046798706055
1778644090.7310402,566.1846005916595,11304,17173,jpeg,0.052690982818603516
1778644090.7819695,566.2355298995972,11305,17183,jpeg,0.05092930793762207
1778644090.8313794,566.2849397659302,11306,17170,jpeg,0.04940986633300781
1778644090.8809001,566.3344604969025,11307,17173,jpeg,0.04952073097229004
1778644090.9328747,566.3864350318909,11308,17208,jpeg,0.05197453498840332
1778644090.9812179,566.434778213501,11309,17151,jpeg,0.04834318161010742
1778644091.0309443,566.484504699707,11310,17147,jpeg,0.04972648620605469
1778644091.0761092,566.5296695232391,11311,17172,jpeg,0.04516482353210449
1778644091.1310165,566.5845768451691,11312,17167,jpeg,0.05490732192993164
1778644091.1799126,566.6334729194641,11313,17161,jpeg,0.048896074295043945
1778644091.2268455,566.6804058551788,11314,17169,jpeg,0.04693293571472168
1778644091.2776217,566.7311820983887,11315,17164,jpeg,0.05077624320983887
1778644091.3287163,566.7822766304016,11316,17172,jpeg,0.05109453201293945
1778644091.3823643,566.8359246253967,11317,17144,jpeg,0.05364799499511719
1778644091.4299405,566.8835008144379,11318,17151,jpeg,0.047576189041137695
1778644091.4808087,566.9343690872192,11319,17178,jpeg,0.05086827278137207
1778644091.5316114,566.9851717948914,11320,17169,jpeg,0.05080270767211914
1778644091.579565,567.0331254005432,11321,17197,jpeg,0.04795360565185547
1778644091.6292627,567.0828230381012,11322,17188,jpeg,0.0496976375579834
1778644091.678888,567.1324484348297,11323,17139,jpeg,0.049625396728515625
1778644091.7304125,567.1839728355408,11324,17154,jpeg,0.05152440071105957
1778644091.7799811,567.2335414886475,11325,17178,jpeg,0.04956865310668945
1778644091.8352268,567.2887871265411,11326,17177,jpeg,0.05524563789367676
1778644091.881876,567.3354363441467,11327,17152,jpeg,0.04664921760559082
1778644091.9284046,567.3819649219513,11328,17163,jpeg,0.04652857780456543
1778644091.9769337,567.4304940700531,11329,17164,jpeg,0.04852914810180664
1778644092.0305989,567.4841592311859,11330,17173,jpeg,0.0536651611328125
1778644092.0782526,567.5318129062653,11331,17172,jpeg,0.0476536750793457
1778644092.1259127,567.5794730186462,11332,17174,jpeg,0.047660112380981445
1778644092.1810722,567.6346325874329,11333,17152,jpeg,0.055159568786621094
1778644092.227255,567.6808154582977,11334,17173,jpeg,0.046182870864868164
1778644092.2756763,567.7292366027832,11335,17169,jpeg,0.04842114448547363
1778644092.3307216,567.7842819690704,11336,17166,jpeg,0.055045366287231445
1778644092.3768563,567.8304166793823,11337,17167,jpeg,0.04613471031188965
1778644092.428841,567.8824014663696,11338,17149,jpeg,0.05198478698730469
1778644092.481311,567.9348714351654,11339,17145,jpeg,0.05246996879577637
1778644092.528912,567.9824724197388,11340,17171,jpeg,0.04760098457336426
1778644092.5774043,568.0309646129608,11341,17173,jpeg,0.0484921932220459
1778644092.6359823,568.0895426273346,11342,17167,jpeg,0.0585780143737793
1778644092.6808867,568.1344470977783,11343,17177,jpeg,0.044904470443725586
1778644092.7281907,568.1817510128021,11344,17162,jpeg,0.04730391502380371
1778644092.7796378,568.2331981658936,11345,17191,jpeg,0.051447153091430664
1778644092.8307812,568.2843415737152,11346,17133,jpeg,0.05114340782165527
1778644092.8779402,568.3315005302429,11347,17149,jpeg,0.04715895652770996
1778644092.9270146,568.3805749416351,11348,17156,jpeg,0.049074411392211914
1778644092.9828079,568.436368227005,11349,17178,jpeg,0.05579328536987305
1778644093.028683,568.4822432994843,11350,17168,jpeg,0.04587507247924805
1778644093.0781069,568.5316672325134,11351,17187,jpeg,0.049423933029174805
1778644093.1315622,568.5851225852966,11352,17167,jpeg,0.053455352783203125
1778644093.1780562,568.6316165924072,11353,17188,jpeg,0.0464940071105957
1778644093.225711,568.6792714595795,11354,17182,jpeg,0.04765486717224121
1778644093.2793636,568.7329239845276,11355,17158,jpeg,0.05365252494812012
1778644093.3277593,568.7813196182251,11356,17183,jpeg,0.048395633697509766
1778644093.3760004,568.8295607566833,11357,17149,jpeg,0.04824113845825195
1778644093.4296255,568.8831858634949,11358,17138,jpeg,0.05362510681152344
1778644093.4775965,568.931156873703,11359,17161,jpeg,0.04797101020812988
1778644093.5323067,568.985867023468,11360,17172,jpeg,0.05471014976501465
1778644093.5812402,569.03480052948,11361,17197,jpeg,0.04893350601196289
1778644093.6319053,569.085465669632,11362,17159,jpeg,0.05066514015197754
1778644093.6796534,569.1332137584686,11363,17172,jpeg,0.04774808883666992
1778644093.7331934,569.1867537498474,11364,17183,jpeg,0.05353999137878418
1778644093.7813838,569.2349441051483,11365,17146,jpeg,0.04819035530090332
1778644093.829095,569.2826552391052,11366,17182,jpeg,0.04771113395690918
1778644093.883969,569.3375294208527,11367,17172,jpeg,0.05487418174743652
1778644093.9286284,569.3821887969971,11368,17152,jpeg,0.04465937614440918
1778644093.9835627,569.4371230602264,11369,17163,jpeg,0.05493426322937012
1778644094.0273561,569.4809165000916,11370,17167,jpeg,0.043793439865112305
1778644094.0783648,569.531925201416,11371,17161,jpeg,0.05100870132446289
1778644094.1268363,569.5803966522217,11372,17163,jpeg,0.04847145080566406
1778644094.177481,569.6310412883759,11373,17178,jpeg,0.050644636154174805
1778644094.231309,569.6848692893982,11374,17177,jpeg,0.05382800102233887
1778644094.2773902,569.7309505939484,11375,17200,jpeg,0.0460813045501709
1778644094.3309913,569.7845516204834,11376,17168,jpeg,0.05360102653503418
1778644094.3785894,569.8321497440338,11377,17175,jpeg,0.04759812355041504
1778644094.430852,569.8844122886658,11378,17167,jpeg,0.05226254463195801
1778644094.4798658,569.9334261417389,11379,17154,jpeg,0.04901385307312012
1778644094.528969,569.9825294017792,11380,17155,jpeg,0.0491032600402832
1778644094.5820494,570.0356097221375,11381,17176,jpeg,0.05308032035827637
1778644094.6298974,570.0834577083588,11382,17160,jpeg,0.04784798622131348
1778644094.6782382,570.1317985057831,11383,17148,jpeg,0.048340797424316406
1778644094.7279992,570.1815595626831,11384,17169,jpeg,0.049761056900024414
1778644094.780008,570.2335684299469,11385,17159,jpeg,0.052008867263793945
1778644094.8280857,570.2816460132599,11386,17176,jpeg,0.04807758331298828
1778644094.8782334,570.3317937850952,11387,17191,jpeg,0.05014777183532715
1778644094.930439,570.3839993476868,11388,17177,jpeg,0.052205562591552734
1778644094.9783456,570.4319059848785,11389,17164,jpeg,0.04790663719177246
1778644095.0275338,570.481094121933,11390,17168,jpeg,0.04918813705444336
1778644095.079085,570.5326454639435,11391,17146,jpeg,0.05155134201049805
1778644095.1276379,570.5811982154846,11392,17143,jpeg,0.048552751541137695
1778644095.1756663,570.6292266845703,11393,17133,jpeg,0.04802846908569336
1778644095.2301874,570.6837477684021,11394,17186,jpeg,0.05452108383178711
1778644095.277775,570.731335401535,11395,17176,jpeg,0.04758763313293457
1778644095.3257596,570.7793200016022,11396,17177,jpeg,0.04798460006713867
1778644095.3824565,570.8360168933868,11397,17172,jpeg,0.05669689178466797
1778644095.4285247,570.8820850849152,11398,17153,jpeg,0.04606819152832031
1778644095.4782288,570.9317891597748,11399,17155,jpeg,0.04970407485961914
1778644095.5345352,570.9880955219269,11400,17146,jpeg,0.05630636215209961
1778644095.578255,571.031815290451,11401,17172,jpeg,0.04371976852416992
1778644095.6258388,571.0793991088867,11402,17186,jpeg,0.047583818435668945
1778644095.6816034,571.1351637840271,11403,17164,jpeg,0.05576467514038086
1778644095.7300074,571.1835677623749,11404,17195,jpeg,0.04840397834777832
1778644095.7750206,571.2285809516907,11405,17141,jpeg,0.0450131893157959
1778644095.8311248,571.2846851348877,11406,17149,jpeg,0.056104183197021484
1778644095.8850882,571.338648557663,11407,17202,jpeg,0.053963422775268555
1778644095.9337742,571.3873345851898,11408,17168,jpeg,0.04868602752685547
1778644095.9875965,571.4411568641663,11409,17179,jpeg,0.05382227897644043
1778644096.0258162,571.4793765544891,11410,17188,jpeg,0.03821969032287598
1778644096.0800989,571.5336592197418,11411,17178,jpeg,0.05428266525268555
1778644096.133351,571.5869114398956,11412,17184,jpeg,0.053252220153808594
1778644096.1751347,571.6286950111389,11413,17178,jpeg,0.04178357124328613
1778644096.2279198,571.6814801692963,11414,17174,jpeg,0.05278515815734863
1778644096.277447,571.7310073375702,11415,17159,jpeg,0.04952716827392578
1778644096.3259966,571.7795569896698,11416,17173,jpeg,0.048549652099609375
1778644096.3806415,571.8342018127441,11417,17145,jpeg,0.05464482307434082
1778644096.4267848,571.8803451061249,11418,17169,jpeg,0.046143293380737305
1778644096.475253,571.928813457489,11419,17171,jpeg,0.04846835136413574
1778644096.531508,571.985068321228,11420,17158,jpeg,0.05625486373901367
1778644096.5784347,572.0319950580597,11421,17159,jpeg,0.04692673683166504
1778644096.6254485,572.0790088176727,11422,17147,jpeg,0.04701375961303711
1778644096.678825,572.1323852539062,11423,17170,jpeg,0.05337643623352051
1778644096.7311592,572.1847195625305,11424,17175,jpeg,0.05233430862426758
1778644096.7762325,572.2297928333282,11425,17176,jpeg,0.04507327079772949
1778644096.8304055,572.2839658260345,11426,17153,jpeg,0.05417299270629883
1778644096.8820608,572.3356211185455,11427,17163,jpeg,0.05165529251098633
1778644096.9263728,572.3799331188202,11428,17157,jpeg,0.0443120002746582
1778644096.9746635,572.4282238483429,11429,17144,jpeg,0.04829072952270508
1778644097.0313106,572.4848709106445,11430,17166,jpeg,0.05664706230163574
1778644097.0767384,572.5302987098694,11431,17179,jpeg,0.045427799224853516
1778644097.1254654,572.5790257453918,11432,17176,jpeg,0.04872703552246094
1778644097.1787748,572.6323351860046,11433,17187,jpeg,0.05330944061279297
1778644097.2264895,572.6800498962402,11434,17195,jpeg,0.0477147102355957
1778644097.2805905,572.7341508865356,11435,17183,jpeg,0.054100990295410156
1778644097.3275785,572.7811388969421,11436,17163,jpeg,0.04698801040649414
1778644097.3782122,572.8317725658417,11437,17147,jpeg,0.05063366889953613
1778644097.4289641,572.8825244903564,11438,17171,jpeg,0.05075192451477051
1778644097.478632,572.932192325592,11439,17171,jpeg,0.0496678352355957
1778644097.528311,572.9818713665009,11440,17198,jpeg,0.04967904090881348
1778644097.5853667,573.0389270782471,11441,17193,jpeg,0.05705571174621582
1778644097.6325612,573.0861215591431,11442,17181,jpeg,0.047194480895996094
1778644097.6773636,573.1309239864349,11443,17152,jpeg,0.04480242729187012
1778644097.7274015,573.1809618473053,11444,17176,jpeg,0.05003786087036133
1778644097.7743146,573.227874994278,11445,17178,jpeg,0.04691314697265625
1778644097.829249,573.2828092575073,11446,17157,jpeg,0.05493426322937012
1778644097.8768733,573.3304336071014,11447,17172,jpeg,0.04762434959411621
1778644097.9301004,573.3836607933044,11448,17185,jpeg,0.05322718620300293
1778644097.9764528,573.430013179779,11449,17146,jpeg,0.046352386474609375
1778644098.0270748,573.4806351661682,11450,17174,jpeg,0.050621986389160156
1778644098.08133,573.5348904132843,11451,17182,jpeg,0.05425524711608887
1778644098.1283884,573.5819487571716,11452,17168,jpeg,0.0470583438873291
1778644098.1806111,573.6341714859009,11453,17178,jpeg,0.05222272872924805
1778644098.2293048,573.6828651428223,11454,17166,jpeg,0.04869365692138672
1778644098.2759144,573.7294747829437,11455,17194,jpeg,0.04660964012145996
1778644098.3306627,573.7842230796814,11456,17150,jpeg,0.0547482967376709
1778644098.3793223,573.832882642746,11457,17171,jpeg,0.048659563064575195
1778644098.4272602,573.8808205127716,11458,17150,jpeg,0.047937870025634766
1778644098.4784863,573.9320466518402,11459,17159,jpeg,0.051226139068603516
1778644098.5296152,573.9831755161285,11460,17152,jpeg,0.05112886428833008
1778644098.577114,574.03067445755,11461,17146,jpeg,0.04749894142150879
1778644098.6321356,574.0856959819794,11462,17182,jpeg,0.05502152442932129
1778644098.6800945,574.13365483284,11463,17180,jpeg,0.0479588508605957
1778644098.7285542,574.1821146011353,11464,17192,jpeg,0.048459768295288086
1778644098.78218,574.2357404232025,11465,17144,jpeg,0.05362582206726074
1778644098.8291132,574.2826735973358,11466,17143,jpeg,0.04693317413330078
1778644098.8853204,574.338880777359,11467,17175,jpeg,0.05620718002319336
1778644098.928468,574.3820283412933,11468,17172,jpeg,0.04314756393432617
1778644098.9791346,574.4326949119568,11469,17149,jpeg,0.05066657066345215
1778644099.0274575,574.4810178279877,11470,17163,jpeg,0.04832291603088379
1778644099.0836618,574.5372221469879,11471,17176,jpeg,0.05620431900024414
1778644099.130193,574.5837533473969,11472,17159,jpeg,0.04653120040893555
1778644099.1769233,574.6304836273193,11473,17143,jpeg,0.04673027992248535
1778644099.2273083,574.6808686256409,11474,17170,jpeg,0.0503849983215332
1778644099.27858,574.7321403026581,11475,17188,jpeg,0.051271677017211914
1778644099.3271136,574.7806739807129,11476,17193,jpeg,0.04853367805480957
1778644099.3831334,574.8366937637329,11477,17195,jpeg,0.05601978302001953
1778644099.4291546,574.8827149868011,11478,17174,jpeg,0.046021223068237305
1778644099.4769354,574.9304957389832,11479,17165,jpeg,0.047780752182006836
1778644099.53,574.9835603237152,11480,17159,jpeg,0.053064584732055664
1778644099.5790343,575.0325946807861,11481,17199,jpeg,0.04903435707092285
1778644099.6272733,575.0808336734772,11482,17187,jpeg,0.04823899269104004
1778644099.6802697,575.1338300704956,11483,17173,jpeg,0.05299639701843262
1778644099.7294488,575.183009147644,11484,17162,jpeg,0.0491790771484375
1778644099.7773428,575.2309031486511,11485,17198,jpeg,0.04789400100708008
1778644099.8319619,575.2855222225189,11486,17193,jpeg,0.05461907386779785
1778644099.8789232,575.3324835300446,11487,17129,jpeg,0.046961307525634766
1778644099.9268823,575.3804426193237,11488,17151,jpeg,0.047959089279174805
1778644099.9792798,575.4328401088715,11489,17137,jpeg,0.05239748954772949
1778644100.0285873,575.482147693634,11490,17162,jpeg,0.04930758476257324
1778644100.0756364,575.5291967391968,11491,17178,jpeg,0.04704904556274414
1778644100.1314268,575.5849871635437,11492,17176,jpeg,0.05579042434692383
1778644100.1793518,575.6329121589661,11493,17178,jpeg,0.04792499542236328
1778644100.2316093,575.6851696968079,11494,17215,jpeg,0.052257537841796875
1778644100.2824652,575.7360255718231,11495,17197,jpeg,0.05085587501525879
1778644100.3409026,575.7944629192352,11496,17188,jpeg,0.058437347412109375
1778644100.378129,575.8316893577576,11497,17169,jpeg,0.03722643852233887
1778644100.4290578,575.882618188858,11498,17160,jpeg,0.05092883110046387
1778644100.4795365,575.9330968856812,11499,17182,jpeg,0.05047869682312012
1778644100.527462,575.9810223579407,11500,17161,jpeg,0.047925472259521484
1778644100.5790274,576.0325877666473,11501,17164,jpeg,0.05156540870666504
1778644100.6312523,576.0848126411438,11502,17181,jpeg,0.05222487449645996
1778644100.6803126,576.1338729858398,11503,17170,jpeg,0.04906034469604492
1778644100.7329063,576.1864666938782,11504,17154,jpeg,0.05259370803833008
1778644100.7844036,576.2379639148712,11505,17165,jpeg,0.05149722099304199
1778644100.8306205,576.2841808795929,11506,17146,jpeg,0.04621696472167969
1778644100.877568,576.3311283588409,11507,17150,jpeg,0.046947479248046875
1778644100.9339247,576.3874850273132,11508,17182,jpeg,0.05635666847229004
1778644100.9796114,576.433171749115,11509,17185,jpeg,0.04568672180175781
1778644101.0300927,576.4836530685425,11510,17168,jpeg,0.050481319427490234
1778644101.0781312,576.5316915512085,11511,17184,jpeg,0.048038482666015625
1778644101.129603,576.5831632614136,11512,17158,jpeg,0.051471710205078125
1778644101.1767344,576.6302947998047,11513,17179,jpeg,0.04713153839111328
1778644101.2283943,576.6819546222687,11514,17172,jpeg,0.05165982246398926
1778644101.2822118,576.7357721328735,11515,17175,jpeg,0.0538175106048584
1778644101.3268614,576.7804217338562,11516,17195,jpeg,0.044649600982666016
1778644101.3822048,576.8357651233673,11517,17204,jpeg,0.0553433895111084
1778644101.4292953,576.8828556537628,11518,17163,jpeg,0.04709053039550781
1778644101.4774375,576.9309978485107,11519,17136,jpeg,0.048142194747924805
1778644101.5306177,576.9841780662537,11520,17179,jpeg,0.05318021774291992
1778644101.5816777,577.0352380275726,11521,17171,jpeg,0.05105996131896973
1778644101.6307788,577.0843391418457,11522,17161,jpeg,0.04910111427307129
1778644101.6788325,577.1323928833008,11523,17150,jpeg,0.048053741455078125
1778644101.731018,577.1845784187317,11524,17195,jpeg,0.0521855354309082
1778644101.7754128,577.2289731502533,11525,17159,jpeg,0.044394731521606445
1778644101.8300676,577.283627986908,11526,17156,jpeg,0.054654836654663086
1778644101.8741853,577.3277456760406,11527,17160,jpeg,0.04411768913269043
1778644101.9289093,577.3824696540833,11528,17152,jpeg,0.05472397804260254
1778644101.979041,577.4326014518738,11529,17131,jpeg,0.050131797790527344
1778644102.0272996,577.4808599948883,11530,17171,jpeg,0.04825854301452637
1778644102.0800087,577.5335690975189,11531,17144,jpeg,0.052709102630615234
1778644102.1295729,577.5831332206726,11532,17153,jpeg,0.04956412315368652
1778644102.1780362,577.6315965652466,11533,17140,jpeg,0.04846334457397461
1778644102.234082,577.6876423358917,11534,17154,jpeg,0.0560457706451416
1778644102.2821097,577.7356700897217,11535,17171,jpeg,0.048027753829956055
1778644102.3286116,577.7821719646454,11536,17189,jpeg,0.046501874923706055
1778644102.3845294,577.8380897045135,11537,17149,jpeg,0.05591773986816406
1778644102.431335,577.884895324707,11538,17138,jpeg,0.046805620193481445
1778644102.483335,577.9368953704834,11539,17149,jpeg,0.05200004577636719
1778644102.530422,577.9839823246002,11540,17142,jpeg,0.04708695411682129
1778644102.588588,578.0421483516693,11541,17122,jpeg,0.0581660270690918
1778644102.627073,578.0806334018707,11542,17143,jpeg,0.038485050201416016
1778644102.6765811,578.1301414966583,11543,17161,jpeg,0.049508094787597656
1778644102.727833,578.1813933849335,11544,17143,jpeg,0.051251888275146484
1778644102.7752087,578.2287690639496,11545,17152,jpeg,0.04737567901611328
1778644102.8269837,578.2805440425873,11546,17160,jpeg,0.05177497863769531
1778644102.879308,578.3328683376312,11547,17141,jpeg,0.05232429504394531
1778644102.9272842,578.3808445930481,11548,17142,jpeg,0.04797625541687012
1778644102.9815586,578.4351189136505,11549,17177,jpeg,0.05427432060241699
1778644103.0292842,578.4828445911407,11550,17182,jpeg,0.047725677490234375
1778644103.0817235,578.5352838039398,11551,17172,jpeg,0.052439212799072266
1778644103.1320522,578.5856125354767,11552,17171,jpeg,0.050328731536865234
1778644103.1797996,578.6333599090576,11553,17146,jpeg,0.04774737358093262
1778644103.2274454,578.6810057163239,11554,17186,jpeg,0.04764580726623535
1778644103.2773807,578.7309410572052,11555,17151,jpeg,0.049935340881347656
1778644103.328204,578.7817642688751,11556,17157,jpeg,0.050823211669921875
1778644103.3818843,578.835444688797,11557,17167,jpeg,0.053680419921875
1778644103.4270504,578.880610704422,11558,17158,jpeg,0.045166015625
1778644103.4774919,578.9310522079468,11559,17165,jpeg,0.05044150352478027
1778644103.5299492,578.9835095405579,11560,17155,jpeg,0.052457332611083984
1778644103.5761278,579.0296881198883,11561,17173,jpeg,0.046178579330444336
1778644103.6296248,579.0831851959229,11562,17173,jpeg,0.0534970760345459
1778644103.6797268,579.133287191391,11563,17160,jpeg,0.05010199546813965
1778644103.7278528,579.1814131736755,11564,17160,jpeg,0.0481259822845459
1778644103.7819395,579.2354998588562,11565,17166,jpeg,0.05408668518066406
1778644103.8297772,579.2833375930786,11566,17165,jpeg,0.04783773422241211
1778644103.8757975,579.3293578624725,11567,17140,jpeg,0.0460202693939209
1778644103.938237,579.3917973041534,11568,17142,jpeg,0.0624394416809082
1778644103.9814818,579.435042142868,11569,17138,jpeg,0.04324483871459961
1778644104.0289228,579.4824831485748,11570,17144,jpeg,0.04744100570678711
1778644104.082474,579.5360343456268,11571,17146,jpeg,0.05355119705200195
1778644104.1260374,579.5795977115631,11572,17179,jpeg,0.0435633659362793
1778644104.1776657,579.6312260627747,11573,17162,jpeg,0.05162835121154785
1778644104.230911,579.6844713687897,11574,17163,jpeg,0.05324530601501465
1778644104.273832,579.7273924350739,11575,17183,jpeg,0.04292106628417969
1778644104.3281765,579.7817368507385,11576,17169,jpeg,0.05434441566467285
1778644104.3832119,579.8367722034454,11577,17189,jpeg,0.05503535270690918
1778644104.4302213,579.883781671524,11578,17151,jpeg,0.04700946807861328
1778644104.4772682,579.9308285713196,11579,17149,jpeg,0.04704689979553223
1778644104.532674,579.9862344264984,11580,17148,jpeg,0.05540585517883301
1778644104.5773098,580.0308701992035,11581,17171,jpeg,0.044635772705078125
1778644104.627384,580.0809442996979,11582,17171,jpeg,0.050074100494384766
1778644104.6773238,580.1308841705322,11583,17180,jpeg,0.049939870834350586
1778644104.726407,580.1799674034119,11584,17169,jpeg,0.04908323287963867
1778644104.7785313,580.232091665268,11585,17161,jpeg,0.0521242618560791
1778644104.8280206,580.2815809249878,11586,17142,jpeg,0.04948925971984863
1778644104.881329,580.3348894119263,11587,17156,jpeg,0.05330848693847656
1778644104.9257631,580.3793234825134,11588,17128,jpeg,0.0444340705871582
1778644104.9780016,580.4315619468689,11589,17143,jpeg,0.05223846435546875
1778644105.0303836,580.483943939209,11590,17166,jpeg,0.05238199234008789
1778644105.0750897,580.5286500453949,11591,17154,jpeg,0.044706106185913086
1778644105.1275349,580.5810952186584,11592,17165,jpeg,0.052445173263549805
1778644105.1743827,580.6279430389404,11593,17152,jpeg,0.04684782028198242
1778644105.2246354,580.6781957149506,11594,17168,jpeg,0.050252676010131836
1778644105.2768648,580.7304251194,11595,17169,jpeg,0.05222940444946289
1778644105.3230548,580.7766151428223,11596,17158,jpeg,0.04619002342224121
1778644105.3738773,580.8274376392365,11597,17175,jpeg,0.05082249641418457
1778644105.4255843,580.8791446685791,11598,17174,jpeg,0.05170702934265137
1778644105.473107,580.9266674518585,11599,17152,jpeg,0.047522783279418945
1778644105.5231962,580.9767565727234,11600,17131,jpeg,0.050089120864868164
1778644105.574523,581.0280833244324,11601,17155,jpeg,0.051326751708984375
1778644105.6239903,581.077550649643,11602,17120,jpeg,0.04946732521057129
1778644105.6734786,581.1270389556885,11603,17163,jpeg,0.04948830604553223
1778644105.72554,581.1791002750397,11604,17166,jpeg,0.05206131935119629
1778644105.7752917,581.2288520336151,11605,17158,jpeg,0.04975175857543945
1778644105.8231792,581.2767395973206,11606,17151,jpeg,0.047887563705444336
1778644105.8750978,581.3286581039429,11607,17186,jpeg,0.05191850662231445
1778644105.923512,581.3770723342896,11608,17164,jpeg,0.04841423034667969
1778644105.973431,581.4269914627075,11609,17154,jpeg,0.04991912841796875
1778644106.025303,581.4788632392883,11610,17142,jpeg,0.05187177658081055
1778644106.073348,581.5269083976746,11611,17167,jpeg,0.04804515838623047
1778644106.124187,581.5777473449707,11612,17189,jpeg,0.05083894729614258
1778644106.1764226,581.6299829483032,11613,17151,jpeg,0.05223560333251953
1778644106.2260442,581.6796045303345,11614,17163,jpeg,0.04962158203125
1778644106.2724314,581.7259917259216,11615,17154,jpeg,0.0463871955871582
1778644106.3285427,581.782103061676,11616,17143,jpeg,0.05611133575439453
1778644106.3763654,581.829925775528,11617,17171,jpeg,0.04782271385192871
1778644106.423243,581.8768033981323,11618,17165,jpeg,0.04687762260437012
1778644106.4782093,581.9317696094513,11619,17194,jpeg,0.05496621131896973
1778644106.5250974,581.9786577224731,11620,17156,jpeg,0.046888113021850586
1778644106.578072,582.0316324234009,11621,17126,jpeg,0.052974700927734375
1778644106.628449,582.0820093154907,11622,17175,jpeg,0.05037689208984375
1778644106.677849,582.131409406662,11623,17165,jpeg,0.04940009117126465
1778644106.72906,582.1826202869415,11624,17155,jpeg,0.051210880279541016
1778644106.7828536,582.2364139556885,11625,17149,jpeg,0.05379366874694824
1778644106.8292835,582.2828438282013,11626,17166,jpeg,0.04642987251281738
1778644106.8790624,582.3326227664948,11627,17167,jpeg,0.04977893829345703
1778644106.9326441,582.3862044811249,11628,17159,jpeg,0.05358171463012695
1778644106.9746442,582.428204536438,11629,17134,jpeg,0.04200005531311035
1778644107.023481,582.4770412445068,11630,17197,jpeg,0.048836708068847656
1778644107.073666,582.5272264480591,11631,17169,jpeg,0.050185203552246094
1778644107.1227722,582.5763325691223,11632,17163,jpeg,0.04910612106323242
1778644107.1731322,582.626692533493,11633,17170,jpeg,0.05035996437072754
1778644107.2239783,582.6775386333466,11634,17166,jpeg,0.050846099853515625
1778644107.2727914,582.7263517379761,11635,17138,jpeg,0.0488131046295166
1778644107.3228393,582.7763996124268,11636,17138,jpeg,0.050047874450683594
1778644107.3734467,582.8270070552826,11637,17137,jpeg,0.05060744285583496
1778644107.423455,582.8770153522491,11638,17162,jpeg,0.050008296966552734
1778644107.475478,582.9290382862091,11639,17149,jpeg,0.05202293395996094
1778644107.5263925,582.9799528121948,11640,17161,jpeg,0.05091452598571777
1778644107.572031,583.0255913734436,11641,17177,jpeg,0.0456385612487793
1778644107.6241145,583.0776748657227,11642,17165,jpeg,0.052083492279052734
1778644107.6769495,583.130509853363,11643,17145,jpeg,0.05283498764038086
1778644107.7228086,583.1763689517975,11644,17148,jpeg,0.04585909843444824
1778644107.7740917,583.2276520729065,11645,17170,jpeg,0.05128312110900879
1778644107.8264983,583.2800586223602,11646,17157,jpeg,0.05240654945373535
1778644107.873396,583.3269562721252,11647,17183,jpeg,0.04689764976501465
1778644107.9232213,583.3767817020416,11648,17180,jpeg,0.049825429916381836
1778644107.9748912,583.4284515380859,11649,17172,jpeg,0.05166983604431152
1778644108.0225577,583.4761180877686,11650,17152,jpeg,0.04766654968261719
1778644108.0722904,583.5258507728577,11651,17156,jpeg,0.04973268508911133
1778644108.1235218,583.577082157135,11652,17137,jpeg,0.05123138427734375
1778644108.171883,583.6254434585571,11653,17140,jpeg,0.04836130142211914
1778644108.221951,583.6755113601685,11654,17131,jpeg,0.050067901611328125
1778644108.2733438,583.7269041538239,11655,17174,jpeg,0.05139279365539551
1778644108.3222752,583.7758355140686,11656,17180,jpeg,0.04893136024475098
1778644108.3775284,583.8310887813568,11657,17205,jpeg,0.05525326728820801
1778644108.4234471,583.877007484436,11658,17171,jpeg,0.04591870307922363
1778644108.4719849,583.9255452156067,11659,17136,jpeg,0.0485377311706543
1778644108.5276043,583.9811646938324,11660,17203,jpeg,0.05561947822570801
1778644108.5744262,584.0279865264893,11661,17182,jpeg,0.04682183265686035
1778644108.6274533,584.0810136795044,11662,17215,jpeg,0.05302715301513672
1778644108.6766982,584.1302585601807,11663,17178,jpeg,0.04924488067626953
1778644108.7280738,584.1816341876984,11664,17184,jpeg,0.051375627517700195
1778644108.7745435,584.2281038761139,11665,17174,jpeg,0.046469688415527344
1778644108.8275561,584.2811164855957,11666,17153,jpeg,0.05301260948181152
1778644108.87739,584.3309502601624,11667,17186,jpeg,0.04983377456665039
1778644108.9241183,584.3776786327362,11668,17142,jpeg,0.04672837257385254
1778644108.974951,584.4285113811493,11669,17112,jpeg,0.05083274841308594
1778644109.0261927,584.4797530174255,11670,17175,jpeg,0.05124163627624512
1778644109.07391,584.5274703502655,11671,17153,jpeg,0.04771733283996582
1778644109.123081,584.5766413211823,11672,17152,jpeg,0.04917097091674805
1778644109.1754265,584.6289868354797,11673,17147,jpeg,0.05234551429748535
1778644109.2246304,584.6781907081604,11674,17176,jpeg,0.04920387268066406
1778644109.2724376,584.7259979248047,11675,17173,jpeg,0.04780721664428711
1778644109.324169,584.7777292728424,11676,17164,jpeg,0.05173134803771973
1778644109.374181,584.8277413845062,11677,17172,jpeg,0.05001211166381836
1778644109.4229317,584.876492023468,11678,17175,jpeg,0.04875063896179199
1778644109.47431,584.9278702735901,11679,17192,jpeg,0.05137825012207031
1778644109.5246773,584.9782376289368,11680,17151,jpeg,0.05036735534667969
1778644109.5804305,585.0339908599854,11681,17152,jpeg,0.055753231048583984
1778644109.6235812,585.0771415233612,11682,17127,jpeg,0.04315066337585449
1778644109.6749442,585.1285045146942,11683,17145,jpeg,0.05136299133300781
1778644109.7288115,585.1823718547821,11684,17136,jpeg,0.053867340087890625
1778644109.7729638,585.2265241146088,11685,17155,jpeg,0.044152259826660156
1778644109.8227594,585.2763197422028,11686,17178,jpeg,0.04979562759399414
1778644109.8746753,585.3282356262207,11687,17146,jpeg,0.051915884017944336
1778644109.923369,585.3769292831421,11688,17183,jpeg,0.04869365692138672
1778644109.9726582,585.4262185096741,11689,17181,jpeg,0.04928922653198242
1778644110.0231526,585.4767129421234,11690,17174,jpeg,0.05049443244934082
1778644110.0742376,585.5277979373932,11691,17164,jpeg,0.05108499526977539
1778644110.122447,585.5760073661804,11692,17107,jpeg,0.048209428787231445
1778644110.1741686,585.6277289390564,11693,17154,jpeg,0.05172157287597656
1778644110.2263477,585.6799080371857,11694,17161,jpeg,0.05217909812927246
1778644110.2726111,585.7261714935303,11695,17134,jpeg,0.04626345634460449
1778644110.3218675,585.7754278182983,11696,17144,jpeg,0.049256324768066406
1778644110.3748565,585.8284168243408,11697,17136,jpeg,0.05298900604248047
1778644110.4251308,585.8786911964417,11698,17162,jpeg,0.05027437210083008
1778644110.4777017,585.9312620162964,11699,17134,jpeg,0.05257081985473633
1778644110.5265083,585.9800686836243,11700,17160,jpeg,0.04880666732788086
1778644110.573744,586.0273044109344,11701,17157,jpeg,0.047235727310180664
1778644110.622629,586.0761892795563,11702,17135,jpeg,0.04888486862182617
1778644110.6773238,586.1308841705322,11703,17157,jpeg,0.05469489097595215
1778644110.7301154,586.1836757659912,11704,17134,jpeg,0.052791595458984375
1778644110.7769063,586.2304666042328,11705,17176,jpeg,0.04679083824157715
1778644110.8259954,586.2795557975769,11706,17158,jpeg,0.04908919334411621
1778644110.8768601,586.3304204940796,11707,17177,jpeg,0.05086469650268555
1778644110.9242988,586.3778591156006,11708,17176,jpeg,0.047438621520996094
1778644110.9802663,586.4338266849518,11709,17157,jpeg,0.05596756935119629
1778644111.0252478,586.4788081645966,11710,17182,jpeg,0.04498147964477539
1778644111.072034,586.5255942344666,11711,17180,jpeg,0.04678606986999512
1778644111.1241918,586.5777521133423,11712,17195,jpeg,0.05215787887573242
1778644111.1732488,586.6268091201782,11713,17207,jpeg,0.0490570068359375
1778644111.2214348,586.6749951839447,11714,17205,jpeg,0.04818606376647949
1778644111.2746122,586.7281725406647,11715,17210,jpeg,0.0531773567199707
1778644111.3233051,586.7768654823303,11716,17187,jpeg,0.048692941665649414
1778644111.3719516,586.825511932373,11717,17173,jpeg,0.04864645004272461
1778644111.4259102,586.8794705867767,11718,17193,jpeg,0.05395865440368652
1778644111.4731731,586.9267334938049,11719,17191,jpeg,0.04726290702819824
1778644111.521231,586.9747912883759,11720,17176,jpeg,0.04805779457092285
1778644111.575448,587.0290083885193,11721,17182,jpeg,0.05421710014343262
1778644111.6215584,587.0751187801361,11722,17169,jpeg,0.04611039161682129
1778644111.6704993,587.124059677124,11723,17175,jpeg,0.04894089698791504
1778644111.7238424,587.1774027347565,11724,17169,jpeg,0.05334305763244629
1778644111.7731187,587.2266790866852,11725,17137,jpeg,0.04927635192871094
1778644111.8220208,587.2755811214447,11726,17146,jpeg,0.048902034759521484
1778644111.874425,587.3279852867126,11727,17168,jpeg,0.052404165267944336
1778644111.9211648,587.3747251033783,11728,17169,jpeg,0.046739816665649414
1778644111.9705424,587.4241027832031,11729,17158,jpeg,0.0493776798248291
1778644112.0240252,587.4775855541229,11730,17165,jpeg,0.053482770919799805
1778644112.0737762,587.5273365974426,11731,17136,jpeg,0.04975104331970215
1778644112.1245372,587.5780975818634,11732,17154,jpeg,0.05076098442077637
1778644112.1747727,587.6283330917358,11733,17150,jpeg,0.05023550987243652
1778644112.223565,587.677125453949,11734,17162,jpeg,0.048792362213134766
1778644112.2721784,587.7257387638092,11735,17148,jpeg,0.04861330986022949
1778644112.3253236,587.778883934021,11736,17181,jpeg,0.05314517021179199
1778644112.3738966,587.8274569511414,11737,17144,jpeg,0.04857301712036133
1778644112.4241042,587.87766456604,11738,17178,jpeg,0.05020761489868164
1778644112.4792883,587.9328486919403,11739,17191,jpeg,0.055184125900268555
1778644112.5217035,587.9752638339996,11740,17180,jpeg,0.04241514205932617
1778644112.5779376,588.0314979553223,11741,17168,jpeg,0.056234121322631836
1778644112.6300845,588.0836448669434,11742,17184,jpeg,0.05214691162109375
1778644112.6705334,588.1240937709808,11743,17196,jpeg,0.040448904037475586
1778644112.7233942,588.1769545078278,11744,17172,jpeg,0.05286073684692383
1778644112.77926,588.2328202724457,11745,17162,jpeg,0.05586576461791992
1778644112.8234744,588.2770347595215,11746,17162,jpeg,0.044214487075805664
1778644112.8733149,588.3268752098083,11747,17157,jpeg,0.049840450286865234
1778644112.9300103,588.3835706710815,11748,17144,jpeg,0.05669546127319336
1778644112.972562,588.4261224269867,11749,17134,jpeg,0.04255175590515137
1778644113.021962,588.4755222797394,11750,17179,jpeg,0.04939985275268555
1778644113.0782084,588.5317687988281,11751,17175,jpeg,0.05624651908874512
1778644113.1220677,588.5756280422211,11752,17167,jpeg,0.043859243392944336
1778644113.1720486,588.625608921051,11753,17168,jpeg,0.049980878829956055
1778644113.2244291,588.6779894828796,11754,17156,jpeg,0.05238056182861328
1778644113.2721102,588.7256705760956,11755,17132,jpeg,0.04768109321594238
1778644113.32228,588.7758402824402,11756,17171,jpeg,0.05016970634460449
1778644113.3736703,588.8272306919098,11757,17167,jpeg,0.05139040946960449
1778644113.4208722,588.8744325637817,11758,17167,jpeg,0.04720187187194824
1778644113.4712253,588.9247856140137,11759,17160,jpeg,0.050353050231933594
1778644113.528534,588.9820942878723,11760,17172,jpeg,0.05730867385864258
1778644113.5700397,589.023600101471,11761,17153,jpeg,0.04150581359863281
1778644113.6200116,589.0735719203949,11762,17177,jpeg,0.049971818923950195
1778644113.676108,589.1296682357788,11763,17208,jpeg,0.05609631538391113
1778644113.721248,589.1748082637787,11764,17171,jpeg,0.04514002799987793
1778644113.771406,589.2249662876129,11765,17188,jpeg,0.050158023834228516
1778644113.8261008,589.2796611785889,11766,17171,jpeg,0.05469489097595215
1778644113.8715475,589.3251078128815,11767,17179,jpeg,0.04544663429260254
1778644113.9208472,589.3744075298309,11768,17150,jpeg,0.04929971694946289
1778644113.9748054,589.4283657073975,11769,17160,jpeg,0.05395817756652832
1778644114.022736,589.4762964248657,11770,17171,jpeg,0.04793071746826172
1778644114.0719762,589.5255365371704,11771,17174,jpeg,0.0492401123046875
1778644114.1264935,589.5800538063049,11772,17171,jpeg,0.054517269134521484
1778644114.1741836,589.6277439594269,11773,17171,jpeg,0.04769015312194824
1778644114.2215855,589.6751458644867,11774,17182,jpeg,0.04740190505981445
1778644114.2760372,589.729597568512,11775,17210,jpeg,0.054451704025268555
1778644114.324557,589.7781174182892,11776,17188,jpeg,0.04851984977722168
1778644114.372032,589.8255922794342,11777,17183,jpeg,0.04747486114501953
1778644114.4255276,589.8790879249573,11778,17182,jpeg,0.05349564552307129
1778644114.4745615,589.928121805191,11779,17179,jpeg,0.04903388023376465
1778644114.5219152,589.9754755496979,11780,17177,jpeg,0.04735374450683594
1778644114.5751626,590.0287230014801,11781,17185,jpeg,0.05324745178222656
1778644114.6257179,590.0792782306671,11782,17192,jpeg,0.05055522918701172
1778644114.670964,590.1245243549347,11783,17168,jpeg,0.045246124267578125
1778644114.7239888,590.177549123764,11784,17145,jpeg,0.0530247688293457
1778644114.7737072,590.2272675037384,11785,17190,jpeg,0.049718379974365234
1778644114.8210607,590.2746210098267,11786,17196,jpeg,0.047353506088256836
1778644114.8750646,590.3286249637604,11787,17146,jpeg,0.05400395393371582
1778644114.9215343,590.3750946521759,11788,17214,jpeg,0.046469688415527344
1778644114.9720669,590.4256272315979,11789,17159,jpeg,0.05053257942199707
1778644115.0223339,590.4758942127228,11790,17170,jpeg,0.05026698112487793
1778644115.0750687,590.5286290645599,11791,17170,jpeg,0.0527348518371582
1778644115.1206648,590.5742251873016,11792,17174,jpeg,0.04559612274169922
1778644115.1715007,590.6250610351562,11793,17164,jpeg,0.05083584785461426
1778644115.2242424,590.6778028011322,11794,17136,jpeg,0.05274176597595215
1778644115.2698634,590.7234237194061,11795,17142,jpeg,0.04562091827392578
1778644115.3223274,590.7758877277374,11796,17122,jpeg,0.05246400833129883
1778644115.3720634,590.8256237506866,11797,17131,jpeg,0.04973602294921875
1778644115.4191148,590.8726751804352,11798,17157,jpeg,0.047051429748535156
1778644115.4720516,590.9256119728088,11799,17128,jpeg,0.05293679237365723
1778644115.5235329,590.9770932197571,11800,17142,jpeg,0.05148124694824219
1778644115.5695176,591.0230779647827,11801,17157,jpeg,0.045984745025634766
1778644115.6226995,591.0762598514557,11802,17158,jpeg,0.05318188667297363
1778644115.6722531,591.1258134841919,11803,17164,jpeg,0.049553632736206055
1778644115.7197843,591.1733446121216,11804,17187,jpeg,0.0475311279296875
1778644115.7716186,591.2251789569855,11805,17178,jpeg,0.0518343448638916
1778644115.8224616,591.2760219573975,11806,17156,jpeg,0.050843000411987305
1778644115.86939,591.3229503631592,11807,17165,jpeg,0.04692840576171875
1778644115.9223452,591.3759055137634,11808,17165,jpeg,0.05295515060424805
1778644115.9726555,591.4262158870697,11809,17180,jpeg,0.050310373306274414
1778644116.0237436,591.477303981781,11810,17169,jpeg,0.05108809471130371
1778644116.0725935,591.5261538028717,11811,17162,jpeg,0.04884982109069824
1778644116.122568,591.5761282444,11812,17167,jpeg,0.04997444152832031
1778644116.1718285,591.6253888607025,11813,17173,jpeg,0.049260616302490234
1778644116.2251587,591.6787190437317,11814,17201,jpeg,0.053330183029174805
1778644116.2704318,591.7239921092987,11815,17168,jpeg,0.0452730655670166
1778644116.3216653,591.7752256393433,11816,17169,jpeg,0.051233530044555664
1778644116.3753114,591.8288717269897,11817,17174,jpeg,0.053646087646484375
1778644116.421555,591.8751153945923,11818,17167,jpeg,0.04624366760253906
1778644116.4735014,591.9270617961884,11819,17138,jpeg,0.051946401596069336
1778644116.5252583,591.978818655014,11820,17184,jpeg,0.051756858825683594
1778644116.574702,592.0282623767853,11821,17161,jpeg,0.049443721771240234
1778644116.6235547,592.0771150588989,11822,17184,jpeg,0.04885268211364746
1778644116.674993,592.1285533905029,11823,17181,jpeg,0.051438331604003906
1778644116.7243757,592.1779360771179,11824,17160,jpeg,0.049382686614990234
1778644116.773948,592.2275083065033,11825,17179,jpeg,0.04957222938537598
1778644116.8279448,592.2815051078796,11826,17177,jpeg,0.05399680137634277
1778644116.8764465,592.3300068378448,11827,17175,jpeg,0.04850172996520996
1778644116.922872,592.3764324188232,11828,17148,jpeg,0.046425580978393555
1778644116.974841,592.4284014701843,11829,17137,jpeg,0.051969051361083984
1778644117.0253015,592.4788618087769,11830,17114,jpeg,0.0504603385925293
1778644117.0710988,592.5246591567993,11831,17168,jpeg,0.04579734802246094
1778644117.1276913,592.5812516212463,11832,17154,jpeg,0.056592464447021484
1778644117.175118,592.6286783218384,11833,17166,jpeg,0.047426700592041016
1778644117.2203166,592.6738770008087,11834,17138,jpeg,0.045198678970336914
1778644117.2762437,592.7298040390015,11835,17155,jpeg,0.05592703819274902
1778644117.3186424,592.7722027301788,11836,17140,jpeg,0.042398691177368164
1778644117.3719275,592.8254878520966,11837,17149,jpeg,0.05328512191772461
1778644117.424118,592.8776783943176,11838,17146,jpeg,0.052190542221069336
1778644117.470163,592.9237234592438,11839,17159,jpeg,0.04604506492614746
1778644117.5212076,592.9747679233551,11840,17133,jpeg,0.051044464111328125
1778644117.5771055,593.0306658744812,11841,17183,jpeg,0.05589795112609863
1778644117.6216304,593.075190782547,11842,17180,jpeg,0.0445249080657959
1778644117.6695268,593.1230871677399,11843,17146,jpeg,0.047896385192871094
1778644117.723454,593.1770143508911,11844,17142,jpeg,0.05392718315124512
1778644117.7705529,593.2241132259369,11845,17150,jpeg,0.04709887504577637
1778644117.8203616,593.2739219665527,11846,17138,jpeg,0.04980874061584473
1778644117.8738785,593.3274388313293,11847,17167,jpeg,0.05351686477661133
1778644117.9224741,593.3760344982147,11848,17168,jpeg,0.04859566688537598
1778644117.9707818,593.4243421554565,11849,17168,jpeg,0.04830765724182129
1778644118.0229728,593.4765331745148,11850,17166,jpeg,0.05219101905822754
1778644118.07254,593.52610039711,11851,17174,jpeg,0.049567222595214844
1778644118.1206877,593.5742480754852,11852,17155,jpeg,0.04814767837524414
1778644118.1738172,593.6273775100708,11853,17166,jpeg,0.05312943458557129
1778644118.2214072,593.6749675273895,11854,17182,jpeg,0.047590017318725586
1778644118.2696764,593.7232367992401,11855,17147,jpeg,0.04826927185058594
1778644118.3235998,593.7771601676941,11856,17148,jpeg,0.05392336845397949
1778644118.3729594,593.8265197277069,11857,17149,jpeg,0.04935956001281738
1778644118.4222882,593.875848531723,11858,17179,jpeg,0.04932880401611328
1778644118.4717746,593.9253349304199,11859,17163,jpeg,0.049486398696899414
1778644118.519938,593.9734983444214,11860,17161,jpeg,0.048163414001464844
1778644118.571245,594.0248053073883,11861,17183,jpeg,0.051306962966918945
1778644118.6252496,594.0788099765778,11862,17150,jpeg,0.054004669189453125
1778644118.6735015,594.1270618438721,11863,17163,jpeg,0.04825186729431152
1778644118.720861,594.1744213104248,11864,17169,jpeg,0.047359466552734375
1778644118.773178,594.2267384529114,11865,17168,jpeg,0.052317142486572266
1778644118.8218868,594.2754471302032,11866,17168,jpeg,0.04870867729187012
1778644118.871165,594.3247253894806,11867,17175,jpeg,0.04927825927734375
1778644118.9242606,594.3778209686279,11868,17180,jpeg,0.05309557914733887
1778644118.972642,594.4262022972107,11869,17163,jpeg,0.04838132858276367
1778644119.020633,594.4741933345795,11870,17179,jpeg,0.047991037368774414
1778644119.0726,594.5261602401733,11871,17192,jpeg,0.05196690559387207
1778644119.1190753,594.5726356506348,11872,17180,jpeg,0.04647541046142578
1778644119.1717956,594.6253559589386,11873,17174,jpeg,0.05272030830383301
1778644119.221896,594.6754562854767,11874,17162,jpeg,0.05010032653808594
1778644119.2747386,594.7282989025116,11875,17137,jpeg,0.05284261703491211
1778644119.3210702,594.7746305465698,11876,17142,jpeg,0.04633164405822754
1778644119.3712957,594.8248560428619,11877,17164,jpeg,0.05022549629211426
1778644119.4219973,594.8755576610565,11878,17158,jpeg,0.05070161819458008
1778644119.4706128,594.924173116684,11879,17150,jpeg,0.048615455627441406
1778644119.5217223,594.9752826690674,11880,17160,jpeg,0.05110955238342285
1778644119.5746667,595.0282270908356,11881,17158,jpeg,0.05294442176818848
1778644119.6274772,595.0810375213623,11882,17175,jpeg,0.0528104305267334
1778644119.6738772,595.1274375915527,11883,17160,jpeg,0.04640007019042969
1778644119.7294023,595.1829626560211,11884,17146,jpeg,0.05552506446838379
1778644119.7729409,595.2265012264252,11885,17146,jpeg,0.043538570404052734
1778644119.824126,595.2776863574982,11886,17149,jpeg,0.05118513107299805
1778644119.8768828,595.3304431438446,11887,17142,jpeg,0.05275678634643555
1778644119.9223168,595.3758771419525,11888,17164,jpeg,0.045433998107910156
1778644119.9744165,595.427976846695,11889,17145,jpeg,0.05209970474243164
1778644120.0270827,595.4806430339813,11890,17161,jpeg,0.05266618728637695
1778644120.0719926,595.5255529880524,11891,17151,jpeg,0.04490995407104492
1778644120.1218293,595.575389623642,11892,17132,jpeg,0.04983663558959961
1778644120.1730964,595.6266567707062,11893,17161,jpeg,0.051267147064208984
1778644120.2197497,595.6733100414276,11894,17137,jpeg,0.04665327072143555
1778644120.2712193,595.7247796058655,11895,17169,jpeg,0.05146956443786621
1778644120.3252234,595.7787837982178,11896,17152,jpeg,0.05400419235229492
1778644120.36985,595.8234102725983,11897,17144,jpeg,0.044626474380493164
1778644120.422272,595.8758323192596,11898,17186,jpeg,0.05242204666137695
1778644120.4736953,595.9272556304932,11899,17174,jpeg,0.05142331123352051
1778644120.521112,595.9746723175049,11900,17176,jpeg,0.04741668701171875
1778644120.5748224,596.0283827781677,11901,17168,jpeg,0.0537104606628418
1778644120.622849,596.0764093399048,11902,17148,jpeg,0.04802656173706055
1778644120.6709733,596.1245336532593,11903,17148,jpeg,0.04812431335449219
1778644120.7350178,596.1885781288147,11904,17162,jpeg,0.06404447555541992
1778644120.7755468,596.2291071414948,11905,17195,jpeg,0.04052901268005371
1778644120.8200293,596.2735896110535,11906,17194,jpeg,0.04448246955871582
1778644120.8741255,596.3276858329773,11907,17175,jpeg,0.054096221923828125
1778644120.9226496,596.3762099742889,11908,17156,jpeg,0.04852414131164551
1778644120.9711351,596.4246954917908,11909,17153,jpeg,0.048485517501831055
1778644121.0251667,596.4787271022797,11910,17151,jpeg,0.0540316104888916
1778644121.0736752,596.5272355079651,11911,17146,jpeg,0.048508405685424805
1778644121.1204197,596.5739800930023,11912,17164,jpeg,0.046744585037231445
1778644121.1766176,596.6301779747009,11913,17156,jpeg,0.0561978816986084
1778644121.2250407,596.678601026535,11914,17161,jpeg,0.048423051834106445
1778644121.272307,596.7258672714233,11915,17163,jpeg,0.047266244888305664
1778644121.3274066,596.7809669971466,11916,17151,jpeg,0.0550997257232666
1778644121.3730826,596.8266429901123,11917,17176,jpeg,0.04567599296569824
1778644121.4246695,596.8782298564911,11918,17125,jpeg,0.05158686637878418
1778644121.4743133,596.9278736114502,11919,17154,jpeg,0.049643754959106445
1778644121.5308638,596.9844241142273,11920,17176,jpeg,0.05655050277709961
1778644121.5776842,597.0312445163727,11921,17145,jpeg,0.04682040214538574
1778644121.6250334,597.0785937309265,11922,17142,jpeg,0.04734921455383301
1778644121.6720777,597.1256380081177,11923,17161,jpeg,0.04704427719116211
1778644121.7223656,597.1759259700775,11924,17193,jpeg,0.05028796195983887
1778644121.7766542,597.2302145957947,11925,17175,jpeg,0.054288625717163086
1778644121.8228116,597.2763719558716,11926,17185,jpeg,0.0461573600769043
1778644121.8716881,597.3252484798431,11927,17186,jpeg,0.04887652397155762
1778644121.924814,597.37837433815,11928,17202,jpeg,0.053125858306884766
1778644121.9722579,597.4258182048798,11929,17176,jpeg,0.04744386672973633
1778644122.022768,597.4763283729553,11930,17173,jpeg,0.05051016807556152
1778644122.0737977,597.5273580551147,11931,17175,jpeg,0.05102968215942383
1778644122.1228426,597.5764029026031,11932,17163,jpeg,0.04904484748840332
1778644122.1727493,597.626309633255,11933,17187,jpeg,0.04990673065185547
1778644122.223433,597.6769933700562,11934,17188,jpeg,0.05068373680114746
1778644122.2734823,597.7270426750183,11935,17162,jpeg,0.0500493049621582
1778644122.3219845,597.7755448818207,11936,17167,jpeg,0.048502206802368164
1778644122.3728716,597.8264319896698,11937,17183,jpeg,0.050887107849121094
1778644122.4210367,597.8745970726013,11938,17178,jpeg,0.048165082931518555
1778644122.470184,597.9237444400787,11939,17177,jpeg,0.04914736747741699
1778644122.5231512,597.9767115116119,11940,17168,jpeg,0.052967071533203125
1778644122.5715158,598.0250761508942,11941,17188,jpeg,0.04836463928222656
1778644122.6201534,598.0737137794495,11942,17198,jpeg,0.04863762855529785
1778644122.671739,598.1252994537354,11943,17161,jpeg,0.05158567428588867
1778644122.7267632,598.180323600769,11944,17193,jpeg,0.055024147033691406
1778644122.7703385,598.2238988876343,11945,17163,jpeg,0.043575286865234375
1778644122.8215814,598.2751417160034,11946,17182,jpeg,0.051242828369140625
1778644122.874431,598.3279912471771,11947,17170,jpeg,0.052849531173706055
1778644122.9198904,598.373450756073,11948,17177,jpeg,0.04545950889587402
1778644122.9723842,598.4259445667267,11949,17179,jpeg,0.05249381065368652
1778644123.0249856,598.4785459041595,11950,17148,jpeg,0.05260133743286133
1778644123.0700045,598.5235648155212,11951,17186,jpeg,0.045018911361694336
1778644123.124153,598.5777132511139,11952,17160,jpeg,0.05414843559265137
1778644123.1721506,598.6257109642029,11953,17174,jpeg,0.04799771308898926
1778644123.2194052,598.6729655265808,11954,17178,jpeg,0.04725456237792969
1778644123.275424,598.7289843559265,11955,17165,jpeg,0.056018829345703125
1778644123.3206122,598.7741725444794,11956,17177,jpeg,0.045188188552856445
1778644123.3726938,598.8262541294098,11957,17182,jpeg,0.05208158493041992
1778644123.4242814,598.8778417110443,11958,17159,jpeg,0.051587581634521484
1778644123.4755259,598.9290862083435,11959,17128,jpeg,0.051244497299194336
1778644123.5215936,598.9751539230347,11960,17153,jpeg,0.04606771469116211
1778644123.5765977,599.0301580429077,11961,17173,jpeg,0.055004119873046875
1778644123.6238713,599.077431678772,11962,17153,jpeg,0.04727363586425781
1778644123.6731622,599.126722574234,11963,17163,jpeg,0.04929089546203613
1778644123.727045,599.1806054115295,11964,17159,jpeg,0.05388283729553223
1778644123.7714014,599.2249617576599,11965,17192,jpeg,0.044356346130371094
1778644123.8235428,599.2771031856537,11966,17179,jpeg,0.052141427993774414
1778644123.875501,599.3290612697601,11967,17185,jpeg,0.05195808410644531
1778644123.9209216,599.3744819164276,11968,17168,jpeg,0.04542064666748047
1778644123.9709625,599.4245228767395,11969,17210,jpeg,0.05004096031188965
1778644124.027344,599.480904340744,11970,17165,jpeg,0.0563814640045166
1778644124.0758138,599.5293741226196,11971,17176,jpeg,0.04846978187561035
1778644124.1212182,599.5747785568237,11972,17177,jpeg,0.04540443420410156
1778644124.172333,599.6258933544159,11973,17171,jpeg,0.051114797592163086
1778644124.2205396,599.6740999221802,11974,17194,jpeg,0.04820656776428223
1778644124.2700953,599.7236557006836,11975,17181,jpeg,0.04955577850341797
1778644124.3205795,599.774139881134,11976,17182,jpeg,0.05048418045043945
1778644124.3692713,599.8228316307068,11977,17184,jpeg,0.048691749572753906
1778644124.421924,599.8754844665527,11978,17167,jpeg,0.052652835845947266
1778644124.4812036,599.9347639083862,11979,17175,jpeg,0.059279441833496094
1778644124.5200562,599.9736166000366,11980,17146,jpeg,0.038852691650390625
1778644124.5714753,600.0250356197357,11981,17175,jpeg,0.05141901969909668
1778644124.6214724,600.075032711029,11982,17176,jpeg,0.04999709129333496
1778644124.6718512,600.1254115104675,11983,17161,jpeg,0.05037879943847656
1778644124.7207391,600.1742994785309,11984,17156,jpeg,0.04888796806335449
1778644124.7713165,600.2248768806458,11985,17161,jpeg,0.050577402114868164
1778644124.82022,600.2737803459167,11986,17154,jpeg,0.048903465270996094
1778644124.8741243,600.3276846408844,11987,17170,jpeg,0.05390429496765137
1778644124.9250646,600.3786249160767,11988,17192,jpeg,0.05094027519226074
1778644124.9722314,600.4257917404175,11989,17156,jpeg,0.04716682434082031
1778644125.023261,600.4768214225769,11990,17173,jpeg,0.05102968215942383
1778644125.0759685,600.5295288562775,11991,17165,jpeg,0.05270743370056152
1778644125.1208634,600.574423789978,11992,17160,jpeg,0.04489493370056152
1778644125.1709495,600.6245098114014,11993,17160,jpeg,0.050086021423339844
1778644125.2232544,600.6768147945404,11994,17155,jpeg,0.052304983139038086
1778644125.2741158,600.727676153183,11995,17155,jpeg,0.050861358642578125
1778644125.3229845,600.7765448093414,11996,17171,jpeg,0.048868656158447266
1778644125.3762634,600.8298237323761,11997,17169,jpeg,0.05327892303466797
1778644125.4272068,600.8807671070099,11998,17139,jpeg,0.05094337463378906
1778644125.4707184,600.9242787361145,11999,17161,jpeg,0.04351162910461426
1778644125.524909,600.9784693717957,12000,17147,jpeg,0.054190635681152344
1778644125.5712318,601.0247921943665,12001,17148,jpeg,0.04632282257080078
1778644125.6276033,601.0811636447906,12002,17157,jpeg,0.056371450424194336
1778644125.6722283,601.1257886886597,12003,17171,jpeg,0.044625043869018555
1778644125.7268796,601.1804399490356,12004,17154,jpeg,0.05465126037597656
1778644125.7700293,601.2235896587372,12005,17154,jpeg,0.043149709701538086
1778644125.82197,601.2755303382874,12006,17137,jpeg,0.0519406795501709
1778644125.8708308,601.3243911266327,12007,17138,jpeg,0.048860788345336914
1778644125.9191294,601.3726897239685,12008,17141,jpeg,0.04829859733581543
1778644125.9723735,601.4259338378906,12009,17168,jpeg,0.05324411392211914
1778644126.021377,601.4749374389648,12010,17174,jpeg,0.04900360107421875
1778644126.0698986,601.5234589576721,12011,17191,jpeg,0.04852151870727539
1778644126.1265693,601.5801296234131,12012,17187,jpeg,0.0566706657409668
1778644126.169944,601.6235044002533,12013,17175,jpeg,0.04337477684020996
1778644126.2204921,601.6740524768829,12014,17174,jpeg,0.05054807662963867
1778644126.2760952,601.7296555042267,12015,17179,jpeg,0.05560302734375
1778644126.3193185,601.7728788852692,12016,17163,jpeg,0.04322338104248047
1778644126.3692336,601.8227939605713,12017,17191,jpeg,0.04991507530212402
1778644126.4200525,601.8736128807068,12018,17197,jpeg,0.05081892013549805
1778644126.474234,601.9277944564819,12019,17167,jpeg,0.054181575775146484
1778644126.519611,601.9731712341309,12020,17183,jpeg,0.04537677764892578
1778644126.5705853,602.0241456031799,12021,17196,jpeg,0.050974369049072266
1778644126.6212475,602.074807882309,12022,17138,jpeg,0.05066227912902832
1778644126.66831,602.1218702793121,12023,17147,jpeg,0.04706239700317383
1778644126.7201087,602.1736690998077,12024,17183,jpeg,0.05179882049560547
1778644126.773396,602.2269563674927,12025,17137,jpeg,0.05328726768493652
1778644126.8173933,602.2709536552429,12026,17118,jpeg,0.04399728775024414
1778644126.8684843,602.3220446109772,12027,17152,jpeg,0.05109095573425293
1778644126.924513,602.3780734539032,12028,17163,jpeg,0.05602884292602539
1778644126.9674242,602.420984506607,12029,17154,jpeg,0.04291105270385742
1778644127.0234392,602.4769995212555,12030,17165,jpeg,0.0560150146484375
1778644127.069551,602.5231113433838,12031,17150,jpeg,0.0461118221282959
1778644127.1178522,602.571412563324,12032,17188,jpeg,0.04830121994018555
1778644127.171132,602.624692440033,12033,17165,jpeg,0.053279876708984375
1778644127.2187116,602.6722719669342,12034,17174,jpeg,0.04757952690124512
1778644127.2670603,602.7206206321716,12035,17170,jpeg,0.04834866523742676
1778644127.3245966,602.7781569957733,12036,17183,jpeg,0.05753636360168457
1778644127.3703084,602.8238687515259,12037,17184,jpeg,0.04571175575256348
1778644127.4175413,602.8711016178131,12038,17193,jpeg,0.047232866287231445
1778644127.471846,602.9254064559937,12039,17178,jpeg,0.05430483818054199
1778644127.5192785,602.9728388786316,12040,17166,jpeg,0.04743242263793945
1778644127.5696743,603.0232346057892,12041,17165,jpeg,0.05039572715759277
1778644127.6209786,603.0745389461517,12042,17157,jpeg,0.05130434036254883
1778644127.6732965,603.126856803894,12043,17182,jpeg,0.05231785774230957
1778644127.7191057,603.1726660728455,12044,17163,jpeg,0.045809268951416016
1778644127.7750406,603.2286009788513,12045,17178,jpeg,0.055934906005859375
1778644127.8218467,603.275407075882,12046,17157,jpeg,0.04680609703063965
1778644127.8685966,603.3221569061279,12047,17167,jpeg,0.04674983024597168
1778644127.9237742,603.3773345947266,12048,17156,jpeg,0.05517768859863281
1778644127.9726543,603.4262146949768,12049,17166,jpeg,0.04888010025024414
1778644128.0182626,603.471822977066,12050,17155,jpeg,0.0456082820892334
1778644128.072048,603.5256083011627,12051,17157,jpeg,0.05378532409667969
1778644128.1298687,603.5834290981293,12052,17196,jpeg,0.057820796966552734
1778644128.175575,603.6291353702545,12053,17170,jpeg,0.04570627212524414
1778644128.2205975,603.6741578578949,12054,17173,jpeg,0.04502248764038086
1778644128.2697575,603.723317861557,12055,17169,jpeg,0.049160003662109375
1778644128.3162184,603.7697787284851,12056,17167,jpeg,0.046460866928100586
1778644128.3701725,603.8237328529358,12057,17150,jpeg,0.053954124450683594
1778644128.4214225,603.8749828338623,12058,17180,jpeg,0.05124998092651367
1778644128.4709911,603.924551486969,12059,17168,jpeg,0.04956865310668945
1778644128.522888,603.9764482975006,12060,17163,jpeg,0.05189681053161621
1778644128.5707064,604.0242667198181,12061,17156,jpeg,0.04781842231750488
1778644128.6198325,604.073392868042,12062,17187,jpeg,0.04912614822387695
1778644128.6714547,604.1250150203705,12063,17173,jpeg,0.05162215232849121
1778644128.719439,604.172999382019,12064,17167,jpeg,0.04798436164855957
1778644128.7700584,604.2236187458038,12065,17163,jpeg,0.05061936378479004
1778644128.8522549,604.3058152198792,12066,17129,jpeg,0.08219647407531738
1778644128.8735752,604.3271355628967,12067,17168,jpeg,0.021320343017578125
1778644128.952335,604.4058952331543,12068,17222,jpeg,0.07875967025756836
1778644128.9726439,604.4262042045593,12069,17191,jpeg,0.020308971405029297
1778644129.052341,604.5059013366699,12070,17182,jpeg,0.0796971321105957
1778644129.0686922,604.5222525596619,12071,17159,jpeg,0.01635122299194336
1778644129.157274,604.6108343601227,12072,17196,jpeg,0.08858180046081543
1778644129.1730678,604.6266281604767,12073,17197,jpeg,0.015793800354003906
1778644129.2596426,604.7132029533386,12074,17164,jpeg,0.08657479286193848
1778644129.2694585,604.7230188846588,12075,17135,jpeg,0.00981593132019043
1778644129.3624868,604.8160471916199,12076,17167,jpeg,0.09302830696105957
1778644129.3719728,604.8255331516266,12077,17158,jpeg,0.009485960006713867
1778644129.4625952,604.9161555767059,12078,17186,jpeg,0.0906224250793457
1778644129.4787295,604.9322898387909,12079,17171,jpeg,0.016134262084960938
1778644129.5298913,604.9834516048431,12080,17143,jpeg,0.051161766052246094
1778644129.5788357,605.0323960781097,12081,17138,jpeg,0.04894447326660156
1778644129.6713111,605.1248714923859,12082,17150,jpeg,0.09247541427612305
1778644129.6801968,605.1337571144104,12083,17162,jpeg,0.008885622024536133
1778644129.7687302,605.2222905158997,12084,17160,jpeg,0.08853340148925781
1778644129.7776575,605.2312178611755,12085,17161,jpeg,0.008927345275878906
1778644129.8165686,605.2701289653778,12086,17158,jpeg,0.03891110420227051
1778644129.867982,605.321542263031,12087,17166,jpeg,0.05141329765319824
1778644130.0339897,605.4875500202179,12088,17169,jpeg,0.16600775718688965
1778644130.0420682,605.4956285953522,12089,17143,jpeg,0.008078575134277344
1778644130.046202,605.4997622966766,12090,17149,jpeg,0.004133701324462891
1778644130.0673697,605.5209300518036,12091,17175,jpeg,0.021167755126953125
1778644130.2417438,605.6953041553497,12092,17145,jpeg,0.17437410354614258
1778644130.2510858,605.7046461105347,12093,17169,jpeg,0.009341955184936523
1778644130.2588172,605.7123775482178,12094,17158,jpeg,0.007731437683105469
1778644130.2690973,605.7226576805115,12095,17151,jpeg,0.010280132293701172
1778644130.466186,605.9197463989258,12096,17165,jpeg,0.19708871841430664
1778644130.4747336,605.9282939434052,12097,17176,jpeg,0.008547544479370117
1778644130.4806695,605.934229850769,12098,17151,jpeg,0.0059359073638916016
1778644130.4842985,605.9378588199615,12099,17172,jpeg,0.003628969192504883
1778644130.6698408,606.1234011650085,12100,17158,jpeg,0.18554234504699707
1778644130.6781154,606.1316757202148,12101,17170,jpeg,0.008274555206298828
1778644130.6816053,606.1351656913757,12102,17132,jpeg,0.003489971160888672
1778644130.6851733,606.138733625412,12103,17160,jpeg,0.003567934036254883
1778644130.868819,606.3223793506622,12104,17167,jpeg,0.18364572525024414
1778644130.8768206,606.3303809165955,12105,17182,jpeg,0.008001565933227539
1778644130.8813062,606.3348665237427,12106,17181,jpeg,0.004485607147216797
1778644130.8845878,606.3381481170654,12107,17137,jpeg,0.0032815933227539062
1778644131.0752578,606.5288181304932,12108,17171,jpeg,0.19067001342773438
1778644131.0814817,606.5350420475006,12109,17177,jpeg,0.006223917007446289
1778644131.0873892,606.5409495830536,12110,17180,jpeg,0.005907535552978516
1778644131.0921881,606.5457484722137,12111,17162,jpeg,0.00479888916015625
1778644131.1139936,606.5675539970398,12112,17162,jpeg,0.021805524826049805
1778644131.2856472,606.7392075061798,12113,17150,jpeg,0.17165350914001465
1778644131.2974684,606.7510287761688,12114,17143,jpeg,0.011821269989013672
1778644131.3049428,606.7585031986237,12115,17152,jpeg,0.007474422454833984
1778644131.315864,606.7694244384766,12116,17139,jpeg,0.010921239852905273
1778644131.4891765,606.94273686409,12117,17121,jpeg,0.17331242561340332
1778644131.500815,606.9543752670288,12118,17155,jpeg,0.011638402938842773
1778644131.508308,606.9618682861328,12119,17166,jpeg,0.007493019104003906
1778644131.51826,606.9718203544617,12120,17198,jpeg,0.009952068328857422
1778644131.6967485,607.1503088474274,12121,17154,jpeg,0.17848849296569824
1778644131.7116942,607.1652545928955,12122,17150,jpeg,0.014945745468139648
1778644131.7184973,607.1720576286316,12123,17144,jpeg,0.006803035736083984
1778644131.723849,607.1774094104767,12124,17181,jpeg,0.0053517818450927734
1778644131.9083297,607.3618900775909,12125,17176,jpeg,0.1844806671142578
1778644131.9203134,607.3738737106323,12126,17192,jpeg,0.011983633041381836
1778644131.9282556,607.3818159103394,12127,17188,jpeg,0.00794219970703125
1778644131.9316943,607.3852546215057,12128,17163,jpeg,0.003438711166381836
1778644132.1018097,607.555370092392,12129,17136,jpeg,0.17011547088623047
1778644132.1088784,607.5624387264252,12130,17146,jpeg,0.007068634033203125
1778644132.115681,607.5692412853241,12131,17150,jpeg,0.006802558898925781
1778644132.1203902,607.5739505290985,12132,17173,jpeg,0.0047092437744140625
1778644132.3079433,607.7615036964417,12133,17161,jpeg,0.18755316734313965
1778644132.312491,607.7660512924194,12134,17172,jpeg,0.004547595977783203
1778644132.3167055,607.7702658176422,12135,17144,jpeg,0.00421452522277832
1778644132.321549,607.7751092910767,12136,17138,jpeg,0.004843473434448242
1778644132.5138586,607.9674189090729,12137,17162,jpeg,0.19230961799621582
1778644132.5186543,607.9722146987915,12138,17164,jpeg,0.00479578971862793
1778644132.5254323,607.9789927005768,12139,17158,jpeg,0.00677800178527832
1778644132.5305624,607.9841227531433,12140,17139,jpeg,0.00513005256652832
1778644132.7211072,608.174667596817,12141,17146,jpeg,0.19054484367370605
1778644132.7290928,608.1826531887054,12142,17145,jpeg,0.007985591888427734
1778644132.7347174,608.188277721405,12143,17148,jpeg,0.005624532699584961
1778644132.739104,608.1926643848419,12144,17146,jpeg,0.0043866634368896484
1778644132.925012,608.3785724639893,12145,17193,jpeg,0.18590807914733887
1778644132.9305084,608.3840687274933,12146,17138,jpeg,0.00549626350402832
1778644132.9347577,608.3883180618286,12147,17151,jpeg,0.0042493343353271484
1778644132.940394,608.3939542770386,12148,17177,jpeg,0.0056362152099609375
1778644132.9640863,608.4176466464996,12149,17168,jpeg,0.02369236946105957
1778644133.134863,608.5884232521057,12150,17180,jpeg,0.1707766056060791
1778644133.142761,608.5963213443756,12151,17173,jpeg,0.007898092269897461
1778644133.1486,608.6021604537964,12152,17175,jpeg,0.005839109420776367
1778644133.1753235,608.6288838386536,12153,17188,jpeg,0.026723384857177734
1778644133.3407815,608.794341802597,12154,17171,jpeg,0.16545796394348145
1778644133.3472404,608.8008008003235,12155,17192,jpeg,0.00645899772644043
1778644133.3533392,608.8068995475769,12156,17141,jpeg,0.006098747253417969
1778644133.3672261,608.8207864761353,12157,17162,jpeg,0.01388692855834961
1778644133.5559354,609.0094957351685,12158,17171,jpeg,0.18870925903320312
1778644133.5616586,609.0152189731598,12159,17170,jpeg,0.005723237991333008
1778644133.5651808,609.0187411308289,12160,17185,jpeg,0.003522157669067383
1778644133.568542,609.022102355957,12161,17191,jpeg,0.003361225128173828
1778644133.7527528,609.2063131332397,12162,17198,jpeg,0.18421077728271484
1778644133.761539,609.2150993347168,12163,17173,jpeg,0.008786201477050781
1778644133.771839,609.2253992557526,12164,17190,jpeg,0.010299921035766602
1778644133.7760744,609.2296347618103,12165,17184,jpeg,0.004235506057739258
1778644133.970876,609.4244363307953,12166,17195,jpeg,0.19480156898498535
1778644133.9813774,609.4349377155304,12167,17169,jpeg,0.010501384735107422
1778644133.9898584,609.4434187412262,12168,17161,jpeg,0.008481025695800781
1778644134.00203,609.4555902481079,12169,17165,jpeg,0.012171506881713867
1778644134.1638913,609.6174516677856,12170,17168,jpeg,0.16186141967773438
1778644134.1716614,609.6252217292786,12171,17193,jpeg,0.007770061492919922
1778644134.1762297,609.6297900676727,12172,17175,jpeg,0.004568338394165039
1778644134.1829724,609.6365327835083,12173,17185,jpeg,0.006742715835571289
1778644134.379112,609.8326723575592,12174,17168,jpeg,0.19613957405090332
1778644134.3891692,609.8427295684814,12175,17159,jpeg,0.010057210922241211
1778644134.4106765,609.864236831665,12176,17159,jpeg,0.02150726318359375
1778644134.4225621,609.8761224746704,12177,17147,jpeg,0.011885643005371094
1778644134.5764022,610.0299625396729,12178,17145,jpeg,0.1538400650024414
1778644134.5865467,610.040107011795,12179,17156,jpeg,0.010144472122192383
1778644134.6006672,610.0542275905609,12180,17152,jpeg,0.01412057876586914
1778644134.6113508,610.0649111270905,12181,17169,jpeg,0.010683536529541016
1778644134.6235914,610.0771517753601,12182,17149,jpeg,0.01224064826965332
1778644134.792743,610.246303319931,12183,17162,jpeg,0.16915154457092285
1778644134.803261,610.2568213939667,12184,17187,jpeg,0.010518074035644531
1778644134.8132744,610.2668347358704,12185,17177,jpeg,0.010013341903686523
1778644134.8279436,610.2815039157867,12186,17193,jpeg,0.014669179916381836
1778644134.9897344,610.4432947635651,12187,17177,jpeg,0.1617908477783203
1778644134.9949079,610.448468208313,12188,17176,jpeg,0.005173444747924805
1778644134.999793,610.4533534049988,12189,17164,jpeg,0.004885196685791016
1778644135.0179725,610.4715328216553,12190,17157,jpeg,0.01817941665649414
1778644135.0667737,610.5203340053558,12191,17176,jpeg,0.04880118370056152
1778644135.1156697,610.5692300796509,12192,17181,jpeg,0.048896074295043945
1778644135.1692736,610.6228339672089,12193,17195,jpeg,0.0536038875579834
1778644135.2175155,610.6710758209229,12194,17183,jpeg,0.04824185371398926
1778644135.2671125,610.7206728458405,12195,17171,jpeg,0.04959702491760254
1778644135.3163846,610.7699449062347,12196,17165,jpeg,0.04927206039428711
1778644135.366699,610.8202593326569,12197,17188,jpeg,0.05031442642211914
1778644135.4174,610.8709602355957,12198,17157,jpeg,0.05070090293884277
1778644135.468901,610.922461271286,12199,17178,jpeg,0.05150103569030762
1778644135.5169795,610.9705398082733,12200,17175,jpeg,0.04807853698730469
1778644135.5688157,611.0223760604858,12201,17180,jpeg,0.051836252212524414
1778644135.618054,611.0716142654419,12202,17197,jpeg,0.04923820495605469
1778644135.6692107,611.122771024704,12203,17159,jpeg,0.05115675926208496
1778644135.7169397,611.1705000400543,12204,17156,jpeg,0.0477290153503418
1778644135.7683814,611.2219417095184,12205,17179,jpeg,0.05144166946411133
