[0.000000] (-) TimerEvent: {}
[0.000484] (guardros_msgs) JobQueued: {'identifier': 'guardros_msgs', 'dependencies': OrderedDict()}
[0.000937] (rb23_keyboard_teleop) JobQueued: {'identifier': 'rb23_keyboard_teleop', 'dependencies': OrderedDict()}
[0.001074] (rb23_ros_driver) JobQueued: {'identifier': 'rb23_ros_driver', 'dependencies': OrderedDict()}
[0.001167] (rb23_video_viewer) JobQueued: {'identifier': 'rb23_video_viewer', 'dependencies': OrderedDict()}
[0.001201] (rb23_audio) JobQueued: {'identifier': 'rb23_audio', 'dependencies': OrderedDict([('guardros_msgs', '/home/denis/DENIS/RollerBot23/guardros_ws/install/guardros_msgs')])}
[0.001238] (rb23_experiment_logger) JobQueued: {'identifier': 'rb23_experiment_logger', 'dependencies': OrderedDict([('guardros_msgs', '/home/denis/DENIS/RollerBot23/guardros_ws/install/guardros_msgs')])}
[0.001280] (rb23_telemetry_viewer) JobQueued: {'identifier': 'rb23_telemetry_viewer', 'dependencies': OrderedDict([('guardros_msgs', '/home/denis/DENIS/RollerBot23/guardros_ws/install/guardros_msgs')])}
[0.001314] (guardros_msgs) JobStarted: {'identifier': 'guardros_msgs'}
[0.006351] (rb23_keyboard_teleop) JobStarted: {'identifier': 'rb23_keyboard_teleop'}
[0.010410] (rb23_ros_driver) JobStarted: {'identifier': 'rb23_ros_driver'}
[0.015079] (rb23_video_viewer) JobStarted: {'identifier': 'rb23_video_viewer'}
[0.020639] (guardros_msgs) JobProgress: {'identifier': 'guardros_msgs', 'progress': 'cmake'}
[0.021793] (guardros_msgs) JobProgress: {'identifier': 'guardros_msgs', 'progress': 'build'}
[0.022625] (guardros_msgs) Command: {'cmd': ['/usr/bin/cmake', '--build', '/home/denis/DENIS/RollerBot23/guardros_ws/build/guardros_msgs', '--', '-j8', '-l8'], 'cwd': '/home/denis/DENIS/RollerBot23/guardros_ws/build/guardros_msgs', 'env': OrderedDict([('LESSOPEN', '| /usr/bin/lesspipe %s'), ('LANGUAGE', 'pt_BR:pt:en'), ('USER', 'denis'), ('XDG_SESSION_TYPE', 'wayland'), ('IGNITION_VERSION', 'citadel'), ('SHLVL', '1'), ('LD_LIBRARY_PATH', '/opt/ros/humble/opt/rviz_ogre_vendor/lib:/opt/ros/humble/lib/x86_64-linux-gnu:/opt/ros/humble/lib'), ('HOME', '/home/denis'), ('OLDPWD', '/home/denis'), ('DESKTOP_SESSION', 'ubuntu'), ('ROS_PYTHON_VERSION', '3'), ('GNOME_SHELL_SESSION_MODE', 'ubuntu'), ('GTK_MODULES', 'gail:atk-bridge'), ('SYSTEMD_EXEC_PID', '1959'), ('DBUS_SESSION_BUS_ADDRESS', 'unix:path=/run/user/1000/bus'), ('COLORTERM', 'truecolor'), ('IM_CONFIG_PHASE', '1'), ('WAYLAND_DISPLAY', 'wayland-0'), ('ROS_DISTRO', 'humble'), ('LOGNAME', 'denis'), ('_', '/usr/bin/colcon'), ('ROS_VERSION', '2'), ('XDG_SESSION_CLASS', 'user'), ('USERNAME', 'denis'), ('TERM', 'xterm-256color'), ('GNOME_DESKTOP_SESSION_ID', 'this-is-deprecated'), ('ROS_LOCALHOST_ONLY', '0'), ('PATH', '/opt/ros/humble/bin:/usr/local/sbin:/usr/local/bin:/usr/sbin:/usr/bin:/sbin:/bin:/usr/games:/usr/local/games:/snap/bin:/snap/bin'), ('SESSION_MANAGER', 'local/denis-Aspire-A515-54G:@/tmp/.ICE-unix/1731,unix/denis-Aspire-A515-54G:/tmp/.ICE-unix/1731'), ('XDG_MENU_PREFIX', 'gnome-'), ('GNOME_TERMINAL_SCREEN', '/org/gnome/Terminal/screen/5e47eb9f_b611_493b_9cfc_165058aaca85'), ('GNOME_SETUP_DISPLAY', ':1'), ('XDG_RUNTIME_DIR', '/run/user/1000'), ('DISPLAY', ':0'), ('LANG', 'pt_BR.UTF-8'), ('XDG_CURRENT_DESKTOP', 'ubuntu:GNOME'), ('XMODIFIERS', '@im=ibus'), ('XDG_SESSION_DESKTOP', 'ubuntu'), ('XAUTHORITY', '/run/user/1000/.mutter-Xwaylandauth.RZ2LO3'), ('LS_COLORS', 'rs=0:di=01;34:ln=01;36:mh=00:pi=40;33:so=01;35:do=01;35:bd=40;33;01:cd=40;33;01:or=40;31;01:mi=00:su=37;41:sg=30;43:ca=30;41:tw=30;42:ow=34;42:st=37;44:ex=01;32:*.tar=01;31:*.tgz=01;31:*.arc=01;31:*.arj=01;31:*.taz=01;31:*.lha=01;31:*.lz4=01;31:*.lzh=01;31:*.lzma=01;31:*.tlz=01;31:*.txz=01;31:*.tzo=01;31:*.t7z=01;31:*.zip=01;31:*.z=01;31:*.dz=01;31:*.gz=01;31:*.lrz=01;31:*.lz=01;31:*.lzo=01;31:*.xz=01;31:*.zst=01;31:*.tzst=01;31:*.bz2=01;31:*.bz=01;31:*.tbz=01;31:*.tbz2=01;31:*.tz=01;31:*.deb=01;31:*.rpm=01;31:*.jar=01;31:*.war=01;31:*.ear=01;31:*.sar=01;31:*.rar=01;31:*.alz=01;31:*.ace=01;31:*.zoo=01;31:*.cpio=01;31:*.7z=01;31:*.rz=01;31:*.cab=01;31:*.wim=01;31:*.swm=01;31:*.dwm=01;31:*.esd=01;31:*.jpg=01;35:*.jpeg=01;35:*.mjpg=01;35:*.mjpeg=01;35:*.gif=01;35:*.bmp=01;35:*.pbm=01;35:*.pgm=01;35:*.ppm=01;35:*.tga=01;35:*.xbm=01;35:*.xpm=01;35:*.tif=01;35:*.tiff=01;35:*.png=01;35:*.svg=01;35:*.svgz=01;35:*.mng=01;35:*.pcx=01;35:*.mov=01;35:*.mpg=01;35:*.mpeg=01;35:*.m2v=01;35:*.mkv=01;35:*.webm=01;35:*.webp=01;35:*.ogm=01;35:*.mp4=01;35:*.m4v=01;35:*.mp4v=01;35:*.vob=01;35:*.qt=01;35:*.nuv=01;35:*.wmv=01;35:*.asf=01;35:*.rm=01;35:*.rmvb=01;35:*.flc=01;35:*.avi=01;35:*.fli=01;35:*.flv=01;35:*.gl=01;35:*.dl=01;35:*.xcf=01;35:*.xwd=01;35:*.yuv=01;35:*.cgm=01;35:*.emf=01;35:*.ogv=01;35:*.ogx=01;35:*.aac=00;36:*.au=00;36:*.flac=00;36:*.m4a=00;36:*.mid=00;36:*.midi=00;36:*.mka=00;36:*.mp3=00;36:*.mpc=00;36:*.ogg=00;36:*.ra=00;36:*.wav=00;36:*.oga=00;36:*.opus=00;36:*.spx=00;36:*.xspf=00;36:'), ('GNOME_TERMINAL_SERVICE', ':1.135'), ('SSH_AGENT_LAUNCHER', 'gnome-keyring'), ('SSH_AUTH_SOCK', '/run/user/1000/keyring/ssh'), ('AMENT_PREFIX_PATH', '/opt/ros/humble'), ('SHELL', '/bin/bash'), ('QT_ACCESSIBILITY', '1'), ('GDMSESSION', 'ubuntu'), ('LESSCLOSE', '/usr/bin/lesspipe %s %s'), ('QT_IM_MODULE', 'ibus'), ('PWD', '/home/denis/DENIS/RollerBot23/guardros_ws/build/guardros_msgs'), ('XDG_CONFIG_DIRS', '/etc/xdg/xdg-ubuntu:/etc/xdg'), ('XDG_DATA_DIRS', '/usr/share/ubuntu:/usr/local/share/:/usr/share/:/var/lib/snapd/desktop'), ('PYTHONPATH', '/opt/ros/humble/lib/python3.10/site-packages:/opt/ros/humble/local/lib/python3.10/dist-packages'), ('COLCON', '1'), ('VTE_VERSION', '6800'), ('CMAKE_PREFIX_PATH', '/opt/ros/humble')]), 'shell': False}
[0.100006] (-) TimerEvent: {}
[0.200353] (-) TimerEvent: {}
[0.300605] (-) TimerEvent: {}
[0.400932] (-) TimerEvent: {}
[0.501199] (-) TimerEvent: {}
[0.556572] (guardros_msgs) StdoutLine: {'line': b'[  1%] Built target guardros_msgs__cpp\n'}
[0.557055] (guardros_msgs) StdoutLine: {'line': b'[ 12%] Built target guardros_msgs__rosidl_generator_c\n'}
[0.557437] (guardros_msgs) StdoutLine: {'line': b'[ 12%] Built target ament_cmake_python_symlink_guardros_msgs\n'}
[0.557511] (guardros_msgs) StdoutLine: {'line': b'[ 24%] Built target guardros_msgs__rosidl_typesupport_introspection_cpp\n'}
[0.557593] (guardros_msgs) StdoutLine: {'line': b'[ 35%] Built target guardros_msgs__rosidl_typesupport_introspection_c\n'}
[0.557662] (guardros_msgs) StdoutLine: {'line': b'[ 58%] Built target guardros_msgs__rosidl_typesupport_cpp\n'}
[0.557724] (guardros_msgs) StdoutLine: {'line': b'[ 58%] Built target guardros_msgs__rosidl_typesupport_c\n'}
[0.557786] (guardros_msgs) StdoutLine: {'line': b'[ 70%] Built target guardros_msgs__rosidl_typesupport_fastrtps_c\n'}
[0.557849] (guardros_msgs) StdoutLine: {'line': b'[ 81%] Built target guardros_msgs__rosidl_typesupport_fastrtps_cpp\n'}
[0.557910] (guardros_msgs) StdoutLine: {'line': b'[ 81%] Built target guardros_msgs\n'}
[0.557969] (guardros_msgs) StdoutLine: {'line': b'[ 82%] Built target guardros_msgs__py\n'}
[0.558028] (guardros_msgs) StdoutLine: {'line': b'[ 93%] Built target guardros_msgs__rosidl_generator_py\n'}
[0.558087] (guardros_msgs) StdoutLine: {'line': b'[ 95%] Built target guardros_msgs__rosidl_typesupport_introspection_c__pyext\n'}
[0.558147] (guardros_msgs) StdoutLine: {'line': b'[ 97%] Built target guardros_msgs__rosidl_typesupport_fastrtps_c__pyext\n'}
[0.558206] (guardros_msgs) StdoutLine: {'line': b'[100%] Built target guardros_msgs__rosidl_typesupport_c__pyext\n'}
[0.558266] (guardros_msgs) StdoutLine: {'line': b'running egg_info\n'}
[0.558327] (guardros_msgs) StdoutLine: {'line': b'writing guardros_msgs.egg-info/PKG-INFO\n'}
[0.558384] (guardros_msgs) StdoutLine: {'line': b'writing dependency_links to guardros_msgs.egg-info/dependency_links.txt\n'}
[0.558442] (guardros_msgs) StdoutLine: {'line': b'writing top-level names to guardros_msgs.egg-info/top_level.txt\n'}
[0.558500] (guardros_msgs) StdoutLine: {'line': b"reading manifest file 'guardros_msgs.egg-info/SOURCES.txt'\n"}
[0.558561] (guardros_msgs) StdoutLine: {'line': b"writing manifest file 'guardros_msgs.egg-info/SOURCES.txt'\n"}
[0.558625] (guardros_msgs) StdoutLine: {'line': b'[100%] Built target ament_cmake_python_build_guardros_msgs_egg\n'}
[0.601321] (-) TimerEvent: {}
[0.701594] (-) TimerEvent: {}
[0.802631] (-) TimerEvent: {}
[0.806669] (guardros_msgs) CommandEnded: {'returncode': 0}
[0.807351] (guardros_msgs) JobProgress: {'identifier': 'guardros_msgs', 'progress': 'install'}
[0.814461] (guardros_msgs) Command: {'cmd': ['/usr/bin/cmake', '--install', '/home/denis/DENIS/RollerBot23/guardros_ws/build/guardros_msgs'], 'cwd': '/home/denis/DENIS/RollerBot23/guardros_ws/build/guardros_msgs', 'env': OrderedDict([('LESSOPEN', '| /usr/bin/lesspipe %s'), ('LANGUAGE', 'pt_BR:pt:en'), ('USER', 'denis'), ('XDG_SESSION_TYPE', 'wayland'), ('IGNITION_VERSION', 'citadel'), ('SHLVL', '1'), ('LD_LIBRARY_PATH', '/opt/ros/humble/opt/rviz_ogre_vendor/lib:/opt/ros/humble/lib/x86_64-linux-gnu:/opt/ros/humble/lib'), ('HOME', '/home/denis'), ('OLDPWD', '/home/denis'), ('DESKTOP_SESSION', 'ubuntu'), ('ROS_PYTHON_VERSION', '3'), ('GNOME_SHELL_SESSION_MODE', 'ubuntu'), ('GTK_MODULES', 'gail:atk-bridge'), ('SYSTEMD_EXEC_PID', '1959'), ('DBUS_SESSION_BUS_ADDRESS', 'unix:path=/run/user/1000/bus'), ('COLORTERM', 'truecolor'), ('IM_CONFIG_PHASE', '1'), ('WAYLAND_DISPLAY', 'wayland-0'), ('ROS_DISTRO', 'humble'), ('LOGNAME', 'denis'), ('_', '/usr/bin/colcon'), ('ROS_VERSION', '2'), ('XDG_SESSION_CLASS', 'user'), ('USERNAME', 'denis'), ('TERM', 'xterm-256color'), ('GNOME_DESKTOP_SESSION_ID', 'this-is-deprecated'), ('ROS_LOCALHOST_ONLY', '0'), ('PATH', '/opt/ros/humble/bin:/usr/local/sbin:/usr/local/bin:/usr/sbin:/usr/bin:/sbin:/bin:/usr/games:/usr/local/games:/snap/bin:/snap/bin'), ('SESSION_MANAGER', 'local/denis-Aspire-A515-54G:@/tmp/.ICE-unix/1731,unix/denis-Aspire-A515-54G:/tmp/.ICE-unix/1731'), ('XDG_MENU_PREFIX', 'gnome-'), ('GNOME_TERMINAL_SCREEN', '/org/gnome/Terminal/screen/5e47eb9f_b611_493b_9cfc_165058aaca85'), ('GNOME_SETUP_DISPLAY', ':1'), ('XDG_RUNTIME_DIR', '/run/user/1000'), ('DISPLAY', ':0'), ('LANG', 'pt_BR.UTF-8'), ('XDG_CURRENT_DESKTOP', 'ubuntu:GNOME'), ('XMODIFIERS', '@im=ibus'), ('XDG_SESSION_DESKTOP', 'ubuntu'), ('XAUTHORITY', '/run/user/1000/.mutter-Xwaylandauth.RZ2LO3'), ('LS_COLORS', 'rs=0:di=01;34:ln=01;36:mh=00:pi=40;33:so=01;35:do=01;35:bd=40;33;01:cd=40;33;01:or=40;31;01:mi=00:su=37;41:sg=30;43:ca=30;41:tw=30;42:ow=34;42:st=37;44:ex=01;32:*.tar=01;31:*.tgz=01;31:*.arc=01;31:*.arj=01;31:*.taz=01;31:*.lha=01;31:*.lz4=01;31:*.lzh=01;31:*.lzma=01;31:*.tlz=01;31:*.txz=01;31:*.tzo=01;31:*.t7z=01;31:*.zip=01;31:*.z=01;31:*.dz=01;31:*.gz=01;31:*.lrz=01;31:*.lz=01;31:*.lzo=01;31:*.xz=01;31:*.zst=01;31:*.tzst=01;31:*.bz2=01;31:*.bz=01;31:*.tbz=01;31:*.tbz2=01;31:*.tz=01;31:*.deb=01;31:*.rpm=01;31:*.jar=01;31:*.war=01;31:*.ear=01;31:*.sar=01;31:*.rar=01;31:*.alz=01;31:*.ace=01;31:*.zoo=01;31:*.cpio=01;31:*.7z=01;31:*.rz=01;31:*.cab=01;31:*.wim=01;31:*.swm=01;31:*.dwm=01;31:*.esd=01;31:*.jpg=01;35:*.jpeg=01;35:*.mjpg=01;35:*.mjpeg=01;35:*.gif=01;35:*.bmp=01;35:*.pbm=01;35:*.pgm=01;35:*.ppm=01;35:*.tga=01;35:*.xbm=01;35:*.xpm=01;35:*.tif=01;35:*.tiff=01;35:*.png=01;35:*.svg=01;35:*.svgz=01;35:*.mng=01;35:*.pcx=01;35:*.mov=01;35:*.mpg=01;35:*.mpeg=01;35:*.m2v=01;35:*.mkv=01;35:*.webm=01;35:*.webp=01;35:*.ogm=01;35:*.mp4=01;35:*.m4v=01;35:*.mp4v=01;35:*.vob=01;35:*.qt=01;35:*.nuv=01;35:*.wmv=01;35:*.asf=01;35:*.rm=01;35:*.rmvb=01;35:*.flc=01;35:*.avi=01;35:*.fli=01;35:*.flv=01;35:*.gl=01;35:*.dl=01;35:*.xcf=01;35:*.xwd=01;35:*.yuv=01;35:*.cgm=01;35:*.emf=01;35:*.ogv=01;35:*.ogx=01;35:*.aac=00;36:*.au=00;36:*.flac=00;36:*.m4a=00;36:*.mid=00;36:*.midi=00;36:*.mka=00;36:*.mp3=00;36:*.mpc=00;36:*.ogg=00;36:*.ra=00;36:*.wav=00;36:*.oga=00;36:*.opus=00;36:*.spx=00;36:*.xspf=00;36:'), ('GNOME_TERMINAL_SERVICE', ':1.135'), ('SSH_AGENT_LAUNCHER', 'gnome-keyring'), ('SSH_AUTH_SOCK', '/run/user/1000/keyring/ssh'), ('AMENT_PREFIX_PATH', '/opt/ros/humble'), ('SHELL', '/bin/bash'), ('QT_ACCESSIBILITY', '1'), ('GDMSESSION', 'ubuntu'), ('LESSCLOSE', '/usr/bin/lesspipe %s %s'), ('QT_IM_MODULE', 'ibus'), ('PWD', '/home/denis/DENIS/RollerBot23/guardros_ws/build/guardros_msgs'), ('XDG_CONFIG_DIRS', '/etc/xdg/xdg-ubuntu:/etc/xdg'), ('XDG_DATA_DIRS', '/usr/share/ubuntu:/usr/local/share/:/usr/share/:/var/lib/snapd/desktop'), ('PYTHONPATH', '/opt/ros/humble/lib/python3.10/site-packages:/opt/ros/humble/local/lib/python3.10/dist-packages'), ('COLCON', '1'), ('VTE_VERSION', '6800'), ('CMAKE_PREFIX_PATH', '/opt/ros/humble')]), 'shell': False}
[0.821817] (guardros_msgs) StdoutLine: {'line': b'-- Install configuration: ""\n'}
[0.822407] (guardros_msgs) StdoutLine: {'line': b'-- Execute custom install script\n'}
[0.822645] (guardros_msgs) StdoutLine: {'line': b'-- Up-to-date symlink: /home/denis/DENIS/RollerBot23/guardros_ws/install/guardros_msgs/share/ament_index/resource_index/rosidl_interfaces/guardros_msgs\n'}
[0.823234] (guardros_msgs) StdoutLine: {'line': b'-- Up-to-date symlink: /home/denis/DENIS/RollerBot23/guardros_ws/install/guardros_msgs/include/guardros_msgs/guardros_msgs/msg/audio_frame.h\n'}
[0.823409] (guardros_msgs) StdoutLine: {'line': b'-- Up-to-date symlink: /home/denis/DENIS/RollerBot23/guardros_ws/install/guardros_msgs/include/guardros_msgs/guardros_msgs/msg/audio_mode.h\n'}
[0.823572] (guardros_msgs) StdoutLine: {'line': b'-- Up-to-date symlink: /home/denis/DENIS/RollerBot23/guardros_ws/install/guardros_msgs/include/guardros_msgs/guardros_msgs/msg/battery.h\n'}
[0.823748] (guardros_msgs) StdoutLine: {'line': b'-- Up-to-date symlink: /home/denis/DENIS/RollerBot23/guardros_ws/install/guardros_msgs/include/guardros_msgs/guardros_msgs/msg/command_state.h\n'}
[0.823861] (guardros_msgs) StdoutLine: {'line': b'-- Up-to-date symlink: /home/denis/DENIS/RollerBot23/guardros_ws/install/guardros_msgs/include/guardros_msgs/guardros_msgs/msg/connection_status.h\n'}
[0.824008] (guardros_msgs) StdoutLine: {'line': b'-- Up-to-date symlink: /home/denis/DENIS/RollerBot23/guardros_ws/install/guardros_msgs/include/guardros_msgs/guardros_msgs/msg/detail/audio_frame__functions.h\n'}
[0.824181] (guardros_msgs) StdoutLine: {'line': b'-- Up-to-date symlink: /home/denis/DENIS/RollerBot23/guardros_ws/install/guardros_msgs/include/guardros_msgs/guardros_msgs/msg/detail/audio_frame__struct.h\n'}
[0.824301] (guardros_msgs) StdoutLine: {'line': b'-- Up-to-date symlink: /home/denis/DENIS/RollerBot23/guardros_ws/install/guardros_msgs/include/guardros_msgs/guardros_msgs/msg/detail/audio_frame__type_support.h\n'}
[0.824417] (guardros_msgs) StdoutLine: {'line': b'-- Up-to-date symlink: /home/denis/DENIS/RollerBot23/guardros_ws/install/guardros_msgs/include/guardros_msgs/guardros_msgs/msg/detail/audio_mode__functions.h\n'}
[0.824567] (guardros_msgs) StdoutLine: {'line': b'-- Up-to-date symlink: /home/denis/DENIS/RollerBot23/guardros_ws/install/guardros_msgs/include/guardros_msgs/guardros_msgs/msg/detail/audio_mode__struct.h\n'}
[0.824743] (guardros_msgs) StdoutLine: {'line': b'-- Up-to-date symlink: /home/denis/DENIS/RollerBot23/guardros_ws/install/guardros_msgs/include/guardros_msgs/guardros_msgs/msg/detail/audio_mode__type_support.h\n'}
[0.824884] (guardros_msgs) StdoutLine: {'line': b'-- Up-to-date symlink: /home/denis/DENIS/RollerBot23/guardros_ws/install/guardros_msgs/include/guardros_msgs/guardros_msgs/msg/detail/battery__functions.h\n'}
[0.825003] (guardros_msgs) StdoutLine: {'line': b'-- Up-to-date symlink: /home/denis/DENIS/RollerBot23/guardros_ws/install/guardros_msgs/include/guardros_msgs/guardros_msgs/msg/detail/battery__struct.h\n'}
[0.825114] (guardros_msgs) StdoutLine: {'line': b'-- Up-to-date symlink: /home/denis/DENIS/RollerBot23/guardros_ws/install/guardros_msgs/include/guardros_msgs/guardros_msgs/msg/detail/battery__type_support.h\n'}
[0.825220] (guardros_msgs) StdoutLine: {'line': b'-- Up-to-date symlink: /home/denis/DENIS/RollerBot23/guardros_ws/install/guardros_msgs/include/guardros_msgs/guardros_msgs/msg/detail/command_state__functions.h\n'}
[0.825365] (guardros_msgs) StdoutLine: {'line': b'-- Up-to-date symlink: /home/denis/DENIS/RollerBot23/guardros_ws/install/guardros_msgs/include/guardros_msgs/guardros_msgs/msg/detail/command_state__struct.h\n'}
[0.825546] (guardros_msgs) StdoutLine: {'line': b'-- Up-to-date symlink: /home/denis/DENIS/RollerBot23/guardros_ws/install/guardros_msgs/include/guardros_msgs/guardros_msgs/msg/detail/command_state__type_support.h\n'}
[0.825713] (guardros_msgs) StdoutLine: {'line': b'-- Up-to-date symlink: /home/denis/DENIS/RollerBot23/guardros_ws/install/guardros_msgs/include/guardros_msgs/guardros_msgs/msg/detail/connection_status__functions.h\n'}
[0.825854] (guardros_msgs) StdoutLine: {'line': b'-- Up-to-date symlink: /home/denis/DENIS/RollerBot23/guardros_ws/install/guardros_msgs/include/guardros_msgs/guardros_msgs/msg/detail/connection_status__struct.h\n'}
[0.825970] (guardros_msgs) StdoutLine: {'line': b'-- Up-to-date symlink: /home/denis/DENIS/RollerBot23/guardros_ws/install/guardros_msgs/include/guardros_msgs/guardros_msgs/msg/detail/connection_status__type_support.h\n'}
[0.826087] (guardros_msgs) StdoutLine: {'line': b'-- Up-to-date symlink: /home/denis/DENIS/RollerBot23/guardros_ws/install/guardros_msgs/include/guardros_msgs/guardros_msgs/msg/detail/drive_status__functions.h\n'}
[0.826202] (guardros_msgs) StdoutLine: {'line': b'-- Up-to-date symlink: /home/denis/DENIS/RollerBot23/guardros_ws/install/guardros_msgs/include/guardros_msgs/guardros_msgs/msg/detail/drive_status__struct.h\n'}
[0.826317] (guardros_msgs) StdoutLine: {'line': b'-- Up-to-date symlink: /home/denis/DENIS/RollerBot23/guardros_ws/install/guardros_msgs/include/guardros_msgs/guardros_msgs/msg/detail/drive_status__type_support.h\n'}
[0.826432] (guardros_msgs) StdoutLine: {'line': b'-- Up-to-date symlink: /home/denis/DENIS/RollerBot23/guardros_ws/install/guardros_msgs/include/guardros_msgs/guardros_msgs/msg/detail/magnetometer__functions.h\n'}
[0.826590] (guardros_msgs) StdoutLine: {'line': b'-- Up-to-date symlink: /home/denis/DENIS/RollerBot23/guardros_ws/install/guardros_msgs/include/guardros_msgs/guardros_msgs/msg/detail/magnetometer__struct.h\n'}
[0.826786] (guardros_msgs) StdoutLine: {'line': b'-- Up-to-date symlink: /home/denis/DENIS/RollerBot23/guardros_ws/install/guardros_msgs/include/guardros_msgs/guardros_msgs/msg/detail/magnetometer__type_support.h\n'}
[0.826899] (guardros_msgs) StdoutLine: {'line': b'-- Up-to-date symlink: /home/denis/DENIS/RollerBot23/guardros_ws/install/guardros_msgs/include/guardros_msgs/guardros_msgs/msg/detail/temperatures__functions.h\n'}
[0.827035] (guardros_msgs) StdoutLine: {'line': b'-- Up-to-date symlink: /home/denis/DENIS/RollerBot23/guardros_ws/install/guardros_msgs/include/guardros_msgs/guardros_msgs/msg/detail/temperatures__struct.h\n'}
[0.827144] (guardros_msgs) StdoutLine: {'line': b'-- Up-to-date symlink: /home/denis/DENIS/RollerBot23/guardros_ws/install/guardros_msgs/include/guardros_msgs/guardros_msgs/msg/detail/temperatures__type_support.h\n'}
[0.827285] (guardros_msgs) StdoutLine: {'line': b'-- Up-to-date symlink: /home/denis/DENIS/RollerBot23/guardros_ws/install/guardros_msgs/include/guardros_msgs/guardros_msgs/msg/drive_status.h\n'}
[0.827394] (guardros_msgs) StdoutLine: {'line': b'-- Up-to-date symlink: /home/denis/DENIS/RollerBot23/guardros_ws/install/guardros_msgs/include/guardros_msgs/guardros_msgs/msg/magnetometer.h\n'}
[0.827500] (guardros_msgs) StdoutLine: {'line': b'-- Up-to-date symlink: /home/denis/DENIS/RollerBot23/guardros_ws/install/guardros_msgs/include/guardros_msgs/guardros_msgs/msg/rosidl_generator_c__visibility_control.h\n'}
[0.827627] (guardros_msgs) StdoutLine: {'line': b'-- Up-to-date symlink: /home/denis/DENIS/RollerBot23/guardros_ws/install/guardros_msgs/include/guardros_msgs/guardros_msgs/msg/temperatures.h\n'}
[0.827742] (guardros_msgs) StdoutLine: {'line': b'-- Up-to-date symlink: /home/denis/DENIS/RollerBot23/guardros_ws/install/guardros_msgs/share/guardros_msgs/environment/library_path.sh\n'}
[0.827850] (guardros_msgs) StdoutLine: {'line': b'-- Up-to-date symlink: /home/denis/DENIS/RollerBot23/guardros_ws/install/guardros_msgs/share/guardros_msgs/environment/library_path.dsv\n'}
[0.828019] (guardros_msgs) StdoutLine: {'line': b'-- Up-to-date symlink: /home/denis/DENIS/RollerBot23/guardros_ws/install/guardros_msgs/include/guardros_msgs/guardros_msgs/msg/detail/audio_frame__rosidl_typesupport_fastrtps_c.h\n'}
[0.828217] (guardros_msgs) StdoutLine: {'line': b'-- Up-to-date symlink: /home/denis/DENIS/RollerBot23/guardros_ws/install/guardros_msgs/include/guardros_msgs/guardros_msgs/msg/detail/audio_mode__rosidl_typesupport_fastrtps_c.h\n'}
[0.829514] (guardros_msgs) StdoutLine: {'line': b'-- Up-to-date symlink: /home/denis/DENIS/RollerBot23/guardros_ws/install/guardros_msgs/include/guardros_msgs/guardros_msgs/msg/detail/battery__rosidl_typesupport_fastrtps_c.h\n'}
[0.829756] (guardros_msgs) StdoutLine: {'line': b'-- Up-to-date symlink: /home/denis/DENIS/RollerBot23/guardros_ws/install/guardros_msgs/include/guardros_msgs/guardros_msgs/msg/detail/command_state__rosidl_typesupport_fastrtps_c.h\n'}
[0.830102] (guardros_msgs) StdoutLine: {'line': b'-- Up-to-date symlink: /home/denis/DENIS/RollerBot23/guardros_ws/install/guardros_msgs/include/guardros_msgs/guardros_msgs/msg/detail/connection_status__rosidl_typesupport_fastrtps_c.h\n'}
[0.830252] (guardros_msgs) StdoutLine: {'line': b'-- Up-to-date symlink: /home/denis/DENIS/RollerBot23/guardros_ws/install/guardros_msgs/include/guardros_msgs/guardros_msgs/msg/detail/drive_status__rosidl_typesupport_fastrtps_c.h\n'}
[0.830405] (guardros_msgs) StdoutLine: {'line': b'-- Up-to-date symlink: /home/denis/DENIS/RollerBot23/guardros_ws/install/guardros_msgs/include/guardros_msgs/guardros_msgs/msg/detail/magnetometer__rosidl_typesupport_fastrtps_c.h\n'}
[0.830547] (guardros_msgs) StdoutLine: {'line': b'-- Up-to-date symlink: /home/denis/DENIS/RollerBot23/guardros_ws/install/guardros_msgs/include/guardros_msgs/guardros_msgs/msg/detail/temperatures__rosidl_typesupport_fastrtps_c.h\n'}
[0.830733] (guardros_msgs) StdoutLine: {'line': b'-- Up-to-date symlink: /home/denis/DENIS/RollerBot23/guardros_ws/install/guardros_msgs/include/guardros_msgs/guardros_msgs/msg/rosidl_typesupport_fastrtps_c__visibility_control.h\n'}
[0.830850] (guardros_msgs) StdoutLine: {'line': b'-- Up-to-date symlink: /home/denis/DENIS/RollerBot23/guardros_ws/install/guardros_msgs/include/guardros_msgs/guardros_msgs/msg/detail/audio_frame__rosidl_typesupport_introspection_c.h\n'}
[0.830967] (guardros_msgs) StdoutLine: {'line': b'-- Up-to-date symlink: /home/denis/DENIS/RollerBot23/guardros_ws/install/guardros_msgs/include/guardros_msgs/guardros_msgs/msg/detail/audio_mode__rosidl_typesupport_introspection_c.h\n'}
[0.831081] (guardros_msgs) StdoutLine: {'line': b'-- Up-to-date symlink: /home/denis/DENIS/RollerBot23/guardros_ws/install/guardros_msgs/include/guardros_msgs/guardros_msgs/msg/detail/battery__rosidl_typesupport_introspection_c.h\n'}
[0.831197] (guardros_msgs) StdoutLine: {'line': b'-- Up-to-date symlink: /home/denis/DENIS/RollerBot23/guardros_ws/install/guardros_msgs/include/guardros_msgs/guardros_msgs/msg/detail/command_state__rosidl_typesupport_introspection_c.h\n'}
[0.831379] (guardros_msgs) StdoutLine: {'line': b'-- Up-to-date symlink: /home/denis/DENIS/RollerBot23/guardros_ws/install/guardros_msgs/include/guardros_msgs/guardros_msgs/msg/detail/connection_status__rosidl_typesupport_introspection_c.h\n'}
[0.831500] (guardros_msgs) StdoutLine: {'line': b'-- Up-to-date symlink: /home/denis/DENIS/RollerBot23/guardros_ws/install/guardros_msgs/include/guardros_msgs/guardros_msgs/msg/detail/drive_status__rosidl_typesupport_introspection_c.h\n'}
[0.831655] (guardros_msgs) StdoutLine: {'line': b'-- Up-to-date symlink: /home/denis/DENIS/RollerBot23/guardros_ws/install/guardros_msgs/include/guardros_msgs/guardros_msgs/msg/detail/magnetometer__rosidl_typesupport_introspection_c.h\n'}
[0.831799] (guardros_msgs) StdoutLine: {'line': b'-- Up-to-date symlink: /home/denis/DENIS/RollerBot23/guardros_ws/install/guardros_msgs/include/guardros_msgs/guardros_msgs/msg/detail/temperatures__rosidl_typesupport_introspection_c.h\n'}
[0.831913] (guardros_msgs) StdoutLine: {'line': b'-- Up-to-date symlink: /home/denis/DENIS/RollerBot23/guardros_ws/install/guardros_msgs/include/guardros_msgs/guardros_msgs/msg/rosidl_typesupport_introspection_c__visibility_control.h\n'}
[0.832450] (guardros_msgs) StdoutLine: {'line': b'-- Up-to-date symlink: /home/denis/DENIS/RollerBot23/guardros_ws/install/guardros_msgs/include/guardros_msgs/guardros_msgs/msg/audio_frame.hpp\n'}
[0.832638] (guardros_msgs) StdoutLine: {'line': b'-- Up-to-date symlink: /home/denis/DENIS/RollerBot23/guardros_ws/install/guardros_msgs/include/guardros_msgs/guardros_msgs/msg/audio_mode.hpp\n'}
[0.832801] (guardros_msgs) StdoutLine: {'line': b'-- Up-to-date symlink: /home/denis/DENIS/RollerBot23/guardros_ws/install/guardros_msgs/include/guardros_msgs/guardros_msgs/msg/battery.hpp\n'}
[0.832979] (guardros_msgs) StdoutLine: {'line': b'-- Up-to-date symlink: /home/denis/DENIS/RollerBot23/guardros_ws/install/guardros_msgs/include/guardros_msgs/guardros_msgs/msg/command_state.hpp\n'}
[0.833157] (guardros_msgs) StdoutLine: {'line': b'-- Up-to-date symlink: /home/denis/DENIS/RollerBot23/guardros_ws/install/guardros_msgs/include/guardros_msgs/guardros_msgs/msg/connection_status.hpp\n'}
[0.833332] (guardros_msgs) StdoutLine: {'line': b'-- Up-to-date symlink: /home/denis/DENIS/RollerBot23/guardros_ws/install/guardros_msgs/include/guardros_msgs/guardros_msgs/msg/detail/audio_frame__builder.hpp\n'}
[0.833507] (guardros_msgs) StdoutLine: {'line': b'-- Up-to-date symlink: /home/denis/DENIS/RollerBot23/guardros_ws/install/guardros_msgs/include/guardros_msgs/guardros_msgs/msg/detail/audio_frame__struct.hpp\n'}
[0.833689] (guardros_msgs) StdoutLine: {'line': b'-- Up-to-date symlink: /home/denis/DENIS/RollerBot23/guardros_ws/install/guardros_msgs/include/guardros_msgs/guardros_msgs/msg/detail/audio_frame__traits.hpp\n'}
[0.833865] (guardros_msgs) StdoutLine: {'line': b'-- Up-to-date symlink: /home/denis/DENIS/RollerBot23/guardros_ws/install/guardros_msgs/include/guardros_msgs/guardros_msgs/msg/detail/audio_frame__type_support.hpp\n'}
[0.834041] (guardros_msgs) StdoutLine: {'line': b'-- Up-to-date symlink: /home/denis/DENIS/RollerBot23/guardros_ws/install/guardros_msgs/include/guardros_msgs/guardros_msgs/msg/detail/audio_mode__builder.hpp\n'}
[0.834214] (guardros_msgs) StdoutLine: {'line': b'-- Up-to-date symlink: /home/denis/DENIS/RollerBot23/guardros_ws/install/guardros_msgs/include/guardros_msgs/guardros_msgs/msg/detail/audio_mode__struct.hpp\n'}
[0.834392] (guardros_msgs) StdoutLine: {'line': b'-- Up-to-date symlink: /home/denis/DENIS/RollerBot23/guardros_ws/install/guardros_msgs/include/guardros_msgs/guardros_msgs/msg/detail/audio_mode__traits.hpp\n'}
[0.834574] (guardros_msgs) StdoutLine: {'line': b'-- Up-to-date symlink: /home/denis/DENIS/RollerBot23/guardros_ws/install/guardros_msgs/include/guardros_msgs/guardros_msgs/msg/detail/audio_mode__type_support.hpp\n'}
[0.834757] (guardros_msgs) StdoutLine: {'line': b'-- Up-to-date symlink: /home/denis/DENIS/RollerBot23/guardros_ws/install/guardros_msgs/include/guardros_msgs/guardros_msgs/msg/detail/battery__builder.hpp\n'}
[0.834934] (guardros_msgs) StdoutLine: {'line': b'-- Up-to-date symlink: /home/denis/DENIS/RollerBot23/guardros_ws/install/guardros_msgs/include/guardros_msgs/guardros_msgs/msg/detail/battery__struct.hpp\n'}
[0.835110] (guardros_msgs) StdoutLine: {'line': b'-- Up-to-date symlink: /home/denis/DENIS/RollerBot23/guardros_ws/install/guardros_msgs/include/guardros_msgs/guardros_msgs/msg/detail/battery__traits.hpp\n'}
[0.835284] (guardros_msgs) StdoutLine: {'line': b'-- Up-to-date symlink: /home/denis/DENIS/RollerBot23/guardros_ws/install/guardros_msgs/include/guardros_msgs/guardros_msgs/msg/detail/battery__type_support.hpp\n'}
[0.835457] (guardros_msgs) StdoutLine: {'line': b'-- Up-to-date symlink: /home/denis/DENIS/RollerBot23/guardros_ws/install/guardros_msgs/include/guardros_msgs/guardros_msgs/msg/detail/command_state__builder.hpp\n'}
[0.835643] (guardros_msgs) StdoutLine: {'line': b'-- Up-to-date symlink: /home/denis/DENIS/RollerBot23/guardros_ws/install/guardros_msgs/include/guardros_msgs/guardros_msgs/msg/detail/command_state__struct.hpp\n'}
[0.835822] (guardros_msgs) StdoutLine: {'line': b'-- Up-to-date symlink: /home/denis/DENIS/RollerBot23/guardros_ws/install/guardros_msgs/include/guardros_msgs/guardros_msgs/msg/detail/command_state__traits.hpp\n'}
[0.836008] (guardros_msgs) StdoutLine: {'line': b'-- Up-to-date symlink: /home/denis/DENIS/RollerBot23/guardros_ws/install/guardros_msgs/include/guardros_msgs/guardros_msgs/msg/detail/command_state__type_support.hpp\n'}
[0.837035] (guardros_msgs) StdoutLine: {'line': b'-- Up-to-date symlink: /home/denis/DENIS/RollerBot23/guardros_ws/install/guardros_msgs/include/guardros_msgs/guardros_msgs/msg/detail/connection_status__builder.hpp\n'}
[0.837261] (guardros_msgs) StdoutLine: {'line': b'-- Up-to-date symlink: /home/denis/DENIS/RollerBot23/guardros_ws/install/guardros_msgs/include/guardros_msgs/guardros_msgs/msg/detail/connection_status__struct.hpp\n'}
[0.837398] (guardros_msgs) StdoutLine: {'line': b'-- Up-to-date symlink: /home/denis/DENIS/RollerBot23/guardros_ws/install/guardros_msgs/include/guardros_msgs/guardros_msgs/msg/detail/connection_status__traits.hpp\n'}
[0.837520] (guardros_msgs) StdoutLine: {'line': b'-- Up-to-date symlink: /home/denis/DENIS/RollerBot23/guardros_ws/install/guardros_msgs/include/guardros_msgs/guardros_msgs/msg/detail/connection_status__type_support.hpp\n'}
[0.837691] (guardros_msgs) StdoutLine: {'line': b'-- Up-to-date symlink: /home/denis/DENIS/RollerBot23/guardros_ws/install/guardros_msgs/include/guardros_msgs/guardros_msgs/msg/detail/drive_status__builder.hpp\n'}
[0.837804] (guardros_msgs) StdoutLine: {'line': b'-- Up-to-date symlink: /home/denis/DENIS/RollerBot23/guardros_ws/install/guardros_msgs/include/guardros_msgs/guardros_msgs/msg/detail/drive_status__struct.hpp\n'}
[0.837916] (guardros_msgs) StdoutLine: {'line': b'-- Up-to-date symlink: /home/denis/DENIS/RollerBot23/guardros_ws/install/guardros_msgs/include/guardros_msgs/guardros_msgs/msg/detail/drive_status__traits.hpp\n'}
[0.838034] (guardros_msgs) StdoutLine: {'line': b'-- Up-to-date symlink: /home/denis/DENIS/RollerBot23/guardros_ws/install/guardros_msgs/include/guardros_msgs/guardros_msgs/msg/detail/drive_status__type_support.hpp\n'}
[0.838150] (guardros_msgs) StdoutLine: {'line': b'-- Up-to-date symlink: /home/denis/DENIS/RollerBot23/guardros_ws/install/guardros_msgs/include/guardros_msgs/guardros_msgs/msg/detail/magnetometer__builder.hpp\n'}
[0.838323] (guardros_msgs) StdoutLine: {'line': b'-- Up-to-date symlink: /home/denis/DENIS/RollerBot23/guardros_ws/install/guardros_msgs/include/guardros_msgs/guardros_msgs/msg/detail/magnetometer__struct.hpp\n'}
[0.838465] (guardros_msgs) StdoutLine: {'line': b'-- Up-to-date symlink: /home/denis/DENIS/RollerBot23/guardros_ws/install/guardros_msgs/include/guardros_msgs/guardros_msgs/msg/detail/magnetometer__traits.hpp\n'}
[0.838665] (guardros_msgs) StdoutLine: {'line': b'-- Up-to-date symlink: /home/denis/DENIS/RollerBot23/guardros_ws/install/guardros_msgs/include/guardros_msgs/guardros_msgs/msg/detail/magnetometer__type_support.hpp\n'}
[0.838826] (guardros_msgs) StdoutLine: {'line': b'-- Up-to-date symlink: /home/denis/DENIS/RollerBot23/guardros_ws/install/guardros_msgs/include/guardros_msgs/guardros_msgs/msg/detail/temperatures__builder.hpp\n'}
[0.838944] (guardros_msgs) StdoutLine: {'line': b'-- Up-to-date symlink: /home/denis/DENIS/RollerBot23/guardros_ws/install/guardros_msgs/include/guardros_msgs/guardros_msgs/msg/detail/temperatures__struct.hpp\n'}
[0.839063] (guardros_msgs) StdoutLine: {'line': b'-- Up-to-date symlink: /home/denis/DENIS/RollerBot23/guardros_ws/install/guardros_msgs/include/guardros_msgs/guardros_msgs/msg/detail/temperatures__traits.hpp\n'}
[0.839181] (guardros_msgs) StdoutLine: {'line': b'-- Up-to-date symlink: /home/denis/DENIS/RollerBot23/guardros_ws/install/guardros_msgs/include/guardros_msgs/guardros_msgs/msg/detail/temperatures__type_support.hpp\n'}
[0.839293] (guardros_msgs) StdoutLine: {'line': b'-- Up-to-date symlink: /home/denis/DENIS/RollerBot23/guardros_ws/install/guardros_msgs/include/guardros_msgs/guardros_msgs/msg/drive_status.hpp\n'}
[0.839399] (guardros_msgs) StdoutLine: {'line': b'-- Up-to-date symlink: /home/denis/DENIS/RollerBot23/guardros_ws/install/guardros_msgs/include/guardros_msgs/guardros_msgs/msg/magnetometer.hpp\n'}
[0.839555] (guardros_msgs) StdoutLine: {'line': b'-- Up-to-date symlink: /home/denis/DENIS/RollerBot23/guardros_ws/install/guardros_msgs/include/guardros_msgs/guardros_msgs/msg/rosidl_generator_cpp__visibility_control.hpp\n'}
[0.839686] (guardros_msgs) StdoutLine: {'line': b'-- Up-to-date symlink: /home/denis/DENIS/RollerBot23/guardros_ws/install/guardros_msgs/include/guardros_msgs/guardros_msgs/msg/temperatures.hpp\n'}
[0.839944] (guardros_msgs) StdoutLine: {'line': b'-- Up-to-date symlink: /home/denis/DENIS/RollerBot23/guardros_ws/install/guardros_msgs/include/guardros_msgs/guardros_msgs/msg/detail/audio_frame__rosidl_typesupport_fastrtps_cpp.hpp\n'}
[0.840137] (guardros_msgs) StdoutLine: {'line': b'-- Up-to-date symlink: /home/denis/DENIS/RollerBot23/guardros_ws/install/guardros_msgs/include/guardros_msgs/guardros_msgs/msg/detail/audio_mode__rosidl_typesupport_fastrtps_cpp.hpp\n'}
[0.840330] (guardros_msgs) StdoutLine: {'line': b'-- Up-to-date symlink: /home/denis/DENIS/RollerBot23/guardros_ws/install/guardros_msgs/include/guardros_msgs/guardros_msgs/msg/detail/battery__rosidl_typesupport_fastrtps_cpp.hpp\n'}
[0.840513] (guardros_msgs) StdoutLine: {'line': b'-- Up-to-date symlink: /home/denis/DENIS/RollerBot23/guardros_ws/install/guardros_msgs/include/guardros_msgs/guardros_msgs/msg/detail/command_state__rosidl_typesupport_fastrtps_cpp.hpp\n'}
[0.840686] (guardros_msgs) StdoutLine: {'line': b'-- Up-to-date symlink: /home/denis/DENIS/RollerBot23/guardros_ws/install/guardros_msgs/include/guardros_msgs/guardros_msgs/msg/detail/connection_status__rosidl_typesupport_fastrtps_cpp.hpp\n'}
[0.840839] (guardros_msgs) StdoutLine: {'line': b'-- Up-to-date symlink: /home/denis/DENIS/RollerBot23/guardros_ws/install/guardros_msgs/include/guardros_msgs/guardros_msgs/msg/detail/drive_status__rosidl_typesupport_fastrtps_cpp.hpp\n'}
[0.840996] (guardros_msgs) StdoutLine: {'line': b'-- Up-to-date symlink: /home/denis/DENIS/RollerBot23/guardros_ws/install/guardros_msgs/include/guardros_msgs/guardros_msgs/msg/detail/magnetometer__rosidl_typesupport_fastrtps_cpp.hpp\n'}
[0.841153] (guardros_msgs) StdoutLine: {'line': b'-- Up-to-date symlink: /home/denis/DENIS/RollerBot23/guardros_ws/install/guardros_msgs/include/guardros_msgs/guardros_msgs/msg/detail/temperatures__rosidl_typesupport_fastrtps_cpp.hpp\n'}
[0.841297] (guardros_msgs) StdoutLine: {'line': b'-- Up-to-date symlink: /home/denis/DENIS/RollerBot23/guardros_ws/install/guardros_msgs/include/guardros_msgs/guardros_msgs/msg/rosidl_typesupport_fastrtps_cpp__visibility_control.h\n'}
[0.841626] (guardros_msgs) StdoutLine: {'line': b'-- Up-to-date symlink: /home/denis/DENIS/RollerBot23/guardros_ws/install/guardros_msgs/include/guardros_msgs/guardros_msgs/msg/detail/audio_frame__rosidl_typesupport_introspection_cpp.hpp\n'}
[0.841804] (guardros_msgs) StdoutLine: {'line': b'-- Up-to-date symlink: /home/denis/DENIS/RollerBot23/guardros_ws/install/guardros_msgs/include/guardros_msgs/guardros_msgs/msg/detail/audio_mode__rosidl_typesupport_introspection_cpp.hpp\n'}
[0.841990] (guardros_msgs) StdoutLine: {'line': b'-- Up-to-date symlink: /home/denis/DENIS/RollerBot23/guardros_ws/install/guardros_msgs/include/guardros_msgs/guardros_msgs/msg/detail/battery__rosidl_typesupport_introspection_cpp.hpp\n'}
[0.842170] (guardros_msgs) StdoutLine: {'line': b'-- Up-to-date symlink: /home/denis/DENIS/RollerBot23/guardros_ws/install/guardros_msgs/include/guardros_msgs/guardros_msgs/msg/detail/command_state__rosidl_typesupport_introspection_cpp.hpp\n'}
[0.842344] (guardros_msgs) StdoutLine: {'line': b'-- Up-to-date symlink: /home/denis/DENIS/RollerBot23/guardros_ws/install/guardros_msgs/include/guardros_msgs/guardros_msgs/msg/detail/connection_status__rosidl_typesupport_introspection_cpp.hpp\n'}
[0.842519] (guardros_msgs) StdoutLine: {'line': b'-- Up-to-date symlink: /home/denis/DENIS/RollerBot23/guardros_ws/install/guardros_msgs/include/guardros_msgs/guardros_msgs/msg/detail/drive_status__rosidl_typesupport_introspection_cpp.hpp\n'}
[0.842702] (guardros_msgs) StdoutLine: {'line': b'-- Up-to-date symlink: /home/denis/DENIS/RollerBot23/guardros_ws/install/guardros_msgs/include/guardros_msgs/guardros_msgs/msg/detail/magnetometer__rosidl_typesupport_introspection_cpp.hpp\n'}
[0.842882] (guardros_msgs) StdoutLine: {'line': b'-- Up-to-date symlink: /home/denis/DENIS/RollerBot23/guardros_ws/install/guardros_msgs/include/guardros_msgs/guardros_msgs/msg/detail/temperatures__rosidl_typesupport_introspection_cpp.hpp\n'}
[0.843121] (guardros_msgs) StdoutLine: {'line': b'-- Up-to-date symlink: /home/denis/DENIS/RollerBot23/guardros_ws/install/guardros_msgs/share/guardros_msgs/environment/pythonpath.sh\n'}
[0.843353] (guardros_msgs) StdoutLine: {'line': b'-- Up-to-date symlink: /home/denis/DENIS/RollerBot23/guardros_ws/install/guardros_msgs/share/guardros_msgs/environment/pythonpath.dsv\n'}
[0.843743] (guardros_msgs) StdoutLine: {'line': b'-- Up-to-date symlink: /home/denis/DENIS/RollerBot23/guardros_ws/install/guardros_msgs/local/lib/python3.10/dist-packages/guardros_msgs-0.0.0-py3.10.egg-info/PKG-INFO\n'}
[0.843964] (guardros_msgs) StdoutLine: {'line': b'-- Up-to-date symlink: /home/denis/DENIS/RollerBot23/guardros_ws/install/guardros_msgs/local/lib/python3.10/dist-packages/guardros_msgs-0.0.0-py3.10.egg-info/SOURCES.txt\n'}
[0.844138] (guardros_msgs) StdoutLine: {'line': b'-- Up-to-date symlink: /home/denis/DENIS/RollerBot23/guardros_ws/install/guardros_msgs/local/lib/python3.10/dist-packages/guardros_msgs-0.0.0-py3.10.egg-info/dependency_links.txt\n'}
[0.844317] (guardros_msgs) StdoutLine: {'line': b'-- Up-to-date symlink: /home/denis/DENIS/RollerBot23/guardros_ws/install/guardros_msgs/local/lib/python3.10/dist-packages/guardros_msgs-0.0.0-py3.10.egg-info/top_level.txt\n'}
[0.845086] (guardros_msgs) StdoutLine: {'line': b'-- Up-to-date symlink: /home/denis/DENIS/RollerBot23/guardros_ws/install/guardros_msgs/local/lib/python3.10/dist-packages/guardros_msgs/__init__.py\n'}
[0.845266] (guardros_msgs) StdoutLine: {'line': b'-- Up-to-date symlink: /home/denis/DENIS/RollerBot23/guardros_ws/install/guardros_msgs/local/lib/python3.10/dist-packages/guardros_msgs/_guardros_msgs_s.ep.rosidl_typesupport_c.c\n'}
[0.845432] (guardros_msgs) StdoutLine: {'line': b'-- Up-to-date symlink: /home/denis/DENIS/RollerBot23/guardros_ws/install/guardros_msgs/local/lib/python3.10/dist-packages/guardros_msgs/_guardros_msgs_s.ep.rosidl_typesupport_fastrtps_c.c\n'}
[0.845620] (guardros_msgs) StdoutLine: {'line': b'-- Up-to-date symlink: /home/denis/DENIS/RollerBot23/guardros_ws/install/guardros_msgs/local/lib/python3.10/dist-packages/guardros_msgs/_guardros_msgs_s.ep.rosidl_typesupport_introspection_c.c\n'}
[0.845789] (guardros_msgs) StdoutLine: {'line': b'-- Up-to-date symlink: /home/denis/DENIS/RollerBot23/guardros_ws/install/guardros_msgs/local/lib/python3.10/dist-packages/guardros_msgs/guardros_msgs_s__rosidl_typesupport_c.cpython-310-x86_64-linux-gnu.so\n'}
[0.845964] (guardros_msgs) StdoutLine: {'line': b'-- Up-to-date symlink: /home/denis/DENIS/RollerBot23/guardros_ws/install/guardros_msgs/local/lib/python3.10/dist-packages/guardros_msgs/guardros_msgs_s__rosidl_typesupport_fastrtps_c.cpython-310-x86_64-linux-gnu.so\n'}
[0.846136] (guardros_msgs) StdoutLine: {'line': b'-- Up-to-date symlink: /home/denis/DENIS/RollerBot23/guardros_ws/install/guardros_msgs/local/lib/python3.10/dist-packages/guardros_msgs/guardros_msgs_s__rosidl_typesupport_introspection_c.cpython-310-x86_64-linux-gnu.so\n'}
[0.846302] (guardros_msgs) StdoutLine: {'line': b'-- Up-to-date symlink: /home/denis/DENIS/RollerBot23/guardros_ws/install/guardros_msgs/local/lib/python3.10/dist-packages/guardros_msgs/libguardros_msgs__rosidl_generator_py.so\n'}
[0.846481] (guardros_msgs) StdoutLine: {'line': b'-- Up-to-date symlink: /home/denis/DENIS/RollerBot23/guardros_ws/install/guardros_msgs/local/lib/python3.10/dist-packages/guardros_msgs/msg/__init__.py\n'}
[0.846665] (guardros_msgs) StdoutLine: {'line': b'-- Up-to-date symlink: /home/denis/DENIS/RollerBot23/guardros_ws/install/guardros_msgs/local/lib/python3.10/dist-packages/guardros_msgs/msg/_audio_frame.py\n'}
[0.846840] (guardros_msgs) StdoutLine: {'line': b'-- Up-to-date symlink: /home/denis/DENIS/RollerBot23/guardros_ws/install/guardros_msgs/local/lib/python3.10/dist-packages/guardros_msgs/msg/_audio_frame_s.c\n'}
[0.847018] (guardros_msgs) StdoutLine: {'line': b'-- Up-to-date symlink: /home/denis/DENIS/RollerBot23/guardros_ws/install/guardros_msgs/local/lib/python3.10/dist-packages/guardros_msgs/msg/_audio_mode.py\n'}
[0.847190] (guardros_msgs) StdoutLine: {'line': b'-- Up-to-date symlink: /home/denis/DENIS/RollerBot23/guardros_ws/install/guardros_msgs/local/lib/python3.10/dist-packages/guardros_msgs/msg/_audio_mode_s.c\n'}
[0.847357] (guardros_msgs) StdoutLine: {'line': b'-- Up-to-date symlink: /home/denis/DENIS/RollerBot23/guardros_ws/install/guardros_msgs/local/lib/python3.10/dist-packages/guardros_msgs/msg/_battery.py\n'}
[0.847530] (guardros_msgs) StdoutLine: {'line': b'-- Up-to-date symlink: /home/denis/DENIS/RollerBot23/guardros_ws/install/guardros_msgs/local/lib/python3.10/dist-packages/guardros_msgs/msg/_battery_s.c\n'}
[0.847708] (guardros_msgs) StdoutLine: {'line': b'-- Up-to-date symlink: /home/denis/DENIS/RollerBot23/guardros_ws/install/guardros_msgs/local/lib/python3.10/dist-packages/guardros_msgs/msg/_command_state.py\n'}
[0.847885] (guardros_msgs) StdoutLine: {'line': b'-- Up-to-date symlink: /home/denis/DENIS/RollerBot23/guardros_ws/install/guardros_msgs/local/lib/python3.10/dist-packages/guardros_msgs/msg/_command_state_s.c\n'}
[0.848055] (guardros_msgs) StdoutLine: {'line': b'-- Up-to-date symlink: /home/denis/DENIS/RollerBot23/guardros_ws/install/guardros_msgs/local/lib/python3.10/dist-packages/guardros_msgs/msg/_connection_status.py\n'}
[0.848231] (guardros_msgs) StdoutLine: {'line': b'-- Up-to-date symlink: /home/denis/DENIS/RollerBot23/guardros_ws/install/guardros_msgs/local/lib/python3.10/dist-packages/guardros_msgs/msg/_connection_status_s.c\n'}
[0.848398] (guardros_msgs) StdoutLine: {'line': b'-- Up-to-date symlink: /home/denis/DENIS/RollerBot23/guardros_ws/install/guardros_msgs/local/lib/python3.10/dist-packages/guardros_msgs/msg/_drive_status.py\n'}
[0.848581] (guardros_msgs) StdoutLine: {'line': b'-- Up-to-date symlink: /home/denis/DENIS/RollerBot23/guardros_ws/install/guardros_msgs/local/lib/python3.10/dist-packages/guardros_msgs/msg/_drive_status_s.c\n'}
[0.848755] (guardros_msgs) StdoutLine: {'line': b'-- Up-to-date symlink: /home/denis/DENIS/RollerBot23/guardros_ws/install/guardros_msgs/local/lib/python3.10/dist-packages/guardros_msgs/msg/_magnetometer.py\n'}
[0.848929] (guardros_msgs) StdoutLine: {'line': b'-- Up-to-date symlink: /home/denis/DENIS/RollerBot23/guardros_ws/install/guardros_msgs/local/lib/python3.10/dist-packages/guardros_msgs/msg/_magnetometer_s.c\n'}
[0.849100] (guardros_msgs) StdoutLine: {'line': b'-- Up-to-date symlink: /home/denis/DENIS/RollerBot23/guardros_ws/install/guardros_msgs/local/lib/python3.10/dist-packages/guardros_msgs/msg/_temperatures.py\n'}
[0.849278] (guardros_msgs) StdoutLine: {'line': b'-- Up-to-date symlink: /home/denis/DENIS/RollerBot23/guardros_ws/install/guardros_msgs/local/lib/python3.10/dist-packages/guardros_msgs/msg/_temperatures_s.c\n'}
[0.849626] (guardros_msgs) StdoutLine: {'line': b'-- Up-to-date symlink: /home/denis/DENIS/RollerBot23/guardros_ws/install/guardros_msgs/local/lib/python3.10/dist-packages/guardros_msgs/guardros_msgs_s__rosidl_typesupport_fastrtps_c.cpython-310-x86_64-linux-gnu.so\n'}
[0.849943] (guardros_msgs) StdoutLine: {'line': b'-- Up-to-date symlink: /home/denis/DENIS/RollerBot23/guardros_ws/install/guardros_msgs/local/lib/python3.10/dist-packages/guardros_msgs/guardros_msgs_s__rosidl_typesupport_introspection_c.cpython-310-x86_64-linux-gnu.so\n'}
[0.850255] (guardros_msgs) StdoutLine: {'line': b'-- Up-to-date symlink: /home/denis/DENIS/RollerBot23/guardros_ws/install/guardros_msgs/local/lib/python3.10/dist-packages/guardros_msgs/guardros_msgs_s__rosidl_typesupport_c.cpython-310-x86_64-linux-gnu.so\n'}
[0.850492] (guardros_msgs) StdoutLine: {'line': b'-- Up-to-date symlink: /home/denis/DENIS/RollerBot23/guardros_ws/install/guardros_msgs/share/guardros_msgs/msg/Battery.idl\n'}
[0.850731] (guardros_msgs) StdoutLine: {'line': b'-- Up-to-date symlink: /home/denis/DENIS/RollerBot23/guardros_ws/install/guardros_msgs/share/guardros_msgs/msg/Temperatures.idl\n'}
[0.850958] (guardros_msgs) StdoutLine: {'line': b'-- Up-to-date symlink: /home/denis/DENIS/RollerBot23/guardros_ws/install/guardros_msgs/share/guardros_msgs/msg/DriveStatus.idl\n'}
[0.851181] (guardros_msgs) StdoutLine: {'line': b'-- Up-to-date symlink: /home/denis/DENIS/RollerBot23/guardros_ws/install/guardros_msgs/share/guardros_msgs/msg/Magnetometer.idl\n'}
[0.851406] (guardros_msgs) StdoutLine: {'line': b'-- Up-to-date symlink: /home/denis/DENIS/RollerBot23/guardros_ws/install/guardros_msgs/share/guardros_msgs/msg/ConnectionStatus.idl\n'}
[0.851635] (guardros_msgs) StdoutLine: {'line': b'-- Up-to-date symlink: /home/denis/DENIS/RollerBot23/guardros_ws/install/guardros_msgs/share/guardros_msgs/msg/CommandState.idl\n'}
[0.851859] (guardros_msgs) StdoutLine: {'line': b'-- Up-to-date symlink: /home/denis/DENIS/RollerBot23/guardros_ws/install/guardros_msgs/share/guardros_msgs/msg/AudioFrame.idl\n'}
[0.852085] (guardros_msgs) StdoutLine: {'line': b'-- Up-to-date symlink: /home/denis/DENIS/RollerBot23/guardros_ws/install/guardros_msgs/share/guardros_msgs/msg/AudioMode.idl\n'}
[0.852299] (guardros_msgs) StdoutLine: {'line': b'-- Up-to-date symlink: /home/denis/DENIS/RollerBot23/guardros_ws/install/guardros_msgs/share/guardros_msgs/msg/Battery.msg\n'}
[0.852515] (guardros_msgs) StdoutLine: {'line': b'-- Up-to-date symlink: /home/denis/DENIS/RollerBot23/guardros_ws/install/guardros_msgs/share/guardros_msgs/msg/Temperatures.msg\n'}
[0.853081] (guardros_msgs) StdoutLine: {'line': b'-- Up-to-date symlink: /home/denis/DENIS/RollerBot23/guardros_ws/install/guardros_msgs/share/guardros_msgs/msg/DriveStatus.msg\n'}
[0.853222] (guardros_msgs) StdoutLine: {'line': b'-- Up-to-date symlink: /home/denis/DENIS/RollerBot23/guardros_ws/install/guardros_msgs/share/guardros_msgs/msg/Magnetometer.msg\n'}
[0.853951] (guardros_msgs) StdoutLine: {'line': b'-- Up-to-date symlink: /home/denis/DENIS/RollerBot23/guardros_ws/install/guardros_msgs/share/guardros_msgs/msg/ConnectionStatus.msg\n'}
[0.854111] (guardros_msgs) StdoutLine: {'line': b'-- Up-to-date symlink: /home/denis/DENIS/RollerBot23/guardros_ws/install/guardros_msgs/share/guardros_msgs/msg/CommandState.msg\n'}
[0.854227] (guardros_msgs) StdoutLine: {'line': b'-- Up-to-date symlink: /home/denis/DENIS/RollerBot23/guardros_ws/install/guardros_msgs/share/guardros_msgs/msg/AudioFrame.msg\n'}
[0.854350] (guardros_msgs) StdoutLine: {'line': b'-- Up-to-date symlink: /home/denis/DENIS/RollerBot23/guardros_ws/install/guardros_msgs/share/guardros_msgs/msg/AudioMode.msg\n'}
[0.854504] (guardros_msgs) StdoutLine: {'line': b'-- Up-to-date symlink: /home/denis/DENIS/RollerBot23/guardros_ws/install/guardros_msgs/share/ament_index/resource_index/package_run_dependencies/guardros_msgs\n'}
[0.854673] (guardros_msgs) StdoutLine: {'line': b'-- Up-to-date symlink: /home/denis/DENIS/RollerBot23/guardros_ws/install/guardros_msgs/share/ament_index/resource_index/parent_prefix_path/guardros_msgs\n'}
[0.854826] (guardros_msgs) StdoutLine: {'line': b'-- Up-to-date symlink: /home/denis/DENIS/RollerBot23/guardros_ws/install/guardros_msgs/share/guardros_msgs/environment/ament_prefix_path.sh\n'}
[0.855038] (guardros_msgs) StdoutLine: {'line': b'-- Up-to-date symlink: /home/denis/DENIS/RollerBot23/guardros_ws/install/guardros_msgs/share/guardros_msgs/environment/ament_prefix_path.dsv\n'}
[0.855256] (guardros_msgs) StdoutLine: {'line': b'-- Up-to-date symlink: /home/denis/DENIS/RollerBot23/guardros_ws/install/guardros_msgs/share/guardros_msgs/environment/path.sh\n'}
[0.855473] (guardros_msgs) StdoutLine: {'line': b'-- Up-to-date symlink: /home/denis/DENIS/RollerBot23/guardros_ws/install/guardros_msgs/share/guardros_msgs/environment/path.dsv\n'}
[0.855697] (guardros_msgs) StdoutLine: {'line': b'-- Up-to-date symlink: /home/denis/DENIS/RollerBot23/guardros_ws/install/guardros_msgs/share/guardros_msgs/local_setup.bash\n'}
[0.855917] (guardros_msgs) StdoutLine: {'line': b'-- Up-to-date symlink: /home/denis/DENIS/RollerBot23/guardros_ws/install/guardros_msgs/share/guardros_msgs/local_setup.sh\n'}
[0.856144] (guardros_msgs) StdoutLine: {'line': b'-- Up-to-date symlink: /home/denis/DENIS/RollerBot23/guardros_ws/install/guardros_msgs/share/guardros_msgs/local_setup.zsh\n'}
[0.856355] (guardros_msgs) StdoutLine: {'line': b'-- Up-to-date symlink: /home/denis/DENIS/RollerBot23/guardros_ws/install/guardros_msgs/share/guardros_msgs/local_setup.dsv\n'}
[0.856521] (guardros_msgs) StdoutLine: {'line': b'-- Symlinking: /home/denis/DENIS/RollerBot23/guardros_ws/install/guardros_msgs/share/guardros_msgs/package.dsv\n'}
[0.864379] (guardros_msgs) StdoutLine: {'line': b'-- Up-to-date symlink: /home/denis/DENIS/RollerBot23/guardros_ws/install/guardros_msgs/share/ament_index/resource_index/packages/guardros_msgs\n'}
[0.864629] (guardros_msgs) StdoutLine: {'line': b'-- Up-to-date symlink: /home/denis/DENIS/RollerBot23/guardros_ws/install/guardros_msgs/share/guardros_msgs/cmake/rosidl_cmake-extras.cmake\n'}
[0.864808] (guardros_msgs) StdoutLine: {'line': b'-- Up-to-date symlink: /home/denis/DENIS/RollerBot23/guardros_ws/install/guardros_msgs/share/guardros_msgs/cmake/ament_cmake_export_include_directories-extras.cmake\n'}
[0.865033] (guardros_msgs) StdoutLine: {'line': b'-- Up-to-date symlink: /home/denis/DENIS/RollerBot23/guardros_ws/install/guardros_msgs/share/guardros_msgs/cmake/ament_cmake_export_libraries-extras.cmake\n'}
[0.865250] (guardros_msgs) StdoutLine: {'line': b'-- Up-to-date symlink: /home/denis/DENIS/RollerBot23/guardros_ws/install/guardros_msgs/share/guardros_msgs/cmake/ament_cmake_export_targets-extras.cmake\n'}
[0.865468] (guardros_msgs) StdoutLine: {'line': b'-- Up-to-date symlink: /home/denis/DENIS/RollerBot23/guardros_ws/install/guardros_msgs/share/guardros_msgs/cmake/rosidl_cmake_export_typesupport_targets-extras.cmake\n'}
[0.865702] (guardros_msgs) StdoutLine: {'line': b'-- Up-to-date symlink: /home/denis/DENIS/RollerBot23/guardros_ws/install/guardros_msgs/share/guardros_msgs/cmake/ament_cmake_export_dependencies-extras.cmake\n'}
[0.865926] (guardros_msgs) StdoutLine: {'line': b'-- Up-to-date symlink: /home/denis/DENIS/RollerBot23/guardros_ws/install/guardros_msgs/share/guardros_msgs/cmake/rosidl_cmake_export_typesupport_libraries-extras.cmake\n'}
[0.866152] (guardros_msgs) StdoutLine: {'line': b'-- Up-to-date symlink: /home/denis/DENIS/RollerBot23/guardros_ws/install/guardros_msgs/share/guardros_msgs/cmake/guardros_msgsConfig.cmake\n'}
[0.866313] (guardros_msgs) StdoutLine: {'line': b'-- Up-to-date symlink: /home/denis/DENIS/RollerBot23/guardros_ws/install/guardros_msgs/share/guardros_msgs/cmake/guardros_msgsConfig-version.cmake\n'}
[0.866529] (guardros_msgs) StdoutLine: {'line': b'-- Up-to-date symlink: /home/denis/DENIS/RollerBot23/guardros_ws/install/guardros_msgs/share/guardros_msgs/package.xml\n'}
[0.866798] (guardros_msgs) StdoutLine: {'line': b'-- Up-to-date: /home/denis/DENIS/RollerBot23/guardros_ws/install/guardros_msgs/lib/libguardros_msgs__rosidl_generator_c.so\n'}
[0.867098] (guardros_msgs) StdoutLine: {'line': b'-- Up-to-date: /home/denis/DENIS/RollerBot23/guardros_ws/install/guardros_msgs/lib/libguardros_msgs__rosidl_typesupport_fastrtps_c.so\n'}
[0.867391] (guardros_msgs) StdoutLine: {'line': b'-- Up-to-date: /home/denis/DENIS/RollerBot23/guardros_ws/install/guardros_msgs/lib/libguardros_msgs__rosidl_typesupport_introspection_c.so\n'}
[0.867687] (guardros_msgs) StdoutLine: {'line': b'-- Up-to-date: /home/denis/DENIS/RollerBot23/guardros_ws/install/guardros_msgs/lib/libguardros_msgs__rosidl_typesupport_c.so\n'}
[0.867975] (guardros_msgs) StdoutLine: {'line': b'-- Up-to-date: /home/denis/DENIS/RollerBot23/guardros_ws/install/guardros_msgs/lib/libguardros_msgs__rosidl_typesupport_fastrtps_cpp.so\n'}
[0.868266] (guardros_msgs) StdoutLine: {'line': b'-- Up-to-date: /home/denis/DENIS/RollerBot23/guardros_ws/install/guardros_msgs/lib/libguardros_msgs__rosidl_typesupport_introspection_cpp.so\n'}
[0.868554] (guardros_msgs) StdoutLine: {'line': b'-- Up-to-date: /home/denis/DENIS/RollerBot23/guardros_ws/install/guardros_msgs/lib/libguardros_msgs__rosidl_typesupport_cpp.so\n'}
[0.899442] (guardros_msgs) StdoutLine: {'line': b"Listing '/home/denis/DENIS/RollerBot23/guardros_ws/install/guardros_msgs/local/lib/python3.10/dist-packages/guardros_msgs'...\n"}
[0.899675] (guardros_msgs) StdoutLine: {'line': b"Listing '/home/denis/DENIS/RollerBot23/guardros_ws/install/guardros_msgs/local/lib/python3.10/dist-packages/guardros_msgs/msg'...\n"}
[0.902736] (-) TimerEvent: {}
[0.904780] (guardros_msgs) StdoutLine: {'line': b'-- Up-to-date: /home/denis/DENIS/RollerBot23/guardros_ws/install/guardros_msgs/lib/libguardros_msgs__rosidl_generator_py.so\n'}
[0.905032] (guardros_msgs) StdoutLine: {'line': b'-- Up-to-date: /home/denis/DENIS/RollerBot23/guardros_ws/install/guardros_msgs/share/guardros_msgs/cmake/export_guardros_msgs__rosidl_generator_cExport.cmake\n'}
[0.905209] (guardros_msgs) StdoutLine: {'line': b'-- Up-to-date: /home/denis/DENIS/RollerBot23/guardros_ws/install/guardros_msgs/share/guardros_msgs/cmake/export_guardros_msgs__rosidl_generator_cExport-noconfig.cmake\n'}
[0.905363] (guardros_msgs) StdoutLine: {'line': b'-- Up-to-date: /home/denis/DENIS/RollerBot23/guardros_ws/install/guardros_msgs/share/guardros_msgs/cmake/export_guardros_msgs__rosidl_typesupport_fastrtps_cExport.cmake\n'}
[0.905515] (guardros_msgs) StdoutLine: {'line': b'-- Up-to-date: /home/denis/DENIS/RollerBot23/guardros_ws/install/guardros_msgs/share/guardros_msgs/cmake/export_guardros_msgs__rosidl_typesupport_fastrtps_cExport-noconfig.cmake\n'}
[0.905696] (guardros_msgs) StdoutLine: {'line': b'-- Up-to-date: /home/denis/DENIS/RollerBot23/guardros_ws/install/guardros_msgs/share/guardros_msgs/cmake/guardros_msgs__rosidl_typesupport_introspection_cExport.cmake\n'}
[0.905870] (guardros_msgs) StdoutLine: {'line': b'-- Up-to-date: /home/denis/DENIS/RollerBot23/guardros_ws/install/guardros_msgs/share/guardros_msgs/cmake/guardros_msgs__rosidl_typesupport_introspection_cExport-noconfig.cmake\n'}
[0.905985] (guardros_msgs) StdoutLine: {'line': b'-- Up-to-date: /home/denis/DENIS/RollerBot23/guardros_ws/install/guardros_msgs/share/guardros_msgs/cmake/guardros_msgs__rosidl_typesupport_cExport.cmake\n'}
[0.906103] (guardros_msgs) StdoutLine: {'line': b'-- Up-to-date: /home/denis/DENIS/RollerBot23/guardros_ws/install/guardros_msgs/share/guardros_msgs/cmake/guardros_msgs__rosidl_typesupport_cExport-noconfig.cmake\n'}
[0.906219] (guardros_msgs) StdoutLine: {'line': b'-- Up-to-date: /home/denis/DENIS/RollerBot23/guardros_ws/install/guardros_msgs/share/guardros_msgs/cmake/export_guardros_msgs__rosidl_generator_cppExport.cmake\n'}
[0.906370] (guardros_msgs) StdoutLine: {'line': b'-- Up-to-date: /home/denis/DENIS/RollerBot23/guardros_ws/install/guardros_msgs/share/guardros_msgs/cmake/export_guardros_msgs__rosidl_typesupport_fastrtps_cppExport.cmake\n'}
[0.906554] (guardros_msgs) StdoutLine: {'line': b'-- Up-to-date: /home/denis/DENIS/RollerBot23/guardros_ws/install/guardros_msgs/share/guardros_msgs/cmake/export_guardros_msgs__rosidl_typesupport_fastrtps_cppExport-noconfig.cmake\n'}
[0.906719] (guardros_msgs) StdoutLine: {'line': b'-- Up-to-date: /home/denis/DENIS/RollerBot23/guardros_ws/install/guardros_msgs/share/guardros_msgs/cmake/guardros_msgs__rosidl_typesupport_introspection_cppExport.cmake\n'}
[0.906830] (guardros_msgs) StdoutLine: {'line': b'-- Up-to-date: /home/denis/DENIS/RollerBot23/guardros_ws/install/guardros_msgs/share/guardros_msgs/cmake/guardros_msgs__rosidl_typesupport_introspection_cppExport-noconfig.cmake\n'}
[0.906951] (guardros_msgs) StdoutLine: {'line': b'-- Up-to-date: /home/denis/DENIS/RollerBot23/guardros_ws/install/guardros_msgs/share/guardros_msgs/cmake/guardros_msgs__rosidl_typesupport_cppExport.cmake\n'}
[0.907053] (guardros_msgs) StdoutLine: {'line': b'-- Up-to-date: /home/denis/DENIS/RollerBot23/guardros_ws/install/guardros_msgs/share/guardros_msgs/cmake/guardros_msgs__rosidl_typesupport_cppExport-noconfig.cmake\n'}
[0.907152] (guardros_msgs) StdoutLine: {'line': b'-- Up-to-date: /home/denis/DENIS/RollerBot23/guardros_ws/install/guardros_msgs/share/guardros_msgs/cmake/export_guardros_msgs__rosidl_generator_pyExport.cmake\n'}
[0.907257] (guardros_msgs) StdoutLine: {'line': b'-- Up-to-date: /home/denis/DENIS/RollerBot23/guardros_ws/install/guardros_msgs/share/guardros_msgs/cmake/export_guardros_msgs__rosidl_generator_pyExport-noconfig.cmake\n'}
[0.908772] (guardros_msgs) CommandEnded: {'returncode': 0}
[0.929264] (guardros_msgs) JobEnded: {'identifier': 'guardros_msgs', 'rc': 0}
[0.930784] (rb23_audio) JobStarted: {'identifier': 'rb23_audio'}
[0.934084] (rb23_experiment_logger) JobStarted: {'identifier': 'rb23_experiment_logger'}
[0.940881] (rb23_telemetry_viewer) JobStarted: {'identifier': 'rb23_telemetry_viewer'}
[1.002857] (-) TimerEvent: {}
[1.103128] (-) TimerEvent: {}
[1.203508] (-) TimerEvent: {}
[1.303922] (-) TimerEvent: {}
[1.404206] (-) TimerEvent: {}
[1.504502] (-) TimerEvent: {}
[1.604779] (-) TimerEvent: {}
[1.705059] (-) TimerEvent: {}
[1.771133] (rb23_ros_driver) Command: {'cmd': ['/usr/bin/python3', '-W', 'ignore:setup.py install is deprecated', '-W', 'ignore:easy_install command is deprecated', 'setup.py', 'egg_info', '--egg-base', '../../build/rb23_ros_driver', 'build', '--build-base', '/home/denis/DENIS/RollerBot23/guardros_ws/build/rb23_ros_driver/build', 'install', '--record', '/home/denis/DENIS/RollerBot23/guardros_ws/build/rb23_ros_driver/install.log', '--single-version-externally-managed', 'install_data'], 'cwd': '/home/denis/DENIS/RollerBot23/guardros_ws/src/rb23_ros_driver', 'env': {'LESSOPEN': '| /usr/bin/lesspipe %s', 'LANGUAGE': 'pt_BR:pt:en', 'USER': 'denis', 'XDG_SESSION_TYPE': 'wayland', 'IGNITION_VERSION': 'citadel', 'SHLVL': '1', 'LD_LIBRARY_PATH': '/opt/ros/humble/opt/rviz_ogre_vendor/lib:/opt/ros/humble/lib/x86_64-linux-gnu:/opt/ros/humble/lib', 'HOME': '/home/denis', 'OLDPWD': '/home/denis', 'DESKTOP_SESSION': 'ubuntu', 'ROS_PYTHON_VERSION': '3', 'GNOME_SHELL_SESSION_MODE': 'ubuntu', 'GTK_MODULES': 'gail:atk-bridge', 'SYSTEMD_EXEC_PID': '1959', 'DBUS_SESSION_BUS_ADDRESS': 'unix:path=/run/user/1000/bus', 'COLORTERM': 'truecolor', 'IM_CONFIG_PHASE': '1', 'WAYLAND_DISPLAY': 'wayland-0', 'ROS_DISTRO': 'humble', 'LOGNAME': 'denis', '_': '/usr/bin/colcon', 'ROS_VERSION': '2', 'XDG_SESSION_CLASS': 'user', 'USERNAME': 'denis', 'TERM': 'xterm-256color', 'GNOME_DESKTOP_SESSION_ID': 'this-is-deprecated', 'ROS_LOCALHOST_ONLY': '0', 'PATH': '/opt/ros/humble/bin:/usr/local/sbin:/usr/local/bin:/usr/sbin:/usr/bin:/sbin:/bin:/usr/games:/usr/local/games:/snap/bin:/snap/bin', 'SESSION_MANAGER': 'local/denis-Aspire-A515-54G:@/tmp/.ICE-unix/1731,unix/denis-Aspire-A515-54G:/tmp/.ICE-unix/1731', 'XDG_MENU_PREFIX': 'gnome-', 'GNOME_TERMINAL_SCREEN': '/org/gnome/Terminal/screen/5e47eb9f_b611_493b_9cfc_165058aaca85', 'GNOME_SETUP_DISPLAY': ':1', 'XDG_RUNTIME_DIR': '/run/user/1000', 'DISPLAY': ':0', 'LANG': 'pt_BR.UTF-8', 'XDG_CURRENT_DESKTOP': 'ubuntu:GNOME', 'XMODIFIERS': '@im=ibus', 'XDG_SESSION_DESKTOP': 'ubuntu', 'XAUTHORITY': '/run/user/1000/.mutter-Xwaylandauth.RZ2LO3', 'LS_COLORS': 'rs=0:di=01;34:ln=01;36:mh=00:pi=40;33:so=01;35:do=01;35:bd=40;33;01:cd=40;33;01:or=40;31;01:mi=00:su=37;41:sg=30;43:ca=30;41:tw=30;42:ow=34;42:st=37;44:ex=01;32:*.tar=01;31:*.tgz=01;31:*.arc=01;31:*.arj=01;31:*.taz=01;31:*.lha=01;31:*.lz4=01;31:*.lzh=01;31:*.lzma=01;31:*.tlz=01;31:*.txz=01;31:*.tzo=01;31:*.t7z=01;31:*.zip=01;31:*.z=01;31:*.dz=01;31:*.gz=01;31:*.lrz=01;31:*.lz=01;31:*.lzo=01;31:*.xz=01;31:*.zst=01;31:*.tzst=01;31:*.bz2=01;31:*.bz=01;31:*.tbz=01;31:*.tbz2=01;31:*.tz=01;31:*.deb=01;31:*.rpm=01;31:*.jar=01;31:*.war=01;31:*.ear=01;31:*.sar=01;31:*.rar=01;31:*.alz=01;31:*.ace=01;31:*.zoo=01;31:*.cpio=01;31:*.7z=01;31:*.rz=01;31:*.cab=01;31:*.wim=01;31:*.swm=01;31:*.dwm=01;31:*.esd=01;31:*.jpg=01;35:*.jpeg=01;35:*.mjpg=01;35:*.mjpeg=01;35:*.gif=01;35:*.bmp=01;35:*.pbm=01;35:*.pgm=01;35:*.ppm=01;35:*.tga=01;35:*.xbm=01;35:*.xpm=01;35:*.tif=01;35:*.tiff=01;35:*.png=01;35:*.svg=01;35:*.svgz=01;35:*.mng=01;35:*.pcx=01;35:*.mov=01;35:*.mpg=01;35:*.mpeg=01;35:*.m2v=01;35:*.mkv=01;35:*.webm=01;35:*.webp=01;35:*.ogm=01;35:*.mp4=01;35:*.m4v=01;35:*.mp4v=01;35:*.vob=01;35:*.qt=01;35:*.nuv=01;35:*.wmv=01;35:*.asf=01;35:*.rm=01;35:*.rmvb=01;35:*.flc=01;35:*.avi=01;35:*.fli=01;35:*.flv=01;35:*.gl=01;35:*.dl=01;35:*.xcf=01;35:*.xwd=01;35:*.yuv=01;35:*.cgm=01;35:*.emf=01;35:*.ogv=01;35:*.ogx=01;35:*.aac=00;36:*.au=00;36:*.flac=00;36:*.m4a=00;36:*.mid=00;36:*.midi=00;36:*.mka=00;36:*.mp3=00;36:*.mpc=00;36:*.ogg=00;36:*.ra=00;36:*.wav=00;36:*.oga=00;36:*.opus=00;36:*.spx=00;36:*.xspf=00;36:', 'GNOME_TERMINAL_SERVICE': ':1.135', 'SSH_AGENT_LAUNCHER': 'gnome-keyring', 'SSH_AUTH_SOCK': '/run/user/1000/keyring/ssh', 'AMENT_PREFIX_PATH': '/opt/ros/humble', 'SHELL': '/bin/bash', 'QT_ACCESSIBILITY': '1', 'GDMSESSION': 'ubuntu', 'LESSCLOSE': '/usr/bin/lesspipe %s %s', 'QT_IM_MODULE': 'ibus', 'PWD': '/home/denis/DENIS/RollerBot23/guardros_ws/build/rb23_ros_driver', 'XDG_CONFIG_DIRS': '/etc/xdg/xdg-ubuntu:/etc/xdg', 'XDG_DATA_DIRS': '/usr/share/ubuntu:/usr/local/share/:/usr/share/:/var/lib/snapd/desktop', 'PYTHONPATH': '/home/denis/DENIS/RollerBot23/guardros_ws/build/rb23_ros_driver/prefix_override:/usr/lib/python3/dist-packages/colcon_core/task/python/colcon_distutils_commands:/home/denis/DENIS/RollerBot23/guardros_ws/install/rb23_ros_driver/lib/python3.10/site-packages:/opt/ros/humble/lib/python3.10/site-packages:/opt/ros/humble/local/lib/python3.10/dist-packages', 'COLCON': '1', 'VTE_VERSION': '6800'}, 'shell': False}
[1.775808] (rb23_keyboard_teleop) Command: {'cmd': ['/usr/bin/python3', '-W', 'ignore:setup.py install is deprecated', '-W', 'ignore:easy_install command is deprecated', 'setup.py', 'egg_info', '--egg-base', '../../build/rb23_keyboard_teleop', 'build', '--build-base', '/home/denis/DENIS/RollerBot23/guardros_ws/build/rb23_keyboard_teleop/build', 'install', '--record', '/home/denis/DENIS/RollerBot23/guardros_ws/build/rb23_keyboard_teleop/install.log', '--single-version-externally-managed', 'install_data'], 'cwd': '/home/denis/DENIS/RollerBot23/guardros_ws/src/rb23_keyboard_teleop', 'env': {'LESSOPEN': '| /usr/bin/lesspipe %s', 'LANGUAGE': 'pt_BR:pt:en', 'USER': 'denis', 'XDG_SESSION_TYPE': 'wayland', 'IGNITION_VERSION': 'citadel', 'SHLVL': '1', 'LD_LIBRARY_PATH': '/opt/ros/humble/opt/rviz_ogre_vendor/lib:/opt/ros/humble/lib/x86_64-linux-gnu:/opt/ros/humble/lib', 'HOME': '/home/denis', 'OLDPWD': '/home/denis', 'DESKTOP_SESSION': 'ubuntu', 'ROS_PYTHON_VERSION': '3', 'GNOME_SHELL_SESSION_MODE': 'ubuntu', 'GTK_MODULES': 'gail:atk-bridge', 'SYSTEMD_EXEC_PID': '1959', 'DBUS_SESSION_BUS_ADDRESS': 'unix:path=/run/user/1000/bus', 'COLORTERM': 'truecolor', 'IM_CONFIG_PHASE': '1', 'WAYLAND_DISPLAY': 'wayland-0', 'ROS_DISTRO': 'humble', 'LOGNAME': 'denis', '_': '/usr/bin/colcon', 'ROS_VERSION': '2', 'XDG_SESSION_CLASS': 'user', 'USERNAME': 'denis', 'TERM': 'xterm-256color', 'GNOME_DESKTOP_SESSION_ID': 'this-is-deprecated', 'ROS_LOCALHOST_ONLY': '0', 'PATH': '/opt/ros/humble/bin:/usr/local/sbin:/usr/local/bin:/usr/sbin:/usr/bin:/sbin:/bin:/usr/games:/usr/local/games:/snap/bin:/snap/bin', 'SESSION_MANAGER': 'local/denis-Aspire-A515-54G:@/tmp/.ICE-unix/1731,unix/denis-Aspire-A515-54G:/tmp/.ICE-unix/1731', 'XDG_MENU_PREFIX': 'gnome-', 'GNOME_TERMINAL_SCREEN': '/org/gnome/Terminal/screen/5e47eb9f_b611_493b_9cfc_165058aaca85', 'GNOME_SETUP_DISPLAY': ':1', 'XDG_RUNTIME_DIR': '/run/user/1000', 'DISPLAY': ':0', 'LANG': 'pt_BR.UTF-8', 'XDG_CURRENT_DESKTOP': 'ubuntu:GNOME', 'XMODIFIERS': '@im=ibus', 'XDG_SESSION_DESKTOP': 'ubuntu', 'XAUTHORITY': '/run/user/1000/.mutter-Xwaylandauth.RZ2LO3', 'LS_COLORS': 'rs=0:di=01;34:ln=01;36:mh=00:pi=40;33:so=01;35:do=01;35:bd=40;33;01:cd=40;33;01:or=40;31;01:mi=00:su=37;41:sg=30;43:ca=30;41:tw=30;42:ow=34;42:st=37;44:ex=01;32:*.tar=01;31:*.tgz=01;31:*.arc=01;31:*.arj=01;31:*.taz=01;31:*.lha=01;31:*.lz4=01;31:*.lzh=01;31:*.lzma=01;31:*.tlz=01;31:*.txz=01;31:*.tzo=01;31:*.t7z=01;31:*.zip=01;31:*.z=01;31:*.dz=01;31:*.gz=01;31:*.lrz=01;31:*.lz=01;31:*.lzo=01;31:*.xz=01;31:*.zst=01;31:*.tzst=01;31:*.bz2=01;31:*.bz=01;31:*.tbz=01;31:*.tbz2=01;31:*.tz=01;31:*.deb=01;31:*.rpm=01;31:*.jar=01;31:*.war=01;31:*.ear=01;31:*.sar=01;31:*.rar=01;31:*.alz=01;31:*.ace=01;31:*.zoo=01;31:*.cpio=01;31:*.7z=01;31:*.rz=01;31:*.cab=01;31:*.wim=01;31:*.swm=01;31:*.dwm=01;31:*.esd=01;31:*.jpg=01;35:*.jpeg=01;35:*.mjpg=01;35:*.mjpeg=01;35:*.gif=01;35:*.bmp=01;35:*.pbm=01;35:*.pgm=01;35:*.ppm=01;35:*.tga=01;35:*.xbm=01;35:*.xpm=01;35:*.tif=01;35:*.tiff=01;35:*.png=01;35:*.svg=01;35:*.svgz=01;35:*.mng=01;35:*.pcx=01;35:*.mov=01;35:*.mpg=01;35:*.mpeg=01;35:*.m2v=01;35:*.mkv=01;35:*.webm=01;35:*.webp=01;35:*.ogm=01;35:*.mp4=01;35:*.m4v=01;35:*.mp4v=01;35:*.vob=01;35:*.qt=01;35:*.nuv=01;35:*.wmv=01;35:*.asf=01;35:*.rm=01;35:*.rmvb=01;35:*.flc=01;35:*.avi=01;35:*.fli=01;35:*.flv=01;35:*.gl=01;35:*.dl=01;35:*.xcf=01;35:*.xwd=01;35:*.yuv=01;35:*.cgm=01;35:*.emf=01;35:*.ogv=01;35:*.ogx=01;35:*.aac=00;36:*.au=00;36:*.flac=00;36:*.m4a=00;36:*.mid=00;36:*.midi=00;36:*.mka=00;36:*.mp3=00;36:*.mpc=00;36:*.ogg=00;36:*.ra=00;36:*.wav=00;36:*.oga=00;36:*.opus=00;36:*.spx=00;36:*.xspf=00;36:', 'GNOME_TERMINAL_SERVICE': ':1.135', 'SSH_AGENT_LAUNCHER': 'gnome-keyring', 'SSH_AUTH_SOCK': '/run/user/1000/keyring/ssh', 'AMENT_PREFIX_PATH': '/opt/ros/humble', 'SHELL': '/bin/bash', 'QT_ACCESSIBILITY': '1', 'GDMSESSION': 'ubuntu', 'LESSCLOSE': '/usr/bin/lesspipe %s %s', 'QT_IM_MODULE': 'ibus', 'PWD': '/home/denis/DENIS/RollerBot23/guardros_ws/build/rb23_keyboard_teleop', 'XDG_CONFIG_DIRS': '/etc/xdg/xdg-ubuntu:/etc/xdg', 'XDG_DATA_DIRS': '/usr/share/ubuntu:/usr/local/share/:/usr/share/:/var/lib/snapd/desktop', 'PYTHONPATH': '/home/denis/DENIS/RollerBot23/guardros_ws/build/rb23_keyboard_teleop/prefix_override:/usr/lib/python3/dist-packages/colcon_core/task/python/colcon_distutils_commands:/home/denis/DENIS/RollerBot23/guardros_ws/install/rb23_keyboard_teleop/lib/python3.10/site-packages:/opt/ros/humble/lib/python3.10/site-packages:/opt/ros/humble/local/lib/python3.10/dist-packages', 'COLCON': '1', 'VTE_VERSION': '6800'}, 'shell': False}
[1.778108] (rb23_video_viewer) Command: {'cmd': ['/usr/bin/python3', '-W', 'ignore:setup.py install is deprecated', '-W', 'ignore:easy_install command is deprecated', 'setup.py', 'egg_info', '--egg-base', '../../build/rb23_video_viewer', 'build', '--build-base', '/home/denis/DENIS/RollerBot23/guardros_ws/build/rb23_video_viewer/build', 'install', '--record', '/home/denis/DENIS/RollerBot23/guardros_ws/build/rb23_video_viewer/install.log', '--single-version-externally-managed', 'install_data'], 'cwd': '/home/denis/DENIS/RollerBot23/guardros_ws/src/rb23_video_viewer', 'env': {'LESSOPEN': '| /usr/bin/lesspipe %s', 'LANGUAGE': 'pt_BR:pt:en', 'USER': 'denis', 'XDG_SESSION_TYPE': 'wayland', 'IGNITION_VERSION': 'citadel', 'SHLVL': '1', 'LD_LIBRARY_PATH': '/opt/ros/humble/opt/rviz_ogre_vendor/lib:/opt/ros/humble/lib/x86_64-linux-gnu:/opt/ros/humble/lib', 'HOME': '/home/denis', 'OLDPWD': '/home/denis', 'DESKTOP_SESSION': 'ubuntu', 'ROS_PYTHON_VERSION': '3', 'GNOME_SHELL_SESSION_MODE': 'ubuntu', 'GTK_MODULES': 'gail:atk-bridge', 'SYSTEMD_EXEC_PID': '1959', 'DBUS_SESSION_BUS_ADDRESS': 'unix:path=/run/user/1000/bus', 'COLORTERM': 'truecolor', 'IM_CONFIG_PHASE': '1', 'WAYLAND_DISPLAY': 'wayland-0', 'ROS_DISTRO': 'humble', 'LOGNAME': 'denis', '_': '/usr/bin/colcon', 'ROS_VERSION': '2', 'XDG_SESSION_CLASS': 'user', 'USERNAME': 'denis', 'TERM': 'xterm-256color', 'GNOME_DESKTOP_SESSION_ID': 'this-is-deprecated', 'ROS_LOCALHOST_ONLY': '0', 'PATH': '/opt/ros/humble/bin:/usr/local/sbin:/usr/local/bin:/usr/sbin:/usr/bin:/sbin:/bin:/usr/games:/usr/local/games:/snap/bin:/snap/bin', 'SESSION_MANAGER': 'local/denis-Aspire-A515-54G:@/tmp/.ICE-unix/1731,unix/denis-Aspire-A515-54G:/tmp/.ICE-unix/1731', 'XDG_MENU_PREFIX': 'gnome-', 'GNOME_TERMINAL_SCREEN': '/org/gnome/Terminal/screen/5e47eb9f_b611_493b_9cfc_165058aaca85', 'GNOME_SETUP_DISPLAY': ':1', 'XDG_RUNTIME_DIR': '/run/user/1000', 'DISPLAY': ':0', 'LANG': 'pt_BR.UTF-8', 'XDG_CURRENT_DESKTOP': 'ubuntu:GNOME', 'XMODIFIERS': '@im=ibus', 'XDG_SESSION_DESKTOP': 'ubuntu', 'XAUTHORITY': '/run/user/1000/.mutter-Xwaylandauth.RZ2LO3', 'LS_COLORS': 'rs=0:di=01;34:ln=01;36:mh=00:pi=40;33:so=01;35:do=01;35:bd=40;33;01:cd=40;33;01:or=40;31;01:mi=00:su=37;41:sg=30;43:ca=30;41:tw=30;42:ow=34;42:st=37;44:ex=01;32:*.tar=01;31:*.tgz=01;31:*.arc=01;31:*.arj=01;31:*.taz=01;31:*.lha=01;31:*.lz4=01;31:*.lzh=01;31:*.lzma=01;31:*.tlz=01;31:*.txz=01;31:*.tzo=01;31:*.t7z=01;31:*.zip=01;31:*.z=01;31:*.dz=01;31:*.gz=01;31:*.lrz=01;31:*.lz=01;31:*.lzo=01;31:*.xz=01;31:*.zst=01;31:*.tzst=01;31:*.bz2=01;31:*.bz=01;31:*.tbz=01;31:*.tbz2=01;31:*.tz=01;31:*.deb=01;31:*.rpm=01;31:*.jar=01;31:*.war=01;31:*.ear=01;31:*.sar=01;31:*.rar=01;31:*.alz=01;31:*.ace=01;31:*.zoo=01;31:*.cpio=01;31:*.7z=01;31:*.rz=01;31:*.cab=01;31:*.wim=01;31:*.swm=01;31:*.dwm=01;31:*.esd=01;31:*.jpg=01;35:*.jpeg=01;35:*.mjpg=01;35:*.mjpeg=01;35:*.gif=01;35:*.bmp=01;35:*.pbm=01;35:*.pgm=01;35:*.ppm=01;35:*.tga=01;35:*.xbm=01;35:*.xpm=01;35:*.tif=01;35:*.tiff=01;35:*.png=01;35:*.svg=01;35:*.svgz=01;35:*.mng=01;35:*.pcx=01;35:*.mov=01;35:*.mpg=01;35:*.mpeg=01;35:*.m2v=01;35:*.mkv=01;35:*.webm=01;35:*.webp=01;35:*.ogm=01;35:*.mp4=01;35:*.m4v=01;35:*.mp4v=01;35:*.vob=01;35:*.qt=01;35:*.nuv=01;35:*.wmv=01;35:*.asf=01;35:*.rm=01;35:*.rmvb=01;35:*.flc=01;35:*.avi=01;35:*.fli=01;35:*.flv=01;35:*.gl=01;35:*.dl=01;35:*.xcf=01;35:*.xwd=01;35:*.yuv=01;35:*.cgm=01;35:*.emf=01;35:*.ogv=01;35:*.ogx=01;35:*.aac=00;36:*.au=00;36:*.flac=00;36:*.m4a=00;36:*.mid=00;36:*.midi=00;36:*.mka=00;36:*.mp3=00;36:*.mpc=00;36:*.ogg=00;36:*.ra=00;36:*.wav=00;36:*.oga=00;36:*.opus=00;36:*.spx=00;36:*.xspf=00;36:', 'GNOME_TERMINAL_SERVICE': ':1.135', 'SSH_AGENT_LAUNCHER': 'gnome-keyring', 'SSH_AUTH_SOCK': '/run/user/1000/keyring/ssh', 'AMENT_PREFIX_PATH': '/opt/ros/humble', 'SHELL': '/bin/bash', 'QT_ACCESSIBILITY': '1', 'GDMSESSION': 'ubuntu', 'LESSCLOSE': '/usr/bin/lesspipe %s %s', 'QT_IM_MODULE': 'ibus', 'PWD': '/home/denis/DENIS/RollerBot23/guardros_ws/build/rb23_video_viewer', 'XDG_CONFIG_DIRS': '/etc/xdg/xdg-ubuntu:/etc/xdg', 'XDG_DATA_DIRS': '/usr/share/ubuntu:/usr/local/share/:/usr/share/:/var/lib/snapd/desktop', 'PYTHONPATH': '/home/denis/DENIS/RollerBot23/guardros_ws/build/rb23_video_viewer/prefix_override:/usr/lib/python3/dist-packages/colcon_core/task/python/colcon_distutils_commands:/home/denis/DENIS/RollerBot23/guardros_ws/install/rb23_video_viewer/lib/python3.10/site-packages:/opt/ros/humble/lib/python3.10/site-packages:/opt/ros/humble/local/lib/python3.10/dist-packages', 'COLCON': '1', 'VTE_VERSION': '6800'}, 'shell': False}
[1.805161] (-) TimerEvent: {}
[1.905493] (-) TimerEvent: {}
[2.005817] (-) TimerEvent: {}
[2.029532] (rb23_ros_driver) StdoutLine: {'line': b'running egg_info\n'}
[2.030702] (rb23_ros_driver) StdoutLine: {'line': b'writing ../../build/rb23_ros_driver/rb23_ros_driver.egg-info/PKG-INFO\n'}
[2.032192] (rb23_ros_driver) StdoutLine: {'line': b'writing dependency_links to ../../build/rb23_ros_driver/rb23_ros_driver.egg-info/dependency_links.txt\n'}
[2.032667] (rb23_ros_driver) StdoutLine: {'line': b'writing entry points to ../../build/rb23_ros_driver/rb23_ros_driver.egg-info/entry_points.txt\n'}
[2.032796] (rb23_ros_driver) StdoutLine: {'line': b'writing requirements to ../../build/rb23_ros_driver/rb23_ros_driver.egg-info/requires.txt\n'}
[2.032910] (rb23_ros_driver) StdoutLine: {'line': b'writing top-level names to ../../build/rb23_ros_driver/rb23_ros_driver.egg-info/top_level.txt\n'}
[2.033638] (rb23_video_viewer) StdoutLine: {'line': b'running egg_info\n'}
[2.033896] (rb23_ros_driver) StdoutLine: {'line': b"reading manifest file '../../build/rb23_ros_driver/rb23_ros_driver.egg-info/SOURCES.txt'\n"}
[2.034142] (rb23_video_viewer) StdoutLine: {'line': b'writing ../../build/rb23_video_viewer/rb23_video_viewer.egg-info/PKG-INFO\n'}
[2.034309] (rb23_ros_driver) StdoutLine: {'line': b"adding license file 'LICENSE'\n"}
[2.034487] (rb23_video_viewer) StdoutLine: {'line': b'writing dependency_links to ../../build/rb23_video_viewer/rb23_video_viewer.egg-info/dependency_links.txt\n'}
[2.034681] (rb23_video_viewer) StdoutLine: {'line': b'writing entry points to ../../build/rb23_video_viewer/rb23_video_viewer.egg-info/entry_points.txt\n'}
[2.034858] (rb23_video_viewer) StdoutLine: {'line': b'writing requirements to ../../build/rb23_video_viewer/rb23_video_viewer.egg-info/requires.txt\n'}
[2.035053] (rb23_video_viewer) StdoutLine: {'line': b'writing top-level names to ../../build/rb23_video_viewer/rb23_video_viewer.egg-info/top_level.txt\n'}
[2.035313] (rb23_ros_driver) StdoutLine: {'line': b"writing manifest file '../../build/rb23_ros_driver/rb23_ros_driver.egg-info/SOURCES.txt'\n"}
[2.035505] (rb23_ros_driver) StdoutLine: {'line': b'running build\n'}
[2.035637] (rb23_ros_driver) StdoutLine: {'line': b'running build_py\n'}
[2.035960] (rb23_ros_driver) StdoutLine: {'line': b'running install\n'}
[2.036338] (rb23_ros_driver) StdoutLine: {'line': b'running install_lib\n'}
[2.037560] (rb23_ros_driver) StdoutLine: {'line': b'running install_data\n'}
[2.037899] (rb23_video_viewer) StdoutLine: {'line': b"reading manifest file '../../build/rb23_video_viewer/rb23_video_viewer.egg-info/SOURCES.txt'\n"}
[2.039120] (rb23_ros_driver) StdoutLine: {'line': b'running install_egg_info\n'}
[2.039295] (rb23_video_viewer) StdoutLine: {'line': b"writing manifest file '../../build/rb23_video_viewer/rb23_video_viewer.egg-info/SOURCES.txt'\n"}
[2.039423] (rb23_video_viewer) StdoutLine: {'line': b'running build\n'}
[2.039533] (rb23_video_viewer) StdoutLine: {'line': b'running build_py\n'}
[2.040707] (rb23_video_viewer) StdoutLine: {'line': b'running install\n'}
[2.041653] (rb23_ros_driver) StdoutLine: {'line': b"removing '/home/denis/DENIS/RollerBot23/guardros_ws/install/rb23_ros_driver/lib/python3.10/site-packages/rb23_ros_driver-0.0.0-py3.10.egg-info' (and everything under it)\n"}
[2.041846] (rb23_ros_driver) StdoutLine: {'line': b'Copying ../../build/rb23_ros_driver/rb23_ros_driver.egg-info to /home/denis/DENIS/RollerBot23/guardros_ws/install/rb23_ros_driver/lib/python3.10/site-packages/rb23_ros_driver-0.0.0-py3.10.egg-info\n'}
[2.041979] (rb23_video_viewer) StdoutLine: {'line': b'running install_lib\n'}
[2.042252] (rb23_video_viewer) StdoutLine: {'line': b'running install_data\n'}
[2.042382] (rb23_ros_driver) StdoutLine: {'line': b'running install_scripts\n'}
[2.042545] (rb23_video_viewer) StdoutLine: {'line': b'running install_egg_info\n'}
[2.045150] (rb23_video_viewer) StdoutLine: {'line': b"removing '/home/denis/DENIS/RollerBot23/guardros_ws/install/rb23_video_viewer/lib/python3.10/site-packages/rb23_video_viewer-0.0.0-py3.10.egg-info' (and everything under it)\n"}
[2.045359] (rb23_video_viewer) StdoutLine: {'line': b'Copying ../../build/rb23_video_viewer/rb23_video_viewer.egg-info to /home/denis/DENIS/RollerBot23/guardros_ws/install/rb23_video_viewer/lib/python3.10/site-packages/rb23_video_viewer-0.0.0-py3.10.egg-info\n'}
[2.046297] (rb23_video_viewer) StdoutLine: {'line': b'running install_scripts\n'}
[2.064060] (rb23_ros_driver) StdoutLine: {'line': b'Installing rb23_driver_node script to /home/denis/DENIS/RollerBot23/guardros_ws/install/rb23_ros_driver/lib/rb23_ros_driver\n'}
[2.064467] (rb23_ros_driver) StdoutLine: {'line': b"writing list of installed files to '/home/denis/DENIS/RollerBot23/guardros_ws/build/rb23_ros_driver/install.log'\n"}
[2.073741] (rb23_video_viewer) StdoutLine: {'line': b'Installing rb23_video_viewer_node script to /home/denis/DENIS/RollerBot23/guardros_ws/install/rb23_video_viewer/lib/rb23_video_viewer\n'}
[2.074244] (rb23_video_viewer) StdoutLine: {'line': b"writing list of installed files to '/home/denis/DENIS/RollerBot23/guardros_ws/build/rb23_video_viewer/install.log'\n"}
[2.094970] (rb23_ros_driver) CommandEnded: {'returncode': 0}
[2.101415] (rb23_ros_driver) JobEnded: {'identifier': 'rb23_ros_driver', 'rc': 0}
[2.106480] (rb23_video_viewer) CommandEnded: {'returncode': 0}
[2.106984] (-) TimerEvent: {}
[2.113016] (rb23_video_viewer) JobEnded: {'identifier': 'rb23_video_viewer', 'rc': 0}
[2.157826] (rb23_keyboard_teleop) StdoutLine: {'line': b'running egg_info\n'}
[2.158625] (rb23_keyboard_teleop) StdoutLine: {'line': b'writing ../../build/rb23_keyboard_teleop/rb23_keyboard_teleop.egg-info/PKG-INFO\n'}
[2.158875] (rb23_keyboard_teleop) StdoutLine: {'line': b'writing dependency_links to ../../build/rb23_keyboard_teleop/rb23_keyboard_teleop.egg-info/dependency_links.txt\n'}
[2.159066] (rb23_keyboard_teleop) StdoutLine: {'line': b'writing entry points to ../../build/rb23_keyboard_teleop/rb23_keyboard_teleop.egg-info/entry_points.txt\n'}
[2.159228] (rb23_keyboard_teleop) StdoutLine: {'line': b'writing requirements to ../../build/rb23_keyboard_teleop/rb23_keyboard_teleop.egg-info/requires.txt\n'}
[2.159391] (rb23_keyboard_teleop) StdoutLine: {'line': b'writing top-level names to ../../build/rb23_keyboard_teleop/rb23_keyboard_teleop.egg-info/top_level.txt\n'}
[2.161110] (rb23_keyboard_teleop) StdoutLine: {'line': b"reading manifest file '../../build/rb23_keyboard_teleop/rb23_keyboard_teleop.egg-info/SOURCES.txt'\n"}
[2.162036] (rb23_keyboard_teleop) StdoutLine: {'line': b"writing manifest file '../../build/rb23_keyboard_teleop/rb23_keyboard_teleop.egg-info/SOURCES.txt'\n"}
[2.162225] (rb23_keyboard_teleop) StdoutLine: {'line': b'running build\n'}
[2.162348] (rb23_keyboard_teleop) StdoutLine: {'line': b'running build_py\n'}
[2.162605] (rb23_keyboard_teleop) StdoutLine: {'line': b'running install\n'}
[2.162956] (rb23_keyboard_teleop) StdoutLine: {'line': b'running install_lib\n'}
[2.164152] (rb23_keyboard_teleop) StdoutLine: {'line': b'running install_data\n'}
[2.164335] (rb23_keyboard_teleop) StdoutLine: {'line': b'running install_egg_info\n'}
[2.166081] (rb23_keyboard_teleop) StdoutLine: {'line': b"removing '/home/denis/DENIS/RollerBot23/guardros_ws/install/rb23_keyboard_teleop/lib/python3.10/site-packages/rb23_keyboard_teleop-0.0.0-py3.10.egg-info' (and everything under it)\n"}
[2.166405] (rb23_keyboard_teleop) StdoutLine: {'line': b'Copying ../../build/rb23_keyboard_teleop/rb23_keyboard_teleop.egg-info to /home/denis/DENIS/RollerBot23/guardros_ws/install/rb23_keyboard_teleop/lib/python3.10/site-packages/rb23_keyboard_teleop-0.0.0-py3.10.egg-info\n'}
[2.167211] (rb23_keyboard_teleop) StdoutLine: {'line': b'running install_scripts\n'}
[2.188619] (rb23_keyboard_teleop) StdoutLine: {'line': b'Installing keyboard_teleop_node script to /home/denis/DENIS/RollerBot23/guardros_ws/install/rb23_keyboard_teleop/lib/rb23_keyboard_teleop\n'}
[2.188994] (rb23_keyboard_teleop) StdoutLine: {'line': b"writing list of installed files to '/home/denis/DENIS/RollerBot23/guardros_ws/build/rb23_keyboard_teleop/install.log'\n"}
[2.207101] (-) TimerEvent: {}
[2.216665] (rb23_keyboard_teleop) CommandEnded: {'returncode': 0}
[2.224442] (rb23_keyboard_teleop) JobEnded: {'identifier': 'rb23_keyboard_teleop', 'rc': 0}
[2.267843] (rb23_telemetry_viewer) Command: {'cmd': ['/usr/bin/python3', '-W', 'ignore:setup.py install is deprecated', '-W', 'ignore:easy_install command is deprecated', 'setup.py', 'egg_info', '--egg-base', '../../build/rb23_telemetry_viewer', 'build', '--build-base', '/home/denis/DENIS/RollerBot23/guardros_ws/build/rb23_telemetry_viewer/build', 'install', '--record', '/home/denis/DENIS/RollerBot23/guardros_ws/build/rb23_telemetry_viewer/install.log', '--single-version-externally-managed', 'install_data'], 'cwd': '/home/denis/DENIS/RollerBot23/guardros_ws/src/rb23_telemetry_viewer', 'env': {'LESSOPEN': '| /usr/bin/lesspipe %s', 'LANGUAGE': 'pt_BR:pt:en', 'USER': 'denis', 'XDG_SESSION_TYPE': 'wayland', 'IGNITION_VERSION': 'citadel', 'SHLVL': '1', 'LD_LIBRARY_PATH': '/home/denis/DENIS/RollerBot23/guardros_ws/install/guardros_msgs/lib:/opt/ros/humble/opt/rviz_ogre_vendor/lib:/opt/ros/humble/lib/x86_64-linux-gnu:/opt/ros/humble/lib', 'HOME': '/home/denis', 'OLDPWD': '/home/denis', 'DESKTOP_SESSION': 'ubuntu', 'ROS_PYTHON_VERSION': '3', 'GNOME_SHELL_SESSION_MODE': 'ubuntu', 'GTK_MODULES': 'gail:atk-bridge', 'SYSTEMD_EXEC_PID': '1959', 'DBUS_SESSION_BUS_ADDRESS': 'unix:path=/run/user/1000/bus', 'COLORTERM': 'truecolor', 'IM_CONFIG_PHASE': '1', 'WAYLAND_DISPLAY': 'wayland-0', 'ROS_DISTRO': 'humble', 'LOGNAME': 'denis', '_': '/usr/bin/colcon', 'ROS_VERSION': '2', 'XDG_SESSION_CLASS': 'user', 'USERNAME': 'denis', 'TERM': 'xterm-256color', 'GNOME_DESKTOP_SESSION_ID': 'this-is-deprecated', 'ROS_LOCALHOST_ONLY': '0', 'PATH': '/opt/ros/humble/bin:/usr/local/sbin:/usr/local/bin:/usr/sbin:/usr/bin:/sbin:/bin:/usr/games:/usr/local/games:/snap/bin:/snap/bin', 'SESSION_MANAGER': 'local/denis-Aspire-A515-54G:@/tmp/.ICE-unix/1731,unix/denis-Aspire-A515-54G:/tmp/.ICE-unix/1731', 'XDG_MENU_PREFIX': 'gnome-', 'GNOME_TERMINAL_SCREEN': '/org/gnome/Terminal/screen/5e47eb9f_b611_493b_9cfc_165058aaca85', 'GNOME_SETUP_DISPLAY': ':1', 'XDG_RUNTIME_DIR': '/run/user/1000', 'DISPLAY': ':0', 'LANG': 'pt_BR.UTF-8', 'XDG_CURRENT_DESKTOP': 'ubuntu:GNOME', 'XMODIFIERS': '@im=ibus', 'XDG_SESSION_DESKTOP': 'ubuntu', 'XAUTHORITY': '/run/user/1000/.mutter-Xwaylandauth.RZ2LO3', 'LS_COLORS': 'rs=0:di=01;34:ln=01;36:mh=00:pi=40;33:so=01;35:do=01;35:bd=40;33;01:cd=40;33;01:or=40;31;01:mi=00:su=37;41:sg=30;43:ca=30;41:tw=30;42:ow=34;42:st=37;44:ex=01;32:*.tar=01;31:*.tgz=01;31:*.arc=01;31:*.arj=01;31:*.taz=01;31:*.lha=01;31:*.lz4=01;31:*.lzh=01;31:*.lzma=01;31:*.tlz=01;31:*.txz=01;31:*.tzo=01;31:*.t7z=01;31:*.zip=01;31:*.z=01;31:*.dz=01;31:*.gz=01;31:*.lrz=01;31:*.lz=01;31:*.lzo=01;31:*.xz=01;31:*.zst=01;31:*.tzst=01;31:*.bz2=01;31:*.bz=01;31:*.tbz=01;31:*.tbz2=01;31:*.tz=01;31:*.deb=01;31:*.rpm=01;31:*.jar=01;31:*.war=01;31:*.ear=01;31:*.sar=01;31:*.rar=01;31:*.alz=01;31:*.ace=01;31:*.zoo=01;31:*.cpio=01;31:*.7z=01;31:*.rz=01;31:*.cab=01;31:*.wim=01;31:*.swm=01;31:*.dwm=01;31:*.esd=01;31:*.jpg=01;35:*.jpeg=01;35:*.mjpg=01;35:*.mjpeg=01;35:*.gif=01;35:*.bmp=01;35:*.pbm=01;35:*.pgm=01;35:*.ppm=01;35:*.tga=01;35:*.xbm=01;35:*.xpm=01;35:*.tif=01;35:*.tiff=01;35:*.png=01;35:*.svg=01;35:*.svgz=01;35:*.mng=01;35:*.pcx=01;35:*.mov=01;35:*.mpg=01;35:*.mpeg=01;35:*.m2v=01;35:*.mkv=01;35:*.webm=01;35:*.webp=01;35:*.ogm=01;35:*.mp4=01;35:*.m4v=01;35:*.mp4v=01;35:*.vob=01;35:*.qt=01;35:*.nuv=01;35:*.wmv=01;35:*.asf=01;35:*.rm=01;35:*.rmvb=01;35:*.flc=01;35:*.avi=01;35:*.fli=01;35:*.flv=01;35:*.gl=01;35:*.dl=01;35:*.xcf=01;35:*.xwd=01;35:*.yuv=01;35:*.cgm=01;35:*.emf=01;35:*.ogv=01;35:*.ogx=01;35:*.aac=00;36:*.au=00;36:*.flac=00;36:*.m4a=00;36:*.mid=00;36:*.midi=00;36:*.mka=00;36:*.mp3=00;36:*.mpc=00;36:*.ogg=00;36:*.ra=00;36:*.wav=00;36:*.oga=00;36:*.opus=00;36:*.spx=00;36:*.xspf=00;36:', 'GNOME_TERMINAL_SERVICE': ':1.135', 'SSH_AGENT_LAUNCHER': 'gnome-keyring', 'SSH_AUTH_SOCK': '/run/user/1000/keyring/ssh', 'AMENT_PREFIX_PATH': '/home/denis/DENIS/RollerBot23/guardros_ws/install/guardros_msgs:/opt/ros/humble', 'SHELL': '/bin/bash', 'QT_ACCESSIBILITY': '1', 'GDMSESSION': 'ubuntu', 'LESSCLOSE': '/usr/bin/lesspipe %s %s', 'QT_IM_MODULE': 'ibus', 'PWD': '/home/denis/DENIS/RollerBot23/guardros_ws/build/rb23_telemetry_viewer', 'XDG_CONFIG_DIRS': '/etc/xdg/xdg-ubuntu:/etc/xdg', 'XDG_DATA_DIRS': '/usr/share/ubuntu:/usr/local/share/:/usr/share/:/var/lib/snapd/desktop', 'PYTHONPATH': '/home/denis/DENIS/RollerBot23/guardros_ws/build/rb23_telemetry_viewer/prefix_override:/usr/lib/python3/dist-packages/colcon_core/task/python/colcon_distutils_commands:/home/denis/DENIS/RollerBot23/guardros_ws/install/rb23_telemetry_viewer/lib/python3.10/site-packages:/home/denis/DENIS/RollerBot23/guardros_ws/install/guardros_msgs/local/lib/python3.10/dist-packages:/opt/ros/humble/lib/python3.10/site-packages:/opt/ros/humble/local/lib/python3.10/dist-packages', 'COLCON': '1', 'VTE_VERSION': '6800', 'CMAKE_PREFIX_PATH': '/home/denis/DENIS/RollerBot23/guardros_ws/install/guardros_msgs'}, 'shell': False}
[2.307220] (-) TimerEvent: {}
[2.309611] (rb23_audio) Command: {'cmd': ['/usr/bin/python3', '-W', 'ignore:setup.py install is deprecated', '-W', 'ignore:easy_install command is deprecated', 'setup.py', 'egg_info', '--egg-base', '../../build/rb23_audio', 'build', '--build-base', '/home/denis/DENIS/RollerBot23/guardros_ws/build/rb23_audio/build', 'install', '--record', '/home/denis/DENIS/RollerBot23/guardros_ws/build/rb23_audio/install.log', '--single-version-externally-managed', 'install_data'], 'cwd': '/home/denis/DENIS/RollerBot23/guardros_ws/src/rb23_audio', 'env': {'LESSOPEN': '| /usr/bin/lesspipe %s', 'LANGUAGE': 'pt_BR:pt:en', 'USER': 'denis', 'XDG_SESSION_TYPE': 'wayland', 'IGNITION_VERSION': 'citadel', 'SHLVL': '1', 'LD_LIBRARY_PATH': '/home/denis/DENIS/RollerBot23/guardros_ws/install/guardros_msgs/lib:/opt/ros/humble/opt/rviz_ogre_vendor/lib:/opt/ros/humble/lib/x86_64-linux-gnu:/opt/ros/humble/lib', 'HOME': '/home/denis', 'OLDPWD': '/home/denis', 'DESKTOP_SESSION': 'ubuntu', 'ROS_PYTHON_VERSION': '3', 'GNOME_SHELL_SESSION_MODE': 'ubuntu', 'GTK_MODULES': 'gail:atk-bridge', 'SYSTEMD_EXEC_PID': '1959', 'DBUS_SESSION_BUS_ADDRESS': 'unix:path=/run/user/1000/bus', 'COLORTERM': 'truecolor', 'IM_CONFIG_PHASE': '1', 'WAYLAND_DISPLAY': 'wayland-0', 'ROS_DISTRO': 'humble', 'LOGNAME': 'denis', '_': '/usr/bin/colcon', 'ROS_VERSION': '2', 'XDG_SESSION_CLASS': 'user', 'USERNAME': 'denis', 'TERM': 'xterm-256color', 'GNOME_DESKTOP_SESSION_ID': 'this-is-deprecated', 'ROS_LOCALHOST_ONLY': '0', 'PATH': '/opt/ros/humble/bin:/usr/local/sbin:/usr/local/bin:/usr/sbin:/usr/bin:/sbin:/bin:/usr/games:/usr/local/games:/snap/bin:/snap/bin', 'SESSION_MANAGER': 'local/denis-Aspire-A515-54G:@/tmp/.ICE-unix/1731,unix/denis-Aspire-A515-54G:/tmp/.ICE-unix/1731', 'XDG_MENU_PREFIX': 'gnome-', 'GNOME_TERMINAL_SCREEN': '/org/gnome/Terminal/screen/5e47eb9f_b611_493b_9cfc_165058aaca85', 'GNOME_SETUP_DISPLAY': ':1', 'XDG_RUNTIME_DIR': '/run/user/1000', 'DISPLAY': ':0', 'LANG': 'pt_BR.UTF-8', 'XDG_CURRENT_DESKTOP': 'ubuntu:GNOME', 'XMODIFIERS': '@im=ibus', 'XDG_SESSION_DESKTOP': 'ubuntu', 'XAUTHORITY': '/run/user/1000/.mutter-Xwaylandauth.RZ2LO3', 'LS_COLORS': 'rs=0:di=01;34:ln=01;36:mh=00:pi=40;33:so=01;35:do=01;35:bd=40;33;01:cd=40;33;01:or=40;31;01:mi=00:su=37;41:sg=30;43:ca=30;41:tw=30;42:ow=34;42:st=37;44:ex=01;32:*.tar=01;31:*.tgz=01;31:*.arc=01;31:*.arj=01;31:*.taz=01;31:*.lha=01;31:*.lz4=01;31:*.lzh=01;31:*.lzma=01;31:*.tlz=01;31:*.txz=01;31:*.tzo=01;31:*.t7z=01;31:*.zip=01;31:*.z=01;31:*.dz=01;31:*.gz=01;31:*.lrz=01;31:*.lz=01;31:*.lzo=01;31:*.xz=01;31:*.zst=01;31:*.tzst=01;31:*.bz2=01;31:*.bz=01;31:*.tbz=01;31:*.tbz2=01;31:*.tz=01;31:*.deb=01;31:*.rpm=01;31:*.jar=01;31:*.war=01;31:*.ear=01;31:*.sar=01;31:*.rar=01;31:*.alz=01;31:*.ace=01;31:*.zoo=01;31:*.cpio=01;31:*.7z=01;31:*.rz=01;31:*.cab=01;31:*.wim=01;31:*.swm=01;31:*.dwm=01;31:*.esd=01;31:*.jpg=01;35:*.jpeg=01;35:*.mjpg=01;35:*.mjpeg=01;35:*.gif=01;35:*.bmp=01;35:*.pbm=01;35:*.pgm=01;35:*.ppm=01;35:*.tga=01;35:*.xbm=01;35:*.xpm=01;35:*.tif=01;35:*.tiff=01;35:*.png=01;35:*.svg=01;35:*.svgz=01;35:*.mng=01;35:*.pcx=01;35:*.mov=01;35:*.mpg=01;35:*.mpeg=01;35:*.m2v=01;35:*.mkv=01;35:*.webm=01;35:*.webp=01;35:*.ogm=01;35:*.mp4=01;35:*.m4v=01;35:*.mp4v=01;35:*.vob=01;35:*.qt=01;35:*.nuv=01;35:*.wmv=01;35:*.asf=01;35:*.rm=01;35:*.rmvb=01;35:*.flc=01;35:*.avi=01;35:*.fli=01;35:*.flv=01;35:*.gl=01;35:*.dl=01;35:*.xcf=01;35:*.xwd=01;35:*.yuv=01;35:*.cgm=01;35:*.emf=01;35:*.ogv=01;35:*.ogx=01;35:*.aac=00;36:*.au=00;36:*.flac=00;36:*.m4a=00;36:*.mid=00;36:*.midi=00;36:*.mka=00;36:*.mp3=00;36:*.mpc=00;36:*.ogg=00;36:*.ra=00;36:*.wav=00;36:*.oga=00;36:*.opus=00;36:*.spx=00;36:*.xspf=00;36:', 'GNOME_TERMINAL_SERVICE': ':1.135', 'SSH_AGENT_LAUNCHER': 'gnome-keyring', 'SSH_AUTH_SOCK': '/run/user/1000/keyring/ssh', 'AMENT_PREFIX_PATH': '/home/denis/DENIS/RollerBot23/guardros_ws/install/guardros_msgs:/opt/ros/humble', 'SHELL': '/bin/bash', 'QT_ACCESSIBILITY': '1', 'GDMSESSION': 'ubuntu', 'LESSCLOSE': '/usr/bin/lesspipe %s %s', 'QT_IM_MODULE': 'ibus', 'PWD': '/home/denis/DENIS/RollerBot23/guardros_ws/build/rb23_audio', 'XDG_CONFIG_DIRS': '/etc/xdg/xdg-ubuntu:/etc/xdg', 'XDG_DATA_DIRS': '/usr/share/ubuntu:/usr/local/share/:/usr/share/:/var/lib/snapd/desktop', 'PYTHONPATH': '/home/denis/DENIS/RollerBot23/guardros_ws/build/rb23_audio/prefix_override:/usr/lib/python3/dist-packages/colcon_core/task/python/colcon_distutils_commands:/home/denis/DENIS/RollerBot23/guardros_ws/install/rb23_audio/lib/python3.10/site-packages:/home/denis/DENIS/RollerBot23/guardros_ws/install/guardros_msgs/local/lib/python3.10/dist-packages:/opt/ros/humble/lib/python3.10/site-packages:/opt/ros/humble/local/lib/python3.10/dist-packages', 'COLCON': '1', 'VTE_VERSION': '6800', 'CMAKE_PREFIX_PATH': '/home/denis/DENIS/RollerBot23/guardros_ws/install/guardros_msgs'}, 'shell': False}
[2.312396] (rb23_experiment_logger) Command: {'cmd': ['/usr/bin/python3', '-W', 'ignore:setup.py install is deprecated', '-W', 'ignore:easy_install command is deprecated', 'setup.py', 'egg_info', '--egg-base', '../../build/rb23_experiment_logger', 'build', '--build-base', '/home/denis/DENIS/RollerBot23/guardros_ws/build/rb23_experiment_logger/build', 'install', '--record', '/home/denis/DENIS/RollerBot23/guardros_ws/build/rb23_experiment_logger/install.log', '--single-version-externally-managed', 'install_data'], 'cwd': '/home/denis/DENIS/RollerBot23/guardros_ws/src/rb23_experiment_logger', 'env': {'LESSOPEN': '| /usr/bin/lesspipe %s', 'LANGUAGE': 'pt_BR:pt:en', 'USER': 'denis', 'XDG_SESSION_TYPE': 'wayland', 'IGNITION_VERSION': 'citadel', 'SHLVL': '1', 'LD_LIBRARY_PATH': '/home/denis/DENIS/RollerBot23/guardros_ws/install/guardros_msgs/lib:/opt/ros/humble/opt/rviz_ogre_vendor/lib:/opt/ros/humble/lib/x86_64-linux-gnu:/opt/ros/humble/lib', 'HOME': '/home/denis', 'OLDPWD': '/home/denis', 'DESKTOP_SESSION': 'ubuntu', 'ROS_PYTHON_VERSION': '3', 'GNOME_SHELL_SESSION_MODE': 'ubuntu', 'GTK_MODULES': 'gail:atk-bridge', 'SYSTEMD_EXEC_PID': '1959', 'DBUS_SESSION_BUS_ADDRESS': 'unix:path=/run/user/1000/bus', 'COLORTERM': 'truecolor', 'IM_CONFIG_PHASE': '1', 'WAYLAND_DISPLAY': 'wayland-0', 'ROS_DISTRO': 'humble', 'LOGNAME': 'denis', '_': '/usr/bin/colcon', 'ROS_VERSION': '2', 'XDG_SESSION_CLASS': 'user', 'USERNAME': 'denis', 'TERM': 'xterm-256color', 'GNOME_DESKTOP_SESSION_ID': 'this-is-deprecated', 'ROS_LOCALHOST_ONLY': '0', 'PATH': '/opt/ros/humble/bin:/usr/local/sbin:/usr/local/bin:/usr/sbin:/usr/bin:/sbin:/bin:/usr/games:/usr/local/games:/snap/bin:/snap/bin', 'SESSION_MANAGER': 'local/denis-Aspire-A515-54G:@/tmp/.ICE-unix/1731,unix/denis-Aspire-A515-54G:/tmp/.ICE-unix/1731', 'XDG_MENU_PREFIX': 'gnome-', 'GNOME_TERMINAL_SCREEN': '/org/gnome/Terminal/screen/5e47eb9f_b611_493b_9cfc_165058aaca85', 'GNOME_SETUP_DISPLAY': ':1', 'XDG_RUNTIME_DIR': '/run/user/1000', 'DISPLAY': ':0', 'LANG': 'pt_BR.UTF-8', 'XDG_CURRENT_DESKTOP': 'ubuntu:GNOME', 'XMODIFIERS': '@im=ibus', 'XDG_SESSION_DESKTOP': 'ubuntu', 'XAUTHORITY': '/run/user/1000/.mutter-Xwaylandauth.RZ2LO3', 'LS_COLORS': 'rs=0:di=01;34:ln=01;36:mh=00:pi=40;33:so=01;35:do=01;35:bd=40;33;01:cd=40;33;01:or=40;31;01:mi=00:su=37;41:sg=30;43:ca=30;41:tw=30;42:ow=34;42:st=37;44:ex=01;32:*.tar=01;31:*.tgz=01;31:*.arc=01;31:*.arj=01;31:*.taz=01;31:*.lha=01;31:*.lz4=01;31:*.lzh=01;31:*.lzma=01;31:*.tlz=01;31:*.txz=01;31:*.tzo=01;31:*.t7z=01;31:*.zip=01;31:*.z=01;31:*.dz=01;31:*.gz=01;31:*.lrz=01;31:*.lz=01;31:*.lzo=01;31:*.xz=01;31:*.zst=01;31:*.tzst=01;31:*.bz2=01;31:*.bz=01;31:*.tbz=01;31:*.tbz2=01;31:*.tz=01;31:*.deb=01;31:*.rpm=01;31:*.jar=01;31:*.war=01;31:*.ear=01;31:*.sar=01;31:*.rar=01;31:*.alz=01;31:*.ace=01;31:*.zoo=01;31:*.cpio=01;31:*.7z=01;31:*.rz=01;31:*.cab=01;31:*.wim=01;31:*.swm=01;31:*.dwm=01;31:*.esd=01;31:*.jpg=01;35:*.jpeg=01;35:*.mjpg=01;35:*.mjpeg=01;35:*.gif=01;35:*.bmp=01;35:*.pbm=01;35:*.pgm=01;35:*.ppm=01;35:*.tga=01;35:*.xbm=01;35:*.xpm=01;35:*.tif=01;35:*.tiff=01;35:*.png=01;35:*.svg=01;35:*.svgz=01;35:*.mng=01;35:*.pcx=01;35:*.mov=01;35:*.mpg=01;35:*.mpeg=01;35:*.m2v=01;35:*.mkv=01;35:*.webm=01;35:*.webp=01;35:*.ogm=01;35:*.mp4=01;35:*.m4v=01;35:*.mp4v=01;35:*.vob=01;35:*.qt=01;35:*.nuv=01;35:*.wmv=01;35:*.asf=01;35:*.rm=01;35:*.rmvb=01;35:*.flc=01;35:*.avi=01;35:*.fli=01;35:*.flv=01;35:*.gl=01;35:*.dl=01;35:*.xcf=01;35:*.xwd=01;35:*.yuv=01;35:*.cgm=01;35:*.emf=01;35:*.ogv=01;35:*.ogx=01;35:*.aac=00;36:*.au=00;36:*.flac=00;36:*.m4a=00;36:*.mid=00;36:*.midi=00;36:*.mka=00;36:*.mp3=00;36:*.mpc=00;36:*.ogg=00;36:*.ra=00;36:*.wav=00;36:*.oga=00;36:*.opus=00;36:*.spx=00;36:*.xspf=00;36:', 'GNOME_TERMINAL_SERVICE': ':1.135', 'SSH_AGENT_LAUNCHER': 'gnome-keyring', 'SSH_AUTH_SOCK': '/run/user/1000/keyring/ssh', 'AMENT_PREFIX_PATH': '/home/denis/DENIS/RollerBot23/guardros_ws/install/guardros_msgs:/opt/ros/humble', 'SHELL': '/bin/bash', 'QT_ACCESSIBILITY': '1', 'GDMSESSION': 'ubuntu', 'LESSCLOSE': '/usr/bin/lesspipe %s %s', 'QT_IM_MODULE': 'ibus', 'PWD': '/home/denis/DENIS/RollerBot23/guardros_ws/build/rb23_experiment_logger', 'XDG_CONFIG_DIRS': '/etc/xdg/xdg-ubuntu:/etc/xdg', 'XDG_DATA_DIRS': '/usr/share/ubuntu:/usr/local/share/:/usr/share/:/var/lib/snapd/desktop', 'PYTHONPATH': '/home/denis/DENIS/RollerBot23/guardros_ws/build/rb23_experiment_logger/prefix_override:/usr/lib/python3/dist-packages/colcon_core/task/python/colcon_distutils_commands:/home/denis/DENIS/RollerBot23/guardros_ws/install/rb23_experiment_logger/lib/python3.10/site-packages:/home/denis/DENIS/RollerBot23/guardros_ws/install/guardros_msgs/local/lib/python3.10/dist-packages:/opt/ros/humble/lib/python3.10/site-packages:/opt/ros/humble/local/lib/python3.10/dist-packages', 'COLCON': '1', 'VTE_VERSION': '6800', 'CMAKE_PREFIX_PATH': '/home/denis/DENIS/RollerBot23/guardros_ws/install/guardros_msgs'}, 'shell': False}
[2.407408] (-) TimerEvent: {}
[2.508619] (-) TimerEvent: {}
[2.571499] (rb23_telemetry_viewer) StdoutLine: {'line': b'running egg_info\n'}
[2.572395] (rb23_telemetry_viewer) StdoutLine: {'line': b'writing ../../build/rb23_telemetry_viewer/rb23_telemetry_viewer.egg-info/PKG-INFO\n'}
[2.572630] (rb23_telemetry_viewer) StdoutLine: {'line': b'writing dependency_links to ../../build/rb23_telemetry_viewer/rb23_telemetry_viewer.egg-info/dependency_links.txt\n'}
[2.572838] (rb23_telemetry_viewer) StdoutLine: {'line': b'writing entry points to ../../build/rb23_telemetry_viewer/rb23_telemetry_viewer.egg-info/entry_points.txt\n'}
[2.573003] (rb23_telemetry_viewer) StdoutLine: {'line': b'writing requirements to ../../build/rb23_telemetry_viewer/rb23_telemetry_viewer.egg-info/requires.txt\n'}
[2.573157] (rb23_telemetry_viewer) StdoutLine: {'line': b'writing top-level names to ../../build/rb23_telemetry_viewer/rb23_telemetry_viewer.egg-info/top_level.txt\n'}
[2.574918] (rb23_telemetry_viewer) StdoutLine: {'line': b"reading manifest file '../../build/rb23_telemetry_viewer/rb23_telemetry_viewer.egg-info/SOURCES.txt'\n"}
[2.575911] (rb23_telemetry_viewer) StdoutLine: {'line': b"writing manifest file '../../build/rb23_telemetry_viewer/rb23_telemetry_viewer.egg-info/SOURCES.txt'\n"}
[2.576107] (rb23_telemetry_viewer) StdoutLine: {'line': b'running build\n'}
[2.576229] (rb23_telemetry_viewer) StdoutLine: {'line': b'running build_py\n'}
[2.576513] (rb23_telemetry_viewer) StdoutLine: {'line': b'running install\n'}
[2.576897] (rb23_telemetry_viewer) StdoutLine: {'line': b'running install_lib\n'}
[2.578142] (rb23_telemetry_viewer) StdoutLine: {'line': b'running install_data\n'}
[2.578323] (rb23_telemetry_viewer) StdoutLine: {'line': b'running install_egg_info\n'}
[2.580097] (rb23_telemetry_viewer) StdoutLine: {'line': b"removing '/home/denis/DENIS/RollerBot23/guardros_ws/install/rb23_telemetry_viewer/lib/python3.10/site-packages/rb23_telemetry_viewer-0.0.1-py3.10.egg-info' (and everything under it)\n"}
[2.580442] (rb23_telemetry_viewer) StdoutLine: {'line': b'Copying ../../build/rb23_telemetry_viewer/rb23_telemetry_viewer.egg-info to /home/denis/DENIS/RollerBot23/guardros_ws/install/rb23_telemetry_viewer/lib/python3.10/site-packages/rb23_telemetry_viewer-0.0.1-py3.10.egg-info\n'}
[2.581247] (rb23_telemetry_viewer) StdoutLine: {'line': b'running install_scripts\n'}
[2.601904] (rb23_telemetry_viewer) StdoutLine: {'line': b'Installing rb23_telemetry_viewer_node script to /home/denis/DENIS/RollerBot23/guardros_ws/install/rb23_telemetry_viewer/lib/rb23_telemetry_viewer\n'}
[2.602297] (rb23_telemetry_viewer) StdoutLine: {'line': b"writing list of installed files to '/home/denis/DENIS/RollerBot23/guardros_ws/build/rb23_telemetry_viewer/install.log'\n"}
[2.605152] (rb23_experiment_logger) StdoutLine: {'line': b'running egg_info\n'}
[2.606390] (rb23_experiment_logger) StdoutLine: {'line': b'writing ../../build/rb23_experiment_logger/rb23_experiment_logger.egg-info/PKG-INFO\n'}
[2.606604] (rb23_experiment_logger) StdoutLine: {'line': b'writing dependency_links to ../../build/rb23_experiment_logger/rb23_experiment_logger.egg-info/dependency_links.txt\n'}
[2.606830] (rb23_experiment_logger) StdoutLine: {'line': b'writing entry points to ../../build/rb23_experiment_logger/rb23_experiment_logger.egg-info/entry_points.txt\n'}
[2.606973] (rb23_experiment_logger) StdoutLine: {'line': b'writing requirements to ../../build/rb23_experiment_logger/rb23_experiment_logger.egg-info/requires.txt\n'}
[2.607078] (rb23_experiment_logger) StdoutLine: {'line': b'writing top-level names to ../../build/rb23_experiment_logger/rb23_experiment_logger.egg-info/top_level.txt\n'}
[2.608693] (-) TimerEvent: {}
[2.609888] (rb23_experiment_logger) StdoutLine: {'line': b"reading manifest file '../../build/rb23_experiment_logger/rb23_experiment_logger.egg-info/SOURCES.txt'\n"}
[2.611147] (rb23_experiment_logger) StdoutLine: {'line': b"writing manifest file '../../build/rb23_experiment_logger/rb23_experiment_logger.egg-info/SOURCES.txt'\n"}
[2.611358] (rb23_experiment_logger) StdoutLine: {'line': b'running build\n'}
[2.611431] (rb23_experiment_logger) StdoutLine: {'line': b'running build_py\n'}
[2.611781] (rb23_experiment_logger) StdoutLine: {'line': b'running install\n'}
[2.612269] (rb23_experiment_logger) StdoutLine: {'line': b'running install_lib\n'}
[2.614034] (rb23_experiment_logger) StdoutLine: {'line': b'running install_data\n'}
[2.614196] (rb23_experiment_logger) StdoutLine: {'line': b'running install_egg_info\n'}
[2.616430] (rb23_experiment_logger) StdoutLine: {'line': b"removing '/home/denis/DENIS/RollerBot23/guardros_ws/install/rb23_experiment_logger/lib/python3.10/site-packages/rb23_experiment_logger-0.0.1-py3.10.egg-info' (and everything under it)\n"}
[2.616789] (rb23_experiment_logger) StdoutLine: {'line': b'Copying ../../build/rb23_experiment_logger/rb23_experiment_logger.egg-info to /home/denis/DENIS/RollerBot23/guardros_ws/install/rb23_experiment_logger/lib/python3.10/site-packages/rb23_experiment_logger-0.0.1-py3.10.egg-info\n'}
[2.617840] (rb23_experiment_logger) StdoutLine: {'line': b'running install_scripts\n'}
[2.631070] (rb23_telemetry_viewer) CommandEnded: {'returncode': 0}
[2.640440] (rb23_telemetry_viewer) JobEnded: {'identifier': 'rb23_telemetry_viewer', 'rc': 0}
[2.644621] (rb23_experiment_logger) StdoutLine: {'line': b'Installing rb23_experiment_logger_node script to /home/denis/DENIS/RollerBot23/guardros_ws/install/rb23_experiment_logger/lib/rb23_experiment_logger\n'}
[2.644938] (rb23_experiment_logger) StdoutLine: {'line': b"writing list of installed files to '/home/denis/DENIS/RollerBot23/guardros_ws/build/rb23_experiment_logger/install.log'\n"}
[2.673896] (rb23_experiment_logger) CommandEnded: {'returncode': 0}
[2.682182] (rb23_experiment_logger) JobEnded: {'identifier': 'rb23_experiment_logger', 'rc': 0}
[2.689910] (rb23_audio) StdoutLine: {'line': b'running egg_info\n'}
[2.690967] (rb23_audio) StdoutLine: {'line': b'writing ../../build/rb23_audio/rb23_audio.egg-info/PKG-INFO\n'}
[2.691182] (rb23_audio) StdoutLine: {'line': b'writing dependency_links to ../../build/rb23_audio/rb23_audio.egg-info/dependency_links.txt\n'}
[2.691367] (rb23_audio) StdoutLine: {'line': b'writing entry points to ../../build/rb23_audio/rb23_audio.egg-info/entry_points.txt\n'}
[2.691531] (rb23_audio) StdoutLine: {'line': b'writing requirements to ../../build/rb23_audio/rb23_audio.egg-info/requires.txt\n'}
[2.691648] (rb23_audio) StdoutLine: {'line': b'writing top-level names to ../../build/rb23_audio/rb23_audio.egg-info/top_level.txt\n'}
[2.693360] (rb23_audio) StdoutLine: {'line': b"reading manifest file '../../build/rb23_audio/rb23_audio.egg-info/SOURCES.txt'\n"}
[2.694311] (rb23_audio) StdoutLine: {'line': b"writing manifest file '../../build/rb23_audio/rb23_audio.egg-info/SOURCES.txt'\n"}
[2.694503] (rb23_audio) StdoutLine: {'line': b'running build\n'}
[2.694589] (rb23_audio) StdoutLine: {'line': b'running build_py\n'}
[2.694979] (rb23_audio) StdoutLine: {'line': b'running install\n'}
[2.695463] (rb23_audio) StdoutLine: {'line': b'running install_lib\n'}
[2.697469] (rb23_audio) StdoutLine: {'line': b'running install_data\n'}
[2.697757] (rb23_audio) StdoutLine: {'line': b'running install_egg_info\n'}
[2.700733] (rb23_audio) StdoutLine: {'line': b"removing '/home/denis/DENIS/RollerBot23/guardros_ws/install/rb23_audio/lib/python3.10/site-packages/rb23_audio-0.0.0-py3.10.egg-info' (and everything under it)\n"}
[2.701150] (rb23_audio) StdoutLine: {'line': b'Copying ../../build/rb23_audio/rb23_audio.egg-info to /home/denis/DENIS/RollerBot23/guardros_ws/install/rb23_audio/lib/python3.10/site-packages/rb23_audio-0.0.0-py3.10.egg-info\n'}
[2.702368] (rb23_audio) StdoutLine: {'line': b'running install_scripts\n'}
[2.708798] (-) TimerEvent: {}
[2.724570] (rb23_audio) StdoutLine: {'line': b'Installing rb23_audio_node script to /home/denis/DENIS/RollerBot23/guardros_ws/install/rb23_audio/lib/rb23_audio\n'}
[2.724880] (rb23_audio) StdoutLine: {'line': b"writing list of installed files to '/home/denis/DENIS/RollerBot23/guardros_ws/build/rb23_audio/install.log'\n"}
[2.759861] (rb23_audio) CommandEnded: {'returncode': 0}
[2.767560] (rb23_audio) JobEnded: {'identifier': 'rb23_audio', 'rc': 0}
[2.768486] (-) EventReactorShutdown: {}
