timestamp,elapsed_sec,seq,direction,payload_size_bytes,sample_rate,channels,encoding,samples_per_channel,dt_since_previous_sec
1778642046.9559906,10.957277297973633,1,rx,2730,16000,1,pcm_u8,2730,
1778642047.1240683,11.125355005264282,2,rx,2730,16000,1,pcm_u8,2730,0.16807770729064941
1778642047.297699,11.298985719680786,3,rx,2730,16000,1,pcm_u8,2730,0.1736307144165039
1778642047.4648967,11.466183423995972,4,rx,2730,16000,1,pcm_u8,2730,0.16719770431518555
1778642047.6352673,11.63655400276184,5,rx,2730,16000,1,pcm_u8,2730,0.17037057876586914
1778642047.816972,11.81825876235962,6,rx,2730,16000,1,pcm_u8,2730,0.18170475959777832
1778642047.9773176,11.978604316711426,7,rx,2730,16000,1,pcm_u8,2730,0.16034555435180664
1778642048.1489956,12.150282382965088,8,rx,2730,16000,1,pcm_u8,2730,0.1716780662536621
1778642048.3177853,12.319072008132935,9,rx,2730,16000,1,pcm_u8,2730,0.16878962516784668
1778642048.4886642,12.489950895309448,10,rx,2730,16000,1,pcm_u8,2730,0.17087888717651367
1778642048.660124,12.661410808563232,11,rx,2730,16000,1,pcm_u8,2730,0.17145991325378418
1778642048.8349733,12.836260080337524,12,rx,2730,16000,1,pcm_u8,2730,0.174849271774292
1778642049.005273,13.0065598487854,13,rx,2730,16000,1,pcm_u8,2730,0.17029976844787598
1778642049.1823466,13.18363332748413,14,rx,2730,16000,1,pcm_u8,2730,0.17707347869873047
1778642049.3442857,13.345572471618652,15,rx,2730,16000,1,pcm_u8,2730,0.16193914413452148
1778642049.5197687,13.521055459976196,16,rx,2730,16000,1,pcm_u8,2730,0.17548298835754395
1778642049.6922233,13.693510055541992,17,rx,2730,16000,1,pcm_u8,2730,0.1724545955657959
1778642049.8717647,13.873051404953003,18,rx,2730,16000,1,pcm_u8,2730,0.17954134941101074
1778642050.028818,14.030104637145996,19,rx,2730,16000,1,pcm_u8,2730,0.15705323219299316
1778642050.216181,14.217467784881592,20,rx,2730,16000,1,pcm_u8,2730,0.1873631477355957
1778642050.3713632,14.372649908065796,21,rx,2730,16000,1,pcm_u8,2730,0.1551821231842041
1778642050.546383,14.547669649124146,22,rx,2730,16000,1,pcm_u8,2730,0.1750197410583496
1778642050.7218313,14.72311806678772,23,rx,2730,16000,1,pcm_u8,2730,0.17544841766357422
1778642050.8914537,14.892740488052368,24,rx,2730,16000,1,pcm_u8,2730,0.16962242126464844
1778642051.0546064,15.055893182754517,25,rx,2730,16000,1,pcm_u8,2730,0.16315269470214844
1778642051.227392,15.228678703308105,26,rx,2730,16000,1,pcm_u8,2730,0.17278552055358887
1778642051.3947053,15.395992040634155,27,rx,2730,16000,1,pcm_u8,2730,0.1673133373260498
1778642051.5686955,15.569982290267944,28,rx,2730,16000,1,pcm_u8,2730,0.17399024963378906
1778642051.7373302,15.738616943359375,29,rx,2730,16000,1,pcm_u8,2730,0.16863465309143066
1778642051.9070036,15.908290386199951,30,rx,2730,16000,1,pcm_u8,2730,0.16967344284057617
1778642052.075865,16.077151775360107,31,rx,2730,16000,1,pcm_u8,2730,0.16886138916015625
1778642052.2532804,16.25456714630127,32,rx,2730,16000,1,pcm_u8,2730,0.1774153709411621
1778642052.42679,16.42807674407959,33,rx,2730,16000,1,pcm_u8,2730,0.1735095977783203
1778642052.588728,16.590014696121216,34,rx,2730,16000,1,pcm_u8,2730,0.16193795204162598
1778642052.7655308,16.766817569732666,35,rx,2730,16000,1,pcm_u8,2730,0.1768028736114502
1778642052.9424329,16.943719625473022,36,rx,2730,16000,1,pcm_u8,2730,0.17690205574035645
1778642053.1064591,17.107745885849,37,rx,2730,16000,1,pcm_u8,2730,0.16402626037597656
1778642053.2718737,17.273160457611084,38,rx,2730,16000,1,pcm_u8,2730,0.16541457176208496
1778642053.4518957,17.453182458877563,39,rx,2730,16000,1,pcm_u8,2730,0.1800220012664795
1778642053.6127968,17.614083528518677,40,rx,2730,16000,1,pcm_u8,2730,0.16090106964111328
1778642053.7838335,17.785120248794556,41,rx,2730,16000,1,pcm_u8,2730,0.1710367202758789
1778642053.9579754,17.959262132644653,42,rx,2730,16000,1,pcm_u8,2730,0.17414188385009766
1778642054.1272073,18.128494024276733,43,rx,2730,16000,1,pcm_u8,2730,0.16923189163208008
1778642054.2956047,18.296891450881958,44,rx,2730,16000,1,pcm_u8,2730,0.1683974266052246
1778642054.4673994,18.4686861038208,45,rx,2730,16000,1,pcm_u8,2730,0.17179465293884277
1778642054.636966,18.63825273513794,46,rx,2730,16000,1,pcm_u8,2730,0.16956663131713867
1778642054.8175356,18.818822383880615,47,rx,2730,16000,1,pcm_u8,2730,0.18056964874267578
1778642054.9839954,18.98528218269348,48,rx,2730,16000,1,pcm_u8,2730,0.1664597988128662
1778642055.1646235,19.165910243988037,49,rx,2730,16000,1,pcm_u8,2730,0.18062806129455566
1778642055.3201764,19.321463108062744,50,rx,2730,16000,1,pcm_u8,2730,0.15555286407470703
1778642055.4900286,19.491315364837646,51,rx,2730,16000,1,pcm_u8,2730,0.16985225677490234
1778642055.6609256,19.662212371826172,52,rx,2730,16000,1,pcm_u8,2730,0.1708970069885254
1778642055.8327122,19.833998918533325,53,rx,2730,16000,1,pcm_u8,2730,0.17178654670715332
1778642056.0070908,20.00837755203247,54,rx,2730,16000,1,pcm_u8,2730,0.1743786334991455
1778642056.1743424,20.175629138946533,55,rx,2730,16000,1,pcm_u8,2730,0.1672515869140625
1778642056.3435078,20.344794511795044,56,rx,2730,16000,1,pcm_u8,2730,0.16916537284851074
1778642056.514576,20.515862703323364,57,rx,2730,16000,1,pcm_u8,2730,0.1710681915283203
1778642056.6870253,20.68831205368042,58,rx,2730,16000,1,pcm_u8,2730,0.17244935035705566
1778642056.8558095,20.857096195220947,59,rx,2730,16000,1,pcm_u8,2730,0.16878414154052734
1778642057.026487,21.0277738571167,60,rx,2730,16000,1,pcm_u8,2730,0.17067766189575195
1778642057.2037323,21.205018997192383,61,rx,2730,16000,1,pcm_u8,2730,0.1772451400756836
1778642057.377494,21.378780841827393,62,rx,2730,16000,1,pcm_u8,2730,0.17376184463500977
1778642057.5378826,21.539169311523438,63,rx,2730,16000,1,pcm_u8,2730,0.16038846969604492
1778642057.7127478,21.71403455734253,64,rx,2730,16000,1,pcm_u8,2730,0.1748652458190918
1778642057.8944182,21.895704984664917,65,rx,2730,16000,1,pcm_u8,2730,0.1816704273223877
1778642058.0561888,22.057475566864014,66,rx,2730,16000,1,pcm_u8,2730,0.16177058219909668
1778642058.2209957,22.22228240966797,67,rx,2730,16000,1,pcm_u8,2730,0.16480684280395508
1778642058.4048212,22.406107902526855,68,rx,2730,16000,1,pcm_u8,2730,0.18382549285888672
1778642058.564688,22.565974712371826,69,rx,2730,16000,1,pcm_u8,2730,0.1598668098449707
1778642058.7325573,22.73384404182434,70,rx,2730,16000,1,pcm_u8,2730,0.16786932945251465
1778642058.9054623,22.90674901008606,71,rx,2730,16000,1,pcm_u8,2730,0.17290496826171875
1778642059.0776625,23.078949213027954,72,rx,2730,16000,1,pcm_u8,2730,0.17220020294189453
1778642059.265043,23.266329765319824,73,rx,2730,16000,1,pcm_u8,2730,0.18738055229187012
1778642059.4162943,23.41758108139038,74,rx,2730,16000,1,pcm_u8,2730,0.15125131607055664
1778642059.5866077,23.587894439697266,75,rx,2730,16000,1,pcm_u8,2730,0.17031335830688477
1778642059.770552,23.771838665008545,76,rx,2730,16000,1,pcm_u8,2730,0.1839442253112793
1778642059.934519,23.935805797576904,77,rx,2730,16000,1,pcm_u8,2730,0.16396713256835938
1778642060.1027248,24.10401153564453,78,rx,2730,16000,1,pcm_u8,2730,0.16820573806762695
1778642060.2712927,24.272579431533813,79,rx,2730,16000,1,pcm_u8,2730,0.16856789588928223
1778642060.4424806,24.443767309188843,80,rx,2730,16000,1,pcm_u8,2730,0.1711878776550293
1778642060.6100152,24.6113018989563,81,rx,2730,16000,1,pcm_u8,2730,0.16753458976745605
1778642060.7836058,24.784892559051514,82,rx,2730,16000,1,pcm_u8,2730,0.17359066009521484
1778642060.9697473,24.971034049987793,83,rx,2730,16000,1,pcm_u8,2730,0.1861414909362793
1778642061.1230037,25.124290466308594,84,rx,2730,16000,1,pcm_u8,2730,0.15325641632080078
1778642061.2943606,25.295647382736206,85,rx,2730,16000,1,pcm_u8,2730,0.1713569164276123
1778642061.4635592,25.464845895767212,86,rx,2730,16000,1,pcm_u8,2730,0.16919851303100586
1778642061.6354568,25.636743545532227,87,rx,2730,16000,1,pcm_u8,2730,0.17189764976501465
1778642061.9758568,25.97714352607727,88,rx,2730,16000,1,pcm_u8,2730,0.34039998054504395
1778642062.1476185,26.148905277252197,89,rx,2730,16000,1,pcm_u8,2730,0.17176175117492676
1778642062.5155525,26.516839265823364,90,rx,2730,16000,1,pcm_u8,2730,0.367933988571167
1778642062.665564,26.666850805282593,91,rx,2730,16000,1,pcm_u8,2730,0.15001153945922852
1778642062.8424828,26.843769550323486,92,rx,2730,16000,1,pcm_u8,2730,0.17691874504089355
1778642063.0038593,27.005146026611328,93,rx,2730,16000,1,pcm_u8,2730,0.1613764762878418
1778642063.1703267,27.171613454818726,94,rx,2730,16000,1,pcm_u8,2730,0.16646742820739746
1778642063.3497941,27.351080894470215,95,rx,2730,16000,1,pcm_u8,2730,0.17946743965148926
1778642063.5730507,27.574337482452393,96,rx,2730,16000,1,pcm_u8,2730,0.22325658798217773
1778642063.6842062,27.685492992401123,97,rx,2730,16000,1,pcm_u8,2730,0.11115550994873047
1778642063.855828,27.857114791870117,98,rx,2730,16000,1,pcm_u8,2730,0.17162179946899414
1778642064.0538986,28.055185317993164,99,rx,2730,16000,1,pcm_u8,2730,0.19807052612304688
1778642064.213948,28.215234756469727,100,rx,2730,16000,1,pcm_u8,2730,0.1600494384765625
1778642064.365563,28.366849660873413,101,rx,2730,16000,1,pcm_u8,2730,0.15161490440368652
1778642064.540392,28.54167866706848,102,rx,2730,16000,1,pcm_u8,2730,0.17482900619506836
1778642064.7099996,28.711286306381226,103,rx,2730,16000,1,pcm_u8,2730,0.16960763931274414
1778642064.8778975,28.879184246063232,104,rx,2730,16000,1,pcm_u8,2730,0.16789793968200684
1778642065.0658174,29.06710410118103,105,rx,2730,16000,1,pcm_u8,2730,0.18791985511779785
1778642065.2188199,29.220106601715088,106,rx,2730,16000,1,pcm_u8,2730,0.15300250053405762
1778642065.3915899,29.392876625061035,107,rx,2730,16000,1,pcm_u8,2730,0.17277002334594727
1778642065.5675552,29.5688419342041,108,rx,2730,16000,1,pcm_u8,2730,0.1759653091430664
1778642065.7464638,29.747750520706177,109,rx,2730,16000,1,pcm_u8,2730,0.1789085865020752
1778642065.9092746,29.910561323165894,110,rx,2730,16000,1,pcm_u8,2730,0.1628108024597168
1778642066.0739193,30.07520604133606,111,rx,2730,16000,1,pcm_u8,2730,0.16464471817016602
1778642066.2396777,30.24096441268921,112,rx,2730,16000,1,pcm_u8,2730,0.16575837135314941
1778642066.4104187,30.411705493927002,113,rx,2730,16000,1,pcm_u8,2730,0.17074108123779297
1778642066.589486,30.59077262878418,114,rx,2730,16000,1,pcm_u8,2730,0.17906713485717773
1778642066.7515202,30.752806901931763,115,rx,2730,16000,1,pcm_u8,2730,0.162034273147583
1778642066.9216154,30.92290210723877,116,rx,2730,16000,1,pcm_u8,2730,0.17009520530700684
1778642067.0981584,31.099445104599,117,rx,2730,16000,1,pcm_u8,2730,0.1765429973602295
1778642067.4337957,31.43508243560791,118,rx,2730,16000,1,pcm_u8,2730,0.33563733100891113
1778642067.6104763,31.61176300048828,119,rx,2730,16000,1,pcm_u8,2730,0.1766805648803711
1778642067.7902765,31.791563272476196,120,rx,2730,16000,1,pcm_u8,2730,0.17980027198791504
1778642067.9464467,31.947733402252197,121,rx,2730,16000,1,pcm_u8,2730,0.15617012977600098
1778642068.1185026,32.119789361953735,122,rx,2730,16000,1,pcm_u8,2730,0.17205595970153809
1778642068.2875333,32.288820028305054,123,rx,2730,16000,1,pcm_u8,2730,0.16903066635131836
1778642068.4586651,32.459951877593994,124,rx,2730,16000,1,pcm_u8,2730,0.17113184928894043
1778642068.631223,32.63250970840454,125,rx,2730,16000,1,pcm_u8,2730,0.17255783081054688
1778642068.8005543,32.801841020584106,126,rx,2730,16000,1,pcm_u8,2730,0.16933131217956543
1778642068.9742928,32.975579500198364,127,rx,2730,16000,1,pcm_u8,2730,0.1737384796142578
1778642069.1449242,33.14621090888977,128,rx,2730,16000,1,pcm_u8,2730,0.17063140869140625
1778642069.3114083,33.312695026397705,129,rx,2730,16000,1,pcm_u8,2730,0.16648411750793457
1778642069.488846,33.4901328086853,130,rx,2730,16000,1,pcm_u8,2730,0.17743778228759766
1778642069.653183,33.65446972846985,131,rx,2730,16000,1,pcm_u8,2730,0.1643369197845459
1778642069.8231852,33.824471950531006,132,rx,2730,16000,1,pcm_u8,2730,0.17000222206115723
1778642069.9988744,34.00016117095947,133,rx,2730,16000,1,pcm_u8,2730,0.1756892204284668
1778642070.1644244,34.16571116447449,134,rx,2730,16000,1,pcm_u8,2730,0.16554999351501465
1778642070.3367515,34.338038206100464,135,rx,2730,16000,1,pcm_u8,2730,0.17232704162597656
1778642070.507134,34.50842070579529,136,rx,2730,16000,1,pcm_u8,2730,0.17038249969482422
1778642070.6766303,34.67791700363159,137,rx,2730,16000,1,pcm_u8,2730,0.1694962978363037
1778642070.8493445,34.85063123703003,138,rx,2730,16000,1,pcm_u8,2730,0.1727142333984375
1778642071.0184174,35.01970410346985,139,rx,2730,16000,1,pcm_u8,2730,0.16907286643981934
1778642071.1987011,35.19998788833618,140,rx,2730,16000,1,pcm_u8,2730,0.180283784866333
1778642071.36237,35.363656759262085,141,rx,2730,16000,1,pcm_u8,2730,0.16366887092590332
1778642071.53398,35.535266637802124,142,rx,2730,16000,1,pcm_u8,2730,0.17160987854003906
1778642071.717771,35.71905779838562,143,rx,2730,16000,1,pcm_u8,2730,0.1837911605834961
1778642071.8762891,35.87757587432861,144,rx,2730,16000,1,pcm_u8,2730,0.15851807594299316
1778642072.0526593,36.053946018218994,145,rx,2730,16000,1,pcm_u8,2730,0.17637014389038086
1778642072.2298582,36.23114490509033,146,rx,2730,16000,1,pcm_u8,2730,0.1771988868713379
1778642072.3878345,36.389121294021606,147,rx,2730,16000,1,pcm_u8,2730,0.15797638893127441
1778642072.566852,36.56813883781433,148,rx,2730,16000,1,pcm_u8,2730,0.1790175437927246
1778642072.742104,36.743390798568726,149,rx,2730,16000,1,pcm_u8,2730,0.17525196075439453
1778642072.903221,36.904507637023926,150,rx,2730,16000,1,pcm_u8,2730,0.1611168384552002
1778642073.0695386,37.07082533836365,151,rx,2730,16000,1,pcm_u8,2730,0.16631770133972168
1778642073.2564616,37.25774836540222,152,rx,2730,16000,1,pcm_u8,2730,0.18692302703857422
1778642073.4084961,37.40978288650513,153,rx,2730,16000,1,pcm_u8,2730,0.15203452110290527
1778642073.5778103,37.579097032547,154,rx,2730,16000,1,pcm_u8,2730,0.16931414604187012
1778642073.7498965,37.75118327140808,155,rx,2730,16000,1,pcm_u8,2730,0.17208623886108398
1778642073.9236856,37.92497229576111,156,rx,2730,16000,1,pcm_u8,2730,0.17378902435302734
1778642074.0933337,38.0946204662323,157,rx,2730,16000,1,pcm_u8,2730,0.1696481704711914
1778642074.2602165,38.26150321960449,158,rx,2730,16000,1,pcm_u8,2730,0.16688275337219238
1778642074.4381878,38.43947458267212,159,rx,2730,16000,1,pcm_u8,2730,0.17797136306762695
1778642074.6044276,38.605714321136475,160,rx,2730,16000,1,pcm_u8,2730,0.16623973846435547
1778642074.7734425,38.77472925186157,161,rx,2730,16000,1,pcm_u8,2730,0.16901493072509766
1778642074.9539855,38.95527219772339,162,rx,2730,16000,1,pcm_u8,2730,0.1805429458618164
1778642075.1138964,39.11518311500549,163,rx,2730,16000,1,pcm_u8,2730,0.1599109172821045
1778642075.287415,39.28870177268982,164,rx,2730,16000,1,pcm_u8,2730,0.17351865768432617
1778642075.455338,39.45662474632263,165,rx,2730,16000,1,pcm_u8,2730,0.1679229736328125
1778642075.6261294,39.627416133880615,166,rx,2730,16000,1,pcm_u8,2730,0.1707913875579834
1778642075.7988133,39.80010008811951,167,rx,2730,16000,1,pcm_u8,2730,0.1726839542388916
1778642075.9676666,39.968953371047974,168,rx,2730,16000,1,pcm_u8,2730,0.1688532829284668
1778642076.141479,40.14276576042175,169,rx,2730,16000,1,pcm_u8,2730,0.1738123893737793
1778642076.3082435,40.30953025817871,170,rx,2730,16000,1,pcm_u8,2730,0.166764497756958
1778642076.4828143,40.48410105705261,171,rx,2730,16000,1,pcm_u8,2730,0.17457079887390137
1778642076.6506326,40.6519193649292,172,rx,2730,16000,1,pcm_u8,2730,0.16781830787658691
1778642076.820674,40.82196068763733,173,rx,2730,16000,1,pcm_u8,2730,0.17004132270812988
1778642076.9932985,40.994585275650024,174,rx,2730,16000,1,pcm_u8,2730,0.1726245880126953
1778642077.1632721,41.16455888748169,175,rx,2730,16000,1,pcm_u8,2730,0.16997361183166504
1778642077.336688,41.33797478675842,176,rx,2730,16000,1,pcm_u8,2730,0.1734158992767334
1778642077.5159569,41.51724362373352,177,rx,2730,16000,1,pcm_u8,2730,0.17926883697509766
1778642077.6868742,41.68816089630127,178,rx,2730,16000,1,pcm_u8,2730,0.17091727256774902
1778642077.8524907,41.85377740859985,179,rx,2730,16000,1,pcm_u8,2730,0.16561651229858398
1778642078.0172572,42.01854395866394,180,rx,2730,16000,1,pcm_u8,2730,0.16476655006408691
1778642078.1972473,42.19853401184082,181,rx,2730,16000,1,pcm_u8,2730,0.17999005317687988
1778642078.3611157,42.36240243911743,182,rx,2730,16000,1,pcm_u8,2730,0.16386842727661133
1778642078.5433264,42.54461312294006,183,rx,2730,16000,1,pcm_u8,2730,0.18221068382263184
1778642078.7325912,42.73387789726257,184,rx,2730,16000,1,pcm_u8,2730,0.18926477432250977
1778642078.873212,42.87449884414673,185,rx,2730,16000,1,pcm_u8,2730,0.14062094688415527
1778642079.0596182,43.06090497970581,186,rx,2730,16000,1,pcm_u8,2730,0.18640613555908203
1778642079.2160008,43.21728754043579,187,rx,2730,16000,1,pcm_u8,2730,0.15638256072998047
1778642079.387128,43.38841485977173,188,rx,2730,16000,1,pcm_u8,2730,0.1711273193359375
1778642079.5677485,43.56903529167175,189,rx,2730,16000,1,pcm_u8,2730,0.18062043190002441
1778642079.7220206,43.723307371139526,190,rx,2730,16000,1,pcm_u8,2730,0.15427207946777344
1778642079.9139829,43.91526961326599,191,rx,2730,16000,1,pcm_u8,2730,0.19196224212646484
1778642080.0640283,44.06531500816345,192,rx,2730,16000,1,pcm_u8,2730,0.15004539489746094
1778642080.237101,44.23838782310486,193,rx,2730,16000,1,pcm_u8,2730,0.17307281494140625
1778642080.404782,44.40606880187988,194,rx,2730,16000,1,pcm_u8,2730,0.16768097877502441
1778642080.5780506,44.57933735847473,195,rx,2730,16000,1,pcm_u8,2730,0.17326855659484863
1778642080.7523353,44.75362205505371,196,rx,2730,16000,1,pcm_u8,2730,0.1742846965789795
1778642080.9184935,44.919780254364014,197,rx,2730,16000,1,pcm_u8,2730,0.16615819931030273
1778642081.0885751,45.08986186981201,198,rx,2730,16000,1,pcm_u8,2730,0.17008161544799805
1778642081.2593598,45.26064658164978,199,rx,2730,16000,1,pcm_u8,2730,0.17078471183776855
1778642081.4291224,45.43040919303894,200,rx,2730,16000,1,pcm_u8,2730,0.16976261138916016
1778642081.6004162,45.60170292854309,201,rx,2730,16000,1,pcm_u8,2730,0.1712937355041504
1778642081.770947,45.772233724594116,202,rx,2730,16000,1,pcm_u8,2730,0.1705307960510254
1778642081.9499927,45.951279401779175,203,rx,2730,16000,1,pcm_u8,2730,0.1790456771850586
1778642082.1116571,46.11294388771057,204,rx,2730,16000,1,pcm_u8,2730,0.16166448593139648
1778642082.283819,46.28510570526123,205,rx,2730,16000,1,pcm_u8,2730,0.17216181755065918
1778642082.4639626,46.46524930000305,206,rx,2730,16000,1,pcm_u8,2730,0.1801435947418213
1778642082.6365511,46.6378378868103,207,rx,2730,16000,1,pcm_u8,2730,0.17258858680725098
1778642082.797525,46.79881167411804,208,rx,2730,16000,1,pcm_u8,2730,0.16097378730773926
1778642082.967249,46.96853566169739,209,rx,2730,16000,1,pcm_u8,2730,0.1697239875793457
1778642083.1470726,47.148359298706055,210,rx,2730,16000,1,pcm_u8,2730,0.179823637008667
1778642083.3067768,47.30806350708008,211,rx,2730,16000,1,pcm_u8,2730,0.15970420837402344
1778642083.4819925,47.48327922821045,212,rx,2730,16000,1,pcm_u8,2730,0.1752157211303711
1778642083.6503713,47.651658058166504,213,rx,2730,16000,1,pcm_u8,2730,0.1683788299560547
1778642083.824622,47.82590866088867,214,rx,2730,16000,1,pcm_u8,2730,0.17425060272216797
1778642084.0177708,48.019057512283325,215,rx,2730,16000,1,pcm_u8,2730,0.19314885139465332
1778642084.1620815,48.163368225097656,216,rx,2730,16000,1,pcm_u8,2730,0.14431071281433105
1778642084.338148,48.33943486213684,217,rx,2730,16000,1,pcm_u8,2730,0.17606663703918457
1778642084.5277736,48.52906036376953,218,rx,2730,16000,1,pcm_u8,2730,0.18962550163269043
1778642084.6764379,48.67772459983826,219,rx,2730,16000,1,pcm_u8,2730,0.14866423606872559
1778642084.8602827,48.86156940460205,220,rx,2730,16000,1,pcm_u8,2730,0.18384480476379395
1778642085.0366015,49.037888288497925,221,rx,2730,16000,1,pcm_u8,2730,0.17631888389587402
1778642085.184134,49.185420751571655,222,rx,2730,16000,1,pcm_u8,2730,0.14753246307373047
1778642085.376276,49.37756276130676,223,rx,2730,16000,1,pcm_u8,2730,0.19214200973510742
1778642085.5279078,49.529194593429565,224,rx,2730,16000,1,pcm_u8,2730,0.15163183212280273
1778642085.7005842,49.701870918273926,225,rx,2730,16000,1,pcm_u8,2730,0.17267632484436035
1778642085.8764524,49.8777391910553,226,rx,2730,16000,1,pcm_u8,2730,0.17586827278137207
1778642086.0380754,50.03936219215393,227,rx,2730,16000,1,pcm_u8,2730,0.1616230010986328
1778642086.2100418,50.21132850646973,228,rx,2730,16000,1,pcm_u8,2730,0.1719663143157959
1778642086.3790157,50.38030242919922,229,rx,2730,16000,1,pcm_u8,2730,0.1689739227294922
1778642086.5494206,50.55070734024048,230,rx,2730,16000,1,pcm_u8,2730,0.17040491104125977
1778642086.7210822,50.72236895561218,231,rx,2730,16000,1,pcm_u8,2730,0.1716616153717041
1778642086.8974965,50.8987832069397,232,rx,2730,16000,1,pcm_u8,2730,0.17641425132751465
1778642087.0785801,51.079866886138916,233,rx,2730,16000,1,pcm_u8,2730,0.18108367919921875
1778642087.2344851,51.235771894454956,234,rx,2730,16000,1,pcm_u8,2730,0.15590500831604004
1778642087.4424794,51.44376611709595,235,rx,2730,16000,1,pcm_u8,2730,0.2079942226409912
1778642087.5904913,51.59177803993225,236,rx,2730,16000,1,pcm_u8,2730,0.1480119228363037
1778642087.7482355,51.74952220916748,237,rx,2730,16000,1,pcm_u8,2730,0.1577441692352295
1778642087.9173303,51.91861701011658,238,rx,2730,16000,1,pcm_u8,2730,0.16909480094909668
1778642088.1016834,52.102970123291016,239,rx,2730,16000,1,pcm_u8,2730,0.18435311317443848
1778642088.2594953,52.26078200340271,240,rx,2730,16000,1,pcm_u8,2730,0.15781188011169434
1778642088.4270296,52.42831635475159,241,rx,2730,16000,1,pcm_u8,2730,0.16753435134887695
1778642088.59926,52.60054683685303,242,rx,2730,16000,1,pcm_u8,2730,0.17223048210144043
1778642088.7705638,52.7718505859375,243,rx,2730,16000,1,pcm_u8,2730,0.17130374908447266
1778642088.9395087,52.94079542160034,244,rx,2730,16000,1,pcm_u8,2730,0.1689448356628418
1778642089.110228,53.11151480674744,245,rx,2730,16000,1,pcm_u8,2730,0.17071938514709473
1778642089.2851586,53.2864453792572,246,rx,2730,16000,1,pcm_u8,2730,0.17493057250976562
1778642089.4655924,53.46687912940979,247,rx,2730,16000,1,pcm_u8,2730,0.1804337501525879
1778642089.621564,53.6228506565094,248,rx,2730,16000,1,pcm_u8,2730,0.15597152709960938
1778642089.8088336,53.81012034416199,249,rx,2730,16000,1,pcm_u8,2730,0.1872696876525879
1778642089.962853,53.96413969993591,250,rx,2730,16000,1,pcm_u8,2730,0.15401935577392578
1778642090.1358945,54.13718128204346,251,rx,2730,16000,1,pcm_u8,2730,0.17304158210754395
1778642090.3245168,54.32580351829529,252,rx,2730,16000,1,pcm_u8,2730,0.18862223625183105
1778642090.5093946,54.51068139076233,253,rx,2730,16000,1,pcm_u8,2730,0.18487787246704102
1778642090.6537352,54.65502190589905,254,rx,2730,16000,1,pcm_u8,2730,0.14434051513671875
1778642090.8248322,54.82611894607544,255,rx,2730,16000,1,pcm_u8,2730,0.1710970401763916
1778642090.9905806,54.99186730384827,256,rx,2730,16000,1,pcm_u8,2730,0.16574835777282715
1778642091.163786,55.16507267951965,257,rx,2730,16000,1,pcm_u8,2730,0.17320537567138672
1778642091.3285146,55.32980132102966,258,rx,2730,16000,1,pcm_u8,2730,0.16472864151000977
1778642091.5023286,55.503615379333496,259,rx,2730,16000,1,pcm_u8,2730,0.173814058303833
1778642091.6706362,55.6719229221344,260,rx,2730,16000,1,pcm_u8,2730,0.16830754280090332
1778642091.849806,55.85109281539917,261,rx,2730,16000,1,pcm_u8,2730,0.1791698932647705
1778642092.1840339,56.18532061576843,262,rx,2730,16000,1,pcm_u8,2730,0.3342278003692627
1778642092.3555813,56.35686802864075,263,rx,2730,16000,1,pcm_u8,2730,0.17154741287231445
1778642092.5356088,56.536895513534546,264,rx,2730,16000,1,pcm_u8,2730,0.18002748489379883
1778642092.6984081,56.699694871902466,265,rx,2730,16000,1,pcm_u8,2730,0.16279935836791992
1778642092.8648078,56.8660945892334,266,rx,2730,16000,1,pcm_u8,2730,0.16639971733093262
1778642093.0475044,57.04879117012024,267,rx,2730,16000,1,pcm_u8,2730,0.18269658088684082
1778642093.2066083,57.207895040512085,268,rx,2730,16000,1,pcm_u8,2730,0.1591038703918457
1778642093.3774278,57.3787145614624,269,rx,2730,16000,1,pcm_u8,2730,0.17081952095031738
1778642093.5472736,57.54856038093567,270,rx,2730,16000,1,pcm_u8,2730,0.1698458194732666
1778642093.7196915,57.72097826004028,271,rx,2730,16000,1,pcm_u8,2730,0.17241787910461426
1778642093.911295,57.9125816822052,272,rx,2730,16000,1,pcm_u8,2730,0.191603422164917
1778642094.0593543,58.060641050338745,273,rx,2730,16000,1,pcm_u8,2730,0.14805936813354492
1778642094.2352867,58.236573457717896,274,rx,2730,16000,1,pcm_u8,2730,0.1759324073791504
1778642094.4209435,58.42223024368286,275,rx,2730,16000,1,pcm_u8,2730,0.18565678596496582
1778642094.5714707,58.57275748252869,276,rx,2730,16000,1,pcm_u8,2730,0.1505272388458252
1778642094.7614796,58.76276636123657,277,rx,2730,16000,1,pcm_u8,2730,0.19000887870788574
1778642094.9128468,58.91413354873657,278,rx,2730,16000,1,pcm_u8,2730,0.1513671875
1778642095.087488,59.08877468109131,279,rx,2730,16000,1,pcm_u8,2730,0.17464113235473633
1778642095.2753391,59.276625871658325,280,rx,2730,16000,1,pcm_u8,2730,0.1878511905670166
1778642095.4282558,59.429542541503906,281,rx,2730,16000,1,pcm_u8,2730,0.15291666984558105
1778642095.5988486,59.6001353263855,282,rx,2730,16000,1,pcm_u8,2730,0.1705927848815918
1778642095.7757206,59.77700734138489,283,rx,2730,16000,1,pcm_u8,2730,0.17687201499938965
1778642095.9373083,59.93859505653381,284,rx,2730,16000,1,pcm_u8,2730,0.16158771514892578
1778642096.1101522,60.11143898963928,285,rx,2730,16000,1,pcm_u8,2730,0.17284393310546875
1778642096.2826283,60.2839150428772,286,rx,2730,16000,1,pcm_u8,2730,0.17247605323791504
1778642096.4593685,60.460655212402344,287,rx,2730,16000,1,pcm_u8,2730,0.17674016952514648
1778642096.624827,60.62611365318298,288,rx,2730,16000,1,pcm_u8,2730,0.16545844078063965
1778642096.7998765,60.80116319656372,289,rx,2730,16000,1,pcm_u8,2730,0.1750495433807373
1778642096.9741304,60.975417137145996,290,rx,2730,16000,1,pcm_u8,2730,0.1742539405822754
1778642097.1412072,61.14249396324158,291,rx,2730,16000,1,pcm_u8,2730,0.16707682609558105
1778642097.3068702,61.308156967163086,292,rx,2730,16000,1,pcm_u8,2730,0.1656630039215088
1778642097.4836419,61.484928607940674,293,rx,2730,16000,1,pcm_u8,2730,0.1767716407775879
1778642097.6477015,61.648988246917725,294,rx,2730,16000,1,pcm_u8,2730,0.16405963897705078
1778642097.8169425,61.81822919845581,295,rx,2730,16000,1,pcm_u8,2730,0.16924095153808594
1778642097.9948056,61.996092319488525,296,rx,2730,16000,1,pcm_u8,2730,0.17786312103271484
1778642098.159648,62.16093468666077,297,rx,2730,16000,1,pcm_u8,2730,0.1648423671722412
1778642098.3447726,62.34605932235718,298,rx,2730,16000,1,pcm_u8,2730,0.18512463569641113
1778642098.5006225,62.501909255981445,299,rx,2730,16000,1,pcm_u8,2730,0.15584993362426758
1778642098.671295,62.67258167266846,300,rx,2730,16000,1,pcm_u8,2730,0.17067241668701172
1778642098.8620741,62.86336088180542,301,rx,2730,16000,1,pcm_u8,2730,0.1907792091369629
1778642099.0155754,63.01686215400696,302,rx,2730,16000,1,pcm_u8,2730,0.15350127220153809
1778642099.1844432,63.18572998046875,303,rx,2730,16000,1,pcm_u8,2730,0.168867826461792
1778642099.3709402,63.37222695350647,304,rx,2730,16000,1,pcm_u8,2730,0.18649697303771973
1778642099.5255003,63.5267870426178,305,rx,2730,16000,1,pcm_u8,2730,0.15456008911132812
1778642099.7113006,63.71258735656738,306,rx,2730,16000,1,pcm_u8,2730,0.18580031394958496
1778642099.8684201,63.869706869125366,307,rx,2730,16000,1,pcm_u8,2730,0.1571195125579834
1778642100.0396323,64.04091906547546,308,rx,2730,16000,1,pcm_u8,2730,0.17121219635009766
1778642100.217913,64.21919965744019,309,rx,2730,16000,1,pcm_u8,2730,0.17828059196472168
1778642100.3745637,64.37585043907166,310,rx,2730,16000,1,pcm_u8,2730,0.15665078163146973
1778642100.5495763,64.55086302757263,311,rx,2730,16000,1,pcm_u8,2730,0.17501258850097656
1778642100.7188275,64.72011423110962,312,rx,2730,16000,1,pcm_u8,2730,0.1692512035369873
1778642100.8883493,64.88963603973389,313,rx,2730,16000,1,pcm_u8,2730,0.16952180862426758
1778642101.0571887,65.05847549438477,314,rx,2730,16000,1,pcm_u8,2730,0.1688394546508789
1778642101.2275171,65.22880387306213,315,rx,2730,16000,1,pcm_u8,2730,0.17032837867736816
1778642101.4159586,65.417245388031,316,rx,2730,16000,1,pcm_u8,2730,0.18844151496887207
1778642101.5692208,65.5705075263977,317,rx,2730,16000,1,pcm_u8,2730,0.15326213836669922
1778642101.7454925,65.74677920341492,318,rx,2730,16000,1,pcm_u8,2730,0.17627167701721191
1778642101.9269338,65.92822051048279,319,rx,2730,16000,1,pcm_u8,2730,0.1814413070678711
1778642102.0813391,66.08262586593628,320,rx,2730,16000,1,pcm_u8,2730,0.1544053554534912
1778642102.252411,66.25369763374329,321,rx,2730,16000,1,pcm_u8,2730,0.17107176780700684
1778642102.438191,66.43947768211365,322,rx,2730,16000,1,pcm_u8,2730,0.18578004837036133
1778642102.6048312,66.6061179637909,323,rx,2730,16000,1,pcm_u8,2730,0.1666402816772461
1778642102.7634463,66.76473307609558,324,rx,2730,16000,1,pcm_u8,2730,0.1586151123046875
1778642102.9505832,66.95186996459961,325,rx,2730,16000,1,pcm_u8,2730,0.18713688850402832
1778642103.1059918,67.10727858543396,326,rx,2730,16000,1,pcm_u8,2730,0.15540862083435059
1778642103.2757747,67.27706146240234,327,rx,2730,16000,1,pcm_u8,2730,0.1697828769683838
1778642103.4462988,67.44758558273315,328,rx,2730,16000,1,pcm_u8,2730,0.17052412033081055
1778642103.618518,67.61980485916138,329,rx,2730,16000,1,pcm_u8,2730,0.17221927642822266
1778642103.788556,67.7898428440094,330,rx,2730,16000,1,pcm_u8,2730,0.17003798484802246
1778642103.9587917,67.9600784778595,331,rx,2730,16000,1,pcm_u8,2730,0.17023563385009766
1778642104.1323724,68.13365912437439,332,rx,2730,16000,1,pcm_u8,2730,0.17358064651489258
1778642104.3035111,68.30479788780212,333,rx,2730,16000,1,pcm_u8,2730,0.17113876342773438
1778642104.47054,68.4718267917633,334,rx,2730,16000,1,pcm_u8,2730,0.16702890396118164
1778642104.64948,68.65076684951782,335,rx,2730,16000,1,pcm_u8,2730,0.1789400577545166
1778642104.811997,68.8132836818695,336,rx,2730,16000,1,pcm_u8,2730,0.16251683235168457
1778642104.9983604,68.99964714050293,337,rx,2730,16000,1,pcm_u8,2730,0.18636345863342285
1778642105.222523,69.2238097190857,338,rx,2730,16000,1,pcm_u8,2730,0.22416257858276367
1778642105.3291185,69.33040523529053,339,rx,2730,16000,1,pcm_u8,2730,0.10659551620483398
1778642105.4991255,69.50041222572327,340,rx,2730,16000,1,pcm_u8,2730,0.17000699043273926
1778642105.6726155,69.6739022731781,341,rx,2730,16000,1,pcm_u8,2730,0.17349004745483398
1778642105.8396685,69.84095525741577,342,rx,2730,16000,1,pcm_u8,2730,0.1670529842376709
1778642106.006757,70.00804376602173,343,rx,2730,16000,1,pcm_u8,2730,0.16708850860595703
1778642106.1777291,70.17901587486267,344,rx,2730,16000,1,pcm_u8,2730,0.17097210884094238
1778642106.3575768,70.35886359214783,345,rx,2730,16000,1,pcm_u8,2730,0.17984771728515625
1778642106.5196307,70.5209174156189,346,rx,2730,16000,1,pcm_u8,2730,0.16205382347106934
1778642106.6945221,70.69580888748169,347,rx,2730,16000,1,pcm_u8,2730,0.17489147186279297
1778642106.871874,70.87316083908081,348,rx,2730,16000,1,pcm_u8,2730,0.1773519515991211
1778642107.0330682,71.03435492515564,349,rx,2730,16000,1,pcm_u8,2730,0.1611940860748291
1778642107.202123,71.20340967178345,350,rx,2730,16000,1,pcm_u8,2730,0.16905474662780762
1778642107.544394,71.54568076133728,351,rx,2730,16000,1,pcm_u8,2730,0.342271089553833
1778642107.7138553,71.71514201164246,352,rx,2730,16000,1,pcm_u8,2730,0.16946125030517578
1778642107.8930204,71.89430713653564,353,rx,2730,16000,1,pcm_u8,2730,0.17916512489318848
1778642108.0553265,72.0566132068634,354,rx,2730,16000,1,pcm_u8,2730,0.1623060703277588
1778642108.2261007,72.22738742828369,355,rx,2730,16000,1,pcm_u8,2730,0.17077422142028809
1778642108.3963315,72.3976182937622,356,rx,2730,16000,1,pcm_u8,2730,0.17023086547851562
1778642108.5667362,72.56802296638489,357,rx,2730,16000,1,pcm_u8,2730,0.17040467262268066
1778642108.7537482,72.75503492355347,358,rx,2730,16000,1,pcm_u8,2730,0.1870119571685791
1778642108.908767,72.91005373001099,359,rx,2730,16000,1,pcm_u8,2730,0.15501880645751953
1778642109.0826302,73.08391690254211,360,rx,2730,16000,1,pcm_u8,2730,0.17386317253112793
1778642109.4234283,73.42471504211426,361,rx,2730,16000,1,pcm_u8,2730,0.34079813957214355
1778642109.6124296,73.61371636390686,362,rx,2730,16000,1,pcm_u8,2730,0.18900132179260254
1778642109.7934296,73.79471635818481,363,rx,2730,16000,1,pcm_u8,2730,0.1809999942779541
1778642109.9358096,73.93709635734558,364,rx,2730,16000,1,pcm_u8,2730,0.1423799991607666
1778642110.1118016,74.1130883693695,365,rx,2730,16000,1,pcm_u8,2730,0.17599201202392578
1778642110.2748477,74.2761344909668,366,rx,2730,16000,1,pcm_u8,2730,0.16304612159729004
1778642110.453307,74.45459365844727,367,rx,2730,16000,1,pcm_u8,2730,0.17845916748046875
1778642110.6224566,74.62374329566956,368,rx,2730,16000,1,pcm_u8,2730,0.16914963722229004
1778642110.7951648,74.79645156860352,369,rx,2730,16000,1,pcm_u8,2730,0.17270827293395996
1778642110.9598432,74.96112990379333,370,rx,2730,16000,1,pcm_u8,2730,0.16467833518981934
1778642111.1272497,75.12853646278381,371,rx,2730,16000,1,pcm_u8,2730,0.16740655899047852
1778642111.3069382,75.30822491645813,372,rx,2730,16000,1,pcm_u8,2730,0.1796884536743164
1778642111.4687524,75.4700391292572,373,rx,2730,16000,1,pcm_u8,2730,0.16181421279907227
1778642111.6431086,75.64439535140991,374,rx,2730,16000,1,pcm_u8,2730,0.17435622215270996
1778642111.8228643,75.82415103912354,375,rx,2730,16000,1,pcm_u8,2730,0.17975568771362305
1778642111.982498,75.98378467559814,376,rx,2730,16000,1,pcm_u8,2730,0.15963363647460938
1778642112.1507251,76.15201187133789,377,rx,2730,16000,1,pcm_u8,2730,0.1682271957397461
1778642112.3311334,76.33242011070251,378,rx,2730,16000,1,pcm_u8,2730,0.18040823936462402
1778642112.4923494,76.49363613128662,379,rx,2730,16000,1,pcm_u8,2730,0.16121602058410645
1778642112.6633515,76.66463828086853,380,rx,2730,16000,1,pcm_u8,2730,0.17100214958190918
1778642112.8386574,76.8399441242218,381,rx,2730,16000,1,pcm_u8,2730,0.17530584335327148
1778642113.0069559,77.0082426071167,382,rx,2730,16000,1,pcm_u8,2730,0.16829848289489746
1778642113.1749692,77.17625594139099,383,rx,2730,16000,1,pcm_u8,2730,0.168013334274292
1778642113.346719,77.34800577163696,384,rx,2730,16000,1,pcm_u8,2730,0.17174983024597168
1778642113.5167348,77.51802158355713,385,rx,2730,16000,1,pcm_u8,2730,0.17001581192016602
1778642113.7033029,77.70458960533142,386,rx,2730,16000,1,pcm_u8,2730,0.186568021774292
1778642113.8580883,77.859375,387,rx,2730,16000,1,pcm_u8,2730,0.1547853946685791
1778642114.0322018,78.03348851203918,388,rx,2730,16000,1,pcm_u8,2730,0.17411351203918457
1778642114.214425,78.21571183204651,389,rx,2730,16000,1,pcm_u8,2730,0.18222332000732422
1778642114.3698714,78.37115812301636,390,rx,2730,16000,1,pcm_u8,2730,0.15544629096984863
1778642114.5585976,78.55988430976868,391,rx,2730,16000,1,pcm_u8,2730,0.18872618675231934
1778642114.7307909,78.73207759857178,392,rx,2730,16000,1,pcm_u8,2730,0.17219328880310059
1778642114.8865168,78.88780355453491,393,rx,2730,16000,1,pcm_u8,2730,0.15572595596313477
1778642115.06146,79.06274676322937,394,rx,2730,16000,1,pcm_u8,2730,0.174943208694458
1778642115.2241662,79.22545289993286,395,rx,2730,16000,1,pcm_u8,2730,0.1627061367034912
1778642115.3973083,79.39859509468079,396,rx,2730,16000,1,pcm_u8,2730,0.1731421947479248
1778642115.565826,79.56711268424988,397,rx,2730,16000,1,pcm_u8,2730,0.1685175895690918
1778642115.7412825,79.74256920814514,398,rx,2730,16000,1,pcm_u8,2730,0.17545652389526367
1778642115.9072385,79.90852522850037,399,rx,2730,16000,1,pcm_u8,2730,0.1659560203552246
1778642116.0788903,80.08017706871033,400,rx,2730,16000,1,pcm_u8,2730,0.17165184020996094
1778642116.2555015,80.25678825378418,401,rx,2730,16000,1,pcm_u8,2730,0.17661118507385254
1778642116.4256485,80.42693519592285,402,rx,2730,16000,1,pcm_u8,2730,0.17014694213867188
1778642116.5960824,80.59736919403076,403,rx,2730,16000,1,pcm_u8,2730,0.17043399810791016
1778642116.7698128,80.77109956741333,404,rx,2730,16000,1,pcm_u8,2730,0.17373037338256836
1778642116.9304504,80.93173718452454,405,rx,2730,16000,1,pcm_u8,2730,0.16063761711120605
1778642117.1004333,81.10172009468079,406,rx,2730,16000,1,pcm_u8,2730,0.16998291015625
1778642117.2756946,81.27698135375977,407,rx,2730,16000,1,pcm_u8,2730,0.1752612590789795
1778642117.443824,81.44511079788208,408,rx,2730,16000,1,pcm_u8,2730,0.16812944412231445
1778642117.6134865,81.61477327346802,409,rx,2730,16000,1,pcm_u8,2730,0.1696624755859375
1778642117.8033173,81.80460405349731,410,rx,2730,16000,1,pcm_u8,2730,0.18983078002929688
1778642117.9552715,81.95655822753906,411,rx,2730,16000,1,pcm_u8,2730,0.15195417404174805
1778642118.1252646,82.12655138969421,412,rx,2730,16000,1,pcm_u8,2730,0.16999316215515137
1778642118.2956703,82.29695701599121,413,rx,2730,16000,1,pcm_u8,2730,0.17040562629699707
1778642118.4664226,82.46770930290222,414,rx,2730,16000,1,pcm_u8,2730,0.17075228691101074
1778642118.6399531,82.6412398815155,415,rx,2730,16000,1,pcm_u8,2730,0.17353057861328125
1778642118.8078554,82.80914211273193,416,rx,2730,16000,1,pcm_u8,2730,0.16790223121643066
1778642118.982193,82.98347973823547,417,rx,2730,16000,1,pcm_u8,2730,0.17433762550354004
1778642119.1601,83.16138672828674,418,rx,2730,16000,1,pcm_u8,2730,0.17790699005126953
1778642119.3194737,83.32076048851013,419,rx,2730,16000,1,pcm_u8,2730,0.15937376022338867
1778642119.4993055,83.50059223175049,420,rx,2730,16000,1,pcm_u8,2730,0.17983174324035645
1778642119.6698465,83.67113327980042,421,rx,2730,16000,1,pcm_u8,2730,0.17054104804992676
1778642119.8355482,83.83683490753174,422,rx,2730,16000,1,pcm_u8,2730,0.16570162773132324
1778642120.00971,84.01099681854248,423,rx,2730,16000,1,pcm_u8,2730,0.1741619110107422
1778642120.1744049,84.17569160461426,424,rx,2730,16000,1,pcm_u8,2730,0.16469478607177734
1778642120.3532572,84.35454392433167,425,rx,2730,16000,1,pcm_u8,2730,0.17885231971740723
1778642120.5200627,84.52134943008423,426,rx,2730,16000,1,pcm_u8,2730,0.16680550575256348
1778642120.6965375,84.69782423973083,427,rx,2730,16000,1,pcm_u8,2730,0.17647480964660645
1778642120.8558407,84.85712742805481,428,rx,2730,16000,1,pcm_u8,2730,0.1593031883239746
1778642121.030273,85.03155970573425,429,rx,2730,16000,1,pcm_u8,2730,0.17443227767944336
1778642121.2051282,85.20641493797302,430,rx,2730,16000,1,pcm_u8,2730,0.17485523223876953
1778642121.3720844,85.37337112426758,431,rx,2730,16000,1,pcm_u8,2730,0.16695618629455566
1778642121.5495114,85.55079817771912,432,rx,2730,16000,1,pcm_u8,2730,0.17742705345153809
1778642121.7192504,85.72053718566895,433,rx,2730,16000,1,pcm_u8,2730,0.1697390079498291
1778642121.9045253,85.90581202507019,434,rx,2730,16000,1,pcm_u8,2730,0.18527483940124512
1778642122.0553546,86.05664134025574,435,rx,2730,16000,1,pcm_u8,2730,0.15082931518554688
1778642122.2338598,86.23514652252197,436,rx,2730,16000,1,pcm_u8,2730,0.17850518226623535
1778642122.3947654,86.39605212211609,437,rx,2730,16000,1,pcm_u8,2730,0.1609055995941162
1778642122.5658755,86.56716227531433,438,rx,2730,16000,1,pcm_u8,2730,0.1711101531982422
1778642122.7468705,86.74815726280212,439,rx,2730,16000,1,pcm_u8,2730,0.18099498748779297
1778642122.9034252,86.90471196174622,440,rx,2730,16000,1,pcm_u8,2730,0.1565546989440918
1778642123.0794888,87.08077549934387,441,rx,2730,16000,1,pcm_u8,2730,0.17606353759765625
1778642123.2443674,87.24565410614014,442,rx,2730,16000,1,pcm_u8,2730,0.16487860679626465
1778642123.4159317,87.41721844673157,443,rx,2730,16000,1,pcm_u8,2730,0.17156434059143066
1778642123.5991735,87.60046029090881,444,rx,2730,16000,1,pcm_u8,2730,0.1832418441772461
1778642123.7569566,87.75824332237244,445,rx,2730,16000,1,pcm_u8,2730,0.15778303146362305
1778642123.9295852,87.93087196350098,446,rx,2730,16000,1,pcm_u8,2730,0.17262864112854004
1778642124.1089685,88.11025524139404,447,rx,2730,16000,1,pcm_u8,2730,0.1793832778930664
1778642124.2721274,88.27341413497925,448,rx,2730,16000,1,pcm_u8,2730,0.16315889358520508
1778642124.4474423,88.44872903823853,449,rx,2730,16000,1,pcm_u8,2730,0.17531490325927734
1778642124.6192799,88.6205666065216,450,rx,2730,16000,1,pcm_u8,2730,0.17183756828308105
1778642124.791782,88.79306864738464,451,rx,2730,16000,1,pcm_u8,2730,0.1725020408630371
1778642124.959015,88.96030163764954,452,rx,2730,16000,1,pcm_u8,2730,0.16723299026489258
1778642125.1260805,89.1273672580719,453,rx,2730,16000,1,pcm_u8,2730,0.16706562042236328
1778642125.2979498,89.299236536026,454,rx,2730,16000,1,pcm_u8,2730,0.17186927795410156
1778642125.4688194,89.47010612487793,455,rx,2730,16000,1,pcm_u8,2730,0.1708695888519287
1778642125.635884,89.63717079162598,456,rx,2730,16000,1,pcm_u8,2730,0.16706466674804688
1778642125.8051813,89.80646800994873,457,rx,2730,16000,1,pcm_u8,2730,0.1692972183227539
1778642125.9759417,89.97722840309143,458,rx,2730,16000,1,pcm_u8,2730,0.1707603931427002
1778642126.1543036,90.15559029579163,459,rx,2730,16000,1,pcm_u8,2730,0.1783618927001953
1778642126.317362,90.31864881515503,460,rx,2730,16000,1,pcm_u8,2730,0.16305851936340332
1778642126.4938545,90.49514126777649,461,rx,2730,16000,1,pcm_u8,2730,0.17649245262145996
1778642126.668718,90.67000484466553,462,rx,2730,16000,1,pcm_u8,2730,0.17486357688903809
1778642126.8329835,90.83427023887634,463,rx,2730,16000,1,pcm_u8,2730,0.16426539421081543
1778642127.002817,91.0041036605835,464,rx,2730,16000,1,pcm_u8,2730,0.16983342170715332
1778642127.175722,91.17700862884521,465,rx,2730,16000,1,pcm_u8,2730,0.17290496826171875
1778642127.3413875,91.3426742553711,466,rx,2730,16000,1,pcm_u8,2730,0.1656656265258789
1778642127.5138018,91.51508855819702,467,rx,2730,16000,1,pcm_u8,2730,0.17241430282592773
1778642127.6888256,91.69011235237122,468,rx,2730,16000,1,pcm_u8,2730,0.17502379417419434
1778642127.8582935,91.8595802783966,469,rx,2730,16000,1,pcm_u8,2730,0.16946792602539062
1778642128.0430226,92.04430937767029,470,rx,2730,16000,1,pcm_u8,2730,0.18472909927368164
1778642128.1993294,92.20061612129211,471,rx,2730,16000,1,pcm_u8,2730,0.15630674362182617
1778642128.3713946,92.37268137931824,472,rx,2730,16000,1,pcm_u8,2730,0.17206525802612305
1778642128.5539217,92.55520844459534,473,rx,2730,16000,1,pcm_u8,2730,0.1825270652770996
1778642128.7095885,92.71087527275085,474,rx,2730,16000,1,pcm_u8,2730,0.15566682815551758
1778642128.8861194,92.88740611076355,475,rx,2730,16000,1,pcm_u8,2730,0.1765308380126953
1778642129.0661771,93.0674638748169,476,rx,2730,16000,1,pcm_u8,2730,0.18005776405334473
1778642129.221904,93.22319078445435,477,rx,2730,16000,1,pcm_u8,2730,0.15572690963745117
1778642129.4016955,93.40298223495483,478,rx,2730,16000,1,pcm_u8,2730,0.17979145050048828
1778642129.5787277,93.58001446723938,479,rx,2730,16000,1,pcm_u8,2730,0.1770322322845459
1778642129.7374969,93.73878359794617,480,rx,2730,16000,1,pcm_u8,2730,0.1587691307067871
1778642129.907947,93.90923380851746,481,rx,2730,16000,1,pcm_u8,2730,0.17045021057128906
1778642130.0926259,94.09391260147095,482,rx,2730,16000,1,pcm_u8,2730,0.1846787929534912
1778642130.2481072,94.24939393997192,483,rx,2730,16000,1,pcm_u8,2730,0.15548133850097656
1778642130.417969,94.41925573348999,484,rx,2730,16000,1,pcm_u8,2730,0.1698617935180664
1778642130.593253,94.59453964233398,485,rx,2730,16000,1,pcm_u8,2730,0.17528390884399414
1778642130.7585917,94.75987839698792,486,rx,2730,16000,1,pcm_u8,2730,0.16533875465393066
1778642130.92984,94.93112683296204,487,rx,2730,16000,1,pcm_u8,2730,0.1712484359741211
1778642131.111818,95.11310482025146,488,rx,2730,16000,1,pcm_u8,2730,0.1819779872894287
1778642131.269891,95.27117776870728,489,rx,2730,16000,1,pcm_u8,2730,0.15807294845581055
1778642131.4420638,95.44335055351257,490,rx,2730,16000,1,pcm_u8,2730,0.17217278480529785
1778642131.6226125,95.62389922142029,491,rx,2730,16000,1,pcm_u8,2730,0.18054866790771484
1778642131.8025718,95.80385851860046,492,rx,2730,16000,1,pcm_u8,2730,0.17995929718017578
1778642131.9489837,95.95027041435242,493,rx,2730,16000,1,pcm_u8,2730,0.14641189575195312
1778642132.1278603,96.12914705276489,494,rx,2730,16000,1,pcm_u8,2730,0.17887663841247559
1778642132.3077261,96.30901288986206,495,rx,2730,16000,1,pcm_u8,2730,0.17986583709716797
1778642132.4642656,96.46555233001709,496,rx,2730,16000,1,pcm_u8,2730,0.1565394401550293
1778642132.6424694,96.64375615119934,497,rx,2730,16000,1,pcm_u8,2730,0.17820382118225098
1778642132.8052452,96.80653190612793,498,rx,2730,16000,1,pcm_u8,2730,0.16277575492858887
1778642133.0328143,97.0341010093689,499,rx,2730,16000,1,pcm_u8,2730,0.2275691032409668
1778642133.1436849,97.1449716091156,500,rx,2730,16000,1,pcm_u8,2730,0.1108705997467041
1778642133.3269358,97.32822251319885,501,rx,2730,16000,1,pcm_u8,2730,0.18325090408325195
1778642133.4969609,97.4982476234436,502,rx,2730,16000,1,pcm_u8,2730,0.17002511024475098
1778642133.659116,97.66040277481079,503,rx,2730,16000,1,pcm_u8,2730,0.1621551513671875
1778642133.8280556,97.82934236526489,504,rx,2730,16000,1,pcm_u8,2730,0.16893959045410156
1778642134.007625,98.00891184806824,505,rx,2730,16000,1,pcm_u8,2730,0.17956948280334473
1778642134.1724343,98.17372107505798,506,rx,2730,16000,1,pcm_u8,2730,0.1648092269897461
1778642134.3586478,98.35993456840515,507,rx,2730,16000,1,pcm_u8,2730,0.18621349334716797
1778642134.5173833,98.51867008209229,508,rx,2730,16000,1,pcm_u8,2730,0.1587355136871338
1778642134.6968195,98.69810628890991,509,rx,2730,16000,1,pcm_u8,2730,0.17943620681762695
1778642134.8570318,98.858318567276,510,rx,2730,16000,1,pcm_u8,2730,0.16021227836608887
1778642135.0255852,99.02687191963196,511,rx,2730,16000,1,pcm_u8,2730,0.16855335235595703
1778642135.197776,99.19906282424927,512,rx,2730,16000,1,pcm_u8,2730,0.17219090461730957
1778642135.3784525,99.37973928451538,513,rx,2730,16000,1,pcm_u8,2730,0.18067646026611328
1778642135.5611668,99.56245350837708,514,rx,2730,16000,1,pcm_u8,2730,0.18271422386169434
1778642135.7823443,99.78363108634949,515,rx,2730,16000,1,pcm_u8,2730,0.2211775779724121
1778642135.886456,99.88774275779724,516,rx,2730,16000,1,pcm_u8,2730,0.1041116714477539
1778642136.0571144,100.05840110778809,517,rx,2730,16000,1,pcm_u8,2730,0.17065834999084473
1778642136.4420683,100.44335508346558,518,rx,2730,16000,1,pcm_u8,2730,0.38495397567749023
1778642136.4555442,100.45683097839355,519,rx,2730,16000,1,pcm_u8,2730,0.013475894927978516
1778642136.5663059,100.56759262084961,520,rx,2730,16000,1,pcm_u8,2730,0.11076164245605469
1778642136.7466915,100.74797821044922,521,rx,2730,16000,1,pcm_u8,2730,0.18038558959960938
1778642136.9200785,100.92136526107788,522,rx,2730,16000,1,pcm_u8,2730,0.1733870506286621
1778642137.077063,101.07834982872009,523,rx,2730,16000,1,pcm_u8,2730,0.15698456764221191
1778642137.246978,101.2482647895813,524,rx,2730,16000,1,pcm_u8,2730,0.16991496086120605
1778642137.4151978,101.41648459434509,525,rx,2730,16000,1,pcm_u8,2730,0.16821980476379395
1778642137.5931132,101.59439992904663,526,rx,2730,16000,1,pcm_u8,2730,0.17791533470153809
1778642137.7602017,101.76148843765259,527,rx,2730,16000,1,pcm_u8,2730,0.16708850860595703
1778642137.9379547,101.93924140930176,528,rx,2730,16000,1,pcm_u8,2730,0.17775297164916992
1778642138.0999238,102.10121059417725,529,rx,2730,16000,1,pcm_u8,2730,0.16196918487548828
1778642138.2659895,102.26727628707886,530,rx,2730,16000,1,pcm_u8,2730,0.16606569290161133
1778642138.4464004,102.44768714904785,531,rx,2730,16000,1,pcm_u8,2730,0.18041086196899414
1778642138.6063282,102.60761499404907,532,rx,2730,16000,1,pcm_u8,2730,0.1599278450012207
1778642138.7919343,102.79322099685669,533,rx,2730,16000,1,pcm_u8,2730,0.1856060028076172
1778642139.1218028,103.12308955192566,534,rx,2730,16000,1,pcm_u8,2730,0.3298685550689697
1778642139.2995696,103.30085635185242,535,rx,2730,16000,1,pcm_u8,2730,0.1777667999267578
1778642139.4669511,103.46823787689209,536,rx,2730,16000,1,pcm_u8,2730,0.16738152503967285
1778642139.6425111,103.64379787445068,537,rx,2730,16000,1,pcm_u8,2730,0.17555999755859375
1778642139.8104231,103.81170988082886,538,rx,2730,16000,1,pcm_u8,2730,0.16791200637817383
1778642139.974853,103.97613978385925,539,rx,2730,16000,1,pcm_u8,2730,0.1644299030303955
1778642140.1435564,104.14484310150146,540,rx,2730,16000,1,pcm_u8,2730,0.16870331764221191
1778642140.3198938,104.32118058204651,541,rx,2730,16000,1,pcm_u8,2730,0.17633748054504395
1778642140.4844027,104.48568940162659,542,rx,2730,16000,1,pcm_u8,2730,0.16450881958007812
1778642140.6594908,104.66077756881714,543,rx,2730,16000,1,pcm_u8,2730,0.17508816719055176
1778642140.825105,104.82639169692993,544,rx,2730,16000,1,pcm_u8,2730,0.16561412811279297
1778642141.1665938,105.16788053512573,545,rx,2730,16000,1,pcm_u8,2730,0.3414888381958008
1778642141.3398643,105.34115099906921,546,rx,2730,16000,1,pcm_u8,2730,0.17327046394348145
1778642141.5160012,105.51728796958923,547,rx,2730,16000,1,pcm_u8,2730,0.17613697052001953
1778642141.9796355,105.98092222213745,548,rx,2730,16000,1,pcm_u8,2730,0.4636342525482178
1778642142.0255954,106.02688217163086,549,rx,2730,16000,1,pcm_u8,2730,0.0459599494934082
1778642142.2056217,106.20690846443176,550,rx,2730,16000,1,pcm_u8,2730,0.18002629280090332
1778642142.3607652,106.36205196380615,551,rx,2730,16000,1,pcm_u8,2730,0.15514349937438965
1778642142.5409684,106.54225516319275,552,rx,2730,16000,1,pcm_u8,2730,0.18020319938659668
1778642142.702479,106.70376563072205,553,rx,2730,16000,1,pcm_u8,2730,0.16151046752929688
1778642142.888031,106.88931775093079,554,rx,2730,16000,1,pcm_u8,2730,0.18555212020874023
1778642143.0466812,107.0479679107666,555,rx,2730,16000,1,pcm_u8,2730,0.15865015983581543
1778642143.21912,107.22040677070618,556,rx,2730,16000,1,pcm_u8,2730,0.1724388599395752
1778642143.3993342,107.40062093734741,557,rx,2730,16000,1,pcm_u8,2730,0.18021416664123535
1778642143.5559568,107.55724358558655,558,rx,2730,16000,1,pcm_u8,2730,0.15662264823913574
1778642143.7310648,107.73235154151917,559,rx,2730,16000,1,pcm_u8,2730,0.1751079559326172
1778642143.9011238,107.90241050720215,560,rx,2730,16000,1,pcm_u8,2730,0.1700589656829834
1778642144.07046,108.07174682617188,561,rx,2730,16000,1,pcm_u8,2730,0.16933631896972656
1778642144.2428355,108.24412226676941,562,rx,2730,16000,1,pcm_u8,2730,0.17237544059753418
1778642144.415458,108.41674470901489,563,rx,2730,16000,1,pcm_u8,2730,0.1726224422454834
1778642144.5943065,108.59559321403503,564,rx,2730,16000,1,pcm_u8,2730,0.1788485050201416
1778642144.7554078,108.75669455528259,565,rx,2730,16000,1,pcm_u8,2730,0.1611013412475586
1778642144.9219036,108.9231903553009,566,rx,2730,16000,1,pcm_u8,2730,0.16649580001831055
1778642145.0935996,109.094886302948,567,rx,2730,16000,1,pcm_u8,2730,0.17169594764709473
1778642145.265398,109.2666847705841,568,rx,2730,16000,1,pcm_u8,2730,0.1717984676361084
1778642145.4329374,109.43422412872314,569,rx,2730,16000,1,pcm_u8,2730,0.16753935813903809
1778642145.6038597,109.60514640808105,570,rx,2730,16000,1,pcm_u8,2730,0.17092227935791016
1778642145.7785923,109.77987909317017,571,rx,2730,16000,1,pcm_u8,2730,0.17473268508911133
1778642145.9506302,109.95191693305969,572,rx,2730,16000,1,pcm_u8,2730,0.17203783988952637
1778642146.118526,110.11981272697449,573,rx,2730,16000,1,pcm_u8,2730,0.16789579391479492
1778642146.2996173,110.30090403556824,574,rx,2730,16000,1,pcm_u8,2730,0.18109130859375
1778642146.4703584,110.47164511680603,575,rx,2730,16000,1,pcm_u8,2730,0.17074108123779297
1778642146.6468472,110.6481339931488,576,rx,2730,16000,1,pcm_u8,2730,0.17648887634277344
1778642146.7988098,110.80009651184082,577,rx,2730,16000,1,pcm_u8,2730,0.1519625186920166
1778642146.9751337,110.97642040252686,578,rx,2730,16000,1,pcm_u8,2730,0.17632389068603516
1778642147.1454725,111.1467592716217,579,rx,2730,16000,1,pcm_u8,2730,0.17033886909484863
1778642147.3105423,111.31182909011841,580,rx,2730,16000,1,pcm_u8,2730,0.1650698184967041
1778642147.4989958,111.50028252601624,581,rx,2730,16000,1,pcm_u8,2730,0.18845343589782715
1778642147.6516824,111.65296912193298,582,rx,2730,16000,1,pcm_u8,2730,0.15268659591674805
1778642147.8370023,111.83828902244568,583,rx,2730,16000,1,pcm_u8,2730,0.1853199005126953
1778642147.9933062,111.99459290504456,584,rx,2730,16000,1,pcm_u8,2730,0.15630388259887695
1778642148.163612,112.16489863395691,585,rx,2730,16000,1,pcm_u8,2730,0.17030572891235352
1778642148.3463826,112.34766936302185,586,rx,2730,16000,1,pcm_u8,2730,0.1827707290649414
1778642148.5063655,112.50765228271484,587,rx,2730,16000,1,pcm_u8,2730,0.15998291969299316
1778642148.6827126,112.68399930000305,588,rx,2730,16000,1,pcm_u8,2730,0.176347017288208
1778642148.8549767,112.85626339912415,589,rx,2730,16000,1,pcm_u8,2730,0.17226409912109375
1778642149.0204155,113.0217022895813,590,rx,2730,16000,1,pcm_u8,2730,0.16543889045715332
1778642149.1946976,113.19598436355591,591,rx,2730,16000,1,pcm_u8,2730,0.17428207397460938
1778642149.7535906,113.75487732887268,592,rx,2730,16000,1,pcm_u8,2730,0.5588929653167725
1778642149.7739394,113.77522611618042,593,rx,2730,16000,1,pcm_u8,2730,0.020348787307739258
1778642149.8739572,113.87524390220642,594,rx,2730,16000,1,pcm_u8,2730,0.10001778602600098
1778642150.044284,114.04557085037231,595,rx,2730,16000,1,pcm_u8,2730,0.17032694816589355
1778642150.211748,114.21303462982178,596,rx,2730,16000,1,pcm_u8,2730,0.1674637794494629
1778642150.38632,114.38760685920715,597,rx,2730,16000,1,pcm_u8,2730,0.17457222938537598
1778642150.5576751,114.55896186828613,598,rx,2730,16000,1,pcm_u8,2730,0.1713550090789795
1778642150.7331018,114.73438858985901,599,rx,2730,16000,1,pcm_u8,2730,0.17542672157287598
1778642150.896627,114.89791369438171,600,rx,2730,16000,1,pcm_u8,2730,0.16352510452270508
1778642151.0656931,115.06697988510132,601,rx,2730,16000,1,pcm_u8,2730,0.1690661907196045
1778642151.2377756,115.23906230926514,602,rx,2730,16000,1,pcm_u8,2730,0.17208242416381836
1778642151.413976,115.4152626991272,603,rx,2730,16000,1,pcm_u8,2730,0.17620038986206055
1778642151.5983694,115.5996561050415,604,rx,2730,16000,1,pcm_u8,2730,0.18439340591430664
1778642151.7479243,115.74921107292175,605,rx,2730,16000,1,pcm_u8,2730,0.14955496788024902
1778642151.927066,115.92835283279419,606,rx,2730,16000,1,pcm_u8,2730,0.17914175987243652
1778642152.4236693,116.42495608329773,607,rx,2730,16000,1,pcm_u8,2730,0.49660325050354004
1778642152.5102997,116.5115864276886,608,rx,2730,16000,1,pcm_u8,2730,0.08663034439086914
1778642152.5316744,116.53296113014221,609,rx,2730,16000,1,pcm_u8,2730,0.02137470245361328
1778642152.6006682,116.6019549369812,610,rx,2730,16000,1,pcm_u8,2730,0.06899380683898926
1778642152.7906015,116.79188823699951,611,rx,2730,16000,1,pcm_u8,2730,0.18993330001831055
1778642152.9493911,116.9506778717041,612,rx,2730,16000,1,pcm_u8,2730,0.15878963470458984
1778642153.1132143,117.11450099945068,613,rx,2730,16000,1,pcm_u8,2730,0.16382312774658203
1778642153.307971,117.3092577457428,614,rx,2730,16000,1,pcm_u8,2730,0.19475674629211426
1778642153.4749212,117.47620797157288,615,rx,2730,16000,1,pcm_u8,2730,0.16695022583007812
1778642153.6644616,117.66574835777283,616,rx,2730,16000,1,pcm_u8,2730,0.18954038619995117
1778642153.8128624,117.81414914131165,617,rx,2730,16000,1,pcm_u8,2730,0.14840078353881836
1778642153.9720702,117.97335696220398,618,rx,2730,16000,1,pcm_u8,2730,0.15920782089233398
1778642154.1563315,118.15761828422546,619,rx,2730,16000,1,pcm_u8,2730,0.18426132202148438
1778642154.3373713,118.33865809440613,620,rx,2730,16000,1,pcm_u8,2730,0.18103981018066406
1778642154.4940057,118.49529242515564,621,rx,2730,16000,1,pcm_u8,2730,0.15663433074951172
1778642154.6537876,118.65507435798645,622,rx,2730,16000,1,pcm_u8,2730,0.15978193283081055
1778642154.8235445,118.82483124732971,623,rx,2730,16000,1,pcm_u8,2730,0.16975688934326172
1778642154.9908748,118.99216151237488,624,rx,2730,16000,1,pcm_u8,2730,0.16733026504516602
1778642155.163505,119.16479182243347,625,rx,2730,16000,1,pcm_u8,2730,0.17263031005859375
1778642155.3317273,119.33301401138306,626,rx,2730,16000,1,pcm_u8,2730,0.16822218894958496
1778642155.5036488,119.50493550300598,627,rx,2730,16000,1,pcm_u8,2730,0.1719214916229248
1778642155.6776931,119.67897987365723,628,rx,2730,16000,1,pcm_u8,2730,0.17404437065124512
1778642155.8487308,119.85001754760742,629,rx,2730,16000,1,pcm_u8,2730,0.1710376739501953
1778642156.0185325,120.01981925964355,630,rx,2730,16000,1,pcm_u8,2730,0.1698017120361328
1778642156.2055032,120.20678997039795,631,rx,2730,16000,1,pcm_u8,2730,0.18697071075439453
1778642156.4237437,120.42503046989441,632,rx,2730,16000,1,pcm_u8,2730,0.21824049949645996
1778642156.5575016,120.55878829956055,633,rx,2730,16000,1,pcm_u8,2730,0.1337578296661377
1778642156.6971262,120.69841289520264,634,rx,2730,16000,1,pcm_u8,2730,0.13962459564208984
1778642156.8729875,120.87427425384521,635,rx,2730,16000,1,pcm_u8,2730,0.17586135864257812
1778642157.0437045,121.04499125480652,636,rx,2730,16000,1,pcm_u8,2730,0.1707170009613037
1778642157.211037,121.2123236656189,637,rx,2730,16000,1,pcm_u8,2730,0.16733241081237793
1778642157.3914573,121.39274406433105,638,rx,2730,16000,1,pcm_u8,2730,0.1804203987121582
1778642157.552823,121.55410981178284,639,rx,2730,16000,1,pcm_u8,2730,0.16136574745178223
1778642157.7319329,121.73321962356567,640,rx,2730,16000,1,pcm_u8,2730,0.17910981178283691
1778642157.8934643,121.89475107192993,641,rx,2730,16000,1,pcm_u8,2730,0.1615314483642578
1778642158.0689223,122.07020902633667,642,rx,2730,16000,1,pcm_u8,2730,0.17545795440673828
1778642158.2530053,122.25429201126099,643,rx,2730,16000,1,pcm_u8,2730,0.1840829849243164
1778642158.407471,122.40875768661499,644,rx,2730,16000,1,pcm_u8,2730,0.1544656753540039
1778642158.5995576,122.60084438323975,645,rx,2730,16000,1,pcm_u8,2730,0.19208669662475586
1778642158.7588909,122.76017761230469,646,rx,2730,16000,1,pcm_u8,2730,0.1593332290649414
1778642158.9165854,122.91787219047546,647,rx,2730,16000,1,pcm_u8,2730,0.15769457817077637
1778642159.0926998,123.09398651123047,648,rx,2730,16000,1,pcm_u8,2730,0.17611432075500488
1778642159.2889137,123.29020047187805,649,rx,2730,16000,1,pcm_u8,2730,0.196213960647583
1778642159.4392126,123.4404993057251,650,rx,2730,16000,1,pcm_u8,2730,0.1502988338470459
1778642159.6037495,123.60503625869751,651,rx,2730,16000,1,pcm_u8,2730,0.1645369529724121
1778642159.788567,123.78985381126404,652,rx,2730,16000,1,pcm_u8,2730,0.18481755256652832
1778642159.947135,123.94842171669006,653,rx,2730,16000,1,pcm_u8,2730,0.1585679054260254
1778642160.1995482,124.20083498954773,654,rx,2730,16000,1,pcm_u8,2730,0.252413272857666
1778642160.2943776,124.29566431045532,655,rx,2730,16000,1,pcm_u8,2730,0.09482932090759277
1778642160.4570491,124.45833587646484,656,rx,2730,16000,1,pcm_u8,2730,0.16267156600952148
1778642160.6307435,124.63203024864197,657,rx,2730,16000,1,pcm_u8,2730,0.17369437217712402
1778642160.800391,124.80167770385742,658,rx,2730,16000,1,pcm_u8,2730,0.1696474552154541
1778642160.982305,124.98359179496765,659,rx,2730,16000,1,pcm_u8,2730,0.1819140911102295
1778642161.1516576,125.15294432640076,660,rx,2730,16000,1,pcm_u8,2730,0.16935253143310547
1778642161.3186138,125.31990051269531,661,rx,2730,16000,1,pcm_u8,2730,0.16695618629455566
1778642161.497539,125.49882578849792,662,rx,2730,16000,1,pcm_u8,2730,0.1789252758026123
1778642161.6622374,125.66352415084839,663,rx,2730,16000,1,pcm_u8,2730,0.16469836235046387
1778642161.831282,125.8325686454773,664,rx,2730,16000,1,pcm_u8,2730,0.16904449462890625
1778642161.9923692,125.99365592002869,665,rx,2730,16000,1,pcm_u8,2730,0.1610872745513916
1778642162.1594944,126.16078114509583,666,rx,2730,16000,1,pcm_u8,2730,0.16712522506713867
1778642162.3432493,126.3445360660553,667,rx,2730,16000,1,pcm_u8,2730,0.18375492095947266
1778642162.5023336,126.50362038612366,668,rx,2730,16000,1,pcm_u8,2730,0.15908432006835938
1778642162.696419,126.69770574569702,669,rx,2730,16000,1,pcm_u8,2730,0.19408535957336426
1778642162.8418055,126.84309220314026,670,rx,2730,16000,1,pcm_u8,2730,0.1453864574432373
1778642163.0176246,127.01891136169434,671,rx,2730,16000,1,pcm_u8,2730,0.17581915855407715
1778642163.1924386,127.19372534751892,672,rx,2730,16000,1,pcm_u8,2730,0.17481398582458496
1778642163.3579512,127.35923790931702,673,rx,2730,16000,1,pcm_u8,2730,0.1655125617980957
1778642163.541364,127.54265069961548,674,rx,2730,16000,1,pcm_u8,2730,0.18341279029846191
1778642163.7025483,127.70383501052856,675,rx,2730,16000,1,pcm_u8,2730,0.16118431091308594
1778642163.867475,127.86876177787781,676,rx,2730,16000,1,pcm_u8,2730,0.16492676734924316
1778642164.0599449,128.06123161315918,677,rx,2730,16000,1,pcm_u8,2730,0.19246983528137207
1778642164.2128139,128.21410059928894,678,rx,2730,16000,1,pcm_u8,2730,0.15286898612976074
1778642164.405553,128.4068398475647,679,rx,2730,16000,1,pcm_u8,2730,0.19273924827575684
1778642164.552562,128.55384874343872,680,rx,2730,16000,1,pcm_u8,2730,0.14700889587402344
1778642164.7317655,128.73305225372314,681,rx,2730,16000,1,pcm_u8,2730,0.17920351028442383
1778642164.8907082,128.89199495315552,682,rx,2730,16000,1,pcm_u8,2730,0.15894269943237305
1778642165.0618503,129.06313705444336,683,rx,2730,16000,1,pcm_u8,2730,0.1711421012878418
1778642165.2328348,129.23412156105042,684,rx,2730,16000,1,pcm_u8,2730,0.17098450660705566
1778642165.4023457,129.40363240242004,685,rx,2730,16000,1,pcm_u8,2730,0.1695108413696289
1778642165.5775676,129.57885432243347,686,rx,2730,16000,1,pcm_u8,2730,0.17522192001342773
1778642165.7464721,129.74775886535645,687,rx,2730,16000,1,pcm_u8,2730,0.16890454292297363
1778642165.9169497,129.91823649406433,688,rx,2730,16000,1,pcm_u8,2730,0.17047762870788574
1778642166.0876029,130.08888959884644,689,rx,2730,16000,1,pcm_u8,2730,0.1706531047821045
1778642166.2614467,130.26273345947266,690,rx,2730,16000,1,pcm_u8,2730,0.1738438606262207
1778642166.4421356,130.44342231750488,691,rx,2730,16000,1,pcm_u8,2730,0.18068885803222656
1778642166.5968943,130.5981810092926,692,rx,2730,16000,1,pcm_u8,2730,0.15475869178771973
1778642166.7720182,130.77330493927002,693,rx,2730,16000,1,pcm_u8,2730,0.175123929977417
1778642166.9408824,130.94216918945312,694,rx,2730,16000,1,pcm_u8,2730,0.16886425018310547
1778642167.1211312,131.12241792678833,695,rx,2730,16000,1,pcm_u8,2730,0.18024873733520508
1778642167.2857816,131.2870683670044,696,rx,2730,16000,1,pcm_u8,2730,0.16465044021606445
1778642167.459271,131.4605576992035,697,rx,2730,16000,1,pcm_u8,2730,0.17348933219909668
1778642167.6430938,131.644380569458,698,rx,2730,16000,1,pcm_u8,2730,0.1838228702545166
1778642167.968178,131.96946477890015,699,rx,2730,16000,1,pcm_u8,2730,0.32508420944213867
1778642168.1407933,132.14208006858826,700,rx,2730,16000,1,pcm_u8,2730,0.17261528968811035
1778642168.3113804,132.31266713142395,701,rx,2730,16000,1,pcm_u8,2730,0.17058706283569336
1778642168.493022,132.49430871009827,702,rx,2730,16000,1,pcm_u8,2730,0.1816415786743164
1778642168.656055,132.6573417186737,703,rx,2730,16000,1,pcm_u8,2730,0.16303300857543945
1778642168.841097,132.84238386154175,704,rx,2730,16000,1,pcm_u8,2730,0.185042142868042
1778642168.9905484,132.9918351173401,705,rx,2730,16000,1,pcm_u8,2730,0.14945125579833984
1778642169.171077,133.17236375808716,706,rx,2730,16000,1,pcm_u8,2730,0.1805286407470703
1778642169.3403347,133.34162139892578,707,rx,2730,16000,1,pcm_u8,2730,0.16925764083862305
1778642169.507082,133.50836873054504,708,rx,2730,16000,1,pcm_u8,2730,0.1667473316192627
1778642169.6835883,133.6848750114441,709,rx,2730,16000,1,pcm_u8,2730,0.17650628089904785
1778642169.8455346,133.846821308136,710,rx,2730,16000,1,pcm_u8,2730,0.16194629669189453
1778642170.022678,134.0239646434784,711,rx,2730,16000,1,pcm_u8,2730,0.17714333534240723
1778642170.1911883,134.1924750804901,712,rx,2730,16000,1,pcm_u8,2730,0.16851043701171875
1778642170.3662817,134.3675684928894,713,rx,2730,16000,1,pcm_u8,2730,0.175093412399292
1778642170.544059,134.54534578323364,714,rx,2730,16000,1,pcm_u8,2730,0.17777729034423828
1778642170.6981773,134.6994640827179,715,rx,2730,16000,1,pcm_u8,2730,0.15411829948425293
1778642170.882379,134.8836658000946,716,rx,2730,16000,1,pcm_u8,2730,0.18420171737670898
1778642171.0435824,135.04486918449402,717,rx,2730,16000,1,pcm_u8,2730,0.16120338439941406
1778642171.2106586,135.21194529533386,718,rx,2730,16000,1,pcm_u8,2730,0.16707611083984375
1778642171.5606792,135.5619659423828,719,rx,2730,16000,1,pcm_u8,2730,0.3500206470489502
1778642171.7301304,135.73141717910767,720,rx,2730,16000,1,pcm_u8,2730,0.16945123672485352
1778642171.9013157,135.90260243415833,721,rx,2730,16000,1,pcm_u8,2730,0.17118525505065918
1778642172.0744312,136.0757179260254,722,rx,2730,16000,1,pcm_u8,2730,0.17311549186706543
1778642172.2368102,136.23809695243835,723,rx,2730,16000,1,pcm_u8,2730,0.16237902641296387
1778642172.4048412,136.4061279296875,724,rx,2730,16000,1,pcm_u8,2730,0.1680309772491455
1778642172.588532,136.5898187160492,725,rx,2730,16000,1,pcm_u8,2730,0.18369078636169434
1778642172.7449112,136.74619793891907,726,rx,2730,16000,1,pcm_u8,2730,0.15637922286987305
1778642172.9150882,136.9163749217987,727,rx,2730,16000,1,pcm_u8,2730,0.17017698287963867
1778642173.1012113,137.1024980545044,728,rx,2730,16000,1,pcm_u8,2730,0.18612313270568848
1778642173.2663195,137.26760625839233,729,rx,2730,16000,1,pcm_u8,2730,0.16510820388793945
1778642173.450344,137.45163083076477,730,rx,2730,16000,1,pcm_u8,2730,0.18402457237243652
1778642173.5997274,137.60101413726807,731,rx,2730,16000,1,pcm_u8,2730,0.1493833065032959
1778642173.7694058,137.7706925868988,732,rx,2730,16000,1,pcm_u8,2730,0.1696784496307373
1778642173.9443676,137.94565439224243,733,rx,2730,16000,1,pcm_u8,2730,0.17496180534362793
1778642174.1190672,138.12035393714905,734,rx,2730,16000,1,pcm_u8,2730,0.1746995449066162
1778642174.2873769,138.28866362571716,735,rx,2730,16000,1,pcm_u8,2730,0.16830968856811523
1778642174.4508646,138.45215129852295,736,rx,2730,16000,1,pcm_u8,2730,0.16348767280578613
1778642174.636537,138.63782382011414,737,rx,2730,16000,1,pcm_u8,2730,0.18567252159118652
1778642174.801875,138.80316185951233,738,rx,2730,16000,1,pcm_u8,2730,0.16533803939819336
1778642175.0029097,139.00419640541077,739,rx,2730,16000,1,pcm_u8,2730,0.2010345458984375
1778642175.139117,139.1404037475586,740,rx,2730,16000,1,pcm_u8,2730,0.13620734214782715
1778642175.310255,139.3115417957306,741,rx,2730,16000,1,pcm_u8,2730,0.17113804817199707
1778642175.476877,139.47816371917725,742,rx,2730,16000,1,pcm_u8,2730,0.16662192344665527
1778642175.6487143,139.65000104904175,743,rx,2730,16000,1,pcm_u8,2730,0.17183732986450195
1778642175.8348327,139.83611941337585,744,rx,2730,16000,1,pcm_u8,2730,0.18611836433410645
1778642176.0094905,140.01077723503113,745,rx,2730,16000,1,pcm_u8,2730,0.17465782165527344
1778642176.1596465,140.1609332561493,746,rx,2730,16000,1,pcm_u8,2730,0.15015602111816406
1778642176.3420527,140.3433394432068,747,rx,2730,16000,1,pcm_u8,2730,0.18240618705749512
1778642176.5193431,140.5206298828125,748,rx,2730,16000,1,pcm_u8,2730,0.1772904396057129
1778642176.672167,140.6734538078308,749,rx,2730,16000,1,pcm_u8,2730,0.15282392501831055
1778642176.8374329,140.83871960639954,750,rx,2730,16000,1,pcm_u8,2730,0.16526579856872559
1778642177.0082731,141.00955986976624,751,rx,2730,16000,1,pcm_u8,2730,0.17084026336669922
1778642177.1832252,141.18451189994812,752,rx,2730,16000,1,pcm_u8,2730,0.17495203018188477
1778642177.3500586,141.35134530067444,753,rx,2730,16000,1,pcm_u8,2730,0.16683340072631836
1778642177.5615048,141.56279158592224,754,rx,2730,16000,1,pcm_u8,2730,0.21144628524780273
1778642177.690872,141.69215869903564,755,rx,2730,16000,1,pcm_u8,2730,0.12936711311340332
1778642177.865157,141.8664436340332,756,rx,2730,16000,1,pcm_u8,2730,0.1742849349975586
1778642178.0492074,142.05049419403076,757,rx,2730,16000,1,pcm_u8,2730,0.1840505599975586
1778642178.2163594,142.21764612197876,758,rx,2730,16000,1,pcm_u8,2730,0.16715192794799805
1778642178.3844664,142.38575315475464,759,rx,2730,16000,1,pcm_u8,2730,0.1681070327758789
1778642178.5449314,142.54621815681458,760,rx,2730,16000,1,pcm_u8,2730,0.16046500205993652
1778642178.7194455,142.72073221206665,761,rx,2730,16000,1,pcm_u8,2730,0.1745140552520752
1778642178.8848655,142.88615226745605,762,rx,2730,16000,1,pcm_u8,2730,0.1654200553894043
1778642179.075437,143.07672381401062,763,rx,2730,16000,1,pcm_u8,2730,0.19057154655456543
1778642179.229311,143.2305977344513,764,rx,2730,16000,1,pcm_u8,2730,0.15387392044067383
1778642179.4022892,143.4035758972168,765,rx,2730,16000,1,pcm_u8,2730,0.17297816276550293
1778642179.5791733,143.58046007156372,766,rx,2730,16000,1,pcm_u8,2730,0.17688417434692383
1778642179.7387154,143.74000215530396,767,rx,2730,16000,1,pcm_u8,2730,0.15954208374023438
1778642179.909633,143.91091966629028,768,rx,2730,16000,1,pcm_u8,2730,0.17091751098632812
1778642180.0803468,144.08163356781006,769,rx,2730,16000,1,pcm_u8,2730,0.1707139015197754
1778642180.2567208,144.2580075263977,770,rx,2730,16000,1,pcm_u8,2730,0.17637395858764648
1778642180.423373,144.4246597290039,771,rx,2730,16000,1,pcm_u8,2730,0.16665220260620117
1778642180.594753,144.5960397720337,772,rx,2730,16000,1,pcm_u8,2730,0.17138004302978516
1778642180.7638083,144.76509499549866,773,rx,2730,16000,1,pcm_u8,2730,0.16905522346496582
1778642180.944361,144.94564771652222,774,rx,2730,16000,1,pcm_u8,2730,0.18055272102355957
1778642181.1095088,145.1107954978943,775,rx,2730,16000,1,pcm_u8,2730,0.1651477813720703
1778642181.291162,145.29244875907898,776,rx,2730,16000,1,pcm_u8,2730,0.18165326118469238
1778642181.4590936,145.46038031578064,777,rx,2730,16000,1,pcm_u8,2730,0.16793155670166016
1778642181.622631,145.62391781806946,778,rx,2730,16000,1,pcm_u8,2730,0.16353750228881836
1778642181.8022676,145.80355429649353,779,rx,2730,16000,1,pcm_u8,2730,0.17963647842407227
1778642181.964096,145.96538281440735,780,rx,2730,16000,1,pcm_u8,2730,0.16182851791381836
1778642182.1350267,146.13631343841553,781,rx,2730,16000,1,pcm_u8,2730,0.1709306240081787
1778642182.3045657,146.3058524131775,782,rx,2730,16000,1,pcm_u8,2730,0.1695389747619629
1778642182.4949596,146.49624633789062,783,rx,2730,16000,1,pcm_u8,2730,0.19039392471313477
1778642182.6473832,146.64866995811462,784,rx,2730,16000,1,pcm_u8,2730,0.15242362022399902
1778642182.8230882,146.8243749141693,785,rx,2730,16000,1,pcm_u8,2730,0.1757049560546875
1778642182.98877,146.99005675315857,786,rx,2730,16000,1,pcm_u8,2730,0.1656818389892578
1778642183.1582906,147.15957736968994,787,rx,2730,16000,1,pcm_u8,2730,0.16952061653137207
1778642183.3570924,147.3583791255951,788,rx,2730,16000,1,pcm_u8,2730,0.19880175590515137
1778642183.4967968,147.49808359146118,789,rx,2730,16000,1,pcm_u8,2730,0.13970446586608887
1778642183.686844,147.6881308555603,790,rx,2730,16000,1,pcm_u8,2730,0.1900472640991211
1778642183.8349745,147.83626127243042,791,rx,2730,16000,1,pcm_u8,2730,0.1481304168701172
1778642184.0230453,148.0243320465088,792,rx,2730,16000,1,pcm_u8,2730,0.18807077407836914
1778642184.182636,148.18392276763916,793,rx,2730,16000,1,pcm_u8,2730,0.1595907211303711
1778642184.353583,148.3548698425293,794,rx,2730,16000,1,pcm_u8,2730,0.17094707489013672
1778642184.5358207,148.53710746765137,795,rx,2730,16000,1,pcm_u8,2730,0.1822376251220703
1778642184.6894388,148.69072556495667,796,rx,2730,16000,1,pcm_u8,2730,0.15361809730529785
1778642184.867174,148.8684606552124,797,rx,2730,16000,1,pcm_u8,2730,0.1777350902557373
1778642185.0312974,149.03258419036865,798,rx,2730,16000,1,pcm_u8,2730,0.16412353515625
1778642185.2011178,149.20240449905396,799,rx,2730,16000,1,pcm_u8,2730,0.16982030868530273
1778642185.3776126,149.3788993358612,800,rx,2730,16000,1,pcm_u8,2730,0.17649483680725098
1778642185.543669,149.54495573043823,801,rx,2730,16000,1,pcm_u8,2730,0.16605639457702637
1778642185.7284455,149.72973227500916,802,rx,2730,16000,1,pcm_u8,2730,0.18477654457092285
1778642185.8834913,149.8847780227661,803,rx,2730,16000,1,pcm_u8,2730,0.155045747756958
1778642186.0580983,150.05938506126404,804,rx,2730,16000,1,pcm_u8,2730,0.1746070384979248
1778642186.2442126,150.2454993724823,805,rx,2730,16000,1,pcm_u8,2730,0.18611431121826172
1778642186.408589,150.4098756313324,806,rx,2730,16000,1,pcm_u8,2730,0.16437625885009766
1778642186.5743625,150.5756492614746,807,rx,2730,16000,1,pcm_u8,2730,0.16577363014221191
1778642186.737814,150.73910069465637,808,rx,2730,16000,1,pcm_u8,2730,0.1634514331817627
1778642186.9082544,150.90954113006592,809,rx,2730,16000,1,pcm_u8,2730,0.1704404354095459
1778642187.0854685,151.08675527572632,810,rx,2730,16000,1,pcm_u8,2730,0.1772141456604004
1778642187.2491016,151.25038838386536,811,rx,2730,16000,1,pcm_u8,2730,0.16363310813903809
1778642187.442233,151.44351983070374,812,rx,2730,16000,1,pcm_u8,2730,0.1931314468383789
1778642187.5898795,151.59116625785828,813,rx,2730,16000,1,pcm_u8,2730,0.14764642715454102
1778642187.7627923,151.7640790939331,814,rx,2730,16000,1,pcm_u8,2730,0.1729128360748291
1778642187.9550283,151.95631504058838,815,rx,2730,16000,1,pcm_u8,2730,0.19223594665527344
1778642188.1135843,152.11487102508545,816,rx,2730,16000,1,pcm_u8,2730,0.1585559844970703
1778642188.2876534,152.28894019126892,817,rx,2730,16000,1,pcm_u8,2730,0.17406916618347168
1778642188.4481137,152.44940042495728,818,rx,2730,16000,1,pcm_u8,2730,0.1604602336883545
1778642188.6377647,152.63905143737793,819,rx,2730,16000,1,pcm_u8,2730,0.1896510124206543
1778642188.7844615,152.7857482433319,820,rx,2730,16000,1,pcm_u8,2730,0.1466968059539795
1778642188.9674673,152.96875405311584,821,rx,2730,16000,1,pcm_u8,2730,0.18300580978393555
1778642189.1362216,153.13750839233398,822,rx,2730,16000,1,pcm_u8,2730,0.16875433921813965
1778642189.299832,153.301118850708,823,rx,2730,16000,1,pcm_u8,2730,0.16361045837402344
1778642189.4824219,153.4837086200714,824,rx,2730,16000,1,pcm_u8,2730,0.18258976936340332
1778642189.6381934,153.63948011398315,825,rx,2730,16000,1,pcm_u8,2730,0.15577149391174316
1778642189.8106766,153.81196331977844,826,rx,2730,16000,1,pcm_u8,2730,0.17248320579528809
1778642189.9807336,153.9820203781128,827,rx,2730,16000,1,pcm_u8,2730,0.17005705833435059
1778642190.1505036,154.1517903804779,828,rx,2730,16000,1,pcm_u8,2730,0.1697700023651123
1778642190.3246906,154.32597732543945,829,rx,2730,16000,1,pcm_u8,2730,0.17418694496154785
1778642190.4918048,154.49309158325195,830,rx,2730,16000,1,pcm_u8,2730,0.1671142578125
1778642190.6786923,154.67997908592224,831,rx,2730,16000,1,pcm_u8,2730,0.18688750267028809
1778642190.8423738,154.84366059303284,832,rx,2730,16000,1,pcm_u8,2730,0.1636815071105957
1778642191.0070915,155.0083782672882,833,rx,2730,16000,1,pcm_u8,2730,0.1647176742553711
1778642191.190865,155.19215178489685,834,rx,2730,16000,1,pcm_u8,2730,0.18377351760864258
1778642191.366503,155.3677897453308,835,rx,2730,16000,1,pcm_u8,2730,0.17563796043395996
1778642191.5167236,155.5180103778839,836,rx,2730,16000,1,pcm_u8,2730,0.15022063255310059
1778642191.6875265,155.6888132095337,837,rx,2730,16000,1,pcm_u8,2730,0.17080283164978027
1778642191.8666072,155.86789393424988,838,rx,2730,16000,1,pcm_u8,2730,0.17908072471618652
1778642192.0343688,156.03565549850464,839,rx,2730,16000,1,pcm_u8,2730,0.16776156425476074
1778642192.1982067,156.19949340820312,840,rx,2730,16000,1,pcm_u8,2730,0.16383790969848633
1778642192.4022386,156.40352535247803,841,rx,2730,16000,1,pcm_u8,2730,0.20403194427490234
1778642192.5393548,156.5406415462494,842,rx,2730,16000,1,pcm_u8,2730,0.1371161937713623
1778642192.7154536,156.71674036979675,843,rx,2730,16000,1,pcm_u8,2730,0.17609882354736328
1778642192.8867266,156.88801336288452,844,rx,2730,16000,1,pcm_u8,2730,0.17127299308776855
1778642193.062998,157.06428480148315,845,rx,2730,16000,1,pcm_u8,2730,0.1762714385986328
1778642193.2347858,157.2360725402832,846,rx,2730,16000,1,pcm_u8,2730,0.17178773880004883
1778642193.3931057,157.39439249038696,847,rx,2730,16000,1,pcm_u8,2730,0.15831995010375977
1778642193.577443,157.5787296295166,848,rx,2730,16000,1,pcm_u8,2730,0.18433713912963867
1778642193.7465448,157.74783158302307,849,rx,2730,16000,1,pcm_u8,2730,0.16910195350646973
1778642193.9163802,157.91766691207886,850,rx,2730,16000,1,pcm_u8,2730,0.16983532905578613
1778642194.085547,158.08683371543884,851,rx,2730,16000,1,pcm_u8,2730,0.16916680335998535
1778642194.2496052,158.25089192390442,852,rx,2730,16000,1,pcm_u8,2730,0.16405820846557617
1778642194.42677,158.42805671691895,853,rx,2730,16000,1,pcm_u8,2730,0.17716479301452637
1778642194.591418,158.59270477294922,854,rx,2730,16000,1,pcm_u8,2730,0.16464805603027344
1778642194.7632444,158.76453113555908,855,rx,2730,16000,1,pcm_u8,2730,0.17182636260986328
1778642194.933638,158.93492484092712,856,rx,2730,16000,1,pcm_u8,2730,0.170393705368042
1778642195.1123576,159.11364436149597,857,rx,2730,16000,1,pcm_u8,2730,0.17871952056884766
1778642195.2740657,159.27535247802734,858,rx,2730,16000,1,pcm_u8,2730,0.16170811653137207
1778642195.464512,159.46579885482788,859,rx,2730,16000,1,pcm_u8,2730,0.1904463768005371
1778642195.6330638,159.63435053825378,860,rx,2730,16000,1,pcm_u8,2730,0.16855168342590332
1778642195.792045,159.79333186149597,861,rx,2730,16000,1,pcm_u8,2730,0.1589813232421875
1778642195.9572268,159.95851349830627,862,rx,2730,16000,1,pcm_u8,2730,0.16518163681030273
1778642196.1383753,160.139662027359,863,rx,2730,16000,1,pcm_u8,2730,0.18114852905273438
1778642196.3064501,160.3077368736267,864,rx,2730,16000,1,pcm_u8,2730,0.1680748462677002
1778642196.4762697,160.47755646705627,865,rx,2730,16000,1,pcm_u8,2730,0.16981959342956543
1778642196.6475294,160.6488161087036,866,rx,2730,16000,1,pcm_u8,2730,0.17125964164733887
1778642196.8176963,160.81898307800293,867,rx,2730,16000,1,pcm_u8,2730,0.1701669692993164
1778642196.9823363,160.9836230278015,868,rx,2730,16000,1,pcm_u8,2730,0.16463994979858398
1778642197.1527948,161.15408158302307,869,rx,2730,16000,1,pcm_u8,2730,0.17045855522155762
1778642197.3430974,161.3443841934204,870,rx,2730,16000,1,pcm_u8,2730,0.19030261039733887
1778642197.4929845,161.49427127838135,871,rx,2730,16000,1,pcm_u8,2730,0.1498870849609375
1778642197.6733713,161.67465806007385,872,rx,2730,16000,1,pcm_u8,2730,0.18038678169250488
1778642197.8450034,161.84629011154175,873,rx,2730,16000,1,pcm_u8,2730,0.1716320514678955
1778642198.1954958,162.19678258895874,874,rx,2730,16000,1,pcm_u8,2730,0.3504924774169922
1778642198.3424962,162.34378290176392,875,rx,2730,16000,1,pcm_u8,2730,0.14700031280517578
1778642198.5307257,162.53201246261597,876,rx,2730,16000,1,pcm_u8,2730,0.18822956085205078
1778642198.683917,162.68520379066467,877,rx,2730,16000,1,pcm_u8,2730,0.15319132804870605
1778642198.8611953,162.86248207092285,878,rx,2730,16000,1,pcm_u8,2730,0.1772782802581787
1778642199.0330663,163.034353017807,879,rx,2730,16000,1,pcm_u8,2730,0.17187094688415527
1778642199.1992853,163.20057201385498,880,rx,2730,16000,1,pcm_u8,2730,0.16621899604797363
1778642199.377383,163.37866973876953,881,rx,2730,16000,1,pcm_u8,2730,0.17809772491455078
1778642199.537314,163.53860068321228,882,rx,2730,16000,1,pcm_u8,2730,0.15993094444274902
1778642199.712562,163.7138488292694,883,rx,2730,16000,1,pcm_u8,2730,0.1752481460571289
1778642199.8796744,163.88096117973328,884,rx,2730,16000,1,pcm_u8,2730,0.1671123504638672
1778642200.0505104,164.05179715156555,885,rx,2730,16000,1,pcm_u8,2730,0.1708359718322754
1778642200.2197893,164.22107601165771,886,rx,2730,16000,1,pcm_u8,2730,0.16927886009216309
1778642200.3910809,164.39236760139465,887,rx,2730,16000,1,pcm_u8,2730,0.17129158973693848
1778642200.582826,164.58411264419556,888,rx,2730,16000,1,pcm_u8,2730,0.19174504280090332
1778642200.743491,164.74477767944336,889,rx,2730,16000,1,pcm_u8,2730,0.16066503524780273
1778642200.9054403,164.90672707557678,890,rx,2730,16000,1,pcm_u8,2730,0.16194939613342285
1778642201.093534,165.09482073783875,891,rx,2730,16000,1,pcm_u8,2730,0.1880936622619629
1778642201.2674463,165.26873302459717,892,rx,2730,16000,1,pcm_u8,2730,0.17391228675842285
1778642201.4218087,165.42309546470642,893,rx,2730,16000,1,pcm_u8,2730,0.15436244010925293
1778642201.5955043,165.59679102897644,894,rx,2730,16000,1,pcm_u8,2730,0.17369556427001953
1778642201.7688076,165.77009439468384,895,rx,2730,16000,1,pcm_u8,2730,0.17330336570739746
1778642201.9406013,165.94188809394836,896,rx,2730,16000,1,pcm_u8,2730,0.17179369926452637
1778642202.0975883,166.09887504577637,897,rx,2730,16000,1,pcm_u8,2730,0.15698695182800293
1778642202.2732425,166.2745292186737,898,rx,2730,16000,1,pcm_u8,2730,0.17565417289733887
1778642202.4396598,166.4409465789795,899,rx,2730,16000,1,pcm_u8,2730,0.16641736030578613
1778642202.609903,166.61118984222412,900,rx,2730,16000,1,pcm_u8,2730,0.1702432632446289
1778642202.78768,166.7889666557312,901,rx,2730,16000,1,pcm_u8,2730,0.17777681350708008
1778642202.9597573,166.96104407310486,902,rx,2730,16000,1,pcm_u8,2730,0.17207741737365723
1778642203.130215,167.1315016746521,903,rx,2730,16000,1,pcm_u8,2730,0.1704576015472412
1778642203.2965531,167.29783987998962,904,rx,2730,16000,1,pcm_u8,2730,0.16633820533752441
1778642203.4876592,167.48894596099854,905,rx,2730,16000,1,pcm_u8,2730,0.19110608100891113
1778642203.645126,167.64641284942627,906,rx,2730,16000,1,pcm_u8,2730,0.15746688842773438
1778642203.816093,167.81737971305847,907,rx,2730,16000,1,pcm_u8,2730,0.17096686363220215
1778642203.9874766,167.98876333236694,908,rx,2730,16000,1,pcm_u8,2730,0.17138361930847168
1778642204.1531968,168.15448355674744,909,rx,2730,16000,1,pcm_u8,2730,0.16572022438049316
1778642204.3357136,168.33700037002563,910,rx,2730,16000,1,pcm_u8,2730,0.18251681327819824
1778642204.4927883,168.49407505989075,911,rx,2730,16000,1,pcm_u8,2730,0.1570746898651123
1778642204.6665363,168.66782307624817,912,rx,2730,16000,1,pcm_u8,2730,0.17374801635742188
1778642204.833531,168.83481764793396,913,rx,2730,16000,1,pcm_u8,2730,0.16699457168579102
1778642205.0049703,169.00625705718994,914,rx,2730,16000,1,pcm_u8,2730,0.17143940925598145
1778642205.17376,169.1750466823578,915,rx,2730,16000,1,pcm_u8,2730,0.16878962516784668
1778642205.3518023,169.353089094162,916,rx,2730,16000,1,pcm_u8,2730,0.17804241180419922
1778642205.5343847,169.53567147254944,917,rx,2730,16000,1,pcm_u8,2730,0.18258237838745117
1778642205.6896462,169.69093298912048,918,rx,2730,16000,1,pcm_u8,2730,0.15526151657104492
1778642205.8542542,169.85554099082947,919,rx,2730,16000,1,pcm_u8,2730,0.16460800170898438
1778642206.0403335,170.0416202545166,920,rx,2730,16000,1,pcm_u8,2730,0.1860792636871338
1778642206.215282,170.2165687084198,921,rx,2730,16000,1,pcm_u8,2730,0.17494845390319824
1778642206.3706021,170.3718888759613,922,rx,2730,16000,1,pcm_u8,2730,0.1553201675415039
1778642206.5440888,170.54537558555603,923,rx,2730,16000,1,pcm_u8,2730,0.17348670959472656
1778642206.7093627,170.71064949035645,924,rx,2730,16000,1,pcm_u8,2730,0.16527390480041504
1778642206.8873587,170.88864541053772,925,rx,2730,16000,1,pcm_u8,2730,0.17799592018127441
1778642207.0467756,171.04806232452393,926,rx,2730,16000,1,pcm_u8,2730,0.15941691398620605
1778642207.2229173,171.22420406341553,927,rx,2730,16000,1,pcm_u8,2730,0.17614173889160156
1778642207.388932,171.3902187347412,928,rx,2730,16000,1,pcm_u8,2730,0.1660146713256836
1778642207.5613415,171.56262826919556,929,rx,2730,16000,1,pcm_u8,2730,0.1724095344543457
1778642207.7415497,171.74283647537231,930,rx,2730,16000,1,pcm_u8,2730,0.1802082061767578
1778642207.900682,171.90196871757507,931,rx,2730,16000,1,pcm_u8,2730,0.1591322422027588
1778642208.0940976,172.09538435935974,932,rx,2730,16000,1,pcm_u8,2730,0.19341564178466797
1778642208.2415419,172.2428286075592,933,rx,2730,16000,1,pcm_u8,2730,0.1474442481994629
1778642208.4309497,172.43223643302917,934,rx,2730,16000,1,pcm_u8,2730,0.1894078254699707
1778642208.5872068,172.58849358558655,935,rx,2730,16000,1,pcm_u8,2730,0.15625715255737305
1778642208.7661564,172.76744318008423,936,rx,2730,16000,1,pcm_u8,2730,0.17894959449768066
1778642208.9268563,172.92814302444458,937,rx,2730,16000,1,pcm_u8,2730,0.16069984436035156
1778642209.099055,173.100341796875,938,rx,2730,16000,1,pcm_u8,2730,0.17219877243041992
1778642209.2836642,173.2849509716034,939,rx,2730,16000,1,pcm_u8,2730,0.18460917472839355
1778642209.437193,173.43847966194153,940,rx,2730,16000,1,pcm_u8,2730,0.15352869033813477
1778642209.611611,173.61289763450623,941,rx,2730,16000,1,pcm_u8,2730,0.17441797256469727
1778642209.7773912,173.77867794036865,942,rx,2730,16000,1,pcm_u8,2730,0.16578030586242676
1778642209.9486618,173.94994854927063,943,rx,2730,16000,1,pcm_u8,2730,0.17127060890197754
1778642210.1201532,174.12143993377686,944,rx,2730,16000,1,pcm_u8,2730,0.17149138450622559
1778642210.2912579,174.29254460334778,945,rx,2730,16000,1,pcm_u8,2730,0.17110466957092285
1778642210.4828694,174.48415613174438,946,rx,2730,16000,1,pcm_u8,2730,0.19161152839660645
1778642210.639821,174.64110779762268,947,rx,2730,16000,1,pcm_u8,2730,0.1569516658782959
1778642210.8075826,174.80886936187744,948,rx,2730,16000,1,pcm_u8,2730,0.16776156425476074
1778642210.9860492,174.98733592033386,949,rx,2730,16000,1,pcm_u8,2730,0.1784665584564209
1778642211.1677725,175.1690592765808,950,rx,2730,16000,1,pcm_u8,2730,0.18172335624694824
1778642211.3215413,175.3228280544281,951,rx,2730,16000,1,pcm_u8,2730,0.15376877784729004
1778642211.4966745,175.4979612827301,952,rx,2730,16000,1,pcm_u8,2730,0.17513322830200195
1778642211.6574433,175.65873003005981,953,rx,2730,16000,1,pcm_u8,2730,0.16076874732971191
1778642211.8327372,175.83402395248413,954,rx,2730,16000,1,pcm_u8,2730,0.1752939224243164
1778642211.9969604,175.99824714660645,955,rx,2730,16000,1,pcm_u8,2730,0.16422319412231445
1778642212.182539,176.18382573127747,956,rx,2730,16000,1,pcm_u8,2730,0.1855785846710205
1778642212.339238,176.3405246734619,957,rx,2730,16000,1,pcm_u8,2730,0.15669894218444824
1778642212.5134892,176.51477599143982,958,rx,2730,16000,1,pcm_u8,2730,0.17425131797790527
1778642212.6829808,176.68426752090454,959,rx,2730,16000,1,pcm_u8,2730,0.16949152946472168
1778642212.8586233,176.8599100112915,960,rx,2730,16000,1,pcm_u8,2730,0.1756424903869629
1778642213.0340354,177.03532218933105,961,rx,2730,16000,1,pcm_u8,2730,0.17541217803955078
1778642213.1920347,177.19332146644592,962,rx,2730,16000,1,pcm_u8,2730,0.15799927711486816
1778642213.374915,177.37620162963867,963,rx,2730,16000,1,pcm_u8,2730,0.18288016319274902
1778642213.5326736,177.53396034240723,964,rx,2730,16000,1,pcm_u8,2730,0.1577587127685547
1778642213.7104976,177.71178436279297,965,rx,2730,16000,1,pcm_u8,2730,0.1778240203857422
1778642213.91092,177.91220664978027,966,rx,2730,16000,1,pcm_u8,2730,0.2004222869873047
1778642214.047771,178.04905772209167,967,rx,2730,16000,1,pcm_u8,2730,0.13685107231140137
1778642214.2275996,178.2288863658905,968,rx,2730,16000,1,pcm_u8,2730,0.17982864379882812
1778642214.3857574,178.38704419136047,969,rx,2730,16000,1,pcm_u8,2730,0.1581578254699707
1778642214.560394,178.5616807937622,970,rx,2730,16000,1,pcm_u8,2730,0.1746366024017334
1778642214.7275395,178.72882628440857,971,rx,2730,16000,1,pcm_u8,2730,0.1671454906463623
1778642214.8982325,178.89951920509338,972,rx,2730,16000,1,pcm_u8,2730,0.17069292068481445
1778642215.0708432,179.0721299648285,973,rx,2730,16000,1,pcm_u8,2730,0.17261075973510742
1778642215.241415,179.24270176887512,974,rx,2730,16000,1,pcm_u8,2730,0.17057180404663086
1778642215.4307861,179.4320728778839,975,rx,2730,16000,1,pcm_u8,2730,0.18937110900878906
1778642215.592441,179.59372782707214,976,rx,2730,16000,1,pcm_u8,2730,0.16165494918823242
1778642215.7530544,179.75434112548828,977,rx,2730,16000,1,pcm_u8,2730,0.1606132984161377
1778642215.9438746,179.94516134262085,978,rx,2730,16000,1,pcm_u8,2730,0.19082021713256836
1778642216.113295,180.114581823349,979,rx,2730,16000,1,pcm_u8,2730,0.16942048072814941
1778642216.270897,180.2721836566925,980,rx,2730,16000,1,pcm_u8,2730,0.15760183334350586
1778642216.4428792,180.4441659450531,981,rx,2730,16000,1,pcm_u8,2730,0.1719822883605957
1778642216.6111732,180.612459897995,982,rx,2730,16000,1,pcm_u8,2730,0.16829395294189453
1778642216.7885296,180.78981637954712,983,rx,2730,16000,1,pcm_u8,2730,0.17735648155212402
1778642216.9492624,180.9505491256714,984,rx,2730,16000,1,pcm_u8,2730,0.16073274612426758
1778642217.128309,181.12959575653076,985,rx,2730,16000,1,pcm_u8,2730,0.179046630859375
1778642217.2919977,181.29328441619873,986,rx,2730,16000,1,pcm_u8,2730,0.16368865966796875
1778642217.4721208,181.47340750694275,987,rx,2730,16000,1,pcm_u8,2730,0.18012309074401855
1778642217.6330092,181.63429594039917,988,rx,2730,16000,1,pcm_u8,2730,0.1608884334564209
1778642217.8078616,181.809148311615,989,rx,2730,16000,1,pcm_u8,2730,0.1748523712158203
1778642217.978823,181.98010969161987,990,rx,2730,16000,1,pcm_u8,2730,0.1709613800048828
1778642218.1513057,182.152592420578,991,rx,2730,16000,1,pcm_u8,2730,0.17248272895812988
1778642218.330815,182.3321018218994,992,rx,2730,16000,1,pcm_u8,2730,0.17950940132141113
1778642218.4929776,182.49426436424255,993,rx,2730,16000,1,pcm_u8,2730,0.16216254234313965
1778642218.6647449,182.6660315990448,994,rx,2730,16000,1,pcm_u8,2730,0.1717672348022461
1778642218.827862,182.82914876937866,995,rx,2730,16000,1,pcm_u8,2730,0.1631171703338623
1778642218.9947634,182.99605011940002,996,rx,2730,16000,1,pcm_u8,2730,0.1669013500213623
1778642219.1820621,183.18334889411926,997,rx,2730,16000,1,pcm_u8,2730,0.18729877471923828
1778642219.3355086,183.3367953300476,998,rx,2730,16000,1,pcm_u8,2730,0.15344643592834473
1778642219.508321,183.50960779190063,999,rx,2730,16000,1,pcm_u8,2730,0.17281246185302734
1778642219.679397,183.68068385124207,1000,rx,2730,16000,1,pcm_u8,2730,0.17107605934143066
1778642219.8623703,183.86365699768066,1001,rx,2730,16000,1,pcm_u8,2730,0.18297314643859863
1778642220.021104,184.02239084243774,1002,rx,2730,16000,1,pcm_u8,2730,0.15873384475708008
1778642220.1912975,184.19258427619934,1003,rx,2730,16000,1,pcm_u8,2730,0.17019343376159668
1778642220.376531,184.37781763076782,1004,rx,2730,16000,1,pcm_u8,2730,0.18523335456848145
1778642220.5415652,184.54285192489624,1005,rx,2730,16000,1,pcm_u8,2730,0.16503429412841797
1778642220.701249,184.70253562927246,1006,rx,2730,16000,1,pcm_u8,2730,0.1596837043762207
1778642220.871595,184.87288165092468,1007,rx,2730,16000,1,pcm_u8,2730,0.17034602165222168
1778642221.043691,185.0449776649475,1008,rx,2730,16000,1,pcm_u8,2730,0.17209601402282715
1778642221.2193005,185.22058725357056,1009,rx,2730,16000,1,pcm_u8,2730,0.17560958862304688
1778642221.3870132,185.3882999420166,1010,rx,2730,16000,1,pcm_u8,2730,0.16771268844604492
1778642221.557395,185.5586817264557,1011,rx,2730,16000,1,pcm_u8,2730,0.17038178443908691
1778642221.7255204,185.72680711746216,1012,rx,2730,16000,1,pcm_u8,2730,0.16812539100646973
1778642221.8970652,185.8983519077301,1013,rx,2730,16000,1,pcm_u8,2730,0.17154479026794434
1778642222.066485,186.06777167320251,1014,rx,2730,16000,1,pcm_u8,2730,0.1694197654724121
1778642222.2390876,186.24037432670593,1015,rx,2730,16000,1,pcm_u8,2730,0.17260265350341797
1778642222.409701,186.4109878540039,1016,rx,2730,16000,1,pcm_u8,2730,0.17061352729797363
1778642222.5788722,186.58015894889832,1017,rx,2730,16000,1,pcm_u8,2730,0.16917109489440918
1778642222.7530768,186.75436353683472,1018,rx,2730,16000,1,pcm_u8,2730,0.17420458793640137
1778642222.9216862,186.92297291755676,1019,rx,2730,16000,1,pcm_u8,2730,0.1686093807220459
1778642223.091163,187.09244966506958,1020,rx,2730,16000,1,pcm_u8,2730,0.16947674751281738
1778642223.2621868,187.2634735107422,1021,rx,2730,16000,1,pcm_u8,2730,0.17102384567260742
1778642223.4318347,187.4331214427948,1022,rx,2730,16000,1,pcm_u8,2730,0.1696479320526123
1778642223.603202,187.6044888496399,1023,rx,2730,16000,1,pcm_u8,2730,0.17136740684509277
1778642223.779905,187.7811918258667,1024,rx,2730,16000,1,pcm_u8,2730,0.17670297622680664
1778642223.9520001,187.9532868862152,1025,rx,2730,16000,1,pcm_u8,2730,0.17209506034851074
1778642224.1217206,188.12300729751587,1026,rx,2730,16000,1,pcm_u8,2730,0.16972041130065918
1778642224.292885,188.29417181015015,1027,rx,2730,16000,1,pcm_u8,2730,0.17116451263427734
1778642224.4626634,188.46395015716553,1028,rx,2730,16000,1,pcm_u8,2730,0.16977834701538086
1778642224.6317039,188.6329905986786,1029,rx,2730,16000,1,pcm_u8,2730,0.16904044151306152
1778642224.8009167,188.80220341682434,1030,rx,2730,16000,1,pcm_u8,2730,0.16921281814575195
1778642224.971591,188.97287774085999,1031,rx,2730,16000,1,pcm_u8,2730,0.17067432403564453
1778642225.1422148,189.14350152015686,1032,rx,2730,16000,1,pcm_u8,2730,0.170623779296875
1778642225.3269663,189.32825303077698,1033,rx,2730,16000,1,pcm_u8,2730,0.1847515106201172
1778642225.50271,189.50399684906006,1034,rx,2730,16000,1,pcm_u8,2730,0.17574381828308105
1778642225.654593,189.65587973594666,1035,rx,2730,16000,1,pcm_u8,2730,0.15188288688659668
1778642225.8216054,189.82289218902588,1036,rx,2730,16000,1,pcm_u8,2730,0.16701245307922363
1778642225.9916558,189.99294257164001,1037,rx,2730,16000,1,pcm_u8,2730,0.17005038261413574
1778642226.1657605,190.16704726219177,1038,rx,2730,16000,1,pcm_u8,2730,0.1741046905517578
1778642226.33767,190.33895683288574,1039,rx,2730,16000,1,pcm_u8,2730,0.17190957069396973
1778642226.5060189,190.50730562210083,1040,rx,2730,16000,1,pcm_u8,2730,0.1683487892150879
1778642226.6762426,190.67752933502197,1041,rx,2730,16000,1,pcm_u8,2730,0.17022371292114258
1778642226.8489428,190.85022950172424,1042,rx,2730,16000,1,pcm_u8,2730,0.1727001667022705
1778642227.0178463,191.0191330909729,1043,rx,2730,16000,1,pcm_u8,2730,0.16890358924865723
1778642227.1870155,191.18830227851868,1044,rx,2730,16000,1,pcm_u8,2730,0.16916918754577637
1778642227.3724673,191.37375402450562,1045,rx,2730,16000,1,pcm_u8,2730,0.18545174598693848
1778642227.5281901,191.52947688102722,1046,rx,2730,16000,1,pcm_u8,2730,0.15572285652160645
1778642227.7010086,191.70229530334473,1047,rx,2730,16000,1,pcm_u8,2730,0.17281842231750488
1778642227.8693485,191.8706352710724,1048,rx,2730,16000,1,pcm_u8,2730,0.16833996772766113
1778642228.0433545,192.0446412563324,1049,rx,2730,16000,1,pcm_u8,2730,0.17400598526000977
1778642228.2117927,192.21307945251465,1050,rx,2730,16000,1,pcm_u8,2730,0.16843819618225098
1778642228.384727,192.3860137462616,1051,rx,2730,16000,1,pcm_u8,2730,0.17293429374694824
1778642228.5518682,192.55315494537354,1052,rx,2730,16000,1,pcm_u8,2730,0.16714119911193848
1778642228.7227793,192.72406601905823,1053,rx,2730,16000,1,pcm_u8,2730,0.17091107368469238
1778642228.8966267,192.89791345596313,1054,rx,2730,16000,1,pcm_u8,2730,0.17384743690490723
1778642229.0698023,193.07108902931213,1055,rx,2730,16000,1,pcm_u8,2730,0.17317557334899902
1778642229.2348034,193.23609018325806,1056,rx,2730,16000,1,pcm_u8,2730,0.16500115394592285
1778642229.42059,193.42187666893005,1057,rx,2730,16000,1,pcm_u8,2730,0.18578648567199707
1778642229.5758147,193.57710146903992,1058,rx,2730,16000,1,pcm_u8,2730,0.15522480010986328
1778642229.7475061,193.748792886734,1059,rx,2730,16000,1,pcm_u8,2730,0.1716914176940918
1778642229.9205015,193.9217882156372,1060,rx,2730,16000,1,pcm_u8,2730,0.17299532890319824
1778642230.0895476,194.09083437919617,1061,rx,2730,16000,1,pcm_u8,2730,0.16904616355895996
1778642230.2712874,194.27257418632507,1062,rx,2730,16000,1,pcm_u8,2730,0.18173980712890625
1778642230.43627,194.43755674362183,1063,rx,2730,16000,1,pcm_u8,2730,0.16498255729675293
1778642230.6008453,194.60213208198547,1064,rx,2730,16000,1,pcm_u8,2730,0.16457533836364746
1778642230.7707717,194.77205848693848,1065,rx,2730,16000,1,pcm_u8,2730,0.16992640495300293
1778642230.9446123,194.9458990097046,1066,rx,2730,16000,1,pcm_u8,2730,0.17384052276611328
1778642231.1127112,195.11399793624878,1067,rx,2730,16000,1,pcm_u8,2730,0.16809892654418945
1778642231.2832255,195.28451228141785,1068,rx,2730,16000,1,pcm_u8,2730,0.17051434516906738
1778642231.4653437,195.4666304588318,1069,rx,2730,16000,1,pcm_u8,2730,0.18211817741394043
1778642231.6248589,195.62614560127258,1070,rx,2730,16000,1,pcm_u8,2730,0.1595151424407959
1778642231.7951043,195.79639101028442,1071,rx,2730,16000,1,pcm_u8,2730,0.17024540901184082
1778642231.968326,195.96961283683777,1072,rx,2730,16000,1,pcm_u8,2730,0.17322182655334473
1778642232.1369705,196.13825726509094,1073,rx,2730,16000,1,pcm_u8,2730,0.16864442825317383
1778642232.3096135,196.31090021133423,1074,rx,2730,16000,1,pcm_u8,2730,0.17264294624328613
1778642232.4782279,196.47951459884644,1075,rx,2730,16000,1,pcm_u8,2730,0.16861438751220703
1778642232.6484015,196.64968824386597,1076,rx,2730,16000,1,pcm_u8,2730,0.17017364501953125
1778642232.8189917,196.8202784061432,1077,rx,2730,16000,1,pcm_u8,2730,0.17059016227722168
1778642232.9893901,196.9906768798828,1078,rx,2730,16000,1,pcm_u8,2730,0.17039847373962402
1778642233.1614618,197.16274857521057,1079,rx,2730,16000,1,pcm_u8,2730,0.1720716953277588
1778642233.3310568,197.33234357833862,1080,rx,2730,16000,1,pcm_u8,2730,0.16959500312805176
1778642233.5155487,197.5168354511261,1081,rx,2730,16000,1,pcm_u8,2730,0.18449187278747559
1778642233.6720202,197.67330694198608,1082,rx,2730,16000,1,pcm_u8,2730,0.15647149085998535
1778642233.844037,197.84532380104065,1083,rx,2730,16000,1,pcm_u8,2730,0.17201685905456543
1778642234.016428,198.01771473884583,1084,rx,2730,16000,1,pcm_u8,2730,0.17239093780517578
1778642234.1845944,198.1858811378479,1085,rx,2730,16000,1,pcm_u8,2730,0.1681663990020752
1778642234.358739,198.36002564430237,1086,rx,2730,16000,1,pcm_u8,2730,0.17414450645446777
1778642234.5259585,198.52724528312683,1087,rx,2730,16000,1,pcm_u8,2730,0.1672196388244629
1778642234.6980183,198.69930505752563,1088,rx,2730,16000,1,pcm_u8,2730,0.1720597743988037
1778642234.8677528,198.86903953552246,1089,rx,2730,16000,1,pcm_u8,2730,0.16973447799682617
1778642235.038152,199.03943872451782,1090,rx,2730,16000,1,pcm_u8,2730,0.17039918899536133
1778642235.2209377,199.22222447395325,1091,rx,2730,16000,1,pcm_u8,2730,0.1827857494354248
1778642235.378938,199.38022470474243,1092,rx,2730,16000,1,pcm_u8,2730,0.15800023078918457
1778642235.564321,199.5656077861786,1093,rx,2730,16000,1,pcm_u8,2730,0.18538308143615723
1778642235.725108,199.7263946533203,1094,rx,2730,16000,1,pcm_u8,2730,0.16078686714172363
1778642235.894814,199.89610075950623,1095,rx,2730,16000,1,pcm_u8,2730,0.16970610618591309
1778642236.071935,200.0732216835022,1096,rx,2730,16000,1,pcm_u8,2730,0.17712092399597168
1778642236.2378914,200.23917818069458,1097,rx,2730,16000,1,pcm_u8,2730,0.1659564971923828
1778642236.4184313,200.41971802711487,1098,rx,2730,16000,1,pcm_u8,2730,0.18053984642028809
1778642236.5798206,200.58110737800598,1099,rx,2730,16000,1,pcm_u8,2730,0.16138935089111328
1778642236.750872,200.75215864181519,1100,rx,2730,16000,1,pcm_u8,2730,0.1710512638092041
1778642236.9197638,200.92105054855347,1101,rx,2730,16000,1,pcm_u8,2730,0.16889190673828125
1778642237.092129,201.0934157371521,1102,rx,2730,16000,1,pcm_u8,2730,0.1723651885986328
1778642237.2605882,201.2618749141693,1103,rx,2730,16000,1,pcm_u8,2730,0.16845917701721191
1778642237.430549,201.4318356513977,1104,rx,2730,16000,1,pcm_u8,2730,0.16996073722839355
1778642237.6042528,201.605539560318,1105,rx,2730,16000,1,pcm_u8,2730,0.17370390892028809
1778642237.7830637,201.78435039520264,1106,rx,2730,16000,1,pcm_u8,2730,0.17881083488464355
1778642237.9461553,201.94744205474854,1107,rx,2730,16000,1,pcm_u8,2730,0.16309165954589844
1778642238.1159327,202.1172194480896,1108,rx,2730,16000,1,pcm_u8,2730,0.16977739334106445
1778642238.2842526,202.28553938865662,1109,rx,2730,16000,1,pcm_u8,2730,0.1683199405670166
1778642238.4587302,202.4600169658661,1110,rx,2730,16000,1,pcm_u8,2730,0.17447757720947266
1778642238.6280484,202.6293351650238,1111,rx,2730,16000,1,pcm_u8,2730,0.16931819915771484
1778642238.7977173,202.79900407791138,1112,rx,2730,16000,1,pcm_u8,2730,0.16966891288757324
1778642238.979915,202.98120164871216,1113,rx,2730,16000,1,pcm_u8,2730,0.18219757080078125
1778642239.1447399,203.14602661132812,1114,rx,2730,16000,1,pcm_u8,2730,0.1648249626159668
1778642239.311541,203.31282782554626,1115,rx,2730,16000,1,pcm_u8,2730,0.16680121421813965
1778642239.479706,203.48099279403687,1116,rx,2730,16000,1,pcm_u8,2730,0.16816496849060059
1778642239.6519537,203.653240442276,1117,rx,2730,16000,1,pcm_u8,2730,0.17224764823913574
1778642239.820657,203.8219437599182,1118,rx,2730,16000,1,pcm_u8,2730,0.16870331764221191
1778642239.989551,203.9908378124237,1119,rx,2730,16000,1,pcm_u8,2730,0.16889405250549316
1778642240.1739087,204.17519545555115,1120,rx,2730,16000,1,pcm_u8,2730,0.1843576431274414
1778642240.3287458,204.3300325870514,1121,rx,2730,16000,1,pcm_u8,2730,0.15483713150024414
1778642240.500354,204.50164079666138,1122,rx,2730,16000,1,pcm_u8,2730,0.17160820960998535
1778642240.6726122,204.673898935318,1123,rx,2730,16000,1,pcm_u8,2730,0.1722581386566162
1778642240.840901,204.84218764305115,1124,rx,2730,16000,1,pcm_u8,2730,0.1682887077331543
1778642241.0117037,205.01299047470093,1125,rx,2730,16000,1,pcm_u8,2730,0.17080283164978027
1778642241.1820989,205.18338561058044,1126,rx,2730,16000,1,pcm_u8,2730,0.1703951358795166
1778642241.3556569,205.35694360733032,1127,rx,2730,16000,1,pcm_u8,2730,0.17355799674987793
1778642241.5239544,205.5252411365509,1128,rx,2730,16000,1,pcm_u8,2730,0.16829752922058105
1778642241.7003307,205.70161747932434,1129,rx,2730,16000,1,pcm_u8,2730,0.1763763427734375
1778642241.864631,205.8659176826477,1130,rx,2730,16000,1,pcm_u8,2730,0.16430020332336426
1778642242.0356395,206.03692626953125,1131,rx,2730,16000,1,pcm_u8,2730,0.17100858688354492
1778642242.2080348,206.20932149887085,1132,rx,2730,16000,1,pcm_u8,2730,0.1723952293395996
1778642242.3767517,206.37803840637207,1133,rx,2730,16000,1,pcm_u8,2730,0.1687169075012207
1778642242.554269,206.5555558204651,1134,rx,2730,16000,1,pcm_u8,2730,0.17751741409301758
1778642242.7208488,206.72213554382324,1135,rx,2730,16000,1,pcm_u8,2730,0.1665797233581543
1778642242.8923686,206.89365530014038,1136,rx,2730,16000,1,pcm_u8,2730,0.17151975631713867
1778642243.0600457,207.06133246421814,1137,rx,2730,16000,1,pcm_u8,2730,0.1676771640777588
1778642243.2302892,207.23157596588135,1138,rx,2730,16000,1,pcm_u8,2730,0.170243501663208
1778642243.4027586,207.40404534339905,1139,rx,2730,16000,1,pcm_u8,2730,0.1724693775177002
1778642243.571567,207.57285380363464,1140,rx,2730,16000,1,pcm_u8,2730,0.1688084602355957
1778642243.7481143,207.7494010925293,1141,rx,2730,16000,1,pcm_u8,2730,0.17654728889465332
1778642243.9154062,207.91669297218323,1142,rx,2730,16000,1,pcm_u8,2730,0.16729187965393066
1778642244.0833373,208.08462405204773,1143,rx,2730,16000,1,pcm_u8,2730,0.16793107986450195
1778642244.270121,208.2714078426361,1144,rx,2730,16000,1,pcm_u8,2730,0.1867837905883789
1778642244.4261053,208.4273920059204,1145,rx,2730,16000,1,pcm_u8,2730,0.15598416328430176
1778642244.5962288,208.59751558303833,1146,rx,2730,16000,1,pcm_u8,2730,0.17012357711791992
1778642244.7716937,208.77298045158386,1147,rx,2730,16000,1,pcm_u8,2730,0.17546486854553223
1778642244.9418442,208.94313097000122,1148,rx,2730,16000,1,pcm_u8,2730,0.1701505184173584
1778642245.112361,209.11364769935608,1149,rx,2730,16000,1,pcm_u8,2730,0.1705167293548584
1778642245.2837253,209.28501200675964,1150,rx,2730,16000,1,pcm_u8,2730,0.17136430740356445
1778642245.4573348,209.4586215019226,1151,rx,2730,16000,1,pcm_u8,2730,0.17360949516296387
1778642245.6223817,209.62366843223572,1152,rx,2730,16000,1,pcm_u8,2730,0.16504693031311035
1778642245.7995298,209.8008165359497,1153,rx,2730,16000,1,pcm_u8,2730,0.17714810371398926
1778642245.9652402,209.96652698516846,1154,rx,2730,16000,1,pcm_u8,2730,0.16571044921875
1778642246.135982,210.137268781662,1155,rx,2730,16000,1,pcm_u8,2730,0.17074179649353027
1778642246.3166058,210.31789255142212,1156,rx,2730,16000,1,pcm_u8,2730,0.18062376976013184
1778642246.4762616,210.47754836082458,1157,rx,2730,16000,1,pcm_u8,2730,0.15965580940246582
1778642246.6493359,210.65062260627747,1158,rx,2730,16000,1,pcm_u8,2730,0.17307424545288086
1778642246.8200119,210.82129859924316,1159,rx,2730,16000,1,pcm_u8,2730,0.17067599296569824
1778642246.9903734,210.99166011810303,1160,rx,2730,16000,1,pcm_u8,2730,0.17036151885986328
1778642247.1605818,211.1618685722351,1161,rx,2730,16000,1,pcm_u8,2730,0.17020845413208008
1778642247.334136,211.33542275428772,1162,rx,2730,16000,1,pcm_u8,2730,0.1735541820526123
1778642247.509233,211.5105197429657,1163,rx,2730,16000,1,pcm_u8,2730,0.17509698867797852
1778642247.671391,211.67267775535583,1164,rx,2730,16000,1,pcm_u8,2730,0.16215801239013672
1778642247.8454576,211.84674429893494,1165,rx,2730,16000,1,pcm_u8,2730,0.17406654357910156
1778642248.0122032,212.01348996162415,1166,rx,2730,16000,1,pcm_u8,2730,0.16674566268920898
1778642248.1845696,212.18585634231567,1167,rx,2730,16000,1,pcm_u8,2730,0.17236638069152832
1778642248.3585856,212.359872341156,1168,rx,2730,16000,1,pcm_u8,2730,0.17401599884033203
1778642248.5243585,212.52564525604248,1169,rx,2730,16000,1,pcm_u8,2730,0.1657729148864746
1778642248.7027063,212.7039930820465,1170,rx,2730,16000,1,pcm_u8,2730,0.17834782600402832
1778642248.8678358,212.869122505188,1171,rx,2730,16000,1,pcm_u8,2730,0.1651294231414795
1778642249.0400937,213.04138040542603,1172,rx,2730,16000,1,pcm_u8,2730,0.1722579002380371
1778642249.2073243,213.20861101150513,1173,rx,2730,16000,1,pcm_u8,2730,0.16723060607910156
1778642249.3801954,213.3814821243286,1174,rx,2730,16000,1,pcm_u8,2730,0.17287111282348633
1778642249.552836,213.5541226863861,1175,rx,2730,16000,1,pcm_u8,2730,0.17264056205749512
1778642249.7189174,213.72020411491394,1176,rx,2730,16000,1,pcm_u8,2730,0.16608142852783203
1778642249.8917267,213.89301347732544,1177,rx,2730,16000,1,pcm_u8,2730,0.17280936241149902
1778642250.0614073,214.0626940727234,1178,rx,2730,16000,1,pcm_u8,2730,0.16968059539794922
1778642250.232619,214.23390579223633,1179,rx,2730,16000,1,pcm_u8,2730,0.17121171951293945
1778642250.4102392,214.41152596473694,1180,rx,2730,16000,1,pcm_u8,2730,0.17762017250061035
1778642250.5775967,214.57888340950012,1181,rx,2730,16000,1,pcm_u8,2730,0.1673574447631836
1778642250.7442496,214.74553632736206,1182,rx,2730,16000,1,pcm_u8,2730,0.16665291786193848
1778642250.9162924,214.91757917404175,1183,rx,2730,16000,1,pcm_u8,2730,0.1720428466796875
1778642251.0847564,215.08604311943054,1184,rx,2730,16000,1,pcm_u8,2730,0.16846394538879395
1778642251.2599812,215.26126790046692,1185,rx,2730,16000,1,pcm_u8,2730,0.17522478103637695
1778642251.4284792,215.42976593971252,1186,rx,2730,16000,1,pcm_u8,2730,0.16849803924560547
1778642251.5994217,215.60070848464966,1187,rx,2730,16000,1,pcm_u8,2730,0.1709425449371338
1778642251.767659,215.76894569396973,1188,rx,2730,16000,1,pcm_u8,2730,0.16823720932006836
1778642251.9401999,215.94148659706116,1189,rx,2730,16000,1,pcm_u8,2730,0.17254090309143066
1778642252.109947,216.11123371124268,1190,rx,2730,16000,1,pcm_u8,2730,0.16974711418151855
1778642252.2794306,216.2807173728943,1191,rx,2730,16000,1,pcm_u8,2730,0.16948366165161133
1778642252.4553144,216.4566011428833,1192,rx,2730,16000,1,pcm_u8,2730,0.17588376998901367
1778642252.624346,216.62563276290894,1193,rx,2730,16000,1,pcm_u8,2730,0.16903162002563477
1778642252.7932577,216.79454445838928,1194,rx,2730,16000,1,pcm_u8,2730,0.16891169548034668
1778642252.9648395,216.966126203537,1195,rx,2730,16000,1,pcm_u8,2730,0.17158174514770508
1778642253.133351,217.1346378326416,1196,rx,2730,16000,1,pcm_u8,2730,0.16851162910461426
1778642253.3097982,217.31108498573303,1197,rx,2730,16000,1,pcm_u8,2730,0.17644715309143066
1778642253.475771,217.4770576953888,1198,rx,2730,16000,1,pcm_u8,2730,0.16597270965576172
1778642253.6434639,217.64475059509277,1199,rx,2730,16000,1,pcm_u8,2730,0.1676928997039795
1778642253.8125358,217.81382250785828,1200,rx,2730,16000,1,pcm_u8,2730,0.16907191276550293
1778642253.9846983,217.98598504066467,1201,rx,2730,16000,1,pcm_u8,2730,0.17216253280639648
1778642254.153944,218.15523076057434,1202,rx,2730,16000,1,pcm_u8,2730,0.16924571990966797
1778642254.323976,218.32526278495789,1203,rx,2730,16000,1,pcm_u8,2730,0.17003202438354492
1778642254.4966085,218.4978952407837,1204,rx,2730,16000,1,pcm_u8,2730,0.17263245582580566
1778642254.6672983,218.66858506202698,1205,rx,2730,16000,1,pcm_u8,2730,0.17068982124328613
1778642254.8367352,218.83802199363708,1206,rx,2730,16000,1,pcm_u8,2730,0.16943693161010742
1778642255.0092762,219.01056289672852,1207,rx,2730,16000,1,pcm_u8,2730,0.17254090309143066
1778642255.1792173,219.18050408363342,1208,rx,2730,16000,1,pcm_u8,2730,0.16994118690490723
1778642255.3496323,219.350919008255,1209,rx,2730,16000,1,pcm_u8,2730,0.17041492462158203
1778642255.5188901,219.5201768875122,1210,rx,2730,16000,1,pcm_u8,2730,0.16925787925720215
1778642255.6921623,219.69344902038574,1211,rx,2730,16000,1,pcm_u8,2730,0.17327213287353516
1778642255.8616037,219.86289048194885,1212,rx,2730,16000,1,pcm_u8,2730,0.16944146156311035
1778642256.0332878,220.034574508667,1213,rx,2730,16000,1,pcm_u8,2730,0.17168402671813965
1778642256.2159224,220.21720910072327,1214,rx,2730,16000,1,pcm_u8,2730,0.18263459205627441
1778642256.3732433,220.3745300769806,1215,rx,2730,16000,1,pcm_u8,2730,0.15732097625732422
1778642256.5479612,220.5492479801178,1216,rx,2730,16000,1,pcm_u8,2730,0.17471790313720703
1778642256.7152314,220.71651816368103,1217,rx,2730,16000,1,pcm_u8,2730,0.16727018356323242
1778642256.8843782,220.88566493988037,1218,rx,2730,16000,1,pcm_u8,2730,0.16914677619934082
1778642257.055609,221.05689573287964,1219,rx,2730,16000,1,pcm_u8,2730,0.17123079299926758
1778642257.2261584,221.22744512557983,1220,rx,2730,16000,1,pcm_u8,2730,0.1705493927001953
1778642257.4052603,221.40654706954956,1221,rx,2730,16000,1,pcm_u8,2730,0.17910194396972656
1778642257.570313,221.57159972190857,1222,rx,2730,16000,1,pcm_u8,2730,0.1650526523590088
1778642257.7374327,221.7387194633484,1223,rx,2730,16000,1,pcm_u8,2730,0.16711974143981934
1778642257.909452,221.91073870658875,1224,rx,2730,16000,1,pcm_u8,2730,0.17201924324035645
1778642258.0791178,222.0804045200348,1225,rx,2730,16000,1,pcm_u8,2730,0.16966581344604492
1778642258.2524345,222.25372123718262,1226,rx,2730,16000,1,pcm_u8,2730,0.17331671714782715
1778642258.4200025,222.42128920555115,1227,rx,2730,16000,1,pcm_u8,2730,0.16756796836853027
1778642258.5998006,222.60108733177185,1228,rx,2730,16000,1,pcm_u8,2730,0.17979812622070312
1778642258.7676396,222.76892638206482,1229,rx,2730,16000,1,pcm_u8,2730,0.16783905029296875
1778642258.9364574,222.937744140625,1230,rx,2730,16000,1,pcm_u8,2730,0.16881775856018066
1778642259.1080432,223.10932993888855,1231,rx,2730,16000,1,pcm_u8,2730,0.1715857982635498
1778642259.277884,223.27917075157166,1232,rx,2730,16000,1,pcm_u8,2730,0.16984081268310547
1778642259.4516296,223.4529163837433,1233,rx,2730,16000,1,pcm_u8,2730,0.17374563217163086
1778642259.620356,223.62164282798767,1234,rx,2730,16000,1,pcm_u8,2730,0.16872644424438477
1778642259.7896185,223.79090523719788,1235,rx,2730,16000,1,pcm_u8,2730,0.16926240921020508
1778642259.9673595,223.9686462879181,1236,rx,2730,16000,1,pcm_u8,2730,0.17774105072021484
1778642260.1320996,224.1333863735199,1237,rx,2730,16000,1,pcm_u8,2730,0.16474008560180664
1778642260.303997,224.30528378486633,1238,rx,2730,16000,1,pcm_u8,2730,0.17189741134643555
1778642260.476251,224.47753763198853,1239,rx,2730,16000,1,pcm_u8,2730,0.17225384712219238
1778642260.6438868,224.6451735496521,1240,rx,2730,16000,1,pcm_u8,2730,0.16763591766357422
1778642260.8133578,224.81464457511902,1241,rx,2730,16000,1,pcm_u8,2730,0.16947102546691895
1778642260.984754,224.98604083061218,1242,rx,2730,16000,1,pcm_u8,2730,0.17139625549316406
1778642261.165254,225.16654086112976,1243,rx,2730,16000,1,pcm_u8,2730,0.18050003051757812
1778642261.326853,225.3281397819519,1244,rx,2730,16000,1,pcm_u8,2730,0.16159892082214355
1778642261.500243,225.50152969360352,1245,rx,2730,16000,1,pcm_u8,2730,0.17338991165161133
1778642261.668332,225.66961884498596,1246,rx,2730,16000,1,pcm_u8,2730,0.1680891513824463
1778642261.8406632,225.84194993972778,1247,rx,2730,16000,1,pcm_u8,2730,0.1723310947418213
1778642262.0088475,226.0101342201233,1248,rx,2730,16000,1,pcm_u8,2730,0.1681842803955078
1778642262.1807346,226.18202137947083,1249,rx,2730,16000,1,pcm_u8,2730,0.17188715934753418
1778642262.3536465,226.35493326187134,1250,rx,2730,16000,1,pcm_u8,2730,0.1729118824005127
1778642262.52249,226.52377676963806,1251,rx,2730,16000,1,pcm_u8,2730,0.16884350776672363
1778642262.6966982,226.69798493385315,1252,rx,2730,16000,1,pcm_u8,2730,0.1742081642150879
1778642262.861166,226.86245274543762,1253,rx,2730,16000,1,pcm_u8,2730,0.16446781158447266
1778642263.0321567,227.03344345092773,1254,rx,2730,16000,1,pcm_u8,2730,0.1709907054901123
1778642263.217449,227.21873569488525,1255,rx,2730,16000,1,pcm_u8,2730,0.18529224395751953
1778642263.369801,227.37108778953552,1256,rx,2730,16000,1,pcm_u8,2730,0.15235209465026855
1778642263.5457857,227.5470724105835,1257,rx,2730,16000,1,pcm_u8,2730,0.17598462104797363
1778642263.7115123,227.71279907226562,1258,rx,2730,16000,1,pcm_u8,2730,0.1657266616821289
1778642263.8826356,227.88392233848572,1259,rx,2730,16000,1,pcm_u8,2730,0.17112326622009277
1778642264.053066,228.05435276031494,1260,rx,2730,16000,1,pcm_u8,2730,0.17043042182922363
1778642264.2236753,228.2249619960785,1261,rx,2730,16000,1,pcm_u8,2730,0.1706092357635498
1778642264.3968987,228.3981854915619,1262,rx,2730,16000,1,pcm_u8,2730,0.17322349548339844
1778642264.5644546,228.56574130058289,1263,rx,2730,16000,1,pcm_u8,2730,0.1675558090209961
1778642264.7375445,228.738831281662,1264,rx,2730,16000,1,pcm_u8,2730,0.17308998107910156
1778642264.9080827,228.90936946868896,1265,rx,2730,16000,1,pcm_u8,2730,0.17053818702697754
1778642265.077017,229.07830381393433,1266,rx,2730,16000,1,pcm_u8,2730,0.16893434524536133
1778642265.2521715,229.25345826148987,1267,rx,2730,16000,1,pcm_u8,2730,0.175154447555542
1778642265.419015,229.4203016757965,1268,rx,2730,16000,1,pcm_u8,2730,0.16684341430664062
1778642265.5902827,229.59156942367554,1269,rx,2730,16000,1,pcm_u8,2730,0.17126774787902832
1778642265.7608812,229.76216793060303,1270,rx,2730,16000,1,pcm_u8,2730,0.17059850692749023
1778642265.9313805,229.9326672554016,1271,rx,2730,16000,1,pcm_u8,2730,0.17049932479858398
1778642266.1064777,230.10776448249817,1272,rx,2730,16000,1,pcm_u8,2730,0.17509722709655762
1778642266.2764387,230.27772545814514,1273,rx,2730,16000,1,pcm_u8,2730,0.16996097564697266
1778642266.4425738,230.44386053085327,1274,rx,2730,16000,1,pcm_u8,2730,0.16613507270812988
1778642266.6141348,230.6154215335846,1275,rx,2730,16000,1,pcm_u8,2730,0.17156100273132324
1778642266.7837095,230.78499627113342,1276,rx,2730,16000,1,pcm_u8,2730,0.16957473754882812
1778642266.954151,230.95543766021729,1277,rx,2730,16000,1,pcm_u8,2730,0.1704413890838623
1778642267.127216,231.12850284576416,1278,rx,2730,16000,1,pcm_u8,2730,0.173065185546875
1778642267.304789,231.3060758113861,1279,rx,2730,16000,1,pcm_u8,2730,0.17757296562194824
1778642267.4668024,231.46808910369873,1280,rx,2730,16000,1,pcm_u8,2730,0.16201329231262207
1778642267.64896,231.6502468585968,1281,rx,2730,16000,1,pcm_u8,2730,0.1821577548980713
1778642267.8093057,231.8105924129486,1282,rx,2730,16000,1,pcm_u8,2730,0.16034555435180664
1778642267.9811797,231.9824664592743,1283,rx,2730,16000,1,pcm_u8,2730,0.1718740463256836
1778642268.1546907,232.1559774875641,1284,rx,2730,16000,1,pcm_u8,2730,0.17351102828979492
1778642268.3254328,232.3267195224762,1285,rx,2730,16000,1,pcm_u8,2730,0.17074203491210938
1778642268.4963899,232.49767661094666,1286,rx,2730,16000,1,pcm_u8,2730,0.17095708847045898
1778642268.669485,232.6707718372345,1287,rx,2730,16000,1,pcm_u8,2730,0.1730952262878418
1778642268.8401527,232.84143948554993,1288,rx,2730,16000,1,pcm_u8,2730,0.1706676483154297
1778642269.0035198,233.0048065185547,1289,rx,2730,16000,1,pcm_u8,2730,0.16336703300476074
1778642269.1727204,233.1740071773529,1290,rx,2730,16000,1,pcm_u8,2730,0.16920065879821777
1778642269.352563,233.35384964942932,1291,rx,2730,16000,1,pcm_u8,2730,0.17984247207641602
1778642269.514079,233.51536583900452,1292,rx,2730,16000,1,pcm_u8,2730,0.1615161895751953
1778642269.6868846,233.68817138671875,1293,rx,2730,16000,1,pcm_u8,2730,0.1728055477142334
1778642269.8563888,233.85767555236816,1294,rx,2730,16000,1,pcm_u8,2730,0.16950416564941406
1778642270.0268407,234.0281274318695,1295,rx,2730,16000,1,pcm_u8,2730,0.17045187950134277
1778642270.1973166,234.19860339164734,1296,rx,2730,16000,1,pcm_u8,2730,0.17047595977783203
1778642270.3680277,234.36931443214417,1297,rx,2730,16000,1,pcm_u8,2730,0.17071104049682617
1778642270.5395308,234.54081749916077,1298,rx,2730,16000,1,pcm_u8,2730,0.17150306701660156
1778642270.711521,234.71280765533447,1299,rx,2730,16000,1,pcm_u8,2730,0.17199015617370605
1778642270.891231,234.8925178050995,1300,rx,2730,16000,1,pcm_u8,2730,0.17971014976501465
1778642271.0524487,235.05373549461365,1301,rx,2730,16000,1,pcm_u8,2730,0.16121768951416016
1778642271.2221587,235.22344541549683,1302,rx,2730,16000,1,pcm_u8,2730,0.1697099208831787
1778642271.3917525,235.39303922653198,1303,rx,2730,16000,1,pcm_u8,2730,0.16959381103515625
1778642271.562634,235.56392073631287,1304,rx,2730,16000,1,pcm_u8,2730,0.1708815097808838
1778642271.7334688,235.73475551605225,1305,rx,2730,16000,1,pcm_u8,2730,0.17083477973937988
1778642271.9055448,235.90683150291443,1306,rx,2730,16000,1,pcm_u8,2730,0.17207598686218262
1778642272.0748172,236.07610392570496,1307,rx,2730,16000,1,pcm_u8,2730,0.16927242279052734
1778642272.2525327,236.2538194656372,1308,rx,2730,16000,1,pcm_u8,2730,0.17771553993225098
1778642272.4159808,236.41726756095886,1309,rx,2730,16000,1,pcm_u8,2730,0.16344809532165527
1778642272.587344,236.58863067626953,1310,rx,2730,16000,1,pcm_u8,2730,0.17136311531066895
1778642272.7579343,236.75922107696533,1311,rx,2730,16000,1,pcm_u8,2730,0.17059040069580078
1778642272.9278324,236.92911911010742,1312,rx,2730,16000,1,pcm_u8,2730,0.16989803314208984
1778642273.1038115,237.10509824752808,1313,rx,2730,16000,1,pcm_u8,2730,0.1759791374206543
1778642273.2693517,237.27063846588135,1314,rx,2730,16000,1,pcm_u8,2730,0.16554021835327148
1778642273.4555147,237.45680141448975,1315,rx,2730,16000,1,pcm_u8,2730,0.18616294860839844
1778642273.611756,237.6130428314209,1316,rx,2730,16000,1,pcm_u8,2730,0.15624141693115234
1778642273.7831678,237.7844545841217,1317,rx,2730,16000,1,pcm_u8,2730,0.17141175270080566
1778642273.9565165,237.95780324935913,1318,rx,2730,16000,1,pcm_u8,2730,0.17334866523742676
1778642274.1282449,238.12953162193298,1319,rx,2730,16000,1,pcm_u8,2730,0.17172837257385254
1778642274.3002508,238.3015375137329,1320,rx,2730,16000,1,pcm_u8,2730,0.17200589179992676
1778642274.4684353,238.469722032547,1321,rx,2730,16000,1,pcm_u8,2730,0.16818451881408691
1778642274.6381793,238.639466047287,1322,rx,2730,16000,1,pcm_u8,2730,0.16974401473999023
1778642274.8108246,238.81211137771606,1323,rx,2730,16000,1,pcm_u8,2730,0.17264533042907715
1778642274.9802384,238.981525182724,1324,rx,2730,16000,1,pcm_u8,2730,0.16941380500793457
1778642275.1517453,239.15303206443787,1325,rx,2730,16000,1,pcm_u8,2730,0.1715068817138672
1778642275.3210776,239.32236433029175,1326,rx,2730,16000,1,pcm_u8,2730,0.16933226585388184
1778642275.4960954,239.49738216400146,1327,rx,2730,16000,1,pcm_u8,2730,0.1750178337097168
1778642275.6636171,239.66490387916565,1328,rx,2730,16000,1,pcm_u8,2730,0.16752171516418457
1778642275.8340278,239.8353145122528,1329,rx,2730,16000,1,pcm_u8,2730,0.1704106330871582
1778642276.0089817,240.01026844978333,1330,rx,2730,16000,1,pcm_u8,2730,0.17495393753051758
1778642276.1739242,240.1752109527588,1331,rx,2730,16000,1,pcm_u8,2730,0.16494250297546387
1778642276.3558185,240.35710525512695,1332,rx,2730,16000,1,pcm_u8,2730,0.18189430236816406
1778642276.5161264,240.51741313934326,1333,rx,2730,16000,1,pcm_u8,2730,0.1603078842163086
1778642276.6866148,240.6879014968872,1334,rx,2730,16000,1,pcm_u8,2730,0.1704883575439453
1778642276.853743,240.85502982139587,1335,rx,2730,16000,1,pcm_u8,2730,0.167128324508667
1778642277.025491,241.0267777442932,1336,rx,2730,16000,1,pcm_u8,2730,0.17174792289733887
1778642277.199643,241.20092964172363,1337,rx,2730,16000,1,pcm_u8,2730,0.17415189743041992
1778642277.3688169,241.370103597641,1338,rx,2730,16000,1,pcm_u8,2730,0.1691739559173584
1778642277.5414414,241.5427281856537,1339,rx,2730,16000,1,pcm_u8,2730,0.1726245880126953
1778642277.709335,241.71062183380127,1340,rx,2730,16000,1,pcm_u8,2730,0.167893648147583
1778642277.879195,241.8804817199707,1341,rx,2730,16000,1,pcm_u8,2730,0.1698598861694336
1778642278.0594747,242.0607614517212,1342,rx,2730,16000,1,pcm_u8,2730,0.18027973175048828
1778642278.2194912,242.22077798843384,1343,rx,2730,16000,1,pcm_u8,2730,0.16001653671264648
1778642278.3931692,242.394455909729,1344,rx,2730,16000,1,pcm_u8,2730,0.17367792129516602
1778642278.5646467,242.56593346595764,1345,rx,2730,16000,1,pcm_u8,2730,0.1714775562286377
1778642278.7305377,242.73182439804077,1346,rx,2730,16000,1,pcm_u8,2730,0.16589093208312988
1778642278.9020355,242.90332221984863,1347,rx,2730,16000,1,pcm_u8,2730,0.17149782180786133
1778642279.0733187,243.0746054649353,1348,rx,2730,16000,1,pcm_u8,2730,0.17128324508666992
1778642279.247913,243.24919962882996,1349,rx,2730,16000,1,pcm_u8,2730,0.17459416389465332
1778642279.4130845,243.41437125205994,1350,rx,2730,16000,1,pcm_u8,2730,0.16517162322998047
1778642279.5865815,243.58786821365356,1351,rx,2730,16000,1,pcm_u8,2730,0.17349696159362793
1778642279.756752,243.75803875923157,1352,rx,2730,16000,1,pcm_u8,2730,0.17017054557800293
1778642279.9254434,243.92673015594482,1353,rx,2730,16000,1,pcm_u8,2730,0.16869139671325684
1778642280.0993357,244.1006224155426,1354,rx,2730,16000,1,pcm_u8,2730,0.17389225959777832
1778642280.2671862,244.26847290992737,1355,rx,2730,16000,1,pcm_u8,2730,0.16785049438476562
1778642280.4415083,244.44279503822327,1356,rx,2730,16000,1,pcm_u8,2730,0.17432212829589844
1778642280.6190517,244.6203384399414,1357,rx,2730,16000,1,pcm_u8,2730,0.17754340171813965
1778642280.7785535,244.77984023094177,1358,rx,2730,16000,1,pcm_u8,2730,0.1595017910003662
1778642280.9522772,244.95356392860413,1359,rx,2730,16000,1,pcm_u8,2730,0.17372369766235352
1778642281.1213238,245.12261056900024,1360,rx,2730,16000,1,pcm_u8,2730,0.16904664039611816
1778642281.295867,245.29715371131897,1361,rx,2730,16000,1,pcm_u8,2730,0.17454314231872559
1778642281.461528,245.46281480789185,1362,rx,2730,16000,1,pcm_u8,2730,0.16566109657287598
1778642281.6321776,245.63346433639526,1363,rx,2730,16000,1,pcm_u8,2730,0.17064952850341797
1778642281.8077173,245.80900406837463,1364,rx,2730,16000,1,pcm_u8,2730,0.17553973197937012
1778642281.978259,245.9795458316803,1365,rx,2730,16000,1,pcm_u8,2730,0.17054176330566406
1778642282.15207,246.1533567905426,1366,rx,2730,16000,1,pcm_u8,2730,0.1738109588623047
1778642282.3193078,246.32059454917908,1367,rx,2730,16000,1,pcm_u8,2730,0.1672377586364746
1778642282.4914808,246.49276757240295,1368,rx,2730,16000,1,pcm_u8,2730,0.17217302322387695
1778642282.6608727,246.6621594429016,1369,rx,2730,16000,1,pcm_u8,2730,0.16939187049865723
1778642282.8334033,246.83469009399414,1370,rx,2730,16000,1,pcm_u8,2730,0.1725306510925293
1778642283.0024922,247.00377893447876,1371,rx,2730,16000,1,pcm_u8,2730,0.16908884048461914
1778642283.1722283,247.17351508140564,1372,rx,2730,16000,1,pcm_u8,2730,0.16973614692687988
1778642283.3485951,247.3498818874359,1373,rx,2730,16000,1,pcm_u8,2730,0.17636680603027344
1778642283.5176046,247.5188913345337,1374,rx,2730,16000,1,pcm_u8,2730,0.16900944709777832
1778642283.6843057,247.6855924129486,1375,rx,2730,16000,1,pcm_u8,2730,0.166701078414917
1778642283.8546584,247.85594511032104,1376,rx,2730,16000,1,pcm_u8,2730,0.17035269737243652
1778642284.0251598,248.02644658088684,1377,rx,2730,16000,1,pcm_u8,2730,0.1705014705657959
1778642284.1999009,248.20118761062622,1378,rx,2730,16000,1,pcm_u8,2730,0.17474102973937988
1778642284.3670242,248.36831092834473,1379,rx,2730,16000,1,pcm_u8,2730,0.16712331771850586
1778642284.5459945,248.5472812652588,1380,rx,2730,16000,1,pcm_u8,2730,0.1789703369140625
1778642284.7121131,248.71339988708496,1381,rx,2730,16000,1,pcm_u8,2730,0.16611862182617188
1778642284.8779225,248.87920928001404,1382,rx,2730,16000,1,pcm_u8,2730,0.16580939292907715
1778642285.0509882,249.05227494239807,1383,rx,2730,16000,1,pcm_u8,2730,0.1730656623840332
1778642285.220665,249.22195172309875,1384,rx,2730,16000,1,pcm_u8,2730,0.1696767807006836
1778642285.3982627,249.39954948425293,1385,rx,2730,16000,1,pcm_u8,2730,0.1775977611541748
1778642285.5619981,249.5632848739624,1386,rx,2730,16000,1,pcm_u8,2730,0.16373538970947266
1778642285.7328722,249.73415899276733,1387,rx,2730,16000,1,pcm_u8,2730,0.17087411880493164
1778642285.9079785,249.9092652797699,1388,rx,2730,16000,1,pcm_u8,2730,0.17510628700256348
1778642286.0730085,250.0742952823639,1389,rx,2730,16000,1,pcm_u8,2730,0.16503000259399414
1778642286.2523792,250.25366592407227,1390,rx,2730,16000,1,pcm_u8,2730,0.17937064170837402
1778642286.4156063,250.4168930053711,1391,rx,2730,16000,1,pcm_u8,2730,0.16322708129882812
1778642286.5933292,250.5946159362793,1392,rx,2730,16000,1,pcm_u8,2730,0.17772293090820312
1778642286.7579062,250.759192943573,1393,rx,2730,16000,1,pcm_u8,2730,0.16457700729370117
1778642286.956426,250.95771265029907,1394,rx,2730,16000,1,pcm_u8,2730,0.19851970672607422
1778642287.0993488,251.10063552856445,1395,rx,2730,16000,1,pcm_u8,2730,0.14292287826538086
1778642287.2741106,251.27539730072021,1396,rx,2730,16000,1,pcm_u8,2730,0.17476177215576172
1778642287.4766839,251.47797060012817,1397,rx,2730,16000,1,pcm_u8,2730,0.20257329940795898
1778642287.6092572,251.61054396629333,1398,rx,2730,16000,1,pcm_u8,2730,0.13257336616516113
1778642287.786789,251.7880756855011,1399,rx,2730,16000,1,pcm_u8,2730,0.17753171920776367
1778642288.0433414,252.04462814331055,1400,rx,2730,16000,1,pcm_u8,2730,0.25655245780944824
1778642288.2480307,252.24931740760803,1401,rx,2730,16000,1,pcm_u8,2730,0.20468926429748535
1778642288.4459581,252.44724488258362,1402,rx,2730,16000,1,pcm_u8,2730,0.19792747497558594
1778642288.463753,252.46503973007202,1403,rx,2730,16000,1,pcm_u8,2730,0.01779484748840332
1778642288.6786914,252.67997813224792,1404,rx,2730,16000,1,pcm_u8,2730,0.21493840217590332
1778642288.886372,252.8876588344574,1405,rx,2730,16000,1,pcm_u8,2730,0.20768070220947266
1778642289.0844955,253.085782289505,1406,rx,2730,16000,1,pcm_u8,2730,0.19812345504760742
1778642289.2907507,253.29203748703003,1407,rx,2730,16000,1,pcm_u8,2730,0.20625519752502441
1778642289.320238,253.32152485847473,1408,rx,2730,16000,1,pcm_u8,2730,0.02948737144470215
1778642289.5045447,253.50583148002625,1409,rx,2730,16000,1,pcm_u8,2730,0.18430662155151367
1778642289.7202725,253.72155928611755,1410,rx,2730,16000,1,pcm_u8,2730,0.2157278060913086
1778642289.9153063,253.91659307479858,1411,rx,2730,16000,1,pcm_u8,2730,0.19503378868103027
1778642290.1135445,254.11483120918274,1412,rx,2730,16000,1,pcm_u8,2730,0.19823813438415527
1778642290.314701,254.31598782539368,1413,rx,2730,16000,1,pcm_u8,2730,0.2011566162109375
1778642290.3446426,254.34592938423157,1414,rx,2730,16000,1,pcm_u8,2730,0.029941558837890625
1778642290.5355148,254.53680157661438,1415,rx,2730,16000,1,pcm_u8,2730,0.1908721923828125
1778642290.7361925,254.7374792098999,1416,rx,2730,16000,1,pcm_u8,2730,0.20067763328552246
1778642290.9393513,254.94063806533813,1417,rx,2730,16000,1,pcm_u8,2730,0.20315885543823242
1778642291.1438494,255.14513611793518,1418,rx,2730,16000,1,pcm_u8,2730,0.2044980525970459
1778642291.3410242,255.34231090545654,1419,rx,2730,16000,1,pcm_u8,2730,0.1971747875213623
1778642291.3645523,255.3658390045166,1420,rx,2730,16000,1,pcm_u8,2730,0.023528099060058594
1778642291.5561085,255.55739521980286,1421,rx,2730,16000,1,pcm_u8,2730,0.19155621528625488
1778642291.7678142,255.76910090446472,1422,rx,2730,16000,1,pcm_u8,2730,0.21170568466186523
1778642291.9658904,255.96717715263367,1423,rx,2730,16000,1,pcm_u8,2730,0.1980762481689453
1778642292.1733935,256.1746802330017,1424,rx,2730,16000,1,pcm_u8,2730,0.207503080368042
1778642292.3715982,256.3728849887848,1425,rx,2730,16000,1,pcm_u8,2730,0.19820475578308105
1778642292.3925757,256.3938624858856,1426,rx,2730,16000,1,pcm_u8,2730,0.020977497100830078
1778642292.59871,256.59999680519104,1427,rx,2730,16000,1,pcm_u8,2730,0.20613431930541992
1778642292.7964344,256.79772114753723,1428,rx,2730,16000,1,pcm_u8,2730,0.1977243423461914
1778642293.0011168,257.0024034976959,1429,rx,2730,16000,1,pcm_u8,2730,0.2046823501586914
1778642293.0713906,257.0726773738861,1430,rx,2730,16000,1,pcm_u8,2730,0.07027387619018555
1778642293.2564623,257.25774908065796,1431,rx,2730,16000,1,pcm_u8,2730,0.18507170677185059
1778642293.4169004,257.41818714141846,1432,rx,2730,16000,1,pcm_u8,2730,0.16043806076049805
1778642293.5841346,257.58542132377625,1433,rx,2730,16000,1,pcm_u8,2730,0.16723418235778809
1778642293.7564845,257.7577712535858,1434,rx,2730,16000,1,pcm_u8,2730,0.1723499298095703
1778642293.928159,257.9294457435608,1435,rx,2730,16000,1,pcm_u8,2730,0.17167448997497559
1778642294.0950391,258.0963258743286,1436,rx,2730,16000,1,pcm_u8,2730,0.16688013076782227
1778642294.262032,258.26331877708435,1437,rx,2730,16000,1,pcm_u8,2730,0.1669929027557373
1778642294.4370425,258.4383292198181,1438,rx,2730,16000,1,pcm_u8,2730,0.17501044273376465
1778642294.6037502,258.60503697395325,1439,rx,2730,16000,1,pcm_u8,2730,0.16670775413513184
1778642294.7746296,258.7759163379669,1440,rx,2730,16000,1,pcm_u8,2730,0.17087936401367188
1778642294.948558,258.9498448371887,1441,rx,2730,16000,1,pcm_u8,2730,0.17392849922180176
1778642295.1166487,259.11793541908264,1442,rx,2730,16000,1,pcm_u8,2730,0.1680905818939209
1778642295.2986789,259.2999656200409,1443,rx,2730,16000,1,pcm_u8,2730,0.18203020095825195
1778642295.4567523,259.45803904533386,1444,rx,2730,16000,1,pcm_u8,2730,0.15807342529296875
1778642295.628213,259.6294996738434,1445,rx,2730,16000,1,pcm_u8,2730,0.17146062850952148
1778642295.800064,259.8013508319855,1446,rx,2730,16000,1,pcm_u8,2730,0.17185115814208984
1778642295.9725616,259.9738483428955,1447,rx,2730,16000,1,pcm_u8,2730,0.17249751091003418
1778642296.142531,260.14381766319275,1448,rx,2730,16000,1,pcm_u8,2730,0.1699693202972412
1778642296.3099847,260.3112714290619,1449,rx,2730,16000,1,pcm_u8,2730,0.16745376586914062
1778642296.4850583,260.4863450527191,1450,rx,2730,16000,1,pcm_u8,2730,0.17507362365722656
1778642296.6566274,260.65791416168213,1451,rx,2730,16000,1,pcm_u8,2730,0.1715691089630127
1778642296.8226135,260.8239002227783,1452,rx,2730,16000,1,pcm_u8,2730,0.1659860610961914
1778642297.0011213,261.0024080276489,1453,rx,2730,16000,1,pcm_u8,2730,0.17850780487060547
1778642297.164476,261.1657626628876,1454,rx,2730,16000,1,pcm_u8,2730,0.16335463523864746
1778642297.3397794,261.34106612205505,1455,rx,2730,16000,1,pcm_u8,2730,0.17530345916748047
1778642297.5296676,261.5309543609619,1456,rx,2730,16000,1,pcm_u8,2730,0.18988823890686035
1778642297.6810386,261.6823253631592,1457,rx,2730,16000,1,pcm_u8,2730,0.15137100219726562
1778642297.8468308,261.84811758995056,1458,rx,2730,16000,1,pcm_u8,2730,0.16579222679138184
1778642298.0206501,262.02193689346313,1459,rx,2730,16000,1,pcm_u8,2730,0.17381930351257324
1778642298.1979375,262.1992242336273,1460,rx,2730,16000,1,pcm_u8,2730,0.17728734016418457
1778642298.3592272,262.36051392555237,1461,rx,2730,16000,1,pcm_u8,2730,0.16128969192504883
1778642298.532509,262.53379583358765,1462,rx,2730,16000,1,pcm_u8,2730,0.17328190803527832
1778642298.7002416,262.70152831077576,1463,rx,2730,16000,1,pcm_u8,2730,0.16773247718811035
1778642298.8703082,262.87159490585327,1464,rx,2730,16000,1,pcm_u8,2730,0.17006659507751465
1778642299.0494592,263.0507459640503,1465,rx,2730,16000,1,pcm_u8,2730,0.17915105819702148
1778642299.214719,263.21600580215454,1466,rx,2730,16000,1,pcm_u8,2730,0.16525983810424805
1778642299.3908024,263.39208912849426,1467,rx,2730,16000,1,pcm_u8,2730,0.17608332633972168
1778642299.5629182,263.56420493125916,1468,rx,2730,16000,1,pcm_u8,2730,0.17211580276489258
1778642299.7299337,263.7312204837799,1469,rx,2730,16000,1,pcm_u8,2730,0.16701555252075195
1778642299.904126,263.9054126739502,1470,rx,2730,16000,1,pcm_u8,2730,0.17419219017028809
1778642300.068467,264.0697536468506,1471,rx,2730,16000,1,pcm_u8,2730,0.16434097290039062
1778642300.2429461,264.2442328929901,1472,rx,2730,16000,1,pcm_u8,2730,0.17447924613952637
1778642300.409866,264.41115283966064,1473,rx,2730,16000,1,pcm_u8,2730,0.16691994667053223
1778642300.584173,264.5854597091675,1474,rx,2730,16000,1,pcm_u8,2730,0.17430686950683594
1778642300.7527752,264.75406193733215,1475,rx,2730,16000,1,pcm_u8,2730,0.16860222816467285
1778642300.922777,264.92406368255615,1476,rx,2730,16000,1,pcm_u8,2730,0.17000174522399902
1778642301.1012893,265.10257601737976,1477,rx,2730,16000,1,pcm_u8,2730,0.1785123348236084
1778642301.2641563,265.26544308662415,1478,rx,2730,16000,1,pcm_u8,2730,0.16286706924438477
1778642301.439597,265.4408836364746,1479,rx,2730,16000,1,pcm_u8,2730,0.17544054985046387
1778642301.6071095,265.6083962917328,1480,rx,2730,16000,1,pcm_u8,2730,0.1675126552581787
1778642301.7753513,265.77663803100586,1481,rx,2730,16000,1,pcm_u8,2730,0.1682417392730713
1778642301.9492037,265.9504904747009,1482,rx,2730,16000,1,pcm_u8,2730,0.17385244369506836
1778642302.1205068,266.12179350852966,1483,rx,2730,16000,1,pcm_u8,2730,0.17130303382873535
1778642302.2979927,266.29927945137024,1484,rx,2730,16000,1,pcm_u8,2730,0.17748594284057617
1778642302.4587157,266.46000242233276,1485,rx,2730,16000,1,pcm_u8,2730,0.16072297096252441
1778642302.6351192,266.6364059448242,1486,rx,2730,16000,1,pcm_u8,2730,0.17640352249145508
1778642302.8020742,266.8033609390259,1487,rx,2730,16000,1,pcm_u8,2730,0.16695499420166016
1778642302.970549,266.9718358516693,1488,rx,2730,16000,1,pcm_u8,2730,0.16847491264343262
1778642303.1472192,267.1485059261322,1489,rx,2730,16000,1,pcm_u8,2730,0.17667007446289062
1778642303.311666,267.3129527568817,1490,rx,2730,16000,1,pcm_u8,2730,0.16444683074951172
1778642303.4853292,267.486615896225,1491,rx,2730,16000,1,pcm_u8,2730,0.17366313934326172
1778642303.6565478,267.6578345298767,1492,rx,2730,16000,1,pcm_u8,2730,0.1712186336517334
1778642303.8240345,267.82532119750977,1493,rx,2730,16000,1,pcm_u8,2730,0.16748666763305664
1778642303.993924,267.995210647583,1494,rx,2730,16000,1,pcm_u8,2730,0.1698894500732422
1778642304.1683893,268.16967606544495,1495,rx,2730,16000,1,pcm_u8,2730,0.17446541786193848
1778642304.3393433,268.3406300544739,1496,rx,2730,16000,1,pcm_u8,2730,0.17095398902893066
1778642304.5080075,268.5092942714691,1497,rx,2730,16000,1,pcm_u8,2730,0.16866421699523926
1778642304.6805694,268.6818561553955,1498,rx,2730,16000,1,pcm_u8,2730,0.1725618839263916
1778642304.8479125,268.84919929504395,1499,rx,2730,16000,1,pcm_u8,2730,0.1673431396484375
1778642305.0190253,269.02031207084656,1500,rx,2730,16000,1,pcm_u8,2730,0.1711127758026123
1778642305.1927016,269.19398832321167,1501,rx,2730,16000,1,pcm_u8,2730,0.1736762523651123
1778642305.3599043,269.361191034317,1502,rx,2730,16000,1,pcm_u8,2730,0.16720271110534668
1778642305.5273352,269.52862191200256,1503,rx,2730,16000,1,pcm_u8,2730,0.16743087768554688
1778642305.7001853,269.7014720439911,1504,rx,2730,16000,1,pcm_u8,2730,0.1728501319885254
1778642305.8700356,269.87132239341736,1505,rx,2730,16000,1,pcm_u8,2730,0.16985034942626953
1778642306.0410974,270.04238414764404,1506,rx,2730,16000,1,pcm_u8,2730,0.17106175422668457
1778642306.2125978,270.2138845920563,1507,rx,2730,16000,1,pcm_u8,2730,0.17150044441223145
1778642306.382831,270.3841178417206,1508,rx,2730,16000,1,pcm_u8,2730,0.17023324966430664
1778642306.5510895,270.5523762702942,1509,rx,2730,16000,1,pcm_u8,2730,0.1682584285736084
1778642306.7243192,270.72560596466064,1510,rx,2730,16000,1,pcm_u8,2730,0.17322969436645508
1778642306.895481,270.89676785469055,1511,rx,2730,16000,1,pcm_u8,2730,0.17116189002990723
1778642307.0630028,271.06428956985474,1512,rx,2730,16000,1,pcm_u8,2730,0.16752171516418457
1778642307.2410831,271.242369890213,1513,rx,2730,16000,1,pcm_u8,2730,0.17808032035827637
1778642307.4055893,271.4068760871887,1514,rx,2730,16000,1,pcm_u8,2730,0.164506196975708
1778642307.575129,271.5764157772064,1515,rx,2730,16000,1,pcm_u8,2730,0.1695396900177002
1778642307.7512555,271.75254225730896,1516,rx,2730,16000,1,pcm_u8,2730,0.17612648010253906
1778642307.9167457,271.9180324077606,1517,rx,2730,16000,1,pcm_u8,2730,0.16549015045166016
1778642308.0940027,272.09528946876526,1518,rx,2730,16000,1,pcm_u8,2730,0.17725706100463867
1778642308.260705,272.26199173927307,1519,rx,2730,16000,1,pcm_u8,2730,0.1667022705078125
1778642308.4285793,272.42986607551575,1520,rx,2730,16000,1,pcm_u8,2730,0.16787433624267578
1778642308.5986404,272.59992718696594,1521,rx,2730,16000,1,pcm_u8,2730,0.1700611114501953
1778642308.7734466,272.7747333049774,1522,rx,2730,16000,1,pcm_u8,2730,0.1748061180114746
1778642308.9405527,272.9418394565582,1523,rx,2730,16000,1,pcm_u8,2730,0.16710615158081055
1778642309.1112304,273.112517118454,1524,rx,2730,16000,1,pcm_u8,2730,0.17067766189575195
1778642309.288823,273.2901096343994,1525,rx,2730,16000,1,pcm_u8,2730,0.17759251594543457
1778642309.4525297,273.4538164138794,1526,rx,2730,16000,1,pcm_u8,2730,0.16370677947998047
1778642309.6234782,273.624764919281,1527,rx,2730,16000,1,pcm_u8,2730,0.17094850540161133
1778642309.7975702,273.79885697364807,1528,rx,2730,16000,1,pcm_u8,2730,0.17409205436706543
1778642309.964914,273.96620082855225,1529,rx,2730,16000,1,pcm_u8,2730,0.1673438549041748
1778642310.1379764,274.1392631530762,1530,rx,2730,16000,1,pcm_u8,2730,0.17306232452392578
1778642310.3090174,274.3103041648865,1531,rx,2730,16000,1,pcm_u8,2730,0.17104101181030273
1778642310.4892826,274.49056935310364,1532,rx,2730,16000,1,pcm_u8,2730,0.18026518821716309
1778642310.6517801,274.6530668735504,1533,rx,2730,16000,1,pcm_u8,2730,0.16249752044677734
1778642310.8267,274.8279867172241,1534,rx,2730,16000,1,pcm_u8,2730,0.17491984367370605
1778642310.9967382,274.9980249404907,1535,rx,2730,16000,1,pcm_u8,2730,0.17003822326660156
1778642311.1649218,275.1662085056305,1536,rx,2730,16000,1,pcm_u8,2730,0.1681835651397705
1778642311.3416443,275.3429310321808,1537,rx,2730,16000,1,pcm_u8,2730,0.17672252655029297
1778642311.5050683,275.50635504722595,1538,rx,2730,16000,1,pcm_u8,2730,0.16342401504516602
1778642311.6804695,275.68175625801086,1539,rx,2730,16000,1,pcm_u8,2730,0.1754012107849121
1778642311.848554,275.84984064102173,1540,rx,2730,16000,1,pcm_u8,2730,0.16808438301086426
1778642312.0170336,276.01832032203674,1541,rx,2730,16000,1,pcm_u8,2730,0.16847968101501465
1778642312.1924264,276.1937131881714,1542,rx,2730,16000,1,pcm_u8,2730,0.17539286613464355
1778642312.3571799,276.3584666252136,1543,rx,2730,16000,1,pcm_u8,2730,0.16475343704223633
1778642312.533203,276.53448963165283,1544,rx,2730,16000,1,pcm_u8,2730,0.17602300643920898
1778642312.698385,276.6996717453003,1545,rx,2730,16000,1,pcm_u8,2730,0.16518211364746094
1778642312.8727152,276.8740019798279,1546,rx,2730,16000,1,pcm_u8,2730,0.1743302345275879
1778642313.0428624,277.04414916038513,1547,rx,2730,16000,1,pcm_u8,2730,0.17014718055725098
1778642313.212949,277.2142357826233,1548,rx,2730,16000,1,pcm_u8,2730,0.17008662223815918
1778642313.3806481,277.3819348812103,1549,rx,2730,16000,1,pcm_u8,2730,0.16769909858703613
1778642313.55029,277.55157685279846,1550,rx,2730,16000,1,pcm_u8,2730,0.16964197158813477
1778642313.719772,277.72105884552,1551,rx,2730,16000,1,pcm_u8,2730,0.16948199272155762
1778642313.8928068,277.89409351348877,1552,rx,2730,16000,1,pcm_u8,2730,0.17303466796875
1778642314.0605307,278.06181740760803,1553,rx,2730,16000,1,pcm_u8,2730,0.1677238941192627
1778642314.2338014,278.2350881099701,1554,rx,2730,16000,1,pcm_u8,2730,0.17327070236206055
1778642314.4091141,278.41040086746216,1555,rx,2730,16000,1,pcm_u8,2730,0.17531275749206543
1778642314.5733156,278.5746023654938,1556,rx,2730,16000,1,pcm_u8,2730,0.1642014980316162
1778642314.7444024,278.74568915367126,1557,rx,2730,16000,1,pcm_u8,2730,0.17108678817749023
1778642314.9165876,278.9178743362427,1558,rx,2730,16000,1,pcm_u8,2730,0.17218518257141113
1778642315.089667,279.0909538269043,1559,rx,2730,16000,1,pcm_u8,2730,0.1730794906616211
1778642315.255445,279.25673174858093,1560,rx,2730,16000,1,pcm_u8,2730,0.16577792167663574
1778642315.428559,279.4298458099365,1561,rx,2730,16000,1,pcm_u8,2730,0.17311406135559082
1778642315.603603,279.60488963127136,1562,rx,2730,16000,1,pcm_u8,2730,0.17504382133483887
1778642315.7709324,279.7722191810608,1563,rx,2730,16000,1,pcm_u8,2730,0.1673295497894287
1778642315.9453573,279.9466440677643,1564,rx,2730,16000,1,pcm_u8,2730,0.1744248867034912
1778642316.1092286,280.11051535606384,1565,rx,2730,16000,1,pcm_u8,2730,0.16387128829956055
1778642316.2799482,280.2812349796295,1566,rx,2730,16000,1,pcm_u8,2730,0.17071962356567383
1778642316.4527404,280.4540271759033,1567,rx,2730,16000,1,pcm_u8,2730,0.1727921962738037
1778642316.6218746,280.62316131591797,1568,rx,2730,16000,1,pcm_u8,2730,0.16913414001464844
1778642316.7932901,280.79457688331604,1569,rx,2730,16000,1,pcm_u8,2730,0.1714155673980713
1778642316.965004,280.96629071235657,1570,rx,2730,16000,1,pcm_u8,2730,0.17171382904052734
1778642317.1363738,281.13766050338745,1571,rx,2730,16000,1,pcm_u8,2730,0.1713697910308838
1778642317.303148,281.30443477630615,1572,rx,2730,16000,1,pcm_u8,2730,0.16677427291870117
1778642317.4775572,281.4788439273834,1573,rx,2730,16000,1,pcm_u8,2730,0.1744091510772705
1778642317.6459832,281.64726996421814,1574,rx,2730,16000,1,pcm_u8,2730,0.1684260368347168
1778642317.8157294,281.81701612472534,1575,rx,2730,16000,1,pcm_u8,2730,0.16974616050720215
1778642317.9922693,281.99355602264404,1576,rx,2730,16000,1,pcm_u8,2730,0.17653989791870117
1778642318.157967,282.1592538356781,1577,rx,2730,16000,1,pcm_u8,2730,0.16569781303405762
1778642318.338845,282.34013175964355,1578,rx,2730,16000,1,pcm_u8,2730,0.1808779239654541
1778642318.5047128,282.5059995651245,1579,rx,2730,16000,1,pcm_u8,2730,0.16586780548095703
1778642318.6722453,282.67353200912476,1580,rx,2730,16000,1,pcm_u8,2730,0.16753244400024414
1778642318.8438184,282.8451051712036,1581,rx,2730,16000,1,pcm_u8,2730,0.17157316207885742
1778642319.013222,283.01450872421265,1582,rx,2730,16000,1,pcm_u8,2730,0.1694035530090332
1778642319.1938784,283.1951651573181,1583,rx,2730,16000,1,pcm_u8,2730,0.18065643310546875
1778642319.3535159,283.35480260849,1584,rx,2730,16000,1,pcm_u8,2730,0.159637451171875
1778642319.5249093,283.5261960029602,1585,rx,2730,16000,1,pcm_u8,2730,0.17139339447021484
1778642319.700467,283.7017538547516,1586,rx,2730,16000,1,pcm_u8,2730,0.17555785179138184
1778642319.8643103,283.8655970096588,1587,rx,2730,16000,1,pcm_u8,2730,0.16384315490722656
1778642320.0406206,284.04190731048584,1588,rx,2730,16000,1,pcm_u8,2730,0.17631030082702637
1778642320.205371,284.20665764808655,1589,rx,2730,16000,1,pcm_u8,2730,0.164750337600708
1778642320.3782485,284.37953519821167,1590,rx,2730,16000,1,pcm_u8,2730,0.17287755012512207
1778642320.5485287,284.54981541633606,1591,rx,2730,16000,1,pcm_u8,2730,0.17028021812438965
1778642320.7171476,284.71843433380127,1592,rx,2730,16000,1,pcm_u8,2730,0.16861891746520996
1778642320.88928,284.8905668258667,1593,rx,2730,16000,1,pcm_u8,2730,0.1721324920654297
1778642321.0603383,285.0616250038147,1594,rx,2730,16000,1,pcm_u8,2730,0.17105817794799805
1778642321.2298539,285.2311406135559,1595,rx,2730,16000,1,pcm_u8,2730,0.16951560974121094
1778642321.3994203,285.40070700645447,1596,rx,2730,16000,1,pcm_u8,2730,0.16956639289855957
1778642321.572485,285.5737717151642,1597,rx,2730,16000,1,pcm_u8,2730,0.1730647087097168
1778642321.7571805,285.7584671974182,1598,rx,2730,16000,1,pcm_u8,2730,0.18469548225402832
1778642321.911854,285.9131407737732,1599,rx,2730,16000,1,pcm_u8,2730,0.15467357635498047
1778642322.0898545,286.09114122390747,1600,rx,2730,16000,1,pcm_u8,2730,0.17800045013427734
1778642322.2536993,286.25498604774475,1601,rx,2730,16000,1,pcm_u8,2730,0.16384482383728027
1778642322.425557,286.4268436431885,1602,rx,2730,16000,1,pcm_u8,2730,0.17185759544372559
1778642322.5962737,286.5975604057312,1603,rx,2730,16000,1,pcm_u8,2730,0.1707167625427246
1778642322.7676086,286.76889538764954,1604,rx,2730,16000,1,pcm_u8,2730,0.17133498191833496
1778642322.9412465,286.9425332546234,1605,rx,2730,16000,1,pcm_u8,2730,0.17363786697387695
1778642323.1081905,287.10947728157043,1606,rx,2730,16000,1,pcm_u8,2730,0.16694402694702148
1778642323.2829673,287.2842540740967,1607,rx,2730,16000,1,pcm_u8,2730,0.17477679252624512
1778642323.4488444,287.4501311779022,1608,rx,2730,16000,1,pcm_u8,2730,0.165877103805542
1778642323.6204085,287.6216952800751,1609,rx,2730,16000,1,pcm_u8,2730,0.17156410217285156
1778642323.790031,287.7913177013397,1610,rx,2730,16000,1,pcm_u8,2730,0.16962242126464844
1778642323.9602516,287.96153831481934,1611,rx,2730,16000,1,pcm_u8,2730,0.17022061347961426
1778642324.1375422,288.1388289928436,1612,rx,2730,16000,1,pcm_u8,2730,0.177290678024292
1778642324.3067694,288.3080561161041,1613,rx,2730,16000,1,pcm_u8,2730,0.16922712326049805
1778642324.4779892,288.47927594184875,1614,rx,2730,16000,1,pcm_u8,2730,0.1712198257446289
1778642324.6494288,288.6507155895233,1615,rx,2730,16000,1,pcm_u8,2730,0.17143964767456055
1778642324.8170042,288.8182909488678,1616,rx,2730,16000,1,pcm_u8,2730,0.16757535934448242
1778642324.9887102,288.9899969100952,1617,rx,2730,16000,1,pcm_u8,2730,0.171705961227417
1778642325.16123,289.1625168323517,1618,rx,2730,16000,1,pcm_u8,2730,0.17251992225646973
1778642325.3299646,289.33125138282776,1619,rx,2730,16000,1,pcm_u8,2730,0.16873455047607422
1778642325.5021768,289.5034635066986,1620,rx,2730,16000,1,pcm_u8,2730,0.1722121238708496
1778642325.6727142,289.67400097846985,1621,rx,2730,16000,1,pcm_u8,2730,0.17053747177124023
1778642325.8420675,289.8433542251587,1622,rx,2730,16000,1,pcm_u8,2730,0.16935324668884277
1778642326.011013,290.01229977607727,1623,rx,2730,16000,1,pcm_u8,2730,0.1689455509185791
1778642326.184595,290.18588185310364,1624,rx,2730,16000,1,pcm_u8,2730,0.1735820770263672
1778642326.3532732,290.35455989837646,1625,rx,2730,16000,1,pcm_u8,2730,0.16867804527282715
1778642326.5252516,290.5265383720398,1626,rx,2730,16000,1,pcm_u8,2730,0.17197847366333008
1778642326.6970575,290.69834423065186,1627,rx,2730,16000,1,pcm_u8,2730,0.17180585861206055
1778642326.865418,290.8667047023773,1628,rx,2730,16000,1,pcm_u8,2730,0.16836047172546387
1778642327.0377538,291.0390405654907,1629,rx,2730,16000,1,pcm_u8,2730,0.17233586311340332
1778642327.2091765,291.21046328544617,1630,rx,2730,16000,1,pcm_u8,2730,0.17142271995544434
1778642327.3794465,291.38073325157166,1631,rx,2730,16000,1,pcm_u8,2730,0.17026996612548828
1778642327.547268,291.54855465888977,1632,rx,2730,16000,1,pcm_u8,2730,0.16782140731811523
1778642327.721116,291.7224028110504,1633,rx,2730,16000,1,pcm_u8,2730,0.17384815216064453
1778642327.8920808,291.8933675289154,1634,rx,2730,16000,1,pcm_u8,2730,0.17096471786499023
1778642328.0602946,292.0615813732147,1635,rx,2730,16000,1,pcm_u8,2730,0.1682138442993164
1778642328.2328,292.23408675193787,1636,rx,2730,16000,1,pcm_u8,2730,0.17250537872314453
1778642328.4004507,292.40173745155334,1637,rx,2730,16000,1,pcm_u8,2730,0.16765069961547852
1778642328.5906372,292.59192395210266,1638,rx,2730,16000,1,pcm_u8,2730,0.1901865005493164
1778642328.7453387,292.7466254234314,1639,rx,2730,16000,1,pcm_u8,2730,0.15470147132873535
1778642328.912901,292.914187669754,1640,rx,2730,16000,1,pcm_u8,2730,0.16756224632263184
1778642329.0911953,293.09248208999634,1641,rx,2730,16000,1,pcm_u8,2730,0.17829442024230957
1778642329.2586834,293.25997018814087,1642,rx,2730,16000,1,pcm_u8,2730,0.16748809814453125
1778642329.4280262,293.42931294441223,1643,rx,2730,16000,1,pcm_u8,2730,0.1693427562713623
1778642329.5934913,293.5947780609131,1644,rx,2730,16000,1,pcm_u8,2730,0.1654651165008545
1778642329.7702193,293.7715060710907,1645,rx,2730,16000,1,pcm_u8,2730,0.1767280101776123
1778642329.9351966,293.9364833831787,1646,rx,2730,16000,1,pcm_u8,2730,0.1649773120880127
1778642330.1047175,294.10600423812866,1647,rx,2730,16000,1,pcm_u8,2730,0.16952085494995117
1778642330.283463,294.28474974632263,1648,rx,2730,16000,1,pcm_u8,2730,0.17874550819396973
1778642330.4487712,294.45005798339844,1649,rx,2730,16000,1,pcm_u8,2730,0.16530823707580566
1778642330.6162648,294.6175515651703,1650,rx,2730,16000,1,pcm_u8,2730,0.16749358177185059
1778642330.7888696,294.7901563644409,1651,rx,2730,16000,1,pcm_u8,2730,0.17260479927062988
1778642330.9580753,294.9593620300293,1652,rx,2730,16000,1,pcm_u8,2730,0.1692056655883789
1778642331.1362042,295.1374909877777,1653,rx,2730,16000,1,pcm_u8,2730,0.17812895774841309
1778642331.3006,295.3018867969513,1654,rx,2730,16000,1,pcm_u8,2730,0.16439580917358398
1778642331.470974,295.47226071357727,1655,rx,2730,16000,1,pcm_u8,2730,0.17037391662597656
1778642331.6408927,295.64217948913574,1656,rx,2730,16000,1,pcm_u8,2730,0.16991877555847168
1778642331.8128927,295.8141794204712,1657,rx,2730,16000,1,pcm_u8,2730,0.17199993133544922
1778642331.9859915,295.9872782230377,1658,rx,2730,16000,1,pcm_u8,2730,0.17309880256652832
1778642332.1523201,296.1536068916321,1659,rx,2730,16000,1,pcm_u8,2730,0.16632866859436035
1778642332.3254042,296.3266909122467,1660,rx,2730,16000,1,pcm_u8,2730,0.17308402061462402
1778642332.4950624,296.4963490962982,1661,rx,2730,16000,1,pcm_u8,2730,0.16965818405151367
1778642332.6653728,296.66665959358215,1662,rx,2730,16000,1,pcm_u8,2730,0.17031049728393555
1778642332.842368,296.84365463256836,1663,rx,2730,16000,1,pcm_u8,2730,0.17699503898620605
1778642333.0060132,297.00729990005493,1664,rx,2730,16000,1,pcm_u8,2730,0.16364526748657227
1778642333.178533,297.1798198223114,1665,rx,2730,16000,1,pcm_u8,2730,0.17251992225646973
1778642333.348216,297.34950280189514,1666,rx,2730,16000,1,pcm_u8,2730,0.16968297958374023
1778642333.5312343,297.5325210094452,1667,rx,2730,16000,1,pcm_u8,2730,0.18301820755004883
1778642333.6883674,297.6896541118622,1668,rx,2730,16000,1,pcm_u8,2730,0.1571331024169922
1778642333.8613987,297.8626854419708,1669,rx,2730,16000,1,pcm_u8,2730,0.17303133010864258
1778642334.0309846,298.03227138519287,1670,rx,2730,16000,1,pcm_u8,2730,0.1695859432220459
1778642334.2006357,298.201922416687,1671,rx,2730,16000,1,pcm_u8,2730,0.16965103149414062
1778642334.3727713,298.37405800819397,1672,rx,2730,16000,1,pcm_u8,2730,0.172135591506958
1778642334.5494845,298.5507712364197,1673,rx,2730,16000,1,pcm_u8,2730,0.176713228225708
1778642334.7165153,298.7178020477295,1674,rx,2730,16000,1,pcm_u8,2730,0.16703081130981445
1778642334.8900964,298.89138317108154,1675,rx,2730,16000,1,pcm_u8,2730,0.17358112335205078
1778642335.0579531,299.05923986434937,1676,rx,2730,16000,1,pcm_u8,2730,0.16785669326782227
1778642335.237906,299.2391927242279,1677,rx,2730,16000,1,pcm_u8,2730,0.17995285987854004
1778642335.4010623,299.40234899520874,1678,rx,2730,16000,1,pcm_u8,2730,0.16315627098083496
1778642335.571083,299.57236981391907,1679,rx,2730,16000,1,pcm_u8,2730,0.17002081871032715
1778642335.7413118,299.74259853363037,1680,rx,2730,16000,1,pcm_u8,2730,0.1702287197113037
1778642335.912529,299.91381573677063,1681,rx,2730,16000,1,pcm_u8,2730,0.1712172031402588
1778642336.0856268,300.08691358566284,1682,rx,2730,16000,1,pcm_u8,2730,0.17309784889221191
1778642336.2522502,300.253536939621,1683,rx,2730,16000,1,pcm_u8,2730,0.16662335395812988
1778642336.4256203,300.4269070625305,1684,rx,2730,16000,1,pcm_u8,2730,0.1733701229095459
1778642336.5904024,300.59168910980225,1685,rx,2730,16000,1,pcm_u8,2730,0.16478204727172852
1778642336.764162,300.76544880867004,1686,rx,2730,16000,1,pcm_u8,2730,0.17375969886779785
1778642336.9363663,300.9376530647278,1687,rx,2730,16000,1,pcm_u8,2730,0.17220425605773926
1778642337.1017227,301.10300946235657,1688,rx,2730,16000,1,pcm_u8,2730,0.16535639762878418
1778642337.2731855,301.2744722366333,1689,rx,2730,16000,1,pcm_u8,2730,0.1714627742767334
1778642337.4446173,301.44590401649475,1690,rx,2730,16000,1,pcm_u8,2730,0.1714317798614502
1778642337.6146007,301.61588740348816,1691,rx,2730,16000,1,pcm_u8,2730,0.1699833869934082
1778642337.7885077,301.78979444503784,1692,rx,2730,16000,1,pcm_u8,2730,0.17390704154968262
1778642337.9568896,301.9581763744354,1693,rx,2730,16000,1,pcm_u8,2730,0.168381929397583
1778642338.1275256,302.12881231307983,1694,rx,2730,16000,1,pcm_u8,2730,0.17063593864440918
1778642338.296884,302.2981708049774,1695,rx,2730,16000,1,pcm_u8,2730,0.169358491897583
1778642338.46881,302.47009682655334,1696,rx,2730,16000,1,pcm_u8,2730,0.17192602157592773
1778642338.6382596,302.63954639434814,1697,rx,2730,16000,1,pcm_u8,2730,0.1694495677947998
1778642338.8094149,302.81070160865784,1698,rx,2730,16000,1,pcm_u8,2730,0.17115521430969238
1778642338.9914534,302.99274015426636,1699,rx,2730,16000,1,pcm_u8,2730,0.1820385456085205
1778642339.2976363,303.2989230155945,1700,rx,2730,16000,1,pcm_u8,2730,0.306182861328125
1778642339.3230507,303.3243374824524,1701,rx,2730,16000,1,pcm_u8,2730,0.025414466857910156
1778642339.5010629,303.50234961509705,1702,rx,2730,16000,1,pcm_u8,2730,0.17801213264465332
1778642339.6619496,303.6632363796234,1703,rx,2730,16000,1,pcm_u8,2730,0.1608867645263672
1778642339.8331456,303.83443236351013,1704,rx,2730,16000,1,pcm_u8,2730,0.17119598388671875
1778642340.0060182,304.0073049068451,1705,rx,2730,16000,1,pcm_u8,2730,0.17287254333496094
1778642340.1781654,304.1794521808624,1706,rx,2730,16000,1,pcm_u8,2730,0.17214727401733398
1778642340.3493652,304.3506519794464,1707,rx,2730,16000,1,pcm_u8,2730,0.17119979858398438
1778642340.5170743,304.51836109161377,1708,rx,2730,16000,1,pcm_u8,2730,0.1677091121673584
1778642340.6888926,304.69017934799194,1709,rx,2730,16000,1,pcm_u8,2730,0.17181825637817383
1778642340.8569632,304.8582499027252,1710,rx,2730,16000,1,pcm_u8,2730,0.16807055473327637
1778642341.0335543,305.0348410606384,1711,rx,2730,16000,1,pcm_u8,2730,0.176591157913208
1778642341.198736,305.20002269744873,1712,rx,2730,16000,1,pcm_u8,2730,0.16518163681030273
1778642341.3695974,305.37088418006897,1713,rx,2730,16000,1,pcm_u8,2730,0.17086148262023926
1778642341.5450263,305.54631304740906,1714,rx,2730,16000,1,pcm_u8,2730,0.1754288673400879
1778642341.7132158,305.7145025730133,1715,rx,2730,16000,1,pcm_u8,2730,0.16818952560424805
1778642341.8812318,305.88251852989197,1716,rx,2730,16000,1,pcm_u8,2730,0.1680159568786621
1778642342.0668726,306.06815934181213,1717,rx,2730,16000,1,pcm_u8,2730,0.18564081192016602
1778642342.2236733,306.22496008872986,1718,rx,2730,16000,1,pcm_u8,2730,0.1568007469177246
1778642342.3931959,306.39448261260986,1719,rx,2730,16000,1,pcm_u8,2730,0.16952252388000488
1778642342.5645037,306.5657904148102,1720,rx,2730,16000,1,pcm_u8,2730,0.17130780220031738
1778642342.7360737,306.7373604774475,1721,rx,2730,16000,1,pcm_u8,2730,0.1715700626373291
1778642342.9175007,306.91878747940063,1722,rx,2730,16000,1,pcm_u8,2730,0.181427001953125
1778642343.0848463,307.08613300323486,1723,rx,2730,16000,1,pcm_u8,2730,0.16734552383422852
1778642343.2468853,307.248172044754,1724,rx,2730,16000,1,pcm_u8,2730,0.16203904151916504
1778642343.4175062,307.41879296302795,1725,rx,2730,16000,1,pcm_u8,2730,0.17062091827392578
1778642343.5885785,307.5898652076721,1726,rx,2730,16000,1,pcm_u8,2730,0.17107224464416504
1778642343.7605429,307.7618296146393,1727,rx,2730,16000,1,pcm_u8,2730,0.17196440696716309
1778642343.9329736,307.93426036834717,1728,rx,2730,16000,1,pcm_u8,2730,0.17243075370788574
1778642344.1007326,308.10201930999756,1729,rx,2730,16000,1,pcm_u8,2730,0.16775894165039062
1778642344.2733035,308.27459025382996,1730,rx,2730,16000,1,pcm_u8,2730,0.17257094383239746
1778642344.4409482,308.44223499298096,1731,rx,2730,16000,1,pcm_u8,2730,0.16764473915100098
1778642344.6126635,308.61395025253296,1732,rx,2730,16000,1,pcm_u8,2730,0.17171525955200195
1778642344.7835026,308.78478932380676,1733,rx,2730,16000,1,pcm_u8,2730,0.1708390712738037
1778642344.954189,308.95547580718994,1734,rx,2730,16000,1,pcm_u8,2730,0.1706864833831787
1778642345.1296835,309.1309702396393,1735,rx,2730,16000,1,pcm_u8,2730,0.17549443244934082
1778642345.2968934,309.298180103302,1736,rx,2730,16000,1,pcm_u8,2730,0.16720986366271973
1778642345.4662983,309.4675850868225,1737,rx,2730,16000,1,pcm_u8,2730,0.1694049835205078
1778642345.636804,309.63809084892273,1738,rx,2730,16000,1,pcm_u8,2730,0.17050576210021973
1778642345.806449,309.8077356815338,1739,rx,2730,16000,1,pcm_u8,2730,0.16964483261108398
1778642345.9825528,309.98383951187134,1740,rx,2730,16000,1,pcm_u8,2730,0.17610383033752441
1778642346.1486065,310.149893283844,1741,rx,2730,16000,1,pcm_u8,2730,0.16605377197265625
1778642346.3199563,310.32124304771423,1742,rx,2730,16000,1,pcm_u8,2730,0.17134976387023926
1778642346.4899843,310.49127101898193,1743,rx,2730,16000,1,pcm_u8,2730,0.1700279712677002
1778642346.6649933,310.6662800312042,1744,rx,2730,16000,1,pcm_u8,2730,0.17500901222229004
1778642346.8343878,310.83567452430725,1745,rx,2730,16000,1,pcm_u8,2730,0.16939449310302734
1778642347.0053282,311.0066149234772,1746,rx,2730,16000,1,pcm_u8,2730,0.17094039916992188
1778642347.1780753,311.1793620586395,1747,rx,2730,16000,1,pcm_u8,2730,0.17274713516235352
1778642347.3512347,311.35252141952515,1748,rx,2730,16000,1,pcm_u8,2730,0.17315936088562012
1778642347.518298,311.5195846557617,1749,rx,2730,16000,1,pcm_u8,2730,0.16706323623657227
1778642347.6926305,311.6939172744751,1750,rx,2730,16000,1,pcm_u8,2730,0.1743326187133789
1778642347.858567,311.85985374450684,1751,rx,2730,16000,1,pcm_u8,2730,0.16593647003173828
1778642348.0319033,312.03319001197815,1752,rx,2730,16000,1,pcm_u8,2730,0.17333626747131348
1778642348.201194,312.20248079299927,1753,rx,2730,16000,1,pcm_u8,2730,0.16929078102111816
1778642348.3708234,312.3721101284027,1754,rx,2730,16000,1,pcm_u8,2730,0.16962933540344238
1778642348.5532854,312.5545721054077,1755,rx,2730,16000,1,pcm_u8,2730,0.18246197700500488
1778642348.7131345,312.71442127227783,1756,rx,2730,16000,1,pcm_u8,2730,0.1598491668701172
1778642348.884002,312.88528871536255,1757,rx,2730,16000,1,pcm_u8,2730,0.1708674430847168
1778642349.0575137,313.0588004589081,1758,rx,2730,16000,1,pcm_u8,2730,0.17351174354553223
1778642349.2269518,313.2282385826111,1759,rx,2730,16000,1,pcm_u8,2730,0.16943812370300293
1778642349.395725,313.397011756897,1760,rx,2730,16000,1,pcm_u8,2730,0.16877317428588867
1778642349.5653687,313.56665539741516,1761,rx,2730,16000,1,pcm_u8,2730,0.16964364051818848
1778642349.7383277,313.73961448669434,1762,rx,2730,16000,1,pcm_u8,2730,0.1729590892791748
1778642349.9071965,313.90848326683044,1763,rx,2730,16000,1,pcm_u8,2730,0.1688687801361084
1778642350.0795803,314.08086705207825,1764,rx,2730,16000,1,pcm_u8,2730,0.17238378524780273
1778642350.2492707,314.25055742263794,1765,rx,2730,16000,1,pcm_u8,2730,0.16969037055969238
1778642350.4217613,314.4230480194092,1766,rx,2730,16000,1,pcm_u8,2730,0.17249059677124023
1778642350.5893946,314.5906813144684,1767,rx,2730,16000,1,pcm_u8,2730,0.1676332950592041
1778642350.7611516,314.76243829727173,1768,rx,2730,16000,1,pcm_u8,2730,0.17175698280334473
1778642350.936383,314.9376697540283,1769,rx,2730,16000,1,pcm_u8,2730,0.1752314567565918
1778642351.1015391,315.10282588005066,1770,rx,2730,16000,1,pcm_u8,2730,0.16515612602233887
1778642351.2743926,315.2756793498993,1771,rx,2730,16000,1,pcm_u8,2730,0.1728534698486328
1778642351.4512165,315.4525032043457,1772,rx,2730,16000,1,pcm_u8,2730,0.17682385444641113
1778642351.6202545,315.621541261673,1773,rx,2730,16000,1,pcm_u8,2730,0.1690380573272705
1778642351.7868643,315.7881510257721,1774,rx,2730,16000,1,pcm_u8,2730,0.1666097640991211
1778642351.9543495,315.9556362628937,1775,rx,2730,16000,1,pcm_u8,2730,0.16748523712158203
1778642352.125765,316.12705183029175,1776,rx,2730,16000,1,pcm_u8,2730,0.1714155673980713
1778642352.2970703,316.2983570098877,1777,rx,2730,16000,1,pcm_u8,2730,0.17130517959594727
1778642352.466241,316.46752762794495,1778,rx,2730,16000,1,pcm_u8,2730,0.16917061805725098
1778642352.6403692,316.64165592193604,1779,rx,2730,16000,1,pcm_u8,2730,0.17412829399108887
1778642352.8093028,316.81058955192566,1780,rx,2730,16000,1,pcm_u8,2730,0.16893362998962402
1778642352.981403,316.9826898574829,1781,rx,2730,16000,1,pcm_u8,2730,0.17210030555725098
1778642353.1524374,317.153724193573,1782,rx,2730,16000,1,pcm_u8,2730,0.1710343360900879
1778642353.3218539,317.3231406211853,1783,rx,2730,16000,1,pcm_u8,2730,0.1694164276123047
1778642353.490954,317.49224066734314,1784,rx,2730,16000,1,pcm_u8,2730,0.16910004615783691
1778642353.6634517,317.66473841667175,1785,rx,2730,16000,1,pcm_u8,2730,0.17249774932861328
1778642353.8344786,317.8357653617859,1786,rx,2730,16000,1,pcm_u8,2730,0.17102694511413574
1778642353.9998217,318.00110840797424,1787,rx,2730,16000,1,pcm_u8,2730,0.1653430461883545
1778642354.1707883,318.17207503318787,1788,rx,2730,16000,1,pcm_u8,2730,0.17096662521362305
1778642354.340522,318.34180879592896,1789,rx,2730,16000,1,pcm_u8,2730,0.16973376274108887
1778642354.5112116,318.51249837875366,1790,rx,2730,16000,1,pcm_u8,2730,0.17068958282470703
1778642354.6843328,318.6856195926666,1791,rx,2730,16000,1,pcm_u8,2730,0.17312121391296387
1778642354.8533585,318.8546452522278,1792,rx,2730,16000,1,pcm_u8,2730,0.16902565956115723
1778642355.0257876,319.0270743370056,1793,rx,2730,16000,1,pcm_u8,2730,0.17242908477783203
1778642355.195078,319.1963646411896,1794,rx,2730,16000,1,pcm_u8,2730,0.16929030418395996
1778642355.3694365,319.3707232475281,1795,rx,2730,16000,1,pcm_u8,2730,0.17435860633850098
1778642355.5348785,319.53616523742676,1796,rx,2730,16000,1,pcm_u8,2730,0.16544198989868164
1778642355.7063463,319.70763301849365,1797,rx,2730,16000,1,pcm_u8,2730,0.17146778106689453
1778642355.88528,319.88656663894653,1798,rx,2730,16000,1,pcm_u8,2730,0.17893362045288086
1778642356.0468729,320.0481595993042,1799,rx,2730,16000,1,pcm_u8,2730,0.16159296035766602
1778642356.219923,320.2212097644806,1800,rx,2730,16000,1,pcm_u8,2730,0.1730501651763916
1778642356.3936229,320.39490962028503,1801,rx,2730,16000,1,pcm_u8,2730,0.17369985580444336
1778642356.559274,320.5605607032776,1802,rx,2730,16000,1,pcm_u8,2730,0.1656510829925537
1778642356.7307668,320.7320535182953,1803,rx,2730,16000,1,pcm_u8,2730,0.1714928150177002
1778642356.9007406,320.90202736854553,1804,rx,2730,16000,1,pcm_u8,2730,0.16997385025024414
1778642357.0761647,321.07745146751404,1805,rx,2730,16000,1,pcm_u8,2730,0.17542409896850586
1778642357.2413502,321.2426369190216,1806,rx,2730,16000,1,pcm_u8,2730,0.16518545150756836
1778642357.4137847,321.41507148742676,1807,rx,2730,16000,1,pcm_u8,2730,0.17243456840515137
1778642357.5982907,321.5995774269104,1808,rx,2730,16000,1,pcm_u8,2730,0.18450593948364258
1778642357.7544153,321.7557020187378,1809,rx,2730,16000,1,pcm_u8,2730,0.15612459182739258
1778642357.9295943,321.930881023407,1810,rx,2730,16000,1,pcm_u8,2730,0.17517900466918945
1778642358.0974643,322.09875106811523,1811,rx,2730,16000,1,pcm_u8,2730,0.16787004470825195
1778642358.2659729,322.2672595977783,1812,rx,2730,16000,1,pcm_u8,2730,0.16850852966308594
1778642358.4368324,322.4381191730499,1813,rx,2730,16000,1,pcm_u8,2730,0.17085957527160645
1778642358.6110454,322.6123321056366,1814,rx,2730,16000,1,pcm_u8,2730,0.17421293258666992
1778642358.787092,322.78837871551514,1815,rx,2730,16000,1,pcm_u8,2730,0.17604660987854004
1778642358.949661,322.95094776153564,1816,rx,2730,16000,1,pcm_u8,2730,0.1625690460205078
1778642359.1202261,323.12151288986206,1817,rx,2730,16000,1,pcm_u8,2730,0.17056512832641602
1778642359.2898185,323.29110527038574,1818,rx,2730,16000,1,pcm_u8,2730,0.16959238052368164
1778642359.460758,323.46204471588135,1819,rx,2730,16000,1,pcm_u8,2730,0.17093944549560547
1778642359.6313138,323.6326005458832,1820,rx,2730,16000,1,pcm_u8,2730,0.17055583000183105
1778642359.8090386,323.81032538414,1821,rx,2730,16000,1,pcm_u8,2730,0.17772483825683594
1778642359.982925,323.9842116832733,1822,rx,2730,16000,1,pcm_u8,2730,0.17388629913330078
1778642360.1443448,324.14563155174255,1823,rx,2730,16000,1,pcm_u8,2730,0.16141986846923828
1778642360.320052,324.32133865356445,1824,rx,2730,16000,1,pcm_u8,2730,0.17570710182189941
1778642360.4847045,324.48599123954773,1825,rx,2730,16000,1,pcm_u8,2730,0.16465258598327637
1778642360.6570387,324.6583254337311,1826,rx,2730,16000,1,pcm_u8,2730,0.1723341941833496
1778642360.8274662,324.82875299453735,1827,rx,2730,16000,1,pcm_u8,2730,0.17042756080627441
1778642360.9972804,324.9985671043396,1828,rx,2730,16000,1,pcm_u8,2730,0.1698141098022461
1778642361.1704352,325.1717219352722,1829,rx,2730,16000,1,pcm_u8,2730,0.1731548309326172
1778642361.3405116,325.3417983055115,1830,rx,2730,16000,1,pcm_u8,2730,0.1700763702392578
1778642361.5094867,325.51077342033386,1831,rx,2730,16000,1,pcm_u8,2730,0.1689751148223877
1778642361.6815357,325.6828224658966,1832,rx,2730,16000,1,pcm_u8,2730,0.17204904556274414
1778642361.8498628,325.851149559021,1833,rx,2730,16000,1,pcm_u8,2730,0.16832709312438965
1778642362.0263557,326.0276424884796,1834,rx,2730,16000,1,pcm_u8,2730,0.17649292945861816
1778642362.1943564,326.1956431865692,1835,rx,2730,16000,1,pcm_u8,2730,0.1680006980895996
1778642362.3661253,326.3674120903015,1836,rx,2730,16000,1,pcm_u8,2730,0.1717689037322998
1778642362.5340164,326.5353031158447,1837,rx,2730,16000,1,pcm_u8,2730,0.1678910255432129
1778642362.7030418,326.7043285369873,1838,rx,2730,16000,1,pcm_u8,2730,0.16902542114257812
1778642362.8763921,326.8776788711548,1839,rx,2730,16000,1,pcm_u8,2730,0.17335033416748047
1778642363.0456192,327.0469059944153,1840,rx,2730,16000,1,pcm_u8,2730,0.16922712326049805
1778642363.2156923,327.21697902679443,1841,rx,2730,16000,1,pcm_u8,2730,0.1700730323791504
1778642363.3856885,327.3869752883911,1842,rx,2730,16000,1,pcm_u8,2730,0.1699962615966797
1778642363.5626059,327.56389260292053,1843,rx,2730,16000,1,pcm_u8,2730,0.17691731452941895
1778642363.7376556,327.73894238471985,1844,rx,2730,16000,1,pcm_u8,2730,0.1750497817993164
1778642363.9040873,327.9053740501404,1845,rx,2730,16000,1,pcm_u8,2730,0.16643166542053223
1778642364.077227,328.0785138607025,1846,rx,2730,16000,1,pcm_u8,2730,0.1731398105621338
1778642364.2441912,328.2454779148102,1847,rx,2730,16000,1,pcm_u8,2730,0.16696405410766602
1778642364.416342,328.4176287651062,1848,rx,2730,16000,1,pcm_u8,2730,0.1721508502960205
1778642364.586726,328.5880126953125,1849,rx,2730,16000,1,pcm_u8,2730,0.17038393020629883
1778642364.760375,328.7616617679596,1850,rx,2730,16000,1,pcm_u8,2730,0.17364907264709473
1778642364.9322565,328.93354320526123,1851,rx,2730,16000,1,pcm_u8,2730,0.17188143730163574
1778642365.0978227,329.0991094112396,1852,rx,2730,16000,1,pcm_u8,2730,0.16556620597839355
1778642365.2717717,329.27305841445923,1853,rx,2730,16000,1,pcm_u8,2730,0.1739490032196045
1778642365.4373198,329.4386065006256,1854,rx,2730,16000,1,pcm_u8,2730,0.16554808616638184
1778642365.6099,329.6111867427826,1855,rx,2730,16000,1,pcm_u8,2730,0.17258024215698242
1778642365.785339,329.7866258621216,1856,rx,2730,16000,1,pcm_u8,2730,0.17543911933898926
1778642365.9502797,329.9515664577484,1857,rx,2730,16000,1,pcm_u8,2730,0.16494059562683105
1778642366.1362772,330.1375639438629,1858,rx,2730,16000,1,pcm_u8,2730,0.18599748611450195
1778642366.2917068,330.2929935455322,1859,rx,2730,16000,1,pcm_u8,2730,0.15542960166931152
1778642366.468618,330.4699046611786,1860,rx,2730,16000,1,pcm_u8,2730,0.1769111156463623
1778642366.6376212,330.6389079093933,1861,rx,2730,16000,1,pcm_u8,2730,0.16900324821472168
1778642366.804184,330.80547070503235,1862,rx,2730,16000,1,pcm_u8,2730,0.16656279563903809
1778642366.9858243,330.98711109161377,1863,rx,2730,16000,1,pcm_u8,2730,0.1816403865814209
1778642367.1414418,331.1427285671234,1864,rx,2730,16000,1,pcm_u8,2730,0.15561747550964355
1778642367.3122652,331.313551902771,1865,rx,2730,16000,1,pcm_u8,2730,0.170823335647583
1778642367.4875598,331.48884654045105,1866,rx,2730,16000,1,pcm_u8,2730,0.1752946376800537
1778642367.6534467,331.65473341941833,1867,rx,2730,16000,1,pcm_u8,2730,0.16588687896728516
1778642367.8270323,331.8283190727234,1868,rx,2730,16000,1,pcm_u8,2730,0.1735856533050537
1778642367.9955516,331.99683833122253,1869,rx,2730,16000,1,pcm_u8,2730,0.1685192584991455
1778642368.165628,332.1669147014618,1870,rx,2730,16000,1,pcm_u8,2730,0.1700763702392578
1778642368.3357973,332.3370840549469,1871,rx,2730,16000,1,pcm_u8,2730,0.17016935348510742
1778642368.507147,332.50843381881714,1872,rx,2730,16000,1,pcm_u8,2730,0.17134976387023926
1778642368.6847112,332.68599796295166,1873,rx,2730,16000,1,pcm_u8,2730,0.17756414413452148
1778642368.8473196,332.8486063480377,1874,rx,2730,16000,1,pcm_u8,2730,0.16260838508605957
1778642369.022078,333.0233647823334,1875,rx,2730,16000,1,pcm_u8,2730,0.1747584342956543
1778642369.1889544,333.19024109840393,1876,rx,2730,16000,1,pcm_u8,2730,0.16687631607055664
1778642369.3593183,333.3606050014496,1877,rx,2730,16000,1,pcm_u8,2730,0.1703639030456543
1778642369.5298529,333.5311396121979,1878,rx,2730,16000,1,pcm_u8,2730,0.17053461074829102
1778642369.7020297,333.703316450119,1879,rx,2730,16000,1,pcm_u8,2730,0.17217683792114258
1778642369.8740187,333.87530541419983,1880,rx,2730,16000,1,pcm_u8,2730,0.17198896408081055
1778642370.0470781,334.0483648777008,1881,rx,2730,16000,1,pcm_u8,2730,0.17305946350097656
1778642370.2132099,334.2144966125488,1882,rx,2730,16000,1,pcm_u8,2730,0.16613173484802246
1778642370.384352,334.38563871383667,1883,rx,2730,16000,1,pcm_u8,2730,0.1711421012878418
1778642370.554489,334.555775642395,1884,rx,2730,16000,1,pcm_u8,2730,0.1701369285583496
1778642370.7363622,334.7376489639282,1885,rx,2730,16000,1,pcm_u8,2730,0.18187332153320312
1778642370.8973427,334.8986294269562,1886,rx,2730,16000,1,pcm_u8,2730,0.1609804630279541
1778642371.0692766,335.0705633163452,1887,rx,2730,16000,1,pcm_u8,2730,0.17193388938903809
1778642371.2381094,335.2393960952759,1888,rx,2730,16000,1,pcm_u8,2730,0.16883277893066406
1778642371.4119356,335.41322231292725,1889,rx,2730,16000,1,pcm_u8,2730,0.1738262176513672
1778642371.57868,335.57996678352356,1890,rx,2730,16000,1,pcm_u8,2730,0.16674447059631348
1778642371.7493248,335.7506115436554,1891,rx,2730,16000,1,pcm_u8,2730,0.17064476013183594
1778642371.93248,335.9337668418884,1892,rx,2730,16000,1,pcm_u8,2730,0.18315529823303223
1778642372.0940554,336.09534215927124,1893,rx,2730,16000,1,pcm_u8,2730,0.1615753173828125
1778642372.2662914,336.267578125,1894,rx,2730,16000,1,pcm_u8,2730,0.17223596572875977
1778642372.4375622,336.43884897232056,1895,rx,2730,16000,1,pcm_u8,2730,0.17127084732055664
1778642372.6084569,336.6097435951233,1896,rx,2730,16000,1,pcm_u8,2730,0.17089462280273438
1778642372.7835367,336.7848234176636,1897,rx,2730,16000,1,pcm_u8,2730,0.1750798225402832
1778642372.9484992,336.9497859477997,1898,rx,2730,16000,1,pcm_u8,2730,0.1649625301361084
1778642373.1224425,337.1237292289734,1899,rx,2730,16000,1,pcm_u8,2730,0.17394328117370605
1778642373.2907448,337.29203152656555,1900,rx,2730,16000,1,pcm_u8,2730,0.16830229759216309
1778642373.457546,337.4588327407837,1901,rx,2730,16000,1,pcm_u8,2730,0.16680121421813965
1778642373.6288216,337.63010835647583,1902,rx,2730,16000,1,pcm_u8,2730,0.17127561569213867
1778642373.7974646,337.79875135421753,1903,rx,2730,16000,1,pcm_u8,2730,0.16864299774169922
1778642373.9764202,337.9777069091797,1904,rx,2730,16000,1,pcm_u8,2730,0.1789555549621582
1778642374.138565,338.139851808548,1905,rx,2730,16000,1,pcm_u8,2730,0.16214489936828613
1778642374.3096917,338.3109784126282,1906,rx,2730,16000,1,pcm_u8,2730,0.1711266040802002
1778642374.480216,338.48150277137756,1907,rx,2730,16000,1,pcm_u8,2730,0.17052435874938965
1778642374.650662,338.65194869041443,1908,rx,2730,16000,1,pcm_u8,2730,0.17044591903686523
1778642374.8235254,338.8248121738434,1909,rx,2730,16000,1,pcm_u8,2730,0.17286348342895508
1778642374.9918218,338.99310851097107,1910,rx,2730,16000,1,pcm_u8,2730,0.16829633712768555
1778642375.1664107,339.167697429657,1911,rx,2730,16000,1,pcm_u8,2730,0.17458891868591309
1778642375.3328688,339.3341555595398,1912,rx,2730,16000,1,pcm_u8,2730,0.1664581298828125
1778642375.5044012,339.5056879520416,1913,rx,2730,16000,1,pcm_u8,2730,0.17153239250183105
1778642375.6750422,339.6763288974762,1914,rx,2730,16000,1,pcm_u8,2730,0.1706409454345703
1778642375.8461719,339.8474586009979,1915,rx,2730,16000,1,pcm_u8,2730,0.17112970352172852
1778642376.0306034,340.0318901538849,1916,rx,2730,16000,1,pcm_u8,2730,0.1844315528869629
1778642376.1900792,340.19136595726013,1917,rx,2730,16000,1,pcm_u8,2730,0.15947580337524414
1778642376.3617737,340.36306047439575,1918,rx,2730,16000,1,pcm_u8,2730,0.17169451713562012
1778642376.5281808,340.52946758270264,1919,rx,2730,16000,1,pcm_u8,2730,0.16640710830688477
1778642376.698706,340.69999265670776,1920,rx,2730,16000,1,pcm_u8,2730,0.17052507400512695
1778642376.8775544,340.8788411617279,1921,rx,2730,16000,1,pcm_u8,2730,0.1788485050201416
1778642377.0399377,341.0412244796753,1922,rx,2730,16000,1,pcm_u8,2730,0.1623833179473877
1778642377.211263,341.2125496864319,1923,rx,2730,16000,1,pcm_u8,2730,0.1713252067565918
1778642377.385684,341.3869707584381,1924,rx,2730,16000,1,pcm_u8,2730,0.17442107200622559
1778642377.552152,341.55343866348267,1925,rx,2730,16000,1,pcm_u8,2730,0.16646790504455566
1778642377.7288885,341.7301752567291,1926,rx,2730,16000,1,pcm_u8,2730,0.17673659324645996
1778642377.8937454,341.8950321674347,1927,rx,2730,16000,1,pcm_u8,2730,0.1648569107055664
1778642378.0643876,342.06567430496216,1928,rx,2730,16000,1,pcm_u8,2730,0.17064213752746582
1778642378.2364066,342.23769330978394,1929,rx,2730,16000,1,pcm_u8,2730,0.17201900482177734
1778642378.4149728,342.4162595272064,1930,rx,2730,16000,1,pcm_u8,2730,0.17856621742248535
1778642378.581861,342.58314776420593,1931,rx,2730,16000,1,pcm_u8,2730,0.16688823699951172
1778642378.7509997,342.7522864341736,1932,rx,2730,16000,1,pcm_u8,2730,0.16913866996765137
1778642378.9256632,342.92694997787476,1933,rx,2730,16000,1,pcm_u8,2730,0.17466354370117188
1778642379.088317,343.08960366249084,1934,rx,2730,16000,1,pcm_u8,2730,0.16265368461608887
1778642379.259489,343.26077580451965,1935,rx,2730,16000,1,pcm_u8,2730,0.1711721420288086
1778642379.434303,343.43558979034424,1936,rx,2730,16000,1,pcm_u8,2730,0.17481398582458496
1778642379.6007056,343.6019923686981,1937,rx,2730,16000,1,pcm_u8,2730,0.16640257835388184
1778642379.7793493,343.7806360721588,1938,rx,2730,16000,1,pcm_u8,2730,0.17864370346069336
1778642379.9456842,343.94697093963623,1939,rx,2730,16000,1,pcm_u8,2730,0.166334867477417
1778642380.1140296,344.1153163909912,1940,rx,2730,16000,1,pcm_u8,2730,0.16834545135498047
1778642380.283351,344.28463768959045,1941,rx,2730,16000,1,pcm_u8,2730,0.16932129859924316
1778642380.4573843,344.45867109298706,1942,rx,2730,16000,1,pcm_u8,2730,0.17403340339660645
1778642380.6250207,344.6263074874878,1943,rx,2730,16000,1,pcm_u8,2730,0.16763639450073242
1778642380.7952957,344.79658246040344,1944,rx,2730,16000,1,pcm_u8,2730,0.17027497291564941
1778642380.9734468,344.9747335910797,1945,rx,2730,16000,1,pcm_u8,2730,0.17815113067626953
1778642381.1376367,345.13892340660095,1946,rx,2730,16000,1,pcm_u8,2730,0.16418981552124023
1778642381.307459,345.30874586105347,1947,rx,2730,16000,1,pcm_u8,2730,0.16982245445251465
1778642381.477436,345.47872281074524,1948,rx,2730,16000,1,pcm_u8,2730,0.16997694969177246
1778642381.6502266,345.651513338089,1949,rx,2730,16000,1,pcm_u8,2730,0.17279052734375
1778642381.8219047,345.82319140434265,1950,rx,2730,16000,1,pcm_u8,2730,0.1716780662536621
1778642381.9895961,345.99088287353516,1951,rx,2730,16000,1,pcm_u8,2730,0.16769146919250488
1778642382.1612384,346.16252517700195,1952,rx,2730,16000,1,pcm_u8,2730,0.17164230346679688
1778642382.3331933,346.33448004722595,1953,rx,2730,16000,1,pcm_u8,2730,0.17195487022399902
1778642382.5016668,346.5029535293579,1954,rx,2730,16000,1,pcm_u8,2730,0.168473482131958
1778642382.6747704,346.676057100296,1955,rx,2730,16000,1,pcm_u8,2730,0.17310357093811035
1778642382.8437743,346.8450610637665,1956,rx,2730,16000,1,pcm_u8,2730,0.16900396347045898
1778642383.0199594,347.0212461948395,1957,rx,2730,16000,1,pcm_u8,2730,0.17618513107299805
1778642383.1853507,347.1866374015808,1958,rx,2730,16000,1,pcm_u8,2730,0.165391206741333
1778642383.3566937,347.35798048973083,1959,rx,2730,16000,1,pcm_u8,2730,0.17134308815002441
1778642383.529692,347.530978679657,1960,rx,2730,16000,1,pcm_u8,2730,0.17299818992614746
1778642383.696427,347.6977138519287,1961,rx,2730,16000,1,pcm_u8,2730,0.16673517227172852
1778642383.8707566,347.87204337120056,1962,rx,2730,16000,1,pcm_u8,2730,0.17432951927185059
1778642384.0412529,348.0425395965576,1963,rx,2730,16000,1,pcm_u8,2730,0.17049622535705566
1778642384.2125776,348.21386432647705,1964,rx,2730,16000,1,pcm_u8,2730,0.1713247299194336
1778642384.3838809,348.38516759872437,1965,rx,2730,16000,1,pcm_u8,2730,0.17130327224731445
1778642384.5551538,348.55644059181213,1966,rx,2730,16000,1,pcm_u8,2730,0.17127299308776855
1778642384.727482,348.728768825531,1967,rx,2730,16000,1,pcm_u8,2730,0.17232823371887207
1778642384.8964345,348.8977212905884,1968,rx,2730,16000,1,pcm_u8,2730,0.16895246505737305
1778642385.0655594,349.06684613227844,1969,rx,2730,16000,1,pcm_u8,2730,0.16912484169006348
1778642385.2368448,349.2381315231323,1970,rx,2730,16000,1,pcm_u8,2730,0.17128539085388184
1778642385.4093878,349.41067457199097,1971,rx,2730,16000,1,pcm_u8,2730,0.17254304885864258
1778642385.5828135,349.58410024642944,1972,rx,2730,16000,1,pcm_u8,2730,0.17342567443847656
1778642385.7452245,349.746511220932,1973,rx,2730,16000,1,pcm_u8,2730,0.16241097450256348
1778642385.9205902,349.92187690734863,1974,rx,2730,16000,1,pcm_u8,2730,0.17536568641662598
1778642386.090235,350.0915217399597,1975,rx,2730,16000,1,pcm_u8,2730,0.16964483261108398
1778642386.2592816,350.26056838035583,1976,rx,2730,16000,1,pcm_u8,2730,0.16904664039611816
1778642386.4276597,350.42894649505615,1977,rx,2730,16000,1,pcm_u8,2730,0.16837811470031738
1778642386.6015296,350.6028163433075,1978,rx,2730,16000,1,pcm_u8,2730,0.17386984825134277
1778642386.772178,350.773464679718,1979,rx,2730,16000,1,pcm_u8,2730,0.17064833641052246
1778642386.9393585,350.9406452178955,1980,rx,2730,16000,1,pcm_u8,2730,0.16718053817749023
1778642387.113472,351.1147587299347,1981,rx,2730,16000,1,pcm_u8,2730,0.17411351203918457
1778642387.2826927,351.28397941589355,1982,rx,2730,16000,1,pcm_u8,2730,0.1692206859588623
1778642387.4516912,351.4529778957367,1983,rx,2730,16000,1,pcm_u8,2730,0.16899847984313965
1778642387.6261663,351.6274530887604,1984,rx,2730,16000,1,pcm_u8,2730,0.17447519302368164
1778642387.792845,351.79413175582886,1985,rx,2730,16000,1,pcm_u8,2730,0.16667866706848145
1778642387.9696007,351.97088742256165,1986,rx,2730,16000,1,pcm_u8,2730,0.17675566673278809
1778642388.1379092,352.13919591903687,1987,rx,2730,16000,1,pcm_u8,2730,0.16830849647521973
1778642388.3059807,352.30726742744446,1988,rx,2730,16000,1,pcm_u8,2730,0.16807150840759277
1778642388.4845164,352.4858031272888,1989,rx,2730,16000,1,pcm_u8,2730,0.17853569984436035
1778642388.6501114,352.6513981819153,1990,rx,2730,16000,1,pcm_u8,2730,0.16559505462646484
1778642388.8233635,352.8246502876282,1991,rx,2730,16000,1,pcm_u8,2730,0.17325210571289062
1778642388.9878495,352.98913621902466,1992,rx,2730,16000,1,pcm_u8,2730,0.16448593139648438
1778642389.1614747,353.16276144981384,1993,rx,2730,16000,1,pcm_u8,2730,0.17362523078918457
1778642389.329984,353.33127069473267,1994,rx,2730,16000,1,pcm_u8,2730,0.16850924491882324
1778642389.4994795,353.50076627731323,1995,rx,2730,16000,1,pcm_u8,2730,0.1694955825805664
1778642389.6737223,353.6750090122223,1996,rx,2730,16000,1,pcm_u8,2730,0.17424273490905762
1778642389.8409631,353.8422498703003,1997,rx,2730,16000,1,pcm_u8,2730,0.16724085807800293
1778642390.0174267,354.0187134742737,1998,rx,2730,16000,1,pcm_u8,2730,0.17646360397338867
1778642390.1826391,354.1839258670807,1999,rx,2730,16000,1,pcm_u8,2730,0.16521239280700684
1778642390.3527772,354.35406398773193,2000,rx,2730,16000,1,pcm_u8,2730,0.17013812065124512
1778642390.5238032,354.52508997917175,2001,rx,2730,16000,1,pcm_u8,2730,0.17102599143981934
1778642390.6994517,354.7007384300232,2002,rx,2730,16000,1,pcm_u8,2730,0.17564845085144043
1778642390.8722968,354.87358355522156,2003,rx,2730,16000,1,pcm_u8,2730,0.17284512519836426
1778642391.0494902,355.0507769584656,2004,rx,2730,16000,1,pcm_u8,2730,0.17719340324401855
1778642391.2130082,355.2142949104309,2005,rx,2730,16000,1,pcm_u8,2730,0.16351795196533203
1778642391.3798687,355.38115549087524,2006,rx,2730,16000,1,pcm_u8,2730,0.16686058044433594
1778642391.5514858,355.55277252197266,2007,rx,2730,16000,1,pcm_u8,2730,0.1716170310974121
1778642391.7295182,355.73080492019653,2008,rx,2730,16000,1,pcm_u8,2730,0.17803239822387695
1778642391.8935697,355.8948564529419,2009,rx,2730,16000,1,pcm_u8,2730,0.16405153274536133
1778642392.08387,356.08515667915344,2010,rx,2730,16000,1,pcm_u8,2730,0.19030022621154785
1778642392.2346995,356.23598623275757,2011,rx,2730,16000,1,pcm_u8,2730,0.15082955360412598
1778642392.4063933,356.40768003463745,2012,rx,2730,16000,1,pcm_u8,2730,0.1716938018798828
1778642392.5756443,356.57693099975586,2013,rx,2730,16000,1,pcm_u8,2730,0.1692509651184082
1778642392.7496574,356.75094413757324,2014,rx,2730,16000,1,pcm_u8,2730,0.1740131378173828
1778642392.920077,356.9213638305664,2015,rx,2730,16000,1,pcm_u8,2730,0.17041969299316406
1778642393.0966063,357.09789299964905,2016,rx,2730,16000,1,pcm_u8,2730,0.1765291690826416
1778642393.2606466,357.2619333267212,2017,rx,2730,16000,1,pcm_u8,2730,0.16404032707214355
1778642393.4292028,357.4304895401001,2018,rx,2730,16000,1,pcm_u8,2730,0.16855621337890625
1778642393.601408,357.60269474983215,2019,rx,2730,16000,1,pcm_u8,2730,0.17220520973205566
1778642393.7737818,357.77506852149963,2020,rx,2730,16000,1,pcm_u8,2730,0.17237377166748047
1778642393.9366968,357.9379835128784,2021,rx,2730,16000,1,pcm_u8,2730,0.16291499137878418
1778642394.1103952,358.1116819381714,2022,rx,2730,16000,1,pcm_u8,2730,0.17369842529296875
1778642394.28316,358.2844467163086,2023,rx,2730,16000,1,pcm_u8,2730,0.17276477813720703
1778642394.4492214,358.4505081176758,2024,rx,2730,16000,1,pcm_u8,2730,0.1660614013671875
1778642394.6218047,358.6230914592743,2025,rx,2730,16000,1,pcm_u8,2730,0.17258334159851074
1778642394.790376,358.7916626930237,2026,rx,2730,16000,1,pcm_u8,2730,0.16857123374938965
1778642394.965014,358.9663007259369,2027,rx,2730,16000,1,pcm_u8,2730,0.174638032913208
1778642395.1312346,359.1325213909149,2028,rx,2730,16000,1,pcm_u8,2730,0.16622066497802734
1778642395.3058524,359.3071391582489,2029,rx,2730,16000,1,pcm_u8,2730,0.17461776733398438
1778642395.4735672,359.47485399246216,2030,rx,2730,16000,1,pcm_u8,2730,0.16771483421325684
1778642395.6473064,359.64859318733215,2031,rx,2730,16000,1,pcm_u8,2730,0.17373919486999512
1778642395.8254917,359.82677841186523,2032,rx,2730,16000,1,pcm_u8,2730,0.17818522453308105
1778642395.9853148,359.98660159111023,2033,rx,2730,16000,1,pcm_u8,2730,0.15982317924499512
1778642396.156845,360.15813183784485,2034,rx,2730,16000,1,pcm_u8,2730,0.17153024673461914
1778642396.3298178,360.33110451698303,2035,rx,2730,16000,1,pcm_u8,2730,0.1729726791381836
1778642396.4971845,360.4984712600708,2036,rx,2730,16000,1,pcm_u8,2730,0.16736674308776855
1778642396.671274,360.6725606918335,2037,rx,2730,16000,1,pcm_u8,2730,0.1740894317626953
1778642396.8420806,360.84336733818054,2038,rx,2730,16000,1,pcm_u8,2730,0.1708066463470459
1778642397.010591,361.01187777519226,2039,rx,2730,16000,1,pcm_u8,2730,0.16851043701171875
1778642397.1825893,361.18387603759766,2040,rx,2730,16000,1,pcm_u8,2730,0.1719982624053955
1778642397.3539972,361.3552839756012,2041,rx,2730,16000,1,pcm_u8,2730,0.17140793800354004
1778642397.5224159,361.52370262145996,2042,rx,2730,16000,1,pcm_u8,2730,0.16841864585876465
1778642397.692284,361.69357085227966,2043,rx,2730,16000,1,pcm_u8,2730,0.16986823081970215
1778642397.8626626,361.86394929885864,2044,rx,2730,16000,1,pcm_u8,2730,0.1703784465789795
1778642398.03458,362.0358667373657,2045,rx,2730,16000,1,pcm_u8,2730,0.17191743850708008
1778642398.2059572,362.20724391937256,2046,rx,2730,16000,1,pcm_u8,2730,0.17137718200683594
1778642398.377822,362.37910866737366,2047,rx,2730,16000,1,pcm_u8,2730,0.17186474800109863
1778642398.5509975,362.55228424072266,2048,rx,2730,16000,1,pcm_u8,2730,0.17317557334899902
1778642398.7234983,362.7247850894928,2049,rx,2730,16000,1,pcm_u8,2730,0.1725008487701416
1778642398.8923473,362.89363408088684,2050,rx,2730,16000,1,pcm_u8,2730,0.16884899139404297
1778642399.064309,363.06559562683105,2051,rx,2730,16000,1,pcm_u8,2730,0.17196154594421387
1778642399.2366912,363.2379779815674,2052,rx,2730,16000,1,pcm_u8,2730,0.17238235473632812
1778642399.4038126,363.40509939193726,2053,rx,2730,16000,1,pcm_u8,2730,0.16712141036987305
1778642399.5745482,363.57583498954773,2054,rx,2730,16000,1,pcm_u8,2730,0.17073559761047363
1778642399.7441826,363.74546933174133,2055,rx,2730,16000,1,pcm_u8,2730,0.16963434219360352
1778642399.919167,363.92045378685,2056,rx,2730,16000,1,pcm_u8,2730,0.17498445510864258
1778642400.0853577,364.08664441108704,2057,rx,2730,16000,1,pcm_u8,2730,0.16619062423706055
1778642400.2563345,364.25762128829956,2058,rx,2730,16000,1,pcm_u8,2730,0.17097687721252441
1778642400.4279742,364.429260969162,2059,rx,2730,16000,1,pcm_u8,2730,0.17163968086242676
1778642400.6006818,364.6019685268402,2060,rx,2730,16000,1,pcm_u8,2730,0.17270755767822266
1778642400.7691855,364.7704722881317,2061,rx,2730,16000,1,pcm_u8,2730,0.1685037612915039
1778642400.939908,364.94119477272034,2062,rx,2730,16000,1,pcm_u8,2730,0.17072248458862305
1778642401.1108978,365.11218452453613,2063,rx,2730,16000,1,pcm_u8,2730,0.1709897518157959
1778642401.280675,365.2819616794586,2064,rx,2730,16000,1,pcm_u8,2730,0.16977715492248535
1778642401.4515598,365.4528465270996,2065,rx,2730,16000,1,pcm_u8,2730,0.1708848476409912
1778642401.6220214,365.6233081817627,2066,rx,2730,16000,1,pcm_u8,2730,0.17046165466308594
1778642401.7943184,365.7956051826477,2067,rx,2730,16000,1,pcm_u8,2730,0.17229700088500977
1778642401.9641194,365.9654061794281,2068,rx,2730,16000,1,pcm_u8,2730,0.1698009967803955
1778642402.1371124,366.1383991241455,2069,rx,2730,16000,1,pcm_u8,2730,0.17299294471740723
1778642402.304519,366.305805683136,2070,rx,2730,16000,1,pcm_u8,2730,0.16740655899047852
1778642402.475973,366.4772596359253,2071,rx,2730,16000,1,pcm_u8,2730,0.17145395278930664
1778642402.6468573,366.6481440067291,2072,rx,2730,16000,1,pcm_u8,2730,0.170884370803833
1778642402.8220122,366.8232989311218,2073,rx,2730,16000,1,pcm_u8,2730,0.1751549243927002
1778642402.9870594,366.9883460998535,2074,rx,2730,16000,1,pcm_u8,2730,0.16504716873168945
1778642403.1584413,367.15972805023193,2075,rx,2730,16000,1,pcm_u8,2730,0.17138195037841797
1778642403.3243477,367.3256344795227,2076,rx,2730,16000,1,pcm_u8,2730,0.16590642929077148
1778642403.498403,367.4996898174286,2077,rx,2730,16000,1,pcm_u8,2730,0.1740553379058838
1778642403.667565,367.668851852417,2078,rx,2730,16000,1,pcm_u8,2730,0.16916203498840332
1778642403.8365169,367.8378036022186,2079,rx,2730,16000,1,pcm_u8,2730,0.16895174980163574
1778642404.0124307,368.0137174129486,2080,rx,2730,16000,1,pcm_u8,2730,0.17591381072998047
1778642404.1776319,368.1789186000824,2081,rx,2730,16000,1,pcm_u8,2730,0.16520118713378906
1778642404.3488472,368.350133895874,2082,rx,2730,16000,1,pcm_u8,2730,0.17121529579162598
1778642404.527276,368.52856278419495,2083,rx,2730,16000,1,pcm_u8,2730,0.17842888832092285
1778642404.6894395,368.6907262802124,2084,rx,2730,16000,1,pcm_u8,2730,0.16216349601745605
1778642404.8621912,368.86347794532776,2085,rx,2730,16000,1,pcm_u8,2730,0.17275166511535645
1778642405.0341754,369.035462141037,2086,rx,2730,16000,1,pcm_u8,2730,0.17198419570922852
1778642405.2016404,369.20292711257935,2087,rx,2730,16000,1,pcm_u8,2730,0.1674649715423584
1778642405.372573,369.37385964393616,2088,rx,2730,16000,1,pcm_u8,2730,0.17093253135681152
1778642405.5454957,369.5467824935913,2089,rx,2730,16000,1,pcm_u8,2730,0.17292284965515137
1778642405.7201197,369.72140645980835,2090,rx,2730,16000,1,pcm_u8,2730,0.17462396621704102
1778642405.8870442,369.8883309364319,2091,rx,2730,16000,1,pcm_u8,2730,0.16692447662353516
1778642406.0577612,370.0590479373932,2092,rx,2730,16000,1,pcm_u8,2730,0.1707170009613037
1778642406.2256162,370.22690296173096,2093,rx,2730,16000,1,pcm_u8,2730,0.16785502433776855
1778642406.3966315,370.3979182243347,2094,rx,2730,16000,1,pcm_u8,2730,0.17101526260375977
1778642406.5698512,370.57113790512085,2095,rx,2730,16000,1,pcm_u8,2730,0.1732196807861328
1778642406.7387218,370.7400085926056,2096,rx,2730,16000,1,pcm_u8,2730,0.1688706874847412
1778642406.9120283,370.9133150577545,2097,rx,2730,16000,1,pcm_u8,2730,0.17330646514892578
1778642407.082506,371.0837926864624,2098,rx,2730,16000,1,pcm_u8,2730,0.17047762870788574
1778642407.24963,371.25091671943665,2099,rx,2730,16000,1,pcm_u8,2730,0.16712403297424316
1778642407.4204605,371.4217472076416,2100,rx,2730,16000,1,pcm_u8,2730,0.17083048820495605
1778642407.5942972,371.59558391571045,2101,rx,2730,16000,1,pcm_u8,2730,0.17383670806884766
1778642407.764552,371.76583886146545,2102,rx,2730,16000,1,pcm_u8,2730,0.17025494575500488
1778642407.9330447,371.93433141708374,2103,rx,2730,16000,1,pcm_u8,2730,0.16849255561828613
1778642408.1114204,372.1127071380615,2104,rx,2730,16000,1,pcm_u8,2730,0.1783757209777832
1778642408.2823038,372.28359055519104,2105,rx,2730,16000,1,pcm_u8,2730,0.1708834171295166
1778642408.4490976,372.4503843784332,2106,rx,2730,16000,1,pcm_u8,2730,0.1667938232421875
1778642408.6209087,372.622195482254,2107,rx,2730,16000,1,pcm_u8,2730,0.17181110382080078
1778642408.7917666,372.7930533885956,2108,rx,2730,16000,1,pcm_u8,2730,0.17085790634155273
1778642408.9670334,372.9683201313019,2109,rx,2730,16000,1,pcm_u8,2730,0.17526674270629883
1778642409.1311562,373.1324429512024,2110,rx,2730,16000,1,pcm_u8,2730,0.1641228199005127
1778642409.3076873,373.30897402763367,2111,rx,2730,16000,1,pcm_u8,2730,0.17653107643127441
1778642409.4770758,373.4783625602722,2112,rx,2730,16000,1,pcm_u8,2730,0.1693885326385498
1778642409.646207,373.6474938392639,2113,rx,2730,16000,1,pcm_u8,2730,0.16913127899169922
1778642409.8220272,373.8233139514923,2114,rx,2730,16000,1,pcm_u8,2730,0.17582011222839355
1778642409.9874609,373.9887475967407,2115,rx,2730,16000,1,pcm_u8,2730,0.16543364524841309
1778642410.1542377,374.1555244922638,2116,rx,2730,16000,1,pcm_u8,2730,0.1667768955230713
1778642410.322119,374.32340574264526,2117,rx,2730,16000,1,pcm_u8,2730,0.16788125038146973
1778642410.4940565,374.495343208313,2118,rx,2730,16000,1,pcm_u8,2730,0.1719374656677246
1778642410.6698644,374.67115116119385,2119,rx,2730,16000,1,pcm_u8,2730,0.17580795288085938
1778642410.8366094,374.8378961086273,2120,rx,2730,16000,1,pcm_u8,2730,0.16674494743347168
1778642411.0050778,375.0063645839691,2121,rx,2730,16000,1,pcm_u8,2730,0.16846847534179688
1778642411.1786177,375.179904460907,2122,rx,2730,16000,1,pcm_u8,2730,0.1735398769378662
1778642411.3463838,375.34767055511475,2123,rx,2730,16000,1,pcm_u8,2730,0.16776609420776367
1778642411.5247476,375.5260343551636,2124,rx,2730,16000,1,pcm_u8,2730,0.17836380004882812
1778642411.6901555,375.69144225120544,2125,rx,2730,16000,1,pcm_u8,2730,0.16540789604187012
1778642411.8656538,375.86694049835205,2126,rx,2730,16000,1,pcm_u8,2730,0.17549824714660645
1778642412.0373406,376.03862738609314,2127,rx,2730,16000,1,pcm_u8,2730,0.17168688774108887
1778642412.2026472,376.2039339542389,2128,rx,2730,16000,1,pcm_u8,2730,0.16530656814575195
1778642412.372263,376.3735496997833,2129,rx,2730,16000,1,pcm_u8,2730,0.1696157455444336
1778642412.541351,376.5426378250122,2130,rx,2730,16000,1,pcm_u8,2730,0.16908812522888184
1778642412.713744,376.715030670166,2131,rx,2730,16000,1,pcm_u8,2730,0.1723928451538086
1778642412.8833363,376.8846230506897,2132,rx,2730,16000,1,pcm_u8,2730,0.16959238052368164
1778642413.0556905,377.0569772720337,2133,rx,2730,16000,1,pcm_u8,2730,0.17235422134399414
1778642413.2265627,377.22784948349,2134,rx,2730,16000,1,pcm_u8,2730,0.17087221145629883
1778642413.4005594,377.4018461704254,2135,rx,2730,16000,1,pcm_u8,2730,0.1739966869354248
1778642413.5682442,377.5695309638977,2136,rx,2730,16000,1,pcm_u8,2730,0.16768479347229004
1778642413.7382689,377.7395555973053,2137,rx,2730,16000,1,pcm_u8,2730,0.17002463340759277
1778642413.910313,377.9115996360779,2138,rx,2730,16000,1,pcm_u8,2730,0.172044038772583
1778642414.0778773,378.0791640281677,2139,rx,2730,16000,1,pcm_u8,2730,0.16756439208984375
1778642414.2504103,378.25169706344604,2140,rx,2730,16000,1,pcm_u8,2730,0.1725330352783203
1778642414.4646957,378.4659824371338,2141,rx,2730,16000,1,pcm_u8,2730,0.21428537368774414
1778642414.5957677,378.59705448150635,2142,rx,2730,16000,1,pcm_u8,2730,0.1310720443725586
1778642414.7868886,378.78817534446716,2143,rx,2730,16000,1,pcm_u8,2730,0.19112086296081543
1778642414.9838185,378.9851052761078,2144,rx,2730,16000,1,pcm_u8,2730,0.196929931640625
1778642415.1066494,379.1079361438751,2145,rx,2730,16000,1,pcm_u8,2730,0.12283086776733398
1778642415.2766085,379.27789521217346,2146,rx,2730,16000,1,pcm_u8,2730,0.16995906829833984
1778642415.4463892,379.44767594337463,2147,rx,2730,16000,1,pcm_u8,2730,0.16978073120117188
1778642415.6168225,379.6181092262268,2148,rx,2730,16000,1,pcm_u8,2730,0.17043328285217285
1778642415.7868798,379.78816652297974,2149,rx,2730,16000,1,pcm_u8,2730,0.1700572967529297
1778642415.9581327,379.95941948890686,2150,rx,2730,16000,1,pcm_u8,2730,0.17125296592712402
1778642416.1317313,380.1330180168152,2151,rx,2730,16000,1,pcm_u8,2730,0.1735985279083252
1778642416.2979267,380.2992134094238,2152,rx,2730,16000,1,pcm_u8,2730,0.16619539260864258
1778642416.4721124,380.4733991622925,2153,rx,2730,16000,1,pcm_u8,2730,0.17418575286865234
1778642416.6405873,380.6418740749359,2154,rx,2730,16000,1,pcm_u8,2730,0.16847491264343262
1778642416.8101041,380.81139087677,2155,rx,2730,16000,1,pcm_u8,2730,0.16951680183410645
1778642416.9791172,380.9804039001465,2156,rx,2730,16000,1,pcm_u8,2730,0.16901302337646484
1778642417.1533523,381.154639005661,2157,rx,2730,16000,1,pcm_u8,2730,0.17423510551452637
1778642417.3219752,381.32326197624207,2158,rx,2730,16000,1,pcm_u8,2730,0.1686229705810547
1778642417.4897325,381.4910192489624,2159,rx,2730,16000,1,pcm_u8,2730,0.16775727272033691
1778642417.6645312,381.6658179759979,2160,rx,2730,16000,1,pcm_u8,2730,0.17479872703552246
1778642417.834162,381.83544874191284,2161,rx,2730,16000,1,pcm_u8,2730,0.169630765914917
1778642418.0068378,382.00812458992004,2162,rx,2730,16000,1,pcm_u8,2730,0.17267584800720215
1778642418.172915,382.17420172691345,2163,rx,2730,16000,1,pcm_u8,2730,0.1660771369934082
1778642418.3459194,382.34720611572266,2164,rx,2730,16000,1,pcm_u8,2730,0.1730043888092041
1778642418.5147042,382.5159909725189,2165,rx,2730,16000,1,pcm_u8,2730,0.16878485679626465
1778642418.6847293,382.6860160827637,2166,rx,2730,16000,1,pcm_u8,2730,0.17002511024475098
1778642418.8585064,382.85979318618774,2167,rx,2730,16000,1,pcm_u8,2730,0.17377710342407227
1778642419.026494,383.0277807712555,2168,rx,2730,16000,1,pcm_u8,2730,0.16798758506774902
1778642419.2133963,383.2146830558777,2169,rx,2730,16000,1,pcm_u8,2730,0.18690228462219238
1778642419.370008,383.3712947368622,2170,rx,2730,16000,1,pcm_u8,2730,0.15661168098449707
1778642419.5391295,383.54041624069214,2171,rx,2730,16000,1,pcm_u8,2730,0.16912150382995605
1778642419.7107804,383.7120671272278,2172,rx,2730,16000,1,pcm_u8,2730,0.17165088653564453
1778642419.8832946,383.88458132743835,2173,rx,2730,16000,1,pcm_u8,2730,0.1725142002105713
1778642420.0518951,384.053181886673,2174,rx,2730,16000,1,pcm_u8,2730,0.16860055923461914
1778642420.2367008,384.23798751831055,2175,rx,2730,16000,1,pcm_u8,2730,0.18480563163757324
1778642420.3944142,384.3957009315491,2176,rx,2730,16000,1,pcm_u8,2730,0.1577134132385254
1778642420.5709915,384.5722782611847,2177,rx,2730,16000,1,pcm_u8,2730,0.17657732963562012
1778642420.7410104,384.7422971725464,2178,rx,2730,16000,1,pcm_u8,2730,0.17001891136169434
1778642420.9121196,384.9134063720703,2179,rx,2730,16000,1,pcm_u8,2730,0.17110919952392578
1778642421.0797632,385.0810499191284,2180,rx,2730,16000,1,pcm_u8,2730,0.16764354705810547
1778642421.2486923,385.24997901916504,2181,rx,2730,16000,1,pcm_u8,2730,0.1689291000366211
1778642421.4200773,385.421364068985,2182,rx,2730,16000,1,pcm_u8,2730,0.1713850498199463
1778642421.589338,385.59062480926514,2183,rx,2730,16000,1,pcm_u8,2730,0.16926074028015137
1778642421.7610645,385.76235127449036,2184,rx,2730,16000,1,pcm_u8,2730,0.17172646522521973
1778642421.9302871,385.93157386779785,2185,rx,2730,16000,1,pcm_u8,2730,0.16922259330749512
1778642422.0989153,386.10020208358765,2186,rx,2730,16000,1,pcm_u8,2730,0.16862821578979492
1778642422.2832081,386.2844948768616,2187,rx,2730,16000,1,pcm_u8,2730,0.18429279327392578
1778642422.4423525,386.44363927841187,2188,rx,2730,16000,1,pcm_u8,2730,0.15914440155029297
1778642422.612082,386.61336874961853,2189,rx,2730,16000,1,pcm_u8,2730,0.16972947120666504
1778642422.78292,386.78420662879944,2190,rx,2730,16000,1,pcm_u8,2730,0.1708378791809082
1778642422.954598,386.9558846950531,2191,rx,2730,16000,1,pcm_u8,2730,0.1716780662536621
1778642423.125514,387.12680077552795,2192,rx,2730,16000,1,pcm_u8,2730,0.17091608047485352
1778642423.2973864,387.2986731529236,2193,rx,2730,16000,1,pcm_u8,2730,0.17187237739562988
1778642423.4682224,387.46950912475586,2194,rx,2730,16000,1,pcm_u8,2730,0.1708359718322754
1778642423.6346164,387.6359031200409,2195,rx,2730,16000,1,pcm_u8,2730,0.16639399528503418
1778642423.813678,387.81496477127075,2196,rx,2730,16000,1,pcm_u8,2730,0.1790616512298584
1778642423.9779904,387.97927713394165,2197,rx,2730,16000,1,pcm_u8,2730,0.16431236267089844
1778642424.1504304,388.1517171859741,2198,rx,2730,16000,1,pcm_u8,2730,0.1724400520324707
1778642424.3251963,388.3264830112457,2199,rx,2730,16000,1,pcm_u8,2730,0.17476582527160645
1778642424.4905655,388.4918522834778,2200,rx,2730,16000,1,pcm_u8,2730,0.16536927223205566
1778642424.6613646,388.6626513004303,2201,rx,2730,16000,1,pcm_u8,2730,0.17079901695251465
1778642424.8298059,388.8310925960541,2202,rx,2730,16000,1,pcm_u8,2730,0.1684412956237793
1778642425.0023973,389.0036840438843,2203,rx,2730,16000,1,pcm_u8,2730,0.1725914478302002
1778642425.1707695,389.1720561981201,2204,rx,2730,16000,1,pcm_u8,2730,0.16837215423583984
1778642425.345474,389.3467607498169,2205,rx,2730,16000,1,pcm_u8,2730,0.17470455169677734
1778642425.5139928,389.5152795314789,2206,rx,2730,16000,1,pcm_u8,2730,0.1685187816619873
1778642425.683181,389.684467792511,2207,rx,2730,16000,1,pcm_u8,2730,0.1691882610321045
1778642425.8610914,389.86237812042236,2208,rx,2730,16000,1,pcm_u8,2730,0.17791032791137695
1778642426.026408,390.02769470214844,2209,rx,2730,16000,1,pcm_u8,2730,0.16531658172607422
1778642426.198254,390.19954085350037,2210,rx,2730,16000,1,pcm_u8,2730,0.1718461513519287
1778642426.376227,390.37751364707947,2211,rx,2730,16000,1,pcm_u8,2730,0.17797279357910156
1778642426.541815,390.54310178756714,2212,rx,2730,16000,1,pcm_u8,2730,0.1655881404876709
1778642426.713494,390.7147808074951,2213,rx,2730,16000,1,pcm_u8,2730,0.17167901992797852
1778642426.889543,390.89082980155945,2214,rx,2730,16000,1,pcm_u8,2730,0.17604899406433105
1778642427.0533628,391.0546495914459,2215,rx,2730,16000,1,pcm_u8,2730,0.1638197898864746
1778642427.226298,391.2275848388672,2216,rx,2730,16000,1,pcm_u8,2730,0.17293524742126465
1778642427.396546,391.3978326320648,2217,rx,2730,16000,1,pcm_u8,2730,0.17024779319763184
1778642427.5620728,391.56335949897766,2218,rx,2730,16000,1,pcm_u8,2730,0.1655268669128418
1778642427.7308736,391.7321603298187,2219,rx,2730,16000,1,pcm_u8,2730,0.16880083084106445
1778642427.9066627,391.90794944763184,2220,rx,2730,16000,1,pcm_u8,2730,0.17578911781311035
1778642428.0742595,392.07554626464844,2221,rx,2730,16000,1,pcm_u8,2730,0.16759681701660156
1778642428.2434886,392.24477529525757,2222,rx,2730,16000,1,pcm_u8,2730,0.16922903060913086
1778642428.4168153,392.4181020259857,2223,rx,2730,16000,1,pcm_u8,2730,0.17332673072814941
1778642428.5863357,392.5876224040985,2224,rx,2730,16000,1,pcm_u8,2730,0.16952037811279297
1778642428.7581704,392.75945711135864,2225,rx,2730,16000,1,pcm_u8,2730,0.17183470726013184
1778642428.9269643,392.9282510280609,2226,rx,2730,16000,1,pcm_u8,2730,0.1687939167022705
1778642429.0984473,393.09973406791687,2227,rx,2730,16000,1,pcm_u8,2730,0.17148303985595703
1778642429.2674801,393.2687668800354,2228,rx,2730,16000,1,pcm_u8,2730,0.16903281211853027
1778642429.4420846,393.44337129592896,2229,rx,2730,16000,1,pcm_u8,2730,0.1746044158935547
1778642429.6104238,393.6117105484009,2230,rx,2730,16000,1,pcm_u8,2730,0.16833925247192383
1778642429.7792814,393.78056812286377,2231,rx,2730,16000,1,pcm_u8,2730,0.16885757446289062
1778642429.9586613,393.95994806289673,2232,rx,2730,16000,1,pcm_u8,2730,0.17937994003295898
1778642430.1222575,394.123544216156,2233,rx,2730,16000,1,pcm_u8,2730,0.16359615325927734
1778642430.2924337,394.2937204837799,2234,rx,2730,16000,1,pcm_u8,2730,0.17017626762390137
1778642430.4676135,394.46890020370483,2235,rx,2730,16000,1,pcm_u8,2730,0.17517971992492676
1778642430.6345987,394.63588547706604,2236,rx,2730,16000,1,pcm_u8,2730,0.16698527336120605
1778642430.8128273,394.8141140937805,2237,rx,2730,16000,1,pcm_u8,2730,0.17822861671447754
1778642430.9774325,394.97871923446655,2238,rx,2730,16000,1,pcm_u8,2730,0.16460514068603516
1778642431.1462293,395.1475160121918,2239,rx,2730,16000,1,pcm_u8,2730,0.16879677772521973
1778642431.3152337,395.3165204524994,2240,rx,2730,16000,1,pcm_u8,2730,0.1690044403076172
1778642431.4896135,395.49090027809143,2241,rx,2730,16000,1,pcm_u8,2730,0.17437982559204102
1778642431.6618304,395.66311717033386,2242,rx,2730,16000,1,pcm_u8,2730,0.17221689224243164
1778642431.8265402,395.8278269767761,2243,rx,2730,16000,1,pcm_u8,2730,0.16470980644226074
1778642432.0106018,396.0118885040283,2244,rx,2730,16000,1,pcm_u8,2730,0.18406152725219727
1778642432.1741884,396.17547512054443,2245,rx,2730,16000,1,pcm_u8,2730,0.16358661651611328
1778642432.3392859,396.3405725955963,2246,rx,2730,16000,1,pcm_u8,2730,0.16509747505187988
1778642432.515438,396.5167248249054,2247,rx,2730,16000,1,pcm_u8,2730,0.17615222930908203
1778642432.6831222,396.68440890312195,2248,rx,2730,16000,1,pcm_u8,2730,0.16768407821655273
1778642432.8539867,396.8552734851837,2249,rx,2730,16000,1,pcm_u8,2730,0.17086458206176758
1778642433.0250654,397.0263521671295,2250,rx,2730,16000,1,pcm_u8,2730,0.17107868194580078
1778642433.194556,397.1958427429199,2251,rx,2730,16000,1,pcm_u8,2730,0.16949057579040527
1778642433.364609,397.3658957481384,2252,rx,2730,16000,1,pcm_u8,2730,0.17005300521850586
1778642433.5370264,397.5383131504059,2253,rx,2730,16000,1,pcm_u8,2730,0.17241740226745605
1778642433.711589,397.7128758430481,2254,rx,2730,16000,1,pcm_u8,2730,0.17456269264221191
1778642433.8765867,397.87787342071533,2255,rx,2730,16000,1,pcm_u8,2730,0.16499757766723633
1778642434.0472379,398.0485246181488,2256,rx,2730,16000,1,pcm_u8,2730,0.17065119743347168
1778642434.2183511,398.2196378707886,2257,rx,2730,16000,1,pcm_u8,2730,0.1711132526397705
1778642434.390592,398.3918788433075,2258,rx,2730,16000,1,pcm_u8,2730,0.1722409725189209
1778642434.5587912,398.5600779056549,2259,rx,2730,16000,1,pcm_u8,2730,0.1681990623474121
1778642434.729824,398.7311108112335,2260,rx,2730,16000,1,pcm_u8,2730,0.17103290557861328
1778642434.8999681,398.90125489234924,2261,rx,2730,16000,1,pcm_u8,2730,0.17014408111572266
1778642435.070157,399.07144379615784,2262,rx,2730,16000,1,pcm_u8,2730,0.17018890380859375
1778642435.2432268,399.2445135116577,2263,rx,2730,16000,1,pcm_u8,2730,0.17306971549987793
1778642435.414548,399.41583466529846,2264,rx,2730,16000,1,pcm_u8,2730,0.17132115364074707
1778642435.5814936,399.58278036117554,2265,rx,2730,16000,1,pcm_u8,2730,0.1669456958770752
1778642435.7584114,399.7596981525421,2266,rx,2730,16000,1,pcm_u8,2730,0.17691779136657715
1778642435.9237082,399.9249949455261,2267,rx,2730,16000,1,pcm_u8,2730,0.1652967929840088
1778642436.0973816,400.0986683368683,2268,rx,2730,16000,1,pcm_u8,2730,0.17367339134216309
1778642436.2659883,400.26727509498596,2269,rx,2730,16000,1,pcm_u8,2730,0.16860675811767578
1778642436.4373,400.43858671188354,2270,rx,2730,16000,1,pcm_u8,2730,0.171311616897583
1778642436.6083503,400.60963702201843,2271,rx,2730,16000,1,pcm_u8,2730,0.1710503101348877
1778642436.778552,400.7798388004303,2272,rx,2730,16000,1,pcm_u8,2730,0.17020177841186523
1778642436.9482043,400.94949102401733,2273,rx,2730,16000,1,pcm_u8,2730,0.16965222358703613
1778642437.120577,401.1218638420105,2274,rx,2730,16000,1,pcm_u8,2730,0.17237281799316406
1778642437.290764,401.29205083847046,2275,rx,2730,16000,1,pcm_u8,2730,0.17018699645996094
1778642437.460314,401.46160078048706,2276,rx,2730,16000,1,pcm_u8,2730,0.16954994201660156
1778642437.6405294,401.6418161392212,2277,rx,2730,16000,1,pcm_u8,2730,0.18021535873413086
1778642437.8060584,401.80734515190125,2278,rx,2730,16000,1,pcm_u8,2730,0.1655290126800537
1778642437.9760373,401.97732400894165,2279,rx,2730,16000,1,pcm_u8,2730,0.16997885704040527
1778642438.1471808,402.14846754074097,2280,rx,2730,16000,1,pcm_u8,2730,0.1711435317993164
1778642438.3169765,402.3182632923126,2281,rx,2730,16000,1,pcm_u8,2730,0.16979575157165527
1778642438.4892974,402.49058413505554,2282,rx,2730,16000,1,pcm_u8,2730,0.17232084274291992
1778642438.6605814,402.66186809539795,2283,rx,2730,16000,1,pcm_u8,2730,0.17128396034240723
1778642438.8298342,402.831120967865,2284,rx,2730,16000,1,pcm_u8,2730,0.16925287246704102
1778642439.0087566,403.01004338264465,2285,rx,2730,16000,1,pcm_u8,2730,0.17892241477966309
1778642439.171353,403.17263984680176,2286,rx,2730,16000,1,pcm_u8,2730,0.1625964641571045
1778642439.3410635,403.3423502445221,2287,rx,2730,16000,1,pcm_u8,2730,0.16971039772033691
1778642439.5115433,403.5128300189972,2288,rx,2730,16000,1,pcm_u8,2730,0.17047977447509766
1778642439.6826575,403.6839442253113,2289,rx,2730,16000,1,pcm_u8,2730,0.17111420631408691
1778642439.8525786,403.85386538505554,2290,rx,2730,16000,1,pcm_u8,2730,0.1699211597442627
1778642440.0243828,404.02566957473755,2291,rx,2730,16000,1,pcm_u8,2730,0.17180418968200684
1778642440.1950488,404.1963355541229,2292,rx,2730,16000,1,pcm_u8,2730,0.17066597938537598
1778642440.3659394,404.3672261238098,2293,rx,2730,16000,1,pcm_u8,2730,0.17089056968688965
1778642440.5375524,404.5388391017914,2294,rx,2730,16000,1,pcm_u8,2730,0.17161297798156738
1778642440.708311,404.709597826004,2295,rx,2730,16000,1,pcm_u8,2730,0.17075872421264648
1778642440.876111,404.87739777565,2296,rx,2730,16000,1,pcm_u8,2730,0.1677999496459961
1778642441.050217,405.0515036582947,2297,rx,2730,16000,1,pcm_u8,2730,0.17410588264465332
1778642441.2183094,405.21959614753723,2298,rx,2730,16000,1,pcm_u8,2730,0.1680924892425537
1778642441.3895588,405.39084553718567,2299,rx,2730,16000,1,pcm_u8,2730,0.1712493896484375
1778642441.5634816,405.5647683143616,2300,rx,2730,16000,1,pcm_u8,2730,0.17392277717590332
1778642441.73757,405.73885679244995,2301,rx,2730,16000,1,pcm_u8,2730,0.1740884780883789
1778642441.9038074,405.9050941467285,2302,rx,2730,16000,1,pcm_u8,2730,0.16623735427856445
1778642442.0722332,406.07351994514465,2303,rx,2730,16000,1,pcm_u8,2730,0.1684257984161377
1778642442.2448802,406.2461669445038,2304,rx,2730,16000,1,pcm_u8,2730,0.17264699935913086
1778642442.4125664,406.41385316848755,2305,rx,2730,16000,1,pcm_u8,2730,0.16768622398376465
1778642442.5828557,406.58414244651794,2306,rx,2730,16000,1,pcm_u8,2730,0.1702892780303955
1778642442.7605429,406.7618296146393,2307,rx,2730,16000,1,pcm_u8,2730,0.1776871681213379
1778642442.9250662,406.9263529777527,2308,rx,2730,16000,1,pcm_u8,2730,0.16452336311340332
1778642443.0924113,407.09369802474976,2309,rx,2730,16000,1,pcm_u8,2730,0.1673450469970703
1778642443.262347,407.26363372802734,2310,rx,2730,16000,1,pcm_u8,2730,0.1699357032775879
1778642443.4345891,407.43587589263916,2311,rx,2730,16000,1,pcm_u8,2730,0.1722421646118164
1778642443.6072528,407.6085395812988,2312,rx,2730,16000,1,pcm_u8,2730,0.17266368865966797
1778642443.7759893,407.77727603912354,2313,rx,2730,16000,1,pcm_u8,2730,0.16873645782470703
1778642443.9463212,407.9476079940796,2314,rx,2730,16000,1,pcm_u8,2730,0.1703319549560547
1778642444.1160824,408.1173691749573,2315,rx,2730,16000,1,pcm_u8,2730,0.16976118087768555
1778642444.2874956,408.28878235816956,2316,rx,2730,16000,1,pcm_u8,2730,0.17141318321228027
1778642444.4601789,408.4614655971527,2317,rx,2730,16000,1,pcm_u8,2730,0.1726832389831543
1778642444.628573,408.6298596858978,2318,rx,2730,16000,1,pcm_u8,2730,0.1683940887451172
1778642444.799491,408.8007776737213,2319,rx,2730,16000,1,pcm_u8,2730,0.17091798782348633
1778642444.9707003,408.97198700904846,2320,rx,2730,16000,1,pcm_u8,2730,0.17120933532714844
1778642445.1407752,409.14206194877625,2321,rx,2730,16000,1,pcm_u8,2730,0.1700749397277832
1778642445.3114984,409.3127851486206,2322,rx,2730,16000,1,pcm_u8,2730,0.17072319984436035
1778642445.4824824,409.4837691783905,2323,rx,2730,16000,1,pcm_u8,2730,0.17098402976989746
1778642445.655513,409.6567997932434,2324,rx,2730,16000,1,pcm_u8,2730,0.17303061485290527
1778642445.823716,409.8250026702881,2325,rx,2730,16000,1,pcm_u8,2730,0.16820287704467773
1778642445.9969227,409.99820947647095,2326,rx,2730,16000,1,pcm_u8,2730,0.17320680618286133
1778642446.1641095,410.1653962135315,2327,rx,2730,16000,1,pcm_u8,2730,0.16718673706054688
1778642446.3384478,410.33973455429077,2328,rx,2730,16000,1,pcm_u8,2730,0.17433834075927734
1778642446.5129986,410.514285326004,2329,rx,2730,16000,1,pcm_u8,2730,0.17455077171325684
1778642446.6761682,410.6774549484253,2330,rx,2730,16000,1,pcm_u8,2730,0.16316962242126465
1778642446.849067,410.85035371780396,2331,rx,2730,16000,1,pcm_u8,2730,0.1728987693786621
1778642447.0186906,411.0199773311615,2332,rx,2730,16000,1,pcm_u8,2730,0.16962361335754395
1778642447.188205,411.1894917488098,2333,rx,2730,16000,1,pcm_u8,2730,0.16951441764831543
1778642447.359309,411.360595703125,2334,rx,2730,16000,1,pcm_u8,2730,0.17110395431518555
1778642447.5308785,411.53216528892517,2335,rx,2730,16000,1,pcm_u8,2730,0.1715695858001709
1778642447.7091103,411.7103970050812,2336,rx,2730,16000,1,pcm_u8,2730,0.17823171615600586
1778642447.8745663,411.875853061676,2337,rx,2730,16000,1,pcm_u8,2730,0.16545605659484863
1778642448.0469584,412.0482451915741,2338,rx,2730,16000,1,pcm_u8,2730,0.1723921298980713
1778642448.218043,412.2193298339844,2339,rx,2730,16000,1,pcm_u8,2730,0.17108464241027832
1778642448.3829362,412.38422298431396,2340,rx,2730,16000,1,pcm_u8,2730,0.16489315032958984
1778642448.557045,412.55833172798157,2341,rx,2730,16000,1,pcm_u8,2730,0.17410874366760254
1778642448.7247052,412.7259919643402,2342,rx,2730,16000,1,pcm_u8,2730,0.16766023635864258
1778642448.899765,412.90105175971985,2343,rx,2730,16000,1,pcm_u8,2730,0.17505979537963867
1778642449.0673823,413.06866908073425,2344,rx,2730,16000,1,pcm_u8,2730,0.1676173210144043
1778642449.2365255,413.2378122806549,2345,rx,2730,16000,1,pcm_u8,2730,0.1691431999206543
1778642449.4073408,413.4086275100708,2346,rx,2730,16000,1,pcm_u8,2730,0.17081522941589355
1778642449.5787768,413.5800635814667,2347,rx,2730,16000,1,pcm_u8,2730,0.17143607139587402
1778642449.7492836,413.7505702972412,2348,rx,2730,16000,1,pcm_u8,2730,0.17050671577453613
1778642449.9224007,413.92368745803833,2349,rx,2730,16000,1,pcm_u8,2730,0.17311716079711914
1778642450.0906591,414.09194588661194,2350,rx,2730,16000,1,pcm_u8,2730,0.1682584285736084
1778642450.261586,414.26287269592285,2351,rx,2730,16000,1,pcm_u8,2730,0.17092680931091309
1778642450.43094,414.43222665786743,2352,rx,2730,16000,1,pcm_u8,2730,0.16935396194458008
1778642450.607518,414.6088047027588,2353,rx,2730,16000,1,pcm_u8,2730,0.17657804489135742
1778642450.772664,414.7739508152008,2354,rx,2730,16000,1,pcm_u8,2730,0.1651461124420166
1778642450.9469469,414.94823360443115,2355,rx,2730,16000,1,pcm_u8,2730,0.17428278923034668
1778642451.1148593,415.1161460876465,2356,rx,2730,16000,1,pcm_u8,2730,0.16791248321533203
1778642451.2848232,415.2861099243164,2357,rx,2730,16000,1,pcm_u8,2730,0.16996383666992188
1778642451.4569185,415.4582052230835,2358,rx,2730,16000,1,pcm_u8,2730,0.17209529876708984
1778642451.6267998,415.62808656692505,2359,rx,2730,16000,1,pcm_u8,2730,0.16988134384155273
1778642451.7970693,415.7983560562134,2360,rx,2730,16000,1,pcm_u8,2730,0.17026948928833008
1778642451.967868,415.9691548347473,2361,rx,2730,16000,1,pcm_u8,2730,0.17079877853393555
1778642452.138505,416.13979172706604,2362,rx,2730,16000,1,pcm_u8,2730,0.17063689231872559
1778642452.3085241,416.3098108768463,2363,rx,2730,16000,1,pcm_u8,2730,0.17001914978027344
1778642452.482389,416.4836757183075,2364,rx,2730,16000,1,pcm_u8,2730,0.17386484146118164
1778642452.651305,416.65259170532227,2365,rx,2730,16000,1,pcm_u8,2730,0.1689159870147705
1778642452.820696,416.8219828605652,2366,rx,2730,16000,1,pcm_u8,2730,0.16939115524291992
1778642452.993479,416.9947657585144,2367,rx,2730,16000,1,pcm_u8,2730,0.17278289794921875
1778642453.1625073,417.16379404067993,2368,rx,2730,16000,1,pcm_u8,2730,0.16902828216552734
1778642453.3395483,417.3408350944519,2369,rx,2730,16000,1,pcm_u8,2730,0.17704105377197266
1778642453.5084333,417.5097200870514,2370,rx,2730,16000,1,pcm_u8,2730,0.1688849925994873
1778642453.6769931,417.678279876709,2371,rx,2730,16000,1,pcm_u8,2730,0.16855978965759277
1778642453.8506563,417.85194301605225,2372,rx,2730,16000,1,pcm_u8,2730,0.17366313934326172
1778642454.0155933,418.0168800354004,2373,rx,2730,16000,1,pcm_u8,2730,0.16493701934814453
1778642454.1865819,418.1878685951233,2374,rx,2730,16000,1,pcm_u8,2730,0.1709885597229004
1778642454.3571088,418.35839557647705,2375,rx,2730,16000,1,pcm_u8,2730,0.17052698135375977
1778642454.5273013,418.52858805656433,2376,rx,2730,16000,1,pcm_u8,2730,0.17019248008728027
1778642454.7087698,418.7100565433502,2377,rx,2730,16000,1,pcm_u8,2730,0.18146848678588867
1778642454.8685515,418.86983823776245,2378,rx,2730,16000,1,pcm_u8,2730,0.15978169441223145
1778642455.041938,419.04322481155396,2379,rx,2730,16000,1,pcm_u8,2730,0.1733865737915039
1778642455.2149975,419.21628427505493,2380,rx,2730,16000,1,pcm_u8,2730,0.17305946350097656
1778642455.3808405,419.38212728500366,2381,rx,2730,16000,1,pcm_u8,2730,0.16584300994873047
1778642455.5561678,419.55745458602905,2382,rx,2730,16000,1,pcm_u8,2730,0.17532730102539062
1778642455.7229433,419.72423005104065,2383,rx,2730,16000,1,pcm_u8,2730,0.16677546501159668
1778642455.8941183,419.8954050540924,2384,rx,2730,16000,1,pcm_u8,2730,0.1711750030517578
1778642456.0635011,420.06478786468506,2385,rx,2730,16000,1,pcm_u8,2730,0.16938281059265137
1778642456.2347083,420.235995054245,2386,rx,2730,16000,1,pcm_u8,2730,0.17120718955993652
1778642456.4079492,420.40923595428467,2387,rx,2730,16000,1,pcm_u8,2730,0.17324090003967285
1778642456.575723,420.57700967788696,2388,rx,2730,16000,1,pcm_u8,2730,0.16777372360229492
1778642456.74849,420.74977684020996,2389,rx,2730,16000,1,pcm_u8,2730,0.17276716232299805
1778642456.9172716,420.9185583591461,2390,rx,2730,16000,1,pcm_u8,2730,0.16878151893615723
1778642457.089407,421.0906937122345,2391,rx,2730,16000,1,pcm_u8,2730,0.1721353530883789
1778642457.2586112,421.2598979473114,2392,rx,2730,16000,1,pcm_u8,2730,0.1692042350769043
1778642457.4309022,421.43218898773193,2393,rx,2730,16000,1,pcm_u8,2730,0.17229104042053223
1778642457.6137416,421.61502838134766,2394,rx,2730,16000,1,pcm_u8,2730,0.18283939361572266
1778642457.7706158,421.77190256118774,2395,rx,2730,16000,1,pcm_u8,2730,0.1568741798400879
1778642457.9408188,421.9421055316925,2396,rx,2730,16000,1,pcm_u8,2730,0.17020297050476074
1778642458.115776,422.11706280708313,2397,rx,2730,16000,1,pcm_u8,2730,0.174957275390625
1778642458.2830906,422.2843773365021,2398,rx,2730,16000,1,pcm_u8,2730,0.1673145294189453
1778642458.456374,422.4576606750488,2399,rx,2730,16000,1,pcm_u8,2730,0.17328333854675293
1778642458.6322086,422.63349533081055,2400,rx,2730,16000,1,pcm_u8,2730,0.17583465576171875
1778642458.7958558,422.79714250564575,2401,rx,2730,16000,1,pcm_u8,2730,0.16364717483520508
1778642458.9695702,422.9708569049835,2402,rx,2730,16000,1,pcm_u8,2730,0.17371439933776855
1778642459.142443,423.14372968673706,2403,rx,2730,16000,1,pcm_u8,2730,0.17287278175354004
1778642459.3114314,423.3127181529999,2404,rx,2730,16000,1,pcm_u8,2730,0.16898846626281738
1778642459.4803135,423.4816002845764,2405,rx,2730,16000,1,pcm_u8,2730,0.16888213157653809
1778642459.6593773,423.6606640815735,2406,rx,2730,16000,1,pcm_u8,2730,0.1790637969970703
1778642459.821265,423.8225517272949,2407,rx,2730,16000,1,pcm_u8,2730,0.16188764572143555
1778642459.9930112,423.9942979812622,2408,rx,2730,16000,1,pcm_u8,2730,0.17174625396728516
1778642460.164938,424.1662247180939,2409,rx,2730,16000,1,pcm_u8,2730,0.17192673683166504
1778642460.3345,424.335786819458,2410,rx,2730,16000,1,pcm_u8,2730,0.16956210136413574
1778642460.5051668,424.5064535140991,2411,rx,2730,16000,1,pcm_u8,2730,0.17066669464111328
1778642460.6715875,424.672874212265,2412,rx,2730,16000,1,pcm_u8,2730,0.16642069816589355
1778642460.8438318,424.84511852264404,2413,rx,2730,16000,1,pcm_u8,2730,0.17224431037902832
1778642461.012382,425.0136687755585,2414,rx,2730,16000,1,pcm_u8,2730,0.1685502529144287
1778642461.1842532,425.1855399608612,2415,rx,2730,16000,1,pcm_u8,2730,0.17187118530273438
1778642461.3566525,425.35793924331665,2416,rx,2730,16000,1,pcm_u8,2730,0.17239928245544434
1778642461.5255127,425.5267994403839,2417,rx,2730,16000,1,pcm_u8,2730,0.16886019706726074
1778642461.707341,425.70862770080566,2418,rx,2730,16000,1,pcm_u8,2730,0.18182826042175293
1778642461.869698,425.87098479270935,2419,rx,2730,16000,1,pcm_u8,2730,0.16235709190368652
1778642462.0365717,426.03785848617554,2420,rx,2730,16000,1,pcm_u8,2730,0.16687369346618652
1778642462.2091959,426.2104825973511,2421,rx,2730,16000,1,pcm_u8,2730,0.1726241111755371
1778642462.3830378,426.38432455062866,2422,rx,2730,16000,1,pcm_u8,2730,0.1738419532775879
1778642462.5549595,426.55624628067017,2423,rx,2730,16000,1,pcm_u8,2730,0.1719217300415039
1778642462.72108,426.72236680984497,2424,rx,2730,16000,1,pcm_u8,2730,0.1661205291748047
1778642462.8914468,426.8927335739136,2425,rx,2730,16000,1,pcm_u8,2730,0.17036676406860352
1778642463.0609622,427.0622489452362,2426,rx,2730,16000,1,pcm_u8,2730,0.16951537132263184
1778642463.2318225,427.23310923576355,2427,rx,2730,16000,1,pcm_u8,2730,0.17086029052734375
1778642463.4025857,427.4038724899292,2428,rx,2730,16000,1,pcm_u8,2730,0.17076325416564941
1778642463.5727706,427.57405734062195,2429,rx,2730,16000,1,pcm_u8,2730,0.17018485069274902
1778642463.7488108,427.75009751319885,2430,rx,2730,16000,1,pcm_u8,2730,0.1760401725769043
1778642463.9158528,427.9171395301819,2431,rx,2730,16000,1,pcm_u8,2730,0.16704201698303223
1778642464.0852137,428.08650040626526,2432,rx,2730,16000,1,pcm_u8,2730,0.16936087608337402
1778642464.256865,428.25815176963806,2433,rx,2730,16000,1,pcm_u8,2730,0.17165136337280273
1778642464.4264987,428.4277853965759,2434,rx,2730,16000,1,pcm_u8,2730,0.1696336269378662
1778642464.5996146,428.60090136528015,2435,rx,2730,16000,1,pcm_u8,2730,0.17311596870422363
1778642464.769186,428.7704727649689,2436,rx,2730,16000,1,pcm_u8,2730,0.1695713996887207
1778642464.939362,428.9406487941742,2437,rx,2730,16000,1,pcm_u8,2730,0.17017602920532227
1778642465.1122458,429.1135325431824,2438,rx,2730,16000,1,pcm_u8,2730,0.1728837490081787
1778642465.2803502,429.2816369533539,2439,rx,2730,16000,1,pcm_u8,2730,0.1681044101715088
1778642465.4543285,429.4556152820587,2440,rx,2730,16000,1,pcm_u8,2730,0.17397832870483398
1778642465.6257913,429.62707805633545,2441,rx,2730,16000,1,pcm_u8,2730,0.1714627742767334
1778642465.8031738,429.8044605255127,2442,rx,2730,16000,1,pcm_u8,2730,0.1773824691772461
1778642465.96628,429.9675667285919,2443,rx,2730,16000,1,pcm_u8,2730,0.16310620307922363
1778642466.1396837,430.1409704685211,2444,rx,2730,16000,1,pcm_u8,2730,0.17340373992919922
1778642466.310523,430.3118097782135,2445,rx,2730,16000,1,pcm_u8,2730,0.1708393096923828
1778642466.4826453,430.48393201828003,2446,rx,2730,16000,1,pcm_u8,2730,0.17212224006652832
1778642466.6526747,430.6539614200592,2447,rx,2730,16000,1,pcm_u8,2730,0.1700294017791748
1778642466.8203924,430.8216791152954,2448,rx,2730,16000,1,pcm_u8,2730,0.16771769523620605
1778642467.0006237,431.00191044807434,2449,rx,2730,16000,1,pcm_u8,2730,0.18023133277893066
1778642467.1610415,431.1623282432556,2450,rx,2730,16000,1,pcm_u8,2730,0.16041779518127441
1778642467.3317354,431.33302211761475,2451,rx,2730,16000,1,pcm_u8,2730,0.17069387435913086
1778642467.5121996,431.51348638534546,2452,rx,2730,16000,1,pcm_u8,2730,0.1804642677307129
1778642467.6736448,431.6749315261841,2453,rx,2730,16000,1,pcm_u8,2730,0.16144514083862305
1778642467.8503692,431.851655960083,2454,rx,2730,16000,1,pcm_u8,2730,0.17672443389892578
1778642468.0144944,432.0157811641693,2455,rx,2730,16000,1,pcm_u8,2730,0.1641252040863037
1778642468.1875775,432.1888642311096,2456,rx,2730,16000,1,pcm_u8,2730,0.17308306694030762
1778642468.3613338,432.3626205921173,2457,rx,2730,16000,1,pcm_u8,2730,0.17375636100769043
1778642468.5293598,432.5306465625763,2458,rx,2730,16000,1,pcm_u8,2730,0.16802597045898438
1778642468.6984885,432.6997752189636,2459,rx,2730,16000,1,pcm_u8,2730,0.1691286563873291
1778642468.8644953,432.8657820224762,2460,rx,2730,16000,1,pcm_u8,2730,0.16600680351257324
1778642469.0378113,433.0390980243683,2461,rx,2730,16000,1,pcm_u8,2730,0.17331600189208984
1778642469.2054715,433.20675826072693,2462,rx,2730,16000,1,pcm_u8,2730,0.16766023635864258
1778642469.3776398,433.3789265155792,2463,rx,2730,16000,1,pcm_u8,2730,0.17216825485229492
1778642469.5521803,433.5534670352936,2464,rx,2730,16000,1,pcm_u8,2730,0.17454051971435547
1778642469.7173343,433.7186210155487,2465,rx,2730,16000,1,pcm_u8,2730,0.16515398025512695
1778642469.900452,433.90173864364624,2466,rx,2730,16000,1,pcm_u8,2730,0.18311762809753418
1778642470.0600548,434.06134152412415,2467,rx,2730,16000,1,pcm_u8,2730,0.15960288047790527
1778642470.2310402,434.2323269844055,2468,rx,2730,16000,1,pcm_u8,2730,0.17098546028137207
1778642470.4002347,434.4015214443207,2469,rx,2730,16000,1,pcm_u8,2730,0.16919445991516113
1778642470.5708485,434.57213521003723,2470,rx,2730,16000,1,pcm_u8,2730,0.17061376571655273
1778642470.7475865,434.74887323379517,2471,rx,2730,16000,1,pcm_u8,2730,0.17673802375793457
1778642470.9134445,434.9147312641144,2472,rx,2730,16000,1,pcm_u8,2730,0.16585803031921387
1778642471.084401,435.0856876373291,2473,rx,2730,16000,1,pcm_u8,2730,0.17095637321472168
1778642471.2550037,435.256290435791,2474,rx,2730,16000,1,pcm_u8,2730,0.17060279846191406
1778642471.4261806,435.4274673461914,2475,rx,2730,16000,1,pcm_u8,2730,0.17117691040039062
1778642471.5950809,435.59636759757996,2476,rx,2730,16000,1,pcm_u8,2730,0.1689002513885498
1778642471.7653158,435.7666025161743,2477,rx,2730,16000,1,pcm_u8,2730,0.17023491859436035
1778642471.9378915,435.9391782283783,2478,rx,2730,16000,1,pcm_u8,2730,0.1725757122039795
1778642472.1071804,436.1084671020508,2479,rx,2730,16000,1,pcm_u8,2730,0.16928887367248535
1778642472.2782788,436.27956557273865,2480,rx,2730,16000,1,pcm_u8,2730,0.1710984706878662
1778642472.454056,436.4553427696228,2481,rx,2730,16000,1,pcm_u8,2730,0.17577719688415527
1778642472.6191936,436.620480298996,2482,rx,2730,16000,1,pcm_u8,2730,0.16513752937316895
1778642472.7901077,436.7913944721222,2483,rx,2730,16000,1,pcm_u8,2730,0.1709141731262207
1778642472.9605296,436.96181631088257,2484,rx,2730,16000,1,pcm_u8,2730,0.17042183876037598
1778642473.1308477,437.13213443756104,2485,rx,2730,16000,1,pcm_u8,2730,0.1703181266784668
1778642473.3018425,437.303129196167,2486,rx,2730,16000,1,pcm_u8,2730,0.17099475860595703
1778642473.4741273,437.47541403770447,2487,rx,2730,16000,1,pcm_u8,2730,0.17228484153747559
1778642473.6488504,437.6501371860504,2488,rx,2730,16000,1,pcm_u8,2730,0.17472314834594727
1778642473.8216264,437.82291316986084,2489,rx,2730,16000,1,pcm_u8,2730,0.1727759838104248
1778642473.988326,437.9896128177643,2490,rx,2730,16000,1,pcm_u8,2730,0.16669964790344238
1778642474.1605554,438.1618421077728,2491,rx,2730,16000,1,pcm_u8,2730,0.17222929000854492
1778642474.328919,438.3302056789398,2492,rx,2730,16000,1,pcm_u8,2730,0.1683635711669922
1778642474.4999063,438.5011930465698,2493,rx,2730,16000,1,pcm_u8,2730,0.17098736763000488
1778642474.6722999,438.67358660697937,2494,rx,2730,16000,1,pcm_u8,2730,0.1723935604095459
1778642474.8428092,438.8440959453583,2495,rx,2730,16000,1,pcm_u8,2730,0.17050933837890625
1778642475.0175846,439.01887130737305,2496,rx,2730,16000,1,pcm_u8,2730,0.1747753620147705
1778642475.1829958,439.184282541275,2497,rx,2730,16000,1,pcm_u8,2730,0.16541123390197754
1778642475.3529344,439.35422110557556,2498,rx,2730,16000,1,pcm_u8,2730,0.1699385643005371
1778642475.5287793,439.5300660133362,2499,rx,2730,16000,1,pcm_u8,2730,0.17584490776062012
1778642475.6994395,439.70072627067566,2500,rx,2730,16000,1,pcm_u8,2730,0.17066025733947754
1778642475.8658123,439.86709904670715,2501,rx,2730,16000,1,pcm_u8,2730,0.16637277603149414
1778642476.0414512,440.04273796081543,2502,rx,2730,16000,1,pcm_u8,2730,0.17563891410827637
1778642476.2069046,440.2081913948059,2503,rx,2730,16000,1,pcm_u8,2730,0.16545343399047852
1778642476.3803146,440.38160133361816,2504,rx,2730,16000,1,pcm_u8,2730,0.17340993881225586
1778642476.5521972,440.5534839630127,2505,rx,2730,16000,1,pcm_u8,2730,0.17188262939453125
1778642476.7159243,440.7172110080719,2506,rx,2730,16000,1,pcm_u8,2730,0.1637270450592041
1778642476.886022,440.8873088359833,2507,rx,2730,16000,1,pcm_u8,2730,0.17009782791137695
1778642477.0572648,441.0585515499115,2508,rx,2730,16000,1,pcm_u8,2730,0.17124271392822266
1778642477.2280176,441.22930431365967,2509,rx,2730,16000,1,pcm_u8,2730,0.17075276374816895
1778642477.399549,441.4008357524872,2510,rx,2730,16000,1,pcm_u8,2730,0.17153143882751465
1778642477.5686097,441.56989645957947,2511,rx,2730,16000,1,pcm_u8,2730,0.16906070709228516
1778642477.739264,441.74055075645447,2512,rx,2730,16000,1,pcm_u8,2730,0.170654296875
1778642477.909494,441.91078066825867,2513,rx,2730,16000,1,pcm_u8,2730,0.17022991180419922
1778642478.08254,442.0838267803192,2514,rx,2730,16000,1,pcm_u8,2730,0.17304611206054688
1778642478.252479,442.2537658214569,2515,rx,2730,16000,1,pcm_u8,2730,0.1699390411376953
1778642478.4252143,442.4265010356903,2516,rx,2730,16000,1,pcm_u8,2730,0.17273521423339844
1778642478.6036782,442.60496497154236,2517,rx,2730,16000,1,pcm_u8,2730,0.17846393585205078
1778642478.7635784,442.7648651599884,2518,rx,2730,16000,1,pcm_u8,2730,0.15990018844604492
1778642478.940555,442.941841840744,2519,rx,2730,16000,1,pcm_u8,2730,0.17697668075561523
1778642479.1064079,443.1076946258545,2520,rx,2730,16000,1,pcm_u8,2730,0.16585278511047363
1778642479.275316,443.27660274505615,2521,rx,2730,16000,1,pcm_u8,2730,0.16890811920166016
1778642479.452276,443.45356273651123,2522,rx,2730,16000,1,pcm_u8,2730,0.17695999145507812
1778642479.6171339,443.6184206008911,2523,rx,2730,16000,1,pcm_u8,2730,0.1648578643798828
1778642479.7939186,443.79520535469055,2524,rx,2730,16000,1,pcm_u8,2730,0.17678475379943848
1778642479.958699,443.9599857330322,2525,rx,2730,16000,1,pcm_u8,2730,0.1647803783416748
1778642480.13261,444.13389682769775,2526,rx,2730,16000,1,pcm_u8,2730,0.17391109466552734
1778642480.304312,444.3055987358093,2527,rx,2730,16000,1,pcm_u8,2730,0.17170190811157227
1778642480.4713414,444.47262811660767,2528,rx,2730,16000,1,pcm_u8,2730,0.16702938079833984
1778642480.6424165,444.6437032222748,2529,rx,2730,16000,1,pcm_u8,2730,0.17107510566711426
1778642480.8116462,444.81293296813965,2530,rx,2730,16000,1,pcm_u8,2730,0.16922974586486816
1778642480.982678,444.98396468162537,2531,rx,2730,16000,1,pcm_u8,2730,0.17103171348571777
1778642481.155762,445.15704870224,2532,rx,2730,16000,1,pcm_u8,2730,0.17308402061462402
1778642481.323553,445.32483983039856,2533,rx,2730,16000,1,pcm_u8,2730,0.16779112815856934
1778642481.4981813,445.49946808815,2534,rx,2730,16000,1,pcm_u8,2730,0.17462825775146484
1778642481.6695342,445.6708209514618,2535,rx,2730,16000,1,pcm_u8,2730,0.17135286331176758
1778642481.840239,445.84152579307556,2536,rx,2730,16000,1,pcm_u8,2730,0.17070484161376953
1778642482.009994,446.0112807750702,2537,rx,2730,16000,1,pcm_u8,2730,0.1697549819946289
1778642482.1774375,446.17872428894043,2538,rx,2730,16000,1,pcm_u8,2730,0.16744351387023926
1778642482.3519871,446.3532738685608,2539,rx,2730,16000,1,pcm_u8,2730,0.17454957962036133
1778642482.5181572,446.51944398880005,2540,rx,2730,16000,1,pcm_u8,2730,0.1661701202392578
1778642482.697465,446.69875168800354,2541,rx,2730,16000,1,pcm_u8,2730,0.1793076992034912
1778642482.8606744,446.8619611263275,2542,rx,2730,16000,1,pcm_u8,2730,0.1632094383239746
1778642483.0300736,447.0313603878021,2543,rx,2730,16000,1,pcm_u8,2730,0.16939926147460938
1778642483.2006028,447.2018895149231,2544,rx,2730,16000,1,pcm_u8,2730,0.17052912712097168
1778642483.3719969,447.37328362464905,2545,rx,2730,16000,1,pcm_u8,2730,0.17139410972595215
1778642483.5475993,447.5488860607147,2546,rx,2730,16000,1,pcm_u8,2730,0.17560243606567383
1778642483.7130473,447.7143340110779,2547,rx,2730,16000,1,pcm_u8,2730,0.16544795036315918
1778642483.8842158,447.885502576828,2548,rx,2730,16000,1,pcm_u8,2730,0.17116856575012207
1778642484.0549955,448.0562822818756,2549,rx,2730,16000,1,pcm_u8,2730,0.17077970504760742
1778642484.2249494,448.2262361049652,2550,rx,2730,16000,1,pcm_u8,2730,0.1699538230895996
1778642484.3988962,448.4001829624176,2551,rx,2730,16000,1,pcm_u8,2730,0.17394685745239258
1778642484.5662818,448.5675685405731,2552,rx,2730,16000,1,pcm_u8,2730,0.16738557815551758
1778642484.7496912,448.7509779930115,2553,rx,2730,16000,1,pcm_u8,2730,0.1834094524383545
1778642484.9110606,448.91234731674194,2554,rx,2730,16000,1,pcm_u8,2730,0.16136932373046875
1778642485.0780573,449.07934403419495,2555,rx,2730,16000,1,pcm_u8,2730,0.16699671745300293
1778642485.2511659,449.2524526119232,2556,rx,2730,16000,1,pcm_u8,2730,0.17310857772827148
1778642485.4192455,449.4205322265625,2557,rx,2730,16000,1,pcm_u8,2730,0.16807961463928223
1778642485.5988913,449.60017800331116,2558,rx,2730,16000,1,pcm_u8,2730,0.17964577674865723
1778642485.7624707,449.7637574672699,2559,rx,2730,16000,1,pcm_u8,2730,0.16357946395874023
1778642485.9325347,449.93382143974304,2560,rx,2730,16000,1,pcm_u8,2730,0.17006397247314453
1778642486.102416,450.1037027835846,2561,rx,2730,16000,1,pcm_u8,2730,0.16988134384155273
1778642486.2732496,450.2745363712311,2562,rx,2730,16000,1,pcm_u8,2730,0.17083358764648438
1778642486.4574618,450.45874857902527,2563,rx,2730,16000,1,pcm_u8,2730,0.18421220779418945
1778642486.6145122,450.6157989501953,2564,rx,2730,16000,1,pcm_u8,2730,0.15705037117004395
1778642486.790414,450.79170083999634,2565,rx,2730,16000,1,pcm_u8,2730,0.1759018898010254
1778642486.9557884,450.95707511901855,2566,rx,2730,16000,1,pcm_u8,2730,0.1653742790222168
1778642487.1346285,451.1359152793884,2567,rx,2730,16000,1,pcm_u8,2730,0.17884016036987305
1778642487.30467,451.30595684051514,2568,rx,2730,16000,1,pcm_u8,2730,0.17004156112670898
1778642487.4706678,451.4719545841217,2569,rx,2730,16000,1,pcm_u8,2730,0.16599774360656738
1778642487.6465168,451.64780354499817,2570,rx,2730,16000,1,pcm_u8,2730,0.17584896087646484
1778642487.811293,451.8125796318054,2571,rx,2730,16000,1,pcm_u8,2730,0.16477608680725098
1778642487.9829,451.9841866493225,2572,rx,2730,16000,1,pcm_u8,2730,0.17160701751708984
1778642488.1519747,452.15326142311096,2573,rx,2730,16000,1,pcm_u8,2730,0.16907477378845215
1778642488.3210397,452.32232642173767,2574,rx,2730,16000,1,pcm_u8,2730,0.16906499862670898
1778642488.5002162,452.50150299072266,2575,rx,2730,16000,1,pcm_u8,2730,0.17917656898498535
1778642488.6632838,452.66457056999207,2576,rx,2730,16000,1,pcm_u8,2730,0.16306757926940918
1778642488.8365738,452.83786058425903,2577,rx,2730,16000,1,pcm_u8,2730,0.17329001426696777
1778642489.0036623,453.004949092865,2578,rx,2730,16000,1,pcm_u8,2730,0.16708850860595703
1778642489.174406,453.17569279670715,2579,rx,2730,16000,1,pcm_u8,2730,0.17074370384216309
1778642489.3468263,453.34811305999756,2580,rx,2730,16000,1,pcm_u8,2730,0.17242026329040527
1778642489.5161138,453.51740050315857,2581,rx,2730,16000,1,pcm_u8,2730,0.16928744316101074
1778642489.6924295,453.6937162876129,2582,rx,2730,16000,1,pcm_u8,2730,0.1763157844543457
1778642489.859582,453.86086869239807,2583,rx,2730,16000,1,pcm_u8,2730,0.16715240478515625
1778642490.0299342,454.03122091293335,2584,rx,2730,16000,1,pcm_u8,2730,0.17035222053527832
1778642490.1986973,454.1999840736389,2585,rx,2730,16000,1,pcm_u8,2730,0.1687631607055664
1778642490.3715148,454.3728015422821,2586,rx,2730,16000,1,pcm_u8,2730,0.17281746864318848
1778642490.5458894,454.5471761226654,2587,rx,2730,16000,1,pcm_u8,2730,0.17437458038330078
1778642490.7105393,454.7118260860443,2588,rx,2730,16000,1,pcm_u8,2730,0.16464996337890625
1778642490.8949864,454.8962731361389,2589,rx,2730,16000,1,pcm_u8,2730,0.1844470500946045
1778642491.0583682,455.0596549510956,2590,rx,2730,16000,1,pcm_u8,2730,0.16338181495666504
1778642491.2228515,455.2241382598877,2591,rx,2730,16000,1,pcm_u8,2730,0.16448330879211426
1778642491.3959222,455.3972089290619,2592,rx,2730,16000,1,pcm_u8,2730,0.17307066917419434
1778642491.5639338,455.5652205944061,2593,rx,2730,16000,1,pcm_u8,2730,0.16801166534423828
1778642491.735117,455.7364037036896,2594,rx,2730,16000,1,pcm_u8,2730,0.17118310928344727
1778642491.9063816,455.9076683521271,2595,rx,2730,16000,1,pcm_u8,2730,0.1712646484375
1778642492.0766232,456.07790994644165,2596,rx,2730,16000,1,pcm_u8,2730,0.1702415943145752
1778642492.247818,456.2491047382355,2597,rx,2730,16000,1,pcm_u8,2730,0.17119479179382324
1778642492.4189758,456.42026257514954,2598,rx,2730,16000,1,pcm_u8,2730,0.1711578369140625
1778642492.592588,456.59387469291687,2599,rx,2730,16000,1,pcm_u8,2730,0.17361211776733398
1778642492.7628815,456.7641682624817,2600,rx,2730,16000,1,pcm_u8,2730,0.17029356956481934
1778642492.9326253,456.9339120388031,2601,rx,2730,16000,1,pcm_u8,2730,0.16974377632141113
1778642493.1030385,457.10432529449463,2602,rx,2730,16000,1,pcm_u8,2730,0.17041325569152832
1778642493.2743793,457.27566599845886,2603,rx,2730,16000,1,pcm_u8,2730,0.1713407039642334
1778642493.448839,457.4501256942749,2604,rx,2730,16000,1,pcm_u8,2730,0.17445969581604004
1778642493.6178815,457.6191682815552,2605,rx,2730,16000,1,pcm_u8,2730,0.16904258728027344
1778642493.7893043,457.7905910015106,2606,rx,2730,16000,1,pcm_u8,2730,0.17142271995544434
1778642493.957687,457.95897364616394,2607,rx,2730,16000,1,pcm_u8,2730,0.1683826446533203
1778642494.1280704,458.1293570995331,2608,rx,2730,16000,1,pcm_u8,2730,0.17038345336914062
1778642494.3026354,458.3039221763611,2609,rx,2730,16000,1,pcm_u8,2730,0.17456507682800293
1778642494.4696696,458.470956325531,2610,rx,2730,16000,1,pcm_u8,2730,0.16703414916992188
1778642494.6404285,458.64171528816223,2611,rx,2730,16000,1,pcm_u8,2730,0.17075896263122559
1778642494.8142076,458.81549429893494,2612,rx,2730,16000,1,pcm_u8,2730,0.17377901077270508
1778642494.982614,458.98390078544617,2613,rx,2730,16000,1,pcm_u8,2730,0.16840648651123047
1778642495.1517518,459.1530385017395,2614,rx,2730,16000,1,pcm_u8,2730,0.16913771629333496
1778642495.3215647,459.32285141944885,2615,rx,2730,16000,1,pcm_u8,2730,0.16981291770935059
1778642495.493915,459.4952018260956,2616,rx,2730,16000,1,pcm_u8,2730,0.17235040664672852
1778642495.6602824,459.66156911849976,2617,rx,2730,16000,1,pcm_u8,2730,0.1663672924041748
1778642495.832214,459.8335008621216,2618,rx,2730,16000,1,pcm_u8,2730,0.17193174362182617
1778642496.0019088,460.0031955242157,2619,rx,2730,16000,1,pcm_u8,2730,0.1696946620941162
1778642496.1749647,460.176251411438,2620,rx,2730,16000,1,pcm_u8,2730,0.17305588722229004
1778642496.3487318,460.35001850128174,2621,rx,2730,16000,1,pcm_u8,2730,0.17376708984375
1778642496.5162368,460.5175235271454,2622,rx,2730,16000,1,pcm_u8,2730,0.16750502586364746
1778642496.6843715,460.68565821647644,2623,rx,2730,16000,1,pcm_u8,2730,0.1681346893310547
1778642496.85493,460.85621666908264,2624,rx,2730,16000,1,pcm_u8,2730,0.17055845260620117
1778642497.0275965,461.02888321876526,2625,rx,2730,16000,1,pcm_u8,2730,0.1726665496826172
1778642497.1985836,461.1998703479767,2626,rx,2730,16000,1,pcm_u8,2730,0.17098712921142578
1778642497.3702075,461.3714942932129,2627,rx,2730,16000,1,pcm_u8,2730,0.17162394523620605
1778642497.5500414,461.55132818222046,2628,rx,2730,16000,1,pcm_u8,2730,0.17983388900756836
1778642497.7078187,461.7091054916382,2629,rx,2730,16000,1,pcm_u8,2730,0.1577773094177246
1778642497.8820043,461.88329100608826,2630,rx,2730,16000,1,pcm_u8,2730,0.17418551445007324
1778642498.050611,462.05189776420593,2631,rx,2730,16000,1,pcm_u8,2730,0.16860675811767578
1778642498.2214634,462.22275018692017,2632,rx,2730,16000,1,pcm_u8,2730,0.1708524227142334
1778642498.3943956,462.3956823348999,2633,rx,2730,16000,1,pcm_u8,2730,0.17293214797973633
1778642498.561832,462.56311869621277,2634,rx,2730,16000,1,pcm_u8,2730,0.1674363613128662
1778642498.7344456,462.7357323169708,2635,rx,2730,16000,1,pcm_u8,2730,0.17261362075805664
1778642498.9032204,462.90450716018677,2636,rx,2730,16000,1,pcm_u8,2730,0.16877484321594238
1778642499.0739617,463.07524847984314,2637,rx,2730,16000,1,pcm_u8,2730,0.17074131965637207
1778642499.2492194,463.25050616264343,2638,rx,2730,16000,1,pcm_u8,2730,0.17525768280029297
1778642499.416392,463.4176788330078,2639,rx,2730,16000,1,pcm_u8,2730,0.16717267036437988
1778642499.6478949,463.6491816043854,2640,rx,2730,16000,1,pcm_u8,2730,0.23150277137756348
1778642499.7568207,463.75810742378235,2641,rx,2730,16000,1,pcm_u8,2730,0.10892581939697266
1778642499.9271219,463.9284086227417,2642,rx,2730,16000,1,pcm_u8,2730,0.17030119895935059
1778642500.097924,464.09921073913574,2643,rx,2730,16000,1,pcm_u8,2730,0.17080211639404297
1778642500.2703967,464.27168345451355,2644,rx,2730,16000,1,pcm_u8,2730,0.17247271537780762
1778642500.4415894,464.44287610054016,2645,rx,2730,16000,1,pcm_u8,2730,0.17119264602661133
1778642500.6173763,464.61866307258606,2646,rx,2730,16000,1,pcm_u8,2730,0.17578697204589844
1778642500.7831504,464.78443717956543,2647,rx,2730,16000,1,pcm_u8,2730,0.16577410697937012
1778642500.9588525,464.96013927459717,2648,rx,2730,16000,1,pcm_u8,2730,0.17570209503173828
1778642501.1251776,465.12646436691284,2649,rx,2730,16000,1,pcm_u8,2730,0.16632509231567383
1778642501.2966032,465.29788994789124,2650,rx,2730,16000,1,pcm_u8,2730,0.17142558097839355
1778642501.4666991,465.467985868454,2651,rx,2730,16000,1,pcm_u8,2730,0.17009592056274414
1778642501.651337,465.65262365341187,2652,rx,2730,16000,1,pcm_u8,2730,0.18463778495788574
1778642501.8086703,465.8099570274353,2653,rx,2730,16000,1,pcm_u8,2730,0.1573333740234375
1778642501.9796522,465.980938911438,2654,rx,2730,16000,1,pcm_u8,2730,0.17098188400268555
1778642502.153034,466.1543207168579,2655,rx,2730,16000,1,pcm_u8,2730,0.17338180541992188
1778642502.319743,466.32102966308594,2656,rx,2730,16000,1,pcm_u8,2730,0.16670894622802734
1778642502.4920542,466.4933409690857,2657,rx,2730,16000,1,pcm_u8,2730,0.17231130599975586
1778642502.661301,466.6625876426697,2658,rx,2730,16000,1,pcm_u8,2730,0.16924667358398438
1778642502.8330605,466.8343472480774,2659,rx,2730,16000,1,pcm_u8,2730,0.17175960540771484
1778642502.9988358,467.00012254714966,2660,rx,2730,16000,1,pcm_u8,2730,0.16577529907226562
1778642503.1732998,467.1745865345001,2661,rx,2730,16000,1,pcm_u8,2730,0.17446398735046387
1778642503.3443992,467.3456859588623,2662,rx,2730,16000,1,pcm_u8,2730,0.17109942436218262
1778642503.5121589,467.51344561576843,2663,rx,2730,16000,1,pcm_u8,2730,0.16775965690612793
1778642503.6874971,467.68878388404846,2664,rx,2730,16000,1,pcm_u8,2730,0.1753382682800293
1778642503.8549142,467.8562009334564,2665,rx,2730,16000,1,pcm_u8,2730,0.16741704940795898
1778642504.2401266,468.24141335487366,2666,rx,2730,16000,1,pcm_u8,2730,0.38521242141723633
1778642504.365065,468.36635184288025,2667,rx,2730,16000,1,pcm_u8,2730,0.1249384880065918
1778642504.5361736,468.53746032714844,2668,rx,2730,16000,1,pcm_u8,2730,0.17110848426818848
1778642504.7073686,468.70865535736084,2669,rx,2730,16000,1,pcm_u8,2730,0.17119503021240234
1778642504.8767717,468.8780584335327,2670,rx,2730,16000,1,pcm_u8,2730,0.169403076171875
1778642505.0470474,469.0483341217041,2671,rx,2730,16000,1,pcm_u8,2730,0.17027568817138672
1778642505.2198555,469.2211422920227,2672,rx,2730,16000,1,pcm_u8,2730,0.17280817031860352
1778642505.3941233,469.39541006088257,2673,rx,2730,16000,1,pcm_u8,2730,0.17426776885986328
1778642505.5596228,469.5609095096588,2674,rx,2730,16000,1,pcm_u8,2730,0.16549944877624512
1778642505.7430844,469.744371175766,2675,rx,2730,16000,1,pcm_u8,2730,0.18346166610717773
1778642505.9014277,469.9027144908905,2676,rx,2730,16000,1,pcm_u8,2730,0.15834331512451172
1778642506.1645,470.16578674316406,2677,rx,2730,16000,1,pcm_u8,2730,0.26307225227355957
1778642506.242959,470.2442457675934,2678,rx,2730,16000,1,pcm_u8,2730,0.07845902442932129
1778642506.41307,470.4143567085266,2679,rx,2730,16000,1,pcm_u8,2730,0.17011094093322754
1778642506.5842998,470.58558654785156,2680,rx,2730,16000,1,pcm_u8,2730,0.17122983932495117
1778642506.7557504,470.75703716278076,2681,rx,2730,16000,1,pcm_u8,2730,0.17145061492919922
1778642506.92549,470.92677664756775,2682,rx,2730,16000,1,pcm_u8,2730,0.1697394847869873
1778642507.096892,471.0981788635254,2683,rx,2730,16000,1,pcm_u8,2730,0.1714022159576416
1778642507.2691271,471.27041387557983,2684,rx,2730,16000,1,pcm_u8,2730,0.17223501205444336
1778642507.441126,471.44241285324097,2685,rx,2730,16000,1,pcm_u8,2730,0.1719989776611328
1778642507.6075225,471.6088092327118,2686,rx,2730,16000,1,pcm_u8,2730,0.1663963794708252
1778642507.7790544,471.78034114837646,2687,rx,2730,16000,1,pcm_u8,2730,0.17153191566467285
1778642507.953918,471.9552047252655,2688,rx,2730,16000,1,pcm_u8,2730,0.17486357688903809
1778642508.1216726,472.12295937538147,2689,rx,2730,16000,1,pcm_u8,2730,0.1677546501159668
1778642508.3096383,472.31092500686646,2690,rx,2730,16000,1,pcm_u8,2730,0.18796563148498535
1778642508.4609263,472.4622130393982,2691,rx,2730,16000,1,pcm_u8,2730,0.15128803253173828
1778642508.6318958,472.63318252563477,2692,rx,2730,16000,1,pcm_u8,2730,0.17096948623657227
1778642508.8021717,472.80345845222473,2693,rx,2730,16000,1,pcm_u8,2730,0.17027592658996582
1778642508.9731555,472.97444224357605,2694,rx,2730,16000,1,pcm_u8,2730,0.17098379135131836
1778642509.1434736,473.1447603702545,2695,rx,2730,16000,1,pcm_u8,2730,0.1703181266784668
1778642509.3147323,473.31601905822754,2696,rx,2730,16000,1,pcm_u8,2730,0.17125868797302246
1778642509.4881296,473.4894163608551,2697,rx,2730,16000,1,pcm_u8,2730,0.17339730262756348
1778642509.656831,473.6581177711487,2698,rx,2730,16000,1,pcm_u8,2730,0.1687014102935791
1778642509.8265479,473.82783460617065,2699,rx,2730,16000,1,pcm_u8,2730,0.16971683502197266
1778642509.9966123,473.99789905548096,2700,rx,2730,16000,1,pcm_u8,2730,0.17006444931030273
1778642510.1681187,474.16940546035767,2701,rx,2730,16000,1,pcm_u8,2730,0.17150640487670898
1778642510.3402996,474.34158635139465,2702,rx,2730,16000,1,pcm_u8,2730,0.1721808910369873
1778642510.509348,474.5106346607208,2703,rx,2730,16000,1,pcm_u8,2730,0.16904830932617188
1778642510.6843343,474.6856210231781,2704,rx,2730,16000,1,pcm_u8,2730,0.1749863624572754
1778642510.852322,474.85360884666443,2705,rx,2730,16000,1,pcm_u8,2730,0.16798782348632812
1778642511.024279,475.02556586265564,2706,rx,2730,16000,1,pcm_u8,2730,0.17195701599121094
1778642511.191853,475.19313979148865,2707,rx,2730,16000,1,pcm_u8,2730,0.1675739288330078
1778642511.3626668,475.36395359039307,2708,rx,2730,16000,1,pcm_u8,2730,0.17081379890441895
1778642511.5337172,475.53500390052795,2709,rx,2730,16000,1,pcm_u8,2730,0.1710503101348877
1778642511.7035668,475.7048535346985,2710,rx,2730,16000,1,pcm_u8,2730,0.16984963417053223
1778642511.8755236,475.8768103122711,2711,rx,2730,16000,1,pcm_u8,2730,0.17195677757263184
1778642512.0454974,476.04678416252136,2712,rx,2730,16000,1,pcm_u8,2730,0.16997385025024414
1778642512.2163754,476.21766209602356,2713,rx,2730,16000,1,pcm_u8,2730,0.17087793350219727
1778642512.3897393,476.39102602005005,2714,rx,2730,16000,1,pcm_u8,2730,0.17336392402648926
1778642512.5585954,476.55988216400146,2715,rx,2730,16000,1,pcm_u8,2730,0.16885614395141602
1778642512.7309363,476.73222303390503,2716,rx,2730,16000,1,pcm_u8,2730,0.17234086990356445
1778642512.898199,476.8994858264923,2717,rx,2730,16000,1,pcm_u8,2730,0.16726279258728027
1778642513.0746393,477.07592606544495,2718,rx,2730,16000,1,pcm_u8,2730,0.17644023895263672
1778642513.2445185,477.2458052635193,2719,rx,2730,16000,1,pcm_u8,2730,0.16987919807434082
1778642513.4169176,477.41820430755615,2720,rx,2730,16000,1,pcm_u8,2730,0.17239904403686523
1778642513.5862975,477.58758425712585,2721,rx,2730,16000,1,pcm_u8,2730,0.16937994956970215
1778642513.7524946,477.75378131866455,2722,rx,2730,16000,1,pcm_u8,2730,0.1661970615386963
1778642513.9242606,477.9255473613739,2723,rx,2730,16000,1,pcm_u8,2730,0.17176604270935059
1778642514.0940306,478.095317363739,2724,rx,2730,16000,1,pcm_u8,2730,0.1697700023651123
1778642514.2646244,478.2659111022949,2725,rx,2730,16000,1,pcm_u8,2730,0.1705937385559082
1778642514.442022,478.44330883026123,2726,rx,2730,16000,1,pcm_u8,2730,0.1773977279663086
1778642514.605953,478.60723972320557,2727,rx,2730,16000,1,pcm_u8,2730,0.16393089294433594
1778642514.776339,478.7776257991791,2728,rx,2730,16000,1,pcm_u8,2730,0.17038607597351074
1778642514.9474962,478.9487829208374,2729,rx,2730,16000,1,pcm_u8,2730,0.1711571216583252
1778642515.118064,479.1193506717682,2730,rx,2730,16000,1,pcm_u8,2730,0.17056775093078613
1778642515.288297,479.2895836830139,2731,rx,2730,16000,1,pcm_u8,2730,0.17023301124572754
1778642515.460893,479.4621796607971,2732,rx,2730,16000,1,pcm_u8,2730,0.17259597778320312
1778642515.6306274,479.63191413879395,2733,rx,2730,16000,1,pcm_u8,2730,0.16973447799682617
1778642515.8001764,479.80146312713623,2734,rx,2730,16000,1,pcm_u8,2730,0.16954898834228516
1778642515.9718702,479.9731569290161,2735,rx,2730,16000,1,pcm_u8,2730,0.1716938018798828
1778642516.141752,480.1430387496948,2736,rx,2730,16000,1,pcm_u8,2730,0.16988182067871094
1778642516.3127537,480.3140404224396,2737,rx,2730,16000,1,pcm_u8,2730,0.17100167274475098
1778642516.4903278,480.4916145801544,2738,rx,2730,16000,1,pcm_u8,2730,0.17757415771484375
1778642516.653509,480.6547956466675,2739,rx,2730,16000,1,pcm_u8,2730,0.16318106651306152
1778642516.824254,480.8255407810211,2740,rx,2730,16000,1,pcm_u8,2730,0.1707451343536377
1778642517.0026739,481.00396060943604,2741,rx,2730,16000,1,pcm_u8,2730,0.178419828414917
1778642517.1649566,481.16624331474304,2742,rx,2730,16000,1,pcm_u8,2730,0.16228270530700684
1778642517.341908,481.3431947231293,2743,rx,2730,16000,1,pcm_u8,2730,0.17695140838623047
1778642517.5076938,481.508980512619,2744,rx,2730,16000,1,pcm_u8,2730,0.1657857894897461
1778642517.6786668,481.6799535751343,2745,rx,2730,16000,1,pcm_u8,2730,0.1709730625152588
1778642517.8483846,481.84967136383057,2746,rx,2730,16000,1,pcm_u8,2730,0.16971778869628906
1778642518.0202768,482.02156352996826,2747,rx,2730,16000,1,pcm_u8,2730,0.1718921661376953
1778642518.192034,482.1933207511902,2748,rx,2730,16000,1,pcm_u8,2730,0.17175722122192383
1778642518.3601172,482.36140394210815,2749,rx,2730,16000,1,pcm_u8,2730,0.16808319091796875
1778642518.531649,482.5329358577728,2750,rx,2730,16000,1,pcm_u8,2730,0.17153191566467285
1778642518.7016172,482.7029039859772,2751,rx,2730,16000,1,pcm_u8,2730,0.1699681282043457
1778642518.8722248,482.87351155281067,2752,rx,2730,16000,1,pcm_u8,2730,0.1706075668334961
1778642519.0476563,483.0489430427551,2753,rx,2730,16000,1,pcm_u8,2730,0.175431489944458
1778642519.2137544,483.2150411605835,2754,rx,2730,16000,1,pcm_u8,2730,0.16609811782836914
1778642519.3912995,483.3925862312317,2755,rx,2730,16000,1,pcm_u8,2730,0.17754507064819336
1778642519.5575163,483.55880308151245,2756,rx,2730,16000,1,pcm_u8,2730,0.16621685028076172
1778642519.7278564,483.7291431427002,2757,rx,2730,16000,1,pcm_u8,2730,0.17034006118774414
1778642519.8962355,483.89752221107483,2758,rx,2730,16000,1,pcm_u8,2730,0.1683790683746338
1778642520.0729072,484.0741939544678,2759,rx,2730,16000,1,pcm_u8,2730,0.17667174339294434
1778642520.2390277,484.2403144836426,2760,rx,2730,16000,1,pcm_u8,2730,0.1661205291748047
1778642520.408627,484.40991377830505,2761,rx,2730,16000,1,pcm_u8,2730,0.16959929466247559
1778642520.5886369,484.589923620224,2762,rx,2730,16000,1,pcm_u8,2730,0.1800098419189453
1778642520.753387,484.7546737194061,2763,rx,2730,16000,1,pcm_u8,2730,0.1647500991821289
1778642520.920485,484.92177176475525,2764,rx,2730,16000,1,pcm_u8,2730,0.1670980453491211
1778642521.094062,485.09534883499146,2765,rx,2730,16000,1,pcm_u8,2730,0.17357707023620605
1778642521.2626476,485.2639343738556,2766,rx,2730,16000,1,pcm_u8,2730,0.16858553886413574
1778642521.4427962,485.4440829753876,2767,rx,2730,16000,1,pcm_u8,2730,0.18014860153198242
1778642521.607627,485.60891366004944,2768,rx,2730,16000,1,pcm_u8,2730,0.16483068466186523
1778642521.775583,485.77686977386475,2769,rx,2730,16000,1,pcm_u8,2730,0.16795611381530762
1778642521.9441352,485.9454219341278,2770,rx,2730,16000,1,pcm_u8,2730,0.16855216026306152
1778642522.1162329,486.1175196170807,2771,rx,2730,16000,1,pcm_u8,2730,0.17209768295288086
1778642522.291161,486.29244780540466,2772,rx,2730,16000,1,pcm_u8,2730,0.1749281883239746
1778642522.4565246,486.4578113555908,2773,rx,2730,16000,1,pcm_u8,2730,0.16536355018615723
1778642522.6309686,486.63225531578064,2774,rx,2730,16000,1,pcm_u8,2730,0.17444396018981934
1778642522.799714,486.80100083351135,2775,rx,2730,16000,1,pcm_u8,2730,0.1687455177307129
1778642522.9694507,486.9707374572754,2776,rx,2730,16000,1,pcm_u8,2730,0.16973662376403809
1778642523.140101,487.14138770103455,2777,rx,2730,16000,1,pcm_u8,2730,0.17065024375915527
1778642523.3100312,487.3113179206848,2778,rx,2730,16000,1,pcm_u8,2730,0.16993021965026855
1778642523.4835293,487.48481607437134,2779,rx,2730,16000,1,pcm_u8,2730,0.17349815368652344
1778642523.6537504,487.6550371646881,2780,rx,2730,16000,1,pcm_u8,2730,0.17022109031677246
1778642523.8246698,487.82595658302307,2781,rx,2730,16000,1,pcm_u8,2730,0.17091941833496094
1778642523.99757,487.9988567829132,2782,rx,2730,16000,1,pcm_u8,2730,0.17290019989013672
1778642524.1702752,488.17156195640564,2783,rx,2730,16000,1,pcm_u8,2730,0.17270517349243164
1778642524.341184,488.34247064590454,2784,rx,2730,16000,1,pcm_u8,2730,0.17090868949890137
1778642524.5085719,488.50985860824585,2785,rx,2730,16000,1,pcm_u8,2730,0.1673879623413086
1778642524.6876073,488.688894033432,2786,rx,2730,16000,1,pcm_u8,2730,0.17903542518615723
1778642524.8497825,488.85106921195984,2787,rx,2730,16000,1,pcm_u8,2730,0.16217517852783203
1778642525.0226111,489.02389788627625,2788,rx,2730,16000,1,pcm_u8,2730,0.17282867431640625
1778642525.1973639,489.198650598526,2789,rx,2730,16000,1,pcm_u8,2730,0.17475271224975586
1778642525.3622828,489.36356949806213,2790,rx,2730,16000,1,pcm_u8,2730,0.1649188995361328
1778642525.5386732,489.53995990753174,2791,rx,2730,16000,1,pcm_u8,2730,0.1763904094696045
1778642525.7056026,489.70688939094543,2792,rx,2730,16000,1,pcm_u8,2730,0.1669294834136963
1778642525.8746853,489.875972032547,2793,rx,2730,16000,1,pcm_u8,2730,0.1690826416015625
1778642526.0406187,490.0419054031372,2794,rx,2730,16000,1,pcm_u8,2730,0.16593337059020996
1778642526.2122028,490.2134895324707,2795,rx,2730,16000,1,pcm_u8,2730,0.1715841293334961
1778642526.3879774,490.3892641067505,2796,rx,2730,16000,1,pcm_u8,2730,0.17577457427978516
1778642526.5552788,490.5565655231476,2797,rx,2730,16000,1,pcm_u8,2730,0.16730141639709473
1778642526.7240047,490.7252914905548,2798,rx,2730,16000,1,pcm_u8,2730,0.16872596740722656
1778642526.8941298,490.8954164981842,2799,rx,2730,16000,1,pcm_u8,2730,0.17012500762939453
1778642527.0647283,491.0660150051117,2800,rx,2730,16000,1,pcm_u8,2730,0.17059850692749023
1778642527.235267,491.23655366897583,2801,rx,2730,16000,1,pcm_u8,2730,0.17053866386413574
1778642527.4059875,491.4072742462158,2802,rx,2730,16000,1,pcm_u8,2730,0.17072057723999023
1778642527.5827029,491.58398962020874,2803,rx,2730,16000,1,pcm_u8,2730,0.17671537399291992
1778642527.7476568,491.748943567276,2804,rx,2730,16000,1,pcm_u8,2730,0.16495394706726074
1778642527.9188437,491.9201304912567,2805,rx,2730,16000,1,pcm_u8,2730,0.1711869239807129
1778642528.090243,492.0915298461914,2806,rx,2730,16000,1,pcm_u8,2730,0.17139935493469238
1778642528.261603,492.26288986206055,2807,rx,2730,16000,1,pcm_u8,2730,0.17136001586914062
1778642528.4319978,492.4332845211029,2808,rx,2730,16000,1,pcm_u8,2730,0.1703946590423584
1778642528.6005912,492.60187792778015,2809,rx,2730,16000,1,pcm_u8,2730,0.1685934066772461
1778642528.772448,492.77373480796814,2810,rx,2730,16000,1,pcm_u8,2730,0.17185688018798828
1778642528.9420156,492.9433023929596,2811,rx,2730,16000,1,pcm_u8,2730,0.16956758499145508
1778642529.1130788,493.11436557769775,2812,rx,2730,16000,1,pcm_u8,2730,0.17106318473815918
1778642529.287778,493.2890646457672,2813,rx,2730,16000,1,pcm_u8,2730,0.174699068069458
1778642529.4544835,493.45577025413513,2814,rx,2730,16000,1,pcm_u8,2730,0.16670560836791992
1778642529.6254292,493.6267158985138,2815,rx,2730,16000,1,pcm_u8,2730,0.1709456443786621
1778642529.7981806,493.79946732521057,2816,rx,2730,16000,1,pcm_u8,2730,0.17275142669677734
1778642529.966986,493.96827268600464,2817,rx,2730,16000,1,pcm_u8,2730,0.16880536079406738
1778642530.1367612,494.1380479335785,2818,rx,2730,16000,1,pcm_u8,2730,0.16977524757385254
1778642530.309506,494.31079268455505,2819,rx,2730,16000,1,pcm_u8,2730,0.1727447509765625
1778642530.4801762,494.48146295547485,2820,rx,2730,16000,1,pcm_u8,2730,0.1706702709197998
1778642530.6489432,494.6502299308777,2821,rx,2730,16000,1,pcm_u8,2730,0.16876697540283203
1778642530.8201704,494.82145714759827,2822,rx,2730,16000,1,pcm_u8,2730,0.17122721672058105
1778642530.994774,494.9960608482361,2823,rx,2730,16000,1,pcm_u8,2730,0.17460370063781738
1778642531.1638153,495.1651020050049,2824,rx,2730,16000,1,pcm_u8,2730,0.16904115676879883
1778642531.3404295,495.34171628952026,2825,rx,2730,16000,1,pcm_u8,2730,0.17661428451538086
1778642531.5051937,495.50648045539856,2826,rx,2730,16000,1,pcm_u8,2730,0.1647641658782959
1778642531.6764822,495.67776894569397,2827,rx,2730,16000,1,pcm_u8,2730,0.17128849029541016
1778642531.8492916,495.85057830810547,2828,rx,2730,16000,1,pcm_u8,2730,0.17280936241149902
1778642532.0214312,496.02271795272827,2829,rx,2730,16000,1,pcm_u8,2730,0.17213964462280273
1778642532.1896358,496.190922498703,2830,rx,2730,16000,1,pcm_u8,2730,0.16820454597473145
1778642532.361527,496.3628137111664,2831,rx,2730,16000,1,pcm_u8,2730,0.1718912124633789
1778642532.5339282,496.53521490097046,2832,rx,2730,16000,1,pcm_u8,2730,0.17240118980407715
1778642532.7011564,496.70244312286377,2833,rx,2730,16000,1,pcm_u8,2730,0.16722822189331055
1778642532.875603,496.87688970565796,2834,rx,2730,16000,1,pcm_u8,2730,0.17444658279418945
1778642533.039617,497.0409038066864,2835,rx,2730,16000,1,pcm_u8,2730,0.16401410102844238
1778642533.2089343,497.2102210521698,2836,rx,2730,16000,1,pcm_u8,2730,0.16931724548339844
1778642533.3900616,497.391348361969,2837,rx,2730,16000,1,pcm_u8,2730,0.18112730979919434
1778642533.5504937,497.551780462265,2838,rx,2730,16000,1,pcm_u8,2730,0.1604321002960205
1778642533.725491,497.72677779197693,2839,rx,2730,16000,1,pcm_u8,2730,0.17499732971191406
1778642533.891405,497.89269185066223,2840,rx,2730,16000,1,pcm_u8,2730,0.16591405868530273
1778642534.0633976,498.06468439102173,2841,rx,2730,16000,1,pcm_u8,2730,0.17199254035949707
1778642534.2392743,498.24056100845337,2842,rx,2730,16000,1,pcm_u8,2730,0.17587661743164062
1778642534.4037704,498.40505719184875,2843,rx,2730,16000,1,pcm_u8,2730,0.16449618339538574
1778642534.5743415,498.57562828063965,2844,rx,2730,16000,1,pcm_u8,2730,0.17057108879089355
1778642534.7457669,498.74705362319946,2845,rx,2730,16000,1,pcm_u8,2730,0.17142534255981445
1778642534.91707,498.9183566570282,2846,rx,2730,16000,1,pcm_u8,2730,0.17130303382873535
1778642535.0866141,499.0879008769989,2847,rx,2730,16000,1,pcm_u8,2730,0.16954421997070312
1778642535.2603168,499.2616035938263,2848,rx,2730,16000,1,pcm_u8,2730,0.17370271682739258
1778642535.4351048,499.43639159202576,2849,rx,2730,16000,1,pcm_u8,2730,0.1747879981994629
1778642535.59918,499.60046672821045,2850,rx,2730,16000,1,pcm_u8,2730,0.16407513618469238
1778642535.7697148,499.7710015773773,2851,rx,2730,16000,1,pcm_u8,2730,0.17053484916687012
1778642535.9397929,499.94107961654663,2852,rx,2730,16000,1,pcm_u8,2730,0.17007803916931152
1778642536.11083,500.11211681365967,2853,rx,2730,16000,1,pcm_u8,2730,0.1710371971130371
1778642536.2844133,500.28570008277893,2854,rx,2730,16000,1,pcm_u8,2730,0.1735832691192627
1778642536.4521265,500.45341324806213,2855,rx,2730,16000,1,pcm_u8,2730,0.16771316528320312
1778642536.6296613,500.6309480667114,2856,rx,2730,16000,1,pcm_u8,2730,0.177534818649292
1778642536.793134,500.79442071914673,2857,rx,2730,16000,1,pcm_u8,2730,0.16347265243530273
1778642536.9643183,500.96560502052307,2858,rx,2730,16000,1,pcm_u8,2730,0.17118430137634277
1778642537.134528,501.13581466674805,2859,rx,2730,16000,1,pcm_u8,2730,0.17020964622497559
1778642537.3055484,501.30683517456055,2860,rx,2730,16000,1,pcm_u8,2730,0.1710205078125
1778642537.477409,501.4786956310272,2861,rx,2730,16000,1,pcm_u8,2730,0.1718604564666748
1778642537.6472774,501.6485641002655,2862,rx,2730,16000,1,pcm_u8,2730,0.16986846923828125
1778642537.8184059,501.81969261169434,2863,rx,2730,16000,1,pcm_u8,2730,0.171128511428833
1778642537.995391,501.9966776371002,2864,rx,2730,16000,1,pcm_u8,2730,0.1769850254058838
1778642538.1637328,502.1650195121765,2865,rx,2730,16000,1,pcm_u8,2730,0.16834187507629395
1778642538.3322222,502.33350896835327,2866,rx,2730,16000,1,pcm_u8,2730,0.1684894561767578
1778642538.5056329,502.50691962242126,2867,rx,2730,16000,1,pcm_u8,2730,0.17341065406799316
1778642538.6775887,502.6788754463196,2868,rx,2730,16000,1,pcm_u8,2730,0.17195582389831543
1778642538.8449383,502.84622502326965,2869,rx,2730,16000,1,pcm_u8,2730,0.16734957695007324
1778642539.0176072,503.01889395713806,2870,rx,2730,16000,1,pcm_u8,2730,0.1726689338684082
1778642539.1904986,503.19178533554077,2871,rx,2730,16000,1,pcm_u8,2730,0.17289137840270996
1778642539.3573604,503.358647108078,2872,rx,2730,16000,1,pcm_u8,2730,0.16686177253723145
1778642539.5308492,503.53213596343994,2873,rx,2730,16000,1,pcm_u8,2730,0.17348885536193848
1778642539.6944463,503.69573307037354,2874,rx,2730,16000,1,pcm_u8,2730,0.16359710693359375
1778642539.866417,503.86770367622375,2875,rx,2730,16000,1,pcm_u8,2730,0.17197060585021973
1778642540.036445,504.03773164749146,2876,rx,2730,16000,1,pcm_u8,2730,0.1700279712677002
1778642540.2072494,504.2085361480713,2877,rx,2730,16000,1,pcm_u8,2730,0.17080450057983398
1778642540.3872674,504.3885540962219,2878,rx,2730,16000,1,pcm_u8,2730,0.18001794815063477
1778642540.5480998,504.54938650131226,2879,rx,2730,16000,1,pcm_u8,2730,0.16083240509033203
1778642540.72364,504.7249267101288,2880,rx,2730,16000,1,pcm_u8,2730,0.17554020881652832
1778642540.889299,504.89058566093445,2881,rx,2730,16000,1,pcm_u8,2730,0.16565895080566406
1778642541.0603366,505.06162333488464,2882,rx,2730,16000,1,pcm_u8,2730,0.1710376739501953
1778642541.23583,505.23711681365967,2883,rx,2730,16000,1,pcm_u8,2730,0.17549347877502441
1778642541.4014773,505.40276408195496,2884,rx,2730,16000,1,pcm_u8,2730,0.16564726829528809
1778642541.5744443,505.57573103904724,2885,rx,2730,16000,1,pcm_u8,2730,0.17296695709228516
1778642541.7463574,505.7476441860199,2886,rx,2730,16000,1,pcm_u8,2730,0.17191314697265625
1778642541.9134617,505.9147484302521,2887,rx,2730,16000,1,pcm_u8,2730,0.16710424423217773
1778642542.0841475,506.0854341983795,2888,rx,2730,16000,1,pcm_u8,2730,0.1706857681274414
1778642542.2543664,506.2556531429291,2889,rx,2730,16000,1,pcm_u8,2730,0.17021894454956055
1778642542.4257288,506.427015542984,2890,rx,2730,16000,1,pcm_u8,2730,0.17136240005493164
1778642542.5971696,506.59845638275146,2891,rx,2730,16000,1,pcm_u8,2730,0.17144083976745605
1778642542.7673898,506.7686765193939,2892,rx,2730,16000,1,pcm_u8,2730,0.17022013664245605
1778642542.9406857,506.94197249412537,2893,rx,2730,16000,1,pcm_u8,2730,0.1732959747314453
1778642543.1091697,507.1104564666748,2894,rx,2730,16000,1,pcm_u8,2730,0.16848397254943848
1778642543.281901,507.28318762779236,2895,rx,2730,16000,1,pcm_u8,2730,0.1727311611175537
1778642543.450093,507.451379776001,2896,rx,2730,16000,1,pcm_u8,2730,0.16819214820861816
1778642543.6220915,507.62337827682495,2897,rx,2730,16000,1,pcm_u8,2730,0.1719985008239746
1778642543.7917063,507.79299306869507,2898,rx,2730,16000,1,pcm_u8,2730,0.1696147918701172
1778642543.9615235,507.96281027793884,2899,rx,2730,16000,1,pcm_u8,2730,0.16981720924377441
1778642544.141174,508.1424608230591,2900,rx,2730,16000,1,pcm_u8,2730,0.17965054512023926
1778642544.3064966,508.30778336524963,2901,rx,2730,16000,1,pcm_u8,2730,0.16532254219055176
1778642544.4757607,508.4770474433899,2902,rx,2730,16000,1,pcm_u8,2730,0.1692640781402588
1778642544.6495807,508.6508674621582,2903,rx,2730,16000,1,pcm_u8,2730,0.17382001876831055
1778642544.820067,508.82135367393494,2904,rx,2730,16000,1,pcm_u8,2730,0.1704862117767334
1778642544.9906073,508.9918940067291,2905,rx,2730,16000,1,pcm_u8,2730,0.17054033279418945
1778642545.1631014,509.16438817977905,2906,rx,2730,16000,1,pcm_u8,2730,0.17249417304992676
1778642545.33358,509.33486676216125,2907,rx,2730,16000,1,pcm_u8,2730,0.17047858238220215
1778642545.5025234,509.5038101673126,2908,rx,2730,16000,1,pcm_u8,2730,0.1689434051513672
1778642545.6776314,509.67891812324524,2909,rx,2730,16000,1,pcm_u8,2730,0.1751079559326172
1778642545.8450992,509.84638595581055,2910,rx,2730,16000,1,pcm_u8,2730,0.16746783256530762
1778642546.0168314,510.01811814308167,2911,rx,2730,16000,1,pcm_u8,2730,0.17173218727111816
1778642546.1895056,510.1907923221588,2912,rx,2730,16000,1,pcm_u8,2730,0.17267417907714844
1778642546.3511345,510.3524212837219,2913,rx,2730,16000,1,pcm_u8,2730,0.16162896156311035
1778642546.5274086,510.5286953449249,2914,rx,2730,16000,1,pcm_u8,2730,0.17627406120300293
1778642546.6949155,510.6962022781372,2915,rx,2730,16000,1,pcm_u8,2730,0.16750693321228027
1778642546.8639252,510.86521196365356,2916,rx,2730,16000,1,pcm_u8,2730,0.16900968551635742
1778642547.0332987,511.03458547592163,2917,rx,2730,16000,1,pcm_u8,2730,0.1693735122680664
1778642547.2042172,511.2055039405823,2918,rx,2730,16000,1,pcm_u8,2730,0.17091846466064453
1778642547.3800385,511.38132524490356,2919,rx,2730,16000,1,pcm_u8,2730,0.17582130432128906
1778642547.54629,511.5475766658783,2920,rx,2730,16000,1,pcm_u8,2730,0.16625142097473145
1778642547.7175484,511.71883511543274,2921,rx,2730,16000,1,pcm_u8,2730,0.17125844955444336
1778642547.8869386,511.88822531700134,2922,rx,2730,16000,1,pcm_u8,2730,0.16939020156860352
1778642548.058437,512.0597238540649,2923,rx,2730,16000,1,pcm_u8,2730,0.17149853706359863
1778642548.2305515,512.2318382263184,2924,rx,2730,16000,1,pcm_u8,2730,0.17211437225341797
1778642548.4001203,512.4014070034027,2925,rx,2730,16000,1,pcm_u8,2730,0.16956877708435059
1778642548.5750864,512.5763731002808,2926,rx,2730,16000,1,pcm_u8,2730,0.17496609687805176
1778642548.7402942,512.7415809631348,2927,rx,2730,16000,1,pcm_u8,2730,0.1652078628540039
1778642548.9114447,512.9127314090729,2928,rx,2730,16000,1,pcm_u8,2730,0.17115044593811035
1778642549.08303,513.0843167304993,2929,rx,2730,16000,1,pcm_u8,2730,0.1715853214263916
1778642549.2526786,513.2539653778076,2930,rx,2730,16000,1,pcm_u8,2730,0.1696486473083496
1778642549.425596,513.4268827438354,2931,rx,2730,16000,1,pcm_u8,2730,0.17291736602783203
1778642549.5943158,513.5956025123596,2932,rx,2730,16000,1,pcm_u8,2730,0.16871976852416992
1778642549.7647102,513.7659969329834,2933,rx,2730,16000,1,pcm_u8,2730,0.1703944206237793
1778642549.9360545,513.9373412132263,2934,rx,2730,16000,1,pcm_u8,2730,0.17134428024291992
1778642550.1061518,514.1074385643005,2935,rx,2730,16000,1,pcm_u8,2730,0.17009735107421875
1778642550.2852848,514.2865715026855,2936,rx,2730,16000,1,pcm_u8,2730,0.17913293838500977
1778642550.447232,514.4485187530518,2937,rx,2730,16000,1,pcm_u8,2730,0.16194725036621094
1778642550.6221063,514.6233930587769,2938,rx,2730,16000,1,pcm_u8,2730,0.17487430572509766
1778642550.7886517,514.7899384498596,2939,rx,2730,16000,1,pcm_u8,2730,0.16654539108276367
1778642550.9591722,514.9604589939117,2940,rx,2730,16000,1,pcm_u8,2730,0.17052054405212402
1778642551.129924,515.1312108039856,2941,rx,2730,16000,1,pcm_u8,2730,0.17075181007385254
1778642551.3061185,515.3074052333832,2942,rx,2730,16000,1,pcm_u8,2730,0.176194429397583
1778642551.4765856,515.4778723716736,2943,rx,2730,16000,1,pcm_u8,2730,0.17046713829040527
1778642551.64881,515.650096654892,2944,rx,2730,16000,1,pcm_u8,2730,0.1722242832183838
1778642551.8183603,515.8196470737457,2945,rx,2730,16000,1,pcm_u8,2730,0.16955041885375977
1778642551.9880092,515.9892959594727,2946,rx,2730,16000,1,pcm_u8,2730,0.1696488857269287
1778642552.1574726,516.158759355545,2947,rx,2730,16000,1,pcm_u8,2730,0.1694633960723877
1778642552.331487,516.3327736854553,2948,rx,2730,16000,1,pcm_u8,2730,0.17401432991027832
1778642552.5003676,516.5016543865204,2949,rx,2730,16000,1,pcm_u8,2730,0.16888070106506348
1778642552.6742988,516.6755855083466,2950,rx,2730,16000,1,pcm_u8,2730,0.17393112182617188
1778642552.917714,516.9190008640289,2951,rx,2730,16000,1,pcm_u8,2730,0.24341535568237305
1778642553.009208,517.0104947090149,2952,rx,2730,16000,1,pcm_u8,2730,0.09149384498596191
1778642553.179959,517.181245803833,2953,rx,2730,16000,1,pcm_u8,2730,0.17075109481811523
1778642553.3488896,517.3501763343811,2954,rx,2730,16000,1,pcm_u8,2730,0.1689305305480957
1778642553.5202367,517.521523475647,2955,rx,2730,16000,1,pcm_u8,2730,0.17134714126586914
1778642553.6901784,517.691465139389,2956,rx,2730,16000,1,pcm_u8,2730,0.16994166374206543
1778642553.8612251,517.8625118732452,2957,rx,2730,16000,1,pcm_u8,2730,0.17104673385620117
1778642554.034611,518.035897731781,2958,rx,2730,16000,1,pcm_u8,2730,0.1733858585357666
1778642554.20239,518.203676700592,2959,rx,2730,16000,1,pcm_u8,2730,0.16777896881103516
1778642554.3800697,518.3813564777374,2960,rx,2730,16000,1,pcm_u8,2730,0.17767977714538574
1778642554.5437994,518.545086145401,2961,rx,2730,16000,1,pcm_u8,2730,0.16372966766357422
1778642554.7175105,518.7187972068787,2962,rx,2730,16000,1,pcm_u8,2730,0.17371106147766113
1778642554.8899245,518.891211271286,2963,rx,2730,16000,1,pcm_u8,2730,0.17241406440734863
1778642555.0559886,519.0572752952576,2964,rx,2730,16000,1,pcm_u8,2730,0.16606402397155762
1778642555.235604,519.2368907928467,2965,rx,2730,16000,1,pcm_u8,2730,0.17961549758911133
1778642555.3969753,519.3982620239258,2966,rx,2730,16000,1,pcm_u8,2730,0.16137123107910156
1778642555.5682485,519.5695352554321,2967,rx,2730,16000,1,pcm_u8,2730,0.17127323150634766
1778642555.7382398,519.7395265102386,2968,rx,2730,16000,1,pcm_u8,2730,0.16999125480651855
1778642555.9156818,519.9169685840607,2969,rx,2730,16000,1,pcm_u8,2730,0.17744207382202148
1778642556.086384,520.0876708030701,2970,rx,2730,16000,1,pcm_u8,2730,0.17070221900939941
1778642556.2506108,520.2518975734711,2971,rx,2730,16000,1,pcm_u8,2730,0.16422677040100098
1778642556.4284852,520.429771900177,2972,rx,2730,16000,1,pcm_u8,2730,0.17787432670593262
1778642556.5935369,520.5948235988617,2973,rx,2730,16000,1,pcm_u8,2730,0.16505169868469238
1778642556.7622473,520.7635340690613,2974,rx,2730,16000,1,pcm_u8,2730,0.16871047019958496
1778642556.9334764,520.9347631931305,2975,rx,2730,16000,1,pcm_u8,2730,0.17122912406921387
1778642557.105722,521.1070086956024,2976,rx,2730,16000,1,pcm_u8,2730,0.17224550247192383
1778642557.284809,521.2860958576202,2977,rx,2730,16000,1,pcm_u8,2730,0.17908716201782227
1778642557.4477427,521.4490294456482,2978,rx,2730,16000,1,pcm_u8,2730,0.1629335880279541
1778642557.6194615,521.6207482814789,2979,rx,2730,16000,1,pcm_u8,2730,0.17171883583068848
1778642557.7888772,521.7901639938354,2980,rx,2730,16000,1,pcm_u8,2730,0.16941571235656738
1778642557.9632375,521.964524269104,2981,rx,2730,16000,1,pcm_u8,2730,0.1743602752685547
1778642558.1323483,522.1336350440979,2982,rx,2730,16000,1,pcm_u8,2730,0.16911077499389648
1778642558.2982633,522.2995500564575,2983,rx,2730,16000,1,pcm_u8,2730,0.16591501235961914
1778642558.477718,522.4790048599243,2984,rx,2730,16000,1,pcm_u8,2730,0.17945480346679688
1778642558.6399946,522.6412813663483,2985,rx,2730,16000,1,pcm_u8,2730,0.1622765064239502
1778642558.8112624,522.8125491142273,2986,rx,2730,16000,1,pcm_u8,2730,0.17126774787902832
1778642558.9823933,522.9836800098419,2987,rx,2730,16000,1,pcm_u8,2730,0.17113089561462402
1778642559.1566496,523.15793633461,2988,rx,2730,16000,1,pcm_u8,2730,0.1742563247680664
1778642559.3270934,523.3283801078796,2989,rx,2730,16000,1,pcm_u8,2730,0.17044377326965332
1778642559.4935117,523.4947984218597,2990,rx,2730,16000,1,pcm_u8,2730,0.16641831398010254
1778642559.6674504,523.6687371730804,2991,rx,2730,16000,1,pcm_u8,2730,0.17393875122070312
1778642559.8353202,523.8366069793701,2992,rx,2730,16000,1,pcm_u8,2730,0.16786980628967285
1778642560.0056174,524.0069041252136,2993,rx,2730,16000,1,pcm_u8,2730,0.17029714584350586
1778642560.1792183,524.1805050373077,2994,rx,2730,16000,1,pcm_u8,2730,0.1736009120941162
1778642560.3463871,524.3476738929749,2995,rx,2730,16000,1,pcm_u8,2730,0.16716885566711426
1778642560.5183294,524.5196161270142,2996,rx,2730,16000,1,pcm_u8,2730,0.17194223403930664
1778642560.6875803,524.6888670921326,2997,rx,2730,16000,1,pcm_u8,2730,0.1692509651184082
1778642560.8599448,524.8612315654755,2998,rx,2730,16000,1,pcm_u8,2730,0.1723644733428955
1778642561.0289211,525.0302078723907,2999,rx,2730,16000,1,pcm_u8,2730,0.1689763069152832
1778642561.2003782,525.2016649246216,3000,rx,2730,16000,1,pcm_u8,2730,0.17145705223083496
1778642561.3729446,525.374231338501,3001,rx,2730,16000,1,pcm_u8,2730,0.17256641387939453
1778642561.5431225,525.5444092750549,3002,rx,2730,16000,1,pcm_u8,2730,0.17017793655395508
1778642561.7119439,525.7132306098938,3003,rx,2730,16000,1,pcm_u8,2730,0.1688213348388672
1778642561.8839424,525.8852291107178,3004,rx,2730,16000,1,pcm_u8,2730,0.1719985008239746
1778642562.0533445,526.0546312332153,3005,rx,2730,16000,1,pcm_u8,2730,0.1694021224975586
1778642562.2282166,526.2295033931732,3006,rx,2730,16000,1,pcm_u8,2730,0.17487215995788574
1778642562.395216,526.3965027332306,3007,rx,2730,16000,1,pcm_u8,2730,0.16699934005737305
1778642562.5736322,526.5749189853668,3008,rx,2730,16000,1,pcm_u8,2730,0.17841625213623047
1778642562.739567,526.7408537864685,3009,rx,2730,16000,1,pcm_u8,2730,0.16593480110168457
1778642562.9105656,526.9118523597717,3010,rx,2730,16000,1,pcm_u8,2730,0.17099857330322266
1778642563.0780406,527.0793273448944,3011,rx,2730,16000,1,pcm_u8,2730,0.16747498512268066
1778642563.253199,527.2544858455658,3012,rx,2730,16000,1,pcm_u8,2730,0.17515850067138672
1778642563.4256122,527.4268989562988,3013,rx,2730,16000,1,pcm_u8,2730,0.17241311073303223
1778642563.59452,527.5958068370819,3014,rx,2730,16000,1,pcm_u8,2730,0.16890788078308105
1778642563.7643614,527.7656481266022,3015,rx,2730,16000,1,pcm_u8,2730,0.16984128952026367
1778642563.935055,527.9363417625427,3016,rx,2730,16000,1,pcm_u8,2730,0.17069363594055176
1778642564.1057904,528.1070771217346,3017,rx,2730,16000,1,pcm_u8,2730,0.17073535919189453
1778642564.2766566,528.2779433727264,3018,rx,2730,16000,1,pcm_u8,2730,0.1708662509918213
1778642564.4478655,528.4491522312164,3019,rx,2730,16000,1,pcm_u8,2730,0.17120885848999023
1778642564.6217823,528.6230690479279,3020,rx,2730,16000,1,pcm_u8,2730,0.17391681671142578
1778642564.7840028,528.7852895259857,3021,rx,2730,16000,1,pcm_u8,2730,0.16222047805786133
1778642564.955376,528.9566626548767,3022,rx,2730,16000,1,pcm_u8,2730,0.1713731288909912
1778642565.1298647,529.1311514377594,3023,rx,2730,16000,1,pcm_u8,2730,0.17448878288269043
1778642565.2960978,529.2973845005035,3024,rx,2730,16000,1,pcm_u8,2730,0.16623306274414062
1778642565.4708219,529.4721086025238,3025,rx,2730,16000,1,pcm_u8,2730,0.17472410202026367
1778642565.6398304,529.6411170959473,3026,rx,2730,16000,1,pcm_u8,2730,0.16900849342346191
1778642565.8094134,529.8107001781464,3027,rx,2730,16000,1,pcm_u8,2730,0.16958308219909668
1778642565.9820786,529.9833652973175,3028,rx,2730,16000,1,pcm_u8,2730,0.17266511917114258
1778642566.1523736,530.1536602973938,3029,rx,2730,16000,1,pcm_u8,2730,0.17029500007629395
1778642566.323433,530.3247196674347,3030,rx,2730,16000,1,pcm_u8,2730,0.17105937004089355
1778642566.4918318,530.4931185245514,3031,rx,2730,16000,1,pcm_u8,2730,0.16839885711669922
1778642566.6695318,530.670818567276,3032,rx,2730,16000,1,pcm_u8,2730,0.17770004272460938
1778642566.8329043,530.8341910839081,3033,rx,2730,16000,1,pcm_u8,2730,0.16337251663208008
1778642567.0028422,531.0041289329529,3034,rx,2730,16000,1,pcm_u8,2730,0.1699378490447998
1778642567.174487,531.175773859024,3035,rx,2730,16000,1,pcm_u8,2730,0.171644926071167
1778642567.3438914,531.3451781272888,3036,rx,2730,16000,1,pcm_u8,2730,0.1694042682647705
1778642567.5154755,531.5167622566223,3037,rx,2730,16000,1,pcm_u8,2730,0.1715841293334961
1778642567.685931,531.6872177124023,3038,rx,2730,16000,1,pcm_u8,2730,0.1704554557800293
1778642567.8565197,531.8578064441681,3039,rx,2730,16000,1,pcm_u8,2730,0.17058873176574707
1778642568.027279,532.0285656452179,3040,rx,2730,16000,1,pcm_u8,2730,0.1707592010498047
1778642568.1974096,532.1986963748932,3041,rx,2730,16000,1,pcm_u8,2730,0.17013072967529297
1778642568.3748407,532.3761274814606,3042,rx,2730,16000,1,pcm_u8,2730,0.1774311065673828
1778642568.5382833,532.5395700931549,3043,rx,2730,16000,1,pcm_u8,2730,0.16344261169433594
1778642568.7097504,532.7110371589661,3044,rx,2730,16000,1,pcm_u8,2730,0.17146706581115723
1778642568.883231,532.8845176696777,3045,rx,2730,16000,1,pcm_u8,2730,0.17348051071166992
1778642569.052056,533.0533428192139,3046,rx,2730,16000,1,pcm_u8,2730,0.1688251495361328
1778642569.2266543,533.2279410362244,3047,rx,2730,16000,1,pcm_u8,2730,0.17459821701049805
1778642569.3923442,533.3936309814453,3048,rx,2730,16000,1,pcm_u8,2730,0.16568994522094727
1778642569.5724823,533.5737690925598,3049,rx,2730,16000,1,pcm_u8,2730,0.18013811111450195
1778642569.7386518,533.7399384975433,3050,rx,2730,16000,1,pcm_u8,2730,0.1661694049835205
1778642569.9084969,533.9097836017609,3051,rx,2730,16000,1,pcm_u8,2730,0.1698451042175293
1778642570.0801804,534.0814671516418,3052,rx,2730,16000,1,pcm_u8,2730,0.17168354988098145
1778642570.2500708,534.2513575553894,3053,rx,2730,16000,1,pcm_u8,2730,0.1698904037475586
1778642570.4255464,534.426833152771,3054,rx,2730,16000,1,pcm_u8,2730,0.1754755973815918
1778642570.591147,534.5924336910248,3055,rx,2730,16000,1,pcm_u8,2730,0.16560053825378418
1778642570.7644842,534.7657709121704,3056,rx,2730,16000,1,pcm_u8,2730,0.17333722114562988
1778642570.9317768,534.9330635070801,3057,rx,2730,16000,1,pcm_u8,2730,0.16729259490966797
1778642571.105029,535.1063158512115,3058,rx,2730,16000,1,pcm_u8,2730,0.17325234413146973
1778642571.2765589,535.277845621109,3059,rx,2730,16000,1,pcm_u8,2730,0.17152976989746094
1778642571.449742,535.4510288238525,3060,rx,2730,16000,1,pcm_u8,2730,0.17318320274353027
1778642571.6198988,535.621185541153,3061,rx,2730,16000,1,pcm_u8,2730,0.17015671730041504
1778642571.7878408,535.7891275882721,3062,rx,2730,16000,1,pcm_u8,2730,0.16794204711914062
1778642571.956399,535.9576857089996,3063,rx,2730,16000,1,pcm_u8,2730,0.16855812072753906
1778642572.1229901,536.1242768764496,3064,rx,2730,16000,1,pcm_u8,2730,0.16659116744995117
1778642572.2938483,536.2951350212097,3065,rx,2730,16000,1,pcm_u8,2730,0.17085814476013184
1778642572.4677482,536.469034910202,3066,rx,2730,16000,1,pcm_u8,2730,0.17389988899230957
1778642572.635611,536.6368978023529,3067,rx,2730,16000,1,pcm_u8,2730,0.1678628921508789
1778642572.80663,536.8079166412354,3068,rx,2730,16000,1,pcm_u8,2730,0.1710188388824463
1778642572.9767718,536.9780585765839,3069,rx,2730,16000,1,pcm_u8,2730,0.17014193534851074
1778642573.1470287,537.1483154296875,3070,rx,2730,16000,1,pcm_u8,2730,0.1702568531036377
1778642573.323843,537.3251297473907,3071,rx,2730,16000,1,pcm_u8,2730,0.17681431770324707
1778642573.4893582,537.4906449317932,3072,rx,2730,16000,1,pcm_u8,2730,0.16551518440246582
1778642573.6593387,537.6606254577637,3073,rx,2730,16000,1,pcm_u8,2730,0.16998052597045898
1778642573.8952653,537.8965520858765,3074,rx,2730,16000,1,pcm_u8,2730,0.23592662811279297
1778642574.0004485,538.0017352104187,3075,rx,2730,16000,1,pcm_u8,2730,0.10518312454223633
1778642574.1785674,538.1798541545868,3076,rx,2730,16000,1,pcm_u8,2730,0.17811894416809082
1778642574.3424401,538.3437268733978,3077,rx,2730,16000,1,pcm_u8,2730,0.16387271881103516
1778642574.5145273,538.5158140659332,3078,rx,2730,16000,1,pcm_u8,2730,0.1720871925354004
1778642574.6833286,538.6846153736115,3079,rx,2730,16000,1,pcm_u8,2730,0.16880130767822266
1778642574.8589313,538.8602180480957,3080,rx,2730,16000,1,pcm_u8,2730,0.17560267448425293
1778642575.0278265,539.0291132926941,3081,rx,2730,16000,1,pcm_u8,2730,0.16889524459838867
1778642575.1957467,539.197033405304,3082,rx,2730,16000,1,pcm_u8,2730,0.16792011260986328
1778642575.3719912,539.3732779026031,3083,rx,2730,16000,1,pcm_u8,2730,0.17624449729919434
1778642575.5429,539.5441868305206,3084,rx,2730,16000,1,pcm_u8,2730,0.17090892791748047
1778642575.709312,539.7105987071991,3085,rx,2730,16000,1,pcm_u8,2730,0.1664118766784668
1778642575.881692,539.8829786777496,3086,rx,2730,16000,1,pcm_u8,2730,0.1723799705505371
1778642576.049106,540.0503926277161,3087,rx,2730,16000,1,pcm_u8,2730,0.16741394996643066
1778642576.2305086,540.2317953109741,3088,rx,2730,16000,1,pcm_u8,2730,0.18140268325805664
1778642576.3899074,540.3911941051483,3089,rx,2730,16000,1,pcm_u8,2730,0.15939879417419434
1778642576.5605617,540.5618484020233,3090,rx,2730,16000,1,pcm_u8,2730,0.170654296875
1778642576.7312381,540.7325248718262,3091,rx,2730,16000,1,pcm_u8,2730,0.17067646980285645
1778642576.9024184,540.9037051200867,3092,rx,2730,16000,1,pcm_u8,2730,0.17118024826049805
1778642577.0836525,541.0849392414093,3093,rx,2730,16000,1,pcm_u8,2730,0.18123412132263184
1778642577.2482939,541.2495806217194,3094,rx,2730,16000,1,pcm_u8,2730,0.1646413803100586
1778642577.4236991,541.4249858856201,3095,rx,2730,16000,1,pcm_u8,2730,0.17540526390075684
1778642577.5889876,541.5902743339539,3096,rx,2730,16000,1,pcm_u8,2730,0.16528844833374023
1778642577.7595873,541.7608740329742,3097,rx,2730,16000,1,pcm_u8,2730,0.17059969902038574
1778642577.9318717,541.9331583976746,3098,rx,2730,16000,1,pcm_u8,2730,0.17228436470031738
1778642578.1029823,542.10426902771,3099,rx,2730,16000,1,pcm_u8,2730,0.1711106300354004
1778642578.2712173,542.2725040912628,3100,rx,2730,16000,1,pcm_u8,2730,0.16823506355285645
1778642578.4423034,542.4435901641846,3101,rx,2730,16000,1,pcm_u8,2730,0.17108607292175293
1778642578.6142502,542.6155369281769,3102,rx,2730,16000,1,pcm_u8,2730,0.17194676399230957
1778642578.784329,542.7856156826019,3103,rx,2730,16000,1,pcm_u8,2730,0.17007875442504883
1778642578.966168,542.9674546718597,3104,rx,2730,16000,1,pcm_u8,2730,0.1818389892578125
1778642579.1376152,543.1389019489288,3105,rx,2730,16000,1,pcm_u8,2730,0.1714472770690918
1778642579.2993662,543.3006529808044,3106,rx,2730,16000,1,pcm_u8,2730,0.16175103187561035
1778642579.4690616,543.4703483581543,3107,rx,2730,16000,1,pcm_u8,2730,0.16969537734985352
1778642579.6325488,543.6338355541229,3108,rx,2730,16000,1,pcm_u8,2730,0.16348719596862793
1778642579.803906,543.8051927089691,3109,rx,2730,16000,1,pcm_u8,2730,0.1713571548461914
1778642579.981472,543.9827587604523,3110,rx,2730,16000,1,pcm_u8,2730,0.1775660514831543
1778642580.145167,544.1464538574219,3111,rx,2730,16000,1,pcm_u8,2730,0.1636950969696045
1778642580.3201005,544.3213872909546,3112,rx,2730,16000,1,pcm_u8,2730,0.17493343353271484
1778642580.4866664,544.4879531860352,3113,rx,2730,16000,1,pcm_u8,2730,0.1665658950805664
1778642580.6591783,544.6604650020599,3114,rx,2730,16000,1,pcm_u8,2730,0.17251181602478027
1778642580.827672,544.8289587497711,3115,rx,2730,16000,1,pcm_u8,2730,0.16849374771118164
1778642580.9983237,544.9996104240417,3116,rx,2730,16000,1,pcm_u8,2730,0.17065167427062988
1778642581.1714544,545.1727411746979,3117,rx,2730,16000,1,pcm_u8,2730,0.17313075065612793
1778642581.3400173,545.341304063797,3118,rx,2730,16000,1,pcm_u8,2730,0.1685628890991211
1778642581.5180013,545.5192880630493,3119,rx,2730,16000,1,pcm_u8,2730,0.17798399925231934
1778642581.6826136,545.6839003562927,3120,rx,2730,16000,1,pcm_u8,2730,0.1646122932434082
1778642581.8527834,545.854070186615,3121,rx,2730,16000,1,pcm_u8,2730,0.17016983032226562
1778642582.0261846,546.0274713039398,3122,rx,2730,16000,1,pcm_u8,2730,0.1734011173248291
1778642582.1939926,546.1952793598175,3123,rx,2730,16000,1,pcm_u8,2730,0.16780805587768555
1778642582.367475,546.3687617778778,3124,rx,2730,16000,1,pcm_u8,2730,0.17348241806030273
1778642582.5342762,546.535562992096,3125,rx,2730,16000,1,pcm_u8,2730,0.16680121421813965
1778642582.7071218,546.7084085941315,3126,rx,2730,16000,1,pcm_u8,2730,0.17284560203552246
1778642582.875382,546.8766686916351,3127,rx,2730,16000,1,pcm_u8,2730,0.1682600975036621
1778642583.0467591,547.048045873642,3128,rx,2730,16000,1,pcm_u8,2730,0.17137718200683594
1778642583.216853,547.2181396484375,3129,rx,2730,16000,1,pcm_u8,2730,0.17009377479553223
1778642583.387762,547.3890488147736,3130,rx,2730,16000,1,pcm_u8,2730,0.17090916633605957
1778642583.5589774,547.5602641105652,3131,rx,2730,16000,1,pcm_u8,2730,0.17121529579162598
1778642583.7299013,547.7311880588531,3132,rx,2730,16000,1,pcm_u8,2730,0.17092394828796387
1778642583.8999245,547.9012112617493,3133,rx,2730,16000,1,pcm_u8,2730,0.17002320289611816
1778642584.0740979,548.0753846168518,3134,rx,2730,16000,1,pcm_u8,2730,0.17417335510253906
1778642584.2415626,548.2428493499756,3135,rx,2730,16000,1,pcm_u8,2730,0.1674647331237793
1778642584.4174948,548.4187815189362,3136,rx,2730,16000,1,pcm_u8,2730,0.1759321689605713
1778642584.5864651,548.587751865387,3137,rx,2730,16000,1,pcm_u8,2730,0.16897034645080566
1778642584.7575116,548.7587983608246,3138,rx,2730,16000,1,pcm_u8,2730,0.17104649543762207
1778642584.929888,548.9311747550964,3139,rx,2730,16000,1,pcm_u8,2730,0.17237639427185059
1778642585.0957532,549.097039937973,3140,rx,2730,16000,1,pcm_u8,2730,0.16586518287658691
1778642585.2695358,549.2708225250244,3141,rx,2730,16000,1,pcm_u8,2730,0.1737825870513916
1778642585.436726,549.4380128383636,3142,rx,2730,16000,1,pcm_u8,2730,0.1671903133392334
1778642585.6066592,549.6079459190369,3143,rx,2730,16000,1,pcm_u8,2730,0.16993308067321777
1778642585.777543,549.7788298130035,3144,rx,2730,16000,1,pcm_u8,2730,0.1708838939666748
1778642585.9478939,549.9491806030273,3145,rx,2730,16000,1,pcm_u8,2730,0.1703507900238037
1778642586.1226444,550.1239311695099,3146,rx,2730,16000,1,pcm_u8,2730,0.17475056648254395
1778642586.2893,550.2905867099762,3147,rx,2730,16000,1,pcm_u8,2730,0.1666555404663086
1778642586.460933,550.4622197151184,3148,rx,2730,16000,1,pcm_u8,2730,0.17163300514221191
1778642586.6303756,550.6316623687744,3149,rx,2730,16000,1,pcm_u8,2730,0.16944265365600586
1778642586.8013153,550.8026020526886,3150,rx,2730,16000,1,pcm_u8,2730,0.17093968391418457
1778642586.9717712,550.9730579853058,3151,rx,2730,16000,1,pcm_u8,2730,0.1704559326171875
1778642587.1467304,551.148017168045,3152,rx,2730,16000,1,pcm_u8,2730,0.1749591827392578
1778642587.3198736,551.3211603164673,3153,rx,2730,16000,1,pcm_u8,2730,0.1731431484222412
1778642587.484175,551.4854617118835,3154,rx,2730,16000,1,pcm_u8,2730,0.16430139541625977
1778642587.6589499,551.6602365970612,3155,rx,2730,16000,1,pcm_u8,2730,0.1747748851776123
1778642587.825544,551.8268308639526,3156,rx,2730,16000,1,pcm_u8,2730,0.1665942668914795
1778642587.995679,551.9969656467438,3157,rx,2730,16000,1,pcm_u8,2730,0.1701347827911377
1778642588.1724348,552.1737215518951,3158,rx,2730,16000,1,pcm_u8,2730,0.1767559051513672
1778642588.3371203,552.3384070396423,3159,rx,2730,16000,1,pcm_u8,2730,0.16468548774719238
1778642588.5199833,552.5212700366974,3160,rx,2730,16000,1,pcm_u8,2730,0.1828629970550537
1778642588.6834407,552.6847274303436,3161,rx,2730,16000,1,pcm_u8,2730,0.16345739364624023
1778642588.8496304,552.8509171009064,3162,rx,2730,16000,1,pcm_u8,2730,0.16618967056274414
1778642589.020669,553.0219557285309,3163,rx,2730,16000,1,pcm_u8,2730,0.17103862762451172
1778642589.1918552,553.1931419372559,3164,rx,2730,16000,1,pcm_u8,2730,0.17118620872497559
1778642589.3619733,553.3632600307465,3165,rx,2730,16000,1,pcm_u8,2730,0.17011809349060059
1778642589.532221,553.5335078239441,3166,rx,2730,16000,1,pcm_u8,2730,0.17024779319763184
1778642589.7028906,553.7041773796082,3167,rx,2730,16000,1,pcm_u8,2730,0.1706695556640625
1778642589.8743875,553.8756742477417,3168,rx,2730,16000,1,pcm_u8,2730,0.17149686813354492
1778642590.0488296,554.0501163005829,3169,rx,2730,16000,1,pcm_u8,2730,0.17444205284118652
1778642590.2212598,554.2225465774536,3170,rx,2730,16000,1,pcm_u8,2730,0.17243027687072754
1778642590.3897092,554.3909959793091,3171,rx,2730,16000,1,pcm_u8,2730,0.16844940185546875
1778642590.5653512,554.5666379928589,3172,rx,2730,16000,1,pcm_u8,2730,0.1756420135498047
1778642590.732579,554.733865737915,3173,rx,2730,16000,1,pcm_u8,2730,0.16722774505615234
1778642590.89852,554.8998067378998,3174,rx,2730,16000,1,pcm_u8,2730,0.1659409999847412
1778642591.0694313,555.070718050003,3175,rx,2730,16000,1,pcm_u8,2730,0.17091131210327148
1778642591.2383559,555.2396426200867,3176,rx,2730,16000,1,pcm_u8,2730,0.16892457008361816
1778642591.4098403,555.4111270904541,3177,rx,2730,16000,1,pcm_u8,2730,0.17148447036743164
1778642591.5804675,555.5817542076111,3178,rx,2730,16000,1,pcm_u8,2730,0.17062711715698242
1778642591.7509246,555.7522113323212,3179,rx,2730,16000,1,pcm_u8,2730,0.170457124710083
1778642591.9214153,555.9227020740509,3180,rx,2730,16000,1,pcm_u8,2730,0.17049074172973633
1778642592.1009984,556.1022851467133,3181,rx,2730,16000,1,pcm_u8,2730,0.17958307266235352
1778642592.2725728,556.273859500885,3182,rx,2730,16000,1,pcm_u8,2730,0.17157435417175293
1778642592.4342792,556.4355659484863,3183,rx,2730,16000,1,pcm_u8,2730,0.16170644760131836
1778642592.60926,556.6105468273163,3184,rx,2730,16000,1,pcm_u8,2730,0.17498087882995605
1778642592.7742023,556.7754890918732,3185,rx,2730,16000,1,pcm_u8,2730,0.16494226455688477
1778642592.9451888,556.9464755058289,3186,rx,2730,16000,1,pcm_u8,2730,0.17098641395568848
1778642593.1163797,557.1176664829254,3187,rx,2730,16000,1,pcm_u8,2730,0.17119097709655762
1778642593.2868726,557.2881593704224,3188,rx,2730,16000,1,pcm_u8,2730,0.17049288749694824
1778642593.4581456,557.4594323635101,3189,rx,2730,16000,1,pcm_u8,2730,0.17127299308776855
1778642593.6303813,557.6316680908203,3190,rx,2730,16000,1,pcm_u8,2730,0.17223572731018066
1778642593.799242,557.8005287647247,3191,rx,2730,16000,1,pcm_u8,2730,0.16886067390441895
1778642593.9699447,557.9712314605713,3192,rx,2730,16000,1,pcm_u8,2730,0.17070269584655762
1778642594.1693525,558.1706392765045,3193,rx,2730,16000,1,pcm_u8,2730,0.19940781593322754
1778642594.369196,558.3704826831818,3194,rx,2730,16000,1,pcm_u8,2730,0.1998434066772461
1778642594.4824378,558.4837245941162,3195,rx,2730,16000,1,pcm_u8,2730,0.11324191093444824
1778642594.6785069,558.6797935962677,3196,rx,2730,16000,1,pcm_u8,2730,0.19606900215148926
1778642594.8274977,558.8287844657898,3197,rx,2730,16000,1,pcm_u8,2730,0.14899086952209473
1778642595.0440667,559.0453534126282,3198,rx,2730,16000,1,pcm_u8,2730,0.2165689468383789
1778642595.2537913,559.2550780773163,3199,rx,2730,16000,1,pcm_u8,2730,0.20972466468811035
1778642595.469219,559.4705057144165,3200,rx,2730,16000,1,pcm_u8,2730,0.21542763710021973
1778642595.5060182,559.5073049068451,3201,rx,2730,16000,1,pcm_u8,2730,0.03679919242858887
1778642595.6890311,559.6903178691864,3202,rx,2730,16000,1,pcm_u8,2730,0.1830129623413086
1778642595.8867984,559.8880851268768,3203,rx,2730,16000,1,pcm_u8,2730,0.1977672576904297
1778642596.0981522,560.0994389057159,3204,rx,2730,16000,1,pcm_u8,2730,0.21135377883911133
1778642596.2907472,560.2920339107513,3205,rx,2730,16000,1,pcm_u8,2730,0.1925950050354004
1778642596.4916549,560.4929416179657,3206,rx,2730,16000,1,pcm_u8,2730,0.20090770721435547
1778642596.5294285,560.5307152271271,3207,rx,2730,16000,1,pcm_u8,2730,0.03777360916137695
1778642596.7101855,560.7114722728729,3208,rx,2730,16000,1,pcm_u8,2730,0.1807570457458496
1778642596.9143054,560.9155921936035,3209,rx,2730,16000,1,pcm_u8,2730,0.20411992073059082
1778642597.1223023,561.1235890388489,3210,rx,2730,16000,1,pcm_u8,2730,0.20799684524536133
1778642597.320203,561.3214898109436,3211,rx,2730,16000,1,pcm_u8,2730,0.19790077209472656
1778642597.5285482,561.529834985733,3212,rx,2730,16000,1,pcm_u8,2730,0.2083451747894287
1778642597.560279,561.5615656375885,3213,rx,2730,16000,1,pcm_u8,2730,0.03173065185546875
1778642597.7417147,561.743001461029,3214,rx,2730,16000,1,pcm_u8,2730,0.18143582344055176
1778642597.9473248,561.948611497879,3215,rx,2730,16000,1,pcm_u8,2730,0.20561003684997559
1778642598.1512709,562.1525576114655,3216,rx,2730,16000,1,pcm_u8,2730,0.20394611358642578
1778642598.3521352,562.3534219264984,3217,rx,2730,16000,1,pcm_u8,2730,0.20086431503295898
1778642598.5542655,562.5555522441864,3218,rx,2730,16000,1,pcm_u8,2730,0.20213031768798828
1778642598.5785432,562.5798299312592,3219,rx,2730,16000,1,pcm_u8,2730,0.024277687072753906
1778642598.7771654,562.7784521579742,3220,rx,2730,16000,1,pcm_u8,2730,0.1986222267150879
1778642598.983626,562.9849126338959,3221,rx,2730,16000,1,pcm_u8,2730,0.20646047592163086
1778642599.1802087,563.1814954280853,3222,rx,2730,16000,1,pcm_u8,2730,0.19658279418945312
1778642599.383151,563.3844377994537,3223,rx,2730,16000,1,pcm_u8,2730,0.2029423713684082
1778642599.5814495,563.5827362537384,3224,rx,2730,16000,1,pcm_u8,2730,0.19829845428466797
1778642599.6037698,563.6050565242767,3225,rx,2730,16000,1,pcm_u8,2730,0.022320270538330078
1778642599.8021247,563.8034114837646,3226,rx,2730,16000,1,pcm_u8,2730,0.19835495948791504
1778642600.0051036,564.0063903331757,3227,rx,2730,16000,1,pcm_u8,2730,0.20297884941101074
1778642600.1168969,564.1181836128235,3228,rx,2730,16000,1,pcm_u8,2730,0.11179327964782715
1778642600.2851572,564.2864439487457,3229,rx,2730,16000,1,pcm_u8,2730,0.1682603359222412
1778642600.4622402,564.4635269641876,3230,rx,2730,16000,1,pcm_u8,2730,0.17708301544189453
1778642600.6262476,564.6275343894958,3231,rx,2730,16000,1,pcm_u8,2730,0.16400742530822754
1778642600.799051,564.8003377914429,3232,rx,2730,16000,1,pcm_u8,2730,0.17280340194702148
1778642600.974258,564.9755446910858,3233,rx,2730,16000,1,pcm_u8,2730,0.17520689964294434
1778642601.1382422,565.1395289897919,3234,rx,2730,16000,1,pcm_u8,2730,0.1639842987060547
1778642601.3171217,565.3184084892273,3235,rx,2730,16000,1,pcm_u8,2730,0.1788794994354248
1778642601.4839213,565.4852080345154,3236,rx,2730,16000,1,pcm_u8,2730,0.16679954528808594
1778642601.6535242,565.6548109054565,3237,rx,2730,16000,1,pcm_u8,2730,0.1696028709411621
1778642601.8223453,565.8236320018768,3238,rx,2730,16000,1,pcm_u8,2730,0.16882109642028809
1778642601.9954166,565.9967033863068,3239,rx,2730,16000,1,pcm_u8,2730,0.17307138442993164
1778642602.1677577,566.1690444946289,3240,rx,2730,16000,1,pcm_u8,2730,0.17234110832214355
1778642602.3333268,566.3346135616302,3241,rx,2730,16000,1,pcm_u8,2730,0.16556906700134277
1778642602.5090873,566.5103740692139,3242,rx,2730,16000,1,pcm_u8,2730,0.17576050758361816
1778642602.6736503,566.6749370098114,3243,rx,2730,16000,1,pcm_u8,2730,0.16456294059753418
1778642602.8448167,566.8461034297943,3244,rx,2730,16000,1,pcm_u8,2730,0.17116641998291016
1778642603.019277,567.0205638408661,3245,rx,2730,16000,1,pcm_u8,2730,0.17446041107177734
1778642603.1858242,567.1871109008789,3246,rx,2730,16000,1,pcm_u8,2730,0.16654706001281738
1778642603.3594463,567.3607330322266,3247,rx,2730,16000,1,pcm_u8,2730,0.17362213134765625
1778642603.5315347,567.5328214168549,3248,rx,2730,16000,1,pcm_u8,2730,0.1720883846282959
1778642603.6983783,567.6996650695801,3249,rx,2730,16000,1,pcm_u8,2730,0.16684365272521973
1778642603.8691802,567.8704669475555,3250,rx,2730,16000,1,pcm_u8,2730,0.17080187797546387
1778642604.0399163,568.0412030220032,3251,rx,2730,16000,1,pcm_u8,2730,0.17073607444763184
1778642604.211892,568.2131786346436,3252,rx,2730,16000,1,pcm_u8,2730,0.17197561264038086
1778642604.383758,568.3850448131561,3253,rx,2730,16000,1,pcm_u8,2730,0.17186617851257324
1778642604.554689,568.5559756755829,3254,rx,2730,16000,1,pcm_u8,2730,0.1709308624267578
1778642604.7220442,568.7233309745789,3255,rx,2730,16000,1,pcm_u8,2730,0.16735529899597168
1778642604.8930013,568.8942880630493,3256,rx,2730,16000,1,pcm_u8,2730,0.17095708847045898
1778642605.0768404,569.0781271457672,3257,rx,2730,16000,1,pcm_u8,2730,0.1838390827178955
1778642605.2344205,569.23570728302,3258,rx,2730,16000,1,pcm_u8,2730,0.15758013725280762
1778642605.407422,569.4087088108063,3259,rx,2730,16000,1,pcm_u8,2730,0.17300152778625488
1778642605.579129,569.580415725708,3260,rx,2730,16000,1,pcm_u8,2730,0.1717069149017334
1778642605.750172,569.751458644867,3261,rx,2730,16000,1,pcm_u8,2730,0.17104291915893555
1778642605.9215364,569.9228231906891,3262,rx,2730,16000,1,pcm_u8,2730,0.17136454582214355
1778642606.091765,570.0930516719818,3263,rx,2730,16000,1,pcm_u8,2730,0.1702284812927246
1778642606.263871,570.265157699585,3264,rx,2730,16000,1,pcm_u8,2730,0.17210602760314941
1778642606.42868,570.4299666881561,3265,rx,2730,16000,1,pcm_u8,2730,0.164808988571167
1778642606.6034293,570.6047160625458,3266,rx,2730,16000,1,pcm_u8,2730,0.17474937438964844
1778642606.7707274,570.7720141410828,3267,rx,2730,16000,1,pcm_u8,2730,0.1672980785369873
1778642606.9454007,570.9466874599457,3268,rx,2730,16000,1,pcm_u8,2730,0.17467331886291504
1778642607.1204376,571.1217243671417,3269,rx,2730,16000,1,pcm_u8,2730,0.17503690719604492
1778642607.2863033,571.2875900268555,3270,rx,2730,16000,1,pcm_u8,2730,0.16586565971374512
1778642607.4598234,571.4611101150513,3271,rx,2730,16000,1,pcm_u8,2730,0.17352008819580078
1778642607.6263793,571.6276659965515,3272,rx,2730,16000,1,pcm_u8,2730,0.16655588150024414
1778642607.794697,571.7959837913513,3273,rx,2730,16000,1,pcm_u8,2730,0.1683177947998047
1778642607.9668388,571.9681255817413,3274,rx,2730,16000,1,pcm_u8,2730,0.17214179039001465
1778642608.1387508,572.1400375366211,3275,rx,2730,16000,1,pcm_u8,2730,0.17191195487976074
1778642608.3081949,572.3094816207886,3276,rx,2730,16000,1,pcm_u8,2730,0.16944408416748047
1778642608.4774277,572.478714466095,3277,rx,2730,16000,1,pcm_u8,2730,0.16923284530639648
1778642608.6508088,572.6520955562592,3278,rx,2730,16000,1,pcm_u8,2730,0.17338109016418457
1778642608.821227,572.8225138187408,3279,rx,2730,16000,1,pcm_u8,2730,0.17041826248168945
1778642608.9898734,572.9911601543427,3280,rx,2730,16000,1,pcm_u8,2730,0.16864633560180664
1778642609.1642034,573.1654901504517,3281,rx,2730,16000,1,pcm_u8,2730,0.1743299961090088
1778642609.3309054,573.3321921825409,3282,rx,2730,16000,1,pcm_u8,2730,0.1667020320892334
1778642609.5051312,573.5064179897308,3283,rx,2730,16000,1,pcm_u8,2730,0.1742258071899414
1778642609.6829367,573.6842234134674,3284,rx,2730,16000,1,pcm_u8,2730,0.17780542373657227
1778642609.8424847,573.8437714576721,3285,rx,2730,16000,1,pcm_u8,2730,0.15954804420471191
1778642610.0193794,574.0206661224365,3286,rx,2730,16000,1,pcm_u8,2730,0.1768946647644043
1778642610.1873665,574.1886532306671,3287,rx,2730,16000,1,pcm_u8,2730,0.16798710823059082
1778642610.3556898,574.3569765090942,3288,rx,2730,16000,1,pcm_u8,2730,0.16832327842712402
1778642610.5254312,574.5267179012299,3289,rx,2730,16000,1,pcm_u8,2730,0.16974139213562012
1778642610.6983562,574.6996428966522,3290,rx,2730,16000,1,pcm_u8,2730,0.17292499542236328
1778642610.8745475,574.8758342266083,3291,rx,2730,16000,1,pcm_u8,2730,0.1761913299560547
1778642611.037095,575.0383818149567,3292,rx,2730,16000,1,pcm_u8,2730,0.16254758834838867
1778642611.2127414,575.2140281200409,3293,rx,2730,16000,1,pcm_u8,2730,0.17564630508422852
1778642611.381907,575.383193731308,3294,rx,2730,16000,1,pcm_u8,2730,0.16916561126708984
1778642611.549459,575.5507457256317,3295,rx,2730,16000,1,pcm_u8,2730,0.16755199432373047
1778642611.722673,575.723959684372,3296,rx,2730,16000,1,pcm_u8,2730,0.17321395874023438
1778642611.8928156,575.8941023349762,3297,rx,2730,16000,1,pcm_u8,2730,0.17014265060424805
1778642612.065272,576.0665588378906,3298,rx,2730,16000,1,pcm_u8,2730,0.1724565029144287
1778642612.2358198,576.2371065616608,3299,rx,2730,16000,1,pcm_u8,2730,0.1705477237701416
1778642612.402608,576.403894662857,3300,rx,2730,16000,1,pcm_u8,2730,0.16678810119628906
1778642612.578342,576.5796287059784,3301,rx,2730,16000,1,pcm_u8,2730,0.1757340431213379
1778642612.7509503,576.7522370815277,3302,rx,2730,16000,1,pcm_u8,2730,0.1726083755493164
1778642612.918026,576.9193127155304,3303,rx,2730,16000,1,pcm_u8,2730,0.16707563400268555
1778642613.088802,577.0900888442993,3304,rx,2730,16000,1,pcm_u8,2730,0.1707761287689209
1778642613.2657995,577.2670862674713,3305,rx,2730,16000,1,pcm_u8,2730,0.17699742317199707
1778642613.4318597,577.4331464767456,3306,rx,2730,16000,1,pcm_u8,2730,0.166060209274292
1778642613.6013322,577.602618932724,3307,rx,2730,16000,1,pcm_u8,2730,0.16947245597839355
1778642613.7734165,577.7747032642365,3308,rx,2730,16000,1,pcm_u8,2730,0.17208433151245117
1778642613.946187,577.9474737644196,3309,rx,2730,16000,1,pcm_u8,2730,0.17277050018310547
1778642614.1145298,578.1158165931702,3310,rx,2730,16000,1,pcm_u8,2730,0.16834282875061035
1778642614.2869854,578.2882721424103,3311,rx,2730,16000,1,pcm_u8,2730,0.1724555492401123
1778642614.4619236,578.4632103443146,3312,rx,2730,16000,1,pcm_u8,2730,0.17493820190429688
1778642614.6265182,578.6278049945831,3313,rx,2730,16000,1,pcm_u8,2730,0.1645946502685547
1778642614.796421,578.7977077960968,3314,rx,2730,16000,1,pcm_u8,2730,0.16990280151367188
1778642614.967641,578.96892786026,3315,rx,2730,16000,1,pcm_u8,2730,0.171220064163208
1778642615.1377313,579.1390180587769,3316,rx,2730,16000,1,pcm_u8,2730,0.1700901985168457
1778642615.312386,579.3136727809906,3317,rx,2730,16000,1,pcm_u8,2730,0.17465472221374512
1778642615.480058,579.4813446998596,3318,rx,2730,16000,1,pcm_u8,2730,0.16767191886901855
1778642615.648954,579.6502406597137,3319,rx,2730,16000,1,pcm_u8,2730,0.16889595985412598
1778642615.8200998,579.8213865756989,3320,rx,2730,16000,1,pcm_u8,2730,0.17114591598510742
1778642615.990572,579.9918587207794,3321,rx,2730,16000,1,pcm_u8,2730,0.1704721450805664
1778642616.1623309,580.1636176109314,3322,rx,2730,16000,1,pcm_u8,2730,0.17175889015197754
1778642616.3315806,580.3328673839569,3323,rx,2730,16000,1,pcm_u8,2730,0.1692497730255127
1778642616.506919,580.5082056522369,3324,rx,2730,16000,1,pcm_u8,2730,0.1753382682800293
1778642616.6782,580.6794867515564,3325,rx,2730,16000,1,pcm_u8,2730,0.171281099319458
1778642616.845293,580.8465797901154,3326,rx,2730,16000,1,pcm_u8,2730,0.16709303855895996
1778642617.0147293,581.0160160064697,3327,rx,2730,16000,1,pcm_u8,2730,0.16943621635437012
1778642617.1853132,581.1865999698639,3328,rx,2730,16000,1,pcm_u8,2730,0.17058396339416504
1778642617.3594875,581.3607742786407,3329,rx,2730,16000,1,pcm_u8,2730,0.17417430877685547
1778642617.5291252,581.5304119586945,3330,rx,2730,16000,1,pcm_u8,2730,0.16963768005371094
1778642617.6978192,581.6991059780121,3331,rx,2730,16000,1,pcm_u8,2730,0.16869401931762695
1778642617.8705745,581.8718612194061,3332,rx,2730,16000,1,pcm_u8,2730,0.17275524139404297
1778642618.0382252,582.0395119190216,3333,rx,2730,16000,1,pcm_u8,2730,0.16765069961547852
1778642618.2089477,582.2102344036102,3334,rx,2730,16000,1,pcm_u8,2730,0.17072248458862305
1778642618.3792589,582.3805456161499,3335,rx,2730,16000,1,pcm_u8,2730,0.17031121253967285
1778642618.5472536,582.548540353775,3336,rx,2730,16000,1,pcm_u8,2730,0.16799473762512207
1778642618.717806,582.7190928459167,3337,rx,2730,16000,1,pcm_u8,2730,0.17055249214172363
1778642618.8914628,582.8927495479584,3338,rx,2730,16000,1,pcm_u8,2730,0.17365670204162598
1778642619.0617945,583.0630812644958,3339,rx,2730,16000,1,pcm_u8,2730,0.17033171653747559
1778642619.2294729,583.2307596206665,3340,rx,2730,16000,1,pcm_u8,2730,0.1676783561706543
1778642619.4049923,583.4062790870667,3341,rx,2730,16000,1,pcm_u8,2730,0.17551946640014648
1778642619.5715365,583.5728232860565,3342,rx,2730,16000,1,pcm_u8,2730,0.16654419898986816
1778642619.7418756,583.74316239357,3343,rx,2730,16000,1,pcm_u8,2730,0.17033910751342773
1778642619.9185433,583.919830083847,3344,rx,2730,16000,1,pcm_u8,2730,0.1766676902770996
1778642620.0831456,584.0844323635101,3345,rx,2730,16000,1,pcm_u8,2730,0.16460227966308594
1778642620.2611947,584.2624814510345,3346,rx,2730,16000,1,pcm_u8,2730,0.17804908752441406
1778642620.426981,584.4282677173615,3347,rx,2730,16000,1,pcm_u8,2730,0.1657862663269043
1778642620.597589,584.5988757610321,3348,rx,2730,16000,1,pcm_u8,2730,0.1706080436706543
1778642620.7662811,584.7675678730011,3349,rx,2730,16000,1,pcm_u8,2730,0.16869211196899414
1778642620.9389458,584.9402325153351,3350,rx,2730,16000,1,pcm_u8,2730,0.17266464233398438
1778642621.109628,585.1109147071838,3351,rx,2730,16000,1,pcm_u8,2730,0.17068219184875488
1778642621.278472,585.2797586917877,3352,rx,2730,16000,1,pcm_u8,2730,0.16884398460388184
1778642621.45265,585.4539368152618,3353,rx,2730,16000,1,pcm_u8,2730,0.1741781234741211
1778642621.624972,585.6262588500977,3354,rx,2730,16000,1,pcm_u8,2730,0.17232203483581543
1778642621.7908435,585.7921302318573,3355,rx,2730,16000,1,pcm_u8,2730,0.16587138175964355
1778642621.9661658,585.9674525260925,3356,rx,2730,16000,1,pcm_u8,2730,0.1753222942352295
1778642622.1311622,586.1324489116669,3357,rx,2730,16000,1,pcm_u8,2730,0.16499638557434082
1778642622.303407,586.304693698883,3358,rx,2730,16000,1,pcm_u8,2730,0.17224478721618652
1778642622.4748461,586.4761328697205,3359,rx,2730,16000,1,pcm_u8,2730,0.17143917083740234
1778642622.6454506,586.6467373371124,3360,rx,2730,16000,1,pcm_u8,2730,0.17060446739196777
1778642622.8140182,586.8153049945831,3361,rx,2730,16000,1,pcm_u8,2730,0.16856765747070312
1778642622.9900935,586.9913802146912,3362,rx,2730,16000,1,pcm_u8,2730,0.17607522010803223
1778642623.1627467,587.1640334129333,3363,rx,2730,16000,1,pcm_u8,2730,0.1726531982421875
1778642623.328749,587.3300356864929,3364,rx,2730,16000,1,pcm_u8,2730,0.1660022735595703
1778642623.503457,587.5047438144684,3365,rx,2730,16000,1,pcm_u8,2730,0.17470812797546387
1778642623.670318,587.6716046333313,3366,rx,2730,16000,1,pcm_u8,2730,0.16686081886291504
1778642623.8417437,587.8430304527283,3367,rx,2730,16000,1,pcm_u8,2730,0.17142581939697266
1778642624.0128157,588.0141024589539,3368,rx,2730,16000,1,pcm_u8,2730,0.17107200622558594
1778642624.1829984,588.1842851638794,3369,rx,2730,16000,1,pcm_u8,2730,0.1701827049255371
1778642624.366678,588.3679647445679,3370,rx,2730,16000,1,pcm_u8,2730,0.18367958068847656
1778642624.526875,588.5281617641449,3371,rx,2730,16000,1,pcm_u8,2730,0.16019701957702637
1778642624.6918972,588.6931838989258,3372,rx,2730,16000,1,pcm_u8,2730,0.1650221347808838
1778642624.863959,588.8652458190918,3373,rx,2730,16000,1,pcm_u8,2730,0.17206192016601562
1778642625.0356436,589.0369303226471,3374,rx,2730,16000,1,pcm_u8,2730,0.17168450355529785
1778642625.2038748,589.2051615715027,3375,rx,2730,16000,1,pcm_u8,2730,0.16823124885559082
1778642625.3743758,589.3756625652313,3376,rx,2730,16000,1,pcm_u8,2730,0.1705009937286377
1778642625.5486374,589.5499241352081,3377,rx,2730,16000,1,pcm_u8,2730,0.17426156997680664
1778642625.7180846,589.7193713188171,3378,rx,2730,16000,1,pcm_u8,2730,0.1694471836090088
1778642625.8864408,589.8877274990082,3379,rx,2730,16000,1,pcm_u8,2730,0.16835618019104004
1778642626.0591114,590.0603981018066,3380,rx,2730,16000,1,pcm_u8,2730,0.17267060279846191
1778642626.2283382,590.2296249866486,3381,rx,2730,16000,1,pcm_u8,2730,0.16922688484191895
1778642626.4011123,590.4023990631104,3382,rx,2730,16000,1,pcm_u8,2730,0.172774076461792
1778642626.570796,590.5720827579498,3383,rx,2730,16000,1,pcm_u8,2730,0.16968369483947754
1778642626.7470071,590.748293876648,3384,rx,2730,16000,1,pcm_u8,2730,0.17621111869812012
1778642626.9121993,590.9134860038757,3385,rx,2730,16000,1,pcm_u8,2730,0.1651921272277832
1778642627.083764,591.0850508213043,3386,rx,2730,16000,1,pcm_u8,2730,0.17156481742858887
1778642627.251772,591.2530586719513,3387,rx,2730,16000,1,pcm_u8,2730,0.16800785064697266
1778642627.4220757,591.423362493515,3388,rx,2730,16000,1,pcm_u8,2730,0.1703038215637207
1778642627.5947905,591.5960772037506,3389,rx,2730,16000,1,pcm_u8,2730,0.1727147102355957
1778642627.7634902,591.7647769451141,3390,rx,2730,16000,1,pcm_u8,2730,0.1686997413635254
1778642627.9340637,591.9353504180908,3391,rx,2730,16000,1,pcm_u8,2730,0.17057347297668457
1778642628.109635,592.1109218597412,3392,rx,2730,16000,1,pcm_u8,2730,0.17557144165039062
1778642628.2766597,592.277946472168,3393,rx,2730,16000,1,pcm_u8,2730,0.1670246124267578
1778642628.445992,592.4472787380219,3394,rx,2730,16000,1,pcm_u8,2730,0.16933226585388184
1778642628.619044,592.6203308105469,3395,rx,2730,16000,1,pcm_u8,2730,0.17305207252502441
1778642628.7875543,592.78884100914,3396,rx,2730,16000,1,pcm_u8,2730,0.16851019859313965
1778642628.9581933,592.959480047226,3397,rx,2730,16000,1,pcm_u8,2730,0.1706390380859375
1778642629.1309443,593.1322309970856,3398,rx,2730,16000,1,pcm_u8,2730,0.17275094985961914
1778642629.307472,593.3087587356567,3399,rx,2730,16000,1,pcm_u8,2730,0.176527738571167
1778642629.4717705,593.47305727005,3400,rx,2730,16000,1,pcm_u8,2730,0.16429853439331055
1778642629.645076,593.6463627815247,3401,rx,2730,16000,1,pcm_u8,2730,0.17330551147460938
1778642629.81564,593.8169267177582,3402,rx,2730,16000,1,pcm_u8,2730,0.1705639362335205
1778642629.9880767,593.9893634319305,3403,rx,2730,16000,1,pcm_u8,2730,0.17243671417236328
1778642630.163001,594.1642878055573,3404,rx,2730,16000,1,pcm_u8,2730,0.17492437362670898
1778642630.326513,594.3277997970581,3405,rx,2730,16000,1,pcm_u8,2730,0.1635119915008545
1778642630.4999814,594.5012681484222,3406,rx,2730,16000,1,pcm_u8,2730,0.17346835136413574
1778642630.67175,594.673036813736,3407,rx,2730,16000,1,pcm_u8,2730,0.1717686653137207
1778642630.8400915,594.8413782119751,3408,rx,2730,16000,1,pcm_u8,2730,0.16834139823913574
1778642631.0122023,595.0134890079498,3409,rx,2730,16000,1,pcm_u8,2730,0.17211079597473145
1778642631.1798544,595.1811411380768,3410,rx,2730,16000,1,pcm_u8,2730,0.16765213012695312
1778642631.3527684,595.3540551662445,3411,rx,2730,16000,1,pcm_u8,2730,0.1729140281677246
1778642631.521444,595.5227308273315,3412,rx,2730,16000,1,pcm_u8,2730,0.16867566108703613
1778642631.6964502,595.6977369785309,3413,rx,2730,16000,1,pcm_u8,2730,0.17500615119934082
1778642631.8652432,595.8665299415588,3414,rx,2730,16000,1,pcm_u8,2730,0.1687929630279541
1778642632.03408,596.0353667736053,3415,rx,2730,16000,1,pcm_u8,2730,0.1688368320465088
1778642632.2064886,596.2077753543854,3416,rx,2730,16000,1,pcm_u8,2730,0.1724085807800293
1778642632.3756676,596.3769543170929,3417,rx,2730,16000,1,pcm_u8,2730,0.16917896270751953
1778642632.5464447,596.5477313995361,3418,rx,2730,16000,1,pcm_u8,2730,0.1707770824432373
1778642632.7174203,596.7187070846558,3419,rx,2730,16000,1,pcm_u8,2730,0.1709756851196289
1778642632.88853,596.8898167610168,3420,rx,2730,16000,1,pcm_u8,2730,0.17110967636108398
1778642633.0636475,597.0649342536926,3421,rx,2730,16000,1,pcm_u8,2730,0.17511749267578125
1778642633.2290707,597.2303574085236,3422,rx,2730,16000,1,pcm_u8,2730,0.16542315483093262
1778642633.4006503,597.401937007904,3423,rx,2730,16000,1,pcm_u8,2730,0.17157959938049316
1778642633.5702152,597.5715019702911,3424,rx,2730,16000,1,pcm_u8,2730,0.16956496238708496
1778642633.7419937,597.7432804107666,3425,rx,2730,16000,1,pcm_u8,2730,0.17177844047546387
1778642633.9125295,597.9138162136078,3426,rx,2730,16000,1,pcm_u8,2730,0.17053580284118652
1778642634.0855606,598.0868473052979,3427,rx,2730,16000,1,pcm_u8,2730,0.17303109169006348
1778642634.2556512,598.2569379806519,3428,rx,2730,16000,1,pcm_u8,2730,0.1700906753540039
1778642634.4258087,598.427095413208,3429,rx,2730,16000,1,pcm_u8,2730,0.17015743255615234
1778642634.5957189,598.5970056056976,3430,rx,2730,16000,1,pcm_u8,2730,0.16991019248962402
1778642634.7659168,598.7672035694122,3431,rx,2730,16000,1,pcm_u8,2730,0.1701979637145996
1778642634.936012,598.9372987747192,3432,rx,2730,16000,1,pcm_u8,2730,0.17009520530700684
1778642635.1090026,599.1102893352509,3433,rx,2730,16000,1,pcm_u8,2730,0.1729905605316162
1778642635.2782414,599.2795281410217,3434,rx,2730,16000,1,pcm_u8,2730,0.16923880577087402
1778642635.4483724,599.4496591091156,3435,rx,2730,16000,1,pcm_u8,2730,0.17013096809387207
1778642635.6197064,599.6209931373596,3436,rx,2730,16000,1,pcm_u8,2730,0.17133402824401855
1778642635.788327,599.7896137237549,3437,rx,2730,16000,1,pcm_u8,2730,0.16862058639526367
1778642635.960408,599.9616947174072,3438,rx,2730,16000,1,pcm_u8,2730,0.17208099365234375
1778642636.1294634,600.1307501792908,3439,rx,2730,16000,1,pcm_u8,2730,0.16905546188354492
1778642636.3048623,600.3061490058899,3440,rx,2730,16000,1,pcm_u8,2730,0.1753988265991211
1778642636.4719772,600.4732639789581,3441,rx,2730,16000,1,pcm_u8,2730,0.1671149730682373
1778642636.6421711,600.6434578895569,3442,rx,2730,16000,1,pcm_u8,2730,0.17019391059875488
1778642636.8148847,600.8161714076996,3443,rx,2730,16000,1,pcm_u8,2730,0.1727135181427002
1778642636.9840312,600.9853179454803,3444,rx,2730,16000,1,pcm_u8,2730,0.16914653778076172
1778642637.1582055,601.1594922542572,3445,rx,2730,16000,1,pcm_u8,2730,0.17417430877685547
1778642637.324748,601.326034784317,3446,rx,2730,16000,1,pcm_u8,2730,0.16654253005981445
1778642637.498523,601.4998097419739,3447,rx,2730,16000,1,pcm_u8,2730,0.17377495765686035
1778642637.6628501,601.6641368865967,3448,rx,2730,16000,1,pcm_u8,2730,0.16432714462280273
1778642637.8350804,601.8363671302795,3449,rx,2730,16000,1,pcm_u8,2730,0.17223024368286133
1778642638.0101647,602.0114514827728,3450,rx,2730,16000,1,pcm_u8,2730,0.17508435249328613
1778642638.1752403,602.1765270233154,3451,rx,2730,16000,1,pcm_u8,2730,0.16507554054260254
1778642638.348779,602.3500657081604,3452,rx,2730,16000,1,pcm_u8,2730,0.1735386848449707
1778642638.5163128,602.5175995826721,3453,rx,2730,16000,1,pcm_u8,2730,0.16753387451171875
1778642638.6865351,602.6878218650818,3454,rx,2730,16000,1,pcm_u8,2730,0.17022228240966797
1778642638.8586228,602.8599095344543,3455,rx,2730,16000,1,pcm_u8,2730,0.1720876693725586
1778642639.0279849,603.0292716026306,3456,rx,2730,16000,1,pcm_u8,2730,0.16936206817626953
1778642639.1998224,603.2011091709137,3457,rx,2730,16000,1,pcm_u8,2730,0.17183756828308105
1778642639.3712173,603.3725039958954,3458,rx,2730,16000,1,pcm_u8,2730,0.17139482498168945
1778642639.5401218,603.5414085388184,3459,rx,2730,16000,1,pcm_u8,2730,0.16890454292297363
1778642639.7111757,603.7124624252319,3460,rx,2730,16000,1,pcm_u8,2730,0.17105388641357422
1778642639.8844147,603.885701417923,3461,rx,2730,16000,1,pcm_u8,2730,0.17323899269104004
1778642640.0531547,604.0544414520264,3462,rx,2730,16000,1,pcm_u8,2730,0.16874003410339355
1778642640.2233863,604.2246730327606,3463,rx,2730,16000,1,pcm_u8,2730,0.17023158073425293
1778642640.3974166,604.3987033367157,3464,rx,2730,16000,1,pcm_u8,2730,0.17403030395507812
1778642640.5643291,604.5656158924103,3465,rx,2730,16000,1,pcm_u8,2730,0.16691255569458008
1778642640.7351582,604.7364449501038,3466,rx,2730,16000,1,pcm_u8,2730,0.17082905769348145
1778642640.9088671,604.9101538658142,3467,rx,2730,16000,1,pcm_u8,2730,0.17370891571044922
1778642641.076153,605.0774397850037,3468,rx,2730,16000,1,pcm_u8,2730,0.16728591918945312
1778642641.2483354,605.2496221065521,3469,rx,2730,16000,1,pcm_u8,2730,0.17218232154846191
1778642641.419203,605.4204897880554,3470,rx,2730,16000,1,pcm_u8,2730,0.1708676815032959
1778642641.5922916,605.593578338623,3471,rx,2730,16000,1,pcm_u8,2730,0.17308855056762695
1778642641.7611237,605.762410402298,3472,rx,2730,16000,1,pcm_u8,2730,0.16883206367492676
1778642641.93109,605.9323768615723,3473,rx,2730,16000,1,pcm_u8,2730,0.169966459274292
1778642642.1004283,606.1017150878906,3474,rx,2730,16000,1,pcm_u8,2730,0.16933822631835938
1778642642.270908,606.2721948623657,3475,rx,2730,16000,1,pcm_u8,2730,0.17047977447509766
1778642642.4433055,606.4445922374725,3476,rx,2730,16000,1,pcm_u8,2730,0.17239737510681152
1778642642.6216128,606.6228995323181,3477,rx,2730,16000,1,pcm_u8,2730,0.17830729484558105
1778642642.7830758,606.7843625545502,3478,rx,2730,16000,1,pcm_u8,2730,0.16146302223205566
1778642642.9566944,606.9579811096191,3479,rx,2730,16000,1,pcm_u8,2730,0.17361855506896973
1778642643.1252332,607.1265199184418,3480,rx,2730,16000,1,pcm_u8,2730,0.16853880882263184
1778642643.2985077,607.2997944355011,3481,rx,2730,16000,1,pcm_u8,2730,0.17327451705932617
1778642643.4674962,607.4687829017639,3482,rx,2730,16000,1,pcm_u8,2730,0.16898846626281738
1778642643.6377811,607.6390678882599,3483,rx,2730,16000,1,pcm_u8,2730,0.17028498649597168
1778642643.806981,607.8082678318024,3484,rx,2730,16000,1,pcm_u8,2730,0.16919994354248047
1778642643.9791667,607.9804534912109,3485,rx,2730,16000,1,pcm_u8,2730,0.17218565940856934
1778642644.1553414,608.1566281318665,3486,rx,2730,16000,1,pcm_u8,2730,0.17617464065551758
1778642644.320509,608.3217957019806,3487,rx,2730,16000,1,pcm_u8,2730,0.16516757011413574
1778642644.4929273,608.4942140579224,3488,rx,2730,16000,1,pcm_u8,2730,0.17241835594177246
1778642644.6645064,608.6657931804657,3489,rx,2730,16000,1,pcm_u8,2730,0.17157912254333496
1778642644.8315644,608.8328511714935,3490,rx,2730,16000,1,pcm_u8,2730,0.16705799102783203
1778642645.0035229,609.0048096179962,3491,rx,2730,16000,1,pcm_u8,2730,0.17195844650268555
1778642645.172409,609.1736958026886,3492,rx,2730,16000,1,pcm_u8,2730,0.1688861846923828
1778642645.3433743,609.3446609973907,3493,rx,2730,16000,1,pcm_u8,2730,0.17096519470214844
1778642645.5150633,609.516350030899,3494,rx,2730,16000,1,pcm_u8,2730,0.17168903350830078
1778642645.684172,609.6854586601257,3495,rx,2730,16000,1,pcm_u8,2730,0.16910862922668457
1778642645.8558054,609.8570921421051,3496,rx,2730,16000,1,pcm_u8,2730,0.17163348197937012
1778642646.0272174,610.0285041332245,3497,rx,2730,16000,1,pcm_u8,2730,0.17141199111938477
1778642646.1967032,610.1979899406433,3498,rx,2730,16000,1,pcm_u8,2730,0.16948580741882324
1778642646.3674169,610.3687036037445,3499,rx,2730,16000,1,pcm_u8,2730,0.1707136631011963
1778642646.5395737,610.540860414505,3500,rx,2730,16000,1,pcm_u8,2730,0.17215681076049805
1778642646.7096958,610.7109825611115,3501,rx,2730,16000,1,pcm_u8,2730,0.1701221466064453
1778642647.0532827,611.0545694828033,3502,rx,2730,16000,1,pcm_u8,2730,0.34358692169189453
1778642647.2207067,611.2219934463501,3503,rx,2730,16000,1,pcm_u8,2730,0.16742396354675293
1778642647.3964818,611.397768497467,3504,rx,2730,16000,1,pcm_u8,2730,0.17577505111694336
1778642647.563701,611.5649876594543,3505,rx,2730,16000,1,pcm_u8,2730,0.1672191619873047
1778642647.737864,611.739150762558,3506,rx,2730,16000,1,pcm_u8,2730,0.1741631031036377
1778642647.9083714,611.9096581935883,3507,rx,2730,16000,1,pcm_u8,2730,0.17050743103027344
1778642648.0775056,612.0787923336029,3508,rx,2730,16000,1,pcm_u8,2730,0.16913414001464844
1778642648.2451985,612.2464852333069,3509,rx,2730,16000,1,pcm_u8,2730,0.1676928997039795
1778642648.4149144,612.4162011146545,3510,rx,2730,16000,1,pcm_u8,2730,0.16971588134765625
1778642648.587634,612.5889208316803,3511,rx,2730,16000,1,pcm_u8,2730,0.17271971702575684
1778642648.7569032,612.7581899166107,3512,rx,2730,16000,1,pcm_u8,2730,0.16926908493041992
1778642648.9275088,612.9287955760956,3513,rx,2730,16000,1,pcm_u8,2730,0.17060565948486328
1778642649.1015563,613.1028430461884,3514,rx,2730,16000,1,pcm_u8,2730,0.17404747009277344
1778642649.268702,613.2699887752533,3515,rx,2730,16000,1,pcm_u8,2730,0.1671457290649414
1778642649.4405985,613.4418852329254,3516,rx,2730,16000,1,pcm_u8,2730,0.17189645767211914
1778642649.6119535,613.6132402420044,3517,rx,2730,16000,1,pcm_u8,2730,0.1713550090789795
1778642649.7828531,613.7841398715973,3518,rx,2730,16000,1,pcm_u8,2730,0.1708996295928955
1778642649.9529183,613.9542050361633,3519,rx,2730,16000,1,pcm_u8,2730,0.17006516456604004
1778642650.123155,614.1244418621063,3520,rx,2730,16000,1,pcm_u8,2730,0.17023682594299316
1778642650.2940671,614.2953538894653,3521,rx,2730,16000,1,pcm_u8,2730,0.1709120273590088
1778642650.466384,614.4676706790924,3522,rx,2730,16000,1,pcm_u8,2730,0.1723167896270752
1778642650.6356003,614.6368870735168,3523,rx,2730,16000,1,pcm_u8,2730,0.16921639442443848
1778642650.805213,614.8064997196198,3524,rx,2730,16000,1,pcm_u8,2730,0.16961264610290527
1778642650.9758422,614.977128982544,3525,rx,2730,16000,1,pcm_u8,2730,0.17062926292419434
1778642651.1518266,615.1531133651733,3526,rx,2730,16000,1,pcm_u8,2730,0.17598438262939453
1778642651.3178043,615.3190910816193,3527,rx,2730,16000,1,pcm_u8,2730,0.16597771644592285
1778642651.4881945,615.4894812107086,3528,rx,2730,16000,1,pcm_u8,2730,0.17039012908935547
1778642651.663711,615.6649978160858,3529,rx,2730,16000,1,pcm_u8,2730,0.17551660537719727
1778642651.8286273,615.8299140930176,3530,rx,2730,16000,1,pcm_u8,2730,0.1649162769317627
1778642652.004342,616.005628824234,3531,rx,2730,16000,1,pcm_u8,2730,0.17571473121643066
1778642652.1716194,616.1729061603546,3532,rx,2730,16000,1,pcm_u8,2730,0.16727733612060547
1778642652.3443031,616.3455898761749,3533,rx,2730,16000,1,pcm_u8,2730,0.1726837158203125
1778642652.5114136,616.5127003192902,3534,rx,2730,16000,1,pcm_u8,2730,0.16711044311523438
1778642652.6850827,616.6863694190979,3535,rx,2730,16000,1,pcm_u8,2730,0.17366909980773926
1778642652.8551912,616.8564779758453,3536,rx,2730,16000,1,pcm_u8,2730,0.17010855674743652
1778642653.0288963,617.0301830768585,3537,rx,2730,16000,1,pcm_u8,2730,0.1737051010131836
1778642653.2076755,617.2089622020721,3538,rx,2730,16000,1,pcm_u8,2730,0.17877912521362305
1778642653.3700042,617.3712909221649,3539,rx,2730,16000,1,pcm_u8,2730,0.16232872009277344
1778642653.5389855,617.5402722358704,3540,rx,2730,16000,1,pcm_u8,2730,0.16898131370544434
1778642653.7096438,617.7109305858612,3541,rx,2730,16000,1,pcm_u8,2730,0.17065834999084473
1778642653.8815832,617.8828699588776,3542,rx,2730,16000,1,pcm_u8,2730,0.17193937301635742
1778642654.0622458,618.0635325908661,3543,rx,2730,16000,1,pcm_u8,2730,0.1806626319885254
1778642654.2239404,618.2252271175385,3544,rx,2730,16000,1,pcm_u8,2730,0.16169452667236328
1778642654.3925085,618.3937952518463,3545,rx,2730,16000,1,pcm_u8,2730,0.16856813430786133
1778642654.5651326,618.5664193630219,3546,rx,2730,16000,1,pcm_u8,2730,0.1726241111755371
1778642654.7342656,618.7355523109436,3547,rx,2730,16000,1,pcm_u8,2730,0.16913294792175293
1778642654.9065704,618.9078571796417,3548,rx,2730,16000,1,pcm_u8,2730,0.17230486869812012
1778642655.075751,619.0770378112793,3549,rx,2730,16000,1,pcm_u8,2730,0.16918063163757324
1778642655.246289,619.2475757598877,3550,rx,2730,16000,1,pcm_u8,2730,0.17053794860839844
1778642655.4193296,619.4206163883209,3551,rx,2730,16000,1,pcm_u8,2730,0.17304062843322754
1778642655.5844204,619.5857071876526,3552,rx,2730,16000,1,pcm_u8,2730,0.16509079933166504
1778642655.7550845,619.7563712596893,3553,rx,2730,16000,1,pcm_u8,2730,0.17066407203674316
1778642655.925358,619.9266448020935,3554,rx,2730,16000,1,pcm_u8,2730,0.1702735424041748
1778642656.096844,620.0981307029724,3555,rx,2730,16000,1,pcm_u8,2730,0.17148590087890625
1778642656.2672698,620.2685565948486,3556,rx,2730,16000,1,pcm_u8,2730,0.1704258918762207
1778642656.4385066,620.4397933483124,3557,rx,2730,16000,1,pcm_u8,2730,0.17123675346374512
1778642656.611502,620.6127886772156,3558,rx,2730,16000,1,pcm_u8,2730,0.17299532890319824
1778642656.7804365,620.7817232608795,3559,rx,2730,16000,1,pcm_u8,2730,0.16893458366394043
1778642656.9508457,620.9521324634552,3560,rx,2730,16000,1,pcm_u8,2730,0.1704092025756836
1778642657.1216488,621.1229355335236,3561,rx,2730,16000,1,pcm_u8,2730,0.17080307006835938
1778642657.2954931,621.2967798709869,3562,rx,2730,16000,1,pcm_u8,2730,0.1738443374633789
1778642657.4614046,621.4626913070679,3563,rx,2730,16000,1,pcm_u8,2730,0.16591143608093262
1778642657.6329622,621.6342489719391,3564,rx,2730,16000,1,pcm_u8,2730,0.17155766487121582
1778642657.8056896,621.8069763183594,3565,rx,2730,16000,1,pcm_u8,2730,0.17272734642028809
1778642657.9737113,621.9749979972839,3566,rx,2730,16000,1,pcm_u8,2730,0.16802167892456055
1778642658.1466713,622.1479580402374,3567,rx,2730,16000,1,pcm_u8,2730,0.1729600429534912
1778642658.315237,622.3165237903595,3568,rx,2730,16000,1,pcm_u8,2730,0.1685657501220703
1778642658.4855273,622.4868140220642,3569,rx,2730,16000,1,pcm_u8,2730,0.17029023170471191
1778642658.6560826,622.6573693752289,3570,rx,2730,16000,1,pcm_u8,2730,0.17055535316467285
1778642658.8273323,622.8286190032959,3571,rx,2730,16000,1,pcm_u8,2730,0.1712496280670166
1778642658.9982152,622.9995019435883,3572,rx,2730,16000,1,pcm_u8,2730,0.1708829402923584
1778642659.1684003,623.1696870326996,3573,rx,2730,16000,1,pcm_u8,2730,0.17018508911132812
1778642659.3395889,623.3408756256104,3574,rx,2730,16000,1,pcm_u8,2730,0.1711885929107666
1778642659.509068,623.510354757309,3575,rx,2730,16000,1,pcm_u8,2730,0.1694791316986084
1778642659.6802123,623.681499004364,3576,rx,2730,16000,1,pcm_u8,2730,0.1711442470550537
1778642659.854748,623.8560347557068,3577,rx,2730,16000,1,pcm_u8,2730,0.17453575134277344
1778642660.0219884,624.0232751369476,3578,rx,2730,16000,1,pcm_u8,2730,0.16724038124084473
1778642660.193715,624.1950018405914,3579,rx,2730,16000,1,pcm_u8,2730,0.17172670364379883
1778642660.3635685,624.3648552894592,3580,rx,2730,16000,1,pcm_u8,2730,0.16985344886779785
1778642660.5385299,624.5398166179657,3581,rx,2730,16000,1,pcm_u8,2730,0.17496132850646973
1778642660.7102904,624.7115771770477,3582,rx,2730,16000,1,pcm_u8,2730,0.17176055908203125
1778642660.8790824,624.8803691864014,3583,rx,2730,16000,1,pcm_u8,2730,0.1687920093536377
1778642661.052828,625.054114818573,3584,rx,2730,16000,1,pcm_u8,2730,0.17374563217163086
1778642661.219313,625.2205996513367,3585,rx,2730,16000,1,pcm_u8,2730,0.16648483276367188
1778642661.3917084,625.3929951190948,3586,rx,2730,16000,1,pcm_u8,2730,0.1723954677581787
1778642661.5616677,625.5629544258118,3587,rx,2730,16000,1,pcm_u8,2730,0.16995930671691895
1778642661.7335024,625.7347891330719,3588,rx,2730,16000,1,pcm_u8,2730,0.17183470726013184
1778642661.9101226,625.9114093780518,3589,rx,2730,16000,1,pcm_u8,2730,0.1766202449798584
1778642662.0744243,626.0757110118866,3590,rx,2730,16000,1,pcm_u8,2730,0.16430163383483887
1778642662.2469673,626.2482540607452,3591,rx,2730,16000,1,pcm_u8,2730,0.17254304885864258
1778642662.415169,626.416455745697,3592,rx,2730,16000,1,pcm_u8,2730,0.16820168495178223
1778642662.5861292,626.587415933609,3593,rx,2730,16000,1,pcm_u8,2730,0.1709601879119873
1778642662.758593,626.7598798274994,3594,rx,2730,16000,1,pcm_u8,2730,0.17246389389038086
1778642662.9332347,626.9345214366913,3595,rx,2730,16000,1,pcm_u8,2730,0.17464160919189453
1778642663.0963573,627.0976440906525,3596,rx,2730,16000,1,pcm_u8,2730,0.16312265396118164
1778642663.267915,627.2692017555237,3597,rx,2730,16000,1,pcm_u8,2730,0.17155766487121582
1778642663.4387305,627.4400172233582,3598,rx,2730,16000,1,pcm_u8,2730,0.17081546783447266
1778642663.6127775,627.6140642166138,3599,rx,2730,16000,1,pcm_u8,2730,0.17404699325561523
1778642663.7830675,627.7843542098999,3600,rx,2730,16000,1,pcm_u8,2730,0.1702899932861328
1778642663.9532146,627.9545013904572,3601,rx,2730,16000,1,pcm_u8,2730,0.17014718055725098
1778642664.1230304,628.1243171691895,3602,rx,2730,16000,1,pcm_u8,2730,0.1698157787322998
1778642664.2897894,628.2910761833191,3603,rx,2730,16000,1,pcm_u8,2730,0.16675901412963867
1778642664.460125,628.4614117145538,3604,rx,2730,16000,1,pcm_u8,2730,0.1703355312347412
1778642664.6297836,628.6310703754425,3605,rx,2730,16000,1,pcm_u8,2730,0.16965866088867188
1778642664.8021705,628.8034572601318,3606,rx,2730,16000,1,pcm_u8,2730,0.17238688468933105
1778642664.971821,628.9731078147888,3607,rx,2730,16000,1,pcm_u8,2730,0.16965055465698242
1778642665.143435,629.1447217464447,3608,rx,2730,16000,1,pcm_u8,2730,0.1716139316558838
1778642665.3124106,629.3136973381042,3609,rx,2730,16000,1,pcm_u8,2730,0.1689755916595459
1778642665.4863973,629.4876840114594,3610,rx,2730,16000,1,pcm_u8,2730,0.17398667335510254
1778642665.6541843,629.6554710865021,3611,rx,2730,16000,1,pcm_u8,2730,0.1677870750427246
1778642665.8243291,629.8256158828735,3612,rx,2730,16000,1,pcm_u8,2730,0.17014479637145996
1778642665.998136,629.99942278862,3613,rx,2730,16000,1,pcm_u8,2730,0.17380690574645996
1778642666.1657815,630.1670682430267,3614,rx,2730,16000,1,pcm_u8,2730,0.16764545440673828
1778642666.3377724,630.3390591144562,3615,rx,2730,16000,1,pcm_u8,2730,0.17199087142944336
1778642666.5077386,630.5090253353119,3616,rx,2730,16000,1,pcm_u8,2730,0.1699662208557129
1778642666.6787744,630.6800611019135,3617,rx,2730,16000,1,pcm_u8,2730,0.1710357666015625
1778642666.853377,630.854663848877,3618,rx,2730,16000,1,pcm_u8,2730,0.17460274696350098
1778642667.0199134,631.0212001800537,3619,rx,2730,16000,1,pcm_u8,2730,0.1665363311767578
1778642667.190245,631.1915316581726,3620,rx,2730,16000,1,pcm_u8,2730,0.17033147811889648
1778642667.361606,631.3628926277161,3621,rx,2730,16000,1,pcm_u8,2730,0.17136096954345703
1778642667.5318348,631.533121585846,3622,rx,2730,16000,1,pcm_u8,2730,0.1702289581298828
1778642667.7032995,631.7045862674713,3623,rx,2730,16000,1,pcm_u8,2730,0.1714646816253662
1778642667.8739913,631.8752779960632,3624,rx,2730,16000,1,pcm_u8,2730,0.17069172859191895
1778642668.0458033,632.0470900535583,3625,rx,2730,16000,1,pcm_u8,2730,0.1718120574951172
1778642668.2146058,632.2158925533295,3626,rx,2730,16000,1,pcm_u8,2730,0.16880249977111816
1778642668.385665,632.3869516849518,3627,rx,2730,16000,1,pcm_u8,2730,0.17105913162231445
1778642668.5560868,632.5573735237122,3628,rx,2730,16000,1,pcm_u8,2730,0.17042183876037598
1778642668.7262883,632.7275750637054,3629,rx,2730,16000,1,pcm_u8,2730,0.17020153999328613
1778642668.9092588,632.9105455875397,3630,rx,2730,16000,1,pcm_u8,2730,0.18297052383422852
1778642669.0675755,633.0688621997833,3631,rx,2730,16000,1,pcm_u8,2730,0.15831661224365234
1778642669.2425811,633.2438678741455,3632,rx,2730,16000,1,pcm_u8,2730,0.17500567436218262
1778642669.4171133,633.4184000492096,3633,rx,2730,16000,1,pcm_u8,2730,0.17453217506408691
1778642669.5925522,633.59383893013,3634,rx,2730,16000,1,pcm_u8,2730,0.17543888092041016
1778642669.7538586,633.7551453113556,3635,rx,2730,16000,1,pcm_u8,2730,0.16130638122558594
1778642669.9262152,633.9275019168854,3636,rx,2730,16000,1,pcm_u8,2730,0.17235660552978516
1778642670.097051,634.0983376502991,3637,rx,2730,16000,1,pcm_u8,2730,0.1708357334136963
1778642670.2678797,634.269166469574,3638,rx,2730,16000,1,pcm_u8,2730,0.17082881927490234
1778642670.4367037,634.4379904270172,3639,rx,2730,16000,1,pcm_u8,2730,0.1688239574432373
1778642670.6077294,634.6090161800385,3640,rx,2730,16000,1,pcm_u8,2730,0.17102575302124023
1778642670.782278,634.7835648059845,3641,rx,2730,16000,1,pcm_u8,2730,0.17454862594604492
1778642670.9495409,634.9508275985718,3642,rx,2730,16000,1,pcm_u8,2730,0.16726279258728027
1778642671.1192677,635.1205544471741,3643,rx,2730,16000,1,pcm_u8,2730,0.16972684860229492
1778642671.292785,635.2940716743469,3644,rx,2730,16000,1,pcm_u8,2730,0.17351722717285156
1778642671.462035,635.463321685791,3645,rx,2730,16000,1,pcm_u8,2730,0.1692500114440918
1778642671.630872,635.6321587562561,3646,rx,2730,16000,1,pcm_u8,2730,0.1688370704650879
1778642671.8015878,635.8028745651245,3647,rx,2730,16000,1,pcm_u8,2730,0.1707158088684082
1778642671.9721239,635.9734106063843,3648,rx,2730,16000,1,pcm_u8,2730,0.17053604125976562
1778642672.1439245,636.1452112197876,3649,rx,2730,16000,1,pcm_u8,2730,0.1718006134033203
1778642672.3101315,636.3114182949066,3650,rx,2730,16000,1,pcm_u8,2730,0.16620707511901855
1778642672.4828007,636.4840874671936,3651,rx,2730,16000,1,pcm_u8,2730,0.1726691722869873
1778642672.6546037,636.6558904647827,3652,rx,2730,16000,1,pcm_u8,2730,0.17180299758911133
1778642672.8220289,636.8233156204224,3653,rx,2730,16000,1,pcm_u8,2730,0.16742515563964844
1778642672.9962504,636.9975371360779,3654,rx,2730,16000,1,pcm_u8,2730,0.17422151565551758
1778642673.1633306,637.1646173000336,3655,rx,2730,16000,1,pcm_u8,2730,0.16708016395568848
1778642673.3375986,637.338885307312,3656,rx,2730,16000,1,pcm_u8,2730,0.17426800727844238
1778642673.5052156,637.5065023899078,3657,rx,2730,16000,1,pcm_u8,2730,0.1676170825958252
1778642673.67693,637.6782166957855,3658,rx,2730,16000,1,pcm_u8,2730,0.17171430587768555
1778642673.8500426,637.8513293266296,3659,rx,2730,16000,1,pcm_u8,2730,0.1731126308441162
1778642674.0178587,638.019145488739,3660,rx,2730,16000,1,pcm_u8,2730,0.167816162109375
1778642674.189262,638.190548658371,3661,rx,2730,16000,1,pcm_u8,2730,0.171403169631958
1778642674.3586235,638.3599102497101,3662,rx,2730,16000,1,pcm_u8,2730,0.16936159133911133
1778642674.5287495,638.5300362110138,3663,rx,2730,16000,1,pcm_u8,2730,0.17012596130371094
1778642674.7009296,638.702216386795,3664,rx,2730,16000,1,pcm_u8,2730,0.17218017578125
1778642674.8711736,638.8724603652954,3665,rx,2730,16000,1,pcm_u8,2730,0.1702439785003662
1778642675.042575,639.0438616275787,3666,rx,2730,16000,1,pcm_u8,2730,0.1714012622833252
1778642675.214957,639.2162437438965,3667,rx,2730,16000,1,pcm_u8,2730,0.17238211631774902
1778642675.382612,639.3838987350464,3668,rx,2730,16000,1,pcm_u8,2730,0.16765499114990234
1778642675.5547452,639.5560319423676,3669,rx,2730,16000,1,pcm_u8,2730,0.172133207321167
1778642675.7235444,639.7248311042786,3670,rx,2730,16000,1,pcm_u8,2730,0.16879916191101074
1778642675.8959713,639.8972580432892,3671,rx,2730,16000,1,pcm_u8,2730,0.17242693901062012
1778642676.0651755,640.0664622783661,3672,rx,2730,16000,1,pcm_u8,2730,0.1692042350769043
1778642676.237118,640.238404750824,3673,rx,2730,16000,1,pcm_u8,2730,0.17194247245788574
1778642676.4071114,640.4083981513977,3674,rx,2730,16000,1,pcm_u8,2730,0.16999340057373047
1778642676.5794125,640.5806992053986,3675,rx,2730,16000,1,pcm_u8,2730,0.1723010540008545
1778642676.7483187,640.7496054172516,3676,rx,2730,16000,1,pcm_u8,2730,0.16890621185302734
1778642676.9185684,640.9198551177979,3677,rx,2730,16000,1,pcm_u8,2730,0.17024970054626465
1778642677.0910885,641.0923752784729,3678,rx,2730,16000,1,pcm_u8,2730,0.17252016067504883
1778642677.2629883,641.2642750740051,3679,rx,2730,16000,1,pcm_u8,2730,0.17189979553222656
1778642677.437506,641.4387927055359,3680,rx,2730,16000,1,pcm_u8,2730,0.17451763153076172
1778642677.6045182,641.6058049201965,3681,rx,2730,16000,1,pcm_u8,2730,0.16701221466064453
1778642677.7775044,641.7787911891937,3682,rx,2730,16000,1,pcm_u8,2730,0.17298626899719238
1778642677.9464,641.9476866722107,3683,rx,2730,16000,1,pcm_u8,2730,0.16889548301696777
1778642678.1176171,642.118903875351,3684,rx,2730,16000,1,pcm_u8,2730,0.1712172031402588
1778642678.287592,642.2888786792755,3685,rx,2730,16000,1,pcm_u8,2730,0.16997480392456055
1778642678.4544344,642.4557211399078,3686,rx,2730,16000,1,pcm_u8,2730,0.16684246063232422
1778642678.625606,642.6268928050995,3687,rx,2730,16000,1,pcm_u8,2730,0.1711716651916504
1778642678.8071878,642.8084745407104,3688,rx,2730,16000,1,pcm_u8,2730,0.18158173561096191
1778642678.9662693,642.9675559997559,3689,rx,2730,16000,1,pcm_u8,2730,0.15908145904541016
1778642679.1384494,643.1397361755371,3690,rx,2730,16000,1,pcm_u8,2730,0.17218017578125
1778642679.3084505,643.3097372055054,3691,rx,2730,16000,1,pcm_u8,2730,0.17000102996826172
1778642679.4786422,643.4799289703369,3692,rx,2730,16000,1,pcm_u8,2730,0.17019176483154297
1778642679.6497538,643.6510405540466,3693,rx,2730,16000,1,pcm_u8,2730,0.1711115837097168
1778642679.820449,643.8217358589172,3694,rx,2730,16000,1,pcm_u8,2730,0.17069530487060547
1778642679.9992347,644.0005214214325,3695,rx,2730,16000,1,pcm_u8,2730,0.1787855625152588
1778642680.1614065,644.1626932621002,3696,rx,2730,16000,1,pcm_u8,2730,0.1621718406677246
1778642680.33206,644.3333468437195,3697,rx,2730,16000,1,pcm_u8,2730,0.1706535816192627
1778642680.5030165,644.5043032169342,3698,rx,2730,16000,1,pcm_u8,2730,0.17095637321472168
1778642680.673304,644.6745908260345,3699,rx,2730,16000,1,pcm_u8,2730,0.1702876091003418
1778642680.8447378,644.8460245132446,3700,rx,2730,16000,1,pcm_u8,2730,0.171433687210083
1778642681.0147078,645.0159945487976,3701,rx,2730,16000,1,pcm_u8,2730,0.16997003555297852
1778642681.1896088,645.1908955574036,3702,rx,2730,16000,1,pcm_u8,2730,0.17490100860595703
1778642681.3568728,645.3581595420837,3703,rx,2730,16000,1,pcm_u8,2730,0.16726398468017578
1778642681.526432,645.5277187824249,3704,rx,2730,16000,1,pcm_u8,2730,0.16955924034118652
1778642681.6977801,645.6990668773651,3705,rx,2730,16000,1,pcm_u8,2730,0.17134809494018555
1778642681.86819,645.8694767951965,3706,rx,2730,16000,1,pcm_u8,2730,0.1704099178314209
1778642682.0431006,646.0443873405457,3707,rx,2730,16000,1,pcm_u8,2730,0.1749105453491211
1778642682.209448,646.2107348442078,3708,rx,2730,16000,1,pcm_u8,2730,0.16634750366210938
1778642682.3820288,646.3833155632019,3709,rx,2730,16000,1,pcm_u8,2730,0.17258071899414062
1778642682.5528746,646.5541613101959,3710,rx,2730,16000,1,pcm_u8,2730,0.17084574699401855
1778642682.7214952,646.7227818965912,3711,rx,2730,16000,1,pcm_u8,2730,0.16862058639526367
1778642682.894933,646.8962197303772,3712,rx,2730,16000,1,pcm_u8,2730,0.17343783378601074
1778642683.0630364,647.0643231868744,3713,rx,2730,16000,1,pcm_u8,2730,0.16810345649719238
1778642683.237737,647.2390236854553,3714,rx,2730,16000,1,pcm_u8,2730,0.17470049858093262
1778642683.407785,647.4090716838837,3715,rx,2730,16000,1,pcm_u8,2730,0.17004799842834473
1778642683.5788562,647.5801429748535,3716,rx,2730,16000,1,pcm_u8,2730,0.17107129096984863
1778642683.752093,647.7533798217773,3717,rx,2730,16000,1,pcm_u8,2730,0.17323684692382812
1778642683.9193354,647.9206221103668,3718,rx,2730,16000,1,pcm_u8,2730,0.16724228858947754
1778642684.091343,648.0926296710968,3719,rx,2730,16000,1,pcm_u8,2730,0.17200756072998047
1778642684.2604544,648.2617411613464,3720,rx,2730,16000,1,pcm_u8,2730,0.1691114902496338
1778642684.437534,648.4388208389282,3721,rx,2730,16000,1,pcm_u8,2730,0.1770796775817871
1778642684.6021204,648.6034071445465,3722,rx,2730,16000,1,pcm_u8,2730,0.16458630561828613
1778642684.772883,648.7741696834564,3723,rx,2730,16000,1,pcm_u8,2730,0.1707625389099121
1778642684.9481258,648.9494125843048,3724,rx,2730,16000,1,pcm_u8,2730,0.17524290084838867
1778642685.1652536,649.1665403842926,3725,rx,2730,16000,1,pcm_u8,2730,0.21712779998779297
1778642685.283403,649.2846896648407,3726,rx,2730,16000,1,pcm_u8,2730,0.1181492805480957
1778642685.4527752,649.4540619850159,3727,rx,2730,16000,1,pcm_u8,2730,0.1693723201751709
1778642685.622972,649.6242587566376,3728,rx,2730,16000,1,pcm_u8,2730,0.1701967716217041
1778642685.7956145,649.7969012260437,3729,rx,2730,16000,1,pcm_u8,2730,0.17264246940612793
1778642685.964284,649.9655706882477,3730,rx,2730,16000,1,pcm_u8,2730,0.1686694622039795
1778642686.1382937,650.139580488205,3731,rx,2730,16000,1,pcm_u8,2730,0.1740097999572754
1778642686.3057907,650.3070774078369,3732,rx,2730,16000,1,pcm_u8,2730,0.167496919631958
1778642686.4771783,650.4784650802612,3733,rx,2730,16000,1,pcm_u8,2730,0.1713876724243164
1778642686.646694,650.6479806900024,3734,rx,2730,16000,1,pcm_u8,2730,0.16951560974121094
1778642686.817439,650.8187258243561,3735,rx,2730,16000,1,pcm_u8,2730,0.1707451343536377
1778642686.9935327,650.9948194026947,3736,rx,2730,16000,1,pcm_u8,2730,0.17609357833862305
1778642687.1697936,651.1710803508759,3737,rx,2730,16000,1,pcm_u8,2730,0.17626094818115234
1778642687.3299737,651.3312604427338,3738,rx,2730,16000,1,pcm_u8,2730,0.16018009185791016
1778642687.5012453,651.5025320053101,3739,rx,2730,16000,1,pcm_u8,2730,0.17127156257629395
1778642687.6710103,651.672297000885,3740,rx,2730,16000,1,pcm_u8,2730,0.16976499557495117
1778642687.842239,651.8435256481171,3741,rx,2730,16000,1,pcm_u8,2730,0.17122864723205566
1778642688.0121717,652.0134584903717,3742,rx,2730,16000,1,pcm_u8,2730,0.16993284225463867
1778642688.1864831,652.1877698898315,3743,rx,2730,16000,1,pcm_u8,2730,0.17431139945983887
1778642688.3537369,652.3550236225128,3744,rx,2730,16000,1,pcm_u8,2730,0.16725373268127441
1778642688.52762,652.5289068222046,3745,rx,2730,16000,1,pcm_u8,2730,0.17388319969177246
1778642688.70005,652.7013368606567,3746,rx,2730,16000,1,pcm_u8,2730,0.17243003845214844
1778642688.8659432,652.8672299385071,3747,rx,2730,16000,1,pcm_u8,2730,0.1658930778503418
1778642689.0402286,653.0415153503418,3748,rx,2730,16000,1,pcm_u8,2730,0.1742854118347168
1778642689.2071214,653.2084081172943,3749,rx,2730,16000,1,pcm_u8,2730,0.16689276695251465
1778642689.3773584,653.3786451816559,3750,rx,2730,16000,1,pcm_u8,2730,0.17023706436157227
1778642689.5519164,653.5532031059265,3751,rx,2730,16000,1,pcm_u8,2730,0.17455792427062988
1778642689.7193267,653.7206134796143,3752,rx,2730,16000,1,pcm_u8,2730,0.16741037368774414
1778642689.8998427,653.9011294841766,3753,rx,2730,16000,1,pcm_u8,2730,0.18051600456237793
1778642690.0657628,654.0670495033264,3754,rx,2730,16000,1,pcm_u8,2730,0.16592001914978027
1778642690.2360923,654.2373790740967,3755,rx,2730,16000,1,pcm_u8,2730,0.17032957077026367
1778642690.4018896,654.4031763076782,3756,rx,2730,16000,1,pcm_u8,2730,0.16579723358154297
1778642690.573426,654.5747127532959,3757,rx,2730,16000,1,pcm_u8,2730,0.17153644561767578
1778642690.745639,654.7469258308411,3758,rx,2730,16000,1,pcm_u8,2730,0.17221307754516602
1778642690.9135344,654.9148211479187,3759,rx,2730,16000,1,pcm_u8,2730,0.16789531707763672
1778642691.08563,655.0869166851044,3760,rx,2730,16000,1,pcm_u8,2730,0.17209553718566895
1778642691.2554975,655.2567842006683,3761,rx,2730,16000,1,pcm_u8,2730,0.16986751556396484
1778642691.425988,655.4272747039795,3762,rx,2730,16000,1,pcm_u8,2730,0.17049050331115723
1778642691.59738,655.5986666679382,3763,rx,2730,16000,1,pcm_u8,2730,0.17139196395874023
1778642691.766817,655.7681038379669,3764,rx,2730,16000,1,pcm_u8,2730,0.16943717002868652
1778642691.9474697,655.9487564563751,3765,rx,2730,16000,1,pcm_u8,2730,0.18065261840820312
1778642692.1084468,656.109733581543,3766,rx,2730,16000,1,pcm_u8,2730,0.16097712516784668
1778642692.2796052,656.2808918952942,3767,rx,2730,16000,1,pcm_u8,2730,0.1711583137512207
1778642692.451706,656.4529926776886,3768,rx,2730,16000,1,pcm_u8,2730,0.17210078239440918
1778642692.6228116,656.6240983009338,3769,rx,2730,16000,1,pcm_u8,2730,0.17110562324523926
1778642692.7927692,656.7940559387207,3770,rx,2730,16000,1,pcm_u8,2730,0.16995763778686523
1778642692.9618475,656.9631342887878,3771,rx,2730,16000,1,pcm_u8,2730,0.16907835006713867
1778642693.138084,657.1393706798553,3772,rx,2730,16000,1,pcm_u8,2730,0.17623639106750488
1778642693.3030405,657.304327249527,3773,rx,2730,16000,1,pcm_u8,2730,0.16495656967163086
1778642693.4763136,657.4776003360748,3774,rx,2730,16000,1,pcm_u8,2730,0.17327308654785156
1778642693.6461346,657.6474213600159,3775,rx,2730,16000,1,pcm_u8,2730,0.16982102394104004
1778642693.815094,657.816380739212,3776,rx,2730,16000,1,pcm_u8,2730,0.168959379196167
1778642693.9921703,657.9934570789337,3777,rx,2730,16000,1,pcm_u8,2730,0.1770763397216797
1778642694.1573203,658.158607006073,3778,rx,2730,16000,1,pcm_u8,2730,0.16514992713928223
1778642694.32753,658.328816652298,3779,rx,2730,16000,1,pcm_u8,2730,0.17020964622497559
1778642694.4980524,658.4993391036987,3780,rx,2730,16000,1,pcm_u8,2730,0.17052245140075684
1778642694.6690917,658.670378446579,3781,rx,2730,16000,1,pcm_u8,2730,0.17103934288024902
1778642694.8437965,658.8450832366943,3782,rx,2730,16000,1,pcm_u8,2730,0.17470479011535645
1778642695.0100584,659.0113451480865,3783,rx,2730,16000,1,pcm_u8,2730,0.16626191139221191
1778642695.183952,659.1852388381958,3784,rx,2730,16000,1,pcm_u8,2730,0.17389369010925293
1778642695.3571458,659.3584325313568,3785,rx,2730,16000,1,pcm_u8,2730,0.17319369316101074
1778642695.5259554,659.5272421836853,3786,rx,2730,16000,1,pcm_u8,2730,0.1688096523284912
1778642695.7007215,659.7020082473755,3787,rx,2730,16000,1,pcm_u8,2730,0.17476606369018555
1778642695.871181,659.8724677562714,3788,rx,2730,16000,1,pcm_u8,2730,0.17045950889587402
1778642696.0408494,660.0421361923218,3789,rx,2730,16000,1,pcm_u8,2730,0.16966843605041504
1778642696.2123177,660.2136044502258,3790,rx,2730,16000,1,pcm_u8,2730,0.17146825790405273
1778642696.383919,660.385205745697,3791,rx,2730,16000,1,pcm_u8,2730,0.1716012954711914
1778642696.5502062,660.5514929294586,3792,rx,2730,16000,1,pcm_u8,2730,0.16628718376159668
1778642696.7206752,660.7219619750977,3793,rx,2730,16000,1,pcm_u8,2730,0.17046904563903809
1778642696.8975072,660.8987939357758,3794,rx,2730,16000,1,pcm_u8,2730,0.17683196067810059
1778642697.062147,661.0634336471558,3795,rx,2730,16000,1,pcm_u8,2730,0.16463971138000488
1778642697.2361007,661.237387418747,3796,rx,2730,16000,1,pcm_u8,2730,0.17395377159118652
1778642697.405033,661.4063198566437,3797,rx,2730,16000,1,pcm_u8,2730,0.16893243789672852
1778642697.5743222,661.5756089687347,3798,rx,2730,16000,1,pcm_u8,2730,0.16928911209106445
1778642697.748029,661.749315738678,3799,rx,2730,16000,1,pcm_u8,2730,0.1737067699432373
1778642697.9151628,661.916449546814,3800,rx,2730,16000,1,pcm_u8,2730,0.16713380813598633
1778642698.0951083,662.0963950157166,3801,rx,2730,16000,1,pcm_u8,2730,0.1799454689025879
1778642698.2567575,662.2580442428589,3802,rx,2730,16000,1,pcm_u8,2730,0.16164922714233398
1778642698.4327548,662.4340415000916,3803,rx,2730,16000,1,pcm_u8,2730,0.17599725723266602
1778642698.5975397,662.5988264083862,3804,rx,2730,16000,1,pcm_u8,2730,0.16478490829467773
1778642698.7654495,662.7667362689972,3805,rx,2730,16000,1,pcm_u8,2730,0.16790986061096191
1778642698.9365003,662.9377870559692,3806,rx,2730,16000,1,pcm_u8,2730,0.1710507869720459
1778642699.1075492,663.1088359355927,3807,rx,2730,16000,1,pcm_u8,2730,0.17104887962341309
1778642699.2770195,663.2783062458038,3808,rx,2730,16000,1,pcm_u8,2730,0.16947031021118164
1778642699.448849,663.4501357078552,3809,rx,2730,16000,1,pcm_u8,2730,0.1718294620513916
1778642699.6193278,663.620614528656,3810,rx,2730,16000,1,pcm_u8,2730,0.17047882080078125
1778642699.8045912,663.8058779239655,3811,rx,2730,16000,1,pcm_u8,2730,0.18526339530944824
1778642699.9595408,663.960827589035,3812,rx,2730,16000,1,pcm_u8,2730,0.15494966506958008
1778642700.1311624,664.1324491500854,3813,rx,2730,16000,1,pcm_u8,2730,0.17162156105041504
1778642700.3009987,664.3022854328156,3814,rx,2730,16000,1,pcm_u8,2730,0.16983628273010254
1778642700.4712076,664.4724943637848,3815,rx,2730,16000,1,pcm_u8,2730,0.17020893096923828
1778642700.6447544,664.6460411548615,3816,rx,2730,16000,1,pcm_u8,2730,0.17354679107666016
1778642700.8166327,664.8179194927216,3817,rx,2730,16000,1,pcm_u8,2730,0.17187833786010742
1778642700.9856787,664.9869654178619,3818,rx,2730,16000,1,pcm_u8,2730,0.16904592514038086
1778642701.1558392,665.1571259498596,3819,rx,2730,16000,1,pcm_u8,2730,0.17016053199768066
1778642701.3276303,665.3289170265198,3820,rx,2730,16000,1,pcm_u8,2730,0.17179107666015625
1778642701.4952784,665.4965651035309,3821,rx,2730,16000,1,pcm_u8,2730,0.1676480770111084
1778642701.6661496,665.6674363613129,3822,rx,2730,16000,1,pcm_u8,2730,0.17087125778198242
1778642701.8437066,665.84499335289,3823,rx,2730,16000,1,pcm_u8,2730,0.17755699157714844
1778642702.0078201,666.0091068744659,3824,rx,2730,16000,1,pcm_u8,2730,0.16411352157592773
1778642702.4216611,666.422947883606,3825,rx,2730,16000,1,pcm_u8,2730,0.41384100914001465
1778642702.5200222,666.5213088989258,3826,rx,2730,16000,1,pcm_u8,2730,0.09836101531982422
1778642702.6918569,666.6931436061859,3827,rx,2730,16000,1,pcm_u8,2730,0.17183470726013184
1778642702.8618014,666.8630881309509,3828,rx,2730,16000,1,pcm_u8,2730,0.16994452476501465
1778642703.0376954,667.0389821529388,3829,rx,2730,16000,1,pcm_u8,2730,0.17589402198791504
1778642703.2022533,667.2035400867462,3830,rx,2730,16000,1,pcm_u8,2730,0.16455793380737305
1778642703.379166,667.380452632904,3831,rx,2730,16000,1,pcm_u8,2730,0.17691254615783691
1778642703.5491543,667.5504410266876,3832,rx,2730,16000,1,pcm_u8,2730,0.16998839378356934
1778642703.7232287,667.7245154380798,3833,rx,2730,16000,1,pcm_u8,2730,0.17407441139221191
1778642703.889314,667.8906006813049,3834,rx,2730,16000,1,pcm_u8,2730,0.16608524322509766
1778642704.0598528,668.0611395835876,3835,rx,2730,16000,1,pcm_u8,2730,0.17053890228271484
1778642704.229582,668.2308688163757,3836,rx,2730,16000,1,pcm_u8,2730,0.16972923278808594
1778642704.4014268,668.4027135372162,3837,rx,2730,16000,1,pcm_u8,2730,0.1718447208404541
1778642704.5732899,668.5745766162872,3838,rx,2730,16000,1,pcm_u8,2730,0.17186307907104492
1778642704.7462282,668.74751496315,3839,rx,2730,16000,1,pcm_u8,2730,0.17293834686279297
1778642704.9143844,668.9156711101532,3840,rx,2730,16000,1,pcm_u8,2730,0.16815614700317383
1778642705.0858786,669.0871653556824,3841,rx,2730,16000,1,pcm_u8,2730,0.1714942455291748
1778642705.2557168,669.2570035457611,3842,rx,2730,16000,1,pcm_u8,2730,0.16983819007873535
1778642705.4266818,669.4279685020447,3843,rx,2730,16000,1,pcm_u8,2730,0.17096495628356934
1778642705.5974247,669.5987114906311,3844,rx,2730,16000,1,pcm_u8,2730,0.17074298858642578
1778642705.766277,669.7675638198853,3845,rx,2730,16000,1,pcm_u8,2730,0.1688523292541504
1778642705.9442558,669.9455425739288,3846,rx,2730,16000,1,pcm_u8,2730,0.1779787540435791
1778642706.1175177,670.1188044548035,3847,rx,2730,16000,1,pcm_u8,2730,0.1732618808746338
1778642706.2783716,670.2796583175659,3848,rx,2730,16000,1,pcm_u8,2730,0.16085386276245117
1778642706.449349,670.4506356716156,3849,rx,2730,16000,1,pcm_u8,2730,0.17097735404968262
1778642706.6188025,670.6200892925262,3850,rx,2730,16000,1,pcm_u8,2730,0.16945362091064453
1778642706.7881362,670.7894229888916,3851,rx,2730,16000,1,pcm_u8,2730,0.16933369636535645
1778642706.9574244,670.9587111473083,3852,rx,2730,16000,1,pcm_u8,2730,0.16928815841674805
1778642707.129013,671.1302998065948,3853,rx,2730,16000,1,pcm_u8,2730,0.17158865928649902
1778642707.2992535,671.3005402088165,3854,rx,2730,16000,1,pcm_u8,2730,0.1702404022216797
1778642707.4694943,671.4707810878754,3855,rx,2730,16000,1,pcm_u8,2730,0.1702408790588379
1778642707.6435168,671.6448035240173,3856,rx,2730,16000,1,pcm_u8,2730,0.17402243614196777
1778642707.810356,671.8116426467896,3857,rx,2730,16000,1,pcm_u8,2730,0.1668391227722168
1778642707.982615,671.9839017391205,3858,rx,2730,16000,1,pcm_u8,2730,0.17225909233093262
1778642708.1525192,672.1538059711456,3859,rx,2730,16000,1,pcm_u8,2730,0.16990423202514648
1778642708.3237622,672.3250489234924,3860,rx,2730,16000,1,pcm_u8,2730,0.17124295234680176
1778642708.497453,672.4987397193909,3861,rx,2730,16000,1,pcm_u8,2730,0.1736907958984375
1778642708.6640468,672.6653335094452,3862,rx,2730,16000,1,pcm_u8,2730,0.1665937900543213
1778642708.8392358,672.8405225276947,3863,rx,2730,16000,1,pcm_u8,2730,0.17518901824951172
1778642709.0052154,673.0065021514893,3864,rx,2730,16000,1,pcm_u8,2730,0.16597962379455566
1778642709.1769874,673.1782741546631,3865,rx,2730,16000,1,pcm_u8,2730,0.17177200317382812
1778642709.3470762,673.3483629226685,3866,rx,2730,16000,1,pcm_u8,2730,0.1700887680053711
1778642709.5207074,673.5219941139221,3867,rx,2730,16000,1,pcm_u8,2730,0.1736311912536621
1778642709.6932762,673.6945629119873,3868,rx,2730,16000,1,pcm_u8,2730,0.17256879806518555
1778642709.8587675,673.8600542545319,3869,rx,2730,16000,1,pcm_u8,2730,0.16549134254455566
1778642710.03055,674.0318367481232,3870,rx,2730,16000,1,pcm_u8,2730,0.1717824935913086
1778642710.1999624,674.2012491226196,3871,rx,2730,16000,1,pcm_u8,2730,0.16941237449645996
1778642710.3710942,674.3723809719086,3872,rx,2730,16000,1,pcm_u8,2730,0.17113184928894043
1778642710.541643,674.542929649353,3873,rx,2730,16000,1,pcm_u8,2730,0.170548677444458
1778642710.7125616,674.7138483524323,3874,rx,2730,16000,1,pcm_u8,2730,0.17091870307922363
1778642710.888281,674.8895678520203,3875,rx,2730,16000,1,pcm_u8,2730,0.1757194995880127
1778642711.0559466,675.0572333335876,3876,rx,2730,16000,1,pcm_u8,2730,0.1676654815673828
1778642711.2275307,675.2288174629211,3877,rx,2730,16000,1,pcm_u8,2730,0.1715841293334961
1778642711.3953114,675.3965981006622,3878,rx,2730,16000,1,pcm_u8,2730,0.16778063774108887
1778642711.5670044,675.5682911872864,3879,rx,2730,16000,1,pcm_u8,2730,0.1716930866241455
1778642711.7444887,675.7457754611969,3880,rx,2730,16000,1,pcm_u8,2730,0.17748427391052246
1778642711.9100454,675.9113321304321,3881,rx,2730,16000,1,pcm_u8,2730,0.1655566692352295
1778642712.0833967,676.0846834182739,3882,rx,2730,16000,1,pcm_u8,2730,0.17335128784179688
1778642712.2537928,676.2550795078278,3883,rx,2730,16000,1,pcm_u8,2730,0.170396089553833
1778642712.4187112,676.4199979305267,3884,rx,2730,16000,1,pcm_u8,2730,0.1649184226989746
1778642712.5903745,676.5916612148285,3885,rx,2730,16000,1,pcm_u8,2730,0.1716632843017578
1778642712.7608793,676.7621660232544,3886,rx,2730,16000,1,pcm_u8,2730,0.17050480842590332
1778642712.9334729,676.9347596168518,3887,rx,2730,16000,1,pcm_u8,2730,0.1725935935974121
1778642713.1015315,677.1028182506561,3888,rx,2730,16000,1,pcm_u8,2730,0.1680586338043213
1778642713.2728496,677.2741363048553,3889,rx,2730,16000,1,pcm_u8,2730,0.17131805419921875
1778642713.4448578,677.4461445808411,3890,rx,2730,16000,1,pcm_u8,2730,0.17200827598571777
1778642713.614587,677.6158738136292,3891,rx,2730,16000,1,pcm_u8,2730,0.16972923278808594
1778642713.7868595,677.7881462574005,3892,rx,2730,16000,1,pcm_u8,2730,0.1722724437713623
1778642713.9563446,677.9576313495636,3893,rx,2730,16000,1,pcm_u8,2730,0.16948509216308594
1778642714.1262267,678.1275134086609,3894,rx,2730,16000,1,pcm_u8,2730,0.16988205909729004
1778642714.2981517,678.2994384765625,3895,rx,2730,16000,1,pcm_u8,2730,0.17192506790161133
1778642714.4677036,678.4689903259277,3896,rx,2730,16000,1,pcm_u8,2730,0.16955184936523438
1778642714.6424396,678.643726348877,3897,rx,2730,16000,1,pcm_u8,2730,0.17473602294921875
1778642714.8111916,678.8124783039093,3898,rx,2730,16000,1,pcm_u8,2730,0.16875195503234863
1778642714.983586,678.9848728179932,3899,rx,2730,16000,1,pcm_u8,2730,0.1723945140838623
1778642715.151995,679.1532816886902,3900,rx,2730,16000,1,pcm_u8,2730,0.16840887069702148
1778642715.321277,679.3225636482239,3901,rx,2730,16000,1,pcm_u8,2730,0.1692819595336914
1778642715.4923575,679.4936442375183,3902,rx,2730,16000,1,pcm_u8,2730,0.1710805892944336
1778642715.663732,679.6650187969208,3903,rx,2730,16000,1,pcm_u8,2730,0.17137455940246582
1778642715.8404493,679.8417360782623,3904,rx,2730,16000,1,pcm_u8,2730,0.17671728134155273
1778642716.0033026,680.0045893192291,3905,rx,2730,16000,1,pcm_u8,2730,0.16285324096679688
1778642716.1783144,680.1796011924744,3906,rx,2730,16000,1,pcm_u8,2730,0.17501187324523926
1778642716.3456535,680.346940279007,3907,rx,2730,16000,1,pcm_u8,2730,0.16733908653259277
1778642716.515438,680.5167248249054,3908,rx,2730,16000,1,pcm_u8,2730,0.1697845458984375
1778642716.6867158,680.6880025863647,3909,rx,2730,16000,1,pcm_u8,2730,0.17127776145935059
1778642716.856706,680.8579926490784,3910,rx,2730,16000,1,pcm_u8,2730,0.16999006271362305
1778642717.0300362,681.0313229560852,3911,rx,2730,16000,1,pcm_u8,2730,0.17333030700683594
1778642717.2033412,681.2046279907227,3912,rx,2730,16000,1,pcm_u8,2730,0.17330503463745117
1778642717.3724575,681.3737442493439,3913,rx,2730,16000,1,pcm_u8,2730,0.16911625862121582
1778642717.5452576,681.5465443134308,3914,rx,2730,16000,1,pcm_u8,2730,0.17280006408691406
1778642717.7127137,681.7140004634857,3915,rx,2730,16000,1,pcm_u8,2730,0.16745615005493164
1778642717.8876839,681.8889706134796,3916,rx,2730,16000,1,pcm_u8,2730,0.17497014999389648
1778642718.0544956,682.0557823181152,3917,rx,2730,16000,1,pcm_u8,2730,0.16681170463562012
1778642718.2297115,682.2309982776642,3918,rx,2730,16000,1,pcm_u8,2730,0.1752159595489502
1778642718.397709,682.3989956378937,3919,rx,2730,16000,1,pcm_u8,2730,0.1679973602294922
1778642718.5669408,682.5682275295258,3920,rx,2730,16000,1,pcm_u8,2730,0.16923189163208008
1778642718.739163,682.7404496669769,3921,rx,2730,16000,1,pcm_u8,2730,0.17222213745117188
1778642718.9084194,682.9097061157227,3922,rx,2730,16000,1,pcm_u8,2730,0.16925644874572754
1778642719.0802202,683.0815069675446,3923,rx,2730,16000,1,pcm_u8,2730,0.17180085182189941
1778642719.2457447,683.2470314502716,3924,rx,2730,16000,1,pcm_u8,2730,0.16552448272705078
1778642719.4173288,683.4186155796051,3925,rx,2730,16000,1,pcm_u8,2730,0.1715841293334961
1778642719.5931046,683.5943913459778,3926,rx,2730,16000,1,pcm_u8,2730,0.17577576637268066
1778642719.758095,683.7593817710876,3927,rx,2730,16000,1,pcm_u8,2730,0.16499042510986328
1778642719.9336631,683.9349498748779,3928,rx,2730,16000,1,pcm_u8,2730,0.1755681037902832
1778642720.1000156,684.1013023853302,3929,rx,2730,16000,1,pcm_u8,2730,0.1663525104522705
1778642720.340078,684.3413648605347,3930,rx,2730,16000,1,pcm_u8,2730,0.24006247520446777
1778642720.4407165,684.4420032501221,3931,rx,2730,16000,1,pcm_u8,2730,0.10063838958740234
1778642720.6125185,684.6138052940369,3932,rx,2730,16000,1,pcm_u8,2730,0.17180204391479492
1778642720.7873123,684.7885990142822,3933,rx,2730,16000,1,pcm_u8,2730,0.17479372024536133
1778642720.9546528,684.9559395313263,3934,rx,2730,16000,1,pcm_u8,2730,0.16734051704406738
1778642721.1228561,685.1241428852081,3935,rx,2730,16000,1,pcm_u8,2730,0.16820335388183594
1778642721.295595,685.2968816757202,3936,rx,2730,16000,1,pcm_u8,2730,0.17273879051208496
1778642721.4647634,685.4660501480103,3937,rx,2730,16000,1,pcm_u8,2730,0.16916847229003906
1778642721.6379035,685.639190196991,3938,rx,2730,16000,1,pcm_u8,2730,0.1731400489807129
1778642721.8064868,685.8077735900879,3939,rx,2730,16000,1,pcm_u8,2730,0.16858339309692383
1778642721.9776797,685.9789664745331,3940,rx,2730,16000,1,pcm_u8,2730,0.17119288444519043
1778642722.1477282,686.1490149497986,3941,rx,2730,16000,1,pcm_u8,2730,0.17004847526550293
1778642722.319441,686.3207278251648,3942,rx,2730,16000,1,pcm_u8,2730,0.17171287536621094
1778642722.4885511,686.489837884903,3943,rx,2730,16000,1,pcm_u8,2730,0.16911005973815918
1778642722.6592035,686.6604902744293,3944,rx,2730,16000,1,pcm_u8,2730,0.1706523895263672
1778642722.8391104,686.8403971195221,3945,rx,2730,16000,1,pcm_u8,2730,0.17990684509277344
1778642723.0004447,687.0017313957214,3946,rx,2730,16000,1,pcm_u8,2730,0.16133427619934082
1778642723.1721249,687.1734116077423,3947,rx,2730,16000,1,pcm_u8,2730,0.17168021202087402
1778642723.346451,687.347737789154,3948,rx,2730,16000,1,pcm_u8,2730,0.17432618141174316
1778642723.5130894,687.5143761634827,3949,rx,2730,16000,1,pcm_u8,2730,0.16663837432861328
1778642723.6864076,687.687694311142,3950,rx,2730,16000,1,pcm_u8,2730,0.17331814765930176
1778642723.8544881,687.8557748794556,3951,rx,2730,16000,1,pcm_u8,2730,0.16808056831359863
1778642724.0261788,688.0274655818939,3952,rx,2730,16000,1,pcm_u8,2730,0.1716907024383545
1778642724.2004137,688.2017004489899,3953,rx,2730,16000,1,pcm_u8,2730,0.17423486709594727
1778642724.3687942,688.370080947876,3954,rx,2730,16000,1,pcm_u8,2730,0.1683804988861084
1778642724.5399563,688.5412430763245,3955,rx,2730,16000,1,pcm_u8,2730,0.17116212844848633
1778642724.708601,688.7098877429962,3956,rx,2730,16000,1,pcm_u8,2730,0.16864466667175293
1778642724.8925405,688.8938271999359,3957,rx,2730,16000,1,pcm_u8,2730,0.18393945693969727
1778642725.0531154,689.0544021129608,3958,rx,2730,16000,1,pcm_u8,2730,0.16057491302490234
1778642725.2214737,689.2227604389191,3959,rx,2730,16000,1,pcm_u8,2730,0.16835832595825195
1778642725.391206,689.3924927711487,3960,rx,2730,16000,1,pcm_u8,2730,0.16973233222961426
1778642725.561612,689.5628986358643,3961,rx,2730,16000,1,pcm_u8,2730,0.17040586471557617
1778642725.737501,689.738787651062,3962,rx,2730,16000,1,pcm_u8,2730,0.1758890151977539
1778642725.9023705,689.9036571979523,3963,rx,2730,16000,1,pcm_u8,2730,0.1648695468902588
1778642726.0757368,690.0770235061646,3964,rx,2730,16000,1,pcm_u8,2730,0.17336630821228027
1778642726.2434912,690.2447779178619,3965,rx,2730,16000,1,pcm_u8,2730,0.1677544116973877
1778642726.4144566,690.4157433509827,3966,rx,2730,16000,1,pcm_u8,2730,0.17096543312072754
1778642726.5859952,690.5872819423676,3967,rx,2730,16000,1,pcm_u8,2730,0.1715385913848877
1778642726.7560883,690.7573750019073,3968,rx,2730,16000,1,pcm_u8,2730,0.17009305953979492
1778642726.9341178,690.9354045391083,3969,rx,2730,16000,1,pcm_u8,2730,0.17802953720092773
1778642727.097703,691.0989897251129,3970,rx,2730,16000,1,pcm_u8,2730,0.16358518600463867
1778642727.268567,691.2698538303375,3971,rx,2730,16000,1,pcm_u8,2730,0.17086410522460938
1778642727.4383557,691.4396424293518,3972,rx,2730,16000,1,pcm_u8,2730,0.16978859901428223
1778642727.6088433,691.61013007164,3973,rx,2730,16000,1,pcm_u8,2730,0.170487642288208
1778642727.7880356,691.7893223762512,3974,rx,2730,16000,1,pcm_u8,2730,0.17919230461120605
1778642727.950589,691.9518756866455,3975,rx,2730,16000,1,pcm_u8,2730,0.1625533103942871
1778642728.129531,692.1308176517487,3976,rx,2730,16000,1,pcm_u8,2730,0.17894196510314941
1778642728.2922773,692.293564081192,3977,rx,2730,16000,1,pcm_u8,2730,0.16274642944335938
1778642728.462357,692.4636437892914,3978,rx,2730,16000,1,pcm_u8,2730,0.17007970809936523
1778642728.6333516,692.6346383094788,3979,rx,2730,16000,1,pcm_u8,2730,0.17099452018737793
1778642728.80412,692.8054068088531,3980,rx,2730,16000,1,pcm_u8,2730,0.17076849937438965
1778642728.974352,692.975638628006,3981,rx,2730,16000,1,pcm_u8,2730,0.17023181915283203
1778642729.1449664,693.1462531089783,3982,rx,2730,16000,1,pcm_u8,2730,0.17061448097229004
1778642729.3212306,693.3225173950195,3983,rx,2730,16000,1,pcm_u8,2730,0.17626428604125977
1778642729.4918394,693.4931261539459,3984,rx,2730,16000,1,pcm_u8,2730,0.1706087589263916
1778642729.6614199,693.6627066135406,3985,rx,2730,16000,1,pcm_u8,2730,0.16958045959472656
1778642729.8340914,693.8353781700134,3986,rx,2730,16000,1,pcm_u8,2730,0.17267155647277832
1778642730.002093,694.0033798217773,3987,rx,2730,16000,1,pcm_u8,2730,0.16800165176391602
1778642730.1742342,694.1755208969116,3988,rx,2730,16000,1,pcm_u8,2730,0.17214107513427734
1778642730.344404,694.3456907272339,3989,rx,2730,16000,1,pcm_u8,2730,0.17016983032226562
1778642730.5175793,694.5188660621643,3990,rx,2730,16000,1,pcm_u8,2730,0.17317533493041992
1778642730.6859143,694.6872010231018,3991,rx,2730,16000,1,pcm_u8,2730,0.1683349609375
1778642730.8555217,694.856808423996,3992,rx,2730,16000,1,pcm_u8,2730,0.16960740089416504
1778642731.0271723,695.028459072113,3993,rx,2730,16000,1,pcm_u8,2730,0.17165064811706543
1778642731.1967862,695.1980729103088,3994,rx,2730,16000,1,pcm_u8,2730,0.16961383819580078
1778642731.3687773,695.3700640201569,3995,rx,2730,16000,1,pcm_u8,2730,0.17199110984802246
1778642731.5394955,695.5407822132111,3996,rx,2730,16000,1,pcm_u8,2730,0.17071819305419922
1778642731.7125676,695.7138543128967,3997,rx,2730,16000,1,pcm_u8,2730,0.17307209968566895
1778642731.887711,695.8889977931976,3998,rx,2730,16000,1,pcm_u8,2730,0.17514348030090332
1778642732.050261,696.0515477657318,3999,rx,2730,16000,1,pcm_u8,2730,0.1625499725341797
1778642732.2215464,696.2228331565857,4000,rx,2730,16000,1,pcm_u8,2730,0.17128539085388184
1778642732.3919744,696.3932611942291,4001,rx,2730,16000,1,pcm_u8,2730,0.17042803764343262
1778642732.561739,696.5630257129669,4002,rx,2730,16000,1,pcm_u8,2730,0.16976451873779297
1778642732.7314365,696.732723236084,4003,rx,2730,16000,1,pcm_u8,2730,0.16969752311706543
1778642732.8995295,696.9008162021637,4004,rx,2730,16000,1,pcm_u8,2730,0.16809296607971191
1778642733.0720048,697.0732915401459,4005,rx,2730,16000,1,pcm_u8,2730,0.17247533798217773
1778642733.2417994,697.2430860996246,4006,rx,2730,16000,1,pcm_u8,2730,0.16979455947875977
1778642733.411548,697.4128346443176,4007,rx,2730,16000,1,pcm_u8,2730,0.16974854469299316
1778642733.5852213,697.5865080356598,4008,rx,2730,16000,1,pcm_u8,2730,0.17367339134216309
1778642733.753627,697.7549138069153,4009,rx,2730,16000,1,pcm_u8,2730,0.16840577125549316
1778642733.9290736,697.9303603172302,4010,rx,2730,16000,1,pcm_u8,2730,0.1754465103149414
1778642734.094423,698.0957098007202,4011,rx,2730,16000,1,pcm_u8,2730,0.16534948348999023
1778642734.2659652,698.2672519683838,4012,rx,2730,16000,1,pcm_u8,2730,0.17154216766357422
1778642734.4384968,698.4397835731506,4013,rx,2730,16000,1,pcm_u8,2730,0.1725316047668457
1778642734.6060076,698.6072943210602,4014,rx,2730,16000,1,pcm_u8,2730,0.1675107479095459
1778642734.7775064,698.7787930965424,4015,rx,2730,16000,1,pcm_u8,2730,0.17149877548217773
1778642734.9485533,698.9498400688171,4016,rx,2730,16000,1,pcm_u8,2730,0.17104697227478027
1778642735.1231923,699.1244790554047,4017,rx,2730,16000,1,pcm_u8,2730,0.17463898658752441
1778642735.2892246,699.2905113697052,4018,rx,2730,16000,1,pcm_u8,2730,0.1660323143005371
1778642735.4612956,699.4625823497772,4019,rx,2730,16000,1,pcm_u8,2730,0.17207098007202148
1778642735.635579,699.6368658542633,4020,rx,2730,16000,1,pcm_u8,2730,0.17428350448608398
1778642735.8009999,699.8022866249084,4021,rx,2730,16000,1,pcm_u8,2730,0.1654207706451416
1778642735.9718285,699.9731152057648,4022,rx,2730,16000,1,pcm_u8,2730,0.17082858085632324
1778642736.1424203,700.143707036972,4023,rx,2730,16000,1,pcm_u8,2730,0.1705918312072754
1778642736.3168075,700.31809425354,4024,rx,2730,16000,1,pcm_u8,2730,0.17438721656799316
1778642736.485609,700.4868957996368,4025,rx,2730,16000,1,pcm_u8,2730,0.16880154609680176
1778642736.655018,700.6563048362732,4026,rx,2730,16000,1,pcm_u8,2730,0.16940903663635254
1778642736.8391113,700.8403980731964,4027,rx,2730,16000,1,pcm_u8,2730,0.18409323692321777
1778642736.996207,700.9974937438965,4028,rx,2730,16000,1,pcm_u8,2730,0.15709567070007324
1778642737.1671116,701.1683983802795,4029,rx,2730,16000,1,pcm_u8,2730,0.17090463638305664
1778642737.3375123,701.3387989997864,4030,rx,2730,16000,1,pcm_u8,2730,0.17040061950683594
1778642737.510689,701.5119757652283,4031,rx,2730,16000,1,pcm_u8,2730,0.17317676544189453
1778642737.6849053,701.686192035675,4032,rx,2730,16000,1,pcm_u8,2730,0.17421627044677734
1778642737.8524544,701.8537411689758,4033,rx,2730,16000,1,pcm_u8,2730,0.16754913330078125
1778642738.0254097,702.0266964435577,4034,rx,2730,16000,1,pcm_u8,2730,0.17295527458190918
1778642738.1967552,702.1980419158936,4035,rx,2730,16000,1,pcm_u8,2730,0.17134547233581543
1778642738.3650787,702.3663654327393,4036,rx,2730,16000,1,pcm_u8,2730,0.16832351684570312
1778642738.5364437,702.5377304553986,4037,rx,2730,16000,1,pcm_u8,2730,0.17136502265930176
1778642738.7097516,702.711038351059,4038,rx,2730,16000,1,pcm_u8,2730,0.1733078956604004
1778642738.8818321,702.8831188678741,4039,rx,2730,16000,1,pcm_u8,2730,0.17208051681518555
1778642739.0471954,703.0484821796417,4040,rx,2730,16000,1,pcm_u8,2730,0.16536331176757812
1778642739.215608,703.2168946266174,4041,rx,2730,16000,1,pcm_u8,2730,0.168412446975708
1778642739.388077,703.3893637657166,4042,rx,2730,16000,1,pcm_u8,2730,0.1724691390991211
1778642739.5567021,703.5579888820648,4043,rx,2730,16000,1,pcm_u8,2730,0.1686251163482666
1778642739.7295074,703.7307941913605,4044,rx,2730,16000,1,pcm_u8,2730,0.1728053092956543
1778642739.8973796,703.8986663818359,4045,rx,2730,16000,1,pcm_u8,2730,0.16787219047546387
1778642740.069605,704.0708918571472,4046,rx,2730,16000,1,pcm_u8,2730,0.1722254753112793
1778642740.2392697,704.2405564785004,4047,rx,2730,16000,1,pcm_u8,2730,0.16966462135314941
1778642740.4099715,704.4112582206726,4048,rx,2730,16000,1,pcm_u8,2730,0.1707017421722412
1778642740.5882516,704.5895383358002,4049,rx,2730,16000,1,pcm_u8,2730,0.17828011512756348
1778642740.7512205,704.7525072097778,4050,rx,2730,16000,1,pcm_u8,2730,0.16296887397766113
1778642740.922013,704.9232997894287,4051,rx,2730,16000,1,pcm_u8,2730,0.1707925796508789
1778642741.0937996,705.0950863361359,4052,rx,2730,16000,1,pcm_u8,2730,0.17178654670715332
1778642741.265124,705.2664108276367,4053,rx,2730,16000,1,pcm_u8,2730,0.1713244915008545
1778642741.4344184,705.4357051849365,4054,rx,2730,16000,1,pcm_u8,2730,0.1692943572998047
1778642741.6043093,705.6055960655212,4055,rx,2730,16000,1,pcm_u8,2730,0.1698908805847168
1778642741.7785442,705.7798309326172,4056,rx,2730,16000,1,pcm_u8,2730,0.17423486709594727
1778642741.9463058,705.947592496872,4057,rx,2730,16000,1,pcm_u8,2730,0.16776156425476074
1778642742.12002,706.1213066577911,4058,rx,2730,16000,1,pcm_u8,2730,0.17371416091918945
1778642742.2872453,706.2885320186615,4059,rx,2730,16000,1,pcm_u8,2730,0.16722536087036133
1778642742.4576952,706.4589819908142,4060,rx,2730,16000,1,pcm_u8,2730,0.17044997215270996
1778642742.6295426,706.630829334259,4061,rx,2730,16000,1,pcm_u8,2730,0.17184734344482422
1778642742.7986157,706.7999024391174,4062,rx,2730,16000,1,pcm_u8,2730,0.16907310485839844
1778642742.979574,706.980860710144,4063,rx,2730,16000,1,pcm_u8,2730,0.18095827102661133
1778642743.1416442,707.1429309844971,4064,rx,2730,16000,1,pcm_u8,2730,0.16207027435302734
1778642743.3109007,707.3121874332428,4065,rx,2730,16000,1,pcm_u8,2730,0.16925644874572754
1778642743.4832919,707.4845786094666,4066,rx,2730,16000,1,pcm_u8,2730,0.17239117622375488
1778642743.6586297,707.6599164009094,4067,rx,2730,16000,1,pcm_u8,2730,0.1753377914428711
1778642743.8244274,707.8257141113281,4068,rx,2730,16000,1,pcm_u8,2730,0.16579771041870117
1778642743.9934802,707.9947669506073,4069,rx,2730,16000,1,pcm_u8,2730,0.1690528392791748
1778642744.1746197,708.175906419754,4070,rx,2730,16000,1,pcm_u8,2730,0.18113946914672852
1778642744.344576,708.3458626270294,4071,rx,2730,16000,1,pcm_u8,2730,0.16995620727539062
1778642744.5094116,708.5106983184814,4072,rx,2730,16000,1,pcm_u8,2730,0.16483569145202637
1778642744.6836197,708.6849064826965,4073,rx,2730,16000,1,pcm_u8,2730,0.1742081642150879
1778642744.8468099,708.8480966091156,4074,rx,2730,16000,1,pcm_u8,2730,0.16319012641906738
1778642745.0182126,709.0194993019104,4075,rx,2730,16000,1,pcm_u8,2730,0.1714026927947998
1778642745.188108,709.1893947124481,4076,rx,2730,16000,1,pcm_u8,2730,0.16989541053771973
1778642745.3594716,709.360758304596,4077,rx,2730,16000,1,pcm_u8,2730,0.17136359214782715
1778642745.5312877,709.5325744152069,4078,rx,2730,16000,1,pcm_u8,2730,0.17181611061096191
1778642745.7005,709.7017867565155,4079,rx,2730,16000,1,pcm_u8,2730,0.16921234130859375
1778642745.8730855,709.8743722438812,4080,rx,2730,16000,1,pcm_u8,2730,0.17258548736572266
1778642746.041901,710.0431878566742,4081,rx,2730,16000,1,pcm_u8,2730,0.16881561279296875
1778642746.2123814,710.2136681079865,4082,rx,2730,16000,1,pcm_u8,2730,0.17048025131225586
1778642746.38361,710.3848967552185,4083,rx,2730,16000,1,pcm_u8,2730,0.17122864723205566
1778642746.5536683,710.5549550056458,4084,rx,2730,16000,1,pcm_u8,2730,0.1700582504272461
1778642746.729411,710.7306976318359,4085,rx,2730,16000,1,pcm_u8,2730,0.17574262619018555
1778642746.89511,710.8963966369629,4086,rx,2730,16000,1,pcm_u8,2730,0.16569900512695312
1778642747.0659282,711.0672149658203,4087,rx,2730,16000,1,pcm_u8,2730,0.17081832885742188
1778642747.2441907,711.245477437973,4088,rx,2730,16000,1,pcm_u8,2730,0.17826247215270996
1778642747.4072711,711.4085578918457,4089,rx,2730,16000,1,pcm_u8,2730,0.16308045387268066
1778642747.5782378,711.5795245170593,4090,rx,2730,16000,1,pcm_u8,2730,0.17096662521362305
1778642747.7481852,711.7494719028473,4091,rx,2730,16000,1,pcm_u8,2730,0.16994738578796387
1778642747.9242063,711.9254930019379,4092,rx,2730,16000,1,pcm_u8,2730,0.17602109909057617
1778642748.0900242,712.0913109779358,4093,rx,2730,16000,1,pcm_u8,2730,0.1658179759979248
1778642748.263467,712.264753818512,4094,rx,2730,16000,1,pcm_u8,2730,0.17344284057617188
1778642748.4358704,712.4371571540833,4095,rx,2730,16000,1,pcm_u8,2730,0.17240333557128906
1778642748.601951,712.6032376289368,4096,rx,2730,16000,1,pcm_u8,2730,0.16608047485351562
1778642748.7764938,712.7777805328369,4097,rx,2730,16000,1,pcm_u8,2730,0.17454290390014648
1778642748.9434357,712.9447224140167,4098,rx,2730,16000,1,pcm_u8,2730,0.16694188117980957
1778642749.1148493,713.1161360740662,4099,rx,2730,16000,1,pcm_u8,2730,0.17141366004943848
1778642749.2866175,713.2879042625427,4100,rx,2730,16000,1,pcm_u8,2730,0.1717681884765625
1778642749.4579444,713.4592311382294,4101,rx,2730,16000,1,pcm_u8,2730,0.1713268756866455
1778642749.629664,713.6309506893158,4102,rx,2730,16000,1,pcm_u8,2730,0.17171955108642578
1778642749.8008614,713.802148103714,4103,rx,2730,16000,1,pcm_u8,2730,0.17119741439819336
1778642749.9788477,713.9801344871521,4104,rx,2730,16000,1,pcm_u8,2730,0.17798638343811035
1778642750.1428754,714.1441621780396,4105,rx,2730,16000,1,pcm_u8,2730,0.16402769088745117
1778642750.3133044,714.3145911693573,4106,rx,2730,16000,1,pcm_u8,2730,0.17042899131774902
1778642750.4854782,714.4867649078369,4107,rx,2730,16000,1,pcm_u8,2730,0.17217373847961426
1778642750.6543431,714.6556298732758,4108,rx,2730,16000,1,pcm_u8,2730,0.16886496543884277
1778642750.8320072,714.8332939147949,4109,rx,2730,16000,1,pcm_u8,2730,0.17766404151916504
1778642750.9960911,714.997377872467,4110,rx,2730,16000,1,pcm_u8,2730,0.16408395767211914
1778642751.1667495,715.1680362224579,4111,rx,2730,16000,1,pcm_u8,2730,0.17065834999084473
1778642751.3374848,715.3387715816498,4112,rx,2730,16000,1,pcm_u8,2730,0.17073535919189453
1778642751.511363,715.5126497745514,4113,rx,2730,16000,1,pcm_u8,2730,0.17387819290161133
1778642751.6913433,715.6926300525665,4114,rx,2730,16000,1,pcm_u8,2730,0.17998027801513672
1778642751.850344,715.8516306877136,4115,rx,2730,16000,1,pcm_u8,2730,0.15900063514709473
1778642752.0251045,716.0263912677765,4116,rx,2730,16000,1,pcm_u8,2730,0.1747605800628662
1778642752.1909251,716.1922118663788,4117,rx,2730,16000,1,pcm_u8,2730,0.16582059860229492
1778642752.360633,716.3619196414948,4118,rx,2730,16000,1,pcm_u8,2730,0.1697077751159668
1778642752.5388012,716.5400879383087,4119,rx,2730,16000,1,pcm_u8,2730,0.17816829681396484
1778642752.7019215,716.7032082080841,4120,rx,2730,16000,1,pcm_u8,2730,0.16312026977539062
1778642752.8875556,716.8888423442841,4121,rx,2730,16000,1,pcm_u8,2730,0.18563413619995117
1778642753.047501,717.0487878322601,4122,rx,2730,16000,1,pcm_u8,2730,0.15994548797607422
1778642753.2130916,717.2143783569336,4123,rx,2730,16000,1,pcm_u8,2730,0.16559052467346191
1778642753.385687,717.3869738578796,4124,rx,2730,16000,1,pcm_u8,2730,0.17259550094604492
1778642753.5592296,717.5605163574219,4125,rx,2730,16000,1,pcm_u8,2730,0.17354249954223633
1778642753.7271156,717.7284023761749,4126,rx,2730,16000,1,pcm_u8,2730,0.16788601875305176
1778642753.8956096,717.8968963623047,4127,rx,2730,16000,1,pcm_u8,2730,0.16849398612976074
1778642754.0679402,718.0692269802094,4128,rx,2730,16000,1,pcm_u8,2730,0.17233061790466309
1778642754.239504,718.2407908439636,4129,rx,2730,16000,1,pcm_u8,2730,0.17156386375427246
1778642754.4086215,718.4099082946777,4130,rx,2730,16000,1,pcm_u8,2730,0.16911745071411133
1778642754.579747,718.581033706665,4131,rx,2730,16000,1,pcm_u8,2730,0.1711254119873047
1778642754.7492073,718.7504940032959,4132,rx,2730,16000,1,pcm_u8,2730,0.16946029663085938
1778642754.927191,718.9284777641296,4133,rx,2730,16000,1,pcm_u8,2730,0.17798376083374023
1778642755.0949872,719.0962738990784,4134,rx,2730,16000,1,pcm_u8,2730,0.16779613494873047
1778642755.277116,719.2784028053284,4135,rx,2730,16000,1,pcm_u8,2730,0.18212890625
1778642755.4798868,719.4811735153198,4136,rx,2730,16000,1,pcm_u8,2730,0.20277070999145508
1778642755.7303522,719.7316389083862,4137,rx,2730,16000,1,pcm_u8,2730,0.25046539306640625
1778642755.7736063,719.7748930454254,4138,rx,2730,16000,1,pcm_u8,2730,0.04325413703918457
1778642755.9439642,719.9452509880066,4139,rx,2730,16000,1,pcm_u8,2730,0.17035794258117676
1778642756.115569,720.1168558597565,4140,rx,2730,16000,1,pcm_u8,2730,0.17160487174987793
1778642756.2875957,720.2888824939728,4141,rx,2730,16000,1,pcm_u8,2730,0.1720266342163086
1778642756.4582238,720.4595105648041,4142,rx,2730,16000,1,pcm_u8,2730,0.17062807083129883
1778642756.6304803,720.6317670345306,4143,rx,2730,16000,1,pcm_u8,2730,0.1722564697265625
1778642756.7978582,720.7991449832916,4144,rx,2730,16000,1,pcm_u8,2730,0.16737794876098633
1778642756.9660056,720.9672923088074,4145,rx,2730,16000,1,pcm_u8,2730,0.16814732551574707
1778642757.1354651,721.1367518901825,4146,rx,2730,16000,1,pcm_u8,2730,0.16945958137512207
1778642757.307156,721.3084428310394,4147,rx,2730,16000,1,pcm_u8,2730,0.1716909408569336
1778642757.4771857,721.4784724712372,4148,rx,2730,16000,1,pcm_u8,2730,0.1700296401977539
1778642757.6477125,721.6489992141724,4149,rx,2730,16000,1,pcm_u8,2730,0.17052674293518066
1778642757.8219233,721.8232100009918,4150,rx,2730,16000,1,pcm_u8,2730,0.174210786819458
1778642757.9900029,721.9912896156311,4151,rx,2730,16000,1,pcm_u8,2730,0.16807961463928223
1778642758.164023,722.1653096675873,4152,rx,2730,16000,1,pcm_u8,2730,0.17402005195617676
1778642758.3301792,722.331465959549,4153,rx,2730,16000,1,pcm_u8,2730,0.16615629196166992
1778642758.5012121,722.5024988651276,4154,rx,2730,16000,1,pcm_u8,2730,0.17103290557861328
1778642758.6729078,722.6741945743561,4155,rx,2730,16000,1,pcm_u8,2730,0.17169570922851562
1778642758.8424845,722.8437712192535,4156,rx,2730,16000,1,pcm_u8,2730,0.16957664489746094
1778642759.013099,723.0143857002258,4157,rx,2730,16000,1,pcm_u8,2730,0.17061448097229004
1778642759.1834898,723.1847765445709,4158,rx,2730,16000,1,pcm_u8,2730,0.17039084434509277
1778642759.3543255,723.3556122779846,4159,rx,2730,16000,1,pcm_u8,2730,0.1708357334136963
1778642759.526901,723.52818775177,4160,rx,2730,16000,1,pcm_u8,2730,0.1725754737854004
1778642759.6968923,723.6981790065765,4161,rx,2730,16000,1,pcm_u8,2730,0.16999125480651855
1778642759.867328,723.8686146736145,4162,rx,2730,16000,1,pcm_u8,2730,0.17043566703796387
1778642760.0372505,724.0385372638702,4163,rx,2730,16000,1,pcm_u8,2730,0.1699225902557373
1778642760.2088022,724.210088968277,4164,rx,2730,16000,1,pcm_u8,2730,0.17155170440673828
1778642760.378909,724.3801958560944,4165,rx,2730,16000,1,pcm_u8,2730,0.1701068878173828
1778642760.5497549,724.5510416030884,4166,rx,2730,16000,1,pcm_u8,2730,0.17084574699401855
1778642760.72687,724.7281568050385,4167,rx,2730,16000,1,pcm_u8,2730,0.17711520195007324
1778642760.8917134,724.893000125885,4168,rx,2730,16000,1,pcm_u8,2730,0.16484332084655762
1778642761.0655184,725.0668051242828,4169,rx,2730,16000,1,pcm_u8,2730,0.17380499839782715
1778642761.2315488,725.2328355312347,4170,rx,2730,16000,1,pcm_u8,2730,0.1660304069519043
1778642761.4031663,725.4044530391693,4171,rx,2730,16000,1,pcm_u8,2730,0.1716175079345703
1778642761.5782611,725.5795478820801,4172,rx,2730,16000,1,pcm_u8,2730,0.1750948429107666
1778642761.748659,725.749945640564,4173,rx,2730,16000,1,pcm_u8,2730,0.17039775848388672
1778642761.9207256,725.9220123291016,4174,rx,2730,16000,1,pcm_u8,2730,0.17206668853759766
1778642762.0852194,726.0865061283112,4175,rx,2730,16000,1,pcm_u8,2730,0.16449379920959473
1778642762.2582586,726.2595453262329,4176,rx,2730,16000,1,pcm_u8,2730,0.17303919792175293
1778642762.4270496,726.4283363819122,4177,rx,2730,16000,1,pcm_u8,2730,0.1687910556793213
1778642762.5976453,726.5989320278168,4178,rx,2730,16000,1,pcm_u8,2730,0.17059564590454102
1778642762.7706242,726.771910905838,4179,rx,2730,16000,1,pcm_u8,2730,0.17297887802124023
1778642762.9391854,726.9404721260071,4180,rx,2730,16000,1,pcm_u8,2730,0.16856122016906738
1778642763.1092355,727.1105222702026,4181,rx,2730,16000,1,pcm_u8,2730,0.17005014419555664
1778642763.2842164,727.2855031490326,4182,rx,2730,16000,1,pcm_u8,2730,0.17498087882995605
1778642763.4502468,727.4515335559845,4183,rx,2730,16000,1,pcm_u8,2730,0.1660304069519043
1778642763.6243255,727.6256122589111,4184,rx,2730,16000,1,pcm_u8,2730,0.17407870292663574
1778642763.8211148,727.8224015235901,4185,rx,2730,16000,1,pcm_u8,2730,0.19678926467895508
1778642763.964265,727.9655518531799,4186,rx,2730,16000,1,pcm_u8,2730,0.14315032958984375
1778642764.135458,728.1367447376251,4187,rx,2730,16000,1,pcm_u8,2730,0.17119288444519043
1778642764.305526,728.3068127632141,4188,rx,2730,16000,1,pcm_u8,2730,0.17006802558898926
1778642764.475388,728.4766747951508,4189,rx,2730,16000,1,pcm_u8,2730,0.1698620319366455
1778642764.6455584,728.6468451023102,4190,rx,2730,16000,1,pcm_u8,2730,0.17017030715942383
1778642764.8247104,728.8259971141815,4191,rx,2730,16000,1,pcm_u8,2730,0.1791520118713379
1778642764.9884946,728.9897813796997,4192,rx,2730,16000,1,pcm_u8,2730,0.16378426551818848
1778642765.157773,729.1590597629547,4193,rx,2730,16000,1,pcm_u8,2730,0.16927838325500488
1778642765.3290966,729.3303833007812,4194,rx,2730,16000,1,pcm_u8,2730,0.17132353782653809
1778642765.4996328,729.5009195804596,4195,rx,2730,16000,1,pcm_u8,2730,0.17053627967834473
1778642765.6697035,729.670990228653,4196,rx,2730,16000,1,pcm_u8,2730,0.17007064819335938
1778642765.839811,729.8410978317261,4197,rx,2730,16000,1,pcm_u8,2730,0.17010760307312012
1778642766.010976,730.0122628211975,4198,rx,2730,16000,1,pcm_u8,2730,0.17116498947143555
1778642766.1826007,730.1838874816895,4199,rx,2730,16000,1,pcm_u8,2730,0.17162466049194336
1778642766.352501,730.3537876605988,4200,rx,2730,16000,1,pcm_u8,2730,0.16990017890930176
1778642766.523649,730.5249357223511,4201,rx,2730,16000,1,pcm_u8,2730,0.17114806175231934
1778642766.6932347,730.6945214271545,4202,rx,2730,16000,1,pcm_u8,2730,0.1695857048034668
1778642766.869568,730.8708548545837,4203,rx,2730,16000,1,pcm_u8,2730,0.17633342742919922
1778642767.0382452,731.0395319461823,4204,rx,2730,16000,1,pcm_u8,2730,0.16867709159851074
1778642767.2056544,731.2069411277771,4205,rx,2730,16000,1,pcm_u8,2730,0.16740918159484863
1778642767.3763695,731.3776562213898,4206,rx,2730,16000,1,pcm_u8,2730,0.1707150936126709
1778642767.5482085,731.5494952201843,4207,rx,2730,16000,1,pcm_u8,2730,0.17183899879455566
1778642767.7210717,731.7223584651947,4208,rx,2730,16000,1,pcm_u8,2730,0.17286324501037598
1778642767.8891797,731.8904664516449,4209,rx,2730,16000,1,pcm_u8,2730,0.1681079864501953
1778642768.058923,732.0602097511292,4210,rx,2730,16000,1,pcm_u8,2730,0.16974329948425293
1778642768.2305346,732.2318212985992,4211,rx,2730,16000,1,pcm_u8,2730,0.17161154747009277
1778642768.4033878,732.4046745300293,4212,rx,2730,16000,1,pcm_u8,2730,0.1728532314300537
1778642768.5710487,732.5723354816437,4213,rx,2730,16000,1,pcm_u8,2730,0.16766095161437988
1778642768.7410305,732.742317199707,4214,rx,2730,16000,1,pcm_u8,2730,0.1699817180633545
1778642768.9122589,732.9135456085205,4215,rx,2730,16000,1,pcm_u8,2730,0.17122840881347656
1778642769.0836065,733.0848932266235,4216,rx,2730,16000,1,pcm_u8,2730,0.17134761810302734
1778642769.2530904,733.2543771266937,4217,rx,2730,16000,1,pcm_u8,2730,0.16948390007019043
1778642769.4241107,733.4253973960876,4218,rx,2730,16000,1,pcm_u8,2730,0.1710202693939209
1778642769.5945125,733.5957992076874,4219,rx,2730,16000,1,pcm_u8,2730,0.17040181159973145
1778642769.7664878,733.7677745819092,4220,rx,2730,16000,1,pcm_u8,2730,0.17197537422180176
1778642769.9360237,733.9373104572296,4221,rx,2730,16000,1,pcm_u8,2730,0.16953587532043457
1778642770.1072268,734.1085135936737,4222,rx,2730,16000,1,pcm_u8,2730,0.1712031364440918
1778642770.2783604,734.2796471118927,4223,rx,2730,16000,1,pcm_u8,2730,0.17113351821899414
1778642770.4478996,734.4491863250732,4224,rx,2730,16000,1,pcm_u8,2730,0.169539213180542
1778642770.6220624,734.6233491897583,4225,rx,2730,16000,1,pcm_u8,2730,0.1741628646850586
1778642770.7902305,734.7915172576904,4226,rx,2730,16000,1,pcm_u8,2730,0.1681680679321289
1778642770.9598827,734.9611694812775,4227,rx,2730,16000,1,pcm_u8,2730,0.16965222358703613
1778642771.1427014,735.1439881324768,4228,rx,2730,16000,1,pcm_u8,2730,0.18281865119934082
1778642771.301647,735.3029336929321,4229,rx,2730,16000,1,pcm_u8,2730,0.15894556045532227
1778642771.4778798,735.479166507721,4230,rx,2730,16000,1,pcm_u8,2730,0.17623281478881836
1778642771.642782,735.6440687179565,4231,rx,2730,16000,1,pcm_u8,2730,0.1649022102355957
1778642771.817727,735.8190138339996,4232,rx,2730,16000,1,pcm_u8,2730,0.17494511604309082
1778642771.9860125,735.9872992038727,4233,rx,2730,16000,1,pcm_u8,2730,0.16828536987304688
1778642772.1581738,736.1594605445862,4234,rx,2730,16000,1,pcm_u8,2730,0.17216134071350098
1778642772.331156,736.3324427604675,4235,rx,2730,16000,1,pcm_u8,2730,0.17298221588134766
1778642772.4994745,736.5007612705231,4236,rx,2730,16000,1,pcm_u8,2730,0.168318510055542
1778642772.6692948,736.6705815792084,4237,rx,2730,16000,1,pcm_u8,2730,0.16982030868530273
1778642772.8379734,736.8392601013184,4238,rx,2730,16000,1,pcm_u8,2730,0.16867852210998535
1778642773.008693,737.009979724884,4239,rx,2730,16000,1,pcm_u8,2730,0.17071962356567383
1778642773.1794517,737.1807384490967,4240,rx,2730,16000,1,pcm_u8,2730,0.17075872421264648
1778642773.3494246,737.3507113456726,4241,rx,2730,16000,1,pcm_u8,2730,0.16997289657592773
1778642773.5214865,737.5227732658386,4242,rx,2730,16000,1,pcm_u8,2730,0.17206192016601562
1778642773.6908739,737.6921606063843,4243,rx,2730,16000,1,pcm_u8,2730,0.1693873405456543
1778642773.863063,737.8643498420715,4244,rx,2730,16000,1,pcm_u8,2730,0.17218923568725586
1778642774.0327473,738.0340340137482,4245,rx,2730,16000,1,pcm_u8,2730,0.16968417167663574
1778642774.2025292,738.2038159370422,4246,rx,2730,16000,1,pcm_u8,2730,0.16978192329406738
1778642774.3737535,738.3750402927399,4247,rx,2730,16000,1,pcm_u8,2730,0.17122435569763184
1778642774.5455194,738.5468060970306,4248,rx,2730,16000,1,pcm_u8,2730,0.17176580429077148
1778642774.7156818,738.716968536377,4249,rx,2730,16000,1,pcm_u8,2730,0.17016243934631348
1778642774.8859115,738.8871982097626,4250,rx,2730,16000,1,pcm_u8,2730,0.17022967338562012
1778642775.0589068,739.0601935386658,4251,rx,2730,16000,1,pcm_u8,2730,0.17299532890319824
1778642775.2284014,739.229688167572,4252,rx,2730,16000,1,pcm_u8,2730,0.16949462890625
1778642775.3976748,739.3989615440369,4253,rx,2730,16000,1,pcm_u8,2730,0.16927337646484375
1778642775.5727167,739.5740034580231,4254,rx,2730,16000,1,pcm_u8,2730,0.17504191398620605
1778642775.7442694,739.7455561161041,4255,rx,2730,16000,1,pcm_u8,2730,0.1715526580810547
1778642775.9144468,739.9157335758209,4256,rx,2730,16000,1,pcm_u8,2730,0.17017745971679688
1778642776.0799785,740.0812652111053,4257,rx,2730,16000,1,pcm_u8,2730,0.16553163528442383
1778642776.2516882,740.25297498703,4258,rx,2730,16000,1,pcm_u8,2730,0.17170977592468262
1778642776.426635,740.4279217720032,4259,rx,2730,16000,1,pcm_u8,2730,0.17494678497314453
1778642776.592064,740.59335064888,4260,rx,2730,16000,1,pcm_u8,2730,0.16542887687683105
1778642776.773276,740.7745628356934,4261,rx,2730,16000,1,pcm_u8,2730,0.1812121868133545
1778642776.933728,740.9350147247314,4262,rx,2730,16000,1,pcm_u8,2730,0.16045188903808594
1778642777.383641,741.3849277496338,4263,rx,2730,16000,1,pcm_u8,2730,0.44991302490234375
1778642777.4450097,741.446296453476,4264,rx,2730,16000,1,pcm_u8,2730,0.061368703842163086
1778642777.6238556,741.6251423358917,4265,rx,2730,16000,1,pcm_u8,2730,0.17884588241577148
1778642777.792279,741.7935657501221,4266,rx,2730,16000,1,pcm_u8,2730,0.16842341423034668
1778642777.9611971,741.962483882904,4267,rx,2730,16000,1,pcm_u8,2730,0.16891813278198242
1778642778.1330755,742.1343622207642,4268,rx,2730,16000,1,pcm_u8,2730,0.17187833786010742
1778642778.3017995,742.3030862808228,4269,rx,2730,16000,1,pcm_u8,2730,0.16872406005859375
1778642778.4738443,742.4751310348511,4270,rx,2730,16000,1,pcm_u8,2730,0.1720447540283203
1778642778.6441314,742.6454181671143,4271,rx,2730,16000,1,pcm_u8,2730,0.1702871322631836
1778642778.8155563,742.8168430328369,4272,rx,2730,16000,1,pcm_u8,2730,0.17142486572265625
1778642778.990373,742.9916596412659,4273,rx,2730,16000,1,pcm_u8,2730,0.17481660842895508
1778642779.1564846,743.1577713489532,4274,rx,2730,16000,1,pcm_u8,2730,0.16611170768737793
1778642779.3320708,743.3333575725555,4275,rx,2730,16000,1,pcm_u8,2730,0.17558622360229492
1778642779.6217704,743.6230571269989,4276,rx,2730,16000,1,pcm_u8,2730,0.2896995544433594
1778642779.6675909,743.6688776016235,4277,rx,2730,16000,1,pcm_u8,2730,0.04582047462463379
1778642779.839802,743.8410887718201,4278,rx,2730,16000,1,pcm_u8,2730,0.1722111701965332
1778642780.0091224,744.010409116745,4279,rx,2730,16000,1,pcm_u8,2730,0.16932034492492676
1778642780.1859941,744.1872808933258,4280,rx,2730,16000,1,pcm_u8,2730,0.17687177658081055
1778642780.3498895,744.3511762619019,4281,rx,2730,16000,1,pcm_u8,2730,0.1638953685760498
1778642780.52318,744.524466753006,4282,rx,2730,16000,1,pcm_u8,2730,0.17329049110412598
1778642780.754005,744.7552917003632,4283,rx,2730,16000,1,pcm_u8,2730,0.23082494735717773
1778642780.8607788,744.8620655536652,4284,rx,2730,16000,1,pcm_u8,2730,0.10677385330200195
1778642781.2627535,745.2640402317047,4285,rx,2730,16000,1,pcm_u8,2730,0.4019746780395508
1778642781.274266,745.2755527496338,4286,rx,2730,16000,1,pcm_u8,2730,0.011512517929077148
1778642781.372297,745.3735837936401,4287,rx,2730,16000,1,pcm_u8,2730,0.09803104400634766
1778642781.5416448,745.5429315567017,4288,rx,2730,16000,1,pcm_u8,2730,0.16934776306152344
1778642781.7185917,745.7198784351349,4289,rx,2730,16000,1,pcm_u8,2730,0.17694687843322754
1778642781.8838906,745.8851773738861,4290,rx,2730,16000,1,pcm_u8,2730,0.1652989387512207
1778642782.0556474,746.0569341182709,4291,rx,2730,16000,1,pcm_u8,2730,0.17175674438476562
1778642782.2249894,746.2262761592865,4292,rx,2730,16000,1,pcm_u8,2730,0.169342041015625
1778642782.3954904,746.3967771530151,4293,rx,2730,16000,1,pcm_u8,2730,0.1705009937286377
1778642782.5702758,746.5715625286102,4294,rx,2730,16000,1,pcm_u8,2730,0.17478537559509277
1778642782.737014,746.7383008003235,4295,rx,2730,16000,1,pcm_u8,2730,0.16673827171325684
1778642782.9071758,746.9084625244141,4296,rx,2730,16000,1,pcm_u8,2730,0.17016172409057617
1778642783.078499,747.079785823822,4297,rx,2730,16000,1,pcm_u8,2730,0.17132329940795898
1778642783.2492058,747.2504925727844,4298,rx,2730,16000,1,pcm_u8,2730,0.17070674896240234
1778642783.419413,747.4206998348236,4299,rx,2730,16000,1,pcm_u8,2730,0.17020726203918457
1778642783.592198,747.5934846401215,4300,rx,2730,16000,1,pcm_u8,2730,0.17278480529785156
1778642783.7669191,747.7682058811188,4301,rx,2730,16000,1,pcm_u8,2730,0.17472124099731445
1778642783.9325888,747.9338755607605,4302,rx,2730,16000,1,pcm_u8,2730,0.16566967964172363
1778642784.1017966,748.1030833721161,4303,rx,2730,16000,1,pcm_u8,2730,0.16920781135559082
1778642784.276296,748.2775826454163,4304,rx,2730,16000,1,pcm_u8,2730,0.1744992733001709
1778642784.4447625,748.4460492134094,4305,rx,2730,16000,1,pcm_u8,2730,0.16846656799316406
1778642784.6217039,748.6229906082153,4306,rx,2730,16000,1,pcm_u8,2730,0.1769413948059082
1778642784.7846305,748.7859172821045,4307,rx,2730,16000,1,pcm_u8,2730,0.16292667388916016
1778642784.9607153,748.9620020389557,4308,rx,2730,16000,1,pcm_u8,2730,0.1760847568511963
1778642785.130032,749.1313188076019,4309,rx,2730,16000,1,pcm_u8,2730,0.16931676864624023
1778642785.2976367,749.2989234924316,4310,rx,2730,16000,1,pcm_u8,2730,0.16760468482971191
1778642785.4677632,749.4690499305725,4311,rx,2730,16000,1,pcm_u8,2730,0.17012643814086914
1778642785.6388884,749.6401751041412,4312,rx,2730,16000,1,pcm_u8,2730,0.17112517356872559
1778642785.8131242,749.8144109249115,4313,rx,2730,16000,1,pcm_u8,2730,0.17423582077026367
1778642786.031983,750.0332696437836,4314,rx,2730,16000,1,pcm_u8,2730,0.2188587188720703
1778642786.2774863,750.2787730693817,4315,rx,2730,16000,1,pcm_u8,2730,0.24550342559814453
1778642786.323152,750.3244388103485,4316,rx,2730,16000,1,pcm_u8,2730,0.045665740966796875
1778642786.493064,750.4943506717682,4317,rx,2730,16000,1,pcm_u8,2730,0.16991186141967773
1778642786.6653636,750.6666502952576,4318,rx,2730,16000,1,pcm_u8,2730,0.17229962348937988
1778642786.8321507,750.8334374427795,4319,rx,2730,16000,1,pcm_u8,2730,0.16678714752197266
1778642787.0175316,751.0188183784485,4320,rx,2730,16000,1,pcm_u8,2730,0.1853809356689453
1778642787.1737025,751.1749892234802,4321,rx,2730,16000,1,pcm_u8,2730,0.15617084503173828
1778642787.3451688,751.3464555740356,4322,rx,2730,16000,1,pcm_u8,2730,0.17146635055541992
1778642787.5190861,751.5203728675842,4323,rx,2730,16000,1,pcm_u8,2730,0.17391729354858398
1778642787.688734,751.6900207996368,4324,rx,2730,16000,1,pcm_u8,2730,0.1696479320526123
1778642787.8583815,751.8596682548523,4325,rx,2730,16000,1,pcm_u8,2730,0.1696474552154541
1778642788.027388,752.0286748409271,4326,rx,2730,16000,1,pcm_u8,2730,0.1690065860748291
1778642788.198288,752.1995747089386,4327,rx,2730,16000,1,pcm_u8,2730,0.1708998680114746
1778642788.369034,752.3703207969666,4328,rx,2730,16000,1,pcm_u8,2730,0.1707460880279541
1778642788.5397632,752.5410499572754,4329,rx,2730,16000,1,pcm_u8,2730,0.1707291603088379
1778642788.8913374,752.8926241397858,4330,rx,2730,16000,1,pcm_u8,2730,0.351574182510376
1778642789.055729,753.0570156574249,4331,rx,2730,16000,1,pcm_u8,2730,0.16439151763916016
1778642789.2242596,753.2255463600159,4332,rx,2730,16000,1,pcm_u8,2730,0.16853070259094238
1778642789.3932211,753.3945078849792,4333,rx,2730,16000,1,pcm_u8,2730,0.1689615249633789
1778642789.56864,753.569926738739,4334,rx,2730,16000,1,pcm_u8,2730,0.17541885375976562
1778642789.7340546,753.7353413105011,4335,rx,2730,16000,1,pcm_u8,2730,0.16541457176208496
1778642789.9056354,753.9069221019745,4336,rx,2730,16000,1,pcm_u8,2730,0.17158079147338867
1778642790.076715,754.0780017375946,4337,rx,2730,16000,1,pcm_u8,2730,0.1710796356201172
1778642790.2462296,754.2475163936615,4338,rx,2730,16000,1,pcm_u8,2730,0.16951465606689453
1778642790.4171042,754.4183909893036,4339,rx,2730,16000,1,pcm_u8,2730,0.17087459564208984
1778642790.5876782,754.5889649391174,4340,rx,2730,16000,1,pcm_u8,2730,0.17057394981384277
1778642790.7589302,754.7602169513702,4341,rx,2730,16000,1,pcm_u8,2730,0.17125201225280762
1778642790.9292536,754.9305403232574,4342,rx,2730,16000,1,pcm_u8,2730,0.17032337188720703
1778642791.1049483,755.1062350273132,4343,rx,2730,16000,1,pcm_u8,2730,0.17569470405578613
1778642791.2789927,755.2802793979645,4344,rx,2730,16000,1,pcm_u8,2730,0.17404437065124512
1778642791.4441972,755.4454839229584,4345,rx,2730,16000,1,pcm_u8,2730,0.16520452499389648
1778642791.6169233,755.6182100772858,4346,rx,2730,16000,1,pcm_u8,2730,0.17272615432739258
1778642791.7828789,755.7841656208038,4347,rx,2730,16000,1,pcm_u8,2730,0.1659555435180664
1778642791.9529026,755.9541893005371,4348,rx,2730,16000,1,pcm_u8,2730,0.17002367973327637
1778642792.1235003,756.1247870922089,4349,rx,2730,16000,1,pcm_u8,2730,0.17059779167175293
1778642792.2943625,756.2956492900848,4350,rx,2730,16000,1,pcm_u8,2730,0.17086219787597656
1778642792.4732432,756.4745299816132,4351,rx,2730,16000,1,pcm_u8,2730,0.1788806915283203
1778642792.635422,756.6367087364197,4352,rx,2730,16000,1,pcm_u8,2730,0.16217875480651855
1778642792.8088682,756.810154914856,4353,rx,2730,16000,1,pcm_u8,2730,0.1734461784362793
1778642792.9770138,756.9783005714417,4354,rx,2730,16000,1,pcm_u8,2730,0.16814565658569336
1778642793.1483366,757.1496233940125,4355,rx,2730,16000,1,pcm_u8,2730,0.17132282257080078
1778642793.3189821,757.3202688694,4356,rx,2730,16000,1,pcm_u8,2730,0.17064547538757324
1778642793.4917736,757.4930603504181,4357,rx,2730,16000,1,pcm_u8,2730,0.1727914810180664
1778642793.6717927,757.6730794906616,4358,rx,2730,16000,1,pcm_u8,2730,0.18001914024353027
1778642793.8315833,757.8328700065613,4359,rx,2730,16000,1,pcm_u8,2730,0.1597905158996582
1778642794.0015314,758.002818107605,4360,rx,2730,16000,1,pcm_u8,2730,0.16994810104370117
1778642794.1723611,758.1736478805542,4361,rx,2730,16000,1,pcm_u8,2730,0.17082977294921875
1778642794.3425884,758.343875169754,4362,rx,2730,16000,1,pcm_u8,2730,0.1702272891998291
1778642794.5146108,758.5158975124359,4363,rx,2730,16000,1,pcm_u8,2730,0.17202234268188477
1778642794.6836338,758.6849205493927,4364,rx,2730,16000,1,pcm_u8,2730,0.1690230369567871
1778642794.8549805,758.8562672138214,4365,rx,2730,16000,1,pcm_u8,2730,0.17134666442871094
1778642795.0264914,759.0277781486511,4366,rx,2730,16000,1,pcm_u8,2730,0.17151093482971191
1778642795.1989198,759.2002065181732,4367,rx,2730,16000,1,pcm_u8,2730,0.17242836952209473
1778642795.3668227,759.3681094646454,4368,rx,2730,16000,1,pcm_u8,2730,0.16790294647216797
1778642795.537082,759.5383687019348,4369,rx,2730,16000,1,pcm_u8,2730,0.1702592372894287
1778642795.7096102,759.7108969688416,4370,rx,2730,16000,1,pcm_u8,2730,0.17252826690673828
1778642795.8790882,759.8803749084473,4371,rx,2730,16000,1,pcm_u8,2730,0.1694779396057129
1778642796.0554867,760.0567734241486,4372,rx,2730,16000,1,pcm_u8,2730,0.17639851570129395
1778642796.2215393,760.2228260040283,4373,rx,2730,16000,1,pcm_u8,2730,0.16605257987976074
1778642796.3912692,760.3925559520721,4374,rx,2730,16000,1,pcm_u8,2730,0.16972994804382324
1778642796.5638895,760.5651762485504,4375,rx,2730,16000,1,pcm_u8,2730,0.17262029647827148
1778642796.7369652,760.7382519245148,4376,rx,2730,16000,1,pcm_u8,2730,0.17307567596435547
1778642796.9066126,760.9078993797302,4377,rx,2730,16000,1,pcm_u8,2730,0.1696474552154541
1778642797.083384,761.0846707820892,4378,rx,2730,16000,1,pcm_u8,2730,0.1767714023590088
1778642797.251481,761.2527678012848,4379,rx,2730,16000,1,pcm_u8,2730,0.16809701919555664
1778642797.427746,761.4290328025818,4380,rx,2730,16000,1,pcm_u8,2730,0.17626500129699707
1778642797.5904508,761.5917375087738,4381,rx,2730,16000,1,pcm_u8,2730,0.1627047061920166
1778642797.7654753,761.7667620182037,4382,rx,2730,16000,1,pcm_u8,2730,0.17502450942993164
1778642797.931556,761.9328427314758,4383,rx,2730,16000,1,pcm_u8,2730,0.16608071327209473
1778642798.1014864,762.1027731895447,4384,rx,2730,16000,1,pcm_u8,2730,0.16993045806884766
1778642798.2724473,762.2737340927124,4385,rx,2730,16000,1,pcm_u8,2730,0.1709609031677246
1778642798.4419231,762.4432098865509,4386,rx,2730,16000,1,pcm_u8,2730,0.16947579383850098
1778642798.6170282,762.6183149814606,4387,rx,2730,16000,1,pcm_u8,2730,0.17510509490966797
1778642798.7845223,762.7858090400696,4388,rx,2730,16000,1,pcm_u8,2730,0.1674940586090088
1778642798.9552062,762.9564929008484,4389,rx,2730,16000,1,pcm_u8,2730,0.1706838607788086
1778642799.1251972,763.1264839172363,4390,rx,2730,16000,1,pcm_u8,2730,0.16999101638793945
1778642799.299825,763.3011116981506,4391,rx,2730,16000,1,pcm_u8,2730,0.17462778091430664
1778642799.4690676,763.4703543186188,4392,rx,2730,16000,1,pcm_u8,2730,0.16924262046813965
1778642799.637275,763.6385617256165,4393,rx,2730,16000,1,pcm_u8,2730,0.16820740699768066
1778642799.8136458,763.8149325847626,4394,rx,2730,16000,1,pcm_u8,2730,0.17637085914611816
1778642799.984018,763.9853048324585,4395,rx,2730,16000,1,pcm_u8,2730,0.17037224769592285
1778642800.1489382,764.1502249240875,4396,rx,2730,16000,1,pcm_u8,2730,0.16492009162902832
1778642800.3219867,764.3232734203339,4397,rx,2730,16000,1,pcm_u8,2730,0.1730484962463379
1778642800.4922805,764.4935672283173,4398,rx,2730,16000,1,pcm_u8,2730,0.17029380798339844
1778642800.6704147,764.6717014312744,4399,rx,2730,16000,1,pcm_u8,2730,0.17813420295715332
1778642800.8309832,764.8322699069977,4400,rx,2730,16000,1,pcm_u8,2730,0.1605684757232666
1778642801.0055287,765.0068154335022,4401,rx,2730,16000,1,pcm_u8,2730,0.1745455265045166
1778642801.1768699,765.1781566143036,4402,rx,2730,16000,1,pcm_u8,2730,0.1713411808013916
1778642801.3465118,765.3477985858917,4403,rx,2730,16000,1,pcm_u8,2730,0.16964197158813477
1778642801.5209546,765.5222413539886,4404,rx,2730,16000,1,pcm_u8,2730,0.17444276809692383
1778642801.6849997,765.6862864494324,4405,rx,2730,16000,1,pcm_u8,2730,0.16404509544372559
1778642801.8593464,765.8606331348419,4406,rx,2730,16000,1,pcm_u8,2730,0.1743466854095459
1778642802.0257266,766.0270133018494,4407,rx,2730,16000,1,pcm_u8,2730,0.1663801670074463
1778642802.19812,766.1994068622589,4408,rx,2730,16000,1,pcm_u8,2730,0.1723935604095459
1778642802.3725808,766.3738675117493,4409,rx,2730,16000,1,pcm_u8,2730,0.17446064949035645
1778642802.5388818,766.5401685237885,4410,rx,2730,16000,1,pcm_u8,2730,0.16630101203918457
1778642802.70921,766.7104966640472,4411,rx,2730,16000,1,pcm_u8,2730,0.17032814025878906
1778642802.879832,766.8811187744141,4412,rx,2730,16000,1,pcm_u8,2730,0.1706221103668213
1778642803.0515876,767.0528743267059,4413,rx,2730,16000,1,pcm_u8,2730,0.17175555229187012
1778642803.2205482,767.221834897995,4414,rx,2730,16000,1,pcm_u8,2730,0.1689605712890625
1778642803.3960502,767.3973369598389,4415,rx,2730,16000,1,pcm_u8,2730,0.17550206184387207
1778642803.5694456,767.5707323551178,4416,rx,2730,16000,1,pcm_u8,2730,0.17339539527893066
1778642803.7339532,767.735239982605,4417,rx,2730,16000,1,pcm_u8,2730,0.16450762748718262
1778642803.9065173,767.9078040122986,4418,rx,2730,16000,1,pcm_u8,2730,0.17256402969360352
1778642804.0746868,768.0759735107422,4419,rx,2730,16000,1,pcm_u8,2730,0.16816949844360352
1778642804.2493465,768.2506332397461,4420,rx,2730,16000,1,pcm_u8,2730,0.17465972900390625
1778642804.418978,768.4202647209167,4421,rx,2730,16000,1,pcm_u8,2730,0.1696314811706543
1778642804.588458,768.5897448062897,4422,rx,2730,16000,1,pcm_u8,2730,0.1694800853729248
1778642804.7627077,768.7639944553375,4423,rx,2730,16000,1,pcm_u8,2730,0.17424964904785156
1778642804.930272,768.9315588474274,4424,rx,2730,16000,1,pcm_u8,2730,0.16756439208984375
1778642805.0983162,769.0996029376984,4425,rx,2730,16000,1,pcm_u8,2730,0.1680440902709961
1778642805.269917,769.2712037563324,4426,rx,2730,16000,1,pcm_u8,2730,0.1716008186340332
1778642805.4392269,769.4405136108398,4427,rx,2730,16000,1,pcm_u8,2730,0.1693098545074463
1778642805.6076179,769.6089046001434,4428,rx,2730,16000,1,pcm_u8,2730,0.16839098930358887
1778642805.7773187,769.7786054611206,4429,rx,2730,16000,1,pcm_u8,2730,0.16970086097717285
1778642805.949366,769.9506528377533,4430,rx,2730,16000,1,pcm_u8,2730,0.17204737663269043
1778642806.1202927,770.1215794086456,4431,rx,2730,16000,1,pcm_u8,2730,0.17092657089233398
1778642806.2894797,770.2907664775848,4432,rx,2730,16000,1,pcm_u8,2730,0.16918706893920898
1778642806.462073,770.4633598327637,4433,rx,2730,16000,1,pcm_u8,2730,0.172593355178833
1778642806.631025,770.6323118209839,4434,rx,2730,16000,1,pcm_u8,2730,0.16895198822021484
1778642806.8035731,770.8048598766327,4435,rx,2730,16000,1,pcm_u8,2730,0.1725480556488037
1778642806.972784,770.9740707874298,4436,rx,2730,16000,1,pcm_u8,2730,0.16921091079711914
1778642807.1434903,771.144777059555,4437,rx,2730,16000,1,pcm_u8,2730,0.17070627212524414
1778642807.3163185,771.3176052570343,4438,rx,2730,16000,1,pcm_u8,2730,0.17282819747924805
1778642807.4841993,771.4854860305786,4439,rx,2730,16000,1,pcm_u8,2730,0.16788077354431152
1778642807.6564353,771.6577219963074,4440,rx,2730,16000,1,pcm_u8,2730,0.17223596572875977
1778642807.8254683,771.8267550468445,4441,rx,2730,16000,1,pcm_u8,2730,0.16903305053710938
1778642807.998405,771.9996917247772,4442,rx,2730,16000,1,pcm_u8,2730,0.17293667793273926
1778642808.167201,772.1684877872467,4443,rx,2730,16000,1,pcm_u8,2730,0.16879606246948242
1778642808.3376286,772.338915348053,4444,rx,2730,16000,1,pcm_u8,2730,0.17042756080627441
1778642808.5085552,772.5098419189453,4445,rx,2730,16000,1,pcm_u8,2730,0.17092657089233398
1778642808.6788442,772.6801309585571,4446,rx,2730,16000,1,pcm_u8,2730,0.1702890396118164
1778642808.8501356,772.8514223098755,4447,rx,2730,16000,1,pcm_u8,2730,0.17129135131835938
1778642809.020397,773.0216836929321,4448,rx,2730,16000,1,pcm_u8,2730,0.17026138305664062
1778642809.1909752,773.1922619342804,4449,rx,2730,16000,1,pcm_u8,2730,0.1705782413482666
1778642809.3622258,773.3635125160217,4450,rx,2730,16000,1,pcm_u8,2730,0.171250581741333
1778642809.5348132,773.5360999107361,4451,rx,2730,16000,1,pcm_u8,2730,0.17258739471435547
1778642809.7168932,773.7181799411774,4452,rx,2730,16000,1,pcm_u8,2730,0.18208003044128418
1778642809.8892815,773.8905682563782,4453,rx,2730,16000,1,pcm_u8,2730,0.17238831520080566
1778642810.0484526,774.0497393608093,4454,rx,2730,16000,1,pcm_u8,2730,0.15917110443115234
1778642810.2163846,774.2176713943481,4455,rx,2730,16000,1,pcm_u8,2730,0.16793203353881836
1778642810.3895566,774.3908433914185,4456,rx,2730,16000,1,pcm_u8,2730,0.1731719970703125
1778642810.5664275,774.567714214325,4457,rx,2730,16000,1,pcm_u8,2730,0.17687082290649414
1778642810.7328398,774.7341265678406,4458,rx,2730,16000,1,pcm_u8,2730,0.166412353515625
1778642810.903743,774.9050297737122,4459,rx,2730,16000,1,pcm_u8,2730,0.17090320587158203
1778642811.0743744,775.0756611824036,4460,rx,2730,16000,1,pcm_u8,2730,0.17063140869140625
1778642811.2455747,775.2468614578247,4461,rx,2730,16000,1,pcm_u8,2730,0.17120027542114258
1778642811.412571,775.4138576984406,4462,rx,2730,16000,1,pcm_u8,2730,0.16699624061584473
1778642811.5814164,775.5827031135559,4463,rx,2730,16000,1,pcm_u8,2730,0.16884541511535645
1778642811.7715228,775.7728095054626,4464,rx,2730,16000,1,pcm_u8,2730,0.19010639190673828
1778642811.9215162,775.9228029251099,4465,rx,2730,16000,1,pcm_u8,2730,0.1499934196472168
1778642812.0935981,776.0948848724365,4466,rx,2730,16000,1,pcm_u8,2730,0.17208194732666016
1778642812.26637,776.2676568031311,4467,rx,2730,16000,1,pcm_u8,2730,0.17277193069458008
1778642812.433452,776.4347386360168,4468,rx,2730,16000,1,pcm_u8,2730,0.1670818328857422
1778642812.6137555,776.6150422096252,4469,rx,2730,16000,1,pcm_u8,2730,0.18030357360839844
1778642812.7756019,776.7768886089325,4470,rx,2730,16000,1,pcm_u8,2730,0.16184639930725098
1778642812.9460318,776.9473185539246,4471,rx,2730,16000,1,pcm_u8,2730,0.17042994499206543
1778642813.116868,777.1181547641754,4472,rx,2730,16000,1,pcm_u8,2730,0.1708362102508545
1778642813.2967212,777.2980079650879,4473,rx,2730,16000,1,pcm_u8,2730,0.17985320091247559
1778642813.4605844,777.4618711471558,4474,rx,2730,16000,1,pcm_u8,2730,0.1638631820678711
1778642813.6287317,777.6300184726715,4475,rx,2730,16000,1,pcm_u8,2730,0.16814732551574707
1778642813.8022075,777.8034942150116,4476,rx,2730,16000,1,pcm_u8,2730,0.1734757423400879
1778642813.9698431,777.9711298942566,4477,rx,2730,16000,1,pcm_u8,2730,0.16763567924499512
1778642814.141008,778.1422946453094,4478,rx,2730,16000,1,pcm_u8,2730,0.17116475105285645
1778642814.3119974,778.3132841587067,4479,rx,2730,16000,1,pcm_u8,2730,0.1709895133972168
1778642814.4860418,778.4873285293579,4480,rx,2730,16000,1,pcm_u8,2730,0.17404437065124512
1778642814.6551523,778.6564390659332,4481,rx,2730,16000,1,pcm_u8,2730,0.16911053657531738
1778642814.8238235,778.8251101970673,4482,rx,2730,16000,1,pcm_u8,2730,0.1686711311340332
1778642814.9939802,778.9952669143677,4483,rx,2730,16000,1,pcm_u8,2730,0.17015671730041504
1778642815.1648755,779.1661622524261,4484,rx,2730,16000,1,pcm_u8,2730,0.17089533805847168
1778642815.3360806,779.3373672962189,4485,rx,2730,16000,1,pcm_u8,2730,0.1712050437927246
1778642815.5120893,779.5133759975433,4486,rx,2730,16000,1,pcm_u8,2730,0.1760087013244629
1778642815.676391,779.6776776313782,4487,rx,2730,16000,1,pcm_u8,2730,0.16430163383483887
1778642815.8520563,779.8533430099487,4488,rx,2730,16000,1,pcm_u8,2730,0.17566537857055664
1778642816.0204027,780.021689414978,4489,rx,2730,16000,1,pcm_u8,2730,0.16834640502929688
1778642816.1915722,780.1928589344025,4490,rx,2730,16000,1,pcm_u8,2730,0.17116951942443848
1778642816.3663743,780.3676609992981,4491,rx,2730,16000,1,pcm_u8,2730,0.17480206489562988
1778642816.5336154,780.5349020957947,4492,rx,2730,16000,1,pcm_u8,2730,0.16724109649658203
1778642816.7109218,780.7122085094452,4493,rx,2730,16000,1,pcm_u8,2730,0.1773064136505127
1778642816.8751595,780.8764462471008,4494,rx,2730,16000,1,pcm_u8,2730,0.16423773765563965
1778642817.0466661,781.0479528903961,4495,rx,2730,16000,1,pcm_u8,2730,0.17150664329528809
1778642817.2205706,781.2218573093414,4496,rx,2730,16000,1,pcm_u8,2730,0.1739044189453125
1778642817.388897,781.3901836872101,4497,rx,2730,16000,1,pcm_u8,2730,0.16832637786865234
1778642817.5636868,781.5649735927582,4498,rx,2730,16000,1,pcm_u8,2730,0.1747899055480957
1778642817.7283359,781.7296226024628,4499,rx,2730,16000,1,pcm_u8,2730,0.16464900970458984
1778642817.900456,781.9017426967621,4500,rx,2730,16000,1,pcm_u8,2730,0.1721200942993164
1778642818.0699086,782.0711953639984,4501,rx,2730,16000,1,pcm_u8,2730,0.16945266723632812
1778642818.2407808,782.2420675754547,4502,rx,2730,16000,1,pcm_u8,2730,0.17087221145629883
1778642818.4133162,782.4146029949188,4503,rx,2730,16000,1,pcm_u8,2730,0.17253541946411133
1778642818.583859,782.5851457118988,4504,rx,2730,16000,1,pcm_u8,2730,0.17054271697998047
1778642818.7560656,782.7573523521423,4505,rx,2730,16000,1,pcm_u8,2730,0.17220664024353027
1778642818.9228199,782.9241065979004,4506,rx,2730,16000,1,pcm_u8,2730,0.16675424575805664
1778642819.0947752,783.0960619449615,4507,rx,2730,16000,1,pcm_u8,2730,0.17195534706115723
1778642819.267626,783.2689127922058,4508,rx,2730,16000,1,pcm_u8,2730,0.1728508472442627
1778642819.4377806,783.439067363739,4509,rx,2730,16000,1,pcm_u8,2730,0.17015457153320312
1778642819.615603,783.6168897151947,4510,rx,2730,16000,1,pcm_u8,2730,0.17782235145568848
1778642819.7767715,783.7780582904816,4511,rx,2730,16000,1,pcm_u8,2730,0.16116857528686523
1778642819.948387,783.9496736526489,4512,rx,2730,16000,1,pcm_u8,2730,0.1716153621673584
1778642820.1182556,784.1195423603058,4513,rx,2730,16000,1,pcm_u8,2730,0.16986870765686035
1778642820.2889235,784.2902102470398,4514,rx,2730,16000,1,pcm_u8,2730,0.1706678867340088
1778642820.4612098,784.4624965190887,4515,rx,2730,16000,1,pcm_u8,2730,0.1722862720489502
1778642820.63107,784.6323566436768,4516,rx,2730,16000,1,pcm_u8,2730,0.1698601245880127
1778642820.802609,784.8038957118988,4517,rx,2730,16000,1,pcm_u8,2730,0.1715390682220459
1778642820.9744463,784.9757330417633,4518,rx,2730,16000,1,pcm_u8,2730,0.17183732986450195
1778642821.1467266,785.1480133533478,4519,rx,2730,16000,1,pcm_u8,2730,0.17228031158447266
1778642821.3121016,785.3133883476257,4520,rx,2730,16000,1,pcm_u8,2730,0.1653749942779541
1778642821.4835074,785.4847941398621,4521,rx,2730,16000,1,pcm_u8,2730,0.17140579223632812
1778642821.6570656,785.6583523750305,4522,rx,2730,16000,1,pcm_u8,2730,0.17355823516845703
1778642821.8248553,785.8261420726776,4523,rx,2730,16000,1,pcm_u8,2730,0.16778969764709473
1778642821.995271,785.9965577125549,4524,rx,2730,16000,1,pcm_u8,2730,0.17041563987731934
1778642822.1662583,786.1675450801849,4525,rx,2730,16000,1,pcm_u8,2730,0.17098736763000488
1778642822.3371582,786.3384449481964,4526,rx,2730,16000,1,pcm_u8,2730,0.1708998680114746
1778642822.5100923,786.5113790035248,4527,rx,2730,16000,1,pcm_u8,2730,0.17293405532836914
1778642822.6783605,786.6796472072601,4528,rx,2730,16000,1,pcm_u8,2730,0.16826820373535156
1778642822.8515043,786.8527910709381,4529,rx,2730,16000,1,pcm_u8,2730,0.17314386367797852
1778642823.0187798,787.0200664997101,4530,rx,2730,16000,1,pcm_u8,2730,0.16727542877197266
1778642823.1896315,787.1909182071686,4531,rx,2730,16000,1,pcm_u8,2730,0.1708517074584961
1778642823.3626523,787.3639390468597,4532,rx,2730,16000,1,pcm_u8,2730,0.1730208396911621
1778642823.5318694,787.5331561565399,4533,rx,2730,16000,1,pcm_u8,2730,0.16921710968017578
1778642823.707807,787.7090938091278,4534,rx,2730,16000,1,pcm_u8,2730,0.17593765258789062
1778642823.8720286,787.8733153343201,4535,rx,2730,16000,1,pcm_u8,2730,0.16422152519226074
1778642824.0448146,788.0461013317108,4536,rx,2730,16000,1,pcm_u8,2730,0.17278599739074707
1778642824.2139266,788.2152132987976,4537,rx,2730,16000,1,pcm_u8,2730,0.169111967086792
1778642824.3893518,788.390638589859,4538,rx,2730,16000,1,pcm_u8,2730,0.17542529106140137
1778642824.5588276,788.5601143836975,4539,rx,2730,16000,1,pcm_u8,2730,0.16947579383850098
1778642824.730185,788.7314717769623,4540,rx,2730,16000,1,pcm_u8,2730,0.1713573932647705
1778642824.9012318,788.9025185108185,4541,rx,2730,16000,1,pcm_u8,2730,0.17104673385620117
1778642825.0679483,789.069235086441,4542,rx,2730,16000,1,pcm_u8,2730,0.1667165756225586
1778642825.238172,789.2394587993622,4543,rx,2730,16000,1,pcm_u8,2730,0.17022371292114258
1778642825.415256,789.4165427684784,4544,rx,2730,16000,1,pcm_u8,2730,0.17708396911621094
1778642825.5830145,789.5843012332916,4545,rx,2730,16000,1,pcm_u8,2730,0.16775846481323242
1778642825.7523577,789.7536444664001,4546,rx,2730,16000,1,pcm_u8,2730,0.1693432331085205
1778642825.9248948,789.9261815547943,4547,rx,2730,16000,1,pcm_u8,2730,0.17253708839416504
1778642826.0920131,790.0932998657227,4548,rx,2730,16000,1,pcm_u8,2730,0.16711831092834473
1778642826.261405,790.2626917362213,4549,rx,2730,16000,1,pcm_u8,2730,0.16939187049865723
1778642826.4337337,790.4350204467773,4550,rx,2730,16000,1,pcm_u8,2730,0.17232871055603027
1778642826.6034453,790.6047320365906,4551,rx,2730,16000,1,pcm_u8,2730,0.16971158981323242
1778642826.7739766,790.7752633094788,4552,rx,2730,16000,1,pcm_u8,2730,0.1705312728881836
1778642826.9430106,790.9442973136902,4553,rx,2730,16000,1,pcm_u8,2730,0.16903400421142578
1778642827.114098,791.1153848171234,4554,rx,2730,16000,1,pcm_u8,2730,0.17108750343322754
1778642827.2837393,791.2850260734558,4555,rx,2730,16000,1,pcm_u8,2730,0.16964125633239746
1778642827.4526727,791.4539594650269,4556,rx,2730,16000,1,pcm_u8,2730,0.16893339157104492
1778642827.6256526,791.6269392967224,4557,rx,2730,16000,1,pcm_u8,2730,0.17297983169555664
1778642827.795351,791.7966377735138,4558,rx,2730,16000,1,pcm_u8,2730,0.16969847679138184
1778642827.9653,791.9665868282318,4559,rx,2730,16000,1,pcm_u8,2730,0.16994905471801758
1778642828.1379938,792.1392805576324,4560,rx,2730,16000,1,pcm_u8,2730,0.17269372940063477
1778642828.3112168,792.3125035762787,4561,rx,2730,16000,1,pcm_u8,2730,0.17322301864624023
1778642828.47711,792.478396654129,4562,rx,2730,16000,1,pcm_u8,2730,0.1658930778503418
1778642828.6501791,792.6514658927917,4563,rx,2730,16000,1,pcm_u8,2730,0.17306923866271973
1778642828.8187468,792.8200335502625,4564,rx,2730,16000,1,pcm_u8,2730,0.16856765747070312
1778642828.9891968,792.9904835224152,4565,rx,2730,16000,1,pcm_u8,2730,0.17044997215270996
1778642829.1609113,793.1621980667114,4566,rx,2730,16000,1,pcm_u8,2730,0.17171454429626465
1778642829.334485,793.3357717990875,4567,rx,2730,16000,1,pcm_u8,2730,0.17357373237609863
1778642829.5096726,793.5109593868256,4568,rx,2730,16000,1,pcm_u8,2730,0.1751875877380371
1778642829.672096,793.6733827590942,4569,rx,2730,16000,1,pcm_u8,2730,0.16242337226867676
1778642829.8432827,793.8445694446564,4570,rx,2730,16000,1,pcm_u8,2730,0.1711866855621338
1778642830.013401,794.0146877765656,4571,rx,2730,16000,1,pcm_u8,2730,0.1701183319091797
1778642830.183968,794.1852548122406,4572,rx,2730,16000,1,pcm_u8,2730,0.17056703567504883
1778642830.3563805,794.3576672077179,4573,rx,2730,16000,1,pcm_u8,2730,0.17241239547729492
1778642830.5253081,794.526594877243,4574,rx,2730,16000,1,pcm_u8,2730,0.16892766952514648
1778642830.6970522,794.6983389854431,4575,rx,2730,16000,1,pcm_u8,2730,0.17174410820007324
1778642830.8667924,794.8680791854858,4576,rx,2730,16000,1,pcm_u8,2730,0.1697402000427246
1778642831.0412607,795.0425474643707,4577,rx,2730,16000,1,pcm_u8,2730,0.1744682788848877
1778642831.2085922,795.2098789215088,4578,rx,2730,16000,1,pcm_u8,2730,0.16733145713806152
1778642831.3794022,795.3806889057159,4579,rx,2730,16000,1,pcm_u8,2730,0.17080998420715332
1778642831.5505676,795.5518543720245,4580,rx,2730,16000,1,pcm_u8,2730,0.17116546630859375
1778642831.7198896,795.7211763858795,4581,rx,2730,16000,1,pcm_u8,2730,0.16932201385498047
1778642831.8965735,795.89786028862,4582,rx,2730,16000,1,pcm_u8,2730,0.17668390274047852
1778642832.0671294,796.0684161186218,4583,rx,2730,16000,1,pcm_u8,2730,0.17055583000183105
1778642832.2362046,796.2374913692474,4584,rx,2730,16000,1,pcm_u8,2730,0.16907525062561035
1778642832.408179,796.4094657897949,4585,rx,2730,16000,1,pcm_u8,2730,0.17197442054748535
1778642832.5773845,796.5786712169647,4586,rx,2730,16000,1,pcm_u8,2730,0.1692054271697998
1778642832.7484539,796.7497406005859,4587,rx,2730,16000,1,pcm_u8,2730,0.17106938362121582
1778642832.9157012,796.9169878959656,4588,rx,2730,16000,1,pcm_u8,2730,0.16724729537963867
1778642833.0873597,797.0886464118958,4589,rx,2730,16000,1,pcm_u8,2730,0.17165851593017578
1778642833.2564669,797.257753610611,4590,rx,2730,16000,1,pcm_u8,2730,0.16910719871520996
1778642833.4264848,797.4277715682983,4591,rx,2730,16000,1,pcm_u8,2730,0.17001795768737793
1778642833.6027892,797.6040759086609,4592,rx,2730,16000,1,pcm_u8,2730,0.17630434036254883
1778642833.7680366,797.769323348999,4593,rx,2730,16000,1,pcm_u8,2730,0.16524744033813477
1778642833.9398577,797.9411444664001,4594,rx,2730,16000,1,pcm_u8,2730,0.17182111740112305
1778642834.1125288,798.1138155460358,4595,rx,2730,16000,1,pcm_u8,2730,0.17267107963562012
1778642834.2814128,798.2826995849609,4596,rx,2730,16000,1,pcm_u8,2730,0.1688840389251709
1778642834.513804,798.5150907039642,4597,rx,2730,16000,1,pcm_u8,2730,0.2323911190032959
1778642834.6208873,798.6221740245819,4598,rx,2730,16000,1,pcm_u8,2730,0.10708332061767578
1778642834.7918022,798.7930889129639,4599,rx,2730,16000,1,pcm_u8,2730,0.170914888381958
1778642834.9630837,798.9643704891205,4600,rx,2730,16000,1,pcm_u8,2730,0.1712815761566162
1778642835.1334014,799.1346881389618,4601,rx,2730,16000,1,pcm_u8,2730,0.1703176498413086
1778642835.3040931,799.3053798675537,4602,rx,2730,16000,1,pcm_u8,2730,0.17069172859191895
1778642835.4743116,799.4755983352661,4603,rx,2730,16000,1,pcm_u8,2730,0.17021846771240234
1778642835.647167,799.6484537124634,4604,rx,2730,16000,1,pcm_u8,2730,0.17285537719726562
1778642835.8165984,799.8178851604462,4605,rx,2730,16000,1,pcm_u8,2730,0.16943144798278809
1778642835.9871678,799.988454580307,4606,rx,2730,16000,1,pcm_u8,2730,0.17056941986083984
1778642836.157419,800.1587057113647,4607,rx,2730,16000,1,pcm_u8,2730,0.17025113105773926
1778642836.3286219,800.3299086093903,4608,rx,2730,16000,1,pcm_u8,2730,0.1712028980255127
1778642836.5130434,800.5143301486969,4609,rx,2730,16000,1,pcm_u8,2730,0.18442153930664062
1778642836.6705647,800.6718513965607,4610,rx,2730,16000,1,pcm_u8,2730,0.15752124786376953
1778642836.8454852,800.8467719554901,4611,rx,2730,16000,1,pcm_u8,2730,0.17492055892944336
1778642837.01196,801.0132467746735,4612,rx,2730,16000,1,pcm_u8,2730,0.1664748191833496
1778642837.1826823,801.1839690208435,4613,rx,2730,16000,1,pcm_u8,2730,0.17072224617004395
1778642837.3562644,801.3575510978699,4614,rx,2730,16000,1,pcm_u8,2730,0.1735820770263672
1778642837.5224922,801.5237789154053,4615,rx,2730,16000,1,pcm_u8,2730,0.1662278175354004
1778642837.695369,801.6966557502747,4616,rx,2730,16000,1,pcm_u8,2730,0.17287683486938477
1778642837.8692558,801.8705425262451,4617,rx,2730,16000,1,pcm_u8,2730,0.17388677597045898
1778642838.038467,802.0397536754608,4618,rx,2730,16000,1,pcm_u8,2730,0.16921114921569824
1778642838.2066655,802.2079522609711,4619,rx,2730,16000,1,pcm_u8,2730,0.1681985855102539
1778642838.3760715,802.3773581981659,4620,rx,2730,16000,1,pcm_u8,2730,0.16940593719482422
1778642838.5525343,802.5538210868835,4621,rx,2730,16000,1,pcm_u8,2730,0.17646288871765137
1778642838.7174497,802.718736410141,4622,rx,2730,16000,1,pcm_u8,2730,0.1649153232574463
1778642838.8920944,802.8933811187744,4623,rx,2730,16000,1,pcm_u8,2730,0.17464470863342285
1778642839.0589688,803.0602555274963,4624,rx,2730,16000,1,pcm_u8,2730,0.16687440872192383
1778642839.2295568,803.2308435440063,4625,rx,2730,16000,1,pcm_u8,2730,0.17058801651000977
1778642839.4047089,803.4059956073761,4626,rx,2730,16000,1,pcm_u8,2730,0.17515206336975098
1778642839.571123,803.5724096298218,4627,rx,2730,16000,1,pcm_u8,2730,0.1664140224456787
1778642839.7455513,803.746838092804,4628,rx,2730,16000,1,pcm_u8,2730,0.17442846298217773
1778642839.9133563,803.9146430492401,4629,rx,2730,16000,1,pcm_u8,2730,0.16780495643615723
1778642840.0927708,804.094057559967,4630,rx,2730,16000,1,pcm_u8,2730,0.1794145107269287
1778642840.2539454,804.2552320957184,4631,rx,2730,16000,1,pcm_u8,2730,0.16117453575134277
1778642840.4263287,804.427615404129,4632,rx,2730,16000,1,pcm_u8,2730,0.17238330841064453
1778642840.5962365,804.5975232124329,4633,rx,2730,16000,1,pcm_u8,2730,0.169907808303833
1778642840.766501,804.767787694931,4634,rx,2730,16000,1,pcm_u8,2730,0.17026448249816895
1778642840.939583,804.940869808197,4635,rx,2730,16000,1,pcm_u8,2730,0.1730821132659912
1778642841.1066537,805.1079404354095,4636,rx,2730,16000,1,pcm_u8,2730,0.16707062721252441
1778642841.2786942,805.2799808979034,4637,rx,2730,16000,1,pcm_u8,2730,0.17204046249389648
1778642841.4503553,805.451642036438,4638,rx,2730,16000,1,pcm_u8,2730,0.1716611385345459
1778642841.618487,805.6197736263275,4639,rx,2730,16000,1,pcm_u8,2730,0.16813158988952637
1778642841.793634,805.7949206829071,4640,rx,2730,16000,1,pcm_u8,2730,0.17514705657958984
1778642841.9645984,805.9658851623535,4641,rx,2730,16000,1,pcm_u8,2730,0.17096447944641113
1778642842.1330929,806.1343796253204,4642,rx,2730,16000,1,pcm_u8,2730,0.16849446296691895
1778642842.3023448,806.3036315441132,4643,rx,2730,16000,1,pcm_u8,2730,0.1692519187927246
1778642842.4722967,806.4735834598541,4644,rx,2730,16000,1,pcm_u8,2730,0.1699519157409668
1778642842.6451075,806.6463942527771,4645,rx,2730,16000,1,pcm_u8,2730,0.17281079292297363
1778642842.8138132,806.8150999546051,4646,rx,2730,16000,1,pcm_u8,2730,0.16870570182800293
1778642842.991283,806.9925696849823,4647,rx,2730,16000,1,pcm_u8,2730,0.17746973037719727
1778642843.1618502,807.1631369590759,4648,rx,2730,16000,1,pcm_u8,2730,0.17056727409362793
1778642843.3308468,807.3321335315704,4649,rx,2730,16000,1,pcm_u8,2730,0.16899657249450684
1778642843.5026007,807.5038874149323,4650,rx,2730,16000,1,pcm_u8,2730,0.1717538833618164
1778642843.6701784,807.6714651584625,4651,rx,2730,16000,1,pcm_u8,2730,0.16757774353027344
1778642843.842197,807.8434836864471,4652,rx,2730,16000,1,pcm_u8,2730,0.17201852798461914
1778642844.012625,808.0139117240906,4653,rx,2730,16000,1,pcm_u8,2730,0.17042803764343262
1778642844.1859229,808.1872096061707,4654,rx,2730,16000,1,pcm_u8,2730,0.17329788208007812
1778642844.3571477,808.3584344387054,4655,rx,2730,16000,1,pcm_u8,2730,0.17122483253479004
1778642844.523772,808.5250587463379,4656,rx,2730,16000,1,pcm_u8,2730,0.1666243076324463
1778642844.6969543,808.6982409954071,4657,rx,2730,16000,1,pcm_u8,2730,0.17318224906921387
1778642844.8655114,808.8667981624603,4658,rx,2730,16000,1,pcm_u8,2730,0.16855716705322266
1778642845.0389018,809.0401885509491,4659,rx,2730,16000,1,pcm_u8,2730,0.17339038848876953
1778642845.2062266,809.207513332367,4660,rx,2730,16000,1,pcm_u8,2730,0.16732478141784668
1778642845.380123,809.3814096450806,4661,rx,2730,16000,1,pcm_u8,2730,0.17389631271362305
1778642845.5511465,809.5524332523346,4662,rx,2730,16000,1,pcm_u8,2730,0.17102360725402832
1778642845.7204616,809.7217483520508,4663,rx,2730,16000,1,pcm_u8,2730,0.16931509971618652
1778642845.8907342,809.8920209407806,4664,rx,2730,16000,1,pcm_u8,2730,0.1702725887298584
1778642846.0605698,810.061856508255,4665,rx,2730,16000,1,pcm_u8,2730,0.16983556747436523
1778642846.2309592,810.2322459220886,4666,rx,2730,16000,1,pcm_u8,2730,0.17038941383361816
1778642846.4042594,810.4055461883545,4667,rx,2730,16000,1,pcm_u8,2730,0.17330026626586914
1778642846.5732372,810.5745239257812,4668,rx,2730,16000,1,pcm_u8,2730,0.1689777374267578
1778642846.7439146,810.7452013492584,4669,rx,2730,16000,1,pcm_u8,2730,0.17067742347717285
1778642846.91656,810.9178466796875,4670,rx,2730,16000,1,pcm_u8,2730,0.17264533042907715
1778642847.0853999,811.0866866111755,4671,rx,2730,16000,1,pcm_u8,2730,0.1688399314880371
1778642847.255263,811.2565498352051,4672,rx,2730,16000,1,pcm_u8,2730,0.16986322402954102
1778642847.4265811,811.4278678894043,4673,rx,2730,16000,1,pcm_u8,2730,0.17131805419921875
1778642847.6053624,811.6066491603851,4674,rx,2730,16000,1,pcm_u8,2730,0.17878127098083496
1778642847.7677102,811.7689969539642,4675,rx,2730,16000,1,pcm_u8,2730,0.16234779357910156
1778642847.9347274,811.936014175415,4676,rx,2730,16000,1,pcm_u8,2730,0.16701722145080566
1778642848.108229,812.1095156669617,4677,rx,2730,16000,1,pcm_u8,2730,0.17350149154663086
1778642848.2749853,812.2762720584869,4678,rx,2730,16000,1,pcm_u8,2730,0.16675639152526855
1778642848.4495833,812.4508700370789,4679,rx,2730,16000,1,pcm_u8,2730,0.17459797859191895
1778642848.61687,812.618156671524,4680,rx,2730,16000,1,pcm_u8,2730,0.16728663444519043
1778642848.7881782,812.7894649505615,4681,rx,2730,16000,1,pcm_u8,2730,0.17130827903747559
1778642848.9596555,812.9609422683716,4682,rx,2730,16000,1,pcm_u8,2730,0.1714773178100586
1778642849.128699,813.1299858093262,4683,rx,2730,16000,1,pcm_u8,2730,0.16904354095458984
1778642849.3062832,813.3075699806213,4684,rx,2730,16000,1,pcm_u8,2730,0.17758417129516602
1778642849.4710348,813.4723215103149,4685,rx,2730,16000,1,pcm_u8,2730,0.16475152969360352
1778642849.6437182,813.6450049877167,4686,rx,2730,16000,1,pcm_u8,2730,0.1726834774017334
1778642849.8115144,813.8128011226654,4687,rx,2730,16000,1,pcm_u8,2730,0.16779613494873047
1778642849.983374,813.9846608638763,4688,rx,2730,16000,1,pcm_u8,2730,0.1718597412109375
1778642850.1529946,814.1542813777924,4689,rx,2730,16000,1,pcm_u8,2730,0.16962051391601562
1778642850.324185,814.3254716396332,4690,rx,2730,16000,1,pcm_u8,2730,0.1711902618408203
1778642850.5039115,814.5051982402802,4691,rx,2730,16000,1,pcm_u8,2730,0.17972660064697266
1778642850.6654441,814.6667308807373,4692,rx,2730,16000,1,pcm_u8,2730,0.16153264045715332
1778642850.8382802,814.8395669460297,4693,rx,2730,16000,1,pcm_u8,2730,0.1728360652923584
1778642851.0057983,815.0070850849152,4694,rx,2730,16000,1,pcm_u8,2730,0.16751813888549805
1778642851.1765327,815.1778194904327,4695,rx,2730,16000,1,pcm_u8,2730,0.17073440551757812
1778642851.349926,815.3512127399445,4696,rx,2730,16000,1,pcm_u8,2730,0.17339324951171875
1778642851.5183382,815.5196249485016,4697,rx,2730,16000,1,pcm_u8,2730,0.1684122085571289
1778642851.6922834,815.6935701370239,4698,rx,2730,16000,1,pcm_u8,2730,0.17394518852233887
1778642851.862485,815.8637716770172,4699,rx,2730,16000,1,pcm_u8,2730,0.17020153999328613
1778642852.030405,816.0316917896271,4700,rx,2730,16000,1,pcm_u8,2730,0.16792011260986328
1778642852.2020736,816.2033603191376,4701,rx,2730,16000,1,pcm_u8,2730,0.17166852951049805
1778642852.3714097,816.3726963996887,4702,rx,2730,16000,1,pcm_u8,2730,0.16933608055114746
1778642852.54234,816.5436267852783,4703,rx,2730,16000,1,pcm_u8,2730,0.1709303855895996
1778642852.7183032,816.7195899486542,4704,rx,2730,16000,1,pcm_u8,2730,0.1759631633758545
1778642852.8896673,816.8909540176392,4705,rx,2730,16000,1,pcm_u8,2730,0.17136406898498535
1778642853.0584095,817.0596961975098,4706,rx,2730,16000,1,pcm_u8,2730,0.16874217987060547
1778642853.2301686,817.2314553260803,4707,rx,2730,16000,1,pcm_u8,2730,0.17175912857055664
1778642853.4016721,817.4029588699341,4708,rx,2730,16000,1,pcm_u8,2730,0.17150354385375977
1778642853.5705276,817.5718142986298,4709,rx,2730,16000,1,pcm_u8,2730,0.1688554286956787
1778642853.7409031,817.7421898841858,4710,rx,2730,16000,1,pcm_u8,2730,0.17037558555603027
1778642853.9120882,817.9133749008179,4711,rx,2730,16000,1,pcm_u8,2730,0.17118501663208008
1778642854.09064,818.0919268131256,4712,rx,2730,16000,1,pcm_u8,2730,0.17855191230773926
1778642854.2576957,818.2589824199677,4713,rx,2730,16000,1,pcm_u8,2730,0.16705560684204102
1778642854.4249806,818.4262673854828,4714,rx,2730,16000,1,pcm_u8,2730,0.16728496551513672
1778642854.597372,818.5986588001251,4715,rx,2730,16000,1,pcm_u8,2730,0.17239141464233398
1778642854.765014,818.7663006782532,4716,rx,2730,16000,1,pcm_u8,2730,0.16764187812805176
1778642854.9385693,818.9398560523987,4717,rx,2730,16000,1,pcm_u8,2730,0.1735553741455078
1778642855.1076384,819.1089251041412,4718,rx,2730,16000,1,pcm_u8,2730,0.1690690517425537
1778642855.277168,819.2784547805786,4719,rx,2730,16000,1,pcm_u8,2730,0.16952967643737793
1778642855.4508157,819.4521024227142,4720,rx,2730,16000,1,pcm_u8,2730,0.17364764213562012
1778642855.6224947,819.6237814426422,4721,rx,2730,16000,1,pcm_u8,2730,0.17167901992797852
1778642855.78893,819.7902166843414,4722,rx,2730,16000,1,pcm_u8,2730,0.16643524169921875
1778642855.9587274,819.9600141048431,4723,rx,2730,16000,1,pcm_u8,2730,0.16979742050170898
1778642856.1296003,820.1308870315552,4724,rx,2730,16000,1,pcm_u8,2730,0.17087292671203613
1778642856.30359,820.3048768043518,4725,rx,2730,16000,1,pcm_u8,2730,0.17398977279663086
1778642856.4706943,820.471981048584,4726,rx,2730,16000,1,pcm_u8,2730,0.16710424423217773
1778642856.6481006,820.6493873596191,4727,rx,2730,16000,1,pcm_u8,2730,0.17740631103515625
1778642856.8175952,820.8188819885254,4728,rx,2730,16000,1,pcm_u8,2730,0.16949462890625
1778642856.9859288,820.9872155189514,4729,rx,2730,16000,1,pcm_u8,2730,0.1683335304260254
1778642857.1578918,821.1591784954071,4730,rx,2730,16000,1,pcm_u8,2730,0.17196297645568848
1778642857.3255382,821.3268249034882,4731,rx,2730,16000,1,pcm_u8,2730,0.1676464080810547
1778642857.4994519,821.500738620758,4732,rx,2730,16000,1,pcm_u8,2730,0.17391371726989746
1778642857.6661797,821.6674664020538,4733,rx,2730,16000,1,pcm_u8,2730,0.16672778129577637
1778642857.8395317,821.8408184051514,4734,rx,2730,16000,1,pcm_u8,2730,0.17335200309753418
1778642858.010795,822.012081861496,4735,rx,2730,16000,1,pcm_u8,2730,0.1712634563446045
1778642858.177419,822.1787056922913,4736,rx,2730,16000,1,pcm_u8,2730,0.16662383079528809
1778642858.3504553,822.3517420291901,4737,rx,2730,16000,1,pcm_u8,2730,0.1730363368988037
1778642858.519961,822.5212478637695,4738,rx,2730,16000,1,pcm_u8,2730,0.16950583457946777
1778642858.691561,822.6928477287292,4739,rx,2730,16000,1,pcm_u8,2730,0.1715998649597168
1778642858.8609104,822.8621971607208,4740,rx,2730,16000,1,pcm_u8,2730,0.16934943199157715
1778642859.0317395,823.0330262184143,4741,rx,2730,16000,1,pcm_u8,2730,0.17082905769348145
1778642859.2026057,823.2038924694061,4742,rx,2730,16000,1,pcm_u8,2730,0.1708662509918213
1778642859.372464,823.3737506866455,4743,rx,2730,16000,1,pcm_u8,2730,0.16985821723937988
1778642859.5496693,823.5509560108185,4744,rx,2730,16000,1,pcm_u8,2730,0.17720532417297363
1778642859.7134902,823.7147769927979,4745,rx,2730,16000,1,pcm_u8,2730,0.16382098197937012
1778642859.885328,823.8866147994995,4746,rx,2730,16000,1,pcm_u8,2730,0.17183780670166016
1778642860.0558193,824.0571060180664,4747,rx,2730,16000,1,pcm_u8,2730,0.17049121856689453
1778642860.2265556,824.2278423309326,4748,rx,2730,16000,1,pcm_u8,2730,0.17073631286621094
1778642860.397351,824.3986377716064,4749,rx,2730,16000,1,pcm_u8,2730,0.17079544067382812
1778642860.5700295,824.571316242218,4750,rx,2730,16000,1,pcm_u8,2730,0.17267847061157227
1778642860.7415044,824.7427911758423,4751,rx,2730,16000,1,pcm_u8,2730,0.17147493362426758
1778642860.909669,824.9109556674957,4752,rx,2730,16000,1,pcm_u8,2730,0.16816449165344238
1778642861.079708,825.0809948444366,4753,rx,2730,16000,1,pcm_u8,2730,0.17003917694091797
1778642861.252137,825.2534236907959,4754,rx,2730,16000,1,pcm_u8,2730,0.17242884635925293
1778642861.4202967,825.4215834140778,4755,rx,2730,16000,1,pcm_u8,2730,0.16815972328186035
1778642861.5949488,825.5962355136871,4756,rx,2730,16000,1,pcm_u8,2730,0.174652099609375
1778642861.7666352,825.7679219245911,4757,rx,2730,16000,1,pcm_u8,2730,0.17168641090393066
1778642861.9357924,825.9370791912079,4758,rx,2730,16000,1,pcm_u8,2730,0.1691572666168213
1778642862.105174,826.1064608097076,4759,rx,2730,16000,1,pcm_u8,2730,0.16938161849975586
1778642862.277566,826.2788527011871,4760,rx,2730,16000,1,pcm_u8,2730,0.1723918914794922
1778642862.4491184,826.4504051208496,4761,rx,2730,16000,1,pcm_u8,2730,0.17155241966247559
1778642862.6168258,826.6181125640869,4762,rx,2730,16000,1,pcm_u8,2730,0.1677074432373047
1778642862.786372,826.7876586914062,4763,rx,2730,16000,1,pcm_u8,2730,0.16954612731933594
1778642862.9588478,826.9601345062256,4764,rx,2730,16000,1,pcm_u8,2730,0.17247581481933594
1778642863.1241996,827.1254863739014,4765,rx,2730,16000,1,pcm_u8,2730,0.16535186767578125
1778642863.2985206,827.2998073101044,4766,rx,2730,16000,1,pcm_u8,2730,0.17432093620300293
1778642863.4711654,827.4724521636963,4767,rx,2730,16000,1,pcm_u8,2730,0.17264485359191895
1778642863.6360364,827.637323141098,4768,rx,2730,16000,1,pcm_u8,2730,0.1648709774017334
1778642863.8069255,827.8082122802734,4769,rx,2730,16000,1,pcm_u8,2730,0.17088913917541504
1778642863.978892,827.9801788330078,4770,rx,2730,16000,1,pcm_u8,2730,0.171966552734375
1778642864.1504962,828.151782989502,4771,rx,2730,16000,1,pcm_u8,2730,0.17160415649414062
1778642864.3198416,828.3211283683777,4772,rx,2730,16000,1,pcm_u8,2730,0.16934537887573242
1778642864.4914806,828.4927673339844,4773,rx,2730,16000,1,pcm_u8,2730,0.17163896560668945
1778642864.6601899,828.6614766120911,4774,rx,2730,16000,1,pcm_u8,2730,0.16870927810668945
1778642864.830685,828.8319716453552,4775,rx,2730,16000,1,pcm_u8,2730,0.17049503326416016
1778642865.0015845,829.0028712749481,4776,rx,2730,16000,1,pcm_u8,2730,0.1708996295928955
1778642865.1735883,829.1748750209808,4777,rx,2730,16000,1,pcm_u8,2730,0.17200374603271484
1778642865.3455105,829.3467972278595,4778,rx,2730,16000,1,pcm_u8,2730,0.1719222068786621
1778642865.5170262,829.5183129310608,4779,rx,2730,16000,1,pcm_u8,2730,0.17151570320129395
1778642865.6847377,829.6860244274139,4780,rx,2730,16000,1,pcm_u8,2730,0.16771149635314941
1778642865.855807,829.8570938110352,4781,rx,2730,16000,1,pcm_u8,2730,0.17106938362121582
1778642866.0255764,830.0268630981445,4782,rx,2730,16000,1,pcm_u8,2730,0.169769287109375
1778642866.1978106,830.1990973949432,4783,rx,2730,16000,1,pcm_u8,2730,0.17223429679870605
1778642866.366968,830.3682546615601,4784,rx,2730,16000,1,pcm_u8,2730,0.1691572666168213
1778642866.538483,830.5397696495056,4785,rx,2730,16000,1,pcm_u8,2730,0.17151498794555664
1778642866.708429,830.7097158432007,4786,rx,2730,16000,1,pcm_u8,2730,0.16994619369506836
1778642866.8788276,830.8801143169403,4787,rx,2730,16000,1,pcm_u8,2730,0.17039847373962402
1778642867.0502298,831.051516532898,4788,rx,2730,16000,1,pcm_u8,2730,0.1714022159576416
1778642867.2199445,831.2212312221527,4789,rx,2730,16000,1,pcm_u8,2730,0.16971468925476074
1778642867.397248,831.3985347747803,4790,rx,2730,16000,1,pcm_u8,2730,0.17730355262756348
1778642867.5666313,831.5679180622101,4791,rx,2730,16000,1,pcm_u8,2730,0.16938328742980957
1778642867.739456,831.7407426834106,4792,rx,2730,16000,1,pcm_u8,2730,0.17282462120056152
1778642867.906246,831.9075326919556,4793,rx,2730,16000,1,pcm_u8,2730,0.16679000854492188
1778642868.0783465,832.0796332359314,4794,rx,2730,16000,1,pcm_u8,2730,0.17210054397583008
1778642868.2492044,832.250491142273,4795,rx,2730,16000,1,pcm_u8,2730,0.17085790634155273
1778642868.4220388,832.4233255386353,4796,rx,2730,16000,1,pcm_u8,2730,0.1728343963623047
1778642868.5951283,832.5964150428772,4797,rx,2730,16000,1,pcm_u8,2730,0.17308950424194336
1778642868.760322,832.761608839035,4798,rx,2730,16000,1,pcm_u8,2730,0.16519379615783691
1778642868.9319894,832.9332761764526,4799,rx,2730,16000,1,pcm_u8,2730,0.17166733741760254
1778642869.10203,833.103316783905,4800,rx,2730,16000,1,pcm_u8,2730,0.17004060745239258
1778642869.2722197,833.2735064029694,4801,rx,2730,16000,1,pcm_u8,2730,0.17018961906433105
1778642869.4465015,833.4477882385254,4802,rx,2730,16000,1,pcm_u8,2730,0.17428183555603027
1778642869.6128976,833.6141843795776,4803,rx,2730,16000,1,pcm_u8,2730,0.1663961410522461
1778642869.787085,833.7883718013763,4804,rx,2730,16000,1,pcm_u8,2730,0.17418742179870605
1778642869.9547668,833.9560534954071,4805,rx,2730,16000,1,pcm_u8,2730,0.16768169403076172
1778642870.1255,834.1267867088318,4806,rx,2730,16000,1,pcm_u8,2730,0.17073321342468262
1778642870.30094,834.3022267818451,4807,rx,2730,16000,1,pcm_u8,2730,0.17544007301330566
1778642870.4682527,834.4695394039154,4808,rx,2730,16000,1,pcm_u8,2730,0.1673126220703125
1778642870.6377523,834.6390390396118,4809,rx,2730,16000,1,pcm_u8,2730,0.16949963569641113
1778642870.808806,834.8100926876068,4810,rx,2730,16000,1,pcm_u8,2730,0.17105364799499512
1778642870.9789126,834.9801993370056,4811,rx,2730,16000,1,pcm_u8,2730,0.1701066493988037
1778642871.1499236,835.151210308075,4812,rx,2730,16000,1,pcm_u8,2730,0.17101097106933594
1778642871.320428,835.3217146396637,4813,rx,2730,16000,1,pcm_u8,2730,0.17050433158874512
1778642871.491414,835.4927008152008,4814,rx,2730,16000,1,pcm_u8,2730,0.17098617553710938
1778642871.6594687,835.6607553958893,4815,rx,2730,16000,1,pcm_u8,2730,0.16805458068847656
1778642871.8285108,835.8297975063324,4816,rx,2730,16000,1,pcm_u8,2730,0.16904211044311523
1778642872.0025249,836.0038115978241,4817,rx,2730,16000,1,pcm_u8,2730,0.17401409149169922
1778642872.1699555,836.1712422370911,4818,rx,2730,16000,1,pcm_u8,2730,0.16743063926696777
1778642872.3405259,836.3418126106262,4819,rx,2730,16000,1,pcm_u8,2730,0.17057037353515625
1778642872.5112853,836.5125720500946,4820,rx,2730,16000,1,pcm_u8,2730,0.1707594394683838
1778642872.6830344,836.6843211650848,4821,rx,2730,16000,1,pcm_u8,2730,0.17174911499023438
1778642872.8538773,836.8551640510559,4822,rx,2730,16000,1,pcm_u8,2730,0.17084288597106934
1778642873.022701,837.0239877700806,4823,rx,2730,16000,1,pcm_u8,2730,0.1688237190246582
1778642873.1992211,837.2005078792572,4824,rx,2730,16000,1,pcm_u8,2730,0.17652010917663574
1778642873.3643944,837.3656811714172,4825,rx,2730,16000,1,pcm_u8,2730,0.16517329216003418
1778642873.5365214,837.5378081798553,4826,rx,2730,16000,1,pcm_u8,2730,0.17212700843811035
1778642873.707056,837.7083427906036,4827,rx,2730,16000,1,pcm_u8,2730,0.17053461074829102
1778642873.876411,837.8776977062225,4828,rx,2730,16000,1,pcm_u8,2730,0.16935491561889648
1778642874.050841,838.0521278381348,4829,rx,2730,16000,1,pcm_u8,2730,0.17443013191223145
1778642874.217697,838.2189836502075,4830,rx,2730,16000,1,pcm_u8,2730,0.1668558120727539
1778642874.397452,838.398738861084,4831,rx,2730,16000,1,pcm_u8,2730,0.17975521087646484
1778642874.5590777,838.560364484787,4832,rx,2730,16000,1,pcm_u8,2730,0.16162562370300293
1778642874.7319405,838.7332272529602,4833,rx,2730,16000,1,pcm_u8,2730,0.17286276817321777
1778642874.9018226,838.9031093120575,4834,rx,2730,16000,1,pcm_u8,2730,0.16988205909729004
1778642875.0716546,839.0729413032532,4835,rx,2730,16000,1,pcm_u8,2730,0.1698319911956787
1778642875.2460577,839.247344493866,4836,rx,2730,16000,1,pcm_u8,2730,0.17440319061279297
1778642875.4124484,839.4137351512909,4837,rx,2730,16000,1,pcm_u8,2730,0.16639065742492676
1778642875.586551,839.5878376960754,4838,rx,2730,16000,1,pcm_u8,2730,0.1741025447845459
1778642875.7581997,839.7594864368439,4839,rx,2730,16000,1,pcm_u8,2730,0.17164874076843262
1778642875.9250717,839.92635846138,4840,rx,2730,16000,1,pcm_u8,2730,0.1668720245361328
1778642876.0976493,840.0989360809326,4841,rx,2730,16000,1,pcm_u8,2730,0.1725776195526123
1778642876.2675352,840.2688219547272,4842,rx,2730,16000,1,pcm_u8,2730,0.16988587379455566
1778642876.4463754,840.447662115097,4843,rx,2730,16000,1,pcm_u8,2730,0.17884016036987305
1778642876.6139858,840.6152725219727,4844,rx,2730,16000,1,pcm_u8,2730,0.16761040687561035
1778642876.7826774,840.7839641571045,4845,rx,2730,16000,1,pcm_u8,2730,0.16869163513183594
1778642876.9522636,840.9535503387451,4846,rx,2730,16000,1,pcm_u8,2730,0.169586181640625
1778642877.1231658,841.1244525909424,4847,rx,2730,16000,1,pcm_u8,2730,0.17090225219726562
1778642877.2960765,841.29736328125,4848,rx,2730,16000,1,pcm_u8,2730,0.1729106903076172
1778642877.4636886,841.4649753570557,4849,rx,2730,16000,1,pcm_u8,2730,0.16761207580566406
1778642877.6387672,841.640053987503,4850,rx,2730,16000,1,pcm_u8,2730,0.1750786304473877
1778642877.8074958,841.8087825775146,4851,rx,2730,16000,1,pcm_u8,2730,0.16872859001159668
1778642877.977513,841.9787998199463,4852,rx,2730,16000,1,pcm_u8,2730,0.17001724243164062
1778642878.1478724,842.1491591930389,4853,rx,2730,16000,1,pcm_u8,2730,0.17035937309265137
1778642878.3240454,842.3253321647644,4854,rx,2730,16000,1,pcm_u8,2730,0.17617297172546387
1778642878.4915302,842.4928169250488,4855,rx,2730,16000,1,pcm_u8,2730,0.16748476028442383
1778642878.6593099,842.6605966091156,4856,rx,2730,16000,1,pcm_u8,2730,0.16777968406677246
1778642878.8349817,842.8362684249878,4857,rx,2730,16000,1,pcm_u8,2730,0.17567181587219238
1778642879.0022848,843.0035715103149,4858,rx,2730,16000,1,pcm_u8,2730,0.16730308532714844
1778642879.172922,843.1742086410522,4859,rx,2730,16000,1,pcm_u8,2730,0.1706371307373047
1778642879.343329,843.3446156978607,4860,rx,2730,16000,1,pcm_u8,2730,0.17040705680847168
1778642879.5130932,843.5143799781799,4861,rx,2730,16000,1,pcm_u8,2730,0.16976428031921387
1778642879.6876493,843.6889359951019,4862,rx,2730,16000,1,pcm_u8,2730,0.17455601692199707
1778642879.8543572,843.8556439876556,4863,rx,2730,16000,1,pcm_u8,2730,0.16670799255371094
1778642880.0240202,844.0253069400787,4864,rx,2730,16000,1,pcm_u8,2730,0.1696629524230957
1778642880.1972976,844.198584318161,4865,rx,2730,16000,1,pcm_u8,2730,0.1732773780822754
1778642880.371665,844.3729517459869,4866,rx,2730,16000,1,pcm_u8,2730,0.17436742782592773
1778642880.5436838,844.5449705123901,4867,rx,2730,16000,1,pcm_u8,2730,0.17201876640319824
1778642880.7110214,844.7123081684113,4868,rx,2730,16000,1,pcm_u8,2730,0.16733765602111816
1778642880.8784294,844.8797161579132,4869,rx,2730,16000,1,pcm_u8,2730,0.16740798950195312
1778642881.0497031,845.0509898662567,4870,rx,2730,16000,1,pcm_u8,2730,0.17127370834350586
1778642881.2183712,845.2196578979492,4871,rx,2730,16000,1,pcm_u8,2730,0.16866803169250488
1778642881.3923993,845.3936860561371,4872,rx,2730,16000,1,pcm_u8,2730,0.1740281581878662
1778642881.5624142,845.5637009143829,4873,rx,2730,16000,1,pcm_u8,2730,0.1700148582458496
1778642881.7310877,845.7323744297028,4874,rx,2730,16000,1,pcm_u8,2730,0.16867351531982422
1778642881.9078236,845.9091103076935,4875,rx,2730,16000,1,pcm_u8,2730,0.17673587799072266
1778642882.0726116,846.0738983154297,4876,rx,2730,16000,1,pcm_u8,2730,0.16478800773620605
1778642882.2445943,846.2458810806274,4877,rx,2730,16000,1,pcm_u8,2730,0.1719827651977539
1778642882.4138105,846.4150972366333,4878,rx,2730,16000,1,pcm_u8,2730,0.16921615600585938
1778642882.5865233,846.5878100395203,4879,rx,2730,16000,1,pcm_u8,2730,0.1727128028869629
1778642882.7566164,846.7579030990601,4880,rx,2730,16000,1,pcm_u8,2730,0.17009305953979492
1778642882.9309552,846.9322419166565,4881,rx,2730,16000,1,pcm_u8,2730,0.17433881759643555
1778642883.103604,847.1048908233643,4882,rx,2730,16000,1,pcm_u8,2730,0.17264890670776367
1778642883.26772,847.269006729126,4883,rx,2730,16000,1,pcm_u8,2730,0.16411590576171875
1778642883.4418674,847.4431540966034,4884,rx,2730,16000,1,pcm_u8,2730,0.174147367477417
1778642883.611436,847.6127226352692,4885,rx,2730,16000,1,pcm_u8,2730,0.16956853866577148
1778642883.78199,847.7832767963409,4886,rx,2730,16000,1,pcm_u8,2730,0.17055416107177734
1778642883.9550996,847.9563863277435,4887,rx,2730,16000,1,pcm_u8,2730,0.1731095314025879
1778642884.1216924,848.1229791641235,4888,rx,2730,16000,1,pcm_u8,2730,0.16659283638000488
1778642884.2925258,848.2938125133514,4889,rx,2730,16000,1,pcm_u8,2730,0.17083334922790527
1778642884.4675221,848.468808889389,4890,rx,2730,16000,1,pcm_u8,2730,0.17499637603759766
1778642884.6333015,848.6345882415771,4891,rx,2730,16000,1,pcm_u8,2730,0.16577935218811035
1778642884.802842,848.8041286468506,4892,rx,2730,16000,1,pcm_u8,2730,0.1695404052734375
1778642884.979675,848.9809617996216,4893,rx,2730,16000,1,pcm_u8,2730,0.1768331527709961
1778642885.142537,849.1438238620758,4894,rx,2730,16000,1,pcm_u8,2730,0.16286206245422363
1778642885.312078,849.3133647441864,4895,rx,2730,16000,1,pcm_u8,2730,0.1695408821105957
1778642885.4832947,849.4845814704895,4896,rx,2730,16000,1,pcm_u8,2730,0.17121672630310059
1778642885.6533947,849.6546814441681,4897,rx,2730,16000,1,pcm_u8,2730,0.17009997367858887
1778642885.8235826,849.8248693943024,4898,rx,2730,16000,1,pcm_u8,2730,0.17018795013427734
1778642885.9951663,849.9964530467987,4899,rx,2730,16000,1,pcm_u8,2730,0.1715836524963379
1778642886.1652746,850.1665613651276,4900,rx,2730,16000,1,pcm_u8,2730,0.17010831832885742
1778642886.3479385,850.3492252826691,4901,rx,2730,16000,1,pcm_u8,2730,0.1826639175415039
1778642886.5103405,850.5116271972656,4902,rx,2730,16000,1,pcm_u8,2730,0.16240191459655762
1778642887.541498,851.5427846908569,4903,rx,2730,16000,1,pcm_u8,2730,1.0311574935913086
1778642887.7068782,851.7081649303436,4904,rx,2730,16000,1,pcm_u8,2730,0.16538023948669434
1778642887.8717744,851.8730611801147,4905,rx,2730,16000,1,pcm_u8,2730,0.16489624977111816
1778642888.0431778,852.0444645881653,4906,rx,2730,16000,1,pcm_u8,2730,0.1714034080505371
1778642888.2135773,852.2148640155792,4907,rx,2730,16000,1,pcm_u8,2730,0.17039942741394043
1778642888.3844492,852.385735988617,4908,rx,2730,16000,1,pcm_u8,2730,0.17087197303771973
1778642888.556515,852.5578017234802,4909,rx,2730,16000,1,pcm_u8,2730,0.17206573486328125
1778642888.7264192,852.7277059555054,4910,rx,2730,16000,1,pcm_u8,2730,0.16990423202514648
1778642888.8984005,852.8996872901917,4911,rx,2730,16000,1,pcm_u8,2730,0.1719813346862793
1778642889.0688806,853.0701673030853,4912,rx,2730,16000,1,pcm_u8,2730,0.17048001289367676
1778642889.239675,853.2409617900848,4913,rx,2730,16000,1,pcm_u8,2730,0.17079448699951172
1778642889.4079924,853.4092791080475,4914,rx,2730,16000,1,pcm_u8,2730,0.16831731796264648
1778642889.5806403,853.5819270610809,4915,rx,2730,16000,1,pcm_u8,2730,0.17264795303344727
1778642889.7494433,853.7507300376892,4916,rx,2730,16000,1,pcm_u8,2730,0.16880297660827637
1778642889.9204352,853.9217219352722,4917,rx,2730,16000,1,pcm_u8,2730,0.1709918975830078
1778642890.1005127,854.1017994880676,4918,rx,2730,16000,1,pcm_u8,2730,0.18007755279541016
1778642890.2663815,854.2676682472229,4919,rx,2730,16000,1,pcm_u8,2730,0.16586875915527344
1778642890.436265,854.4375517368317,4920,rx,2730,16000,1,pcm_u8,2730,0.16988348960876465
1778642890.6058953,854.6071820259094,4921,rx,2730,16000,1,pcm_u8,2730,0.1696302890777588
1778642890.7916105,854.7928972244263,4922,rx,2730,16000,1,pcm_u8,2730,0.1857151985168457
1778642890.9479234,854.9492101669312,4923,rx,2730,16000,1,pcm_u8,2730,0.1563129425048828
1778642891.1191776,855.1204643249512,4924,rx,2730,16000,1,pcm_u8,2730,0.17125415802001953
1778642891.2921858,855.2934725284576,4925,rx,2730,16000,1,pcm_u8,2730,0.17300820350646973
1778642891.4647603,855.4660470485687,4926,rx,2730,16000,1,pcm_u8,2730,0.17257452011108398
1778642891.6357017,855.636988401413,4927,rx,2730,16000,1,pcm_u8,2730,0.17094135284423828
1778642891.8139648,855.8152515888214,4928,rx,2730,16000,1,pcm_u8,2730,0.17826318740844727
1778642892.0162344,856.0175211429596,4929,rx,2730,16000,1,pcm_u8,2730,0.2022695541381836
1778642892.1670916,856.1683783531189,4930,rx,2730,16000,1,pcm_u8,2730,0.15085721015930176
1778642892.331964,856.3332507610321,4931,rx,2730,16000,1,pcm_u8,2730,0.164872407913208
1778642892.4950984,856.4963850975037,4932,rx,2730,16000,1,pcm_u8,2730,0.16313433647155762
1778642892.6592116,856.660498380661,4933,rx,2730,16000,1,pcm_u8,2730,0.16411328315734863
1778642892.8268828,856.8281695842743,4934,rx,2730,16000,1,pcm_u8,2730,0.16767120361328125
1778642892.9995897,857.0008764266968,4935,rx,2730,16000,1,pcm_u8,2730,0.17270684242248535
1778642893.1715593,857.1728460788727,4936,rx,2730,16000,1,pcm_u8,2730,0.17196965217590332
1778642893.3439395,857.3452262878418,4937,rx,2730,16000,1,pcm_u8,2730,0.1723802089691162
1778642893.5071094,857.5083961486816,4938,rx,2730,16000,1,pcm_u8,2730,0.16316986083984375
1778642893.6833174,857.6846041679382,4939,rx,2730,16000,1,pcm_u8,2730,0.1762080192565918
1778642893.8490171,857.8503038883209,4940,rx,2730,16000,1,pcm_u8,2730,0.16569972038269043
1778642894.0206964,858.0219831466675,4941,rx,2730,16000,1,pcm_u8,2730,0.17167925834655762
1778642894.1905658,858.1918525695801,4942,rx,2730,16000,1,pcm_u8,2730,0.16986942291259766
1778642894.3620634,858.3633501529694,4943,rx,2730,16000,1,pcm_u8,2730,0.17149758338928223
1778642894.536185,858.5374717712402,4944,rx,2730,16000,1,pcm_u8,2730,0.17412161827087402
1778642894.7069497,858.7082364559174,4945,rx,2730,16000,1,pcm_u8,2730,0.17076468467712402
1778642894.8764305,858.877717256546,4946,rx,2730,16000,1,pcm_u8,2730,0.1694808006286621
1778642895.0438395,859.0451261997223,4947,rx,2730,16000,1,pcm_u8,2730,0.16740894317626953
1778642895.2126346,859.2139213085175,4948,rx,2730,16000,1,pcm_u8,2730,0.16879510879516602
1778642895.388757,859.3900437355042,4949,rx,2730,16000,1,pcm_u8,2730,0.17612242698669434
1778642895.554586,859.5558726787567,4950,rx,2730,16000,1,pcm_u8,2730,0.16582894325256348
1778642895.73169,859.7329766750336,4951,rx,2730,16000,1,pcm_u8,2730,0.17710399627685547
1778642895.893315,859.8946018218994,4952,rx,2730,16000,1,pcm_u8,2730,0.16162514686584473
1778642896.0644023,860.0656890869141,4953,rx,2730,16000,1,pcm_u8,2730,0.17108726501464844
1778642896.2404118,860.2416985034943,4954,rx,2730,16000,1,pcm_u8,2730,0.1760094165802002
1778642896.4057488,860.4070355892181,4955,rx,2730,16000,1,pcm_u8,2730,0.16533708572387695
1778642896.580634,860.5819208621979,4956,rx,2730,16000,1,pcm_u8,2730,0.17488527297973633
1778642896.7504237,860.7517104148865,4957,rx,2730,16000,1,pcm_u8,2730,0.16978955268859863
1778642896.917259,860.9185457229614,4958,rx,2730,16000,1,pcm_u8,2730,0.16683530807495117
1778642897.088883,861.0901696681976,4959,rx,2730,16000,1,pcm_u8,2730,0.17162394523620605
1778642897.2601552,861.2614419460297,4960,rx,2730,16000,1,pcm_u8,2730,0.17127227783203125
1778642897.4311478,861.4324345588684,4961,rx,2730,16000,1,pcm_u8,2730,0.17099261283874512
1778642897.6019337,861.6032204627991,4962,rx,2730,16000,1,pcm_u8,2730,0.17078590393066406
1778642897.7732496,861.7745363712311,4963,rx,2730,16000,1,pcm_u8,2730,0.17131590843200684
1778642897.9421976,861.9434843063354,4964,rx,2730,16000,1,pcm_u8,2730,0.16894793510437012
1778642898.1119578,862.1132445335388,4965,rx,2730,16000,1,pcm_u8,2730,0.16976022720336914
1778642898.288329,862.2896156311035,4966,rx,2730,16000,1,pcm_u8,2730,0.17637109756469727
1778642898.4534442,862.4547309875488,4967,rx,2730,16000,1,pcm_u8,2730,0.1651153564453125
1778642898.6271787,862.6284654140472,4968,rx,2730,16000,1,pcm_u8,2730,0.17373442649841309
1778642898.798126,862.799412727356,4969,rx,2730,16000,1,pcm_u8,2730,0.17094731330871582
1778642898.965907,862.9671938419342,4970,rx,2730,16000,1,pcm_u8,2730,0.16778111457824707
1778642899.1484997,863.1497864723206,4971,rx,2730,16000,1,pcm_u8,2730,0.18259263038635254
1778642899.3073494,863.3086361885071,4972,rx,2730,16000,1,pcm_u8,2730,0.15884971618652344
1778642899.4795978,863.480884552002,4973,rx,2730,16000,1,pcm_u8,2730,0.17224836349487305
1778642899.6491773,863.6504640579224,4974,rx,2730,16000,1,pcm_u8,2730,0.16957950592041016
1778642899.8280673,863.8293540477753,4975,rx,2730,16000,1,pcm_u8,2730,0.17888998985290527
1778642899.99584,863.9971268177032,4976,rx,2730,16000,1,pcm_u8,2730,0.16777276992797852
1778642900.160575,864.1618616580963,4977,rx,2730,16000,1,pcm_u8,2730,0.1647348403930664
1778642900.3375998,864.3388864994049,4978,rx,2730,16000,1,pcm_u8,2730,0.17702484130859375
1778642900.5018234,864.5031101703644,4979,rx,2730,16000,1,pcm_u8,2730,0.16422367095947266
1778642900.6736238,864.6749105453491,4980,rx,2730,16000,1,pcm_u8,2730,0.1718003749847412
1778642900.861818,864.8631048202515,4981,rx,2730,16000,1,pcm_u8,2730,0.18819427490234375
1778642901.0570533,865.0583400726318,4982,rx,2730,16000,1,pcm_u8,2730,0.1952352523803711
1778642901.1854365,865.1867232322693,4983,rx,2730,16000,1,pcm_u8,2730,0.12838315963745117
1778642901.372128,865.3734147548676,4984,rx,2730,16000,1,pcm_u8,2730,0.1866915225982666
1778642901.5309315,865.5322182178497,4985,rx,2730,16000,1,pcm_u8,2730,0.15880346298217773
1778642901.6966758,865.6979625225067,4986,rx,2730,16000,1,pcm_u8,2730,0.16574430465698242
1778642901.866925,865.8682117462158,4987,rx,2730,16000,1,pcm_u8,2730,0.17024922370910645
1778642902.0509589,866.0522456169128,4988,rx,2730,16000,1,pcm_u8,2730,0.18403387069702148
1778642902.2518153,866.2531020641327,4989,rx,2730,16000,1,pcm_u8,2730,0.20085644721984863
1778642902.461756,866.4630427360535,4990,rx,2730,16000,1,pcm_u8,2730,0.20994067192077637
1778642902.6731458,866.674432516098,4991,rx,2730,16000,1,pcm_u8,2730,0.21138978004455566
1778642902.8713412,866.8726279735565,4992,rx,2730,16000,1,pcm_u8,2730,0.1981954574584961
1778642902.9041576,866.9054443836212,4993,rx,2730,16000,1,pcm_u8,2730,0.032816410064697266
1778642903.0906417,867.0919284820557,4994,rx,2730,16000,1,pcm_u8,2730,0.18648409843444824
1778642903.2996438,867.3009305000305,4995,rx,2730,16000,1,pcm_u8,2730,0.20900201797485352
1778642903.499402,867.500688791275,4996,rx,2730,16000,1,pcm_u8,2730,0.19975829124450684
1778642903.6968343,867.6981210708618,4997,rx,2730,16000,1,pcm_u8,2730,0.197432279586792
1778642903.9010224,867.902309179306,4998,rx,2730,16000,1,pcm_u8,2730,0.20418810844421387
1778642903.921768,867.9230546951294,4999,rx,2730,16000,1,pcm_u8,2730,0.020745515823364258
1778642904.1245022,868.1257889270782,5000,rx,2730,16000,1,pcm_u8,2730,0.20273423194885254
1778642904.3271878,868.328474521637,5001,rx,2730,16000,1,pcm_u8,2730,0.20268559455871582
1778642904.5275464,868.5288331508636,5002,rx,2730,16000,1,pcm_u8,2730,0.20035862922668457
1778642904.7383938,868.7396805286407,5003,rx,2730,16000,1,pcm_u8,2730,0.2108473777770996
1778642904.7692018,868.7704885005951,5004,rx,2730,16000,1,pcm_u8,2730,0.030807971954345703
1778642904.974789,868.9760756492615,5005,rx,2730,16000,1,pcm_u8,2730,0.20558714866638184
1778642905.1457205,869.147007226944,5006,rx,2730,16000,1,pcm_u8,2730,0.17093157768249512
1778642905.3724167,869.3737034797668,5007,rx,2730,16000,1,pcm_u8,2730,0.22669625282287598
1778642905.5551856,869.5564723014832,5008,rx,2730,16000,1,pcm_u8,2730,0.1827688217163086
1778642905.7527742,869.7540609836578,5009,rx,2730,16000,1,pcm_u8,2730,0.19758868217468262
1778642905.7964082,869.7976949214935,5010,rx,2730,16000,1,pcm_u8,2730,0.04363393783569336
1778642905.9795928,869.9808795452118,5011,rx,2730,16000,1,pcm_u8,2730,0.18318462371826172
1778642906.1911857,870.1924724578857,5012,rx,2730,16000,1,pcm_u8,2730,0.2115929126739502
1778642906.388257,870.3895437717438,5013,rx,2730,16000,1,pcm_u8,2730,0.19707131385803223
1778642906.5852838,870.5865705013275,5014,rx,2730,16000,1,pcm_u8,2730,0.19702672958374023
1778642906.7923484,870.7936351299286,5015,rx,2730,16000,1,pcm_u8,2730,0.20706462860107422
1778642906.8224747,870.8237614631653,5016,rx,2730,16000,1,pcm_u8,2730,0.030126333236694336
1778642907.0169318,871.0182185173035,5017,rx,2730,16000,1,pcm_u8,2730,0.1944570541381836
1778642907.1631315,871.16441822052,5018,rx,2730,16000,1,pcm_u8,2730,0.14619970321655273
1778642907.3445258,871.3458125591278,5019,rx,2730,16000,1,pcm_u8,2730,0.18139433860778809
1778642907.5088537,871.5101404190063,5020,rx,2730,16000,1,pcm_u8,2730,0.16432785987854004
1778642907.6808379,871.6821246147156,5021,rx,2730,16000,1,pcm_u8,2730,0.17198419570922852
1778642907.8486927,871.8499794006348,5022,rx,2730,16000,1,pcm_u8,2730,0.16785478591918945
1778642908.0147948,872.016081571579,5023,rx,2730,16000,1,pcm_u8,2730,0.16610217094421387
1778642908.1864705,872.1877572536469,5024,rx,2730,16000,1,pcm_u8,2730,0.1716756820678711
1778642908.3568065,872.3580932617188,5025,rx,2730,16000,1,pcm_u8,2730,0.17033600807189941
1778642908.5319614,872.5332481861115,5026,rx,2730,16000,1,pcm_u8,2730,0.1751549243927002
1778642908.7012966,872.7025833129883,5027,rx,2730,16000,1,pcm_u8,2730,0.16933512687683105
1778642908.870087,872.8713736534119,5028,rx,2730,16000,1,pcm_u8,2730,0.16879034042358398
1778642909.0415223,873.042809009552,5029,rx,2730,16000,1,pcm_u8,2730,0.17143535614013672
1778642909.2068417,873.208128452301,5030,rx,2730,16000,1,pcm_u8,2730,0.16531944274902344
1778642909.3797977,873.3810844421387,5031,rx,2730,16000,1,pcm_u8,2730,0.17295598983764648
1778642909.5478647,873.5491514205933,5032,rx,2730,16000,1,pcm_u8,2730,0.16806697845458984
1778642909.7224102,873.7236969470978,5033,rx,2730,16000,1,pcm_u8,2730,0.1745455265045166
1778642909.892274,873.8935606479645,5034,rx,2730,16000,1,pcm_u8,2730,0.16986370086669922
1778642910.0603795,874.0616662502289,5035,rx,2730,16000,1,pcm_u8,2730,0.1681056022644043
1778642910.2349641,874.2362508773804,5036,rx,2730,16000,1,pcm_u8,2730,0.17458462715148926
1778642910.4010367,874.4023234844208,5037,rx,2730,16000,1,pcm_u8,2730,0.16607260704040527
1778642910.572643,874.5739297866821,5038,rx,2730,16000,1,pcm_u8,2730,0.17160630226135254
1778642910.742453,874.7437398433685,5039,rx,2730,16000,1,pcm_u8,2730,0.16981005668640137
1778642910.9136674,874.9149541854858,5040,rx,2730,16000,1,pcm_u8,2730,0.17121434211730957
1778642911.090979,875.0922658443451,5041,rx,2730,16000,1,pcm_u8,2730,0.17731165885925293
1778642911.254931,875.2562177181244,5042,rx,2730,16000,1,pcm_u8,2730,0.16395187377929688
1778642911.4252868,875.4265735149384,5043,rx,2730,16000,1,pcm_u8,2730,0.17035579681396484
